{
"type": "FeatureCollection",
"name": "dipi",
"crs": { "type": "name", "properties": { "name": "urn:ogc:def:crs:OGC:1.3:CRS84" } },
"features": [
{ "type": "Feature", "properties": { "name": "Kota Kinabalu", "place": "city", "pop_2km": 43163, "seasonal_water_px": 241, "flood_prone": true, "rwi": 1.0655, "elevation_m": 11.0, "settlement_id": "S0000", "dl_mbps": 210.1005, "ul_mbps": 41.881, "latency_ms": 36.5, "n_tests": 10554, "n_tiles": 26, "evidence_tier": "measured", "n_schools_3km": 15, "n_clinics_3km": 14, "p_connectivity": 0.038150807899461403, "p_population": 0.98204667863554762, "p_institutions": 0.99012567324955114, "p_equity": 0.024223034734917732, "dipi": 41.4, "rank": 845.0, "stakes_score": null, "gap_rank": null }, "geometry": { "type": "Point", "coordinates": [ 116.0728988, 5.9780066 ] } },
{ "type": "Feature", "properties": { "name": "Telaga", "place": "village", "pop_2km": 1367, "seasonal_water_px": 75, "flood_prone": true, "rwi": 0.1205, "elevation_m": 7.0, "settlement_id": "S0004", "dl_mbps": 47.646, "ul_mbps": 16.534, "latency_ms": 43.0, "n_tests": 5, "n_tiles": 2, "evidence_tier": "low_evidence", "n_schools_3km": 0, "n_clinics_3km": 0, "p_connectivity": 0.47396768402154399, "p_population": 0.5731597845601436, "p_institutions": 0.2755834829443447, "p_equity": 0.36106032906764168, "dipi": 44.6, "rank": 723.0, "stakes_score": null, "gap_rank": null }, "geometry": { "type": "Point", "coordinates": [ 117.0723261, 6.839631 ] } },
{ "type": "Feature", "properties": { "name": "Mangkubau Laut", "place": "village", "pop_2km": 0, "seasonal_water_px": 14, "flood_prone": true, "rwi": -0.55, "elevation_m": 19.0, "settlement_id": "S0007", "dl_mbps": 3.619, "ul_mbps": 0.624, "latency_ms": 62.5, "n_tests": 5, "n_tiles": 4, "evidence_tier": "low_evidence", "n_schools_3km": 0, "n_clinics_3km": 0, "p_connectivity": 0.99012567324955114, "p_population": 0.043536804308797125, "p_institutions": 0.2755834829443447, "p_equity": 0.95338208409506398, "dipi": 63.9, "rank": 117.0, "stakes_score": null, "gap_rank": null }, "geometry": { "type": "Point", "coordinates": [ 117.1307734, 6.976774 ] } },
{ "type": "Feature", "properties": { "name": "Sikuati", "place": "village", "pop_2km": 11259, "seasonal_water_px": 14, "flood_prone": true, "rwi": 0.27266666666666667, "elevation_m": 13.0, "settlement_id": "S0009", "dl_mbps": 31.381, "ul_mbps": 9.489, "latency_ms": 44.0, "n_tests": 438, "n_tiles": 21, "evidence_tier": "measured", "n_schools_3km": 0, "n_clinics_3km": 0, "p_connectivity": 0.69569120287253139, "p_population": 0.87253141831238779, "p_institutions": 0.2755834829443447, "p_equity": 0.26188299817184646, "dipi": 59.0, "rank": 269.0, "stakes_score": null, "gap_rank": null }, "geometry": { "type": "Point", "coordinates": [ 116.7130317, 6.8919254 ] } },
{ "type": "Feature", "properties": { "name": "Nangka", "place": "village", "pop_2km": 1394, "seasonal_water_px": 10, "flood_prone": true, "rwi": 0.3895, "elevation_m": 19.0, "settlement_id": "S0010", "dl_mbps": 37.869, "ul_mbps": 10.1065, "latency_ms": 51.5, "n_tests": 41, "n_tiles": 13, "evidence_tier": "measured", "n_schools_3km": 0, "n_clinics_3km": 0, "p_connectivity": 0.61220825852782768, "p_population": 0.57540394973070019, "p_institutions": 0.2755834829443447, "p_equity": 0.20566727605118831, "dipi": 47.1, "rank": 651.0, "stakes_score": null, "gap_rank": null }, "geometry": { "type": "Point", "coordinates": [ 116.7951724, 6.7891331 ] } },
{ "type": "Feature", "properties": { "name": "Bangau", "place": "village", "pop_2km": 981, "seasonal_water_px": 6, "flood_prone": true, "rwi": -0.1215, "elevation_m": 15.0, "settlement_id": "S0011", "dl_mbps": 29.5945, "ul_mbps": 3.528, "latency_ms": 57.5, "n_tests": 69, "n_tiles": 8, "evidence_tier": "measured", "n_schools_3km": 0, "n_clinics_3km": 0, "p_connectivity": 0.72082585278276479, "p_population": 0.49281867145421904, "p_institutions": 0.2755834829443447, "p_equity": 0.58592321755027421, "dipi": 57.0, "rank": 344.0, "stakes_score": null, "gap_rank": null }, "geometry": { "type": "Point", "coordinates": [ 116.7259494, 6.9552111 ] } },
{ "type": "Feature", "properties": { "name": "Kampung Gumandang", "place": "hamlet", "pop_2km": 815, "seasonal_water_px": 0, "flood_prone": false, "rwi": -0.34975, "elevation_m": 22.0, "settlement_id": "S0012", "dl_mbps": 36.368, "ul_mbps": 2.45, "latency_ms": 33.0, "n_tests": 21, "n_tiles": 8, "evidence_tier": "measured", "n_schools_3km": 0, "n_clinics_3km": 0, "p_connectivity": 0.63375224416517051, "p_population": 0.43716337522441651, "p_institutions": 0.2755834829443447, "p_equity": 0.80164533820840955, "dipi": 56.4, "rank": 364.0, "stakes_score": null, "gap_rank": null }, "geometry": { "type": "Point", "coordinates": [ 116.7894383, 6.9675791 ] } },
{ "type": "Feature", "properties": { "name": "Langkon", "place": "village", "pop_2km": 1151, "seasonal_water_px": 0, "flood_prone": false, "rwi": 0.1195, "elevation_m": 12.0, "settlement_id": "S0015", "dl_mbps": 25.863, "ul_mbps": 10.737, "latency_ms": 47.0, "n_tests": 322, "n_tiles": 15, "evidence_tier": "measured", "n_schools_3km": 0, "n_clinics_3km": 0, "p_connectivity": 0.78007181328545783, "p_population": 0.53141831238779169, "p_institutions": 0.2755834829443447, "p_equity": 0.36288848263254114, "dipi": 55.9, "rank": 380.0, "stakes_score": null, "gap_rank": null }, "geometry": { "type": "Point", "coordinates": [ 116.7030749, 6.5323956 ] } },
{ "type": "Feature", "properties": { "name": "Kampung Bintasan", "place": "village", "pop_2km": 5296, "seasonal_water_px": 0, "flood_prone": false, "rwi": 0.33233333333333331, "elevation_m": 29.0, "settlement_id": "S0016", "dl_mbps": 32.534, "ul_mbps": 10.849, "latency_ms": 48.0, "n_tests": 507, "n_tiles": 19, "evidence_tier": "measured", "n_schools_3km": 1, "n_clinics_3km": 0, "p_connectivity": 0.68581687612208253, "p_population": 0.77109515260323158, "p_institutions": 0.63420107719928187, "p_equity": 0.22943327239488118, "dipi": 60.8, "rank": 198.0, "stakes_score": null, "gap_rank": null }, "geometry": { "type": "Point", "coordinates": [ 116.7052836, 6.5708761 ] } },
{ "type": "Feature", "properties": { "name": "Kampung Tanjung Batu Laut", "place": "village", "pop_2km": 542, "seasonal_water_px": 54, "flood_prone": true, "rwi": 0.13, "elevation_m": 8.0, "settlement_id": "S0017", "dl_mbps": 83.571, "ul_mbps": 8.888, "latency_ms": 67.0, "n_tests": 25, "n_tiles": 3, "evidence_tier": "measured", "n_schools_3km": 0, "n_clinics_3km": 0, "p_connectivity": 0.27827648114901254, "p_population": 0.35637342908438063, "p_institutions": 0.2755834829443447, "p_equity": 0.35831809872029252, "dipi": 31.3, "rank": 1057.0, "stakes_score": null, "gap_rank": null }, "geometry": { "type": "Point", "coordinates": [ 116.8545206, 6.5872942 ] } },
{ "type": "Feature", "properties": { "name": "Senaija", "place": "village", "pop_2km": 3974, "seasonal_water_px": 44, "flood_prone": true, "rwi": 0.289, "elevation_m": 0.0, "settlement_id": "S0018", "dl_mbps": 38.971, "ul_mbps": 13.426, "latency_ms": 50.5, "n_tests": 238, "n_tiles": 15, "evidence_tier": "measured", "n_schools_3km": 0, "n_clinics_3km": 0, "p_connectivity": 0.59874326750448836, "p_population": 0.73159784560143626, "p_institutions": 0.2755834829443447, "p_equity": 0.25319926873857401, "dipi": 51.4, "rank": 528.0, "stakes_score": null, "gap_rank": null }, "geometry": { "type": "Point", "coordinates": [ 117.0437707, 6.7412585 ] } },
{ "type": "Feature", "properties": { "name": "Dandong", "place": "village", "pop_2km": 420, "seasonal_water_px": 83, "flood_prone": true, "rwi": -0.52033333333333331, "elevation_m": 11.0, "settlement_id": "S0019", "dl_mbps": 26.4225, "ul_mbps": 8.103, "latency_ms": 73.0, "n_tests": 50, "n_tiles": 7, "evidence_tier": "measured", "n_schools_3km": 0, "n_clinics_3km": 0, "p_connectivity": 0.76481149012567329, "p_population": 0.3007181328545781, "p_institutions": 0.2755834829443447, "p_equity": 0.9373857404021938, "dipi": 61.0, "rank": 191.0, "stakes_score": null, "gap_rank": null }, "geometry": { "type": "Point", "coordinates": [ 117.0170646, 6.6590911 ] } },
{ "type": "Feature", "properties": { "name": "Pingan Pingan", "place": "village", "pop_2km": 5724, "seasonal_water_px": 83, "flood_prone": true, "rwi": -0.054666666666666662, "elevation_m": 9.0, "settlement_id": "S0020", "dl_mbps": 37.223, "ul_mbps": 10.758, "latency_ms": 54.5, "n_tests": 61, "n_tiles": 9, "evidence_tier": "measured", "n_schools_3km": 0, "n_clinics_3km": 0, "p_connectivity": 0.62118491921005381, "p_population": 0.78276481149012567, "p_institutions": 0.2755834829443447, "p_equity": 0.52376599634369292, "dipi": 59.0, "rank": 269.0, "stakes_score": null, "gap_rank": null }, "geometry": { "type": "Point", "coordinates": [ 116.936608, 6.665972 ] } },
{ "type": "Feature", "properties": { "name": "Bukah", "place": "village", "pop_2km": 370, "seasonal_water_px": 50, "flood_prone": true, "rwi": -0.18475, "elevation_m": 18.0, "settlement_id": "S0021", "dl_mbps": 9.176, "ul_mbps": 5.977, "latency_ms": 51.0, "n_tests": 14, "n_tiles": 4, "evidence_tier": "low_evidence", "n_schools_3km": 0, "n_clinics_3km": 0, "p_connectivity": 0.9622980251346499, "p_population": 0.27019748653500897, "p_institutions": 0.2755834829443447, "p_equity": 0.6444241316270567, "dipi": 62.3, "rank": 160.0, "stakes_score": null, "gap_rank": null }, "geometry": { "type": "Point", "coordinates": [ 116.7630174, 6.6659879 ] } },
{ "type": "Feature", "properties": { "name": "Kampung Marimbau", "place": "village", "pop_2km": 1594, "seasonal_water_px": 46, "flood_prone": true, "rwi": -0.22266666666666668, "elevation_m": 15.0, "settlement_id": "S0022", "dl_mbps": 30.4765, "ul_mbps": 3.6985, "latency_ms": 61.5, "n_tests": 15, "n_tiles": 7, "evidence_tier": "low_evidence", "n_schools_3km": 0, "n_clinics_3km": 0, "p_connectivity": 0.70736086175942547, "p_population": 0.59335727109515257, "p_institutions": 0.2755834829443447, "p_equity": 0.67824497257769656, "dipi": 60.8, "rank": 198.0, "stakes_score": null, "gap_rank": null }, "geometry": { "type": "Point", "coordinates": [ 116.6511044, 6.7316162 ] } },
{ "type": "Feature", "properties": { "name": "Kg. Maliau", "place": "village", "pop_2km": 3905, "seasonal_water_px": 77, "flood_prone": true, "rwi": 0.607, "elevation_m": 118.0, "settlement_id": "S0023", "dl_mbps": 44.5995, "ul_mbps": 8.5135, "latency_ms": 47.5, "n_tests": 168, "n_tiles": 10, "evidence_tier": "measured", "n_schools_3km": 1, "n_clinics_3km": 1, "p_connectivity": 0.52423698384201078, "p_population": 0.72980251346499103, "p_institutions": 0.75987432675044886, "p_equity": 0.13619744058500913, "dipi": 53.3, "rank": 460.0, "stakes_score": null, "gap_rank": null }, "geometry": { "type": "Point", "coordinates": [ 117.1513112, 5.6223063 ] } },
{ "type": "Feature", "properties": { "name": "Kampung Tenghilan", "place": "village", "pop_2km": 2432, "seasonal_water_px": 0, "flood_prone": false, "rwi": -0.16166666666666665, "elevation_m": 13.0, "settlement_id": "S0024", "dl_mbps": 114.8565, "ul_mbps": 24.4945, "latency_ms": 47.0, "n_tests": 170, "n_tiles": 23, "evidence_tier": "measured", "n_schools_3km": 3, "n_clinics_3km": 0, "p_connectivity": 0.18132854578096949, "p_population": 0.65619389587073607, "p_institutions": 0.82405745062836622, "p_equity": 0.62065813528336378, "dipi": 48.4, "rank": 614.0, "stakes_score": null, "gap_rank": null }, "geometry": { "type": "Point", "coordinates": [ 116.3176665, 6.2583153 ] } },
{ "type": "Feature", "properties": { "name": "Kg. Bautu", "place": "village", "pop_2km": 773, "seasonal_water_px": 113, "flood_prone": true, "rwi": -0.02475, "elevation_m": 63.0, "settlement_id": "S0026", "dl_mbps": 84.557, "ul_mbps": 12.883, "latency_ms": 46.0, "n_tests": 20, "n_tiles": 6, "evidence_tier": "measured", "n_schools_3km": 0, "n_clinics_3km": 0, "p_connectivity": 0.27289048473967686, "p_population": 0.42549371633752242, "p_institutions": 0.2755834829443447, "p_equity": 0.4890310786106033, "dipi": 35.5, "rank": 995.0, "stakes_score": null, "gap_rank": null }, "geometry": { "type": "Point", "coordinates": [ 117.2023793, 5.6587226 ] } },
{ "type": "Feature", "properties": { "name": "Kampung Karagasan", "place": "village", "pop_2km": 84, "seasonal_water_px": 57, "flood_prone": true, "rwi": -0.19, "elevation_m": 77.0, "settlement_id": "S0028", "dl_mbps": 129.836, "ul_mbps": 36.189, "latency_ms": 54.0, "n_tests": 55, "n_tiles": 2, "evidence_tier": "low_evidence", "n_schools_3km": 1, "n_clinics_3km": 0, "p_connectivity": 0.15350089766606823, "p_population": 0.11624775583482945, "p_institutions": 0.63420107719928187, "p_equity": 0.65082266910420472, "dipi": 31.6, "rank": 1049.0, "stakes_score": null, "gap_rank": null }, "geometry": { "type": "Point", "coordinates": [ 117.0088319, 6.1142294 ] } },
{ "type": "Feature", "properties": { "name": "Kg. Matopang", "place": "village", "pop_2km": 402, "seasonal_water_px": 66, "flood_prone": true, "rwi": -0.3, "elevation_m": 186.0, "settlement_id": "S0029", "dl_mbps": 61.945, "ul_mbps": 14.561, "latency_ms": 66.0, "n_tests": 10, "n_tiles": 2, "evidence_tier": "low_evidence", "n_schools_3km": 0, "n_clinics_3km": 0, "p_connectivity": 0.37701974865350091, "p_population": 0.28859964093357271, "p_institutions": 0.2755834829443447, "p_equity": 0.74862888482632539, "dipi": 41.4, "rank": 845.0, "stakes_score": null, "gap_rank": null }, "geometry": { "type": "Point", "coordinates": [ 116.9626671, 5.716389 ] } },
{ "type": "Feature", "properties": { "name": "Salulong", "place": "village", "pop_2km": 207, "seasonal_water_px": 77, "flood_prone": true, "rwi": -0.489, "elevation_m": 56.0, "settlement_id": "S0030", "dl_mbps": 100.991, "ul_mbps": 32.016, "latency_ms": 46.0, "n_tests": 20, "n_tiles": 5, "evidence_tier": "measured", "n_schools_3km": 0, "n_clinics_3km": 0, "p_connectivity": 0.21499102333931777, "p_population": 0.18267504488330341, "p_institutions": 0.2755834829443447, "p_equity": 0.90722120658135286, "dipi": 35.4, "rank": 998.0, "stakes_score": null, "gap_rank": null }, "geometry": { "type": "Point", "coordinates": [ 117.0946702, 6.1063726 ] } },
{ "type": "Feature", "properties": { "name": "Talas", "place": "village", "pop_2km": 1538, "seasonal_water_px": 1, "flood_prone": false, "rwi": -0.14366666666666666, "elevation_m": 15.0, "settlement_id": "S0033", "dl_mbps": 11.38, "ul_mbps": 1.655, "latency_ms": 56.0, "n_tests": 83, "n_tiles": 15, "evidence_tier": "measured", "n_schools_3km": 2, "n_clinics_3km": 0, "p_connectivity": 0.94165170556552957, "p_population": 0.58976660682226212, "p_institutions": 0.75987432675044886, "p_equity": 0.60603290676416821, "dipi": 75.9, "rank": 2.0, "stakes_score": null, "gap_rank": null }, "geometry": { "type": "Point", "coordinates": [ 116.8436982, 6.4764024 ] } },
{ "type": "Feature", "properties": { "name": "Kampung Taginambor", "place": "village", "pop_2km": 8906, "seasonal_water_px": 1, "flood_prone": false, "rwi": -0.090666666666666673, "elevation_m": 17.0, "settlement_id": "S0034", "dl_mbps": 51.661, "ul_mbps": 8.72, "latency_ms": 49.0, "n_tests": 371, "n_tiles": 27, "evidence_tier": "measured", "n_schools_3km": 0, "n_clinics_3km": 0, "p_connectivity": 0.43895870736086173, "p_population": 0.84290843806104132, "p_institutions": 0.2755834829443447, "p_equity": 0.55850091407678248, "dipi": 53.9, "rank": 445.0, "stakes_score": null, "gap_rank": null }, "geometry": { "type": "Point", "coordinates": [ 116.7474934, 6.4741058 ] } },
{ "type": "Feature", "properties": { "name": "Kampung Sualog", "place": "hamlet", "pop_2km": 706, "seasonal_water_px": 45, "flood_prone": true, "rwi": -0.6386666666666666, "elevation_m": 10.0, "settlement_id": "S0035", "dl_mbps": 10.45, "ul_mbps": 1.23, "latency_ms": 57.0, "n_tests": 49, "n_tiles": 4, "evidence_tier": "measured", "n_schools_3km": 0, "n_clinics_3km": 0, "p_connectivity": 0.94793536804308798, "p_population": 0.40125673249551169, "p_institutions": 0.2755834829443447, "p_equity": 0.98354661791590492, "dipi": 71.8, "rank": 21.0, "stakes_score": null, "gap_rank": null }, "geometry": { "type": "Point", "coordinates": [ 117.3784228, 5.8825565 ] } },
{ "type": "Feature", "properties": { "name": "Kampung Kukut", "place": "village", "pop_2km": 578, "seasonal_water_px": 0, "flood_prone": false, "rwi": 0.354, "elevation_m": 50.0, "settlement_id": "S0036", "dl_mbps": 43.668, "ul_mbps": 12.085, "latency_ms": 43.0, "n_tests": 73, "n_tiles": 11, "evidence_tier": "measured", "n_schools_3km": 0, "n_clinics_3km": 0, "p_connectivity": 0.53815080789946135, "p_population": 0.36804308797127466, "p_institutions": 0.2755834829443447, "p_equity": 0.22120658135283364, "dipi": 39.3, "rank": 904.0, "stakes_score": null, "gap_rank": null }, "geometry": { "type": "Point", "coordinates": [ 116.5506256, 6.5248946 ] } },
{ "type": "Feature", "properties": { "name": "Kg. Baring", "place": "village", "pop_2km": 34, "seasonal_water_px": 0, "flood_prone": false, "rwi": -0.5675, "elevation_m": 365.0, "settlement_id": "S0037", "dl_mbps": 236.017, "ul_mbps": 40.073, "latency_ms": 51.5, "n_tests": 21, "n_tiles": 2, "evidence_tier": "low_evidence", "n_schools_3km": 0, "n_clinics_3km": 0, "p_connectivity": 0.014362657091561939, "p_population": 0.095601436265709161, "p_institutions": 0.2755834829443447, "p_equity": 0.9588665447897623, "dipi": 26.3, "rank": 1102.0, "stakes_score": null, "gap_rank": null }, "geometry": { "type": "Point", "coordinates": [ 116.6551009, 6.4354356 ] } },
{ "type": "Feature", "properties": { "name": "Kampung K. Rampayan", "place": "village", "pop_2km": 1860, "seasonal_water_px": 101, "flood_prone": true, "rwi": 0.463, "elevation_m": 13.0, "settlement_id": "S0038", "dl_mbps": 21.983, "ul_mbps": 2.565, "latency_ms": 51.0, "n_tests": 29, "n_tiles": 3, "evidence_tier": "measured", "n_schools_3km": 1, "n_clinics_3km": 0, "p_connectivity": 0.83931777378815076, "p_population": 0.6140035906642729, "p_institutions": 0.63420107719928187, "p_equity": 0.18281535648994515, "dipi": 62.1, "rank": 163.0, "stakes_score": null, "gap_rank": null }, "geometry": { "type": "Point", "coordinates": [ 116.5023056, 6.5228172 ] } },
{ "type": "Feature", "properties": { "name": "Kg. Tamau", "place": "village", "pop_2km": 2863, "seasonal_water_px": 65, "flood_prone": true, "rwi": 0.102, "elevation_m": 13.0, "settlement_id": "S0040", "dl_mbps": 45.661, "ul_mbps": 10.427, "latency_ms": 55.0, "n_tests": 92, "n_tiles": 16, "evidence_tier": "measured", "n_schools_3km": 1, "n_clinics_3km": 0, "p_connectivity": 0.50987432675044886, "p_population": 0.67953321364452424, "p_institutions": 0.63420107719928187, "p_equity": 0.38117001828153563, "dipi": 54.5, "rank": 427.0, "stakes_score": null, "gap_rank": null }, "geometry": { "type": "Point", "coordinates": [ 116.415399, 6.4203023 ] } },
{ "type": "Feature", "properties": { "name": "Kampung Keguraan", "place": "village", "pop_2km": 1075, "seasonal_water_px": 0, "flood_prone": false, "rwi": 0.119, "elevation_m": 11.0, "settlement_id": "S0041", "dl_mbps": 49.1735, "ul_mbps": 4.0965, "latency_ms": 44.0, "n_tests": 16, "n_tiles": 10, "evidence_tier": "low_evidence", "n_schools_3km": 1, "n_clinics_3km": 0, "p_connectivity": 0.45466786355475763, "p_population": 0.51795332136445238, "p_institutions": 0.63420107719928187, "p_equity": 0.36380255941499084, "dipi": 47.9, "rank": 626.0, "stakes_score": null, "gap_rank": null }, "geometry": { "type": "Point", "coordinates": [ 116.5024247, 6.4565219 ] } },
{ "type": "Feature", "properties": { "name": "Pauh", "place": "village", "pop_2km": 683, "seasonal_water_px": 0, "flood_prone": false, "rwi": -0.32075, "elevation_m": 395.0, "settlement_id": "S0042", "dl_mbps": 41.56, "ul_mbps": 7.045, "latency_ms": 57.0, "n_tests": 38, "n_tiles": 5, "evidence_tier": "measured", "n_schools_3km": 1, "n_clinics_3km": 1, "p_connectivity": 0.56552962298025133, "p_population": 0.39497307001795334, "p_institutions": 0.75987432675044886, "p_equity": 0.77513711151736742, "dipi": 59.4, "rank": 261.0, "stakes_score": null, "gap_rank": null }, "geometry": { "type": "Point", "coordinates": [ 116.4101726, 5.3132388 ] } },
{ "type": "Feature", "properties": { "name": "Kampung Delayan", "place": "village", "pop_2km": 1149, "seasonal_water_px": 0, "flood_prone": false, "rwi": -0.26333333333333336, "elevation_m": 374.0, "settlement_id": "S0044", "dl_mbps": 39.563, "ul_mbps": 4.4055, "latency_ms": 56.5, "n_tests": 17, "n_tiles": 7, "evidence_tier": "low_evidence", "n_schools_3km": 0, "n_clinics_3km": 0, "p_connectivity": 0.58662477558348292, "p_population": 0.53052064631956908, "p_institutions": 0.2755834829443447, "p_equity": 0.71617915904936014, "dipi": 55.2, "rank": 402.0, "stakes_score": null, "gap_rank": null }, "geometry": { "type": "Point", "coordinates": [ 116.3580845, 5.2313137 ] } },
{ "type": "Feature", "properties": { "name": "Kg. Kiabau", "place": "hamlet", "pop_2km": 0, "seasonal_water_px": 17, "flood_prone": true, "rwi": -0.285, "elevation_m": 35.0, "settlement_id": "S0045", "dl_mbps": 95.64, "ul_mbps": 19.837, "latency_ms": 54.0, "n_tests": 19, "n_tiles": 4, "evidence_tier": "low_evidence", "n_schools_3km": 0, "n_clinics_3km": 0, "p_connectivity": 0.23070017953321365, "p_population": 0.043536804308797125, "p_institutions": 0.2755834829443447, "p_equity": 0.73948811700182815, "dipi": 29.2, "rank": 1084.0, "stakes_score": null, "gap_rank": null }, "geometry": { "type": "Point", "coordinates": [ 117.2233007, 5.8223381 ] } },
{ "type": "Feature", "properties": { "name": "Kobuh Baru", "place": "village", "pop_2km": 1977, "seasonal_water_px": 0, "flood_prone": false, "rwi": -0.27333333333333337, "elevation_m": 380.0, "settlement_id": "S0048", "dl_mbps": 25.0595, "ul_mbps": 7.461, "latency_ms": 52.0, "n_tests": 213, "n_tiles": 13, "evidence_tier": "measured", "n_schools_3km": 0, "n_clinics_3km": 0, "p_connectivity": 0.7877019748653501, "p_population": 0.62387791741472176, "p_institutions": 0.2755834829443447, "p_equity": 0.72486288848263258, "dipi": 65.7, "rank": 80.0, "stakes_score": null, "gap_rank": null }, "geometry": { "type": "Point", "coordinates": [ 116.7709674, 5.9303108 ] } },
{ "type": "Feature", "properties": { "name": "Simpang 4 Kasabug", "place": "village", "pop_2km": 861, "seasonal_water_px": 0, "flood_prone": false, "rwi": -0.42566666666666669, "elevation_m": 375.0, "settlement_id": "S0049", "dl_mbps": 34.294, "ul_mbps": 5.039, "latency_ms": 63.0, "n_tests": 117, "n_tiles": 7, "evidence_tier": "measured", "n_schools_3km": 0, "n_clinics_3km": 0, "p_connectivity": 0.65664272890484743, "p_population": 0.4497307001795332, "p_institutions": 0.2755834829443447, "p_equity": 0.86471663619744055, "dipi": 58.9, "rank": 275.0, "stakes_score": null, "gap_rank": null }, "geometry": { "type": "Point", "coordinates": [ 116.3747193, 5.2732968 ] } },
{ "type": "Feature", "properties": { "name": "Kampung Tomis", "place": "village", "pop_2km": 255, "seasonal_water_px": 0, "flood_prone": false, "rwi": 0.155, "elevation_m": 700.0, "settlement_id": "S0050", "dl_mbps": 24.6535, "ul_mbps": 4.4245, "latency_ms": 37.0, "n_tests": 29, "n_tiles": 10, "evidence_tier": "measured", "n_schools_3km": 1, "n_clinics_3km": 0, "p_connectivity": 0.79533213644524237, "p_population": 0.21903052064631956, "p_institutions": 0.63420107719928187, "p_equity": 0.33180987202925044, "dipi": 53.4, "rank": 456.0, "stakes_score": null, "gap_rank": null }, "geometry": { "type": "Point", "coordinates": [ 116.4829642, 5.9938105 ] } },
{ "type": "Feature", "properties": { "name": "Kampung Bayangan", "place": "village", "pop_2km": 9593, "seasonal_water_px": 203, "flood_prone": true, "rwi": 0.2645, "elevation_m": 288.0, "settlement_id": "S0051", "dl_mbps": 66.7105, "ul_mbps": 13.975, "latency_ms": 40.0, "n_tests": 750, "n_tiles": 32, "evidence_tier": "measured", "n_schools_3km": 2, "n_clinics_3km": 1, "p_connectivity": 0.35457809694793535, "p_population": 0.85098743267504484, "p_institutions": 0.82405745062836622, "p_equity": 0.26691042047531993, "dipi": 53.2, "rank": 465.0, "stakes_score": null, "gap_rank": null }, "geometry": { "type": "Point", "coordinates": [ 116.2032784, 5.3736221 ] } },
{ "type": "Feature", "properties": { "name": "Kampung Lokos", "place": "village", "pop_2km": 244, "seasonal_water_px": 0, "flood_prone": false, "rwi": -0.339, "elevation_m": 923.0, "settlement_id": "S0052", "dl_mbps": 18.521, "ul_mbps": 1.662, "latency_ms": 23.0, "n_tests": 12, "n_tiles": 3, "evidence_tier": "low_evidence", "n_schools_3km": 1, "n_clinics_3km": 0, "p_connectivity": 0.8922800718132855, "p_population": 0.20870736086175942, "p_institutions": 0.63420107719928187, "p_equity": 0.78976234003656309, "dipi": 66.2, "rank": 75.0, "stakes_score": null, "gap_rank": null }, "geometry": { "type": "Point", "coordinates": [ 116.4646417, 5.9653342 ] } },
{ "type": "Feature", "properties": { "name": "Senagang", "place": "village", "pop_2km": 986, "seasonal_water_px": 0, "flood_prone": false, "rwi": 0.0045, "elevation_m": 301.0, "settlement_id": "S0053", "dl_mbps": 81.2385, "ul_mbps": 20.2235, "latency_ms": 43.0, "n_tests": 8, "n_tiles": 4, "evidence_tier": "low_evidence", "n_schools_3km": 0, "n_clinics_3km": 0, "p_connectivity": 0.28949730700179532, "p_population": 0.49461400359066426, "p_institutions": 0.2755834829443447, "p_equity": 0.46297989031078612, "dipi": 37.3, "rank": 962.0, "stakes_score": null, "gap_rank": null }, "geometry": { "type": "Point", "coordinates": [ 116.0344046, 5.2908601 ] } },
{ "type": "Feature", "properties": { "name": "Kampung Sandatan", "place": "village", "pop_2km": 169, "seasonal_water_px": 0, "flood_prone": false, "rwi": -0.484, "elevation_m": 1326.0, "settlement_id": "S0054", "dl_mbps": 7.246, "ul_mbps": 0.639, "latency_ms": 76.0, "n_tests": 31, "n_tiles": 5, "evidence_tier": "measured", "n_schools_3km": 0, "n_clinics_3km": 0, "p_connectivity": 0.97935368043087967, "p_population": 0.16292639138240575, "p_institutions": 0.2755834829443447, "p_equity": 0.90493601462522855, "dipi": 65.5, "rank": 86.0, "stakes_score": null, "gap_rank": null }, "geometry": { "type": "Point", "coordinates": [ 116.5069201, 5.9292235 ] } },
{ "type": "Feature", "properties": { "name": "Kampung Lanas", "place": "village", "pop_2km": 208, "seasonal_water_px": 20, "flood_prone": true, "rwi": -0.36266666666666669, "elevation_m": 374.0, "settlement_id": "S0055", "dl_mbps": 27.957, "ul_mbps": 8.4535, "latency_ms": 61.5, "n_tests": 6, "n_tiles": 4, "evidence_tier": "low_evidence", "n_schools_3km": 0, "n_clinics_3km": 0, "p_connectivity": 0.74506283662477557, "p_population": 0.18447037701974867, "p_institutions": 0.2755834829443447, "p_equity": 0.81627056672760512, "dipi": 54.9, "rank": 414.0, "stakes_score": null, "gap_rank": null }, "geometry": { "type": "Point", "coordinates": [ 116.4967452, 5.3270294 ] } },
{ "type": "Feature", "properties": { "name": "Kampung Bedukan", "place": "village", "pop_2km": 91, "seasonal_water_px": 13, "flood_prone": true, "rwi": -0.2565, "elevation_m": 384.0, "settlement_id": "S0056", "dl_mbps": 22.563, "ul_mbps": 2.3715, "latency_ms": 51.5, "n_tests": 28, "n_tiles": 11, "evidence_tier": "measured", "n_schools_3km": 0, "n_clinics_3km": 0, "p_connectivity": 0.82764811490125678, "p_population": 0.12163375224416517, "p_institutions": 0.2755834829443447, "p_equity": 0.70703839122486289, "dipi": 54.4, "rank": 429.0, "stakes_score": null, "gap_rank": null }, "geometry": { "type": "Point", "coordinates": [ 116.6548454, 5.8982444 ] } },
{ "type": "Feature", "properties": { "name": "Kampung Kuangoh", "place": "village", "pop_2km": 2855, "seasonal_water_px": 0, "flood_prone": false, "rwi": -0.00025, "elevation_m": 334.0, "settlement_id": "S0057", "dl_mbps": 55.4915, "ul_mbps": 18.5565, "latency_ms": 50.5, "n_tests": 167, "n_tiles": 23, "evidence_tier": "measured", "n_schools_3km": 2, "n_clinics_3km": 0, "p_connectivity": 0.40933572710951527, "p_population": 0.67773788150807901, "p_institutions": 0.75987432675044886, "p_equity": 0.4680073126142596, "dipi": 54.1, "rank": 440.0, "stakes_score": null, "gap_rank": null }, "geometry": { "type": "Point", "coordinates": [ 116.209765, 5.4228974 ] } },
{ "type": "Feature", "properties": { "name": "Murud Kurud", "place": "village", "pop_2km": 296, "seasonal_water_px": 107, "flood_prone": true, "rwi": -0.2345, "elevation_m": 123.0, "settlement_id": "S0058", "dl_mbps": 77.87, "ul_mbps": 7.732, "latency_ms": 63.0, "n_tests": 9, "n_tiles": 1, "evidence_tier": "low_evidence", "n_schools_3km": 0, "n_clinics_3km": 0, "p_connectivity": 0.30251346499102333, "p_population": 0.24281867145421904, "p_institutions": 0.2755834829443447, "p_equity": 0.69241316270566733, "dipi": 36.2, "rank": 985.0, "stakes_score": null, "gap_rank": null }, "geometry": { "type": "Point", "coordinates": [ 116.932569, 6.1573849 ] } },
{ "type": "Feature", "properties": { "name": "Pinipi", "place": "village", "pop_2km": 293, "seasonal_water_px": 1, "flood_prone": false, "rwi": 0.017, "elevation_m": 379.0, "settlement_id": "S0059", "dl_mbps": 27.957, "ul_mbps": 8.4535, "latency_ms": 61.5, "n_tests": 6, "n_tiles": 4, "evidence_tier": "low_evidence", "n_schools_3km": 0, "n_clinics_3km": 0, "p_connectivity": 0.74506283662477557, "p_population": 0.23967684021543986, "p_institutions": 0.2755834829443447, "p_equity": 0.45429616087751373, "dipi": 49.0, "rank": 594.0, "stakes_score": null, "gap_rank": null }, "geometry": { "type": "Point", "coordinates": [ 116.4944629, 5.3422686 ] } },
{ "type": "Feature", "properties": { "name": "Merungin", "place": "village", "pop_2km": 846, "seasonal_water_px": 11, "flood_prone": true, "rwi": -0.061, "elevation_m": 168.0, "settlement_id": "S0060", "dl_mbps": 21.818, "ul_mbps": 4.466, "latency_ms": 64.0, "n_tests": 134, "n_tiles": 8, "evidence_tier": "measured", "n_schools_3km": 0, "n_clinics_3km": 0, "p_connectivity": 0.84335727109515257, "p_population": 0.44479353680430878, "p_institutions": 0.2755834829443447, "p_equity": 0.53199268738574035, "dipi": 59.6, "rank": 251.0, "stakes_score": null, "gap_rank": null }, "geometry": { "type": "Point", "coordinates": [ 116.8611805, 6.1135252 ] } },
{ "type": "Feature", "properties": { "name": "Kampung Apin Apin", "place": "village", "pop_2km": 8158, "seasonal_water_px": 61, "flood_prone": true, "rwi": 0.152, "elevation_m": 329.0, "settlement_id": "S0062", "dl_mbps": 38.7115, "ul_mbps": 6.8595, "latency_ms": 46.5, "n_tests": 318, "n_tiles": 24, "evidence_tier": "measured", "n_schools_3km": 0, "n_clinics_3km": 0, "p_connectivity": 0.60188509874326745, "p_population": 0.82675044883303406, "p_institutions": 0.2755834829443447, "p_equity": 0.33866544789762337, "dipi": 55.7, "rank": 386.0, "stakes_score": null, "gap_rank": null }, "geometry": { "type": "Point", "coordinates": [ 116.2736526, 5.4587899 ] } },
{ "type": "Feature", "properties": { "name": "Kg. Tinutuan", "place": "village", "pop_2km": 742, "seasonal_water_px": 27, "flood_prone": true, "rwi": -0.3545, "elevation_m": 212.0, "settlement_id": "S0063", "dl_mbps": 156.145, "ul_mbps": 21.681, "latency_ms": 45.0, "n_tests": 65, "n_tiles": 5, "evidence_tier": "measured", "n_schools_3km": 0, "n_clinics_3km": 0, "p_connectivity": 0.11175942549371634, "p_population": 0.4142728904847397, "p_institutions": 0.2755834829443447, "p_equity": 0.80575868372943327, "dipi": 35.1, "rank": 1004.0, "stakes_score": null, "gap_rank": null }, "geometry": { "type": "Point", "coordinates": [ 116.8184033, 6.108734 ] } },
{ "type": "Feature", "properties": { "name": "Mampisas", "place": "village", "pop_2km": 1509, "seasonal_water_px": 3, "flood_prone": false, "rwi": 0.093333333333333338, "elevation_m": 425.0, "settlement_id": "S0066", "dl_mbps": 42.037, "ul_mbps": 2.583, "latency_ms": 45.0, "n_tests": 8, "n_tiles": 2, "evidence_tier": "low_evidence", "n_schools_3km": 0, "n_clinics_3km": 0, "p_connectivity": 0.55834829443447043, "p_population": 0.58797127468581689, "p_institutions": 0.2755834829443447, "p_equity": 0.38665447897623401, "dipi": 48.9, "rank": 600.0, "stakes_score": null, "gap_rank": null }, "geometry": { "type": "Point", "coordinates": [ 116.5084813, 5.4146548 ] } },
{ "type": "Feature", "properties": { "name": "Kg. Tombovo", "place": "village", "pop_2km": 21350, "seasonal_water_px": 0, "flood_prone": false, "rwi": 0.743, "elevation_m": 14.0, "settlement_id": "S0069", "dl_mbps": 207.845, "ul_mbps": 38.3955, "latency_ms": 34.5, "n_tests": 1432, "n_tiles": 30, "evidence_tier": "measured", "n_schools_3km": 0, "n_clinics_3km": 0, "p_connectivity": 0.042190305206463198, "p_population": 0.94434470377019752, "p_institutions": 0.2755834829443447, "p_equity": 0.095978062157221211, "dipi": 31.3, "rank": 1057.0, "stakes_score": null, "gap_rank": null }, "geometry": { "type": "Point", "coordinates": [ 116.056044, 5.8611682 ] } },
{ "type": "Feature", "properties": { "name": "Kg. Tampasak", "place": "village", "pop_2km": 5249, "seasonal_water_px": 0, "flood_prone": false, "rwi": 0.5135, "elevation_m": 12.0, "settlement_id": "S0070", "dl_mbps": 128.054, "ul_mbps": 21.3225, "latency_ms": 38.5, "n_tests": 656, "n_tiles": 27, "evidence_tier": "measured", "n_schools_3km": 2, "n_clinics_3km": 0, "p_connectivity": 0.1615798922800718, "p_population": 0.76840215439856374, "p_institutions": 0.75987432675044886, "p_equity": 0.16087751371115175, "dipi": 40.3, "rank": 882.0, "stakes_score": null, "gap_rank": null }, "geometry": { "type": "Point", "coordinates": [ 116.059748, 5.8112171 ] } },
{ "type": "Feature", "properties": { "name": "Kampung Kuala", "place": "village", "pop_2km": 2957, "seasonal_water_px": 0, "flood_prone": false, "rwi": 0.196, "elevation_m": 11.0, "settlement_id": "S0072", "dl_mbps": 94.179, "ul_mbps": 18.426, "latency_ms": 43.0, "n_tests": 147, "n_tiles": 19, "evidence_tier": "measured", "n_schools_3km": 0, "n_clinics_3km": 0, "p_connectivity": 0.23429084380610413, "p_population": 0.68581687612208253, "p_institutions": 0.2755834829443447, "p_equity": 0.29981718464351004, "dipi": 36.6, "rank": 977.0, "stakes_score": null, "gap_rank": null }, "geometry": { "type": "Point", "coordinates": [ 115.9573292, 5.6381844 ] } },
{ "type": "Feature", "properties": { "name": "Benoni", "place": "village", "pop_2km": 7480, "seasonal_water_px": 69, "flood_prone": true, "rwi": 0.54, "elevation_m": 10.0, "settlement_id": "S0073", "dl_mbps": 126.2115, "ul_mbps": 24.0195, "latency_ms": 42.0, "n_tests": 993, "n_tiles": 28, "evidence_tier": "measured", "n_schools_3km": 2, "n_clinics_3km": 0, "p_connectivity": 0.16337522441651706, "p_population": 0.81777378815080792, "p_institutions": 0.75987432675044886, "p_equity": 0.15356489945155394, "dipi": 41.4, "rank": 845.0, "stakes_score": null, "gap_rank": null }, "geometry": { "type": "Point", "coordinates": [ 115.9243582, 5.6917133 ] } },
{ "type": "Feature", "properties": { "name": "Kayau", "place": "village", "pop_2km": 720, "seasonal_water_px": 47, "flood_prone": true, "rwi": -0.004, "elevation_m": 17.0, "settlement_id": "S0074", "dl_mbps": 23.349, "ul_mbps": 2.492, "latency_ms": 50.0, "n_tests": 30, "n_tiles": 9, "evidence_tier": "measured", "n_schools_3km": 0, "n_clinics_3km": 0, "p_connectivity": 0.81777378815080792, "p_population": 0.40619389587073607, "p_institutions": 0.2755834829443447, "p_equity": 0.47074954296160876, "dipi": 56.4, "rank": 364.0, "stakes_score": null, "gap_rank": null }, "geometry": { "type": "Point", "coordinates": [ 116.0294256, 5.6803176 ] } },
{ "type": "Feature", "properties": { "name": "Tompios", "place": "village", "pop_2km": 298, "seasonal_water_px": 48, "flood_prone": true, "rwi": -0.426, "elevation_m": 196.0, "settlement_id": "S0075", "dl_mbps": 30.793, "ul_mbps": 4.134, "latency_ms": 51.0, "n_tests": 33, "n_tiles": 8, "evidence_tier": "measured", "n_schools_3km": 0, "n_clinics_3km": 0, "p_connectivity": 0.70466786355475763, "p_population": 0.24551166965888691, "p_institutions": 0.2755834829443447, "p_equity": 0.86563071297989036, "dipi": 55.8, "rank": 382.0, "stakes_score": null, "gap_rank": null }, "geometry": { "type": "Point", "coordinates": [ 116.8410683, 5.7022944 ] } },
{ "type": "Feature", "properties": { "name": "Kampung Paginatan", "place": "village", "pop_2km": 214, "seasonal_water_px": 71, "flood_prone": true, "rwi": -0.4535, "elevation_m": 197.0, "settlement_id": "S0076", "dl_mbps": 43.9125, "ul_mbps": 21.445, "latency_ms": 41.0, "n_tests": 9, "n_tiles": 3, "evidence_tier": "low_evidence", "n_schools_3km": 0, "n_clinics_3km": 0, "p_connectivity": 0.52962298025134646, "p_population": 0.19120287253141832, "p_institutions": 0.2755834829443447, "p_equity": 0.88208409506398533, "dipi": 47.7, "rank": 631.0, "stakes_score": null, "gap_rank": null }, "geometry": { "type": "Point", "coordinates": [ 116.8311165, 5.7500197 ] } },
{ "type": "Feature", "properties": { "name": "Kampung Matopang", "place": "village", "pop_2km": 928, "seasonal_water_px": 69, "flood_prone": true, "rwi": 0.1965, "elevation_m": 206.0, "settlement_id": "S0077", "dl_mbps": 18.067, "ul_mbps": 5.2695, "latency_ms": 58.0, "n_tests": 127, "n_tiles": 10, "evidence_tier": "measured", "n_schools_3km": 0, "n_clinics_3km": 0, "p_connectivity": 0.89721723518850982, "p_population": 0.48159784560143626, "p_institutions": 0.2755834829443447, "p_equity": 0.29753199268738573, "dipi": 58.0, "rank": 304.0, "stakes_score": null, "gap_rank": null }, "geometry": { "type": "Point", "coordinates": [ 116.8168422, 5.7908133 ] } },
{ "type": "Feature", "properties": { "name": "Kampung Nibalayan", "place": "village", "pop_2km": 692, "seasonal_water_px": 0, "flood_prone": false, "rwi": 0.1035, "elevation_m": 702.0, "settlement_id": "S0078", "dl_mbps": 10.3225, "ul_mbps": 1.811, "latency_ms": 56.5, "n_tests": 58, "n_tiles": 6, "evidence_tier": "measured", "n_schools_3km": 0, "n_clinics_3km": 0, "p_connectivity": 0.95152603231597843, "p_population": 0.39766606822262118, "p_institutions": 0.2755834829443447, "p_equity": 0.37797074954296161, "dipi": 59.7, "rank": 244.0, "stakes_score": null, "gap_rank": null }, "geometry": { "type": "Point", "coordinates": [ 116.5839984, 5.8641269 ] } },
{ "type": "Feature", "properties": { "name": "Kampung Kituntul", "place": "village", "pop_2km": 5684, "seasonal_water_px": 0, "flood_prone": false, "rwi": 0.44733333333333336, "elevation_m": 631.0, "settlement_id": "S0079", "dl_mbps": 42.376, "ul_mbps": 8.695, "latency_ms": 42.0, "n_tests": 383, "n_tiles": 30, "evidence_tier": "measured", "n_schools_3km": 3, "n_clinics_3km": 0, "p_connectivity": 0.55116696588868941, "p_population": 0.78096947935368044, "p_institutions": 0.82405745062836622, "p_equity": 0.18967093235831811, "dipi": 57.7, "rank": 317.0, "stakes_score": null, "gap_rank": null }, "geometry": { "type": "Point", "coordinates": [ 116.3838417, 5.7127093 ] } },
{ "type": "Feature", "properties": { "name": null, "place": "village", "pop_2km": 925, "seasonal_water_px": 0, "flood_prone": false, "rwi": -0.078, "elevation_m": 842.0, "settlement_id": "S0080", "dl_mbps": 75.92, "ul_mbps": 14.168, "latency_ms": 55.0, "n_tests": 41, "n_tiles": 10, "evidence_tier": "measured", "n_schools_3km": 0, "n_clinics_3km": 0, "p_connectivity": 0.3132854578096948, "p_population": 0.47935368043087973, "p_institutions": 0.2755834829443447, "p_equity": 0.54478976234003651, "dipi": 39.5, "rank": 901.0, "stakes_score": null, "gap_rank": null }, "geometry": { "type": "Point", "coordinates": [ 116.4468761, 5.7636797 ] } },
{ "type": "Feature", "properties": { "name": "Kampung Kerokot Laut", "place": "village", "pop_2km": 0, "seasonal_water_px": 0, "flood_prone": false, "rwi": -0.057, "elevation_m": 1024.0, "settlement_id": "S0081", "dl_mbps": 43.668, "ul_mbps": 4.512, "latency_ms": 53.5, "n_tests": 12, "n_tiles": 4, "evidence_tier": "low_evidence", "n_schools_3km": 0, "n_clinics_3km": 0, "p_connectivity": 0.53815080789946135, "p_population": 0.043536804308797125, "p_institutions": 0.2755834829443447, "p_equity": 0.52605118829981723, "dipi": 37.3, "rank": 962.0, "stakes_score": null, "gap_rank": null }, "geometry": { "type": "Point", "coordinates": [ 116.5062278, 5.8131708 ] } },
{ "type": "Feature", "properties": { "name": "Kampung Tempurong", "place": "village", "pop_2km": 849, "seasonal_water_px": 0, "flood_prone": false, "rwi": 0.2315, "elevation_m": 23.0, "settlement_id": "S0082", "dl_mbps": 43.4135, "ul_mbps": 9.769, "latency_ms": 51.5, "n_tests": 66, "n_tiles": 12, "evidence_tier": "measured", "n_schools_3km": 0, "n_clinics_3km": 0, "p_connectivity": 0.53949730700179532, "p_population": 0.44614003590664275, "p_institutions": 0.2755834829443447, "p_equity": 0.28153564899451555, "dipi": 42.5, "rank": 800.0, "stakes_score": null, "gap_rank": null }, "geometry": { "type": "Point", "coordinates": [ 115.5611542, 5.5420109 ] } },
{ "type": "Feature", "properties": { "name": "Kg. Kota Klias", "place": "village", "pop_2km": 989, "seasonal_water_px": 31, "flood_prone": true, "rwi": -0.035, "elevation_m": 6.0, "settlement_id": "S0083", "dl_mbps": 35.459, "ul_mbps": 9.953, "latency_ms": 52.0, "n_tests": 103, "n_tiles": 9, "evidence_tier": "measured", "n_schools_3km": 0, "n_clinics_3km": 0, "p_connectivity": 0.64183123877917414, "p_population": 0.49551166965888688, "p_institutions": 0.2755834829443447, "p_equity": 0.5009140767824497, "dipi": 52.2, "rank": 499.0, "stakes_score": null, "gap_rank": null }, "geometry": { "type": "Point", "coordinates": [ 115.6245849, 5.4526327 ] } },
{ "type": "Feature", "properties": { "name": "Kampung Binsuluk", "place": "village", "pop_2km": 759, "seasonal_water_px": 78, "flood_prone": true, "rwi": 0.516, "elevation_m": 8.0, "settlement_id": "S0084", "dl_mbps": 42.745, "ul_mbps": 16.416, "latency_ms": 44.0, "n_tests": 76, "n_tiles": 8, "evidence_tier": "measured", "n_schools_3km": 0, "n_clinics_3km": 0, "p_connectivity": 0.54398563734290839, "p_population": 0.42100538599640935, "p_institutions": 0.2755834829443447, "p_equity": 0.15904936014625229, "dipi": 39.6, "rank": 899.0, "stakes_score": null, "gap_rank": null }, "geometry": { "type": "Point", "coordinates": [ 115.6926781, 5.525775 ] } },
{ "type": "Feature", "properties": { "name": "Kampung Sawangan", "place": "village", "pop_2km": 896, "seasonal_water_px": 7, "flood_prone": true, "rwi": 0.317, "elevation_m": 69.0, "settlement_id": "S0085", "dl_mbps": 23.061, "ul_mbps": 6.119, "latency_ms": 53.0, "n_tests": 30, "n_tiles": 3, "evidence_tier": "measured", "n_schools_3km": 0, "n_clinics_3km": 0, "p_connectivity": 0.82046678635547576, "p_population": 0.46633752244165172, "p_institutions": 0.2755834829443447, "p_equity": 0.23674588665447899, "dipi": 53.3, "rank": 460.0, "stakes_score": null, "gap_rank": null }, "geometry": { "type": "Point", "coordinates": [ 115.6114373, 5.6147787 ] } },
{ "type": "Feature", "properties": { "name": "Kampung Balibatu", "place": "village", "pop_2km": 1912, "seasonal_water_px": 0, "flood_prone": false, "rwi": 0.177, "elevation_m": 135.0, "settlement_id": "S0086", "dl_mbps": 185.791, "ul_mbps": 28.778, "latency_ms": 39.0, "n_tests": 828, "n_tiles": 9, "evidence_tier": "measured", "n_schools_3km": 5, "n_clinics_3km": 1, "p_connectivity": 0.06193895870736086, "p_population": 0.61759425493716336, "p_institutions": 0.88779174147217232, "p_equity": 0.31901279707495428, "dipi": 37.6, "rank": 952.0, "stakes_score": null, "gap_rank": null }, "geometry": { "type": "Point", "coordinates": [ 115.7509543, 5.3251135 ] } },
{ "type": "Feature", "properties": { "name": "Melalap", "place": "village", "pop_2km": 6916, "seasonal_water_px": 2, "flood_prone": false, "rwi": 0.045, "elevation_m": 201.0, "settlement_id": "S0087", "dl_mbps": 24.579, "ul_mbps": 3.983, "latency_ms": 57.5, "n_tests": 68, "n_tiles": 16, "evidence_tier": "measured", "n_schools_3km": 0, "n_clinics_3km": 0, "p_connectivity": 0.79802513464991021, "p_population": 0.80610412926391384, "p_institutions": 0.2755834829443447, "p_equity": 0.42413162705667273, "dipi": 64.7, "rank": 102.0, "stakes_score": null, "gap_rank": null }, "geometry": { "type": "Point", "coordinates": [ 115.9956357, 5.243595 ] } },
{ "type": "Feature", "properties": { "name": "Kg.Malabau", "place": "village", "pop_2km": 2683, "seasonal_water_px": 0, "flood_prone": false, "rwi": 0.089333333333333334, "elevation_m": 22.0, "settlement_id": "S0088", "dl_mbps": 49.007, "ul_mbps": 9.858, "latency_ms": 48.0, "n_tests": 352, "n_tiles": 16, "evidence_tier": "measured", "n_schools_3km": 0, "n_clinics_3km": 0, "p_connectivity": 0.45825852782764809, "p_population": 0.66696588868940754, "p_institutions": 0.2755834829443447, "p_equity": 0.38939670932358317, "dipi": 46.9, "rank": 661.0, "stakes_score": null, "gap_rank": null }, "geometry": { "type": "Point", "coordinates": [ 115.6728513, 5.4071403 ] } },
{ "type": "Feature", "properties": { "name": "Kg. Limbawang", "place": "village", "pop_2km": 3472, "seasonal_water_px": 70, "flood_prone": true, "rwi": 0.431, "elevation_m": 12.0, "settlement_id": "S0089", "dl_mbps": 44.228, "ul_mbps": 6.239, "latency_ms": 51.0, "n_tests": 535, "n_tiles": 27, "evidence_tier": "measured", "n_schools_3km": 3, "n_clinics_3km": 0, "p_connectivity": 0.52692998204667862, "p_population": 0.7091561938958707, "p_institutions": 0.82405745062836622, "p_equity": 0.19195612431444242, "dipi": 55.0, "rank": 408.0, "stakes_score": null, "gap_rank": null }, "geometry": { "type": "Point", "coordinates": [ 115.7063199, 5.3639501 ] } },
{ "type": "Feature", "properties": { "name": "Kg. Gading", "place": "village", "pop_2km": 450, "seasonal_water_px": 0, "flood_prone": false, "rwi": -0.46533333333333332, "elevation_m": 36.0, "settlement_id": "S0090", "dl_mbps": 46.028, "ul_mbps": 6.323, "latency_ms": 48.0, "n_tests": 139, "n_tiles": 9, "evidence_tier": "measured", "n_schools_3km": 0, "n_clinics_3km": 0, "p_connectivity": 0.50179533213644523, "p_population": 0.32001795332136446, "p_institutions": 0.2755834829443447, "p_equity": 0.89762340036563071, "dipi": 50.2, "rank": 556.0, "stakes_score": null, "gap_rank": null }, "geometry": { "type": "Point", "coordinates": [ 115.918146, 5.4941292 ] } },
{ "type": "Feature", "properties": { "name": "Bongawan", "place": "town", "pop_2km": 5463, "seasonal_water_px": 18, "flood_prone": true, "rwi": 0.60866666666666669, "elevation_m": 8.0, "settlement_id": "S0091", "dl_mbps": 36.362, "ul_mbps": 7.479, "latency_ms": 47.0, "n_tests": 558, "n_tiles": 29, "evidence_tier": "measured", "n_schools_3km": 1, "n_clinics_3km": 0, "p_connectivity": 0.63464991023339323, "p_population": 0.77558348294434465, "p_institutions": 0.63420107719928187, "p_equity": 0.1343692870201097, "dipi": 57.0, "rank": 344.0, "stakes_score": null, "gap_rank": null }, "geometry": { "type": "Point", "coordinates": [ 115.8558147, 5.5402815 ] } },
{ "type": "Feature", "properties": { "name": "Kampung Jawa", "place": "village", "pop_2km": 3744, "seasonal_water_px": 0, "flood_prone": false, "rwi": 0.32366666666666671, "elevation_m": 8.0, "settlement_id": "S0092", "dl_mbps": 96.608, "ul_mbps": 19.8345, "latency_ms": 41.5, "n_tests": 768, "n_tiles": 28, "evidence_tier": "measured", "n_schools_3km": 0, "n_clinics_3km": 0, "p_connectivity": 0.22800718132854578, "p_population": 0.72082585278276479, "p_institutions": 0.2755834829443447, "p_equity": 0.2340036563071298, "dipi": 36.0, "rank": 989.0, "stakes_score": null, "gap_rank": null }, "geometry": { "type": "Point", "coordinates": [ 115.9125468, 5.622376 ] } },
{ "type": "Feature", "properties": { "name": "Kampung Ulu Kimanis", "place": "village", "pop_2km": 1099, "seasonal_water_px": 0, "flood_prone": false, "rwi": 0.069, "elevation_m": 24.0, "settlement_id": "S0093", "dl_mbps": 55.007, "ul_mbps": 5.023, "latency_ms": 49.0, "n_tests": 35, "n_tiles": 8, "evidence_tier": "measured", "n_schools_3km": 0, "n_clinics_3km": 0, "p_connectivity": 0.4111310592459605, "p_population": 0.52423698384201078, "p_institutions": 0.2755834829443447, "p_equity": 0.40036563071297987, "dipi": 41.7, "rank": 832.0, "stakes_score": null, "gap_rank": null }, "geometry": { "type": "Point", "coordinates": [ 115.9623713, 5.5693002 ] } },
{ "type": "Feature", "properties": { "name": "Kampung Pimping", "place": "village", "pop_2km": 1020, "seasonal_water_px": 0, "flood_prone": false, "rwi": 0.115, "elevation_m": 15.0, "settlement_id": "S0094", "dl_mbps": 40.849, "ul_mbps": 14.5705, "latency_ms": 58.5, "n_tests": 127, "n_tiles": 7, "evidence_tier": "measured", "n_schools_3km": 0, "n_clinics_3km": 0, "p_connectivity": 0.57540394973070019, "p_population": 0.50493716337522443, "p_institutions": 0.2755834829443447, "p_equity": 0.36745886654478976, "dipi": 47.1, "rank": 651.0, "stakes_score": null, "gap_rank": null }, "geometry": { "type": "Point", "coordinates": [ 115.7525025, 5.5110905 ] } },
{ "type": "Feature", "properties": { "name": "Membakut", "place": "town", "pop_2km": 6398, "seasonal_water_px": 0, "flood_prone": false, "rwi": 0.6173333333333334, "elevation_m": 10.0, "settlement_id": "S0095", "dl_mbps": 39.673, "ul_mbps": 9.813, "latency_ms": 45.0, "n_tests": 391, "n_tiles": 23, "evidence_tier": "measured", "n_schools_3km": 0, "n_clinics_3km": 0, "p_connectivity": 0.58527827648114905, "p_population": 0.79622980251346498, "p_institutions": 0.2755834829443447, "p_equity": 0.13162705667276051, "dipi": 50.1, "rank": 558.0, "stakes_score": null, "gap_rank": null }, "geometry": { "type": "Point", "coordinates": [ 115.8034703, 5.4752882 ] } },
{ "type": "Feature", "properties": { "name": "Kemabong", "place": "town", "pop_2km": 6117, "seasonal_water_px": 51, "flood_prone": true, "rwi": 0.526, "elevation_m": 236.0, "settlement_id": "S0096", "dl_mbps": 41.189, "ul_mbps": 9.493, "latency_ms": 49.0, "n_tests": 315, "n_tiles": 17, "evidence_tier": "measured", "n_schools_3km": 0, "n_clinics_3km": 0, "p_connectivity": 0.57360861759425497, "p_population": 0.78904847396768407, "p_institutions": 0.2755834829443447, "p_equity": 0.15447897623400367, "dipi": 49.9, "rank": 564.0, "stakes_score": null, "gap_rank": null }, "geometry": { "type": "Point", "coordinates": [ 115.9178894, 4.9137172 ] } },
{ "type": "Feature", "properties": { "name": "Kampung Pantai", "place": "village", "pop_2km": 6108, "seasonal_water_px": 0, "flood_prone": false, "rwi": 0.6123333333333334, "elevation_m": 46.0, "settlement_id": "S0098", "dl_mbps": 49.449, "ul_mbps": 6.6445, "latency_ms": 43.5, "n_tests": 205, "n_tiles": 20, "evidence_tier": "measured", "n_schools_3km": 0, "n_clinics_3km": 1, "p_connectivity": 0.45332136445242371, "p_population": 0.78815080789946135, "p_institutions": 0.63420107719928187, "p_equity": 0.13345521023765997, "dipi": 50.0, "rank": 560.0, "stakes_score": null, "gap_rank": null }, "geometry": { "type": "Point", "coordinates": [ 115.5391794, 5.0091398 ] } },
{ "type": "Feature", "properties": { "name": "Masapol", "place": "town", "pop_2km": 1030, "seasonal_water_px": 2, "flood_prone": false, "rwi": 0.051666666666666666, "elevation_m": 21.0, "settlement_id": "S0099", "dl_mbps": 57.374, "ul_mbps": 10.727, "latency_ms": 44.0, "n_tests": 82, "n_tiles": 19, "evidence_tier": "measured", "n_schools_3km": 0, "n_clinics_3km": 0, "p_connectivity": 0.39946140035906641, "p_population": 0.5094254937163375, "p_institutions": 0.2755834829443447, "p_equity": 0.41773308957952465, "dipi": 41.2, "rank": 853.0, "stakes_score": null, "gap_rank": null }, "geometry": { "type": "Point", "coordinates": [ 115.5918648, 5.1071138 ] } },
{ "type": "Feature", "properties": { "name": "Kampung Malintatan", "place": "village", "pop_2km": 3026, "seasonal_water_px": 0, "flood_prone": false, "rwi": 0.523, "elevation_m": 26.0, "settlement_id": "S0101", "dl_mbps": 34.871, "ul_mbps": 6.01, "latency_ms": 47.0, "n_tests": 303, "n_tiles": 28, "evidence_tier": "measured", "n_schools_3km": 1, "n_clinics_3km": 1, "p_connectivity": 0.64901256732495516, "p_population": 0.6894075403949731, "p_institutions": 0.75987432675044886, "p_equity": 0.15676416819012798, "dipi": 57.7, "rank": 317.0, "stakes_score": null, "gap_rank": null }, "geometry": { "type": "Point", "coordinates": [ 115.5455903, 5.0480446 ] } },
{ "type": "Feature", "properties": { "name": "Kampung Layon", "place": "hamlet", "pop_2km": 0, "seasonal_water_px": 0, "flood_prone": false, "rwi": -0.1785, "elevation_m": 479.0, "settlement_id": "S0102", "dl_mbps": 45.58, "ul_mbps": 2.912, "latency_ms": 111.0, "n_tests": 31, "n_tiles": 3, "evidence_tier": "measured", "n_schools_3km": 2, "n_clinics_3km": 0, "p_connectivity": 0.51166965888689409, "p_population": 0.043536804308797125, "p_institutions": 0.75987432675044886, "p_equity": 0.63985374771480807, "dipi": 45.8, "rank": 694.0, "stakes_score": null, "gap_rank": null }, "geometry": { "type": "Point", "coordinates": [ 116.2648504, 4.8583807 ] } },
{ "type": "Feature", "properties": { "name": "Kampung Palakat", "place": "village", "pop_2km": 541, "seasonal_water_px": 117, "flood_prone": true, "rwi": 0.901, "elevation_m": 20.0, "settlement_id": "S0104", "dl_mbps": 69.132, "ul_mbps": 13.523, "latency_ms": 37.0, "n_tests": 200, "n_tiles": 15, "evidence_tier": "measured", "n_schools_3km": 0, "n_clinics_3km": 0, "p_connectivity": 0.34649910233393177, "p_population": 0.35502692998204666, "p_institutions": 0.2755834829443447, "p_equity": 0.061243144424131625, "dipi": 28.1, "rank": 1093.0, "stakes_score": null, "gap_rank": null }, "geometry": { "type": "Point", "coordinates": [ 115.557134, 5.117332 ] } },
{ "type": "Feature", "properties": { "name": "Mentalik", "place": "town", "pop_2km": 455, "seasonal_water_px": 79, "flood_prone": true, "rwi": 0.19225, "elevation_m": 188.0, "settlement_id": "S0105", "dl_mbps": 42.222, "ul_mbps": 16.419, "latency_ms": 56.0, "n_tests": 199, "n_tiles": 15, "evidence_tier": "measured", "n_schools_3km": 0, "n_clinics_3km": 0, "p_connectivity": 0.55206463195691202, "p_population": 0.32405745062836627, "p_institutions": 0.2755834829443447, "p_equity": 0.30484460694698357, "dipi": 40.4, "rank": 879.0, "stakes_score": null, "gap_rank": null }, "geometry": { "type": "Point", "coordinates": [ 115.9693573, 5.0730539 ] } },
{ "type": "Feature", "properties": { "name": "Kampung Lingkungan", "place": "village", "pop_2km": 220, "seasonal_water_px": 0, "flood_prone": false, "rwi": 0.154, "elevation_m": 20.0, "settlement_id": "S0107", "dl_mbps": 73.569, "ul_mbps": 6.7725, "latency_ms": 42.0, "n_tests": 40, "n_tiles": 10, "evidence_tier": "measured", "n_schools_3km": 0, "n_clinics_3km": 0, "p_connectivity": 0.32764811490125673, "p_population": 0.1947935368043088, "p_institutions": 0.2755834829443447, "p_equity": 0.33592321755027421, "dipi": 28.8, "rank": 1090.0, "stakes_score": null, "gap_rank": null }, "geometry": { "type": "Point", "coordinates": [ 115.6362248, 5.2010737 ] } },
{ "type": "Feature", "properties": { "name": "Kampung Malana", "place": "village", "pop_2km": 192, "seasonal_water_px": 4, "flood_prone": false, "rwi": 0.299, "elevation_m": 26.0, "settlement_id": "S0109", "dl_mbps": 78.3625, "ul_mbps": 12.1235, "latency_ms": 58.5, "n_tests": 20, "n_tiles": 8, "evidence_tier": "measured", "n_schools_3km": 0, "n_clinics_3km": 0, "p_connectivity": 0.29982046678635549, "p_population": 0.17324955116696589, "p_institutions": 0.2755834829443447, "p_equity": 0.24680073126142596, "dipi": 25.4, "rank": 1108.0, "stakes_score": null, "gap_rank": null }, "geometry": { "type": "Point", "coordinates": [ 115.6429305, 5.1247727 ] } },
{ "type": "Feature", "properties": { "name": "Kampung Paal", "place": "village", "pop_2km": 1260, "seasonal_water_px": 0, "flood_prone": false, "rwi": -0.374, "elevation_m": 231.0, "settlement_id": "S0111", "dl_mbps": 58.644, "ul_mbps": 7.501, "latency_ms": 65.0, "n_tests": 44, "n_tiles": 8, "evidence_tier": "measured", "n_schools_3km": 0, "n_clinics_3km": 1, "p_connectivity": 0.39317773788150806, "p_population": 0.56014362657091565, "p_institutions": 0.63420107719928187, "p_equity": 0.82495429616087756, "dipi": 55.7, "rank": 386.0, "stakes_score": null, "gap_rank": null }, "geometry": { "type": "Point", "coordinates": [ 115.9059101, 5.0186735 ] } },
{ "type": "Feature", "properties": { "name": "Kampung Gadong", "place": "village", "pop_2km": 1627, "seasonal_water_px": 170, "flood_prone": true, "rwi": 0.359, "elevation_m": 14.0, "settlement_id": "S0113", "dl_mbps": 22.896, "ul_mbps": 4.982, "latency_ms": 49.0, "n_tests": 86, "n_tiles": 14, "evidence_tier": "measured", "n_schools_3km": 0, "n_clinics_3km": 0, "p_connectivity": 0.82585278276481144, "p_population": 0.59605026929982041, "p_institutions": 0.2755834829443447, "p_equity": 0.21937842778793418, "dipi": 56.5, "rank": 360.0, "stakes_score": null, "gap_rank": null }, "geometry": { "type": "Point", "coordinates": [ 115.6085704, 5.3493525 ] } },
{ "type": "Feature", "properties": { "name": "Sook", "place": "town", "pop_2km": 2119, "seasonal_water_px": 2, "flood_prone": false, "rwi": -0.17166666666666666, "elevation_m": 355.0, "settlement_id": "S0114", "dl_mbps": 37.442, "ul_mbps": 8.9055, "latency_ms": 51.5, "n_tests": 230, "n_tiles": 12, "evidence_tier": "measured", "n_schools_3km": 0, "n_clinics_3km": 1, "p_connectivity": 0.61759425493716336, "p_population": 0.63375224416517051, "p_institutions": 0.63420107719928187, "p_equity": 0.63117001828153563, "dipi": 62.7, "rank": 151.0, "stakes_score": null, "gap_rank": null }, "geometry": { "type": "Point", "coordinates": [ 116.289617, 5.1423979 ] } },
{ "type": "Feature", "properties": { "name": "Kampung Laboi", "place": "village", "pop_2km": 823, "seasonal_water_px": 0, "flood_prone": false, "rwi": 0.067, "elevation_m": 27.0, "settlement_id": "S0115", "dl_mbps": 41.3065, "ul_mbps": 5.785, "latency_ms": 47.5, "n_tests": 43, "n_tiles": 11, "evidence_tier": "measured", "n_schools_3km": 0, "n_clinics_3km": 0, "p_connectivity": 0.57271095152603235, "p_population": 0.4398563734290844, "p_institutions": 0.2755834829443447, "p_equity": 0.40127970749542963, "dipi": 46.1, "rank": 683.0, "stakes_score": null, "gap_rank": null }, "geometry": { "type": "Point", "coordinates": [ 115.6539176, 5.2330561 ] } },
{ "type": "Feature", "properties": { "name": "Nabawan", "place": "town", "pop_2km": 14132, "seasonal_water_px": 0, "flood_prone": false, "rwi": 0.143, "elevation_m": 462.0, "settlement_id": "S0116", "dl_mbps": 60.082, "ul_mbps": 21.832, "latency_ms": 59.0, "n_tests": 175, "n_tiles": 12, "evidence_tier": "measured", "n_schools_3km": 2, "n_clinics_3km": 1, "p_connectivity": 0.38554757630161579, "p_population": 0.90305206463195686, "p_institutions": 0.82405745062836622, "p_equity": 0.35191956124314444, "dipi": 57.4, "rank": 328.0, "stakes_score": null, "gap_rank": null }, "geometry": { "type": "Point", "coordinates": [ 116.4258286, 5.0397345 ] } },
{ "type": "Feature", "properties": { "name": "Weston", "place": "town", "pop_2km": 876, "seasonal_water_px": 56, "flood_prone": true, "rwi": 0.708, "elevation_m": 6.0, "settlement_id": "S0117", "dl_mbps": 66.649, "ul_mbps": 8.315, "latency_ms": 24.0, "n_tests": 13, "n_tiles": 5, "evidence_tier": "low_evidence", "n_schools_3km": 0, "n_clinics_3km": 0, "p_connectivity": 0.35547576301615796, "p_population": 0.4622980251346499, "p_institutions": 0.2755834829443447, "p_equity": 0.10420475319926874, "dipi": 32.0, "rank": 1044.0, "stakes_score": null, "gap_rank": null }, "geometry": { "type": "Point", "coordinates": [ 115.6057549, 5.2125971 ] } },
{ "type": "Feature", "properties": { "name": "Kampung Lobou", "place": "village", "pop_2km": 11267, "seasonal_water_px": 0, "flood_prone": false, "rwi": 0.022, "elevation_m": 605.0, "settlement_id": "S0118", "dl_mbps": 64.85, "ul_mbps": 21.832, "latency_ms": 51.0, "n_tests": 273, "n_tiles": 13, "evidence_tier": "measured", "n_schools_3km": 2, "n_clinics_3km": 1, "p_connectivity": 0.3635547576301616, "p_population": 0.8734290843806104, "p_institutions": 0.82405745062836622, "p_equity": 0.44789762340036565, "dipi": 57.7, "rank": 317.0, "stakes_score": null, "gap_rank": null }, "geometry": { "type": "Point", "coordinates": [ 116.430182, 5.0539935 ] } },
{ "type": "Feature", "properties": { "name": "Kampung Padas Damit", "place": "village", "pop_2km": 722, "seasonal_water_px": 0, "flood_prone": false, "rwi": 0.044, "elevation_m": 17.0, "settlement_id": "S0119", "dl_mbps": 48.824, "ul_mbps": 7.95, "latency_ms": 59.0, "n_tests": 43, "n_tiles": 14, "evidence_tier": "measured", "n_schools_3km": 0, "n_clinics_3km": 0, "p_connectivity": 0.46050269299820468, "p_population": 0.40798922800718135, "p_institutions": 0.2755834829443447, "p_equity": 0.42504570383912249, "dipi": 41.3, "rank": 850.0, "stakes_score": null, "gap_rank": null }, "geometry": { "type": "Point", "coordinates": [ 115.563127, 5.3315352 ] } },
{ "type": "Feature", "properties": { "name": "Kampung Agis", "place": "hamlet", "pop_2km": 217, "seasonal_water_px": 76, "flood_prone": true, "rwi": null, "elevation_m": 152.0, "settlement_id": "S0121", "dl_mbps": 0.359, "ul_mbps": 2.1535, "latency_ms": 645.5, "n_tests": 5, "n_tiles": 1, "evidence_tier": "low_evidence", "n_schools_3km": 1, "n_clinics_3km": 0, "p_connectivity": 0.9968581687612208, "p_population": 0.19299820466786355, "p_institutions": 0.63420107719928187, "p_equity": 0.5, "dipi": 64.2, "rank": 113.0, "stakes_score": null, "gap_rank": null }, "geometry": { "type": "Point", "coordinates": [ 116.4509623, 4.5985524 ] } },
{ "type": "Feature", "properties": { "name": "Maligan", "place": "village", "pop_2km": 45, "seasonal_water_px": 11, "flood_prone": true, "rwi": -0.3455, "elevation_m": 607.0, "settlement_id": "S0124", "dl_mbps": 42.14, "ul_mbps": 3.863, "latency_ms": 59.0, "n_tests": 6, "n_tiles": 2, "evidence_tier": "low_evidence", "n_schools_3km": 0, "n_clinics_3km": 0, "p_connectivity": 0.55385996409335725, "p_population": 0.096947935368043081, "p_institutions": 0.2755834829443447, "p_equity": 0.79890310786106034, "dipi": 44.7, "rank": 720.0, "stakes_score": null, "gap_rank": null }, "geometry": { "type": "Point", "coordinates": [ 115.7073142, 4.6792068 ] } },
{ "type": "Feature", "properties": { "name": "Labiron", "place": "village", "pop_2km": 76, "seasonal_water_px": 1, "flood_prone": false, "rwi": -0.545, "elevation_m": 581.0, "settlement_id": "S0125", "dl_mbps": 80.366, "ul_mbps": 5.344, "latency_ms": 51.5, "n_tests": 7, "n_tiles": 2, "evidence_tier": "low_evidence", "n_schools_3km": 0, "n_clinics_3km": 0, "p_connectivity": 0.29084380610412924, "p_population": 0.10682226211849193, "p_institutions": 0.2755834829443447, "p_equity": 0.94972577696526506, "dipi": 37.4, "rank": 958.0, "stakes_score": null, "gap_rank": null }, "geometry": { "type": "Point", "coordinates": [ 115.7376574, 4.6710384 ] } },
{ "type": "Feature", "properties": { "name": "Paitan", "place": "town", "pop_2km": 362, "seasonal_water_px": 63, "flood_prone": true, "rwi": -0.16233333333333333, "elevation_m": 11.0, "settlement_id": "S0126", "dl_mbps": 51.1225, "ul_mbps": 22.825, "latency_ms": 72.0, "n_tests": 268, "n_tiles": 14, "evidence_tier": "measured", "n_schools_3km": 1, "n_clinics_3km": 0, "p_connectivity": 0.44075403949730702, "p_population": 0.26840215439856374, "p_institutions": 0.63420107719928187, "p_equity": 0.62157221206581348, "dipi": 46.3, "rank": 679.0, "stakes_score": null, "gap_rank": null }, "geometry": { "type": "Point", "coordinates": [ 117.3972184, 6.4068083 ] } },
{ "type": "Feature", "properties": { "name": "Balaron", "place": "village", "pop_2km": 546, "seasonal_water_px": 59, "flood_prone": true, "rwi": null, "elevation_m": 286.0, "settlement_id": "S0130", "dl_mbps": 111.298, "ul_mbps": 8.981, "latency_ms": 55.5, "n_tests": 7, "n_tiles": 4, "evidence_tier": "low_evidence", "n_schools_3km": 0, "n_clinics_3km": 0, "p_connectivity": 0.19075403949730702, "p_population": 0.35816876122082586, "p_institutions": 0.2755834829443447, "p_equity": 0.5, "dipi": 30.7, "rank": 1066.0, "stakes_score": null, "gap_rank": null }, "geometry": { "type": "Point", "coordinates": [ 116.4422487, 4.7181021 ] } },
{ "type": "Feature", "properties": { "name": "Menggatal", "place": "town", "pop_2km": 43833, "seasonal_water_px": 7, "flood_prone": true, "rwi": 1.1395, "elevation_m": 14.0, "settlement_id": "S0131", "dl_mbps": 165.457, "ul_mbps": 33.9895, "latency_ms": 36.0, "n_tests": 6251, "n_tiles": 46, "evidence_tier": "measured", "n_schools_3km": 1, "n_clinics_3km": 0, "p_connectivity": 0.0933572710951526, "p_population": 0.98384201077199285, "p_institutions": 0.63420107719928187, "p_equity": 0.0082266910420475316, "dipi": 38.0, "rank": 939.0, "stakes_score": null, "gap_rank": null }, "geometry": { "type": "Point", "coordinates": [ 116.1580498, 6.0301847 ] } },
{ "type": "Feature", "properties": { "name": "Kampung Kiulu", "place": "village", "pop_2km": 1127, "seasonal_water_px": 28, "flood_prone": true, "rwi": 0.03075, "elevation_m": 187.0, "settlement_id": "S0132", "dl_mbps": 25.944, "ul_mbps": 3.156, "latency_ms": 39.0, "n_tests": 118, "n_tiles": 14, "evidence_tier": "measured", "n_schools_3km": 0, "n_clinics_3km": 0, "p_connectivity": 0.77782764811490124, "p_population": 0.52782764811490124, "p_institutions": 0.2755834829443447, "p_equity": 0.44012797074954296, "dipi": 57.2, "rank": 334.0, "stakes_score": null, "gap_rank": null }, "geometry": { "type": "Point", "coordinates": [ 116.2835896, 6.0508758 ] } },
{ "type": "Feature", "properties": { "name": "Kampung Kamarin", "place": "village", "pop_2km": 405, "seasonal_water_px": 5, "flood_prone": true, "rwi": 0.1005, "elevation_m": 170.0, "settlement_id": "S0133", "dl_mbps": 83.3665, "ul_mbps": 16.175, "latency_ms": 18.5, "n_tests": 7, "n_tiles": 2, "evidence_tier": "low_evidence", "n_schools_3km": 0, "n_clinics_3km": 0, "p_connectivity": 0.27917414721723521, "p_population": 0.29084380610412924, "p_institutions": 0.2755834829443447, "p_equity": 0.38208409506398539, "dipi": 30.2, "rank": 1073.0, "stakes_score": null, "gap_rank": null }, "geometry": { "type": "Point", "coordinates": [ 116.3122994, 5.9920618 ] } },
{ "type": "Feature", "properties": { "name": "Kionsom", "place": "village", "pop_2km": 3868, "seasonal_water_px": 0, "flood_prone": false, "rwi": 0.513, "elevation_m": 198.0, "settlement_id": "S0134", "dl_mbps": 76.955, "ul_mbps": 13.849, "latency_ms": 41.0, "n_tests": 535, "n_tiles": 22, "evidence_tier": "measured", "n_schools_3km": 0, "n_clinics_3km": 0, "p_connectivity": 0.30700179533213645, "p_population": 0.72710951526032319, "p_institutions": 0.2755834829443447, "p_equity": 0.16270566727605118, "dipi": 37.8, "rank": 947.0, "stakes_score": null, "gap_rank": null }, "geometry": { "type": "Point", "coordinates": [ 116.1813025, 5.9647408 ] } },
{ "type": "Feature", "properties": { "name": "Kampung Wangkang", "place": "village", "pop_2km": 568, "seasonal_water_px": 0, "flood_prone": false, "rwi": 0.11233333333333334, "elevation_m": 28.0, "settlement_id": "S0135", "dl_mbps": 33.535, "ul_mbps": 3.3455, "latency_ms": 58.0, "n_tests": 164, "n_tiles": 11, "evidence_tier": "measured", "n_schools_3km": 1, "n_clinics_3km": 0, "p_connectivity": 0.66696588868940754, "p_population": 0.36535008976660682, "p_institutions": 0.63420107719928187, "p_equity": 0.36928702010968922, "dipi": 52.7, "rank": 477.0, "stakes_score": null, "gap_rank": null }, "geometry": { "type": "Point", "coordinates": [ 115.5361321, 5.5142364 ] } },
{ "type": "Feature", "properties": { "name": "Kampung Dudar", "place": "village", "pop_2km": 319, "seasonal_water_px": 0, "flood_prone": false, "rwi": 0.25633333333333336, "elevation_m": 15.0, "settlement_id": "S0137", "dl_mbps": 61.428, "ul_mbps": 13.379, "latency_ms": 42.0, "n_tests": 15, "n_tiles": 8, "evidence_tier": "low_evidence", "n_schools_3km": 0, "n_clinics_3km": 1, "p_connectivity": 0.38150807899461403, "p_population": 0.25583482944344704, "p_institutions": 0.63420107719928187, "p_equity": 0.27148080438756855, "dipi": 36.6, "rank": 977.0, "stakes_score": null, "gap_rank": null }, "geometry": { "type": "Point", "coordinates": [ 116.5675257, 6.59418 ] } },
{ "type": "Feature", "properties": { "name": "Surusop", "place": "village", "pop_2km": 2784, "seasonal_water_px": 51, "flood_prone": true, "rwi": -0.22633333333333336, "elevation_m": 4.0, "settlement_id": "S0138", "dl_mbps": 182.105, "ul_mbps": 34.167, "latency_ms": 36.0, "n_tests": 60, "n_tiles": 7, "evidence_tier": "measured", "n_schools_3km": 0, "n_clinics_3km": 0, "p_connectivity": 0.068222621184919216, "p_population": 0.6714542190305206, "p_institutions": 0.2755834829443447, "p_equity": 0.68281535648994518, "dipi": 37.3, "rank": 962.0, "stakes_score": null, "gap_rank": null }, "geometry": { "type": "Point", "coordinates": [ 116.2403592, 6.2478396 ] } },
{ "type": "Feature", "properties": { "name": "Kampung Bolong", "place": "village", "pop_2km": 6513, "seasonal_water_px": 49, "flood_prone": true, "rwi": 0.52466666666666661, "elevation_m": 13.0, "settlement_id": "S0139", "dl_mbps": 117.739, "ul_mbps": 25.608, "latency_ms": 40.0, "n_tests": 422, "n_tiles": 27, "evidence_tier": "measured", "n_schools_3km": 0, "n_clinics_3km": 0, "p_connectivity": 0.17504488330341114, "p_population": 0.79982046678635543, "p_institutions": 0.2755834829443447, "p_equity": 0.15539305301645337, "dipi": 34.2, "rank": 1016.0, "stakes_score": null, "gap_rank": null }, "geometry": { "type": "Point", "coordinates": [ 116.192204, 6.2031481 ] } },
{ "type": "Feature", "properties": { "name": "Tuaran", "place": "town", "pop_2km": 10485, "seasonal_water_px": 86, "flood_prone": true, "rwi": 0.65333333333333332, "elevation_m": 15.0, "settlement_id": "S0140", "dl_mbps": 168.913, "ul_mbps": 26.9795, "latency_ms": 36.0, "n_tests": 2424, "n_tiles": 40, "evidence_tier": "measured", "n_schools_3km": 9, "n_clinics_3km": 1, "p_connectivity": 0.08707360861759425, "p_population": 0.86265709156193893, "p_institutions": 0.93716337522441651, "p_equity": 0.11882998171846434, "dipi": 41.5, "rank": 839.0, "stakes_score": null, "gap_rank": null }, "geometry": { "type": "Point", "coordinates": [ 116.2328137, 6.1762851 ] } },
{ "type": "Feature", "properties": { "name": "Kampung Berungis", "place": "village", "pop_2km": 13214, "seasonal_water_px": 0, "flood_prone": false, "rwi": 0.867, "elevation_m": 11.0, "settlement_id": "S0141", "dl_mbps": 185.632, "ul_mbps": 26.5295, "latency_ms": 35.0, "n_tests": 1105, "n_tiles": 32, "evidence_tier": "measured", "n_schools_3km": 7, "n_clinics_3km": 3, "p_connectivity": 0.063285457809694787, "p_population": 0.89407540394973073, "p_institutions": 0.93716337522441651, "p_equity": 0.068555758683729429, "dipi": 40.3, "rank": 882.0, "stakes_score": null, "gap_rank": null }, "geometry": { "type": "Point", "coordinates": [ 116.2214943, 6.1511982 ] } },
{ "type": "Feature", "properties": { "name": "Kg. Saguan", "place": "village", "pop_2km": 272, "seasonal_water_px": 0, "flood_prone": false, "rwi": -0.345, "elevation_m": 65.0, "settlement_id": "S0145", "dl_mbps": 272.083, "ul_mbps": 33.309, "latency_ms": 21.0, "n_tests": 13, "n_tiles": 3, "evidence_tier": "low_evidence", "n_schools_3km": 0, "n_clinics_3km": 0, "p_connectivity": 0.0080789946140035901, "p_population": 0.22531418312387791, "p_institutions": 0.2755834829443447, "p_equity": 0.79798903107861063, "dipi": 26.0, "rank": 1106.0, "stakes_score": null, "gap_rank": null }, "geometry": { "type": "Point", "coordinates": [ 116.8381955, 5.2551994 ] } },
{ "type": "Feature", "properties": { "name": "Kampung Bangsai", "place": "village", "pop_2km": 2226, "seasonal_water_px": 16, "flood_prone": true, "rwi": 0.182, "elevation_m": 17.0, "settlement_id": "S0149", "dl_mbps": 21.6925, "ul_mbps": 2.1435, "latency_ms": 45.5, "n_tests": 63, "n_tiles": 9, "evidence_tier": "measured", "n_schools_3km": 0, "n_clinics_3km": 0, "p_connectivity": 0.84649910233393177, "p_population": 0.64272890484739675, "p_institutions": 0.2755834829443447, "p_equity": 0.3117001828153565, "dipi": 60.3, "rank": 217.0, "stakes_score": null, "gap_rank": null }, "geometry": { "type": "Point", "coordinates": [ 115.5327708, 5.4716727 ] } },
{ "type": "Feature", "properties": { "name": "Kalugus", "place": "town", "pop_2km": 274, "seasonal_water_px": 0, "flood_prone": false, "rwi": -0.1535, "elevation_m": 37.0, "settlement_id": "S0150", "dl_mbps": 12.521, "ul_mbps": 2.055, "latency_ms": 60.0, "n_tests": 77, "n_tiles": 12, "evidence_tier": "measured", "n_schools_3km": 0, "n_clinics_3km": 0, "p_connectivity": 0.93267504488330344, "p_population": 0.22710951526032316, "p_institutions": 0.2755834829443447, "p_equity": 0.61425959780621575, "dipi": 59.4, "rank": 261.0, "stakes_score": null, "gap_rank": null }, "geometry": { "type": "Point", "coordinates": [ 115.4466707, 5.4206631 ] } },
{ "type": "Feature", "properties": { "name": "Kampung Kuala Karamuak", "place": "village", "pop_2km": 533, "seasonal_water_px": 78, "flood_prone": true, "rwi": -0.256, "elevation_m": 49.0, "settlement_id": "S0151", "dl_mbps": 25.3025, "ul_mbps": 0.534, "latency_ms": 58.5, "n_tests": 10, "n_tiles": 2, "evidence_tier": "low_evidence", "n_schools_3km": 0, "n_clinics_3km": 0, "p_connectivity": 0.78366247755834828, "p_population": 0.35008976660682228, "p_institutions": 0.2755834829443447, "p_equity": 0.70566727605118829, "dipi": 58.3, "rank": 290.0, "stakes_score": null, "gap_rank": null }, "geometry": { "type": "Point", "coordinates": [ 117.2104656, 5.2870807 ] } },
{ "type": "Feature", "properties": { "name": "Beaufort", "place": "town", "pop_2km": 11328, "seasonal_water_px": 67, "flood_prone": true, "rwi": 0.67666666666666675, "elevation_m": 14.0, "settlement_id": "S0152", "dl_mbps": 102.916, "ul_mbps": 20.342, "latency_ms": 42.0, "n_tests": 2288, "n_tiles": 28, "evidence_tier": "measured", "n_schools_3km": 10, "n_clinics_3km": 4, "p_connectivity": 0.21095152603231598, "p_population": 0.87612208258527824, "p_institutions": 0.97576301615798922, "p_equity": 0.11380255941499086, "dipi": 47.3, "rank": 647.0, "stakes_score": null, "gap_rank": null }, "geometry": { "type": "Point", "coordinates": [ 115.7430094, 5.3470611 ] } },
{ "type": "Feature", "properties": { "name": "Tenom", "place": "town", "pop_2km": 11127, "seasonal_water_px": 32, "flood_prone": true, "rwi": 0.76233333333333331, "elevation_m": 181.0, "settlement_id": "S0153", "dl_mbps": 44.436, "ul_mbps": 13.936, "latency_ms": 50.0, "n_tests": 1485, "n_tiles": 25, "evidence_tier": "measured", "n_schools_3km": 7, "n_clinics_3km": 2, "p_connectivity": 0.52603231597845601, "p_population": 0.87073608617594256, "p_institutions": 0.92504488330341117, "p_equity": 0.08957952468007313, "dipi": 58.5, "rank": 285.0, "stakes_score": null, "gap_rank": null }, "geometry": { "type": "Point", "coordinates": [ 115.941709, 5.1213163 ] } },
{ "type": "Feature", "properties": { "name": "Keningau", "place": "city", "pop_2km": 25763, "seasonal_water_px": 8, "flood_prone": true, "rwi": 0.64375, "elevation_m": 279.0, "settlement_id": "S0154", "dl_mbps": 174.0235, "ul_mbps": 36.8205, "latency_ms": 39.0, "n_tests": 5846, "n_tiles": 49, "evidence_tier": "measured", "n_schools_3km": 12, "n_clinics_3km": 1, "p_connectivity": 0.07899461400359066, "p_population": 0.96409335727109513, "p_institutions": 0.96903052064631956, "p_equity": 0.12385740402193784, "dipi": 44.3, "rank": 730.0, "stakes_score": null, "gap_rank": null }, "geometry": { "type": "Point", "coordinates": [ 116.1523241, 5.3316751 ] } },
{ "type": "Feature", "properties": { "name": "Tambunan", "place": "town", "pop_2km": 8245, "seasonal_water_px": 4, "flood_prone": false, "rwi": 0.9615, "elevation_m": 562.0, "settlement_id": "S0155", "dl_mbps": 44.162, "ul_mbps": 14.383, "latency_ms": 49.0, "n_tests": 958, "n_tiles": 32, "evidence_tier": "measured", "n_schools_3km": 5, "n_clinics_3km": 2, "p_connectivity": 0.52782764811490124, "p_population": 0.8285457809694794, "p_institutions": 0.90035906642728902, "p_equity": 0.042504570383912248, "dipi": 56.2, "rank": 371.0, "stakes_score": null, "gap_rank": null }, "geometry": { "type": "Point", "coordinates": [ 116.3655408, 5.6688001 ] } },
{ "type": "Feature", "properties": { "name": "Papar", "place": "town", "pop_2km": 14514, "seasonal_water_px": 108, "flood_prone": true, "rwi": 1.1513333333333333, "elevation_m": 8.0, "settlement_id": "S0156", "dl_mbps": 145.484, "ul_mbps": 23.509, "latency_ms": 38.0, "n_tests": 2053, "n_tiles": 35, "evidence_tier": "measured", "n_schools_3km": 14, "n_clinics_3km": 1, "p_connectivity": 0.13061041292639139, "p_population": 0.90933572710951527, "p_institutions": 0.97935368043087967, "p_equity": 0.0063985374771480807, "dipi": 42.8, "rank": 789.0, "stakes_score": null, "gap_rank": null }, "geometry": { "type": "Point", "coordinates": [ 115.9320971, 5.7330227 ] } },
{ "type": "Feature", "properties": { "name": "Sungai Sungai", "place": "village", "pop_2km": 106, "seasonal_water_px": 128, "flood_prone": true, "rwi": 0.04, "elevation_m": 17.0, "settlement_id": "S0157", "dl_mbps": 19.5155, "ul_mbps": 4.2825, "latency_ms": 61.0, "n_tests": 22, "n_tiles": 2, "evidence_tier": "low_evidence", "n_schools_3km": 1, "n_clinics_3km": 0, "p_connectivity": 0.88061041292639142, "p_population": 0.12926391382405744, "p_institutions": 0.63420107719928187, "p_equity": 0.42870201096892141, "dipi": 56.5, "rank": 360.0, "stakes_score": null, "gap_rank": null }, "geometry": { "type": "Point", "coordinates": [ 117.3697621, 6.2510893 ] } },
{ "type": "Feature", "properties": { "name": "Sipitang", "place": "town", "pop_2km": 4159, "seasonal_water_px": 63, "flood_prone": true, "rwi": 0.568, "elevation_m": 8.0, "settlement_id": "S0158", "dl_mbps": 90.916, "ul_mbps": 14.988, "latency_ms": 47.0, "n_tests": 364, "n_tiles": 17, "evidence_tier": "measured", "n_schools_3km": 1, "n_clinics_3km": 1, "p_connectivity": 0.25134649910233392, "p_population": 0.73788150807899466, "p_institutions": 0.75987432675044886, "p_equity": 0.14716636197440586, "dipi": 42.8, "rank": 789.0, "stakes_score": null, "gap_rank": null }, "geometry": { "type": "Point", "coordinates": [ 115.5494493, 5.0763734 ] } },
{ "type": "Feature", "properties": { "name": "Kampung Mempakul", "place": "village", "pop_2km": 2340, "seasonal_water_px": 53, "flood_prone": true, "rwi": 0.4315, "elevation_m": 16.0, "settlement_id": "S0159", "dl_mbps": 33.5005, "ul_mbps": 5.576, "latency_ms": 53.0, "n_tests": 137, "n_tiles": 5, "evidence_tier": "measured", "n_schools_3km": 0, "n_clinics_3km": 0, "p_connectivity": 0.66786355475763015, "p_population": 0.64991023339317777, "p_institutions": 0.2755834829443447, "p_equity": 0.19104204753199269, "dipi": 50.9, "rank": 546.0, "stakes_score": null, "gap_rank": null }, "geometry": { "type": "Point", "coordinates": [ 115.3584871, 5.2967088 ] } },
{ "type": "Feature", "properties": { "name": "Kuala Penyu", "place": "town", "pop_2km": 3204, "seasonal_water_px": 144, "flood_prone": true, "rwi": 0.734, "elevation_m": 11.0, "settlement_id": "S0160", "dl_mbps": 36.001, "ul_mbps": 6.2785, "latency_ms": 52.0, "n_tests": 201, "n_tiles": 15, "evidence_tier": "measured", "n_schools_3km": 0, "n_clinics_3km": 0, "p_connectivity": 0.63824057450628369, "p_population": 0.69299820466786355, "p_institutions": 0.2755834829443447, "p_equity": 0.098720292504570387, "dipi": 49.0, "rank": 594.0, "stakes_score": null, "gap_rank": null }, "geometry": { "type": "Point", "coordinates": [ 115.6008534, 5.5675507 ] } },
{ "type": "Feature", "properties": { "name": "Sapulut", "place": "village", "pop_2km": 624, "seasonal_water_px": 52, "flood_prone": true, "rwi": -0.10666666666666665, "elevation_m": 312.0, "settlement_id": "S0162", "dl_mbps": 20.0265, "ul_mbps": 7.629, "latency_ms": 71.5, "n_tests": 15, "n_tiles": 6, "evidence_tier": "low_evidence", "n_schools_3km": 0, "n_clinics_3km": 0, "p_connectivity": 0.86938958707360858, "p_population": 0.37881508078994613, "p_institutions": 0.2755834829443447, "p_equity": 0.56764168190127973, "dipi": 59.7, "rank": 244.0, "stakes_score": null, "gap_rank": null }, "geometry": { "type": "Point", "coordinates": [ 116.4807819, 4.7053675 ] } },
{ "type": "Feature", "properties": { "name": "Pinangah", "place": "village", "pop_2km": 1336, "seasonal_water_px": 100, "flood_prone": true, "rwi": -0.092, "elevation_m": 68.0, "settlement_id": "S0164", "dl_mbps": 32.637, "ul_mbps": 11.417, "latency_ms": 40.0, "n_tests": 149, "n_tiles": 7, "evidence_tier": "measured", "n_schools_3km": 0, "n_clinics_3km": 0, "p_connectivity": 0.68312387791741469, "p_population": 0.56732495511669656, "p_institutions": 0.2755834829443447, "p_equity": 0.55941499085923219, "dipi": 56.8, "rank": 349.0, "stakes_score": null, "gap_rank": null }, "geometry": { "type": "Point", "coordinates": [ 116.8352431, 5.2113004 ] } },
{ "type": "Feature", "properties": { "name": "Kudat", "place": "city", "pop_2km": 31537, "seasonal_water_px": 49, "flood_prone": true, "rwi": 0.774, "elevation_m": 10.0, "settlement_id": "S0165", "dl_mbps": 147.232, "ul_mbps": 36.057, "latency_ms": 43.0, "n_tests": 654, "n_tiles": 10, "evidence_tier": "measured", "n_schools_3km": 8, "n_clinics_3km": 0, "p_connectivity": 0.12926391382405744, "p_population": 0.97307001795332138, "p_institutions": 0.91382405745062834, "p_equity": 0.087751371115173671, "dipi": 45.0, "rank": 709.0, "stakes_score": null, "gap_rank": null }, "geometry": { "type": "Point", "coordinates": [ 116.8494435, 6.8824598 ] } },
{ "type": "Feature", "properties": { "name": "Kanibongan", "place": "village", "pop_2km": 1426, "seasonal_water_px": 0, "flood_prone": false, "rwi": -0.32466666666666671, "elevation_m": 16.0, "settlement_id": "S0166", "dl_mbps": 33.5495, "ul_mbps": 3.4665, "latency_ms": 66.5, "n_tests": 145, "n_tiles": 10, "evidence_tier": "measured", "n_schools_3km": 0, "n_clinics_3km": 0, "p_connectivity": 0.66606822262118492, "p_population": 0.57989228007181326, "p_institutions": 0.2755834829443447, "p_equity": 0.78016453382084094, "dipi": 60.9, "rank": 196.0, "stakes_score": null, "gap_rank": null }, "geometry": { "type": "Point", "coordinates": [ 117.2077305, 6.661511 ] } },
{ "type": "Feature", "properties": { "name": "Ranau", "place": "town", "pop_2km": 17657, "seasonal_water_px": 0, "flood_prone": false, "rwi": 0.736, "elevation_m": 543.0, "settlement_id": "S0168", "dl_mbps": 81.871, "ul_mbps": 14.524, "latency_ms": 44.0, "n_tests": 2587, "n_tiles": 35, "evidence_tier": "measured", "n_schools_3km": 7, "n_clinics_3km": 3, "p_connectivity": 0.28635547576301618, "p_population": 0.92818671454219026, "p_institutions": 0.93716337522441651, "p_equity": 0.097349177330895792, "dipi": 50.7, "rank": 551.0, "stakes_score": null, "gap_rank": null }, "geometry": { "type": "Point", "coordinates": [ 116.6662881, 5.9511437 ] } },
{ "type": "Feature", "properties": { "name": "Kota Belud", "place": "town", "pop_2km": 15322, "seasonal_water_px": 2, "flood_prone": false, "rwi": 1.1153333333333333, "elevation_m": 19.0, "settlement_id": "S0169", "dl_mbps": 131.656, "ul_mbps": 25.778, "latency_ms": 40.0, "n_tests": 2204, "n_tiles": 39, "evidence_tier": "measured", "n_schools_3km": 10, "n_clinics_3km": 6, "p_connectivity": 0.15170556552962297, "p_population": 0.91382405745062834, "p_institutions": 0.98294434470377023, "p_equity": 0.016453382084095063, "dipi": 44.0, "rank": 746.0, "stakes_score": null, "gap_rank": null }, "geometry": { "type": "Point", "coordinates": [ 116.4292891, 6.3497629 ] } },
{ "type": "Feature", "properties": { "name": "Donggongon", "place": "town", "pop_2km": 42897, "seasonal_water_px": 3, "flood_prone": false, "rwi": 0.90366666666666662, "elevation_m": 15.0, "settlement_id": "S0170", "dl_mbps": 230.705, "ul_mbps": 40.524, "latency_ms": 33.0, "n_tests": 6451, "n_tiles": 49, "evidence_tier": "measured", "n_schools_3km": 3, "n_clinics_3km": 4, "p_connectivity": 0.017055655296229804, "p_population": 0.98114901256732501, "p_institutions": 0.90035906642728902, "p_equity": 0.059414990859232172, "dipi": 39.9, "rank": 895.0, "stakes_score": null, "gap_rank": null }, "geometry": { "type": "Point", "coordinates": [ 116.0890694, 5.906508 ] } },
{ "type": "Feature", "properties": { "name": "Pitas", "place": "town", "pop_2km": 11078, "seasonal_water_px": 43, "flood_prone": true, "rwi": 0.42925, "elevation_m": 10.0, "settlement_id": "S0171", "dl_mbps": 42.092, "ul_mbps": 13.557, "latency_ms": 43.0, "n_tests": 283, "n_tiles": 23, "evidence_tier": "measured", "n_schools_3km": 0, "n_clinics_3km": 0, "p_connectivity": 0.55475763016157986, "p_population": 0.86983842010771995, "p_institutions": 0.2755834829443447, "p_equity": 0.19378427787934185, "dipi": 51.9, "rank": 515.0, "stakes_score": null, "gap_rank": null }, "geometry": { "type": "Point", "coordinates": [ 117.054365, 6.7303182 ] } },
{ "type": "Feature", "properties": { "name": "Matunggong", "place": "town", "pop_2km": 909, "seasonal_water_px": 0, "flood_prone": false, "rwi": 0.106, "elevation_m": 30.0, "settlement_id": "S0172", "dl_mbps": 22.479, "ul_mbps": 7.75, "latency_ms": 65.0, "n_tests": 21, "n_tiles": 7, "evidence_tier": "measured", "n_schools_3km": 0, "n_clinics_3km": 0, "p_connectivity": 0.83034111310592462, "p_population": 0.4744165170556553, "p_institutions": 0.2755834829443447, "p_equity": 0.37385740402193784, "dipi": 56.7, "rank": 350.0, "stakes_score": null, "gap_rank": null }, "geometry": { "type": "Point", "coordinates": [ 116.7225425, 6.7151333 ] } },
{ "type": "Feature", "properties": { "name": "Kota Marudu", "place": "town", "pop_2km": 16822, "seasonal_water_px": 0, "flood_prone": false, "rwi": 0.43025, "elevation_m": 13.0, "settlement_id": "S0173", "dl_mbps": 115.304, "ul_mbps": 21.434, "latency_ms": 40.0, "n_tests": 1858, "n_tiles": 37, "evidence_tier": "measured", "n_schools_3km": 3, "n_clinics_3km": 0, "p_connectivity": 0.17863554757630162, "p_population": 0.92190305206463197, "p_institutions": 0.82405745062836622, "p_equity": 0.19287020109689215, "dipi": 46.4, "rank": 676.0, "stakes_score": null, "gap_rank": null }, "geometry": { "type": "Point", "coordinates": [ 116.7617535, 6.4951419 ] } },
{ "type": "Feature", "properties": { "name": "Tawau", "place": "city", "pop_2km": 40114, "seasonal_water_px": 165, "flood_prone": true, "rwi": 1.093, "elevation_m": 16.0, "settlement_id": "S0174", "dl_mbps": 205.814, "ul_mbps": 43.072, "latency_ms": 43.0, "n_tests": 3883, "n_tiles": 18, "evidence_tier": "measured", "n_schools_3km": 7, "n_clinics_3km": 4, "p_connectivity": 0.043985637342908439, "p_population": 0.97666068222621183, "p_institutions": 0.94793536804308798, "p_equity": 0.021023765996343691, "dipi": 40.8, "rank": 867.0, "stakes_score": null, "gap_rank": null }, "geometry": { "type": "Point", "coordinates": [ 117.885331, 4.2435206 ] } },
{ "type": "Feature", "properties": { "name": "Sandakan", "place": "city", "pop_2km": 25562, "seasonal_water_px": 61, "flood_prone": true, "rwi": 1.337, "elevation_m": 8.0, "settlement_id": "S0175", "dl_mbps": 220.974, "ul_mbps": 35.243, "latency_ms": 41.0, "n_tests": 1453, "n_tiles": 17, "evidence_tier": "measured", "n_schools_3km": 12, "n_clinics_3km": 3, "p_connectivity": 0.026032315978456014, "p_population": 0.9622980251346499, "p_institutions": 0.97935368043087967, "p_equity": 0.0013711151736745886, "dipi": 39.8, "rank": 897.0, "stakes_score": null, "gap_rank": null }, "geometry": { "type": "Point", "coordinates": [ 118.1158598, 5.8391274 ] } },
{ "type": "Feature", "properties": { "name": "Semporna", "place": "town", "pop_2km": 41050, "seasonal_water_px": 513, "flood_prone": true, "rwi": 0.986, "elevation_m": 10.0, "settlement_id": "S0176", "dl_mbps": 128.873, "ul_mbps": 28.876, "latency_ms": 45.5, "n_tests": 1518, "n_tiles": 18, "evidence_tier": "measured", "n_schools_3km": 3, "n_clinics_3km": 2, "p_connectivity": 0.15888689407540396, "p_population": 0.97755834829443444, "p_institutions": 0.87477558348294437, "p_equity": 0.037477148080438755, "dipi": 44.7, "rank": 720.0, "stakes_score": null, "gap_rank": null }, "geometry": { "type": "Point", "coordinates": [ 118.6118806, 4.4790651 ] } },
{ "type": "Feature", "properties": { "name": "Lahad Datu", "place": "town", "pop_2km": 27807, "seasonal_water_px": 178, "flood_prone": true, "rwi": 1.1026666666666667, "elevation_m": 4.0, "settlement_id": "S0177", "dl_mbps": 179.325, "ul_mbps": 37.961, "latency_ms": 43.0, "n_tests": 2345, "n_tiles": 22, "evidence_tier": "measured", "n_schools_3km": 6, "n_clinics_3km": 4, "p_connectivity": 0.071813285457809697, "p_population": 0.96588868940754036, "p_institutions": 0.93716337522441651, "p_equity": 0.01736745886654479, "dipi": 41.4, "rank": 845.0, "stakes_score": null, "gap_rank": null }, "geometry": { "type": "Point", "coordinates": [ 118.3275533, 5.0215726 ] } },
{ "type": "Feature", "properties": { "name": "Kampung Betotai", "place": "village", "pop_2km": 828, "seasonal_water_px": 95, "flood_prone": true, "rwi": -0.476, "elevation_m": 9.0, "settlement_id": "S0178", "dl_mbps": 63.5045, "ul_mbps": 5.085, "latency_ms": 60.0, "n_tests": 16, "n_tiles": 7, "evidence_tier": "low_evidence", "n_schools_3km": 0, "n_clinics_3km": 0, "p_connectivity": 0.37073608617594256, "p_population": 0.44075403949730702, "p_institutions": 0.2755834829443447, "p_equity": 0.90082266910420472, "dipi": 48.0, "rank": 618.0, "stakes_score": null, "gap_rank": null }, "geometry": { "type": "Point", "coordinates": [ 116.2825212, 6.2383709 ] } },
{ "type": "Feature", "properties": { "name": "Kg. Kelawat", "place": "village", "pop_2km": 756, "seasonal_water_px": 150, "flood_prone": true, "rwi": -0.11833333333333333, "elevation_m": 87.0, "settlement_id": "S0179", "dl_mbps": 53.1925, "ul_mbps": 4.9845, "latency_ms": 44.0, "n_tests": 136, "n_tiles": 17, "evidence_tier": "measured", "n_schools_3km": 1, "n_clinics_3km": 0, "p_connectivity": 0.42549371633752242, "p_population": 0.41831238779174146, "p_institutions": 0.63420107719928187, "p_equity": 0.58043875685557589, "dipi": 48.6, "rank": 611.0, "stakes_score": null, "gap_rank": null }, "geometry": { "type": "Point", "coordinates": [ 116.3743229, 6.3240036 ] } },
{ "type": "Feature", "properties": { "name": "Kampung Tembayang", "place": "village", "pop_2km": 557, "seasonal_water_px": 8, "flood_prone": true, "rwi": -0.11366666666666665, "elevation_m": 20.0, "settlement_id": "S0180", "dl_mbps": 64.6085, "ul_mbps": 8.271, "latency_ms": 64.0, "n_tests": 13, "n_tiles": 4, "evidence_tier": "low_evidence", "n_schools_3km": 0, "n_clinics_3km": 0, "p_connectivity": 0.36445242369838421, "p_population": 0.3608617594254937, "p_institutions": 0.2755834829443447, "p_equity": 0.57586837294332727, "dipi": 39.3, "rank": 904.0, "stakes_score": null, "gap_rank": null }, "geometry": { "type": "Point", "coordinates": [ 115.3863577, 5.3947301 ] } },
{ "type": "Feature", "properties": { "name": "Kampung Kuala Sapi", "place": "village", "pop_2km": 784, "seasonal_water_px": 87, "flood_prone": true, "rwi": -0.555, "elevation_m": 10.0, "settlement_id": "S0181", "dl_mbps": 28.704, "ul_mbps": 12.288, "latency_ms": 61.0, "n_tests": 83, "n_tiles": 5, "evidence_tier": "measured", "n_schools_3km": 0, "n_clinics_3km": 0, "p_connectivity": 0.73384201077199285, "p_population": 0.42953321364452424, "p_institutions": 0.2755834829443447, "p_equity": 0.95612431444241319, "dipi": 63.3, "rank": 137.0, "stakes_score": null, "gap_rank": null }, "geometry": { "type": "Point", "coordinates": [ 117.4379987, 5.8241814 ] } },
{ "type": "Feature", "properties": { "name": "Kampung Bilit", "place": "hamlet", "pop_2km": 561, "seasonal_water_px": 86, "flood_prone": true, "rwi": -0.22233333333333336, "elevation_m": 27.0, "settlement_id": "S0182", "dl_mbps": 42.174, "ul_mbps": 12.5695, "latency_ms": 74.0, "n_tests": 191, "n_tiles": 9, "evidence_tier": "measured", "n_schools_3km": 0, "n_clinics_3km": 0, "p_connectivity": 0.55296229802513464, "p_population": 0.36175942549371631, "p_institutions": 0.2755834829443447, "p_equity": 0.67733089579524675, "dipi": 48.8, "rank": 604.0, "stakes_score": null, "gap_rank": null }, "geometry": { "type": "Point", "coordinates": [ 118.2079604, 5.4999089 ] } },
{ "type": "Feature", "properties": { "name": "Sukau", "place": "village", "pop_2km": 248, "seasonal_water_px": 60, "flood_prone": true, "rwi": 0.096666666666666679, "elevation_m": 16.0, "settlement_id": "S0183", "dl_mbps": 25.876, "ul_mbps": 7.007, "latency_ms": 70.0, "n_tests": 94, "n_tiles": 12, "evidence_tier": "measured", "n_schools_3km": 1, "n_clinics_3km": 1, "p_connectivity": 0.77917414721723521, "p_population": 0.21409335727109516, "p_institutions": 0.75987432675044886, "p_equity": 0.38299817184643509, "dipi": 55.6, "rank": 392.0, "stakes_score": null, "gap_rank": null }, "geometry": { "type": "Point", "coordinates": [ 118.2869938, 5.5097346 ] } },
{ "type": "Feature", "properties": { "name": "Kundasang", "place": "town", "pop_2km": 10147, "seasonal_water_px": 0, "flood_prone": false, "rwi": 0.916, "elevation_m": 1280.0, "settlement_id": "S0184", "dl_mbps": 26.026, "ul_mbps": 8.648, "latency_ms": 49.0, "n_tests": 1237, "n_tiles": 31, "evidence_tier": "measured", "n_schools_3km": 0, "n_clinics_3km": 1, "p_connectivity": 0.77378815080789942, "p_population": 0.85727109515260325, "p_institutions": 0.63420107719928187, "p_equity": 0.053473491773308957, "dipi": 63.0, "rank": 144.0, "stakes_score": null, "gap_rank": null }, "geometry": { "type": "Point", "coordinates": [ 116.5744809, 5.9857273 ] } },
{ "type": "Feature", "properties": { "name": "Pekan Nabalu", "place": "town", "pop_2km": 657, "seasonal_water_px": 0, "flood_prone": false, "rwi": -0.109, "elevation_m": 1011.0, "settlement_id": "S0185", "dl_mbps": 32.747, "ul_mbps": 12.262, "latency_ms": 43.0, "n_tests": 91, "n_tiles": 8, "evidence_tier": "measured", "n_schools_3km": 0, "n_clinics_3km": 1, "p_connectivity": 0.68132854578096946, "p_population": 0.38734290843806102, "p_institutions": 0.63420107719928187, "p_equity": 0.57129798903107865, "dipi": 57.9, "rank": 310.0, "stakes_score": null, "gap_rank": null }, "geometry": { "type": "Point", "coordinates": [ 116.4629369, 6.0282512 ] } },
{ "type": "Feature", "properties": { "name": "Kampung Kabatu", "place": "village", "pop_2km": 2300, "seasonal_water_px": 5, "flood_prone": true, "rwi": 0.0355, "elevation_m": 14.0, "settlement_id": "S0186", "dl_mbps": 48.509, "ul_mbps": 9.378, "latency_ms": 48.0, "n_tests": 335, "n_tiles": 17, "evidence_tier": "measured", "n_schools_3km": 0, "n_clinics_3km": 0, "p_connectivity": 0.4649910233393178, "p_population": 0.64542190305206459, "p_institutions": 0.2755834829443447, "p_equity": 0.43647166361974404, "dipi": 47.6, "rank": 640.0, "stakes_score": null, "gap_rank": null }, "geometry": { "type": "Point", "coordinates": [ 115.6876589, 5.3968433 ] } },
{ "type": "Feature", "properties": { "name": "Kampung Kabidang", "place": "village", "pop_2km": 2406, "seasonal_water_px": 0, "flood_prone": false, "rwi": 0.0355, "elevation_m": 10.0, "settlement_id": "S0187", "dl_mbps": 47.935, "ul_mbps": 8.543, "latency_ms": 48.0, "n_tests": 356, "n_tiles": 17, "evidence_tier": "measured", "n_schools_3km": 0, "n_clinics_3km": 0, "p_connectivity": 0.47037701974865348, "p_population": 0.65439856373429084, "p_institutions": 0.2755834829443447, "p_equity": 0.43647166361974404, "dipi": 48.0, "rank": 618.0, "stakes_score": null, "gap_rank": null }, "geometry": { "type": "Point", "coordinates": [ 115.6848433, 5.4023466 ] } },
{ "type": "Feature", "properties": { "name": "Kampung Klias Kecil", "place": "village", "pop_2km": 1010, "seasonal_water_px": 7, "flood_prone": true, "rwi": -0.0475, "elevation_m": 10.0, "settlement_id": "S0188", "dl_mbps": 53.425, "ul_mbps": 9.953, "latency_ms": 55.0, "n_tests": 91, "n_tiles": 11, "evidence_tier": "measured", "n_schools_3km": 0, "n_clinics_3km": 0, "p_connectivity": 0.42280071813285458, "p_population": 0.50179533213644523, "p_institutions": 0.2755834829443447, "p_equity": 0.520109689213894, "dipi": 44.0, "rank": 746.0, "stakes_score": null, "gap_rank": null }, "geometry": { "type": "Point", "coordinates": [ 115.6382102, 5.44141 ] } },
{ "type": "Feature", "properties": { "name": "Kampung Melabu", "place": "village", "pop_2km": 1762, "seasonal_water_px": 0, "flood_prone": false, "rwi": -0.036, "elevation_m": 21.0, "settlement_id": "S0189", "dl_mbps": 47.361, "ul_mbps": 3.803, "latency_ms": 54.0, "n_tests": 205, "n_tiles": 11, "evidence_tier": "measured", "n_schools_3km": 0, "n_clinics_3km": 0, "p_connectivity": 0.48204667863554757, "p_population": 0.60502692998204666, "p_institutions": 0.2755834829443447, "p_equity": 0.50365630712979892, "dipi": 48.6, "rank": 611.0, "stakes_score": null, "gap_rank": null }, "geometry": { "type": "Point", "coordinates": [ 115.6640257, 5.4223745 ] } },
{ "type": "Feature", "properties": { "name": "Kg. Nukahan", "place": "village", "pop_2km": 1190, "seasonal_water_px": 0, "flood_prone": false, "rwi": -0.364, "elevation_m": 6.0, "settlement_id": "S0190", "dl_mbps": 133.1085, "ul_mbps": 32.786, "latency_ms": 45.5, "n_tests": 162, "n_tiles": 6, "evidence_tier": "measured", "n_schools_3km": 0, "n_clinics_3km": 0, "p_connectivity": 0.14991023339317774, "p_population": 0.54219030520646316, "p_institutions": 0.2755834829443447, "p_equity": 0.81718464351005482, "dipi": 40.0, "rank": 890.0, "stakes_score": null, "gap_rank": null }, "geometry": { "type": "Point", "coordinates": [ 115.5891481, 5.4619507 ] } },
{ "type": "Feature", "properties": { "name": "Kampung Takuli", "place": "village", "pop_2km": 2053, "seasonal_water_px": 0, "flood_prone": false, "rwi": -0.079, "elevation_m": 14.0, "settlement_id": "S0191", "dl_mbps": 49.007, "ul_mbps": 6.784, "latency_ms": 51.0, "n_tests": 231, "n_tiles": 11, "evidence_tier": "measured", "n_schools_3km": 0, "n_clinics_3km": 0, "p_connectivity": 0.45825852782764809, "p_population": 0.62836624775583483, "p_institutions": 0.2755834829443447, "p_equity": 0.54570383912248632, "dipi": 49.1, "rank": 591.0, "stakes_score": null, "gap_rank": null }, "geometry": { "type": "Point", "coordinates": [ 115.6768857, 5.4164768 ] } },
{ "type": "Feature", "properties": { "name": "Kampung Kiau Nuluh", "place": "village", "pop_2km": 453, "seasonal_water_px": 0, "flood_prone": false, "rwi": -0.041, "elevation_m": 981.0, "settlement_id": "S0192", "dl_mbps": 55.622, "ul_mbps": 6.225, "latency_ms": 49.0, "n_tests": 16, "n_tiles": 7, "evidence_tier": "low_evidence", "n_schools_3km": 0, "n_clinics_3km": 0, "p_connectivity": 0.40843806104129265, "p_population": 0.32136445242369838, "p_institutions": 0.2755834829443447, "p_equity": 0.50822669104204754, "dipi": 38.7, "rank": 925.0, "stakes_score": null, "gap_rank": null }, "geometry": { "type": "Point", "coordinates": [ 116.4962608, 6.0467225 ] } },
{ "type": "Feature", "properties": { "name": "Kampung Berhala Darat", "place": "village", "pop_2km": 20059, "seasonal_water_px": 191, "flood_prone": true, "rwi": 1.337, "elevation_m": 1.0, "settlement_id": "S0193", "dl_mbps": 244.315, "ul_mbps": 42.149, "latency_ms": 36.5, "n_tests": 845, "n_tiles": 10, "evidence_tier": "measured", "n_schools_3km": 8, "n_clinics_3km": 1, "p_connectivity": 0.011220825852782765, "p_population": 0.94165170556552957, "p_institutions": 0.92504488330341117, "p_equity": 0.0013711151736745886, "dipi": 37.9, "rank": 942.0, "stakes_score": null, "gap_rank": null }, "geometry": { "type": "Point", "coordinates": [ 118.1307628, 5.8502094 ] } },
{ "type": "Feature", "properties": { "name": "Kampung Air Sim Sim", "place": "village", "pop_2km": 25398, "seasonal_water_px": 193, "flood_prone": true, "rwi": 1.308, "elevation_m": 1.0, "settlement_id": "S0194", "dl_mbps": 244.315, "ul_mbps": 42.149, "latency_ms": 38.5, "n_tests": 1086, "n_tiles": 10, "evidence_tier": "measured", "n_schools_3km": 9, "n_clinics_3km": 3, "p_connectivity": 0.011220825852782765, "p_population": 0.96050269299820468, "p_institutions": 0.95825852782764809, "p_equity": 0.0027422303473491772, "dipi": 38.9, "rank": 918.0, "stakes_score": null, "gap_rank": null }, "geometry": { "type": "Point", "coordinates": [ 118.1288334, 5.857127 ] } },
{ "type": "Feature", "properties": { "name": "Kampung Batu Putih", "place": "hamlet", "pop_2km": 6810, "seasonal_water_px": 124, "flood_prone": true, "rwi": 0.27766666666666667, "elevation_m": 6.0, "settlement_id": "S0195", "dl_mbps": 172.761, "ul_mbps": 25.781, "latency_ms": 42.0, "n_tests": 486, "n_tiles": 14, "evidence_tier": "measured", "n_schools_3km": 1, "n_clinics_3km": 0, "p_connectivity": 0.079892280071813288, "p_population": 0.80520646319569122, "p_institutions": 0.63420107719928187, "p_equity": 0.25868372943327239, "dipi": 38.0, "rank": 939.0, "stakes_score": null, "gap_rank": null }, "geometry": { "type": "Point", "coordinates": [ 118.0377354, 5.9145208 ] } },
{ "type": "Feature", "properties": { "name": "Kampung Sentosa", "place": "hamlet", "pop_2km": 939, "seasonal_water_px": 0, "flood_prone": false, "rwi": 0.2285, "elevation_m": 11.0, "settlement_id": "S0196", "dl_mbps": 90.946, "ul_mbps": 10.151, "latency_ms": 45.0, "n_tests": 99, "n_tiles": 13, "evidence_tier": "measured", "n_schools_3km": 0, "n_clinics_3km": 0, "p_connectivity": 0.25044883303411131, "p_population": 0.48473967684021546, "p_institutions": 0.2755834829443447, "p_equity": 0.28382084095063986, "dipi": 31.9, "rank": 1045.0, "stakes_score": null, "gap_rank": null }, "geometry": { "type": "Point", "coordinates": [ 118.014302, 5.9479941 ] } },
{ "type": "Feature", "properties": { "name": "Kg. Tinusa 2", "place": "village", "pop_2km": 17790, "seasonal_water_px": 268, "flood_prone": true, "rwi": 1.0933333333333335, "elevation_m": 0.0, "settlement_id": "S0197", "dl_mbps": 124.872, "ul_mbps": 25.383, "latency_ms": 43.0, "n_tests": 721, "n_tiles": 19, "evidence_tier": "measured", "n_schools_3km": 4, "n_clinics_3km": 0, "p_connectivity": 0.16517055655296231, "p_population": 0.93267504488330344, "p_institutions": 0.85592459605026927, "p_equity": 0.020109689213893969, "dipi": 43.2, "rank": 777.0, "stakes_score": null, "gap_rank": null }, "geometry": { "type": "Point", "coordinates": [ 118.091217, 5.8883739 ] } },
{ "type": "Feature", "properties": { "name": "Kampung Botol", "place": "hamlet", "pop_2km": 57596, "seasonal_water_px": 0, "flood_prone": false, "rwi": 1.12125, "elevation_m": 37.0, "settlement_id": "S0198", "dl_mbps": 189.728, "ul_mbps": 34.061, "latency_ms": 41.0, "n_tests": 2725, "n_tiles": 32, "evidence_tier": "measured", "n_schools_3km": 16, "n_clinics_3km": 4, "p_connectivity": 0.060143626570915619, "p_population": 0.99192100538599637, "p_institutions": 0.98563734290843807, "p_equity": 0.015539305301645339, "dipi": 42.3, "rank": 804.0, "stakes_score": null, "gap_rank": null }, "geometry": { "type": "Point", "coordinates": [ 118.1058852, 5.8519963 ] } },
{ "type": "Feature", "properties": { "name": "Kampung Pukat", "place": "hamlet", "pop_2km": 13696, "seasonal_water_px": 85, "flood_prone": true, "rwi": 0.7455, "elevation_m": 0.0, "settlement_id": "S0199", "dl_mbps": 202.9565, "ul_mbps": 37.389, "latency_ms": 46.0, "n_tests": 754, "n_tiles": 15, "evidence_tier": "measured", "n_schools_3km": 8, "n_clinics_3km": 0, "p_connectivity": 0.0466786355475763, "p_population": 0.89676840215439857, "p_institutions": 0.91382405745062834, "p_equity": 0.095063985374771481, "dipi": 39.9, "rank": 895.0, "stakes_score": null, "gap_rank": null }, "geometry": { "type": "Point", "coordinates": [ 118.0874576, 5.8291432 ] } },
{ "type": "Feature", "properties": { "name": "Batu Sapi", "place": "village", "pop_2km": 22216, "seasonal_water_px": 47, "flood_prone": true, "rwi": 1.006, "elevation_m": 2.0, "settlement_id": "S0200", "dl_mbps": 214.23, "ul_mbps": 46.6395, "latency_ms": 35.5, "n_tests": 261, "n_tiles": 12, "evidence_tier": "measured", "n_schools_3km": 3, "n_clinics_3km": 0, "p_connectivity": 0.034111310592459608, "p_population": 0.94793536804308798, "p_institutions": 0.82405745062836622, "p_equity": 0.035648994515539302, "dipi": 38.1, "rank": 937.0, "stakes_score": null, "gap_rank": null }, "geometry": { "type": "Point", "coordinates": [ 118.0445333, 5.8037817 ] } },
{ "type": "Feature", "properties": { "name": "Kg. Tinangol", "place": "village", "pop_2km": 1786, "seasonal_water_px": 0, "flood_prone": false, "rwi": -0.12033333333333331, "elevation_m": 23.0, "settlement_id": "S0201", "dl_mbps": 38.834, "ul_mbps": 4.289, "latency_ms": 50.0, "n_tests": 140, "n_tiles": 17, "evidence_tier": "measured", "n_schools_3km": 0, "n_clinics_3km": 0, "p_connectivity": 0.60053859964093359, "p_population": 0.60861759425493711, "p_institutions": 0.2755834829443447, "p_equity": 0.58318098720292499, "dipi": 55.0, "rank": 408.0, "stakes_score": null, "gap_rank": null }, "geometry": { "type": "Point", "coordinates": [ 116.7038484, 6.7723729 ] } },
{ "type": "Feature", "properties": { "name": "Kg Mengaris", "place": "village", "pop_2km": 1069, "seasonal_water_px": 157, "flood_prone": true, "rwi": 0.461, "elevation_m": 7.0, "settlement_id": "S0202", "dl_mbps": 53.272, "ul_mbps": 13.79, "latency_ms": 49.0, "n_tests": 143, "n_tiles": 7, "evidence_tier": "measured", "n_schools_3km": 2, "n_clinics_3km": 1, "p_connectivity": 0.4241472172351885, "p_population": 0.51705565529622977, "p_institutions": 0.82405745062836622, "p_equity": 0.18510054844606946, "dipi": 46.0, "rank": 686.0, "stakes_score": null, "gap_rank": null }, "geometry": { "type": "Point", "coordinates": [ 117.9501832, 5.4070377 ] } },
{ "type": "Feature", "properties": { "name": "Kg. Gum Gum", "place": "village", "pop_2km": 8559, "seasonal_water_px": 0, "flood_prone": false, "rwi": 0.39333333333333331, "elevation_m": 7.0, "settlement_id": "S0203", "dl_mbps": 70.779, "ul_mbps": 19.908, "latency_ms": 42.0, "n_tests": 357, "n_tiles": 18, "evidence_tier": "measured", "n_schools_3km": 2, "n_clinics_3km": 0, "p_connectivity": 0.33393177737881508, "p_population": 0.8357271095152603, "p_institutions": 0.75987432675044886, "p_equity": 0.20475319926873858, "dipi": 49.7, "rank": 571.0, "stakes_score": null, "gap_rank": null }, "geometry": { "type": "Point", "coordinates": [ 117.9209983, 5.8933391 ] } },
{ "type": "Feature", "properties": { "name": "Kampung Dandulit", "place": "village", "pop_2km": 781, "seasonal_water_px": 98, "flood_prone": true, "rwi": 0.039, "elevation_m": 4.0, "settlement_id": "S0205", "dl_mbps": 107.4605, "ul_mbps": 23.9055, "latency_ms": 33.0, "n_tests": 14, "n_tiles": 2, "evidence_tier": "low_evidence", "n_schools_3km": 0, "n_clinics_3km": 0, "p_connectivity": 0.19838420107719928, "p_population": 0.42818671454219032, "p_institutions": 0.2755834829443447, "p_equity": 0.43372943327239488, "dipi": 31.4, "rank": 1054.0, "stakes_score": null, "gap_rank": null }, "geometry": { "type": "Point", "coordinates": [ 117.9102422, 5.9696538 ] } },
{ "type": "Feature", "properties": { "name": "Abai", "place": "village", "pop_2km": 149, "seasonal_water_px": 129, "flood_prone": true, "rwi": -0.385, "elevation_m": -2.0, "settlement_id": "S0207", "dl_mbps": 34.872, "ul_mbps": 8.3105, "latency_ms": 73.0, "n_tests": 16, "n_tiles": 5, "evidence_tier": "low_evidence", "n_schools_3km": 2, "n_clinics_3km": 0, "p_connectivity": 0.64766606822262118, "p_population": 0.15170556552962297, "p_institutions": 0.75987432675044886, "p_equity": 0.83409506398537481, "dipi": 57.8, "rank": 312.0, "stakes_score": null, "gap_rank": null }, "geometry": { "type": "Point", "coordinates": [ 118.3830886, 5.687723 ] } },
{ "type": "Feature", "properties": { "name": "Inanam", "place": "village", "pop_2km": 53612, "seasonal_water_px": 29, "flood_prone": true, "rwi": 0.6915, "elevation_m": 11.0, "settlement_id": "S0208", "dl_mbps": 198.1335, "ul_mbps": 40.2125, "latency_ms": 34.0, "n_tests": 7852, "n_tiles": 44, "evidence_tier": "measured", "n_schools_3km": 14, "n_clinics_3km": 3, "p_connectivity": 0.051166965888689409, "p_population": 0.99102333931777375, "p_institutions": 0.98473967684021546, "p_equity": 0.10694698354661791, "dipi": 43.7, "rank": 760.0, "stakes_score": null, "gap_rank": null }, "geometry": { "type": "Point", "coordinates": [ 116.135958, 5.9922378 ] } },
{ "type": "Feature", "properties": { "name": "Kampung Sungai Kayu", "place": "hamlet", "pop_2km": 24672, "seasonal_water_px": 59, "flood_prone": true, "rwi": 0.6895, "elevation_m": 12.0, "settlement_id": "S0209", "dl_mbps": 127.355, "ul_mbps": 23.192, "latency_ms": 42.0, "n_tests": 2021, "n_tiles": 31, "evidence_tier": "measured", "n_schools_3km": 10, "n_clinics_3km": 2, "p_connectivity": 0.16247755834829444, "p_population": 0.95780969479353684, "p_institutions": 0.95825852782764809, "p_equity": 0.10786106032906764, "dipi": 47.0, "rank": 657.0, "stakes_score": null, "gap_rank": null }, "geometry": { "type": "Point", "coordinates": [ 118.0637551, 5.9040503 ] } },
{ "type": "Feature", "properties": { "name": "Kampung Lupak Meluas", "place": "hamlet", "pop_2km": 23311, "seasonal_water_px": 80, "flood_prone": true, "rwi": 1.168, "elevation_m": 6.0, "settlement_id": "S0210", "dl_mbps": 157.6135, "ul_mbps": 28.8055, "latency_ms": 46.0, "n_tests": 1031, "n_tiles": 12, "evidence_tier": "measured", "n_schools_3km": 6, "n_clinics_3km": 0, "p_connectivity": 0.10906642728904847, "p_population": 0.95152603231597843, "p_institutions": 0.88779174147217232, "p_equity": 0.0054844606946983544, "dipi": 41.6, "rank": 834.0, "stakes_score": null, "gap_rank": null }, "geometry": { "type": "Point", "coordinates": [ 118.0666249, 5.8089058 ] } },
{ "type": "Feature", "properties": { "name": "Kampung Air", "place": "hamlet", "pop_2km": 17278, "seasonal_water_px": 114, "flood_prone": true, "rwi": 0.822, "elevation_m": 2.0, "settlement_id": "S0211", "dl_mbps": 106.203, "ul_mbps": 25.132, "latency_ms": 46.0, "n_tests": 926, "n_tiles": 11, "evidence_tier": "measured", "n_schools_3km": 5, "n_clinics_3km": 0, "p_connectivity": 0.20197486535008977, "p_population": 0.92728904847396765, "p_institutions": 0.87477558348294437, "p_equity": 0.077239488117001834, "dipi": 45.9, "rank": 690.0, "stakes_score": null, "gap_rank": null }, "geometry": { "type": "Point", "coordinates": [ 118.0825228, 5.8148658 ] } },
{ "type": "Feature", "properties": { "name": "Kampung Merintanam", "place": "village", "pop_2km": 2325, "seasonal_water_px": 0, "flood_prone": false, "rwi": 0.523, "elevation_m": 24.0, "settlement_id": "S0212", "dl_mbps": 30.534, "ul_mbps": 4.7685, "latency_ms": 45.0, "n_tests": 188, "n_tiles": 23, "evidence_tier": "measured", "n_schools_3km": 1, "n_clinics_3km": 1, "p_connectivity": 0.70646319569120286, "p_population": 0.64901256732495516, "p_institutions": 0.75987432675044886, "p_equity": 0.15676416819012798, "dipi": 59.0, "rank": 269.0, "stakes_score": null, "gap_rank": null }, "geometry": { "type": "Point", "coordinates": [ 115.546489, 5.039118 ] } },
{ "type": "Feature", "properties": { "name": "Kampung Pirasan", "place": "village", "pop_2km": 8071, "seasonal_water_px": 75, "flood_prone": true, "rwi": 0.58375, "elevation_m": 27.0, "settlement_id": "S0213", "dl_mbps": 179.927, "ul_mbps": 30.527, "latency_ms": 41.0, "n_tests": 1181, "n_tiles": 33, "evidence_tier": "measured", "n_schools_3km": 9, "n_clinics_3km": 6, "p_connectivity": 0.07091561938958707, "p_population": 0.82585278276481144, "p_institutions": 0.97935368043087967, "p_equity": 0.13893967093235832, "dipi": 41.0, "rank": 861.0, "stakes_score": null, "gap_rank": null }, "geometry": { "type": "Point", "coordinates": [ 116.43065, 6.3329745 ] } },
{ "type": "Feature", "properties": { "name": "Kampung Rangalau", "place": "village", "pop_2km": 2101, "seasonal_water_px": 113, "flood_prone": true, "rwi": -0.054, "elevation_m": 32.0, "settlement_id": "S0214", "dl_mbps": 63.7675, "ul_mbps": 16.212, "latency_ms": 49.5, "n_tests": 142, "n_tiles": 16, "evidence_tier": "measured", "n_schools_3km": 2, "n_clinics_3km": 0, "p_connectivity": 0.36535008976660682, "p_population": 0.63195691202872528, "p_institutions": 0.75987432675044886, "p_equity": 0.52285191956124311, "dipi": 52.3, "rank": 492.0, "stakes_score": null, "gap_rank": null }, "geometry": { "type": "Point", "coordinates": [ 116.4403454, 6.3056896 ] } },
{ "type": "Feature", "properties": { "name": "Kampung Rajunah", "place": "village", "pop_2km": 2595, "seasonal_water_px": 121, "flood_prone": true, "rwi": -0.2205, "elevation_m": 50.0, "settlement_id": "S0215", "dl_mbps": 24.276, "ul_mbps": 3.82, "latency_ms": 49.0, "n_tests": 203, "n_tiles": 14, "evidence_tier": "measured", "n_schools_3km": 1, "n_clinics_3km": 0, "p_connectivity": 0.80655296229802509, "p_population": 0.66247755834829447, "p_institutions": 0.63420107719928187, "p_equity": 0.67230347349177333, "dipi": 71.8, "rank": 21.0, "stakes_score": null, "gap_rank": null }, "geometry": { "type": "Point", "coordinates": [ 116.453604, 6.283342 ] } },
{ "type": "Feature", "properties": { "name": "Kampung Gaur", "place": "village", "pop_2km": 2735, "seasonal_water_px": 124, "flood_prone": true, "rwi": -0.2205, "elevation_m": 47.0, "settlement_id": "S0216", "dl_mbps": 22.867, "ul_mbps": 6.513, "latency_ms": 49.0, "n_tests": 196, "n_tiles": 12, "evidence_tier": "measured", "n_schools_3km": 1, "n_clinics_3km": 0, "p_connectivity": 0.82675044883303406, "p_population": 0.67055655296229799, "p_institutions": 0.63420107719928187, "p_equity": 0.67230347349177333, "dipi": 72.8, "rank": 14.0, "stakes_score": null, "gap_rank": null }, "geometry": { "type": "Point", "coordinates": [ 116.457519, 6.281577 ] } },
{ "type": "Feature", "properties": { "name": "Tanjung Aru", "place": "village", "pop_2km": 48593, "seasonal_water_px": 95, "flood_prone": true, "rwi": 0.95866666666666667, "elevation_m": 10.0, "settlement_id": "S0217", "dl_mbps": 204.746, "ul_mbps": 42.461, "latency_ms": 36.0, "n_tests": 7205, "n_tiles": 27, "evidence_tier": "measured", "n_schools_3km": 20, "n_clinics_3km": 10, "p_connectivity": 0.044883303411131059, "p_population": 0.9874326750448833, "p_institutions": 0.99147217235188512, "p_equity": 0.043875685557586835, "dipi": 42.2, "rank": 809.0, "stakes_score": null, "gap_rank": null }, "geometry": { "type": "Point", "coordinates": [ 116.0557423, 5.9533677 ] } },
{ "type": "Feature", "properties": { "name": "Kampung Hungab", "place": "village", "pop_2km": 48297, "seasonal_water_px": 1, "flood_prone": false, "rwi": 1.101, "elevation_m": 12.0, "settlement_id": "S0218", "dl_mbps": 226.883, "ul_mbps": 40.6835, "latency_ms": 34.0, "n_tests": 6305, "n_tiles": 47, "evidence_tier": "measured", "n_schools_3km": 3, "n_clinics_3km": 4, "p_connectivity": 0.019748653500897665, "p_population": 0.98653500897666069, "p_institutions": 0.90035906642728902, "p_equity": 0.018281535648994516, "dipi": 39.3, "rank": 904.0, "stakes_score": null, "gap_rank": null }, "geometry": { "type": "Point", "coordinates": [ 116.096415, 5.9094814 ] } },
{ "type": "Feature", "properties": { "name": "Kg. Balung", "place": "village", "pop_2km": 16957, "seasonal_water_px": 2, "flood_prone": false, "rwi": 0.326, "elevation_m": 60.0, "settlement_id": "S0219", "dl_mbps": 167.625, "ul_mbps": 19.867, "latency_ms": 45.0, "n_tests": 628, "n_tiles": 20, "evidence_tier": "measured", "n_schools_3km": 0, "n_clinics_3km": 0, "p_connectivity": 0.089766606822262118, "p_population": 0.92369838420107719, "p_institutions": 0.2755834829443447, "p_equity": 0.23217550274223034, "dipi": 35.5, "rank": 995.0, "stakes_score": null, "gap_rank": null }, "geometry": { "type": "Point", "coordinates": [ 118.1039281, 4.3654738 ] } },
{ "type": "Feature", "properties": { "name": "Kampung Mandawang", "place": "hamlet", "pop_2km": 212, "seasonal_water_px": 24, "flood_prone": true, "rwi": -0.273, "elevation_m": 11.0, "settlement_id": "S0220", "dl_mbps": 9.88, "ul_mbps": 0.9775, "latency_ms": 102.5, "n_tests": 15, "n_tiles": 4, "evidence_tier": "low_evidence", "n_schools_3km": 0, "n_clinics_3km": 0, "p_connectivity": 0.95691202872531422, "p_population": 0.19030520646319568, "p_institutions": 0.2755834829443447, "p_equity": 0.72303473491773307, "dipi": 61.6, "rank": 177.0, "stakes_score": null, "gap_rank": null }, "geometry": { "type": "Point", "coordinates": [ 116.6231166, 6.66726 ] } },
{ "type": "Feature", "properties": { "name": "Kg. Dambai Papar", "place": "village", "pop_2km": 9530, "seasonal_water_px": 0, "flood_prone": false, "rwi": 0.97866666666666668, "elevation_m": 27.0, "settlement_id": "S0221", "dl_mbps": 111.392, "ul_mbps": 22.46, "latency_ms": 36.0, "n_tests": 1518, "n_tiles": 35, "evidence_tier": "measured", "n_schools_3km": 7, "n_clinics_3km": 1, "p_connectivity": 0.18940754039497307, "p_population": 0.848294434470377, "p_institutions": 0.91382405745062834, "p_equity": 0.038391224862888484, "dipi": 43.3, "rank": 772.0, "stakes_score": null, "gap_rank": null }, "geometry": { "type": "Point", "coordinates": [ 115.9549736, 5.7427164 ] } },
{ "type": "Feature", "properties": { "name": "Kampung Bokara", "place": "hamlet", "pop_2km": 17200, "seasonal_water_px": 120, "flood_prone": true, "rwi": 0.822, "elevation_m": 1.0, "settlement_id": "S0222", "dl_mbps": 129.739, "ul_mbps": 27.6255, "latency_ms": 46.0, "n_tests": 1010, "n_tiles": 12, "evidence_tier": "measured", "n_schools_3km": 4, "n_clinics_3km": 0, "p_connectivity": 0.15619389587073609, "p_population": 0.92549371633752242, "p_institutions": 0.85592459605026927, "p_equity": 0.077239488117001834, "dipi": 43.8, "rank": 758.0, "stakes_score": null, "gap_rank": null }, "geometry": { "type": "Point", "coordinates": [ 118.0807131, 5.8124591 ] } },
{ "type": "Feature", "properties": { "name": "Segaliud", "place": "village", "pop_2km": 1988, "seasonal_water_px": 21, "flood_prone": true, "rwi": -0.0255, "elevation_m": 9.0, "settlement_id": "S0223", "dl_mbps": 18.5885, "ul_mbps": 5.356, "latency_ms": 31.0, "n_tests": 166, "n_tiles": 8, "evidence_tier": "measured", "n_schools_3km": 0, "n_clinics_3km": 0, "p_connectivity": 0.89138240574506289, "p_population": 0.62567324955116699, "p_institutions": 0.2755834829443447, "p_equity": 0.489945155393053, "dipi": 65.2, "rank": 94.0, "stakes_score": null, "gap_rank": null }, "geometry": { "type": "Point", "coordinates": [ 117.8201327, 5.7308288 ] } },
{ "type": "Feature", "properties": { "name": "Kampung Lot M", "place": "village", "pop_2km": 3234, "seasonal_water_px": 4, "flood_prone": false, "rwi": -0.124, "elevation_m": 19.0, "settlement_id": "S0224", "dl_mbps": 74.1935, "ul_mbps": 10.4635, "latency_ms": 50.5, "n_tests": 177, "n_tiles": 13, "evidence_tier": "measured", "n_schools_3km": 0, "n_clinics_3km": 0, "p_connectivity": 0.32046678635547576, "p_population": 0.69479353680430878, "p_institutions": 0.2755834829443447, "p_equity": 0.59049360146252283, "dipi": 46.1, "rank": 683.0, "stakes_score": null, "gap_rank": null }, "geometry": { "type": "Point", "coordinates": [ 117.8303446, 5.6433749 ] } },
{ "type": "Feature", "properties": { "name": "Kinabatangan", "place": "town", "pop_2km": 17701, "seasonal_water_px": 0, "flood_prone": false, "rwi": 0.51333333333333331, "elevation_m": 34.0, "settlement_id": "S0225", "dl_mbps": 59.735, "ul_mbps": 21.932, "latency_ms": 50.0, "n_tests": 285, "n_tiles": 20, "evidence_tier": "measured", "n_schools_3km": 0, "n_clinics_3km": 1, "p_connectivity": 0.39048473967684022, "p_population": 0.9299820466786356, "p_institutions": 0.63420107719928187, "p_equity": 0.16179159049360145, "dipi": 51.6, "rank": 524.0, "stakes_score": null, "gap_rank": null }, "geometry": { "type": "Point", "coordinates": [ 117.8466525, 5.588993 ] } },
{ "type": "Feature", "properties": { "name": "Kg. Nelayan Tengah", "place": "village", "pop_2km": 8760, "seasonal_water_px": 49, "flood_prone": true, "rwi": 0.41375, "elevation_m": 5.0, "settlement_id": "S0226", "dl_mbps": 153.052, "ul_mbps": 23.412, "latency_ms": 44.0, "n_tests": 221, "n_tiles": 23, "evidence_tier": "measured", "n_schools_3km": 1, "n_clinics_3km": 0, "p_connectivity": 0.11938958707360861, "p_population": 0.84111310592459609, "p_institutions": 0.63420107719928187, "p_equity": 0.19744058500914077, "dipi": 39.3, "rank": 904.0, "stakes_score": null, "gap_rank": null }, "geometry": { "type": "Point", "coordinates": [ 118.0173564, 5.9210819 ] } },
{ "type": "Feature", "properties": { "name": "Kampung Bahagia", "place": "village", "pop_2km": 13747, "seasonal_water_px": 97, "flood_prone": true, "rwi": 0.757, "elevation_m": 0.0, "settlement_id": "S0227", "dl_mbps": 217.0815, "ul_mbps": 65.5245, "latency_ms": 29.0, "n_tests": 55, "n_tiles": 4, "evidence_tier": "measured", "n_schools_3km": 2, "n_clinics_3km": 0, "p_connectivity": 0.03231597845601436, "p_population": 0.8985637342908438, "p_institutions": 0.75987432675044886, "p_equity": 0.090493601462522846, "dipi": 37.0, "rank": 969.0, "stakes_score": null, "gap_rank": null }, "geometry": { "type": "Point", "coordinates": [ 118.0276899, 5.7919259 ] } },
{ "type": "Feature", "properties": { "name": "Telupid", "place": "town", "pop_2km": 10998, "seasonal_water_px": 43, "flood_prone": true, "rwi": 1.0225, "elevation_m": 102.0, "settlement_id": "S0229", "dl_mbps": 67.156, "ul_mbps": 13.431, "latency_ms": 48.0, "n_tests": 389, "n_tiles": 20, "evidence_tier": "measured", "n_schools_3km": 1, "n_clinics_3km": 1, "p_connectivity": 0.35368043087971274, "p_population": 0.86804308797127472, "p_institutions": 0.75987432675044886, "p_equity": 0.031992687385740404, "dipi": 47.9, "rank": 626.0, "stakes_score": null, "gap_rank": null }, "geometry": { "type": "Point", "coordinates": [ 117.1307798, 5.6272326 ] } },
{ "type": "Feature", "properties": { "name": "Kg. Jaya Baru", "place": "village", "pop_2km": 2167, "seasonal_water_px": 0, "flood_prone": false, "rwi": 0.02066666666666667, "elevation_m": 12.0, "settlement_id": "S0230", "dl_mbps": 99.939, "ul_mbps": 18.973, "latency_ms": 50.0, "n_tests": 75, "n_tiles": 10, "evidence_tier": "measured", "n_schools_3km": 0, "n_clinics_3km": 0, "p_connectivity": 0.22082585278276481, "p_population": 0.63734290843806107, "p_institutions": 0.2755834829443447, "p_equity": 0.45063985374771481, "dipi": 37.9, "rank": 942.0, "stakes_score": null, "gap_rank": null }, "geometry": { "type": "Point", "coordinates": [ 117.9061674, 5.5718621 ] } },
{ "type": "Feature", "properties": { "name": "Tongod", "place": "town", "pop_2km": 8454, "seasonal_water_px": 123, "flood_prone": true, "rwi": -0.57066666666666677, "elevation_m": 62.0, "settlement_id": "S0231", "dl_mbps": 83.593, "ul_mbps": 14.62, "latency_ms": 60.0, "n_tests": 161, "n_tiles": 15, "evidence_tier": "measured", "n_schools_3km": 0, "n_clinics_3km": 0, "p_connectivity": 0.27737881508078993, "p_population": 0.83303411131059246, "p_institutions": 0.2755834829443447, "p_equity": 0.95978062157221211, "dipi": 55.3, "rank": 398.0, "stakes_score": null, "gap_rank": null }, "geometry": { "type": "Point", "coordinates": [ 116.9687321, 5.2681386 ] } },
{ "type": "Feature", "properties": { "name": "Kg. Balaban", "place": "village", "pop_2km": 146, "seasonal_water_px": 0, "flood_prone": false, "rwi": -0.4, "elevation_m": 17.0, "settlement_id": "S0232", "dl_mbps": 24.08, "ul_mbps": 10.705, "latency_ms": 69.0, "n_tests": 89, "n_tiles": 14, "evidence_tier": "measured", "n_schools_3km": 0, "n_clinics_3km": 0, "p_connectivity": 0.81149012567324952, "p_population": 0.15080789946140036, "p_institutions": 0.2755834829443447, "p_equity": 0.84003656307129804, "dipi": 57.2, "rank": 334.0, "stakes_score": null, "gap_rank": null }, "geometry": { "type": "Point", "coordinates": [ 117.5770708, 5.8342116 ] } },
{ "type": "Feature", "properties": { "name": "Kg. Jaya Bakti", "place": "village", "pop_2km": 2147, "seasonal_water_px": 0, "flood_prone": false, "rwi": -0.28275, "elevation_m": 15.0, "settlement_id": "S0233", "dl_mbps": 23.922, "ul_mbps": 6.444, "latency_ms": 64.0, "n_tests": 54, "n_tiles": 9, "evidence_tier": "measured", "n_schools_3km": 0, "n_clinics_3km": 0, "p_connectivity": 0.81328545780969475, "p_population": 0.63554757630161585, "p_institutions": 0.2755834829443447, "p_equity": 0.73583180987202923, "dipi": 67.3, "rank": 58.0, "stakes_score": null, "gap_rank": null }, "geometry": { "type": "Point", "coordinates": [ 117.7092373, 5.7681783 ] } },
{ "type": "Feature", "properties": { "name": "Kampung Kawang", "place": "village", "pop_2km": 3986, "seasonal_water_px": 2, "flood_prone": false, "rwi": 0.35075, "elevation_m": 5.0, "settlement_id": "S0234", "dl_mbps": 59.1765, "ul_mbps": 16.4565, "latency_ms": 45.0, "n_tests": 147, "n_tiles": 12, "evidence_tier": "measured", "n_schools_3km": 0, "n_clinics_3km": 0, "p_connectivity": 0.39228007181328545, "p_population": 0.73249551166965887, "p_institutions": 0.2755834829443447, "p_equity": 0.2230347349177331, "dipi": 42.6, "rank": 795.0, "stakes_score": null, "gap_rank": null }, "geometry": { "type": "Point", "coordinates": [ 116.0176734, 5.773031 ] } },
{ "type": "Feature", "properties": { "name": "Kawang", "place": "hamlet", "pop_2km": 4161, "seasonal_water_px": 2, "flood_prone": false, "rwi": 0.388, "elevation_m": 39.0, "settlement_id": "S0235", "dl_mbps": 58.632, "ul_mbps": 14.954, "latency_ms": 45.0, "n_tests": 149, "n_tiles": 13, "evidence_tier": "measured", "n_schools_3km": 0, "n_clinics_3km": 0, "p_connectivity": 0.39407540394973067, "p_population": 0.73877917414721728, "p_institutions": 0.2755834829443447, "p_equity": 0.20703839122486289, "dipi": 42.5, "rank": 800.0, "stakes_score": null, "gap_rank": null }, "geometry": { "type": "Point", "coordinates": [ 116.0205166, 5.7756548 ] } },
{ "type": "Feature", "properties": { "name": "Saliwangan", "place": "village", "pop_2km": 739, "seasonal_water_px": 129, "flood_prone": true, "rwi": -0.493, "elevation_m": 29.0, "settlement_id": "S0239", "dl_mbps": 43.6895, "ul_mbps": 6.9175, "latency_ms": 223.0, "n_tests": 8, "n_tiles": 3, "evidence_tier": "low_evidence", "n_schools_3km": 0, "n_clinics_3km": 0, "p_connectivity": 0.53680430879712748, "p_population": 0.41247755834829442, "p_institutions": 0.2755834829443447, "p_equity": 0.91681901279707501, "dipi": 54.3, "rank": 434.0, "stakes_score": null, "gap_rank": null }, "geometry": { "type": "Point", "coordinates": [ 115.8016325, 5.272817 ] } },
{ "type": "Feature", "properties": { "name": "Kampung Sambah", "place": "village", "pop_2km": 623, "seasonal_water_px": 88, "flood_prone": true, "rwi": -0.476, "elevation_m": 11.0, "settlement_id": "S0240", "dl_mbps": 11.518, "ul_mbps": 4.033, "latency_ms": 46.0, "n_tests": 8, "n_tiles": 5, "evidence_tier": "low_evidence", "n_schools_3km": 0, "n_clinics_3km": 0, "p_connectivity": 0.93985637342908435, "p_population": 0.37791741472172352, "p_institutions": 0.2755834829443447, "p_equity": 0.90082266910420472, "dipi": 69.2, "rank": 44.0, "stakes_score": null, "gap_rank": null }, "geometry": { "type": "Point", "coordinates": [ 116.2902122, 6.2443677 ] } },
{ "type": "Feature", "properties": { "name": "Kampung Suromboton", "place": "village", "pop_2km": 4436, "seasonal_water_px": 11, "flood_prone": true, "rwi": 0.029666666666666657, "elevation_m": 19.0, "settlement_id": "S0241", "dl_mbps": 96.222, "ul_mbps": 21.85, "latency_ms": 37.0, "n_tests": 250, "n_tiles": 27, "evidence_tier": "measured", "n_schools_3km": 6, "n_clinics_3km": 0, "p_connectivity": 0.22890484739676839, "p_population": 0.74865350089766602, "p_institutions": 0.88779174147217232, "p_equity": 0.44149908592321757, "dipi": 50.0, "rank": 560.0, "stakes_score": null, "gap_rank": null }, "geometry": { "type": "Point", "coordinates": [ 116.3520719, 6.2646388 ] } },
{ "type": "Feature", "properties": { "name": "Kampung Marak Parak", "place": "village", "pop_2km": 1729, "seasonal_water_px": 1, "flood_prone": false, "rwi": -0.26266666666666666, "elevation_m": 144.0, "settlement_id": "S0242", "dl_mbps": 26.093, "ul_mbps": 4.41, "latency_ms": 65.0, "n_tests": 15, "n_tiles": 7, "evidence_tier": "low_evidence", "n_schools_3km": 1, "n_clinics_3km": 0, "p_connectivity": 0.77289048473967681, "p_population": 0.60233393177737882, "p_institutions": 0.63420107719928187, "p_equity": 0.71480804387568553, "dipi": 69.8, "rank": 39.0, "stakes_score": null, "gap_rank": null }, "geometry": { "type": "Point", "coordinates": [ 116.7332936, 6.3120478 ] } },
{ "type": "Feature", "properties": { "name": "Kampung Sunsui", "place": "village", "pop_2km": 1115, "seasonal_water_px": 62, "flood_prone": true, "rwi": -0.05, "elevation_m": 68.0, "settlement_id": "S0243", "dl_mbps": 24.482, "ul_mbps": 3.808, "latency_ms": 41.0, "n_tests": 25, "n_tiles": 4, "evidence_tier": "measured", "n_schools_3km": 1, "n_clinics_3km": 0, "p_connectivity": 0.80206463195691202, "p_population": 0.52603231597845601, "p_institutions": 0.63420107719928187, "p_equity": 0.5210237659963437, "dipi": 65.2, "rank": 94.0, "stakes_score": null, "gap_rank": null }, "geometry": { "type": "Point", "coordinates": [ 116.7747033, 6.3871847 ] } },
{ "type": "Feature", "properties": { "name": "Kampung Sorinsim", "place": "village", "pop_2km": 194, "seasonal_water_px": 0, "flood_prone": false, "rwi": -0.422, "elevation_m": 180.0, "settlement_id": "S0244", "dl_mbps": 96.0, "ul_mbps": 19.22, "latency_ms": 67.0, "n_tests": 12, "n_tiles": 3, "evidence_tier": "low_evidence", "n_schools_3km": 0, "n_clinics_3km": 0, "p_connectivity": 0.22980251346499103, "p_population": 0.17504488330341114, "p_institutions": 0.2755834829443447, "p_equity": 0.86380255941499084, "dipi": 35.0, "rank": 1008.0, "stakes_score": null, "gap_rank": null }, "geometry": { "type": "Point", "coordinates": [ 116.7116806, 6.2934576 ] } },
{ "type": "Feature", "properties": { "name": "Badukan", "place": "village", "pop_2km": 6364, "seasonal_water_px": 1, "flood_prone": false, "rwi": 0.088, "elevation_m": 431.0, "settlement_id": "S0245", "dl_mbps": 93.152, "ul_mbps": 19.299, "latency_ms": 41.0, "n_tests": 366, "n_tiles": 23, "evidence_tier": "measured", "n_schools_3km": 0, "n_clinics_3km": 0, "p_connectivity": 0.24147217235188509, "p_population": 0.79263913824057453, "p_institutions": 0.2755834829443447, "p_equity": 0.39031078610603293, "dipi": 41.4, "rank": 845.0, "stakes_score": null, "gap_rank": null }, "geometry": { "type": "Point", "coordinates": [ 116.6661539, 5.9157822 ] } },
{ "type": "Feature", "properties": { "name": "Kampung Buang Sayang 2", "place": "village", "pop_2km": 14381, "seasonal_water_px": 72, "flood_prone": true, "rwi": 1.1256666666666668, "elevation_m": 12.0, "settlement_id": "S0246", "dl_mbps": 154.438, "ul_mbps": 25.777, "latency_ms": 37.0, "n_tests": 2384, "n_tiles": 31, "evidence_tier": "measured", "n_schools_3km": 13, "n_clinics_3km": 1, "p_connectivity": 0.11490125673249552, "p_population": 0.90843806104129265, "p_institutions": 0.97576301615798922, "p_equity": 0.014168190127970749, "dipi": 42.2, "rank": 809.0, "stakes_score": null, "gap_rank": null }, "geometry": { "type": "Point", "coordinates": [ 115.9358337, 5.738405 ] } },
{ "type": "Feature", "properties": { "name": "Kampung Melugus", "place": "village", "pop_2km": 12879, "seasonal_water_px": 51, "flood_prone": true, "rwi": 1.1256666666666668, "elevation_m": 9.0, "settlement_id": "S0247", "dl_mbps": 145.484, "ul_mbps": 24.188, "latency_ms": 38.0, "n_tests": 2177, "n_tiles": 27, "evidence_tier": "measured", "n_schools_3km": 11, "n_clinics_3km": 1, "p_connectivity": 0.13061041292639139, "p_population": 0.89138240574506289, "p_institutions": 0.95825852782764809, "p_equity": 0.014168190127970749, "dipi": 42.2, "rank": 809.0, "stakes_score": null, "gap_rank": null }, "geometry": { "type": "Point", "coordinates": [ 115.9321537, 5.7435936 ] } },
{ "type": "Feature", "properties": { "name": "Kampung Laut Papar", "place": "village", "pop_2km": 14364, "seasonal_water_px": 91, "flood_prone": true, "rwi": 1.2445, "elevation_m": 8.0, "settlement_id": "S0248", "dl_mbps": 139.9475, "ul_mbps": 23.3935, "latency_ms": 39.0, "n_tests": 1955, "n_tiles": 31, "evidence_tier": "measured", "n_schools_3km": 11, "n_clinics_3km": 1, "p_connectivity": 0.13554757630161579, "p_population": 0.90754039497307004, "p_institutions": 0.95825852782764809, "p_equity": 0.0036563071297989031, "dipi": 42.6, "rank": 795.0, "stakes_score": null, "gap_rank": null }, "geometry": { "type": "Point", "coordinates": [ 115.9254799, 5.7357576 ] } },
{ "type": "Feature", "properties": { "name": "Kampung Pengalat Kecil", "place": "village", "pop_2km": 8718, "seasonal_water_px": 26, "flood_prone": true, "rwi": 1.0366666666666666, "elevation_m": 6.0, "settlement_id": "S0249", "dl_mbps": 128.062, "ul_mbps": 23.9815, "latency_ms": 36.5, "n_tests": 1669, "n_tiles": 26, "evidence_tier": "measured", "n_schools_3km": 9, "n_clinics_3km": 0, "p_connectivity": 0.16068222621184919, "p_population": 0.83931777378815076, "p_institutions": 0.92504488330341117, "p_equity": 0.029250457038391225, "dipi": 41.9, "rank": 824.0, "stakes_score": null, "gap_rank": null }, "geometry": { "type": "Point", "coordinates": [ 115.9437611, 5.7499957 ] } },
{ "type": "Feature", "properties": { "name": "Kampung Pengalat Besar", "place": "village", "pop_2km": 8448, "seasonal_water_px": 42, "flood_prone": true, "rwi": 0.3605, "elevation_m": 8.0, "settlement_id": "S0250", "dl_mbps": 201.652, "ul_mbps": 31.312, "latency_ms": 33.0, "n_tests": 610, "n_tiles": 21, "evidence_tier": "measured", "n_schools_3km": 1, "n_clinics_3km": 0, "p_connectivity": 0.048473967684021541, "p_population": 0.83213644524236985, "p_institutions": 0.63420107719928187, "p_equity": 0.21755027422303475, "dipi": 36.6, "rank": 977.0, "stakes_score": null, "gap_rank": null }, "geometry": { "type": "Point", "coordinates": [ 115.9629088, 5.7599899 ] } },
{ "type": "Feature", "properties": { "name": "Kampung Baun", "place": "village", "pop_2km": 10642, "seasonal_water_px": 12, "flood_prone": true, "rwi": 0.956, "elevation_m": 10.0, "settlement_id": "S0251", "dl_mbps": 134.411, "ul_mbps": 23.775, "latency_ms": 38.0, "n_tests": 2029, "n_tiles": 32, "evidence_tier": "measured", "n_schools_3km": 10, "n_clinics_3km": 0, "p_connectivity": 0.14766606822262118, "p_population": 0.86445242369838415, "p_institutions": 0.93716337522441651, "p_equity": 0.045703839122486288, "dipi": 42.5, "rank": 800.0, "stakes_score": null, "gap_rank": null }, "geometry": { "type": "Point", "coordinates": [ 115.9479992, 5.7456679 ] } },
{ "type": "Feature", "properties": { "name": "Kampung Bundusan", "place": "village", "pop_2km": 4056, "seasonal_water_px": 67, "flood_prone": true, "rwi": 0.925, "elevation_m": 10.0, "settlement_id": "S0252", "dl_mbps": 155.201, "ul_mbps": 25.238, "latency_ms": 36.0, "n_tests": 854, "n_tiles": 14, "evidence_tier": "measured", "n_schools_3km": 3, "n_clinics_3km": 0, "p_connectivity": 0.11310592459605028, "p_population": 0.7342908438061041, "p_institutions": 0.82405745062836622, "p_equity": 0.049360146252285193, "dipi": 36.2, "rank": 985.0, "stakes_score": null, "gap_rank": null }, "geometry": { "type": "Point", "coordinates": [ 115.9397509, 5.7611763 ] } },
{ "type": "Feature", "properties": { "name": "Kampung Sumbiling", "place": "village", "pop_2km": 11054, "seasonal_water_px": 4, "flood_prone": false, "rwi": 0.956, "elevation_m": 8.0, "settlement_id": "S0253", "dl_mbps": 115.626, "ul_mbps": 21.884, "latency_ms": 38.0, "n_tests": 2072, "n_tiles": 36, "evidence_tier": "measured", "n_schools_3km": 13, "n_clinics_3km": 1, "p_connectivity": 0.17773788150807898, "p_population": 0.86894075403949733, "p_institutions": 0.97576301615798922, "p_equity": 0.045703839122486288, "dipi": 44.4, "rank": 728.0, "stakes_score": null, "gap_rank": null }, "geometry": { "type": "Point", "coordinates": [ 115.9497501, 5.7417086 ] } },
{ "type": "Feature", "properties": { "name": "Kampung Berundong", "place": "village", "pop_2km": 11299, "seasonal_water_px": 1, "flood_prone": false, "rwi": 1.0065, "elevation_m": 9.0, "settlement_id": "S0254", "dl_mbps": 134.411, "ul_mbps": 23.723, "latency_ms": 40.0, "n_tests": 1754, "n_tiles": 30, "evidence_tier": "measured", "n_schools_3km": 12, "n_clinics_3km": 1, "p_connectivity": 0.14766606822262118, "p_population": 0.87522441651705563, "p_institutions": 0.96903052064631956, "p_equity": 0.034734917733089579, "dipi": 43.0, "rank": 784.0, "stakes_score": null, "gap_rank": null }, "geometry": { "type": "Point", "coordinates": [ 115.9191936, 5.726764 ] } },
{ "type": "Feature", "properties": { "name": "Kampung Tenggilung", "place": "village", "pop_2km": 3636, "seasonal_water_px": 0, "flood_prone": false, "rwi": 0.477, "elevation_m": 14.0, "settlement_id": "S0255", "dl_mbps": 45.574, "ul_mbps": 6.418, "latency_ms": 50.5, "n_tests": 232, "n_tiles": 19, "evidence_tier": "measured", "n_schools_3km": 3, "n_clinics_3km": 0, "p_connectivity": 0.5125673249551167, "p_population": 0.71588868940754036, "p_institutions": 0.82405745062836622, "p_equity": 0.17915904936014626, "dipi": 54.3, "rank": 434.0, "stakes_score": null, "gap_rank": null }, "geometry": { "type": "Point", "coordinates": [ 115.557874, 5.5010953 ] } },
{ "type": "Feature", "properties": { "name": "Kampung Kayul", "place": "village", "pop_2km": 2417, "seasonal_water_px": 0, "flood_prone": false, "rwi": 0.318, "elevation_m": 22.0, "settlement_id": "S0256", "dl_mbps": 36.3415, "ul_mbps": 4.7095, "latency_ms": 55.0, "n_tests": 219, "n_tiles": 18, "evidence_tier": "measured", "n_schools_3km": 3, "n_clinics_3km": 0, "p_connectivity": 0.63554757630161585, "p_population": 0.65529622980251345, "p_institutions": 0.82405745062836622, "p_equity": 0.23583180987202926, "dipi": 58.9, "rank": 275.0, "stakes_score": null, "gap_rank": null }, "geometry": { "type": "Point", "coordinates": [ 115.5463513, 5.4994293 ] } },
{ "type": "Feature", "properties": { "name": "Menumbok", "place": "town", "pop_2km": 2184, "seasonal_water_px": 71, "flood_prone": true, "rwi": -0.1165, "elevation_m": 8.0, "settlement_id": "S0257", "dl_mbps": 32.161, "ul_mbps": 4.741, "latency_ms": 53.0, "n_tests": 140, "n_tiles": 7, "evidence_tier": "measured", "n_schools_3km": 0, "n_clinics_3km": 0, "p_connectivity": 0.68761220825852787, "p_population": 0.6391382405745063, "p_institutions": 0.2755834829443447, "p_equity": 0.57952468007312619, "dipi": 59.2, "rank": 266.0, "stakes_score": null, "gap_rank": null }, "geometry": { "type": "Point", "coordinates": [ 115.3690652, 5.3040795 ] } },
{ "type": "Feature", "properties": { "name": "Kg. Bakalau", "place": "village", "pop_2km": 12761, "seasonal_water_px": 76, "flood_prone": true, "rwi": 0.6035, "elevation_m": 16.0, "settlement_id": "S0258", "dl_mbps": 89.477, "ul_mbps": 18.313, "latency_ms": 42.0, "n_tests": 2381, "n_tiles": 36, "evidence_tier": "measured", "n_schools_3km": 11, "n_clinics_3km": 4, "p_connectivity": 0.25583482944344704, "p_population": 0.89048473967684016, "p_institutions": 0.97935368043087967, "p_equity": 0.13711151736745886, "dipi": 49.9, "rank": 564.0, "stakes_score": null, "gap_rank": null }, "geometry": { "type": "Point", "coordinates": [ 115.731229, 5.3511344 ] } },
{ "type": "Feature", "properties": { "name": "Kg. Gadung", "place": "village", "pop_2km": 3265, "seasonal_water_px": 32, "flood_prone": true, "rwi": 0.37133333333333335, "elevation_m": 14.0, "settlement_id": "S0259", "dl_mbps": 45.8765, "ul_mbps": 8.463, "latency_ms": 49.0, "n_tests": 441, "n_tiles": 31, "evidence_tier": "measured", "n_schools_3km": 0, "n_clinics_3km": 0, "p_connectivity": 0.50448833034111307, "p_population": 0.69703770197486536, "p_institutions": 0.2755834829443447, "p_equity": 0.21115173674588666, "dipi": 46.0, "rank": 686.0, "stakes_score": null, "gap_rank": null }, "geometry": { "type": "Point", "coordinates": [ 115.6941463, 5.3761581 ] } },
{ "type": "Feature", "properties": { "name": "Simpang Tiga", "place": "village", "pop_2km": 344, "seasonal_water_px": 136, "flood_prone": true, "rwi": -0.385, "elevation_m": -1.0, "settlement_id": "S0260", "dl_mbps": 34.872, "ul_mbps": 8.3105, "latency_ms": 73.0, "n_tests": 16, "n_tiles": 5, "evidence_tier": "low_evidence", "n_schools_3km": 2, "n_clinics_3km": 0, "p_connectivity": 0.64766606822262118, "p_population": 0.26526032315978454, "p_institutions": 0.75987432675044886, "p_equity": 0.83409506398537481, "dipi": 60.6, "rank": 204.0, "stakes_score": null, "gap_rank": null }, "geometry": { "type": "Point", "coordinates": [ 118.3834193, 5.6960434 ] } },
{ "type": "Feature", "properties": { "name": "Kg Mengaris2", "place": "village", "pop_2km": 865, "seasonal_water_px": 172, "flood_prone": true, "rwi": 0.29333333333333339, "elevation_m": 9.0, "settlement_id": "S0261", "dl_mbps": 53.272, "ul_mbps": 13.79, "latency_ms": 49.0, "n_tests": 143, "n_tiles": 7, "evidence_tier": "measured", "n_schools_3km": 2, "n_clinics_3km": 1, "p_connectivity": 0.4241472172351885, "p_population": 0.4524236983842011, "p_institutions": 0.82405745062836622, "p_equity": 0.25137111517367461, "dipi": 45.7, "rank": 697.0, "stakes_score": null, "gap_rank": null }, "geometry": { "type": "Point", "coordinates": [ 117.9516956, 5.4061473 ] } },
{ "type": "Feature", "properties": { "name": "Kampung Batu Puteh.", "place": "village", "pop_2km": 509, "seasonal_water_px": 152, "flood_prone": true, "rwi": 0.505, "elevation_m": 9.0, "settlement_id": "S0262", "dl_mbps": 65.446, "ul_mbps": 12.585, "latency_ms": 52.0, "n_tests": 144, "n_tiles": 8, "evidence_tier": "measured", "n_schools_3km": 2, "n_clinics_3km": 1, "p_connectivity": 0.3608617594254937, "p_population": 0.34290843806104127, "p_institutions": 0.82405745062836622, "p_equity": 0.1663619744058501, "dipi": 38.7, "rank": 925.0, "stakes_score": null, "gap_rank": null }, "geometry": { "type": "Point", "coordinates": [ 117.9418331, 5.4200674 ] } },
{ "type": "Feature", "properties": { "name": "Kampung Ranggal", "place": "village", "pop_2km": 0, "seasonal_water_px": 0, "flood_prone": false, "rwi": -0.331, "elevation_m": 14.0, "settlement_id": "S0263", "dl_mbps": 46.124, "ul_mbps": 13.955, "latency_ms": 28.5, "n_tests": 10, "n_tiles": 3, "evidence_tier": "low_evidence", "n_schools_3km": 0, "n_clinics_3km": 0, "p_connectivity": 0.5, "p_population": 0.043536804308797125, "p_institutions": 0.2755834829443447, "p_equity": 0.78427787934186477, "dipi": 40.9, "rank": 864.0, "stakes_score": null, "gap_rank": null }, "geometry": { "type": "Point", "coordinates": [ 117.2216046, 6.5973275 ] } },
{ "type": "Feature", "properties": { "name": null, "place": "village", "pop_2km": 381, "seasonal_water_px": 116, "flood_prone": true, "rwi": -0.17733333333333332, "elevation_m": 81.0, "settlement_id": "S0265", "dl_mbps": 81.4825, "ul_mbps": 29.893, "latency_ms": 55.5, "n_tests": 6, "n_tiles": 3, "evidence_tier": "low_evidence", "n_schools_3km": 0, "n_clinics_3km": 0, "p_connectivity": 0.28725314183123879, "p_population": 0.27962298025134652, "p_institutions": 0.2755834829443447, "p_equity": 0.63711151736745886, "dipi": 35.4, "rank": 998.0, "stakes_score": null, "gap_rank": null }, "geometry": { "type": "Point", "coordinates": [ 116.8067359, 5.2248916 ] } },
{ "type": "Feature", "properties": { "name": null, "place": "village", "pop_2km": 381, "seasonal_water_px": 0, "flood_prone": false, "rwi": -0.2215, "elevation_m": 74.0, "settlement_id": "S0266", "dl_mbps": 108.737, "ul_mbps": 35.37, "latency_ms": 65.0, "n_tests": 5, "n_tiles": 2, "evidence_tier": "low_evidence", "n_schools_3km": 0, "n_clinics_3km": 0, "p_connectivity": 0.19658886894075403, "p_population": 0.27962298025134652, "p_institutions": 0.2755834829443447, "p_equity": 0.67641681901279704, "dipi": 32.5, "rank": 1038.0, "stakes_score": null, "gap_rank": null }, "geometry": { "type": "Point", "coordinates": [ 116.8014009, 5.2387729 ] } },
{ "type": "Feature", "properties": { "name": null, "place": "village", "pop_2km": 47, "seasonal_water_px": 98, "flood_prone": true, "rwi": -0.30466666666666664, "elevation_m": 76.0, "settlement_id": "S0267", "dl_mbps": 346.169, "ul_mbps": 8.283, "latency_ms": 57.0, "n_tests": 5, "n_tiles": 1, "evidence_tier": "low_evidence", "n_schools_3km": 0, "n_clinics_3km": 0, "p_connectivity": 0.00089766606822262122, "p_population": 0.098743267504488336, "p_institutions": 0.2755834829443447, "p_equity": 0.74954296160877509, "dipi": 21.6, "rank": 1113.0, "stakes_score": null, "gap_rank": null }, "geometry": { "type": "Point", "coordinates": [ 116.8549486, 5.2445209 ] } },
{ "type": "Feature", "properties": { "name": "Pensiangan", "place": "town", "pop_2km": 0, "seasonal_water_px": 66, "flood_prone": true, "rwi": null, "elevation_m": 172.0, "settlement_id": "S0269", "dl_mbps": 43.784, "ul_mbps": 3.423, "latency_ms": 108.0, "n_tests": 10, "n_tiles": 1, "evidence_tier": "low_evidence", "n_schools_3km": 1, "n_clinics_3km": 1, "p_connectivity": 0.53411131059245964, "p_population": 0.043536804308797125, "p_institutions": 0.75987432675044886, "p_equity": 0.5, "dipi": 43.9, "rank": 749.0, "stakes_score": null, "gap_rank": null }, "geometry": { "type": "Point", "coordinates": [ 116.3117345, 4.5384978 ] } },
{ "type": "Feature", "properties": { "name": "Kalabakan", "place": "town", "pop_2km": 5598, "seasonal_water_px": 138, "flood_prone": true, "rwi": 0.111, "elevation_m": 9.0, "settlement_id": "S0272", "dl_mbps": 96.812, "ul_mbps": 18.6305, "latency_ms": 45.5, "n_tests": 129, "n_tiles": 12, "evidence_tier": "measured", "n_schools_3km": 1, "n_clinics_3km": 0, "p_connectivity": 0.22710951526032316, "p_population": 0.7782764811490126, "p_institutions": 0.63420107719928187, "p_equity": 0.37111517367458868, "dipi": 45.5, "rank": 701.0, "stakes_score": null, "gap_rank": null }, "geometry": { "type": "Point", "coordinates": [ 117.4905986, 4.4144005 ] } },
{ "type": "Feature", "properties": { "name": "Sungai Rakit", "place": "village", "pop_2km": 1816, "seasonal_water_px": 56, "flood_prone": true, "rwi": 0.06, "elevation_m": 18.0, "settlement_id": "S0273", "dl_mbps": 15.276, "ul_mbps": 2.475, "latency_ms": 58.0, "n_tests": 135, "n_tiles": 14, "evidence_tier": "measured", "n_schools_3km": 0, "n_clinics_3km": 0, "p_connectivity": 0.90754039497307004, "p_population": 0.60951526032315984, "p_institutions": 0.2755834829443447, "p_equity": 0.40950639853747717, "dipi": 63.9, "rank": 117.0, "stakes_score": null, "gap_rank": null }, "geometry": { "type": "Point", "coordinates": [ 116.8012118, 6.4544107 ] } },
{ "type": "Feature", "properties": { "name": "Rampayan Ulu", "place": "village", "pop_2km": 2111, "seasonal_water_px": 84, "flood_prone": true, "rwi": 0.4575, "elevation_m": 15.0, "settlement_id": "S0274", "dl_mbps": 35.6665, "ul_mbps": 3.072, "latency_ms": 48.5, "n_tests": 37, "n_tiles": 4, "evidence_tier": "measured", "n_schools_3km": 0, "n_clinics_3km": 0, "p_connectivity": 0.64093357271095153, "p_population": 0.6328545780969479, "p_institutions": 0.2755834829443447, "p_equity": 0.18647166361974407, "dipi": 49.3, "rank": 583.0, "stakes_score": null, "gap_rank": null }, "geometry": { "type": "Point", "coordinates": [ 116.5176299, 6.5215802 ] } },
{ "type": "Feature", "properties": { "name": null, "place": "hamlet", "pop_2km": 1021, "seasonal_water_px": 174, "flood_prone": true, "rwi": 0.066, "elevation_m": 14.0, "settlement_id": "S0275", "dl_mbps": 29.4075, "ul_mbps": 13.1225, "latency_ms": 55.0, "n_tests": 41, "n_tiles": 7, "evidence_tier": "measured", "n_schools_3km": 0, "n_clinics_3km": 1, "p_connectivity": 0.72621184919210058, "p_population": 0.50628366247755829, "p_institutions": 0.63420107719928187, "p_equity": 0.40219378427787933, "dipi": 59.3, "rank": 264.0, "stakes_score": null, "gap_rank": null }, "geometry": { "type": "Point", "coordinates": [ 116.5497762, 6.5807904 ] } },
{ "type": "Feature", "properties": { "name": null, "place": "village", "pop_2km": 221, "seasonal_water_px": 0, "flood_prone": false, "rwi": -0.1235, "elevation_m": 15.0, "settlement_id": "S0276", "dl_mbps": 70.205, "ul_mbps": 6.5895, "latency_ms": 68.5, "n_tests": 118, "n_tiles": 8, "evidence_tier": "measured", "n_schools_3km": 0, "n_clinics_3km": 0, "p_connectivity": 0.33707360861759428, "p_population": 0.19569120287253142, "p_institutions": 0.2755834829443447, "p_equity": 0.58912248628884822, "dipi": 34.3, "rank": 1013.0, "stakes_score": null, "gap_rank": null }, "geometry": { "type": "Point", "coordinates": [ 116.5866787, 6.6128756 ] } },
{ "type": "Feature", "properties": { "name": null, "place": "village", "pop_2km": 194, "seasonal_water_px": 0, "flood_prone": false, "rwi": -0.1235, "elevation_m": 16.0, "settlement_id": "S0277", "dl_mbps": 70.205, "ul_mbps": 6.5895, "latency_ms": 62.5, "n_tests": 116, "n_tiles": 6, "evidence_tier": "measured", "n_schools_3km": 0, "n_clinics_3km": 0, "p_connectivity": 0.33707360861759428, "p_population": 0.17504488330341114, "p_institutions": 0.2755834829443447, "p_equity": 0.58912248628884822, "dipi": 33.8, "rank": 1020.0, "stakes_score": null, "gap_rank": null }, "geometry": { "type": "Point", "coordinates": [ 116.580574, 6.6178259 ] } },
{ "type": "Feature", "properties": { "name": null, "place": "village", "pop_2km": 1832, "seasonal_water_px": 104, "flood_prone": true, "rwi": 0.3505, "elevation_m": 17.0, "settlement_id": "S0279", "dl_mbps": 30.123, "ul_mbps": 2.6145, "latency_ms": 33.5, "n_tests": 47, "n_tiles": 8, "evidence_tier": "measured", "n_schools_3km": 0, "n_clinics_3km": 0, "p_connectivity": 0.71364452423698388, "p_population": 0.61131059245960506, "p_institutions": 0.2755834829443447, "p_equity": 0.22394881170018283, "dipi": 52.4, "rank": 486.0, "stakes_score": null, "gap_rank": null }, "geometry": { "type": "Point", "coordinates": [ 116.6805184, 6.8828641 ] } },
{ "type": "Feature", "properties": { "name": null, "place": "hamlet", "pop_2km": 653, "seasonal_water_px": 21, "flood_prone": true, "rwi": 0.576, "elevation_m": 14.0, "settlement_id": "S0280", "dl_mbps": 31.684, "ul_mbps": 1.928, "latency_ms": 44.0, "n_tests": 25, "n_tiles": 8, "evidence_tier": "measured", "n_schools_3km": 0, "n_clinics_3km": 0, "p_connectivity": 0.69210053859964094, "p_population": 0.3859964093357271, "p_institutions": 0.2755834829443447, "p_equity": 0.14259597806215721, "dipi": 44.3, "rank": 730.0, "stakes_score": null, "gap_rank": null }, "geometry": { "type": "Point", "coordinates": [ 116.6760968, 6.8728835 ] } },
{ "type": "Feature", "properties": { "name": null, "place": "village", "pop_2km": 1188, "seasonal_water_px": 144, "flood_prone": true, "rwi": 0.11866666666666666, "elevation_m": 10.0, "settlement_id": "S0281", "dl_mbps": 57.3, "ul_mbps": 5.234, "latency_ms": 63.5, "n_tests": 48, "n_tiles": 5, "evidence_tier": "measured", "n_schools_3km": 0, "n_clinics_3km": 0, "p_connectivity": 0.40035906642728902, "p_population": 0.54129263913824055, "p_institutions": 0.2755834829443447, "p_equity": 0.3647166361974406, "dipi": 41.0, "rank": 861.0, "stakes_score": null, "gap_rank": null }, "geometry": { "type": "Point", "coordinates": [ 116.3463728, 6.3847972 ] } },
{ "type": "Feature", "properties": { "name": "Kampung Sri Ganda", "place": "village", "pop_2km": 197, "seasonal_water_px": 93, "flood_prone": true, "rwi": -0.53733333333333333, "elevation_m": 4.0, "settlement_id": "S0282", "dl_mbps": 212.3815, "ul_mbps": 31.7775, "latency_ms": 62.5, "n_tests": 6, "n_tiles": 3, "evidence_tier": "low_evidence", "n_schools_3km": 1, "n_clinics_3km": 0, "p_connectivity": 0.035008976660682228, "p_population": 0.17684021543985637, "p_institutions": 0.63420107719928187, "p_equity": 0.94606946983546614, "dipi": 34.3, "rank": 1013.0, "stakes_score": null, "gap_rank": null }, "geometry": { "type": "Point", "coordinates": [ 118.5611896, 5.5073945 ] } },
{ "type": "Feature", "properties": { "name": "Togop Laut", "place": "village", "pop_2km": 871, "seasonal_water_px": 0, "flood_prone": false, "rwi": -0.49, "elevation_m": 223.0, "settlement_id": "S0284", "dl_mbps": 104.417, "ul_mbps": 16.3805, "latency_ms": 60.0, "n_tests": 22, "n_tiles": 4, "evidence_tier": "measured", "n_schools_3km": 0, "n_clinics_3km": 0, "p_connectivity": 0.20466786355475763, "p_population": 0.45915619389587076, "p_institutions": 0.2755834829443447, "p_equity": 0.91270566727605118, "dipi": 42.1, "rank": 817.0, "stakes_score": null, "gap_rank": null }, "geometry": { "type": "Point", "coordinates": [ 116.7975091, 6.1615009 ] } },
{ "type": "Feature", "properties": { "name": null, "place": "village", "pop_2km": 392, "seasonal_water_px": 2, "flood_prone": false, "rwi": -0.44775, "elevation_m": 204.0, "settlement_id": "S0285", "dl_mbps": 115.142, "ul_mbps": 20.776, "latency_ms": 57.0, "n_tests": 19, "n_tiles": 3, "evidence_tier": "low_evidence", "n_schools_3km": 0, "n_clinics_3km": 0, "p_connectivity": 0.17998204667863554, "p_population": 0.28635547576301618, "p_institutions": 0.2755834829443447, "p_equity": 0.8752285191956124, "dipi": 36.0, "rank": 989.0, "stakes_score": null, "gap_rank": null }, "geometry": { "type": "Point", "coordinates": [ 116.8102657, 6.1657463 ] } },
{ "type": "Feature", "properties": { "name": null, "place": "village", "pop_2km": 0, "seasonal_water_px": 1, "flood_prone": false, "rwi": -0.431, "elevation_m": 224.0, "settlement_id": "S0287", "dl_mbps": 161.854, "ul_mbps": 22.885, "latency_ms": 70.0, "n_tests": 39, "n_tiles": 5, "evidence_tier": "measured", "n_schools_3km": 0, "n_clinics_3km": 0, "p_connectivity": 0.10143626570915619, "p_population": 0.043536804308797125, "p_institutions": 0.2755834829443447, "p_equity": 0.86791590493601467, "dipi": 26.6, "rank": 1100.0, "stakes_score": null, "gap_rank": null }, "geometry": { "type": "Point", "coordinates": [ 116.8997656, 6.1841248 ] } },
{ "type": "Feature", "properties": { "name": "Pinampadan", "place": "village", "pop_2km": 382, "seasonal_water_px": 45, "flood_prone": true, "rwi": 0.054, "elevation_m": 144.0, "settlement_id": "S0289", "dl_mbps": 21.813, "ul_mbps": 1.4885, "latency_ms": 52.0, "n_tests": 8, "n_tiles": 7, "evidence_tier": "low_evidence", "n_schools_3km": 0, "n_clinics_3km": 0, "p_connectivity": 0.84560143626570916, "p_population": 0.28096947935368044, "p_institutions": 0.2755834829443447, "p_equity": 0.41499085923217549, "dipi": 53.3, "rank": 460.0, "stakes_score": null, "gap_rank": null }, "geometry": { "type": "Point", "coordinates": [ 116.8718096, 6.1492245 ] } },
{ "type": "Feature", "properties": { "name": "Kampung Kaingaran", "place": "village", "pop_2km": 407, "seasonal_water_px": 97, "flood_prone": true, "rwi": -0.286, "elevation_m": 96.0, "settlement_id": "S0290", "dl_mbps": 82.127, "ul_mbps": 19.115, "latency_ms": 69.0, "n_tests": 79, "n_tiles": 6, "evidence_tier": "measured", "n_schools_3km": 1, "n_clinics_3km": 0, "p_connectivity": 0.2850089766606822, "p_population": 0.29353680430879714, "p_institutions": 0.63420107719928187, "p_equity": 0.74177330895795246, "dipi": 43.1, "rank": 781.0, "stakes_score": null, "gap_rank": null }, "geometry": { "type": "Point", "coordinates": [ 116.97026, 6.0921074 ] } },
{ "type": "Feature", "properties": { "name": "Tinaom", "place": "village", "pop_2km": 155, "seasonal_water_px": 89, "flood_prone": true, "rwi": -0.15733333333333333, "elevation_m": 104.0, "settlement_id": "S0291", "dl_mbps": 100.4, "ul_mbps": 21.6895, "latency_ms": 66.0, "n_tests": 21, "n_tiles": 4, "evidence_tier": "measured", "n_schools_3km": 1, "n_clinics_3km": 0, "p_connectivity": 0.21813285457809695, "p_population": 0.15260323159784561, "p_institutions": 0.63420107719928187, "p_equity": 0.61700182815356486, "dipi": 34.4, "rank": 1012.0, "stakes_score": null, "gap_rank": null }, "geometry": { "type": "Point", "coordinates": [ 116.9572312, 6.1112469 ] } },
{ "type": "Feature", "properties": { "name": null, "place": "village", "pop_2km": 340, "seasonal_water_px": 0, "flood_prone": false, "rwi": -0.0955, "elevation_m": 116.0, "settlement_id": "S0293", "dl_mbps": 46.3835, "ul_mbps": 5.6225, "latency_ms": 80.0, "n_tests": 25, "n_tiles": 4, "evidence_tier": "measured", "n_schools_3km": 0, "n_clinics_3km": 0, "p_connectivity": 0.49730700179533216, "p_population": 0.2625673249551167, "p_institutions": 0.2755834829443447, "p_equity": 0.5621572212065814, "dipi": 41.8, "rank": 826.0, "stakes_score": null, "gap_rank": null }, "geometry": { "type": "Point", "coordinates": [ 116.9497291, 6.1649276 ] } },
{ "type": "Feature", "properties": { "name": "Mantub", "place": "village", "pop_2km": 194, "seasonal_water_px": 0, "flood_prone": false, "rwi": -0.297, "elevation_m": 122.0, "settlement_id": "S0294", "dl_mbps": 53.667, "ul_mbps": 5.18, "latency_ms": 70.0, "n_tests": 54, "n_tiles": 7, "evidence_tier": "measured", "n_schools_3km": 0, "n_clinics_3km": 0, "p_connectivity": 0.42055655296229805, "p_population": 0.17504488330341114, "p_institutions": 0.2755834829443447, "p_equity": 0.74680073126142599, "dipi": 40.3, "rank": 882.0, "stakes_score": null, "gap_rank": null }, "geometry": { "type": "Point", "coordinates": [ 116.9525025, 6.1755676 ] } },
{ "type": "Feature", "properties": { "name": "Sumbilingon", "place": "village", "pop_2km": 0, "seasonal_water_px": 0, "flood_prone": false, "rwi": -0.3125, "elevation_m": 128.0, "settlement_id": "S0295", "dl_mbps": 53.667, "ul_mbps": 5.18, "latency_ms": 70.0, "n_tests": 65, "n_tiles": 9, "evidence_tier": "measured", "n_schools_3km": 0, "n_clinics_3km": 0, "p_connectivity": 0.42055655296229805, "p_population": 0.043536804308797125, "p_institutions": 0.2755834829443447, "p_equity": 0.75959780621572215, "dipi": 37.2, "rank": 966.0, "stakes_score": null, "gap_rank": null }, "geometry": { "type": "Point", "coordinates": [ 116.9592348, 6.1856954 ] } },
{ "type": "Feature", "properties": { "name": "Nasakot", "place": "village", "pop_2km": 0, "seasonal_water_px": 0, "flood_prone": false, "rwi": -0.392, "elevation_m": 129.0, "settlement_id": "S0296", "dl_mbps": 93.5085, "ul_mbps": 19.7305, "latency_ms": 44.0, "n_tests": 49, "n_tiles": 6, "evidence_tier": "measured", "n_schools_3km": 0, "n_clinics_3km": 0, "p_connectivity": 0.23653500897666069, "p_population": 0.043536804308797125, "p_institutions": 0.2755834829443447, "p_equity": 0.83638025594149912, "dipi": 31.4, "rank": 1054.0, "stakes_score": null, "gap_rank": null }, "geometry": { "type": "Point", "coordinates": [ 116.961343, 6.1992709 ] } },
{ "type": "Feature", "properties": { "name": null, "place": "village", "pop_2km": 0, "seasonal_water_px": 0, "flood_prone": false, "rwi": -0.392, "elevation_m": 136.0, "settlement_id": "S0297", "dl_mbps": 93.5085, "ul_mbps": 19.7305, "latency_ms": 44.0, "n_tests": 49, "n_tiles": 6, "evidence_tier": "measured", "n_schools_3km": 0, "n_clinics_3km": 0, "p_connectivity": 0.23653500897666069, "p_population": 0.043536804308797125, "p_institutions": 0.2755834829443447, "p_equity": 0.83638025594149912, "dipi": 31.4, "rank": 1054.0, "stakes_score": null, "gap_rank": null }, "geometry": { "type": "Point", "coordinates": [ 116.9567672, 6.2026547 ] } },
{ "type": "Feature", "properties": { "name": "Kimanis", "place": "village", "pop_2km": 7097, "seasonal_water_px": 35, "flood_prone": true, "rwi": 0.374, "elevation_m": 6.0, "settlement_id": "S0298", "dl_mbps": 182.268, "ul_mbps": 20.492, "latency_ms": 38.0, "n_tests": 563, "n_tiles": 21, "evidence_tier": "measured", "n_schools_3km": 1, "n_clinics_3km": 0, "p_connectivity": 0.067324955116696589, "p_population": 0.8105924596050269, "p_institutions": 0.63420107719928187, "p_equity": 0.21023765996343693, "dipi": 36.7, "rank": 974.0, "stakes_score": null, "gap_rank": null }, "geometry": { "type": "Point", "coordinates": [ 115.8951324, 5.6138322 ] } },
{ "type": "Feature", "properties": { "name": "Putatan", "place": "town", "pop_2km": 25152, "seasonal_water_px": 114, "flood_prone": true, "rwi": 1.0173333333333334, "elevation_m": 9.0, "settlement_id": "S0300", "dl_mbps": 200.378, "ul_mbps": 40.498, "latency_ms": 35.0, "n_tests": 3760, "n_tiles": 28, "evidence_tier": "measured", "n_schools_3km": 5, "n_clinics_3km": 4, "p_connectivity": 0.049371633752244168, "p_population": 0.95870736086175945, "p_institutions": 0.92504488330341117, "p_equity": 0.032906764168190127, "dipi": 40.5, "rank": 875.0, "stakes_score": null, "gap_rank": null }, "geometry": { "type": "Point", "coordinates": [ 116.05, 5.8833333 ] } },
{ "type": "Feature", "properties": { "name": "Kunak", "place": "town", "pop_2km": 30634, "seasonal_water_px": 114, "flood_prone": true, "rwi": 0.8215, "elevation_m": 14.0, "settlement_id": "S0301", "dl_mbps": 84.056, "ul_mbps": 13.792, "latency_ms": 52.0, "n_tests": 882, "n_tiles": 20, "evidence_tier": "measured", "n_schools_3km": 8, "n_clinics_3km": 5, "p_connectivity": 0.27378815080789948, "p_population": 0.97127468581687615, "p_institutions": 0.96903052064631956, "p_equity": 0.080438756855575874, "dipi": 51.4, "rank": 528.0, "stakes_score": null, "gap_rank": null }, "geometry": { "type": "Point", "coordinates": [ 118.2475984, 4.6838807 ] } },
{ "type": "Feature", "properties": { "name": "Beluran", "place": "town", "pop_2km": 13195, "seasonal_water_px": 51, "flood_prone": true, "rwi": 0.2485, "elevation_m": 5.0, "settlement_id": "S0302", "dl_mbps": 48.049, "ul_mbps": 13.7575, "latency_ms": 49.0, "n_tests": 252, "n_tiles": 12, "evidence_tier": "measured", "n_schools_3km": 3, "n_clinics_3km": 2, "p_connectivity": 0.46947935368043087, "p_population": 0.89317773788150812, "p_institutions": 0.87477558348294437, "p_equity": 0.27513711151736747, "dipi": 59.7, "rank": 244.0, "stakes_score": null, "gap_rank": null }, "geometry": { "type": "Point", "coordinates": [ 117.5598077, 5.8979788 ] } },
{ "type": "Feature", "properties": { "name": "Kampung Sumbilingan", "place": "village", "pop_2km": 1986, "seasonal_water_px": 64, "flood_prone": true, "rwi": -0.045, "elevation_m": 11.0, "settlement_id": "S0307", "dl_mbps": 47.221, "ul_mbps": 6.081, "latency_ms": 55.0, "n_tests": 146, "n_tiles": 14, "evidence_tier": "measured", "n_schools_3km": 0, "n_clinics_3km": 0, "p_connectivity": 0.48294434470377018, "p_population": 0.62477558348294437, "p_institutions": 0.2755834829443447, "p_equity": 0.51828153564899448, "dipi": 49.4, "rank": 577.0, "stakes_score": null, "gap_rank": null }, "geometry": { "type": "Point", "coordinates": [ 116.3458603, 6.3129372 ] } },
{ "type": "Feature", "properties": { "name": "Batu Payung", "place": "village", "pop_2km": 947, "seasonal_water_px": 58, "flood_prone": true, "rwi": 0.403, "elevation_m": 130.0, "settlement_id": "S0308", "dl_mbps": 38.497, "ul_mbps": 2.893, "latency_ms": 52.0, "n_tests": 11, "n_tiles": 2, "evidence_tier": "low_evidence", "n_schools_3km": 0, "n_clinics_3km": 0, "p_connectivity": 0.60502692998204666, "p_population": 0.4874326750448833, "p_institutions": 0.2755834829443447, "p_equity": 0.20201096892138939, "dipi": 44.6, "rank": 723.0, "stakes_score": null, "gap_rank": null }, "geometry": { "type": "Point", "coordinates": [ 117.992711, 4.228356 ] } },
{ "type": "Feature", "properties": { "name": "Tinagat", "place": "village", "pop_2km": 6620, "seasonal_water_px": 173, "flood_prone": true, "rwi": 0.334, "elevation_m": 10.0, "settlement_id": "S0309", "dl_mbps": 160.025, "ul_mbps": 35.294, "latency_ms": 40.0, "n_tests": 264, "n_tiles": 14, "evidence_tier": "measured", "n_schools_3km": 2, "n_clinics_3km": 0, "p_connectivity": 0.10502692998204669, "p_population": 0.80251346499102338, "p_institutions": 0.75987432675044886, "p_equity": 0.22851919561243145, "dipi": 40.2, "rank": 887.0, "stakes_score": null, "gap_rank": null }, "geometry": { "type": "Point", "coordinates": [ 117.9670708, 4.240154 ] } },
{ "type": "Feature", "properties": { "name": "Kg Dagat Lama", "place": "village", "pop_2km": 0, "seasonal_water_px": 13, "flood_prone": true, "rwi": -0.487, "elevation_m": 9.0, "settlement_id": "S0310", "dl_mbps": 6.1105, "ul_mbps": 1.183, "latency_ms": 271.0, "n_tests": 26, "n_tiles": 2, "evidence_tier": "low_evidence", "n_schools_3km": 0, "n_clinics_3km": 0, "p_connectivity": 0.98473967684021546, "p_population": 0.043536804308797125, "p_institutions": 0.2755834829443447, "p_equity": 0.90585009140767825, "dipi": 62.7, "rank": 151.0, "stakes_score": null, "gap_rank": null }, "geometry": { "type": "Point", "coordinates": [ 118.7752305, 5.3665927 ] } },
{ "type": "Feature", "properties": { "name": "Kampung Damai SFI", "place": "village", "pop_2km": 6469, "seasonal_water_px": 2, "flood_prone": false, "rwi": 0.4665, "elevation_m": 51.0, "settlement_id": "S0311", "dl_mbps": 49.092, "ul_mbps": 6.114, "latency_ms": 44.0, "n_tests": 241, "n_tiles": 19, "evidence_tier": "measured", "n_schools_3km": 0, "n_clinics_3km": 1, "p_connectivity": 0.45691202872531417, "p_population": 0.79892280071813282, "p_institutions": 0.63420107719928187, "p_equity": 0.18007312614259599, "dipi": 51.4, "rank": 528.0, "stakes_score": null, "gap_rank": null }, "geometry": { "type": "Point", "coordinates": [ 115.5350166, 5.0208115 ] } },
{ "type": "Feature", "properties": { "name": "Kampung Molosok", "place": "hamlet", "pop_2km": 274, "seasonal_water_px": 0, "flood_prone": false, "rwi": -0.409, "elevation_m": 373.0, "settlement_id": "S0312", "dl_mbps": 50.076, "ul_mbps": 29.571, "latency_ms": 62.0, "n_tests": 17, "n_tiles": 2, "evidence_tier": "low_evidence", "n_schools_3km": 1, "n_clinics_3km": 1, "p_connectivity": 0.44883303411131059, "p_population": 0.22710951526032316, "p_institutions": 0.75987432675044886, "p_equity": 0.85329067641681899, "dipi": 52.1, "rank": 506.0, "stakes_score": null, "gap_rank": null }, "geometry": { "type": "Point", "coordinates": [ 116.1217083, 5.0176067 ] } },
{ "type": "Feature", "properties": { "name": "Kampung Dalit Station", "place": "hamlet", "pop_2km": 189, "seasonal_water_px": 0, "flood_prone": false, "rwi": -0.49425, "elevation_m": 373.0, "settlement_id": "S0313", "dl_mbps": 50.076, "ul_mbps": 29.571, "latency_ms": 62.0, "n_tests": 17, "n_tiles": 2, "evidence_tier": "low_evidence", "n_schools_3km": 1, "n_clinics_3km": 1, "p_connectivity": 0.44883303411131059, "p_population": 0.17190305206463197, "p_institutions": 0.75987432675044886, "p_equity": 0.9181901279707495, "dipi": 52.0, "rank": 508.0, "stakes_score": null, "gap_rank": null }, "geometry": { "type": "Point", "coordinates": [ 116.1260882, 5.0204538 ] } },
{ "type": "Feature", "properties": { "name": "Kampung Kahaba", "place": "hamlet", "pop_2km": 139, "seasonal_water_px": 0, "flood_prone": false, "rwi": -0.0905, "elevation_m": 379.0, "settlement_id": "S0314", "dl_mbps": 50.076, "ul_mbps": 29.571, "latency_ms": 62.0, "n_tests": 17, "n_tiles": 2, "evidence_tier": "low_evidence", "n_schools_3km": 1, "n_clinics_3km": 1, "p_connectivity": 0.44883303411131059, "p_population": 0.14587073608617596, "p_institutions": 0.75987432675044886, "p_equity": 0.55758683729433267, "dipi": 44.1, "rank": 741.0, "stakes_score": null, "gap_rank": null }, "geometry": { "type": "Point", "coordinates": [ 116.1084747, 5.0094591 ] } },
{ "type": "Feature", "properties": { "name": "Kampung Tambulaung", "place": "village", "pop_2km": 2808, "seasonal_water_px": 74, "flood_prone": true, "rwi": 0.17375, "elevation_m": 92.0, "settlement_id": "S0315", "dl_mbps": 44.857, "ul_mbps": 7.342, "latency_ms": 43.0, "n_tests": 203, "n_tiles": 17, "evidence_tier": "measured", "n_schools_3km": 4, "n_clinics_3km": 3, "p_connectivity": 0.52154398563734294, "p_population": 0.67414721723518856, "p_institutions": 0.90035906642728902, "p_equity": 0.32038391224862889, "dipi": 57.6, "rank": 323.0, "stakes_score": null, "gap_rank": null }, "geometry": { "type": "Point", "coordinates": [ 116.4551222, 6.2285288 ] } },
{ "type": "Feature", "properties": { "name": "Kampung Taginambur", "place": "village", "pop_2km": 2687, "seasonal_water_px": 51, "flood_prone": true, "rwi": 0.30833333333333335, "elevation_m": 96.0, "settlement_id": "S0316", "dl_mbps": 50.3815, "ul_mbps": 7.639, "latency_ms": 43.0, "n_tests": 201, "n_tiles": 16, "evidence_tier": "measured", "n_schools_3km": 4, "n_clinics_3km": 3, "p_connectivity": 0.44434470377019747, "p_population": 0.66786355475763015, "p_institutions": 0.90035906642728902, "p_equity": 0.24360146252285192, "dipi": 52.8, "rank": 475.0, "stakes_score": null, "gap_rank": null }, "geometry": { "type": "Point", "coordinates": [ 116.4491033, 6.2251585 ] } },
{ "type": "Feature", "properties": { "name": "Kampung Podos", "place": "village", "pop_2km": 261, "seasonal_water_px": 0, "flood_prone": false, "rwi": -0.163, "elevation_m": 138.0, "settlement_id": "S0317", "dl_mbps": 37.547, "ul_mbps": 3.287, "latency_ms": 45.0, "n_tests": 28, "n_tiles": 4, "evidence_tier": "measured", "n_schools_3km": 2, "n_clinics_3km": 0, "p_connectivity": 0.61490125673249552, "p_population": 0.22082585278276481, "p_institutions": 0.75987432675044886, "p_equity": 0.62248628884826329, "dipi": 54.0, "rank": 442.0, "stakes_score": null, "gap_rank": null }, "geometry": { "type": "Point", "coordinates": [ 116.4848625, 6.223804 ] } },
{ "type": "Feature", "properties": { "name": "Kampung Soronsob", "place": "village", "pop_2km": 2345, "seasonal_water_px": 62, "flood_prone": true, "rwi": 0.3085, "elevation_m": 101.0, "settlement_id": "S0318", "dl_mbps": 48.818, "ul_mbps": 11.344, "latency_ms": 43.0, "n_tests": 180, "n_tiles": 15, "evidence_tier": "measured", "n_schools_3km": 4, "n_clinics_3km": 3, "p_connectivity": 0.46140035906642729, "p_population": 0.65080789946140039, "p_institutions": 0.90035906642728902, "p_equity": 0.24223034734917734, "dipi": 53.1, "rank": 468.0, "stakes_score": null, "gap_rank": null }, "geometry": { "type": "Point", "coordinates": [ 116.4523971, 6.2186365 ] } },
{ "type": "Feature", "properties": { "name": "Kampung Tamalang", "place": "village", "pop_2km": 2923, "seasonal_water_px": 85, "flood_prone": true, "rwi": 0.236, "elevation_m": 106.0, "settlement_id": "S0319", "dl_mbps": 47.124, "ul_mbps": 6.9925, "latency_ms": 44.0, "n_tests": 223, "n_tiles": 19, "evidence_tier": "measured", "n_schools_3km": 4, "n_clinics_3km": 3, "p_connectivity": 0.48563734290843807, "p_population": 0.6840215439856373, "p_institutions": 0.90035906642728902, "p_equity": 0.27787934186471663, "dipi": 55.6, "rank": 392.0, "stakes_score": null, "gap_rank": null }, "geometry": { "type": "Point", "coordinates": [ 116.4494384, 6.2360746 ] } },
{ "type": "Feature", "properties": { "name": "Kampung Bahab", "place": "village", "pop_2km": 2249, "seasonal_water_px": 92, "flood_prone": true, "rwi": 0.12, "elevation_m": 129.0, "settlement_id": "S0320", "dl_mbps": 59.751, "ul_mbps": 14.7485, "latency_ms": 43.0, "n_tests": 142, "n_tiles": 13, "evidence_tier": "measured", "n_schools_3km": 4, "n_clinics_3km": 3, "p_connectivity": 0.3891382405745063, "p_population": 0.64362657091561937, "p_institutions": 0.90035906642728902, "p_equity": 0.36197440585009139, "dipi": 52.4, "rank": 486.0, "stakes_score": null, "gap_rank": null }, "geometry": { "type": "Point", "coordinates": [ 116.4515128, 6.2137719 ] } },
{ "type": "Feature", "properties": { "name": "Kampung Bayayat", "place": "village", "pop_2km": 1459, "seasonal_water_px": 75, "flood_prone": true, "rwi": 0.1865, "elevation_m": 168.0, "settlement_id": "S0321", "dl_mbps": 59.751, "ul_mbps": 15.092, "latency_ms": 43.0, "n_tests": 111, "n_tiles": 14, "evidence_tier": "measured", "n_schools_3km": 4, "n_clinics_3km": 3, "p_connectivity": 0.3891382405745063, "p_population": 0.58168761220825849, "p_institutions": 0.90035906642728902, "p_equity": 0.30941499085923219, "dipi": 49.8, "rank": 568.0, "stakes_score": null, "gap_rank": null }, "geometry": { "type": "Point", "coordinates": [ 116.4454789, 6.2065818 ] } },
{ "type": "Feature", "properties": { "name": "Kampung Sogoh", "place": "village", "pop_2km": 1206, "seasonal_water_px": 41, "flood_prone": true, "rwi": 0.039333333333333331, "elevation_m": 160.0, "settlement_id": "S0322", "dl_mbps": 47.384, "ul_mbps": 8.802, "latency_ms": 52.0, "n_tests": 144, "n_tiles": 13, "evidence_tier": "measured", "n_schools_3km": 4, "n_clinics_3km": 0, "p_connectivity": 0.48114901256732495, "p_population": 0.54667863554757634, "p_institutions": 0.85592459605026927, "p_equity": 0.43235831809872027, "dipi": 54.4, "rank": 429.0, "stakes_score": null, "gap_rank": null }, "geometry": { "type": "Point", "coordinates": [ 116.4466573, 6.1992736 ] } },
{ "type": "Feature", "properties": { "name": "Kampung Tinata", "place": "village", "pop_2km": 437, "seasonal_water_px": 0, "flood_prone": false, "rwi": -0.154, "elevation_m": 224.0, "settlement_id": "S0323", "dl_mbps": 55.649, "ul_mbps": 12.668, "latency_ms": 36.0, "n_tests": 64, "n_tiles": 8, "evidence_tier": "measured", "n_schools_3km": 5, "n_clinics_3km": 3, "p_connectivity": 0.40754039497307004, "p_population": 0.31418312387791741, "p_institutions": 0.91382405745062834, "p_equity": 0.61517367458866545, "dipi": 50.2, "rank": 556.0, "stakes_score": null, "gap_rank": null }, "geometry": { "type": "Point", "coordinates": [ 116.4687633, 6.2138754 ] } },
{ "type": "Feature", "properties": { "name": "Kampung Nopungguk", "place": "village", "pop_2km": 141, "seasonal_water_px": 0, "flood_prone": false, "rwi": -0.505, "elevation_m": 388.0, "settlement_id": "S0324", "dl_mbps": 3.381, "ul_mbps": 2.1105, "latency_ms": 43.0, "n_tests": 20, "n_tiles": 4, "evidence_tier": "measured", "n_schools_3km": 2, "n_clinics_3km": 0, "p_connectivity": 0.99102333931777375, "p_population": 0.14811490125673249, "p_institutions": 0.75987432675044886, "p_equity": 0.92595978062157225, "dipi": 73.3, "rank": 11.0, "stakes_score": null, "gap_rank": null }, "geometry": { "type": "Point", "coordinates": [ 116.4881866, 6.2021431 ] } },
{ "type": "Feature", "properties": { "name": "Kampung Gansurai", "place": "village", "pop_2km": 125, "seasonal_water_px": 0, "flood_prone": false, "rwi": -0.5355, "elevation_m": 170.0, "settlement_id": "S0325", "dl_mbps": 6.437, "ul_mbps": 0.982, "latency_ms": 47.0, "n_tests": 23, "n_tiles": 6, "evidence_tier": "measured", "n_schools_3km": 1, "n_clinics_3km": 0, "p_connectivity": 0.98114901256732501, "p_population": 0.13824057450628366, "p_institutions": 0.63420107719928187, "p_equity": 0.94515539305301643, "dipi": 71.1, "rank": 28.0, "stakes_score": null, "gap_rank": null }, "geometry": { "type": "Point", "coordinates": [ 116.4712732, 6.1953094 ] } },
{ "type": "Feature", "properties": { "name": "Kampung Melangkap Noriou", "place": "village", "pop_2km": 218, "seasonal_water_px": 0, "flood_prone": false, "rwi": -0.28033333333333332, "elevation_m": 409.0, "settlement_id": "S0326", "dl_mbps": 25.061, "ul_mbps": 4.022, "latency_ms": 50.0, "n_tests": 131, "n_tiles": 10, "evidence_tier": "measured", "n_schools_3km": 2, "n_clinics_3km": 0, "p_connectivity": 0.78635547576301612, "p_population": 0.19389587073608616, "p_institutions": 0.75987432675044886, "p_equity": 0.73126142595978061, "dipi": 62.3, "rank": 160.0, "stakes_score": null, "gap_rank": null }, "geometry": { "type": "Point", "coordinates": [ 116.4849272, 6.1792216 ] } },
{ "type": "Feature", "properties": { "name": "Kampung Melangkap Tiong", "place": "village", "pop_2km": 240, "seasonal_water_px": 10, "flood_prone": true, "rwi": -0.076666666666666661, "elevation_m": 278.0, "settlement_id": "S0327", "dl_mbps": 33.3475, "ul_mbps": 5.4645, "latency_ms": 55.0, "n_tests": 138, "n_tiles": 12, "evidence_tier": "measured", "n_schools_3km": 1, "n_clinics_3km": 0, "p_connectivity": 0.67010771992818674, "p_population": 0.2069120287253142, "p_institutions": 0.63420107719928187, "p_equity": 0.5420475319926874, "dipi": 52.3, "rank": 492.0, "stakes_score": null, "gap_rank": null }, "geometry": { "type": "Point", "coordinates": [ 116.4822091, 6.1682574 ] } },
{ "type": "Feature", "properties": { "name": "Kampung Melangkap Baru", "place": "village", "pop_2km": 240, "seasonal_water_px": 6, "flood_prone": true, "rwi": -0.1435, "elevation_m": 224.0, "settlement_id": "S0328", "dl_mbps": 33.3475, "ul_mbps": 5.4645, "latency_ms": 55.0, "n_tests": 138, "n_tiles": 12, "evidence_tier": "measured", "n_schools_3km": 1, "n_clinics_3km": 0, "p_connectivity": 0.67010771992818674, "p_population": 0.2069120287253142, "p_institutions": 0.63420107719928187, "p_equity": 0.60511882998171851, "dipi": 53.6, "rank": 453.0, "stakes_score": null, "gap_rank": null }, "geometry": { "type": "Point", "coordinates": [ 116.4742672, 6.1658929 ] } },
{ "type": "Feature", "properties": { "name": "Kampung Melangkap Kapa", "place": "village", "pop_2km": 0, "seasonal_water_px": 0, "flood_prone": false, "rwi": -0.414, "elevation_m": 663.0, "settlement_id": "S0329", "dl_mbps": 99.455, "ul_mbps": 20.709, "latency_ms": 18.0, "n_tests": 6, "n_tiles": 2, "evidence_tier": "low_evidence", "n_schools_3km": 0, "n_clinics_3km": 0, "p_connectivity": 0.22262118491921004, "p_population": 0.043536804308797125, "p_institutions": 0.2755834829443447, "p_equity": 0.85877513711151732, "dipi": 31.3, "rank": 1057.0, "stakes_score": null, "gap_rank": null }, "geometry": { "type": "Point", "coordinates": [ 116.5123489, 6.1519023 ] } },
{ "type": "Feature", "properties": { "name": "Kampung Lobong-Lobong", "place": "village", "pop_2km": 426, "seasonal_water_px": 0, "flood_prone": false, "rwi": -0.23733333333333337, "elevation_m": 529.0, "settlement_id": "S0330", "dl_mbps": 27.109, "ul_mbps": 8.0705, "latency_ms": 45.0, "n_tests": 62, "n_tiles": 9, "evidence_tier": "measured", "n_schools_3km": 1, "n_clinics_3km": 0, "p_connectivity": 0.7594254937163375, "p_population": 0.30610412926391384, "p_institutions": 0.63420107719928187, "p_equity": 0.69926873857404026, "dipi": 61.5, "rank": 180.0, "stakes_score": null, "gap_rank": null }, "geometry": { "type": "Point", "coordinates": [ 116.4639483, 6.0677167 ] } },
{ "type": "Feature", "properties": { "name": "Kampung Kaung Ulu", "place": "village", "pop_2km": 421, "seasonal_water_px": 0, "flood_prone": false, "rwi": -0.23733333333333337, "elevation_m": 425.0, "settlement_id": "S0331", "dl_mbps": 29.024, "ul_mbps": 5.2025, "latency_ms": 45.0, "n_tests": 63, "n_tiles": 9, "evidence_tier": "measured", "n_schools_3km": 1, "n_clinics_3km": 0, "p_connectivity": 0.72845601436265706, "p_population": 0.30475763016157992, "p_institutions": 0.63420107719928187, "p_equity": 0.69926873857404026, "dipi": 60.3, "rank": 217.0, "stakes_score": null, "gap_rank": null }, "geometry": { "type": "Point", "coordinates": [ 116.4597571, 6.078188 ] } },
{ "type": "Feature", "properties": { "name": "Kampung Kaung", "place": "village", "pop_2km": 442, "seasonal_water_px": 0, "flood_prone": false, "rwi": -0.23733333333333337, "elevation_m": 381.0, "settlement_id": "S0332", "dl_mbps": 29.024, "ul_mbps": 5.2025, "latency_ms": 45.0, "n_tests": 63, "n_tiles": 9, "evidence_tier": "measured", "n_schools_3km": 1, "n_clinics_3km": 0, "p_connectivity": 0.72845601436265706, "p_population": 0.31642728904847395, "p_institutions": 0.63420107719928187, "p_equity": 0.69926873857404026, "dipi": 60.5, "rank": 208.0, "stakes_score": null, "gap_rank": null }, "geometry": { "type": "Point", "coordinates": [ 116.4578722, 6.0753764 ] } },
{ "type": "Feature", "properties": { "name": "Kampung Tambatuon", "place": "village", "pop_2km": 950, "seasonal_water_px": 2, "flood_prone": false, "rwi": -0.1925, "elevation_m": 230.0, "settlement_id": "S0333", "dl_mbps": 91.158, "ul_mbps": 8.727, "latency_ms": 29.0, "n_tests": 28, "n_tiles": 10, "evidence_tier": "measured", "n_schools_3km": 2, "n_clinics_3km": 0, "p_connectivity": 0.24865350089766608, "p_population": 0.48833034111310591, "p_institutions": 0.75987432675044886, "p_equity": 0.65493601462522855, "dipi": 46.7, "rank": 667.0, "stakes_score": null, "gap_rank": null }, "geometry": { "type": "Point", "coordinates": [ 116.4532593, 6.1239943 ] } },
{ "type": "Feature", "properties": { "name": "Kampung Lingkubang", "place": "village", "pop_2km": 622, "seasonal_water_px": 2, "flood_prone": false, "rwi": 0.053666666666666675, "elevation_m": 203.0, "settlement_id": "S0334", "dl_mbps": 91.158, "ul_mbps": 12.554, "latency_ms": 39.0, "n_tests": 34, "n_tiles": 11, "evidence_tier": "measured", "n_schools_3km": 2, "n_clinics_3km": 0, "p_connectivity": 0.24865350089766608, "p_population": 0.37701974865350091, "p_institutions": 0.75987432675044886, "p_equity": 0.41590493601462525, "dipi": 39.1, "rank": 914.0, "stakes_score": null, "gap_rank": null }, "geometry": { "type": "Point", "coordinates": [ 116.445671, 6.1466984 ] } },
{ "type": "Feature", "properties": { "name": "Kampung Kebayau", "place": "village", "pop_2km": 198, "seasonal_water_px": 2, "flood_prone": false, "rwi": 0.026666666666666689, "elevation_m": 440.0, "settlement_id": "S0335", "dl_mbps": 48.8865, "ul_mbps": 6.6095, "latency_ms": 49.0, "n_tests": 136, "n_tiles": 10, "evidence_tier": "measured", "n_schools_3km": 2, "n_clinics_3km": 0, "p_connectivity": 0.45960502692998206, "p_population": 0.17818671454219032, "p_institutions": 0.75987432675044886, "p_equity": 0.44424131627056673, "dipi": 43.1, "rank": 781.0, "stakes_score": null, "gap_rank": null }, "geometry": { "type": "Point", "coordinates": [ 116.4610807, 6.1579797 ] } },
{ "type": "Feature", "properties": { "name": "Kampung Melangkap Tomis", "place": "village", "pop_2km": 19, "seasonal_water_px": 0, "flood_prone": false, "rwi": -0.2745, "elevation_m": 467.0, "settlement_id": "S0336", "dl_mbps": 28.835, "ul_mbps": 6.05, "latency_ms": 62.0, "n_tests": 110, "n_tiles": 5, "evidence_tier": "measured", "n_schools_3km": 1, "n_clinics_3km": 0, "p_connectivity": 0.73070017953321365, "p_population": 0.08707360861759425, "p_institutions": 0.63420107719928187, "p_equity": 0.72577696526508229, "dipi": 55.4, "rank": 396.0, "stakes_score": null, "gap_rank": null }, "geometry": { "type": "Point", "coordinates": [ 116.4840244, 6.1460017 ] } },
{ "type": "Feature", "properties": { "name": "Kampung Purak Ogis", "place": "village", "pop_2km": 462, "seasonal_water_px": 35, "flood_prone": true, "rwi": -0.002, "elevation_m": 169.0, "settlement_id": "S0337", "dl_mbps": 62.557, "ul_mbps": 9.597, "latency_ms": 48.0, "n_tests": 100, "n_tiles": 12, "evidence_tier": "measured", "n_schools_3km": 2, "n_clinics_3km": 0, "p_connectivity": 0.37522441651705568, "p_population": 0.32809694793536803, "p_institutions": 0.75987432675044886, "p_equity": 0.46983546617915906, "dipi": 44.0, "rank": 746.0, "stakes_score": null, "gap_rank": null }, "geometry": { "type": "Point", "coordinates": [ 116.4459051, 6.163235 ] } },
{ "type": "Feature", "properties": { "name": "Kampung Narinang", "place": "village", "pop_2km": 866, "seasonal_water_px": 117, "flood_prone": true, "rwi": -0.333, "elevation_m": 139.0, "settlement_id": "S0338", "dl_mbps": 46.817, "ul_mbps": 8.802, "latency_ms": 59.0, "n_tests": 86, "n_tiles": 9, "evidence_tier": "measured", "n_schools_3km": 2, "n_clinics_3km": 0, "p_connectivity": 0.49012567324955114, "p_population": 0.45421903052064633, "p_institutions": 0.75987432675044886, "p_equity": 0.78519195612431447, "dipi": 58.1, "rank": 298.0, "stakes_score": null, "gap_rank": null }, "geometry": { "type": "Point", "coordinates": [ 116.4455836, 6.1852478 ] } },
{ "type": "Feature", "properties": { "name": "Kampung Taginambur Jaya", "place": "village", "pop_2km": 2809, "seasonal_water_px": 79, "flood_prone": true, "rwi": 0.0025, "elevation_m": 71.0, "settlement_id": "S0339", "dl_mbps": 31.098, "ul_mbps": 4.252, "latency_ms": 45.0, "n_tests": 177, "n_tiles": 17, "evidence_tier": "measured", "n_schools_3km": 4, "n_clinics_3km": 3, "p_connectivity": 0.69748653500897662, "p_population": 0.67504488330341117, "p_institutions": 0.90035906642728902, "p_equity": 0.46617915904936014, "dipi": 67.6, "rank": 56.0, "stakes_score": null, "gap_rank": null }, "geometry": { "type": "Point", "coordinates": [ 116.4525488, 6.2473825 ] } },
{ "type": "Feature", "properties": { "name": "Kampung Bukit Bendera", "place": "village", "pop_2km": 2856, "seasonal_water_px": 73, "flood_prone": true, "rwi": 0.0025, "elevation_m": 92.0, "settlement_id": "S0340", "dl_mbps": 30.251, "ul_mbps": 3.96, "latency_ms": 45.0, "n_tests": 196, "n_tiles": 19, "evidence_tier": "measured", "n_schools_3km": 4, "n_clinics_3km": 3, "p_connectivity": 0.71095152603231593, "p_population": 0.67863554757630162, "p_institutions": 0.90035906642728902, "p_equity": 0.46617915904936014, "dipi": 68.2, "rank": 51.0, "stakes_score": null, "gap_rank": null }, "geometry": { "type": "Point", "coordinates": [ 116.451671, 6.2495427 ] } },
{ "type": "Feature", "properties": { "name": "Kampung Mengkulat", "place": "village", "pop_2km": 797, "seasonal_water_px": 0, "flood_prone": false, "rwi": -0.2285, "elevation_m": 122.0, "settlement_id": "S0341", "dl_mbps": 15.943, "ul_mbps": 2.1625, "latency_ms": 46.5, "n_tests": 37, "n_tiles": 11, "evidence_tier": "measured", "n_schools_3km": 4, "n_clinics_3km": 0, "p_connectivity": 0.90394973070017959, "p_population": 0.43177737881508077, "p_institutions": 0.85592459605026927, "p_equity": 0.6864716636197441, "dipi": 73.5, "rank": 9.0, "stakes_score": null, "gap_rank": null }, "geometry": { "type": "Point", "coordinates": [ 116.4754237, 6.2491271 ] } },
{ "type": "Feature", "properties": { "name": "Kampung Pinolobu", "place": "village", "pop_2km": 203, "seasonal_water_px": 0, "flood_prone": false, "rwi": -0.38, "elevation_m": 262.0, "settlement_id": "S0342", "dl_mbps": 14.021, "ul_mbps": 1.29, "latency_ms": 53.0, "n_tests": 16, "n_tiles": 3, "evidence_tier": "low_evidence", "n_schools_3km": 2, "n_clinics_3km": 0, "p_connectivity": 0.92190305206463197, "p_population": 0.17998204667863554, "p_institutions": 0.75987432675044886, "p_equity": 0.83089579524680068, "dipi": 69.4, "rank": 42.0, "stakes_score": null, "gap_rank": null }, "geometry": { "type": "Point", "coordinates": [ 116.4921853, 6.2586505 ] } },
{ "type": "Feature", "properties": { "name": "Kampung Ratau", "place": "village", "pop_2km": 2444, "seasonal_water_px": 108, "flood_prone": true, "rwi": -0.099333333333333329, "elevation_m": 64.0, "settlement_id": "S0343", "dl_mbps": 22.9225, "ul_mbps": 2.474, "latency_ms": 48.0, "n_tests": 149, "n_tiles": 18, "evidence_tier": "measured", "n_schools_3km": 3, "n_clinics_3km": 0, "p_connectivity": 0.8231597845601436, "p_population": 0.65709156193895868, "p_institutions": 0.82405745062836622, "p_equity": 0.56489945155393051, "dipi": 73.0, "rank": 13.0, "stakes_score": null, "gap_rank": null }, "geometry": { "type": "Point", "coordinates": [ 116.4596676, 6.2556724 ] } },
{ "type": "Feature", "properties": { "name": "Kampung Tamu Darat", "place": "village", "pop_2km": 2988, "seasonal_water_px": 54, "flood_prone": true, "rwi": -0.12725, "elevation_m": 80.0, "settlement_id": "S0344", "dl_mbps": 24.276, "ul_mbps": 3.96, "latency_ms": 48.0, "n_tests": 201, "n_tiles": 17, "evidence_tier": "measured", "n_schools_3km": 2, "n_clinics_3km": 0, "p_connectivity": 0.80655296229802509, "p_population": 0.68761220825852787, "p_institutions": 0.75987432675044886, "p_equity": 0.59414990859232175, "dipi": 72.7, "rank": 15.0, "stakes_score": null, "gap_rank": null }, "geometry": { "type": "Point", "coordinates": [ 116.4537819, 6.2647561 ] } },
{ "type": "Feature", "properties": { "name": "Kampung Bokilong", "place": "village", "pop_2km": 2524, "seasonal_water_px": 76, "flood_prone": true, "rwi": -0.093333333333333338, "elevation_m": 50.0, "settlement_id": "S0345", "dl_mbps": 30.015, "ul_mbps": 4.532, "latency_ms": 49.5, "n_tests": 229, "n_tiles": 15, "evidence_tier": "measured", "n_schools_3km": 3, "n_clinics_3km": 0, "p_connectivity": 0.71723518850987433, "p_population": 0.66068222621184924, "p_institutions": 0.82405745062836622, "p_equity": 0.56032906764168189, "dipi": 68.8, "rank": 50.0, "stakes_score": null, "gap_rank": null }, "geometry": { "type": "Point", "coordinates": [ 116.4473655, 6.2888642 ] } },
{ "type": "Feature", "properties": { "name": "Kampung Tuguson", "place": "village", "pop_2km": 1155, "seasonal_water_px": 0, "flood_prone": false, "rwi": 0.092, "elevation_m": 107.0, "settlement_id": "S0346", "dl_mbps": 47.124, "ul_mbps": 6.9925, "latency_ms": 50.0, "n_tests": 172, "n_tiles": 14, "evidence_tier": "measured", "n_schools_3km": 4, "n_clinics_3km": 3, "p_connectivity": 0.48563734290843807, "p_population": 0.53366247755834828, "p_institutions": 0.90035906642728902, "p_equity": 0.38756855575868371, "dipi": 54.0, "rank": 442.0, "stakes_score": null, "gap_rank": null }, "geometry": { "type": "Point", "coordinates": [ 116.4347245, 6.2399444 ] } },
{ "type": "Feature", "properties": { "name": "Kampung Kaung Melawan", "place": "village", "pop_2km": 2805, "seasonal_water_px": 114, "flood_prone": true, "rwi": 0.0025, "elevation_m": 88.0, "settlement_id": "S0348", "dl_mbps": 21.271, "ul_mbps": 2.3655, "latency_ms": 48.0, "n_tests": 155, "n_tiles": 20, "evidence_tier": "measured", "n_schools_3km": 4, "n_clinics_3km": 0, "p_connectivity": 0.85188509874326745, "p_population": 0.67324955116696594, "p_institutions": 0.85592459605026927, "p_equity": 0.46617915904936014, "dipi": 73.1, "rank": 12.0, "stakes_score": null, "gap_rank": null }, "geometry": { "type": "Point", "coordinates": [ 116.4612922, 6.2514125 ] } },
{ "type": "Feature", "properties": { "name": "Kampung Piasau", "place": "village", "pop_2km": 5608, "seasonal_water_px": 69, "flood_prone": true, "rwi": 0.338, "elevation_m": 22.0, "settlement_id": "S0349", "dl_mbps": 149.308, "ul_mbps": 28.312, "latency_ms": 41.0, "n_tests": 769, "n_tiles": 28, "evidence_tier": "measured", "n_schools_3km": 10, "n_clinics_3km": 2, "p_connectivity": 0.12746858168761221, "p_population": 0.77917414721723521, "p_institutions": 0.95825852782764809, "p_equity": 0.22760511882998172, "dipi": 43.5, "rank": 767.0, "stakes_score": null, "gap_rank": null }, "geometry": { "type": "Point", "coordinates": [ 116.4384731, 6.3298703 ] } },
{ "type": "Feature", "properties": { "name": "Kampung Tambulion", "place": "village", "pop_2km": 6017, "seasonal_water_px": 58, "flood_prone": true, "rwi": -0.255, "elevation_m": 29.0, "settlement_id": "S0350", "dl_mbps": 67.958, "ul_mbps": 16.984, "latency_ms": 37.0, "n_tests": 147, "n_tiles": 15, "evidence_tier": "measured", "n_schools_3km": 2, "n_clinics_3km": 0, "p_connectivity": 0.3509874326750449, "p_population": 0.78545780969479351, "p_institutions": 0.75987432675044886, "p_equity": 0.70475319926873858, "dipi": 59.2, "rank": 266.0, "stakes_score": null, "gap_rank": null }, "geometry": { "type": "Point", "coordinates": [ 116.4703028, 6.3436836 ] } },
{ "type": "Feature", "properties": { "name": "Kampung Nahaba", "place": "village", "pop_2km": 2314, "seasonal_water_px": 13, "flood_prone": true, "rwi": -0.005, "elevation_m": 106.0, "settlement_id": "S0351", "dl_mbps": 43.851, "ul_mbps": 8.848, "latency_ms": 67.0, "n_tests": 115, "n_tiles": 16, "evidence_tier": "measured", "n_schools_3km": 2, "n_clinics_3km": 0, "p_connectivity": 0.53052064631956908, "p_population": 0.64721723518850982, "p_institutions": 0.75987432675044886, "p_equity": 0.47303473491773307, "dipi": 58.3, "rank": 290.0, "stakes_score": null, "gap_rank": null }, "geometry": { "type": "Point", "coordinates": [ 116.5161892, 6.2917772 ] } },
{ "type": "Feature", "properties": { "name": "Kampung Tegudon", "place": "village", "pop_2km": 2136, "seasonal_water_px": 10, "flood_prone": true, "rwi": -0.005, "elevation_m": 101.0, "settlement_id": "S0352", "dl_mbps": 43.045, "ul_mbps": 8.458, "latency_ms": 67.0, "n_tests": 112, "n_tiles": 16, "evidence_tier": "measured", "n_schools_3km": 2, "n_clinics_3km": 0, "p_connectivity": 0.54039497307001794, "p_population": 0.63464991023339323, "p_institutions": 0.75987432675044886, "p_equity": 0.47303473491773307, "dipi": 58.3, "rank": 290.0, "stakes_score": null, "gap_rank": null }, "geometry": { "type": "Point", "coordinates": [ 116.5213042, 6.2893898 ] } },
{ "type": "Feature", "properties": { "name": "Kampung Terintidon", "place": "village", "pop_2km": 215, "seasonal_water_px": 0, "flood_prone": false, "rwi": 0.077, "elevation_m": 237.0, "settlement_id": "S0353", "dl_mbps": 24.769, "ul_mbps": 6.863, "latency_ms": 43.0, "n_tests": 12, "n_tiles": 2, "evidence_tier": "low_evidence", "n_schools_3km": 1, "n_clinics_3km": 0, "p_connectivity": 0.79174147217235191, "p_population": 0.19210053859964094, "p_institutions": 0.63420107719928187, "p_equity": 0.39670932358318101, "dipi": 53.9, "rank": 445.0, "stakes_score": null, "gap_rank": null }, "geometry": { "type": "Point", "coordinates": [ 116.5406989, 6.2405329 ] } },
{ "type": "Feature", "properties": { "name": "Kampung Sayap", "place": "village", "pop_2km": 565, "seasonal_water_px": 0, "flood_prone": false, "rwi": -0.0445, "elevation_m": 476.0, "settlement_id": "S0354", "dl_mbps": 35.439, "ul_mbps": 2.262, "latency_ms": 50.0, "n_tests": 33, "n_tiles": 3, "evidence_tier": "measured", "n_schools_3km": 1, "n_clinics_3km": 0, "p_connectivity": 0.64272890484739675, "p_population": 0.3635547576301616, "p_institutions": 0.63420107719928187, "p_equity": 0.51736745886654478, "dipi": 54.7, "rank": 418.0, "stakes_score": null, "gap_rank": null }, "geometry": { "type": "Point", "coordinates": [ 116.5563737, 6.2077042 ] } },
{ "type": "Feature", "properties": { "name": "Poring", "place": "village", "pop_2km": 581, "seasonal_water_px": 0, "flood_prone": false, "rwi": -0.233, "elevation_m": 498.0, "settlement_id": "S0355", "dl_mbps": 73.606, "ul_mbps": 8.053, "latency_ms": 45.0, "n_tests": 60, "n_tiles": 11, "evidence_tier": "measured", "n_schools_3km": 0, "n_clinics_3km": 0, "p_connectivity": 0.32675044883303411, "p_population": 0.36894075403949733, "p_institutions": 0.2755834829443447, "p_equity": 0.69012797074954291, "dipi": 40.2, "rank": 887.0, "stakes_score": null, "gap_rank": null }, "geometry": { "type": "Point", "coordinates": [ 116.7087175, 6.0412176 ] } },
{ "type": "Feature", "properties": { "name": "Kampung Tiong Kamburaon", "place": "village", "pop_2km": 20, "seasonal_water_px": 0, "flood_prone": false, "rwi": -0.30533333333333335, "elevation_m": 535.0, "settlement_id": "S0356", "dl_mbps": 11.608, "ul_mbps": 1.507, "latency_ms": 32.0, "n_tests": 109, "n_tiles": 8, "evidence_tier": "measured", "n_schools_3km": 0, "n_clinics_3km": 0, "p_connectivity": 0.93895870736086173, "p_population": 0.087971274685816878, "p_institutions": 0.2755834829443447, "p_equity": 0.75319926873857401, "dipi": 59.0, "rank": 269.0, "stakes_score": null, "gap_rank": null }, "geometry": { "type": "Point", "coordinates": [ 116.4135535, 6.2265366 ] } },
{ "type": "Feature", "properties": { "name": "Kampung Lasau Tintapon", "place": "village", "pop_2km": 337, "seasonal_water_px": 0, "flood_prone": false, "rwi": -0.4605, "elevation_m": 65.0, "settlement_id": "S0357", "dl_mbps": 113.3735, "ul_mbps": 20.548, "latency_ms": 49.5, "n_tests": 81, "n_tiles": 8, "evidence_tier": "measured", "n_schools_3km": 1, "n_clinics_3km": 0, "p_connectivity": 0.18402154398563733, "p_population": 0.26032315978456017, "p_institutions": 0.63420107719928187, "p_equity": 0.88848263254113347, "dipi": 41.2, "rank": 853.0, "stakes_score": null, "gap_rank": null }, "geometry": { "type": "Point", "coordinates": [ 116.4217135, 6.2861672 ] } },
{ "type": "Feature", "properties": { "name": "Bahagia", "place": "village", "pop_2km": 468, "seasonal_water_px": 20, "flood_prone": true, "rwi": -0.35466666666666669, "elevation_m": 470.0, "settlement_id": "S0358", "dl_mbps": 67.236, "ul_mbps": 18.328, "latency_ms": 64.0, "n_tests": 87, "n_tiles": 2, "evidence_tier": "low_evidence", "n_schools_3km": 1, "n_clinics_3km": 0, "p_connectivity": 0.35278276481149012, "p_population": 0.33034111310592462, "p_institutions": 0.63420107719928187, "p_equity": 0.80712979890310788, "dipi": 48.0, "rank": 618.0, "stakes_score": null, "gap_rank": null }, "geometry": { "type": "Point", "coordinates": [ 116.4409293, 5.092138 ] } },
{ "type": "Feature", "properties": { "name": "Riah", "place": "village", "pop_2km": 230, "seasonal_water_px": 9, "flood_prone": true, "rwi": -0.14333333333333334, "elevation_m": 462.0, "settlement_id": "S0359", "dl_mbps": 77.7015, "ul_mbps": 30.3435, "latency_ms": 53.5, "n_tests": 184, "n_tiles": 5, "evidence_tier": "measured", "n_schools_3km": 1, "n_clinics_3km": 1, "p_connectivity": 0.30430879712746856, "p_population": 0.20107719928186715, "p_institutions": 0.75987432675044886, "p_equity": 0.6042047531992687, "dipi": 40.7, "rank": 870.0, "stakes_score": null, "gap_rank": null }, "geometry": { "type": "Point", "coordinates": [ 116.4527953, 5.0755521 ] } },
{ "type": "Feature", "properties": { "name": "Kampung Mandap", "place": "village", "pop_2km": 2076, "seasonal_water_px": 0, "flood_prone": false, "rwi": -0.10533333333333332, "elevation_m": 56.0, "settlement_id": "S0360", "dl_mbps": 44.511, "ul_mbps": 6.935, "latency_ms": 40.0, "n_tests": 130, "n_tiles": 21, "evidence_tier": "measured", "n_schools_3km": 2, "n_clinics_3km": 0, "p_connectivity": 0.5251346499102334, "p_population": 0.63016157989228005, "p_institutions": 0.75987432675044886, "p_equity": 0.56581352833638021, "dipi": 59.5, "rank": 257.0, "stakes_score": null, "gap_rank": null }, "geometry": { "type": "Point", "coordinates": [ 116.3868016, 6.3219835 ] } },
{ "type": "Feature", "properties": { "name": "Kampung Mandap Doluoh", "place": "village", "pop_2km": 3569, "seasonal_water_px": 0, "flood_prone": false, "rwi": -0.15433333333333335, "elevation_m": 34.0, "settlement_id": "S0361", "dl_mbps": 76.686, "ul_mbps": 15.535, "latency_ms": 38.0, "n_tests": 156, "n_tiles": 21, "evidence_tier": "measured", "n_schools_3km": 2, "n_clinics_3km": 0, "p_connectivity": 0.3105924596050269, "p_population": 0.71184919210053865, "p_institutions": 0.75987432675044886, "p_equity": 0.61608775137111516, "dipi": 53.9, "rank": 445.0, "stakes_score": null, "gap_rank": null }, "geometry": { "type": "Point", "coordinates": [ 116.397505, 6.3249904 ] } },
{ "type": "Feature", "properties": { "name": "Kampung Kinasaraban", "place": "village", "pop_2km": 6342, "seasonal_water_px": 5, "flood_prone": true, "rwi": 0.14466666666666667, "elevation_m": 58.0, "settlement_id": "S0362", "dl_mbps": 104.361, "ul_mbps": 22.265, "latency_ms": 42.0, "n_tests": 274, "n_tiles": 24, "evidence_tier": "measured", "n_schools_3km": 7, "n_clinics_3km": 1, "p_connectivity": 0.20556552962298025, "p_population": 0.79174147217235191, "p_institutions": 0.91382405745062834, "p_equity": 0.34917733089579522, "dipi": 48.7, "rank": 609.0, "stakes_score": null, "gap_rank": null }, "geometry": { "type": "Point", "coordinates": [ 116.4035949, 6.3325058 ] } },
{ "type": "Feature", "properties": { "name": "Kampung Gandukut", "place": "village", "pop_2km": 336, "seasonal_water_px": 0, "flood_prone": false, "rwi": -0.197, "elevation_m": 133.0, "settlement_id": "S0363", "dl_mbps": 45.933, "ul_mbps": 5.435, "latency_ms": 49.0, "n_tests": 35, "n_tiles": 7, "evidence_tier": "measured", "n_schools_3km": 1, "n_clinics_3km": 0, "p_connectivity": 0.50359066427289045, "p_population": 0.2594254937163375, "p_institutions": 0.63420107719928187, "p_equity": 0.65813528336380256, "dipi": 49.3, "rank": 583.0, "stakes_score": null, "gap_rank": null }, "geometry": { "type": "Point", "coordinates": [ 116.5421541, 6.3061273 ] } },
{ "type": "Feature", "properties": { "name": "Kampung Nanamun", "place": "village", "pop_2km": 541, "seasonal_water_px": 45, "flood_prone": true, "rwi": -0.088, "elevation_m": 15.0, "settlement_id": "S0364", "dl_mbps": 103.057, "ul_mbps": 28.718, "latency_ms": 51.0, "n_tests": 15, "n_tiles": 5, "evidence_tier": "low_evidence", "n_schools_3km": 1, "n_clinics_3km": 0, "p_connectivity": 0.21005385996409337, "p_population": 0.35502692998204666, "p_institutions": 0.63420107719928187, "p_equity": 0.55575868372943327, "dipi": 37.9, "rank": 942.0, "stakes_score": null, "gap_rank": null }, "geometry": { "type": "Point", "coordinates": [ 116.4939753, 6.4821376 ] } },
{ "type": "Feature", "properties": { "name": "Kampung Kayu Putih", "place": "village", "pop_2km": 1176, "seasonal_water_px": 0, "flood_prone": false, "rwi": 0.2425, "elevation_m": 9.0, "settlement_id": "S0365", "dl_mbps": 49.1735, "ul_mbps": 5.5245, "latency_ms": 41.0, "n_tests": 15, "n_tiles": 11, "evidence_tier": "low_evidence", "n_schools_3km": 1, "n_clinics_3km": 0, "p_connectivity": 0.45466786355475763, "p_population": 0.53680430879712748, "p_institutions": 0.63420107719928187, "p_equity": 0.27605118829981717, "dipi": 46.6, "rank": 672.0, "stakes_score": null, "gap_rank": null }, "geometry": { "type": "Point", "coordinates": [ 116.4878031, 6.4635833 ] } },
{ "type": "Feature", "properties": { "name": "Kampung Pomotodon", "place": "village", "pop_2km": 2449, "seasonal_water_px": 8, "flood_prone": true, "rwi": 0.14, "elevation_m": 141.0, "settlement_id": "S0366", "dl_mbps": 53.85, "ul_mbps": 11.344, "latency_ms": 43.0, "n_tests": 188, "n_tiles": 15, "evidence_tier": "measured", "n_schools_3km": 4, "n_clinics_3km": 3, "p_connectivity": 0.41561938958707362, "p_population": 0.65798922800718129, "p_institutions": 0.90035906642728902, "p_equity": 0.35420475319926875, "dipi": 53.7, "rank": 451.0, "stakes_score": null, "gap_rank": null }, "geometry": { "type": "Point", "coordinates": [ 116.4428194, 6.2218072 ] } },
{ "type": "Feature", "properties": { "name": "Kampung Kayangat", "place": "village", "pop_2km": 338, "seasonal_water_px": 0, "flood_prone": false, "rwi": -0.225, "elevation_m": 232.0, "settlement_id": "S0367", "dl_mbps": 27.3935, "ul_mbps": 2.3205, "latency_ms": 66.5, "n_tests": 25, "n_tiles": 9, "evidence_tier": "measured", "n_schools_3km": 1, "n_clinics_3km": 0, "p_connectivity": 0.7531418312387792, "p_population": 0.26122082585278278, "p_institutions": 0.63420107719928187, "p_equity": 0.68144424131627057, "dipi": 59.8, "rank": 242.0, "stakes_score": null, "gap_rank": null }, "geometry": { "type": "Point", "coordinates": [ 116.3768638, 6.252582 ] } },
{ "type": "Feature", "properties": { "name": "Kampung Tomboilik", "place": "village", "pop_2km": 296, "seasonal_water_px": 0, "flood_prone": false, "rwi": -0.3136666666666667, "elevation_m": 380.0, "settlement_id": "S0368", "dl_mbps": 21.959, "ul_mbps": 3.873, "latency_ms": 68.5, "n_tests": 10, "n_tiles": 6, "evidence_tier": "low_evidence", "n_schools_3km": 1, "n_clinics_3km": 0, "p_connectivity": 0.84021543985637348, "p_population": 0.24281867145421904, "p_institutions": 0.63420107719928187, "p_equity": 0.76279707495429616, "dipi": 64.4, "rank": 109.0, "stakes_score": null, "gap_rank": null }, "geometry": { "type": "Point", "coordinates": [ 116.3851612, 6.2499739 ] } },
{ "type": "Feature", "properties": { "name": "Kampung Monggis", "place": "village", "pop_2km": 277, "seasonal_water_px": 0, "flood_prone": false, "rwi": -0.225, "elevation_m": 305.0, "settlement_id": "S0369", "dl_mbps": 21.428, "ul_mbps": 1.615, "latency_ms": 68.0, "n_tests": 13, "n_tiles": 9, "evidence_tier": "low_evidence", "n_schools_3km": 1, "n_clinics_3km": 0, "p_connectivity": 0.84919210053859961, "p_population": 0.23384201077199282, "p_institutions": 0.63420107719928187, "p_equity": 0.68144424131627057, "dipi": 63.0, "rank": 144.0, "stakes_score": null, "gap_rank": null }, "geometry": { "type": "Point", "coordinates": [ 116.3836377, 6.242519 ] } },
{ "type": "Feature", "properties": { "name": "Kampung Rani", "place": "village", "pop_2km": 3428, "seasonal_water_px": 10, "flood_prone": true, "rwi": -0.085666666666666669, "elevation_m": 18.0, "settlement_id": "S0370", "dl_mbps": 66.028, "ul_mbps": 10.327, "latency_ms": 41.0, "n_tests": 170, "n_tiles": 22, "evidence_tier": "measured", "n_schools_3km": 6, "n_clinics_3km": 0, "p_connectivity": 0.35727109515260325, "p_population": 0.70825852782764809, "p_institutions": 0.88779174147217232, "p_equity": 0.55118829981718465, "dipi": 56.3, "rank": 368.0, "stakes_score": null, "gap_rank": null }, "geometry": { "type": "Point", "coordinates": [ 116.3584221, 6.2567051 ] } },
{ "type": "Feature", "properties": { "name": "Tenghilan", "place": "town", "pop_2km": 5629, "seasonal_water_px": 9, "flood_prone": true, "rwi": 0.13733333333333334, "elevation_m": 11.0, "settlement_id": "S0371", "dl_mbps": 168.589, "ul_mbps": 28.642, "latency_ms": 42.0, "n_tests": 304, "n_tiles": 32, "evidence_tier": "measured", "n_schools_3km": 5, "n_clinics_3km": 0, "p_connectivity": 0.087971274685816878, "p_population": 0.78007181328545783, "p_institutions": 0.87477558348294437, "p_equity": 0.35648994515539306, "dipi": 43.3, "rank": 772.0, "stakes_score": null, "gap_rank": null }, "geometry": { "type": "Point", "coordinates": [ 116.3360379, 6.2576835 ] } },
{ "type": "Feature", "properties": { "name": "Pekan Taginambur", "place": "town", "pop_2km": 2788, "seasonal_water_px": 66, "flood_prone": true, "rwi": 0.17375, "elevation_m": 94.0, "settlement_id": "S0372", "dl_mbps": 47.124, "ul_mbps": 7.4315, "latency_ms": 43.0, "n_tests": 214, "n_tiles": 17, "evidence_tier": "measured", "n_schools_3km": 4, "n_clinics_3km": 3, "p_connectivity": 0.48563734290843807, "p_population": 0.67235188509874322, "p_institutions": 0.90035906642728902, "p_equity": 0.32038391224862889, "dipi": 56.1, "rank": 374.0, "stakes_score": null, "gap_rank": null }, "geometry": { "type": "Point", "coordinates": [ 116.4499, 6.2275471 ] } },
{ "type": "Feature", "properties": { "name": "Kampung Molisou", "place": "village", "pop_2km": 4992, "seasonal_water_px": 7, "flood_prone": true, "rwi": -0.28866666666666668, "elevation_m": 10.0, "settlement_id": "S0373", "dl_mbps": 155.135, "ul_mbps": 27.837, "latency_ms": 45.5, "n_tests": 294, "n_tiles": 33, "evidence_tier": "measured", "n_schools_3km": 5, "n_clinics_3km": 0, "p_connectivity": 0.11400359066427289, "p_population": 0.76122082585278272, "p_institutions": 0.87477558348294437, "p_equity": 0.74314442413162707, "dipi": 51.6, "rank": 524.0, "stakes_score": null, "gap_rank": null }, "geometry": { "type": "Point", "coordinates": [ 116.3327042, 6.2626966 ] } },
{ "type": "Feature", "properties": { "name": "Kampung Kolapis", "place": "village", "pop_2km": 618, "seasonal_water_px": 86, "flood_prone": true, "rwi": -0.1735, "elevation_m": 4.0, "settlement_id": "S0374", "dl_mbps": 54.947, "ul_mbps": 8.176, "latency_ms": 54.0, "n_tests": 6, "n_tiles": 2, "evidence_tier": "low_evidence", "n_schools_3km": 1, "n_clinics_3km": 0, "p_connectivity": 0.41202872531418311, "p_population": 0.37432675044883301, "p_institutions": 0.63420107719928187, "p_equity": 0.63436928702010964, "dipi": 48.0, "rank": 618.0, "stakes_score": null, "gap_rank": null }, "geometry": { "type": "Point", "coordinates": [ 117.6190252, 5.8967747 ] } },
{ "type": "Feature", "properties": { "name": "Toruntungan", "place": "village", "pop_2km": 1097, "seasonal_water_px": 0, "flood_prone": false, "rwi": -0.168, "elevation_m": 274.0, "settlement_id": "S0375", "dl_mbps": 73.6995, "ul_mbps": 22.841, "latency_ms": 56.0, "n_tests": 7, "n_tiles": 5, "evidence_tier": "low_evidence", "n_schools_3km": 0, "n_clinics_3km": 0, "p_connectivity": 0.32495511669658889, "p_population": 0.52333931777378817, "p_institutions": 0.2755834829443447, "p_equity": 0.62614259597806221, "dipi": 42.7, "rank": 792.0, "stakes_score": null, "gap_rank": null }, "geometry": { "type": "Point", "coordinates": [ 116.7735199, 6.1940804 ] } },
{ "type": "Feature", "properties": { "name": "Kampung Melangkap", "place": "village", "pop_2km": 332, "seasonal_water_px": 0, "flood_prone": false, "rwi": -0.2245, "elevation_m": 178.0, "settlement_id": "S0377", "dl_mbps": 39.9055, "ul_mbps": 8.611, "latency_ms": 58.5, "n_tests": 135, "n_tiles": 3, "evidence_tier": "measured", "n_schools_3km": 1, "n_clinics_3km": 0, "p_connectivity": 0.58438061041292644, "p_population": 0.25763016157989227, "p_institutions": 0.63420107719928187, "p_equity": 0.68007312614259596, "dipi": 52.9, "rank": 471.0, "stakes_score": null, "gap_rank": null }, "geometry": { "type": "Point", "coordinates": [ 116.7860054, 6.2846871 ] } },
{ "type": "Feature", "properties": { "name": "Kampung Kias", "place": "village", "pop_2km": 30, "seasonal_water_px": 0, "flood_prone": false, "rwi": -0.8275, "elevation_m": 561.0, "settlement_id": "S0378", "dl_mbps": 150.576, "ul_mbps": 31.5215, "latency_ms": 60.0, "n_tests": 56, "n_tiles": 8, "evidence_tier": "measured", "n_schools_3km": 0, "n_clinics_3km": 0, "p_connectivity": 0.12387791741472172, "p_population": 0.091113105924596052, "p_institutions": 0.2755834829443447, "p_equity": 0.99451553930530168, "dipi": 31.3, "rank": 1057.0, "stakes_score": null, "gap_rank": null }, "geometry": { "type": "Point", "coordinates": [ 116.6694093, 6.3167607 ] } },
{ "type": "Feature", "properties": { "name": "Kampung Pongoputan Baru", "place": "village", "pop_2km": 1297, "seasonal_water_px": 0, "flood_prone": false, "rwi": -0.3136666666666667, "elevation_m": 158.0, "settlement_id": "S0379", "dl_mbps": 19.13, "ul_mbps": 2.5365, "latency_ms": 62.5, "n_tests": 29, "n_tiles": 9, "evidence_tier": "measured", "n_schools_3km": 1, "n_clinics_3km": 0, "p_connectivity": 0.88330341113105926, "p_population": 0.56193895870736088, "p_institutions": 0.63420107719928187, "p_equity": 0.76279707495429616, "dipi": 74.1, "rank": 8.0, "stakes_score": null, "gap_rank": null }, "geometry": { "type": "Point", "coordinates": [ 116.7327757, 6.3363692 ] } },
{ "type": "Feature", "properties": { "name": "Kampung Tangkol", "place": "village", "pop_2km": 1651, "seasonal_water_px": 1, "flood_prone": false, "rwi": -0.35225, "elevation_m": 129.0, "settlement_id": "S0380", "dl_mbps": 16.451, "ul_mbps": 2.909, "latency_ms": 55.0, "n_tests": 22, "n_tiles": 7, "evidence_tier": "measured", "n_schools_3km": 1, "n_clinics_3km": 0, "p_connectivity": 0.90125673249551164, "p_population": 0.59874326750448836, "p_institutions": 0.63420107719928187, "p_equity": 0.80438756855575866, "dipi": 76.6, "rank": 1.0, "stakes_score": null, "gap_rank": null }, "geometry": { "type": "Point", "coordinates": [ 116.740202, 6.3424779 ] } },
{ "type": "Feature", "properties": { "name": "Kampung Mimpas", "place": "village", "pop_2km": 946, "seasonal_water_px": 3, "flood_prone": false, "rwi": -0.169, "elevation_m": 118.0, "settlement_id": "S0383", "dl_mbps": 24.482, "ul_mbps": 3.808, "latency_ms": 49.0, "n_tests": 25, "n_tiles": 4, "evidence_tier": "measured", "n_schools_3km": 1, "n_clinics_3km": 0, "p_connectivity": 0.80206463195691202, "p_population": 0.48653500897666069, "p_institutions": 0.63420107719928187, "p_equity": 0.62888482632541132, "dipi": 66.3, "rank": 70.0, "stakes_score": null, "gap_rank": null }, "geometry": { "type": "Point", "coordinates": [ 116.7597414, 6.3795511 ] } },
{ "type": "Feature", "properties": { "name": "Kampung Timbang Batu 2", "place": "village", "pop_2km": 1113, "seasonal_water_px": 0, "flood_prone": false, "rwi": -0.194, "elevation_m": 186.0, "settlement_id": "S0384", "dl_mbps": 11.707, "ul_mbps": 2.232, "latency_ms": 69.0, "n_tests": 71, "n_tiles": 7, "evidence_tier": "measured", "n_schools_3km": 0, "n_clinics_3km": 0, "p_connectivity": 0.93806104129263912, "p_population": 0.5251346499102334, "p_institutions": 0.2755834829443447, "p_equity": 0.65630712979890315, "dipi": 67.9, "rank": 54.0, "stakes_score": null, "gap_rank": null }, "geometry": { "type": "Point", "coordinates": [ 116.8076006, 6.4390311 ] } },
{ "type": "Feature", "properties": { "name": "Kampung Kadayan", "place": "village", "pop_2km": 222, "seasonal_water_px": 0, "flood_prone": false, "rwi": -0.056, "elevation_m": 12.0, "settlement_id": "S0386", "dl_mbps": 8.025, "ul_mbps": 1.022, "latency_ms": 55.0, "n_tests": 39, "n_tiles": 6, "evidence_tier": "measured", "n_schools_3km": 0, "n_clinics_3km": 0, "p_connectivity": 0.96858168761220831, "p_population": 0.19658886894075403, "p_institutions": 0.2755834829443447, "p_equity": 0.52468007312614262, "dipi": 58.3, "rank": 290.0, "stakes_score": null, "gap_rank": null }, "geometry": { "type": "Point", "coordinates": [ 117.2187561, 6.6178113 ] } },
{ "type": "Feature", "properties": { "name": "Kampung Pinangkau", "place": "village", "pop_2km": 47, "seasonal_water_px": 1, "flood_prone": false, "rwi": -0.408, "elevation_m": 16.0, "settlement_id": "S0387", "dl_mbps": 111.479, "ul_mbps": 24.912, "latency_ms": 51.0, "n_tests": 33, "n_tiles": 6, "evidence_tier": "measured", "n_schools_3km": 1, "n_clinics_3km": 0, "p_connectivity": 0.18761220825852784, "p_population": 0.098743267504488336, "p_institutions": 0.63420107719928187, "p_equity": 0.85100548446069468, "dipi": 36.5, "rank": 980.0, "stakes_score": null, "gap_rank": null }, "geometry": { "type": "Point", "coordinates": [ 117.2968925, 6.5245184 ] } },
{ "type": "Feature", "properties": { "name": "Kampung Tanjung Nipis", "place": "village", "pop_2km": 496, "seasonal_water_px": 209, "flood_prone": true, "rwi": -0.3515, "elevation_m": 8.0, "settlement_id": "S0388", "dl_mbps": 116.994, "ul_mbps": 3.103, "latency_ms": 68.0, "n_tests": 5, "n_tiles": 3, "evidence_tier": "low_evidence", "n_schools_3km": 1, "n_clinics_3km": 0, "p_connectivity": 0.17594254937163376, "p_population": 0.3384201077199282, "p_institutions": 0.63420107719928187, "p_equity": 0.80347349177330896, "dipi": 41.1, "rank": 858.0, "stakes_score": null, "gap_rank": null }, "geometry": { "type": "Point", "coordinates": [ 117.4287888, 6.433885 ] } },
{ "type": "Feature", "properties": { "name": "Kampung Kobambangan", "place": "village", "pop_2km": 501, "seasonal_water_px": 133, "flood_prone": true, "rwi": -0.17633333333333334, "elevation_m": 10.0, "settlement_id": "S0389", "dl_mbps": 57.511, "ul_mbps": 15.0415, "latency_ms": 69.5, "n_tests": 212, "n_tiles": 13, "evidence_tier": "measured", "n_schools_3km": 1, "n_clinics_3km": 0, "p_connectivity": 0.3985637342908438, "p_population": 0.34021543985637342, "p_institutions": 0.63420107719928187, "p_equity": 0.63574040219378425, "dipi": 46.7, "rank": 667.0, "stakes_score": null, "gap_rank": null }, "geometry": { "type": "Point", "coordinates": [ 117.3832823, 6.3928187 ] } },
{ "type": "Feature", "properties": { "name": "Kampung Kabuluh", "place": "village", "pop_2km": 648, "seasonal_water_px": 118, "flood_prone": true, "rwi": -0.17633333333333334, "elevation_m": 13.0, "settlement_id": "S0390", "dl_mbps": 52.115, "ul_mbps": 19.302, "latency_ms": 70.0, "n_tests": 281, "n_tiles": 14, "evidence_tier": "measured", "n_schools_3km": 1, "n_clinics_3km": 0, "p_connectivity": 0.43447037701974867, "p_population": 0.38285457809694795, "p_institutions": 0.63420107719928187, "p_equity": 0.63574040219378425, "dipi": 49.2, "rank": 588.0, "stakes_score": null, "gap_rank": null }, "geometry": { "type": "Point", "coordinates": [ 117.385528, 6.3981983 ] } },
{ "type": "Feature", "properties": { "name": "Kampung Tiampus", "place": "village", "pop_2km": 96, "seasonal_water_px": 0, "flood_prone": false, "rwi": -0.59133333333333338, "elevation_m": 38.0, "settlement_id": "S0391", "dl_mbps": 190.5575, "ul_mbps": 24.654, "latency_ms": 59.5, "n_tests": 9, "n_tiles": 2, "evidence_tier": "low_evidence", "n_schools_3km": 0, "n_clinics_3km": 0, "p_connectivity": 0.058348294434470378, "p_population": 0.12477558348294435, "p_institutions": 0.2755834829443447, "p_equity": 0.97257769652650827, "dipi": 29.0, "rank": 1085.0, "stakes_score": null, "gap_rank": null }, "geometry": { "type": "Point", "coordinates": [ 117.3687466, 6.3121771 ] } },
{ "type": "Feature", "properties": { "name": "Kampung Binsulung", "place": "village", "pop_2km": 0, "seasonal_water_px": 3, "flood_prone": false, "rwi": -0.34433333333333332, "elevation_m": 22.0, "settlement_id": "S0392", "dl_mbps": 79.59, "ul_mbps": 19.819, "latency_ms": 45.0, "n_tests": 12, "n_tiles": 5, "evidence_tier": "low_evidence", "n_schools_3km": 1, "n_clinics_3km": 0, "p_connectivity": 0.29533213644524237, "p_population": 0.043536804308797125, "p_institutions": 0.63420107719928187, "p_equity": 0.79707495429616093, "dipi": 38.4, "rank": 931.0, "stakes_score": null, "gap_rank": null }, "geometry": { "type": "Point", "coordinates": [ 117.3159962, 6.2799021 ] } },
{ "type": "Feature", "properties": { "name": "Kampung Rosok", "place": "village", "pop_2km": 1160, "seasonal_water_px": 0, "flood_prone": false, "rwi": -0.2795, "elevation_m": 15.0, "settlement_id": "S0393", "dl_mbps": 19.597, "ul_mbps": 4.949, "latency_ms": 57.0, "n_tests": 180, "n_tiles": 21, "evidence_tier": "measured", "n_schools_3km": 2, "n_clinics_3km": 0, "p_connectivity": 0.87881508078994619, "p_population": 0.53500897666068226, "p_institutions": 0.75987432675044886, "p_equity": 0.72851919561243139, "dipi": 74.5, "rank": 6.0, "stakes_score": null, "gap_rank": null }, "geometry": { "type": "Point", "coordinates": [ 116.5293282, 6.4023072 ] } },
{ "type": "Feature", "properties": { "name": "Kampung Kawang-Kawang", "place": "village", "pop_2km": 981, "seasonal_water_px": 5, "flood_prone": true, "rwi": -0.076666666666666675, "elevation_m": 9.0, "settlement_id": "S0394", "dl_mbps": 31.022, "ul_mbps": 3.563, "latency_ms": 53.0, "n_tests": 7, "n_tiles": 6, "evidence_tier": "low_evidence", "n_schools_3km": 1, "n_clinics_3km": 0, "p_connectivity": 0.69838420107719923, "p_population": 0.49281867145421904, "p_institutions": 0.63420107719928187, "p_equity": 0.54296160877513711, "dipi": 60.6, "rank": 204.0, "stakes_score": null, "gap_rank": null }, "geometry": { "type": "Point", "coordinates": [ 116.5127843, 6.4442068 ] } },
{ "type": "Feature", "properties": { "name": "Kampung Bugaron", "place": "village", "pop_2km": 1367, "seasonal_water_px": 24, "flood_prone": true, "rwi": -0.337, "elevation_m": 6.0, "settlement_id": "S0395", "dl_mbps": 11.513, "ul_mbps": 4.949, "latency_ms": 66.0, "n_tests": 151, "n_tiles": 11, "evidence_tier": "measured", "n_schools_3km": 0, "n_clinics_3km": 0, "p_connectivity": 0.94075403949730696, "p_population": 0.5731597845601436, "p_institutions": 0.2755834829443447, "p_equity": 0.78839122486288848, "dipi": 71.9, "rank": 20.0, "stakes_score": null, "gap_rank": null }, "geometry": { "type": "Point", "coordinates": [ 116.5214103, 6.4237159 ] } },
{ "type": "Feature", "properties": { "name": "Kampung Gentuong", "place": "village", "pop_2km": 1436, "seasonal_water_px": 24, "flood_prone": true, "rwi": -0.1965, "elevation_m": 11.0, "settlement_id": "S0396", "dl_mbps": 8.4635, "ul_mbps": 3.692, "latency_ms": 69.0, "n_tests": 117, "n_tiles": 7, "evidence_tier": "measured", "n_schools_3km": 1, "n_clinics_3km": 0, "p_connectivity": 0.96768402154398558, "p_population": 0.58078994614003587, "p_institutions": 0.63420107719928187, "p_equity": 0.65722120658135286, "dipi": 75.9, "rank": 2.0, "stakes_score": null, "gap_rank": null }, "geometry": { "type": "Point", "coordinates": [ 116.5106171, 6.4268077 ] } },
{ "type": "Feature", "properties": { "name": "Kampung Sukang Sugut", "place": "village", "pop_2km": 495, "seasonal_water_px": 0, "flood_prone": false, "rwi": -0.2525, "elevation_m": 23.0, "settlement_id": "S0397", "dl_mbps": 118.04, "ul_mbps": 12.221, "latency_ms": 68.0, "n_tests": 56, "n_tiles": 6, "evidence_tier": "measured", "n_schools_3km": 0, "n_clinics_3km": 0, "p_connectivity": 0.1741472172351885, "p_population": 0.33752244165170558, "p_institutions": 0.2755834829443447, "p_equity": 0.70292504570383907, "dipi": 33.6, "rank": 1024.0, "stakes_score": null, "gap_rank": null }, "geometry": { "type": "Point", "coordinates": [ 117.2912211, 6.2553756 ] } },
{ "type": "Feature", "properties": { "name": "Kampung Lingkabau", "place": "village", "pop_2km": 126, "seasonal_water_px": 84, "flood_prone": true, "rwi": -0.3665, "elevation_m": 44.0, "settlement_id": "S0399", "dl_mbps": 33.094, "ul_mbps": 6.494, "latency_ms": 65.0, "n_tests": 79, "n_tiles": 7, "evidence_tier": "measured", "n_schools_3km": 1, "n_clinics_3km": 0, "p_connectivity": 0.67504488330341117, "p_population": 0.13913824057450627, "p_institutions": 0.63420107719928187, "p_equity": 0.81992687385740404, "dipi": 56.4, "rank": 364.0, "stakes_score": null, "gap_rank": null }, "geometry": { "type": "Point", "coordinates": [ 117.1970902, 6.1661628 ] } },
{ "type": "Feature", "properties": { "name": "Kampung Timbulus Sugut", "place": "village", "pop_2km": 102, "seasonal_water_px": 140, "flood_prone": true, "rwi": -0.212, "elevation_m": 50.0, "settlement_id": "S0400", "dl_mbps": 67.247, "ul_mbps": 14.352, "latency_ms": 73.0, "n_tests": 71, "n_tiles": 14, "evidence_tier": "measured", "n_schools_3km": 0, "n_clinics_3km": 0, "p_connectivity": 0.35188509874326751, "p_population": 0.12746858168761221, "p_institutions": 0.2755834829443447, "p_equity": 0.66864716636197441, "dipi": 34.8, "rank": 1010.0, "stakes_score": null, "gap_rank": null }, "geometry": { "type": "Point", "coordinates": [ 117.2293145, 6.1709476 ] } },
{ "type": "Feature", "properties": { "name": "Kampung Salan", "place": "village", "pop_2km": 184, "seasonal_water_px": 87, "flood_prone": true, "rwi": -0.35066666666666668, "elevation_m": 89.0, "settlement_id": "S0401", "dl_mbps": 63.5965, "ul_mbps": 14.352, "latency_ms": 73.0, "n_tests": 36, "n_tiles": 11, "evidence_tier": "measured", "n_schools_3km": 1, "n_clinics_3km": 0, "p_connectivity": 0.36804308797127466, "p_population": 0.1692100538599641, "p_institutions": 0.63420107719928187, "p_equity": 0.80255941499085925, "dipi": 44.5, "rank": 726.0, "stakes_score": null, "gap_rank": null }, "geometry": { "type": "Point", "coordinates": [ 117.2246773, 6.1630737 ] } },
{ "type": "Feature", "properties": { "name": "Kampung Basai Baru", "place": "village", "pop_2km": 169, "seasonal_water_px": 39, "flood_prone": true, "rwi": -0.5215, "elevation_m": 13.0, "settlement_id": "S0402", "dl_mbps": 21.992, "ul_mbps": 5.813, "latency_ms": 69.0, "n_tests": 21, "n_tiles": 5, "evidence_tier": "measured", "n_schools_3km": 1, "n_clinics_3km": 0, "p_connectivity": 0.83842010771992814, "p_population": 0.16292639138240575, "p_institutions": 0.63420107719928187, "p_equity": 0.93967093235831811, "dipi": 65.9, "rank": 78.0, "stakes_score": null, "gap_rank": null }, "geometry": { "type": "Point", "coordinates": [ 117.3250145, 6.0533295 ] } },
{ "type": "Feature", "properties": { "name": "Kampung Tudan", "place": "village", "pop_2km": 2663, "seasonal_water_px": 107, "flood_prone": true, "rwi": 0.051333333333333321, "elevation_m": 77.0, "settlement_id": "S0403", "dl_mbps": 26.003, "ul_mbps": 2.621, "latency_ms": 48.0, "n_tests": 170, "n_tiles": 20, "evidence_tier": "measured", "n_schools_3km": 4, "n_clinics_3km": 3, "p_connectivity": 0.77468581687612204, "p_population": 0.6642728904847397, "p_institutions": 0.90035906642728902, "p_equity": 0.41864716636197441, "dipi": 69.5, "rank": 41.0, "stakes_score": null, "gap_rank": null }, "geometry": { "type": "Point", "coordinates": [ 116.4626154, 6.2493073 ] } },
{ "type": "Feature", "properties": { "name": "Kampung Pompod Kelawat", "place": "village", "pop_2km": 1550, "seasonal_water_px": 314, "flood_prone": true, "rwi": -0.086333333333333331, "elevation_m": 18.0, "settlement_id": "S0404", "dl_mbps": 50.602, "ul_mbps": 6.982, "latency_ms": 56.0, "n_tests": 108, "n_tiles": 13, "evidence_tier": "measured", "n_schools_3km": 0, "n_clinics_3km": 0, "p_connectivity": 0.44344703770197486, "p_population": 0.59066427289048473, "p_institutions": 0.2755834829443447, "p_equity": 0.55210237659963435, "dipi": 47.7, "rank": 631.0, "stakes_score": null, "gap_rank": null }, "geometry": { "type": "Point", "coordinates": [ 116.3515484, 6.3239734 ] } },
{ "type": "Feature", "properties": { "name": "Kampung Pituru Laut", "place": "village", "pop_2km": 621, "seasonal_water_px": 40, "flood_prone": true, "rwi": -0.026, "elevation_m": 6.0, "settlement_id": "S0405", "dl_mbps": 22.222, "ul_mbps": 7.14, "latency_ms": 73.0, "n_tests": 18, "n_tiles": 3, "evidence_tier": "low_evidence", "n_schools_3km": 0, "n_clinics_3km": 0, "p_connectivity": 0.83393177737881508, "p_population": 0.37612208258527829, "p_institutions": 0.2755834829443447, "p_equity": 0.49268738574040222, "dipi": 56.7, "rank": 350.0, "stakes_score": null, "gap_rank": null }, "geometry": { "type": "Point", "coordinates": [ 116.3291819, 6.3380572 ] } },
{ "type": "Feature", "properties": { "name": "Kampung Pituru Darat", "place": "village", "pop_2km": 679, "seasonal_water_px": 82, "flood_prone": true, "rwi": -0.1775, "elevation_m": 9.0, "settlement_id": "S0406", "dl_mbps": 28.427, "ul_mbps": 9.295, "latency_ms": 64.0, "n_tests": 37, "n_tiles": 5, "evidence_tier": "measured", "n_schools_3km": 0, "n_clinics_3km": 0, "p_connectivity": 0.73698384201077194, "p_population": 0.39228007181328545, "p_institutions": 0.2755834829443447, "p_equity": 0.63802559414990856, "dipi": 56.2, "rank": 371.0, "stakes_score": null, "gap_rank": null }, "geometry": { "type": "Point", "coordinates": [ 116.3431186, 6.3394007 ] } },
{ "type": "Feature", "properties": { "name": "Kampung Ambong", "place": "village", "pop_2km": 900, "seasonal_water_px": 86, "flood_prone": true, "rwi": -0.189, "elevation_m": 9.0, "settlement_id": "S0407", "dl_mbps": 24.594, "ul_mbps": 2.207, "latency_ms": 69.0, "n_tests": 23, "n_tiles": 5, "evidence_tier": "measured", "n_schools_3km": 0, "n_clinics_3km": 0, "p_connectivity": 0.79712746858168759, "p_population": 0.46947935368043087, "p_institutions": 0.2755834829443447, "p_equity": 0.6471663619744058, "dipi": 60.7, "rank": 202.0, "stakes_score": null, "gap_rank": null }, "geometry": { "type": "Point", "coordinates": [ 116.3280651, 6.3064939 ] } },
{ "type": "Feature", "properties": { "name": "Kampung Tolus", "place": "village", "pop_2km": 699, "seasonal_water_px": 43, "flood_prone": true, "rwi": -0.2065, "elevation_m": 3.0, "settlement_id": "S0410", "dl_mbps": 18.241, "ul_mbps": 1.437, "latency_ms": 72.0, "n_tests": 21, "n_tiles": 4, "evidence_tier": "measured", "n_schools_3km": 0, "n_clinics_3km": 0, "p_connectivity": 0.89497307001795334, "p_population": 0.40035906642728902, "p_institutions": 0.2755834829443447, "p_equity": 0.6654478976234004, "dipi": 63.3, "rank": 137.0, "stakes_score": null, "gap_rank": null }, "geometry": { "type": "Point", "coordinates": [ 116.328518, 6.3000554 ] } },
{ "type": "Feature", "properties": { "name": "Kampung Sungai Rungus", "place": "village", "pop_2km": 309, "seasonal_water_px": 42, "flood_prone": true, "rwi": 0.019666666666666676, "elevation_m": 11.0, "settlement_id": "S0411", "dl_mbps": 17.6095, "ul_mbps": 5.5855, "latency_ms": 66.5, "n_tests": 25, "n_tiles": 7, "evidence_tier": "measured", "n_schools_3km": 1, "n_clinics_3km": 0, "p_connectivity": 0.89946140035906641, "p_population": 0.25134649910233392, "p_institutions": 0.63420107719928187, "p_equity": 0.45246800731261427, "dipi": 60.8, "rank": 198.0, "stakes_score": null, "gap_rank": null }, "geometry": { "type": "Point", "coordinates": [ 117.3436035, 6.0597478 ] } },
{ "type": "Feature", "properties": { "name": "Kampung Botition", "place": "village", "pop_2km": 351, "seasonal_water_px": 71, "flood_prone": true, "rwi": 0.205, "elevation_m": 16.0, "settlement_id": "S0412", "dl_mbps": 14.231, "ul_mbps": 5.361, "latency_ms": 69.0, "n_tests": 27, "n_tiles": 8, "evidence_tier": "measured", "n_schools_3km": 1, "n_clinics_3km": 0, "p_connectivity": 0.91921005385996413, "p_population": 0.26750448833034113, "p_institutions": 0.63420107719928187, "p_equity": 0.2915904936014625, "dipi": 58.8, "rank": 279.0, "stakes_score": null, "gap_rank": null }, "geometry": { "type": "Point", "coordinates": [ 117.342902, 6.0519836 ] } },
{ "type": "Feature", "properties": { "name": "Kampung Bundu Paka", "place": "village", "pop_2km": 1019, "seasonal_water_px": 4, "flood_prone": false, "rwi": -0.081, "elevation_m": 196.0, "settlement_id": "S0413", "dl_mbps": 91.158, "ul_mbps": 11.052, "latency_ms": 30.0, "n_tests": 46, "n_tiles": 12, "evidence_tier": "measured", "n_schools_3km": 2, "n_clinics_3km": 0, "p_connectivity": 0.24865350089766608, "p_population": 0.50359066427289045, "p_institutions": 0.75987432675044886, "p_equity": 0.54753199268738573, "dipi": 44.9, "rank": 713.0, "stakes_score": null, "gap_rank": null }, "geometry": { "type": "Point", "coordinates": [ 116.4522523, 6.1388087 ] } },
{ "type": "Feature", "properties": { "name": null, "place": "hamlet", "pop_2km": 713, "seasonal_water_px": 5, "flood_prone": true, "rwi": -0.037, "elevation_m": 135.0, "settlement_id": "S0414", "dl_mbps": 37.408, "ul_mbps": 13.499, "latency_ms": 72.0, "n_tests": 40, "n_tiles": 6, "evidence_tier": "measured", "n_schools_3km": 0, "n_clinics_3km": 0, "p_connectivity": 0.61938958707360858, "p_population": 0.40394973070017953, "p_institutions": 0.2755834829443447, "p_equity": 0.50639853747714803, "dipi": 49.1, "rank": 591.0, "stakes_score": null, "gap_rank": null }, "geometry": { "type": "Point", "coordinates": [ 117.8093302, 5.2000209 ] } },
{ "type": "Feature", "properties": { "name": "Kampung Simpangan Lama", "place": "village", "pop_2km": 385, "seasonal_water_px": 0, "flood_prone": false, "rwi": -0.164, "elevation_m": 810.0, "settlement_id": "S0416", "dl_mbps": 18.2495, "ul_mbps": 11.318, "latency_ms": 52.0, "n_tests": 71, "n_tiles": 11, "evidence_tier": "measured", "n_schools_3km": 1, "n_clinics_3km": 1, "p_connectivity": 0.89407540394973073, "p_population": 0.28231597845601436, "p_institutions": 0.75987432675044886, "p_equity": 0.6243144424131627, "dipi": 66.7, "rank": 60.0, "stakes_score": null, "gap_rank": null }, "geometry": { "type": "Point", "coordinates": [ 116.4514073, 6.0490023 ] } },
{ "type": "Feature", "properties": { "name": "Kampung Taginambur Kiulu", "place": "village", "pop_2km": 682, "seasonal_water_px": 0, "flood_prone": false, "rwi": -0.146, "elevation_m": 725.0, "settlement_id": "S0417", "dl_mbps": 26.5635, "ul_mbps": 10.041, "latency_ms": 47.0, "n_tests": 221, "n_tiles": 10, "evidence_tier": "measured", "n_schools_3km": 0, "n_clinics_3km": 1, "p_connectivity": 0.76211849192100534, "p_population": 0.39362657091561937, "p_institutions": 0.63420107719928187, "p_equity": 0.60831809872029252, "dipi": 62.0, "rank": 167.0, "stakes_score": null, "gap_rank": null }, "geometry": { "type": "Point", "coordinates": [ 116.4434492, 6.0279292 ] } },
{ "type": "Feature", "properties": { "name": "Kampung Bongol", "place": "village", "pop_2km": 84, "seasonal_water_px": 0, "flood_prone": false, "rwi": 0.315, "elevation_m": 655.0, "settlement_id": "S0418", "dl_mbps": 12.6155, "ul_mbps": 1.8575, "latency_ms": 53.0, "n_tests": 29, "n_tiles": 8, "evidence_tier": "measured", "n_schools_3km": 0, "n_clinics_3km": 0, "p_connectivity": 0.93177737881508083, "p_population": 0.11624775583482945, "p_institutions": 0.2755834829443447, "p_equity": 0.23811700182815357, "dipi": 49.1, "rank": 591.0, "stakes_score": null, "gap_rank": null }, "geometry": { "type": "Point", "coordinates": [ 116.422528, 6.1050483 ] } },
{ "type": "Feature", "properties": { "name": "Kampung Kiau Taburi", "place": "village", "pop_2km": 864, "seasonal_water_px": 0, "flood_prone": false, "rwi": 0.1695, "elevation_m": 939.0, "settlement_id": "S0419", "dl_mbps": 56.444, "ul_mbps": 7.45, "latency_ms": 43.0, "n_tests": 61, "n_tiles": 18, "evidence_tier": "measured", "n_schools_3km": 0, "n_clinics_3km": 0, "p_connectivity": 0.40394973070017953, "p_population": 0.45062836624775582, "p_institutions": 0.2755834829443447, "p_equity": 0.3217550274223035, "dipi": 38.0, "rank": 939.0, "stakes_score": null, "gap_rank": null }, "geometry": { "type": "Point", "coordinates": [ 116.4855496, 6.0325619 ] } },
{ "type": "Feature", "properties": { "name": "Kampung Tomis Jaya", "place": "village", "pop_2km": 518, "seasonal_water_px": 0, "flood_prone": false, "rwi": 0.28733333333333333, "elevation_m": 1044.0, "settlement_id": "S0420", "dl_mbps": 56.399, "ul_mbps": 6.914, "latency_ms": 45.0, "n_tests": 46, "n_tiles": 13, "evidence_tier": "measured", "n_schools_3km": 0, "n_clinics_3km": 0, "p_connectivity": 0.40574506283662476, "p_population": 0.34784560143626569, "p_institutions": 0.2755834829443447, "p_equity": 0.25411334552102377, "dipi": 34.1, "rank": 1017.0, "stakes_score": null, "gap_rank": null }, "geometry": { "type": "Point", "coordinates": [ 116.4791545, 6.0132916 ] } },
{ "type": "Feature", "properties": { "name": "Kampung Tiong Gondohon", "place": "village", "pop_2km": 166, "seasonal_water_px": 0, "flood_prone": false, "rwi": 0.155, "elevation_m": 993.0, "settlement_id": "S0421", "dl_mbps": 23.039, "ul_mbps": 2.928, "latency_ms": 23.0, "n_tests": 20, "n_tiles": 7, "evidence_tier": "measured", "n_schools_3km": 1, "n_clinics_3km": 0, "p_connectivity": 0.82136445242369838, "p_population": 0.15888689407540396, "p_institutions": 0.63420107719928187, "p_equity": 0.33180987202925044, "dipi": 53.0, "rank": 469.0, "stakes_score": null, "gap_rank": null }, "geometry": { "type": "Point", "coordinates": [ 116.4919792, 5.9862679 ] } },
{ "type": "Feature", "properties": { "name": "Kampung Tiong Simpodon", "place": "village", "pop_2km": 265, "seasonal_water_px": 0, "flood_prone": false, "rwi": 0.155, "elevation_m": 844.0, "settlement_id": "S0422", "dl_mbps": 23.381, "ul_mbps": 2.295, "latency_ms": 23.0, "n_tests": 14, "n_tiles": 6, "evidence_tier": "low_evidence", "n_schools_3km": 1, "n_clinics_3km": 0, "p_connectivity": 0.81687612208258531, "p_population": 0.22172351885098743, "p_institutions": 0.63420107719928187, "p_equity": 0.33180987202925044, "dipi": 54.4, "rank": 429.0, "stakes_score": null, "gap_rank": null }, "geometry": { "type": "Point", "coordinates": [ 116.4897362, 5.9793058 ] } },
{ "type": "Feature", "properties": { "name": "Kampung Tiong Temburung", "place": "village", "pop_2km": 294, "seasonal_water_px": 0, "flood_prone": false, "rwi": -0.18933333333333335, "elevation_m": 890.0, "settlement_id": "S0423", "dl_mbps": 24.562, "ul_mbps": 2.928, "latency_ms": 23.0, "n_tests": 11, "n_tiles": 4, "evidence_tier": "low_evidence", "n_schools_3km": 1, "n_clinics_3km": 0, "p_connectivity": 0.79982046678635543, "p_population": 0.24057450628366248, "p_institutions": 0.63420107719928187, "p_equity": 0.64808043875685561, "dipi": 60.5, "rank": 208.0, "stakes_score": null, "gap_rank": null }, "geometry": { "type": "Point", "coordinates": [ 116.4782993, 5.9684582 ] } },
{ "type": "Feature", "properties": { "name": "Kampung Sinulihan", "place": "village", "pop_2km": 119, "seasonal_water_px": 0, "flood_prone": false, "rwi": -0.392, "elevation_m": 857.0, "settlement_id": "S0424", "dl_mbps": 20.8025, "ul_mbps": 2.27, "latency_ms": 27.0, "n_tests": 11, "n_tiles": 2, "evidence_tier": "low_evidence", "n_schools_3km": 0, "n_clinics_3km": 0, "p_connectivity": 0.8608617594254937, "p_population": 0.13644524236983843, "p_institutions": 0.2755834829443447, "p_equity": 0.83638025594149912, "dipi": 58.7, "rank": 281.0, "stakes_score": null, "gap_rank": null }, "geometry": { "type": "Point", "coordinates": [ 116.4541415, 5.9777981 ] } },
{ "type": "Feature", "properties": { "name": "Kampung Bukid Rantai", "place": "village", "pop_2km": 110, "seasonal_water_px": 0, "flood_prone": false, "rwi": -0.576, "elevation_m": 80.0, "settlement_id": "S0428", "dl_mbps": 13.73, "ul_mbps": 23.926, "latency_ms": 34.5, "n_tests": 7, "n_tiles": 1, "evidence_tier": "low_evidence", "n_schools_3km": 2, "n_clinics_3km": 0, "p_connectivity": 0.92639138240574503, "p_population": 0.1310592459605027, "p_institutions": 0.75987432675044886, "p_equity": 0.96160877513711152, "dipi": 71.0, "rank": 30.0, "stakes_score": null, "gap_rank": null }, "geometry": { "type": "Point", "coordinates": [ 116.4862425, 6.2720373 ] } },
{ "type": "Feature", "properties": { "name": "Bandar Sahabat", "place": "town", "pop_2km": 11444, "seasonal_water_px": 25, "flood_prone": true, "rwi": 0.4965, "elevation_m": 16.0, "settlement_id": "S0429", "dl_mbps": 56.233, "ul_mbps": 15.2695, "latency_ms": 48.0, "n_tests": 171, "n_tiles": 10, "evidence_tier": "measured", "n_schools_3km": 1, "n_clinics_3km": 0, "p_connectivity": 0.40664272890484737, "p_population": 0.87701974865350085, "p_institutions": 0.63420107719928187, "p_equity": 0.16727605118829983, "dipi": 51.0, "rank": 545.0, "stakes_score": null, "gap_rank": null }, "geometry": { "type": "Point", "coordinates": [ 119.072572, 5.0761557 ] } },
{ "type": "Feature", "properties": { "name": "Karamatoi Laut", "place": "village", "pop_2km": 83, "seasonal_water_px": 0, "flood_prone": false, "rwi": -0.6216666666666667, "elevation_m": 353.0, "settlement_id": "S0430", "dl_mbps": 39.409, "ul_mbps": 24.353, "latency_ms": 56.0, "n_tests": 88, "n_tiles": 4, "evidence_tier": "measured", "n_schools_3km": 0, "n_clinics_3km": 0, "p_connectivity": 0.5888689407540395, "p_population": 0.11310592459605028, "p_institutions": 0.2755834829443447, "p_equity": 0.9780621572212066, "dipi": 50.1, "rank": 558.0, "stakes_score": null, "gap_rank": null }, "geometry": { "type": "Point", "coordinates": [ 116.2128929, 5.0746583 ] } },
{ "type": "Feature", "properties": { "name": null, "place": "village", "pop_2km": 638, "seasonal_water_px": 63, "flood_prone": true, "rwi": -0.107, "elevation_m": 233.0, "settlement_id": "S0432", "dl_mbps": 9.638, "ul_mbps": 8.48, "latency_ms": 53.0, "n_tests": 71, "n_tiles": 12, "evidence_tier": "measured", "n_schools_3km": 0, "n_clinics_3km": 0, "p_connectivity": 0.96005385996409331, "p_population": 0.38016157989228005, "p_institutions": 0.2755834829443447, "p_equity": 0.56855575868372943, "dipi": 63.4, "rank": 134.0, "stakes_score": null, "gap_rank": null }, "geometry": { "type": "Point", "coordinates": [ 115.8777495, 4.8645291 ] } },
{ "type": "Feature", "properties": { "name": "Kalibatang Baru", "place": "village", "pop_2km": 1220, "seasonal_water_px": 10, "flood_prone": true, "rwi": 0.04, "elevation_m": 221.0, "settlement_id": "S0433", "dl_mbps": 9.89, "ul_mbps": 8.247, "latency_ms": 54.0, "n_tests": 63, "n_tiles": 14, "evidence_tier": "measured", "n_schools_3km": 0, "n_clinics_3km": 0, "p_connectivity": 0.95601436265709161, "p_population": 0.54892280071813282, "p_institutions": 0.2755834829443447, "p_equity": 0.42778793418647165, "dipi": 64.7, "rank": 102.0, "stakes_score": null, "gap_rank": null }, "geometry": { "type": "Point", "coordinates": [ 115.8897693, 4.8621763 ] } },
{ "type": "Feature", "properties": { "name": null, "place": "hamlet", "pop_2km": 0, "seasonal_water_px": 0, "flood_prone": false, "rwi": -0.3495, "elevation_m": 489.0, "settlement_id": "S0434", "dl_mbps": 83.873, "ul_mbps": 16.5765, "latency_ms": 47.0, "n_tests": 27, "n_tiles": 3, "evidence_tier": "measured", "n_schools_3km": 0, "n_clinics_3km": 0, "p_connectivity": 0.2755834829443447, "p_population": 0.043536804308797125, "p_institutions": 0.2755834829443447, "p_equity": 0.80027422303473494, "dipi": 32.3, "rank": 1040.0, "stakes_score": null, "gap_rank": null }, "geometry": { "type": "Point", "coordinates": [ 115.8564889, 4.6532652 ] } },
{ "type": "Feature", "properties": { "name": null, "place": "hamlet", "pop_2km": 0, "seasonal_water_px": 0, "flood_prone": false, "rwi": -0.5515, "elevation_m": 648.0, "settlement_id": "S0443", "dl_mbps": 5.455, "ul_mbps": 0.9015, "latency_ms": 108.5, "n_tests": 6, "n_tiles": 2, "evidence_tier": "low_evidence", "n_schools_3km": 0, "n_clinics_3km": 0, "p_connectivity": 0.98563734290843807, "p_population": 0.043536804308797125, "p_institutions": 0.2755834829443447, "p_equity": 0.95429616087751368, "dipi": 63.7, "rank": 121.0, "stakes_score": null, "gap_rank": null }, "geometry": { "type": "Point", "coordinates": [ 116.0084657, 4.8282742 ] } },
{ "type": "Feature", "properties": { "name": "Long Pasia", "place": "village", "pop_2km": 296, "seasonal_water_px": 2, "flood_prone": false, "rwi": -0.25733333333333336, "elevation_m": 1007.0, "settlement_id": "S0444", "dl_mbps": 40.307, "ul_mbps": 3.9065, "latency_ms": 24.0, "n_tests": 7, "n_tiles": 2, "evidence_tier": "low_evidence", "n_schools_3km": 0, "n_clinics_3km": 0, "p_connectivity": 0.58078994614003587, "p_population": 0.24281867145421904, "p_institutions": 0.2755834829443447, "p_equity": 0.7088665447897623, "dipi": 47.6, "rank": 640.0, "stakes_score": null, "gap_rank": null }, "geometry": { "type": "Point", "coordinates": [ 115.7306191, 4.4057457 ] } },
{ "type": "Feature", "properties": { "name": "Sigatal Lama", "place": "village", "pop_2km": 0, "seasonal_water_px": 36, "flood_prone": true, "rwi": -0.044, "elevation_m": 141.0, "settlement_id": "S0445", "dl_mbps": 7.898, "ul_mbps": 2.481, "latency_ms": 578.0, "n_tests": 15, "n_tiles": 2, "evidence_tier": "low_evidence", "n_schools_3km": 1, "n_clinics_3km": 1, "p_connectivity": 0.97307001795332138, "p_population": 0.043536804308797125, "p_institutions": 0.75987432675044886, "p_equity": 0.51462522851919557, "dipi": 61.7, "rank": 170.0, "stakes_score": null, "gap_rank": null }, "geometry": { "type": "Point", "coordinates": [ 116.4068733, 4.4996579 ] } },
{ "type": "Feature", "properties": { "name": "Bandar Cendrawasih", "place": "town", "pop_2km": 2202, "seasonal_water_px": 0, "flood_prone": false, "rwi": -0.00074999999999997291, "elevation_m": 20.0, "settlement_id": "S0449", "dl_mbps": 59.732, "ul_mbps": 19.28, "latency_ms": 49.0, "n_tests": 110, "n_tiles": 6, "evidence_tier": "measured", "n_schools_3km": 0, "n_clinics_3km": 0, "p_connectivity": 0.39138240574506283, "p_population": 0.64183123877917414, "p_institutions": 0.2755834829443447, "p_equity": 0.4689213893967093, "dipi": 45.2, "rank": 706.0, "stakes_score": null, "gap_rank": null }, "geometry": { "type": "Point", "coordinates": [ 119.0040353, 5.1534359 ] } },
{ "type": "Feature", "properties": { "name": "Bandar Kembara Sakti", "place": "village", "pop_2km": 4204, "seasonal_water_px": 0, "flood_prone": false, "rwi": -0.3735, "elevation_m": 15.0, "settlement_id": "S0450", "dl_mbps": 33.338, "ul_mbps": 16.822, "latency_ms": 51.0, "n_tests": 50, "n_tiles": 10, "evidence_tier": "measured", "n_schools_3km": 0, "n_clinics_3km": 0, "p_connectivity": 0.6714542190305206, "p_population": 0.7405745062836625, "p_institutions": 0.2755834829443447, "p_equity": 0.82358318098720296, "dipi": 66.0, "rank": 77.0, "stakes_score": null, "gap_rank": null }, "geometry": { "type": "Point", "coordinates": [ 119.0576001, 5.3267574 ] } },
{ "type": "Feature", "properties": { "name": "Kampung Taka", "place": "hamlet", "pop_2km": 14100, "seasonal_water_px": 1, "flood_prone": false, "rwi": 0.19, "elevation_m": 10.0, "settlement_id": "S0453", "dl_mbps": 25.0065, "ul_mbps": 12.446, "latency_ms": 48.5, "n_tests": 869, "n_tiles": 19, "evidence_tier": "measured", "n_schools_3km": 1, "n_clinics_3km": 1, "p_connectivity": 0.78904847396768407, "p_population": 0.90215439856373425, "p_institutions": 0.75987432675044886, "p_equity": 0.30712979890310788, "dipi": 71.7, "rank": 24.0, "stakes_score": null, "gap_rank": null }, "geometry": { "type": "Point", "coordinates": [ 117.0366875, 6.7223006 ] } },
{ "type": "Feature", "properties": { "name": "Kampung Tolutu", "place": "hamlet", "pop_2km": 0, "seasonal_water_px": 0, "flood_prone": false, "rwi": -0.32575, "elevation_m": 20.0, "settlement_id": "S0455", "dl_mbps": 12.827, "ul_mbps": 3.142, "latency_ms": 58.0, "n_tests": 29, "n_tiles": 7, "evidence_tier": "measured", "n_schools_3km": 0, "n_clinics_3km": 0, "p_connectivity": 0.93043087971274685, "p_population": 0.043536804308797125, "p_institutions": 0.2755834829443447, "p_equity": 0.78153564899451555, "dipi": 58.1, "rank": 298.0, "stakes_score": null, "gap_rank": null }, "geometry": { "type": "Point", "coordinates": [ 117.1108963, 6.6620093 ] } },
{ "type": "Feature", "properties": { "name": "Kampung Sulakalung", "place": "hamlet", "pop_2km": 549, "seasonal_water_px": 0, "flood_prone": false, "rwi": -0.32466666666666671, "elevation_m": 10.0, "settlement_id": "S0456", "dl_mbps": 33.483, "ul_mbps": 3.021, "latency_ms": 66.0, "n_tests": 146, "n_tiles": 11, "evidence_tier": "measured", "n_schools_3km": 0, "n_clinics_3km": 0, "p_connectivity": 0.66876122082585276, "p_population": 0.35996409335727109, "p_institutions": 0.2755834829443447, "p_equity": 0.78016453382084094, "dipi": 55.5, "rank": 394.0, "stakes_score": null, "gap_rank": null }, "geometry": { "type": "Point", "coordinates": [ 117.2073658, 6.6648177 ] } },
{ "type": "Feature", "properties": { "name": "Lumiri Tengah", "place": "village", "pop_2km": 77, "seasonal_water_px": 0, "flood_prone": false, "rwi": -0.221, "elevation_m": 541.0, "settlement_id": "S0459", "dl_mbps": 4.594, "ul_mbps": 0.83, "latency_ms": 294.0, "n_tests": 13, "n_tiles": 1, "evidence_tier": "low_evidence", "n_schools_3km": 1, "n_clinics_3km": 0, "p_connectivity": 0.98877917414721728, "p_population": 0.10861759425493717, "p_institutions": 0.63420107719928187, "p_equity": 0.67504570383912244, "dipi": 65.3, "rank": 90.0, "stakes_score": null, "gap_rank": null }, "geometry": { "type": "Point", "coordinates": [ 116.1882313, 4.8704023 ] } },
{ "type": "Feature", "properties": { "name": "Kampung Likowon", "place": "hamlet", "pop_2km": 28, "seasonal_water_px": 0, "flood_prone": false, "rwi": null, "elevation_m": 400.0, "settlement_id": "S0460", "dl_mbps": 4.951, "ul_mbps": 1.204, "latency_ms": 261.0, "n_tests": 10, "n_tiles": 2, "evidence_tier": "low_evidence", "n_schools_3km": 0, "n_clinics_3km": 0, "p_connectivity": 0.9874326750448833, "p_population": 0.089766606822262118, "p_institutions": 0.2755834829443447, "p_equity": 0.5, "dipi": 55.9, "rank": 380.0, "stakes_score": null, "gap_rank": null }, "geometry": { "type": "Point", "coordinates": [ 116.1737353, 4.9472712 ] } },
{ "type": "Feature", "properties": { "name": null, "place": "village", "pop_2km": 226, "seasonal_water_px": 0, "flood_prone": false, "rwi": -0.5325, "elevation_m": 158.0, "settlement_id": "S0462", "dl_mbps": 295.836, "ul_mbps": 36.038, "latency_ms": 60.0, "n_tests": 19, "n_tiles": 3, "evidence_tier": "low_evidence", "n_schools_3km": 0, "n_clinics_3km": 0, "p_connectivity": 0.0049371633752244163, "p_population": 0.19793536804308798, "p_institutions": 0.2755834829443447, "p_equity": 0.94287020109689212, "dipi": 28.1, "rank": 1093.0, "stakes_score": null, "gap_rank": null }, "geometry": { "type": "Point", "coordinates": [ 116.9434523, 5.5578962 ] } },
{ "type": "Feature", "properties": { "name": null, "place": "village", "pop_2km": 226, "seasonal_water_px": 0, "flood_prone": false, "rwi": -0.5325, "elevation_m": 175.0, "settlement_id": "S0463", "dl_mbps": 295.836, "ul_mbps": 36.038, "latency_ms": 60.0, "n_tests": 19, "n_tiles": 3, "evidence_tier": "low_evidence", "n_schools_3km": 0, "n_clinics_3km": 0, "p_connectivity": 0.0049371633752244163, "p_population": 0.19793536804308798, "p_institutions": 0.2755834829443447, "p_equity": 0.94287020109689212, "dipi": 28.1, "rank": 1093.0, "stakes_score": null, "gap_rank": null }, "geometry": { "type": "Point", "coordinates": [ 116.9321331, 5.5532167 ] } },
{ "type": "Feature", "properties": { "name": "Entilibon", "place": "town", "pop_2km": 1569, "seasonal_water_px": 3, "flood_prone": false, "rwi": -0.10566666666666667, "elevation_m": 87.0, "settlement_id": "S0464", "dl_mbps": 63.145, "ul_mbps": 11.4965, "latency_ms": 42.5, "n_tests": 120, "n_tiles": 11, "evidence_tier": "measured", "n_schools_3km": 0, "n_clinics_3km": 0, "p_connectivity": 0.37253141831238779, "p_population": 0.59156193895870735, "p_institutions": 0.2755834829443447, "p_equity": 0.56672760511883002, "dipi": 45.2, "rank": 706.0, "stakes_score": null, "gap_rank": null }, "geometry": { "type": "Point", "coordinates": [ 117.0466103, 5.536651 ] } },
{ "type": "Feature", "properties": { "name": null, "place": "village", "pop_2km": 571, "seasonal_water_px": 65, "flood_prone": true, "rwi": -0.277, "elevation_m": 11.0, "settlement_id": "S0465", "dl_mbps": 68.771, "ul_mbps": 22.613, "latency_ms": 60.0, "n_tests": 114, "n_tiles": 6, "evidence_tier": "measured", "n_schools_3km": 0, "n_clinics_3km": 0, "p_connectivity": 0.34739676840215439, "p_population": 0.36714542190305205, "p_institutions": 0.2755834829443447, "p_equity": 0.72760511882998169, "dipi": 41.8, "rank": 826.0, "stakes_score": null, "gap_rank": null }, "geometry": { "type": "Point", "coordinates": [ 117.4017668, 5.7577913 ] } },
{ "type": "Feature", "properties": { "name": null, "place": "hamlet", "pop_2km": 784, "seasonal_water_px": 74, "flood_prone": true, "rwi": -0.60766666666666669, "elevation_m": 2.0, "settlement_id": "S0466", "dl_mbps": 28.704, "ul_mbps": 12.288, "latency_ms": 61.0, "n_tests": 83, "n_tiles": 5, "evidence_tier": "measured", "n_schools_3km": 0, "n_clinics_3km": 0, "p_connectivity": 0.73384201077199285, "p_population": 0.42953321364452424, "p_institutions": 0.2755834829443447, "p_equity": 0.97531992687385738, "dipi": 63.7, "rank": 121.0, "stakes_score": null, "gap_rank": null }, "geometry": { "type": "Point", "coordinates": [ 117.4367943, 5.8344594 ] } },
{ "type": "Feature", "properties": { "name": "Tamparuli", "place": "town", "pop_2km": 6403, "seasonal_water_px": 69, "flood_prone": true, "rwi": 0.7525, "elevation_m": 19.0, "settlement_id": "S0470", "dl_mbps": 169.1005, "ul_mbps": 24.523, "latency_ms": 34.5, "n_tests": 1108, "n_tiles": 30, "evidence_tier": "measured", "n_schools_3km": 4, "n_clinics_3km": 1, "p_connectivity": 0.086175942549371637, "p_population": 0.79712746858168759, "p_institutions": 0.87477558348294437, "p_equity": 0.093235831809872036, "dipi": 38.4, "rank": 931.0, "stakes_score": null, "gap_rank": null }, "geometry": { "type": "Point", "coordinates": [ 116.2689572, 6.1358087 ] } },
{ "type": "Feature", "properties": { "name": "Kampung Sungai Obar", "place": "village", "pop_2km": 23210, "seasonal_water_px": 23, "flood_prone": true, "rwi": 0.85633333333333328, "elevation_m": 1.0, "settlement_id": "S0471", "dl_mbps": 110.5845, "ul_mbps": 23.371, "latency_ms": 41.0, "n_tests": 1334, "n_tiles": 28, "evidence_tier": "measured", "n_schools_3km": 6, "n_clinics_3km": 1, "p_connectivity": 0.1947935368043088, "p_population": 0.95062836624775582, "p_institutions": 0.90035906642728902, "p_equity": 0.070840950639853753, "dipi": 46.5, "rank": 675.0, "stakes_score": null, "gap_rank": null }, "geometry": { "type": "Point", "coordinates": [ 118.0747863, 5.9001938 ] } },
{ "type": "Feature", "properties": { "name": "Kampung Sunsuron", "place": "village", "pop_2km": 3265, "seasonal_water_px": 0, "flood_prone": false, "rwi": 0.0055, "elevation_m": 771.0, "settlement_id": "S0472", "dl_mbps": 38.432, "ul_mbps": 13.2235, "latency_ms": 47.5, "n_tests": 140, "n_tiles": 13, "evidence_tier": "measured", "n_schools_3km": 2, "n_clinics_3km": 0, "p_connectivity": 0.60592459605026927, "p_population": 0.69703770197486536, "p_institutions": 0.75987432675044886, "p_equity": 0.45886654478976235, "dipi": 62.2, "rank": 162.0, "stakes_score": null, "gap_rank": null }, "geometry": { "type": "Point", "coordinates": [ 116.3775895, 5.7427156 ] } },
{ "type": "Feature", "properties": { "name": "Kuala Sibangali", "place": "village", "pop_2km": 0, "seasonal_water_px": 10, "flood_prone": true, "rwi": -0.585, "elevation_m": 177.0, "settlement_id": "S0474", "dl_mbps": 36.896, "ul_mbps": 2.905, "latency_ms": 100.0, "n_tests": 16, "n_tiles": 1, "evidence_tier": "low_evidence", "n_schools_3km": 1, "n_clinics_3km": 0, "p_connectivity": 0.62522441651705563, "p_population": 0.043536804308797125, "p_institutions": 0.63420107719928187, "p_equity": 0.96937842778793415, "dipi": 55.0, "rank": 408.0, "stakes_score": null, "gap_rank": null }, "geometry": { "type": "Point", "coordinates": [ 116.2618059, 4.5115641 ] } },
{ "type": "Feature", "properties": { "name": "Simohong", "place": "village", "pop_2km": 0, "seasonal_water_px": 22, "flood_prone": true, "rwi": -0.379, "elevation_m": 194.0, "settlement_id": "S0475", "dl_mbps": 36.896, "ul_mbps": 2.905, "latency_ms": 100.0, "n_tests": 16, "n_tiles": 1, "evidence_tier": "low_evidence", "n_schools_3km": 1, "n_clinics_3km": 0, "p_connectivity": 0.62522441651705563, "p_population": 0.043536804308797125, "p_institutions": 0.63420107719928187, "p_equity": 0.82906764168190128, "dipi": 52.2, "rank": 499.0, "stakes_score": null, "gap_rank": null }, "geometry": { "type": "Point", "coordinates": [ 116.2509063, 4.5244609 ] } },
{ "type": "Feature", "properties": { "name": "Dubolon", "place": "village", "pop_2km": 0, "seasonal_water_px": 4, "flood_prone": false, "rwi": -0.585, "elevation_m": 177.0, "settlement_id": "S0476", "dl_mbps": 36.896, "ul_mbps": 2.905, "latency_ms": 100.0, "n_tests": 16, "n_tiles": 1, "evidence_tier": "low_evidence", "n_schools_3km": 1, "n_clinics_3km": 0, "p_connectivity": 0.62522441651705563, "p_population": 0.043536804308797125, "p_institutions": 0.63420107719928187, "p_equity": 0.96937842778793415, "dipi": 55.0, "rank": 408.0, "stakes_score": null, "gap_rank": null }, "geometry": { "type": "Point", "coordinates": [ 116.2585347, 4.5031205 ] } },
{ "type": "Feature", "properties": { "name": "Sakali", "place": "village", "pop_2km": 0, "seasonal_water_px": 104, "flood_prone": true, "rwi": null, "elevation_m": 167.0, "settlement_id": "S0477", "dl_mbps": 43.784, "ul_mbps": 3.423, "latency_ms": 108.0, "n_tests": 10, "n_tiles": 1, "evidence_tier": "low_evidence", "n_schools_3km": 1, "n_clinics_3km": 1, "p_connectivity": 0.53411131059245964, "p_population": 0.043536804308797125, "p_institutions": 0.75987432675044886, "p_equity": 0.5, "dipi": 43.9, "rank": 749.0, "stakes_score": null, "gap_rank": null }, "geometry": { "type": "Point", "coordinates": [ 116.318066, 4.5443369 ] } },
{ "type": "Feature", "properties": { "name": "Mambu", "place": "village", "pop_2km": 0, "seasonal_water_px": 75, "flood_prone": true, "rwi": null, "elevation_m": 165.0, "settlement_id": "S0487", "dl_mbps": 43.784, "ul_mbps": 3.423, "latency_ms": 108.0, "n_tests": 10, "n_tiles": 1, "evidence_tier": "low_evidence", "n_schools_3km": 1, "n_clinics_3km": 1, "p_connectivity": 0.53411131059245964, "p_population": 0.043536804308797125, "p_institutions": 0.75987432675044886, "p_equity": 0.5, "dipi": 43.9, "rank": 749.0, "stakes_score": null, "gap_rank": null }, "geometry": { "type": "Point", "coordinates": [ 116.3247487, 4.5395013 ] } },
{ "type": "Feature", "properties": { "name": "Salinatan", "place": "village", "pop_2km": 0, "seasonal_water_px": 5, "flood_prone": true, "rwi": -0.013, "elevation_m": 185.0, "settlement_id": "S0488", "dl_mbps": 48.119, "ul_mbps": 2.537, "latency_ms": 102.0, "n_tests": 11, "n_tiles": 1, "evidence_tier": "low_evidence", "n_schools_3km": 1, "n_clinics_3km": 0, "p_connectivity": 0.46813285457809695, "p_population": 0.043536804308797125, "p_institutions": 0.63420107719928187, "p_equity": 0.4789762340036563, "dipi": 38.9, "rank": 918.0, "stakes_score": null, "gap_rank": null }, "geometry": { "type": "Point", "coordinates": [ 116.274039, 4.5737515 ] } },
{ "type": "Feature", "properties": { "name": "Karampalon", "place": "village", "pop_2km": 0, "seasonal_water_px": 12, "flood_prone": true, "rwi": -0.379, "elevation_m": 185.0, "settlement_id": "S0490", "dl_mbps": 36.896, "ul_mbps": 2.905, "latency_ms": 100.0, "n_tests": 16, "n_tiles": 1, "evidence_tier": "low_evidence", "n_schools_3km": 1, "n_clinics_3km": 0, "p_connectivity": 0.62522441651705563, "p_population": 0.043536804308797125, "p_institutions": 0.63420107719928187, "p_equity": 0.82906764168190128, "dipi": 52.2, "rank": 499.0, "stakes_score": null, "gap_rank": null }, "geometry": { "type": "Point", "coordinates": [ 116.2491903, 4.5257517 ] } },
{ "type": "Feature", "properties": { "name": "Sigatal Baru", "place": "village", "pop_2km": 0, "seasonal_water_px": 38, "flood_prone": true, "rwi": -0.044, "elevation_m": 137.0, "settlement_id": "S0492", "dl_mbps": 7.898, "ul_mbps": 2.481, "latency_ms": 578.0, "n_tests": 15, "n_tiles": 2, "evidence_tier": "low_evidence", "n_schools_3km": 1, "n_clinics_3km": 1, "p_connectivity": 0.97307001795332138, "p_population": 0.043536804308797125, "p_institutions": 0.75987432675044886, "p_equity": 0.51462522851919557, "dipi": 61.7, "rank": 170.0, "stakes_score": null, "gap_rank": null }, "geometry": { "type": "Point", "coordinates": [ 116.4080811, 4.4972934 ] } },
{ "type": "Feature", "properties": { "name": "Babayasing", "place": "village", "pop_2km": 0, "seasonal_water_px": 21, "flood_prone": true, "rwi": -0.585, "elevation_m": 177.0, "settlement_id": "S0493", "dl_mbps": 36.896, "ul_mbps": 2.905, "latency_ms": 100.0, "n_tests": 16, "n_tiles": 1, "evidence_tier": "low_evidence", "n_schools_3km": 1, "n_clinics_3km": 0, "p_connectivity": 0.62522441651705563, "p_population": 0.043536804308797125, "p_institutions": 0.63420107719928187, "p_equity": 0.96937842778793415, "dipi": 55.0, "rank": 408.0, "stakes_score": null, "gap_rank": null }, "geometry": { "type": "Point", "coordinates": [ 116.2767396, 4.5114004 ] } },
{ "type": "Feature", "properties": { "name": "Pilanas", "place": "village", "pop_2km": 0, "seasonal_water_px": 105, "flood_prone": true, "rwi": null, "elevation_m": 168.0, "settlement_id": "S0495", "dl_mbps": 43.784, "ul_mbps": 3.423, "latency_ms": 108.0, "n_tests": 10, "n_tiles": 1, "evidence_tier": "low_evidence", "n_schools_3km": 1, "n_clinics_3km": 1, "p_connectivity": 0.53411131059245964, "p_population": 0.043536804308797125, "p_institutions": 0.75987432675044886, "p_equity": 0.5, "dipi": 43.9, "rank": 749.0, "stakes_score": null, "gap_rank": null }, "geometry": { "type": "Point", "coordinates": [ 116.3201796, 4.5431997 ] } },
{ "type": "Feature", "properties": { "name": "Loporon", "place": "village", "pop_2km": 0, "seasonal_water_px": 30, "flood_prone": true, "rwi": -0.585, "elevation_m": 170.0, "settlement_id": "S0496", "dl_mbps": 36.896, "ul_mbps": 2.905, "latency_ms": 100.0, "n_tests": 16, "n_tiles": 1, "evidence_tier": "low_evidence", "n_schools_3km": 1, "n_clinics_3km": 0, "p_connectivity": 0.62522441651705563, "p_population": 0.043536804308797125, "p_institutions": 0.63420107719928187, "p_equity": 0.96937842778793415, "dipi": 55.0, "rank": 408.0, "stakes_score": null, "gap_rank": null }, "geometry": { "type": "Point", "coordinates": [ 116.2837855, 4.5093988 ] } },
{ "type": "Feature", "properties": { "name": "Buntung", "place": "village", "pop_2km": 0, "seasonal_water_px": 69, "flood_prone": true, "rwi": -0.044, "elevation_m": 144.0, "settlement_id": "S0497", "dl_mbps": 7.898, "ul_mbps": 2.481, "latency_ms": 578.0, "n_tests": 15, "n_tiles": 2, "evidence_tier": "low_evidence", "n_schools_3km": 1, "n_clinics_3km": 1, "p_connectivity": 0.97307001795332138, "p_population": 0.043536804308797125, "p_institutions": 0.75987432675044886, "p_equity": 0.51462522851919557, "dipi": 61.7, "rank": 170.0, "stakes_score": null, "gap_rank": null }, "geometry": { "type": "Point", "coordinates": [ 116.414451, 4.4978305 ] } },
{ "type": "Feature", "properties": { "name": "Pulutan", "place": "village", "pop_2km": 342, "seasonal_water_px": 0, "flood_prone": false, "rwi": -0.2595, "elevation_m": 463.0, "settlement_id": "S0499", "dl_mbps": 49.669, "ul_mbps": 21.856, "latency_ms": 73.0, "n_tests": 16, "n_tiles": 3, "evidence_tier": "low_evidence", "n_schools_3km": 0, "n_clinics_3km": 0, "p_connectivity": 0.4524236983842011, "p_population": 0.26391382405745062, "p_institutions": 0.2755834829443447, "p_equity": 0.71023765996343691, "dipi": 43.0, "rank": 784.0, "stakes_score": null, "gap_rank": null }, "geometry": { "type": "Point", "coordinates": [ 116.4768348, 5.1009999 ] } },
{ "type": "Feature", "properties": { "name": "Kampung Malampoi", "place": "hamlet", "pop_2km": 4400, "seasonal_water_px": 1, "flood_prone": false, "rwi": 0.1615, "elevation_m": 447.0, "settlement_id": "S0500", "dl_mbps": 46.532, "ul_mbps": 14.053, "latency_ms": 58.0, "n_tests": 35, "n_tiles": 6, "evidence_tier": "measured", "n_schools_3km": 0, "n_clinics_3km": 0, "p_connectivity": 0.49371633752244165, "p_population": 0.74596050269299818, "p_institutions": 0.2755834829443447, "p_equity": 0.32449725776965266, "dipi": 49.0, "rank": 594.0, "stakes_score": null, "gap_rank": null }, "geometry": { "type": "Point", "coordinates": [ 116.4624744, 4.9834634 ] } },
{ "type": "Feature", "properties": { "name": "Kalas", "place": "village", "pop_2km": 3638, "seasonal_water_px": 0, "flood_prone": false, "rwi": -0.15133333333333332, "elevation_m": 465.0, "settlement_id": "S0501", "dl_mbps": 69.844, "ul_mbps": 25.414, "latency_ms": 52.0, "n_tests": 264, "n_tiles": 12, "evidence_tier": "measured", "n_schools_3km": 2, "n_clinics_3km": 1, "p_connectivity": 0.33931777378815081, "p_population": 0.71723518850987433, "p_institutions": 0.82405745062836622, "p_equity": 0.61334552102376605, "dipi": 56.1, "rank": 374.0, "stakes_score": null, "gap_rank": null }, "geometry": { "type": "Point", "coordinates": [ 116.4392451, 5.062023 ] } },
{ "type": "Feature", "properties": { "name": "Loboh", "place": "village", "pop_2km": 3360, "seasonal_water_px": 0, "flood_prone": false, "rwi": -0.285, "elevation_m": 463.0, "settlement_id": "S0503", "dl_mbps": 60.082, "ul_mbps": 19.385, "latency_ms": 59.0, "n_tests": 342, "n_tiles": 14, "evidence_tier": "measured", "n_schools_3km": 2, "n_clinics_3km": 1, "p_connectivity": 0.38554757630161579, "p_population": 0.70287253141831241, "p_institutions": 0.82405745062836622, "p_equity": 0.74040219378427785, "dipi": 60.2, "rank": 225.0, "stakes_score": null, "gap_rank": null }, "geometry": { "type": "Point", "coordinates": [ 116.4468573, 5.0583799 ] } },
{ "type": "Feature", "properties": { "name": "Anambai Baru", "place": "village", "pop_2km": 6064, "seasonal_water_px": 4, "flood_prone": false, "rwi": -0.0215, "elevation_m": 463.0, "settlement_id": "S0504", "dl_mbps": 70.6685, "ul_mbps": 23.1875, "latency_ms": 48.0, "n_tests": 296, "n_tiles": 11, "evidence_tier": "measured", "n_schools_3km": 2, "n_clinics_3km": 0, "p_connectivity": 0.3357271095152603, "p_population": 0.78725314183123873, "p_institutions": 0.75987432675044886, "p_equity": 0.48400365630712983, "dipi": 54.2, "rank": 437.0, "stakes_score": null, "gap_rank": null }, "geometry": { "type": "Point", "coordinates": [ 116.4150992, 5.0316751 ] } },
{ "type": "Feature", "properties": { "name": "Mangkulasing", "place": "village", "pop_2km": 85, "seasonal_water_px": 4, "flood_prone": false, "rwi": -0.789, "elevation_m": 471.0, "settlement_id": "S0505", "dl_mbps": 176.381, "ul_mbps": 41.875, "latency_ms": 33.0, "n_tests": 25, "n_tiles": 1, "evidence_tier": "low_evidence", "n_schools_3km": 0, "n_clinics_3km": 0, "p_connectivity": 0.076301615798922806, "p_population": 0.11938958707360861, "p_institutions": 0.2755834829443447, "p_equity": 0.99360146252285197, "dipi": 30.0, "rank": 1074.0, "stakes_score": null, "gap_rank": null }, "geometry": { "type": "Point", "coordinates": [ 116.4082824, 5.066398 ] } },
{ "type": "Feature", "properties": { "name": "Loboh Baru", "place": "village", "pop_2km": 1086, "seasonal_water_px": 0, "flood_prone": false, "rwi": -0.309, "elevation_m": 465.0, "settlement_id": "S0506", "dl_mbps": 119.854, "ul_mbps": 32.783, "latency_ms": 55.0, "n_tests": 227, "n_tiles": 7, "evidence_tier": "measured", "n_schools_3km": 0, "n_clinics_3km": 0, "p_connectivity": 0.17324955116696589, "p_population": 0.52064631956912033, "p_institutions": 0.2755834829443447, "p_equity": 0.75731261425959784, "dipi": 39.2, "rank": 911.0, "stakes_score": null, "gap_rank": null }, "geometry": { "type": "Point", "coordinates": [ 116.4027383, 5.0421848 ] } },
{ "type": "Feature", "properties": { "name": "Enam", "place": "village", "pop_2km": 234, "seasonal_water_px": 0, "flood_prone": false, "rwi": -0.726, "elevation_m": 468.0, "settlement_id": "S0507", "dl_mbps": 121.086, "ul_mbps": 41.864, "latency_ms": 43.0, "n_tests": 219, "n_tiles": 5, "evidence_tier": "measured", "n_schools_3km": 0, "n_clinics_3km": 0, "p_connectivity": 0.17055655296229802, "p_population": 0.20332136445242369, "p_institutions": 0.2755834829443447, "p_equity": 0.99268738574040216, "dipi": 35.9, "rank": 992.0, "stakes_score": null, "gap_rank": null }, "geometry": { "type": "Point", "coordinates": [ 116.3998576, 5.0456436 ] } },
{ "type": "Feature", "properties": { "name": "Sarikan A", "place": "village", "pop_2km": 4185, "seasonal_water_px": 6, "flood_prone": true, "rwi": 0.33, "elevation_m": 458.0, "settlement_id": "S0508", "dl_mbps": 57.6905, "ul_mbps": 11.2165, "latency_ms": 59.0, "n_tests": 210, "n_tiles": 15, "evidence_tier": "measured", "n_schools_3km": 2, "n_clinics_3km": 1, "p_connectivity": 0.39766606822262118, "p_population": 0.73967684021543989, "p_institutions": 0.82405745062836622, "p_equity": 0.23034734917733091, "dipi": 51.4, "rank": 528.0, "stakes_score": null, "gap_rank": null }, "geometry": { "type": "Point", "coordinates": [ 116.4544907, 5.0364277 ] } },
{ "type": "Feature", "properties": { "name": "Kampung Saupi", "place": "hamlet", "pop_2km": 3427, "seasonal_water_px": 0, "flood_prone": false, "rwi": -0.040666666666666663, "elevation_m": 454.0, "settlement_id": "S0509", "dl_mbps": 42.5725, "ul_mbps": 14.4825, "latency_ms": 60.0, "n_tests": 17, "n_tiles": 5, "evidence_tier": "low_evidence", "n_schools_3km": 0, "n_clinics_3km": 0, "p_connectivity": 0.54622980251346498, "p_population": 0.70736086175942547, "p_institutions": 0.2755834829443447, "p_equity": 0.50731261425959784, "dipi": 53.8, "rank": 448.0, "stakes_score": null, "gap_rank": null }, "geometry": { "type": "Point", "coordinates": [ 116.4678111, 4.9883122 ] } },
{ "type": "Feature", "properties": { "name": "Kampung Koyoon", "place": "hamlet", "pop_2km": 404, "seasonal_water_px": 12, "flood_prone": true, "rwi": -0.329, "elevation_m": 291.0, "settlement_id": "S0510", "dl_mbps": 15.2085, "ul_mbps": 6.271, "latency_ms": 71.5, "n_tests": 11, "n_tiles": 3, "evidence_tier": "low_evidence", "n_schools_3km": 0, "n_clinics_3km": 0, "p_connectivity": 0.9111310592459605, "p_population": 0.28994614003590663, "p_institutions": 0.2755834829443447, "p_equity": 0.78244972577696525, "dipi": 63.5, "rank": 128.0, "stakes_score": null, "gap_rank": null }, "geometry": { "type": "Point", "coordinates": [ 116.4992281, 4.705042 ] } },
{ "type": "Feature", "properties": { "name": "Sarikan B", "place": "village", "pop_2km": 2033, "seasonal_water_px": 7, "flood_prone": true, "rwi": 0.14733333333333332, "elevation_m": 460.0, "settlement_id": "S0511", "dl_mbps": 31.396, "ul_mbps": 10.62, "latency_ms": 59.0, "n_tests": 149, "n_tiles": 12, "evidence_tier": "measured", "n_schools_3km": 2, "n_clinics_3km": 1, "p_connectivity": 0.69479353680430878, "p_population": 0.62746858168761221, "p_institutions": 0.82405745062836622, "p_equity": 0.34552102376599636, "dipi": 62.7, "rank": 151.0, "stakes_score": null, "gap_rank": null }, "geometry": { "type": "Point", "coordinates": [ 116.4562941, 5.0315794 ] } },
{ "type": "Feature", "properties": { "name": "Kabangawong", "place": "village", "pop_2km": 906, "seasonal_water_px": 1, "flood_prone": false, "rwi": -0.078, "elevation_m": 453.0, "settlement_id": "S0512", "dl_mbps": 93.211, "ul_mbps": 14.912, "latency_ms": 44.0, "n_tests": 19, "n_tiles": 6, "evidence_tier": "low_evidence", "n_schools_3km": 0, "n_clinics_3km": 0, "p_connectivity": 0.23967684021543986, "p_population": 0.47127468581687615, "p_institutions": 0.2755834829443447, "p_equity": 0.54387568555758681, "dipi": 36.4, "rank": 983.0, "stakes_score": null, "gap_rank": null }, "geometry": { "type": "Point", "coordinates": [ 116.4597964, 5.0185581 ] } },
{ "type": "Feature", "properties": { "name": "Tetagas", "place": "village", "pop_2km": 2697, "seasonal_water_px": 0, "flood_prone": false, "rwi": -0.089666666666666672, "elevation_m": 454.0, "settlement_id": "S0513", "dl_mbps": 42.5725, "ul_mbps": 14.4825, "latency_ms": 60.0, "n_tests": 17, "n_tiles": 5, "evidence_tier": "low_evidence", "n_schools_3km": 0, "n_clinics_3km": 0, "p_connectivity": 0.54622980251346498, "p_population": 0.66876122082585276, "p_institutions": 0.2755834829443447, "p_equity": 0.55667276051188297, "dipi": 53.8, "rank": 448.0, "stakes_score": null, "gap_rank": null }, "geometry": { "type": "Point", "coordinates": [ 116.4677671, 4.9952745 ] } },
{ "type": "Feature", "properties": { "name": "Kampung Takul", "place": "hamlet", "pop_2km": 3386, "seasonal_water_px": 5, "flood_prone": true, "rwi": -0.233, "elevation_m": 446.0, "settlement_id": "S0515", "dl_mbps": 35.737, "ul_mbps": 7.5095, "latency_ms": 66.0, "n_tests": 23, "n_tiles": 4, "evidence_tier": "measured", "n_schools_3km": 0, "n_clinics_3km": 0, "p_connectivity": 0.64003590664272891, "p_population": 0.70377019748653502, "p_institutions": 0.2755834829443447, "p_equity": 0.68875685557586841, "dipi": 61.1, "rank": 189.0, "stakes_score": null, "gap_rank": null }, "geometry": { "type": "Point", "coordinates": [ 116.4589427, 4.96891 ] } },
{ "type": "Feature", "properties": { "name": "Nakuyung", "place": "village", "pop_2km": 5005, "seasonal_water_px": 4, "flood_prone": false, "rwi": -0.0215, "elevation_m": 464.0, "settlement_id": "S0516", "dl_mbps": 68.262, "ul_mbps": 22.804, "latency_ms": 52.0, "n_tests": 238, "n_tiles": 9, "evidence_tier": "measured", "n_schools_3km": 2, "n_clinics_3km": 0, "p_connectivity": 0.34919210053859961, "p_population": 0.76301615798922806, "p_institutions": 0.75987432675044886, "p_equity": 0.48400365630712983, "dipi": 54.1, "rank": 440.0, "stakes_score": null, "gap_rank": null }, "geometry": { "type": "Point", "coordinates": [ 116.4159212, 5.0280363 ] } },
{ "type": "Feature", "properties": { "name": "Sinsingon", "place": "village", "pop_2km": 835, "seasonal_water_px": 0, "flood_prone": false, "rwi": -0.024, "elevation_m": 391.0, "settlement_id": "S0533", "dl_mbps": 20.0265, "ul_mbps": 7.629, "latency_ms": 71.5, "n_tests": 15, "n_tiles": 6, "evidence_tier": "low_evidence", "n_schools_3km": 0, "n_clinics_3km": 0, "p_connectivity": 0.86938958707360858, "p_population": 0.44165170556552963, "p_institutions": 0.2755834829443447, "p_equity": 0.48811700182815354, "dipi": 59.7, "rank": 244.0, "stakes_score": null, "gap_rank": null }, "geometry": { "type": "Point", "coordinates": [ 116.47698, 4.7154608 ] } },
{ "type": "Feature", "properties": { "name": "Kantin Tibow", "place": "village", "pop_2km": 0, "seasonal_water_px": 2, "flood_prone": false, "rwi": -0.212, "elevation_m": 410.0, "settlement_id": "S0539", "dl_mbps": 111.439, "ul_mbps": 20.5825, "latency_ms": 45.0, "n_tests": 10, "n_tiles": 4, "evidence_tier": "low_evidence", "n_schools_3km": 0, "n_clinics_3km": 0, "p_connectivity": 0.18850987432675045, "p_population": 0.043536804308797125, "p_institutions": 0.2755834829443447, "p_equity": 0.66864716636197441, "dipi": 26.1, "rank": 1105.0, "stakes_score": null, "gap_rank": null }, "geometry": { "type": "Point", "coordinates": [ 116.7751948, 4.6247278 ] } },
{ "type": "Feature", "properties": { "name": "Kampung Tataluan", "place": "hamlet", "pop_2km": 134, "seasonal_water_px": 7, "flood_prone": true, "rwi": 0.0935, "elevation_m": 298.0, "settlement_id": "S0540", "dl_mbps": 61.2115, "ul_mbps": 13.1055, "latency_ms": 41.5, "n_tests": 6, "n_tiles": 4, "evidence_tier": "low_evidence", "n_schools_3km": 1, "n_clinics_3km": 0, "p_connectivity": 0.38240574506283664, "p_population": 0.14272890484739678, "p_institutions": 0.63420107719928187, "p_equity": 0.3857404021937843, "dipi": 36.1, "rank": 988.0, "stakes_score": null, "gap_rank": null }, "geometry": { "type": "Point", "coordinates": [ 116.6119324, 4.655439 ] } },
{ "type": "Feature", "properties": { "name": "Kuala Sumatalun", "place": "village", "pop_2km": 0, "seasonal_water_px": 69, "flood_prone": true, "rwi": -0.3046666666666667, "elevation_m": 135.0, "settlement_id": "S0544", "dl_mbps": 7.898, "ul_mbps": 2.481, "latency_ms": 578.0, "n_tests": 11, "n_tiles": 1, "evidence_tier": "low_evidence", "n_schools_3km": 1, "n_clinics_3km": 1, "p_connectivity": 0.97307001795332138, "p_population": 0.043536804308797125, "p_institutions": 0.75987432675044886, "p_equity": 0.75137111517367461, "dipi": 66.4, "rank": 65.0, "stakes_score": null, "gap_rank": null }, "geometry": { "type": "Point", "coordinates": [ 116.4359632, 4.4794641 ] } },
{ "type": "Feature", "properties": { "name": "Mangkam", "place": "village", "pop_2km": 0, "seasonal_water_px": 79, "flood_prone": true, "rwi": -0.3046666666666667, "elevation_m": 141.0, "settlement_id": "S0546", "dl_mbps": 7.898, "ul_mbps": 2.481, "latency_ms": 578.0, "n_tests": 15, "n_tiles": 2, "evidence_tier": "low_evidence", "n_schools_3km": 1, "n_clinics_3km": 1, "p_connectivity": 0.97307001795332138, "p_population": 0.043536804308797125, "p_institutions": 0.75987432675044886, "p_equity": 0.75137111517367461, "dipi": 66.4, "rank": 65.0, "stakes_score": null, "gap_rank": null }, "geometry": { "type": "Point", "coordinates": [ 116.4269281, 4.4853151 ] } },
{ "type": "Feature", "properties": { "name": "Kampung Sumakiuakiu", "place": "hamlet", "pop_2km": 0, "seasonal_water_px": 84, "flood_prone": true, "rwi": -0.1195, "elevation_m": 145.0, "settlement_id": "S0547", "dl_mbps": 7.898, "ul_mbps": 2.481, "latency_ms": 578.0, "n_tests": 15, "n_tiles": 2, "evidence_tier": "low_evidence", "n_schools_3km": 1, "n_clinics_3km": 1, "p_connectivity": 0.97307001795332138, "p_population": 0.043536804308797125, "p_institutions": 0.75987432675044886, "p_equity": 0.58135283363802559, "dipi": 63.0, "rank": 144.0, "stakes_score": null, "gap_rank": null }, "geometry": { "type": "Point", "coordinates": [ 116.4231275, 4.4892674 ] } },
{ "type": "Feature", "properties": { "name": "Kampung Sasandukon", "place": "hamlet", "pop_2km": 0, "seasonal_water_px": 1, "flood_prone": false, "rwi": -0.711, "elevation_m": 169.0, "settlement_id": "S0550", "dl_mbps": 69.322, "ul_mbps": 2.62, "latency_ms": 114.0, "n_tests": 46, "n_tiles": 5, "evidence_tier": "measured", "n_schools_3km": 1, "n_clinics_3km": 0, "p_connectivity": 0.34560143626570916, "p_population": 0.043536804308797125, "p_institutions": 0.63420107719928187, "p_equity": 0.99177330895795246, "dipi": 44.3, "rank": 730.0, "stakes_score": null, "gap_rank": null }, "geometry": { "type": "Point", "coordinates": [ 116.4986324, 4.4792804 ] } },
{ "type": "Feature", "properties": { "name": "Silungai", "place": "village", "pop_2km": 0, "seasonal_water_px": 99, "flood_prone": true, "rwi": -0.3046666666666667, "elevation_m": 141.0, "settlement_id": "S0551", "dl_mbps": 7.898, "ul_mbps": 2.481, "latency_ms": 578.0, "n_tests": 15, "n_tiles": 2, "evidence_tier": "low_evidence", "n_schools_3km": 1, "n_clinics_3km": 1, "p_connectivity": 0.97307001795332138, "p_population": 0.043536804308797125, "p_institutions": 0.75987432675044886, "p_equity": 0.75137111517367461, "dipi": 66.4, "rank": 65.0, "stakes_score": null, "gap_rank": null }, "geometry": { "type": "Point", "coordinates": [ 116.4289534, 4.4802108 ] } },
{ "type": "Feature", "properties": { "name": "Simpang Pagalungan", "place": "village", "pop_2km": 0, "seasonal_water_px": 0, "flood_prone": false, "rwi": -0.896, "elevation_m": 172.0, "settlement_id": "S0552", "dl_mbps": 76.8765, "ul_mbps": 1.9495, "latency_ms": 105.5, "n_tests": 13, "n_tiles": 2, "evidence_tier": "low_evidence", "n_schools_3km": 0, "n_clinics_3km": 0, "p_connectivity": 0.30879712746858168, "p_population": 0.043536804308797125, "p_institutions": 0.2755834829443447, "p_equity": 0.99542961608775138, "dipi": 37.5, "rank": 954.0, "stakes_score": null, "gap_rank": null }, "geometry": { "type": "Point", "coordinates": [ 116.4776807, 4.4966222 ] } },
{ "type": "Feature", "properties": { "name": "Padang", "place": "village", "pop_2km": 807, "seasonal_water_px": 141, "flood_prone": true, "rwi": 0.072, "elevation_m": 277.0, "settlement_id": "S0553", "dl_mbps": 27.604, "ul_mbps": 11.407, "latency_ms": 57.0, "n_tests": 14, "n_tiles": 8, "evidence_tier": "low_evidence", "n_schools_3km": 0, "n_clinics_3km": 0, "p_connectivity": 0.75044883303411136, "p_population": 0.43357271095152605, "p_institutions": 0.2755834829443447, "p_equity": 0.39853747714808047, "dipi": 53.0, "rank": 469.0, "stakes_score": null, "gap_rank": null }, "geometry": { "type": "Point", "coordinates": [ 116.4598441, 4.7138076 ] } },
{ "type": "Feature", "properties": { "name": "Sabuluh", "place": "village", "pop_2km": 284, "seasonal_water_px": 92, "flood_prone": true, "rwi": null, "elevation_m": 164.0, "settlement_id": "S0554", "dl_mbps": 0.359, "ul_mbps": 2.1535, "latency_ms": 645.5, "n_tests": 5, "n_tiles": 1, "evidence_tier": "low_evidence", "n_schools_3km": 1, "n_clinics_3km": 0, "p_connectivity": 0.9968581687612208, "p_population": 0.23698384201077199, "p_institutions": 0.63420107719928187, "p_equity": 0.5, "dipi": 65.3, "rank": 90.0, "stakes_score": null, "gap_rank": null }, "geometry": { "type": "Point", "coordinates": [ 116.4538711, 4.6034614 ] } },
{ "type": "Feature", "properties": { "name": "Pulungan A", "place": "village", "pop_2km": 546, "seasonal_water_px": 45, "flood_prone": true, "rwi": null, "elevation_m": 312.0, "settlement_id": "S0555", "dl_mbps": 111.066, "ul_mbps": 6.054, "latency_ms": 62.0, "n_tests": 8, "n_tiles": 5, "evidence_tier": "low_evidence", "n_schools_3km": 0, "n_clinics_3km": 0, "p_connectivity": 0.19299820466786355, "p_population": 0.35816876122082586, "p_institutions": 0.2755834829443447, "p_equity": 0.5, "dipi": 30.8, "rank": 1065.0, "stakes_score": null, "gap_rank": null }, "geometry": { "type": "Point", "coordinates": [ 116.4472719, 4.7247292 ] } },
{ "type": "Feature", "properties": { "name": "Panawan", "place": "village", "pop_2km": 1006, "seasonal_water_px": 91, "flood_prone": true, "rwi": 0.044, "elevation_m": 282.0, "settlement_id": "S0556", "dl_mbps": 24.5675, "ul_mbps": 7.629, "latency_ms": 71.5, "n_tests": 19, "n_tiles": 8, "evidence_tier": "low_evidence", "n_schools_3km": 0, "n_clinics_3km": 0, "p_connectivity": 0.79892280071813282, "p_population": 0.50089766606822261, "p_institutions": 0.2755834829443447, "p_equity": 0.42595978062157219, "dipi": 57.1, "rank": 338.0, "stakes_score": null, "gap_rank": null }, "geometry": { "type": "Point", "coordinates": [ 116.4669454, 4.7125431 ] } },
{ "type": "Feature", "properties": { "name": "Kampung Sumolombom", "place": "hamlet", "pop_2km": 0, "seasonal_water_px": 65, "flood_prone": true, "rwi": null, "elevation_m": 144.0, "settlement_id": "S0558", "dl_mbps": 18.6675, "ul_mbps": 3.3505, "latency_ms": 582.5, "n_tests": 16, "n_tiles": 2, "evidence_tier": "low_evidence", "n_schools_3km": 1, "n_clinics_3km": 1, "p_connectivity": 0.89048473967684016, "p_population": 0.043536804308797125, "p_institutions": 0.75987432675044886, "p_equity": 0.5, "dipi": 58.1, "rank": 298.0, "stakes_score": null, "gap_rank": null }, "geometry": { "type": "Point", "coordinates": [ 116.4305049, 4.516878 ] } },
{ "type": "Feature", "properties": { "name": "Lotong", "place": "village", "pop_2km": 715, "seasonal_water_px": 154, "flood_prone": true, "rwi": 0.072, "elevation_m": 276.0, "settlement_id": "S0559", "dl_mbps": 111.066, "ul_mbps": 6.054, "latency_ms": 62.0, "n_tests": 8, "n_tiles": 5, "evidence_tier": "low_evidence", "n_schools_3km": 0, "n_clinics_3km": 0, "p_connectivity": 0.19299820466786355, "p_population": 0.40484739676840215, "p_institutions": 0.2755834829443447, "p_equity": 0.39853747714808047, "dipi": 29.9, "rank": 1076.0, "stakes_score": null, "gap_rank": null }, "geometry": { "type": "Point", "coordinates": [ 116.4513129, 4.7157558 ] } },
{ "type": "Feature", "properties": { "name": "Kampung Tikandis", "place": "hamlet", "pop_2km": 113, "seasonal_water_px": 76, "flood_prone": true, "rwi": -0.903, "elevation_m": 154.0, "settlement_id": "S0560", "dl_mbps": 0.359, "ul_mbps": 2.1535, "latency_ms": 645.5, "n_tests": 5, "n_tiles": 1, "evidence_tier": "low_evidence", "n_schools_3km": 1, "n_clinics_3km": 0, "p_connectivity": 0.9968581687612208, "p_population": 0.13285457809694792, "p_institutions": 0.63420107719928187, "p_equity": 0.9981718464351006, "dipi": 72.7, "rank": 15.0, "stakes_score": null, "gap_rank": null }, "geometry": { "type": "Point", "coordinates": [ 116.4525067, 4.5860558 ] } },
{ "type": "Feature", "properties": { "name": "Pulungan B", "place": "village", "pop_2km": 210, "seasonal_water_px": 47, "flood_prone": true, "rwi": null, "elevation_m": 293.0, "settlement_id": "S0561", "dl_mbps": 111.066, "ul_mbps": 6.054, "latency_ms": 62.0, "n_tests": 6, "n_tiles": 3, "evidence_tier": "low_evidence", "n_schools_3km": 0, "n_clinics_3km": 0, "p_connectivity": 0.19299820466786355, "p_population": 0.18761220825852784, "p_institutions": 0.2755834829443447, "p_equity": 0.5, "dipi": 26.5, "rank": 1101.0, "stakes_score": null, "gap_rank": null }, "geometry": { "type": "Point", "coordinates": [ 116.4512771, 4.7319888 ] } },
{ "type": "Feature", "properties": { "name": "Balaron Kecil", "place": "village", "pop_2km": 129, "seasonal_water_px": 0, "flood_prone": false, "rwi": null, "elevation_m": 297.0, "settlement_id": "S0562", "dl_mbps": 111.298, "ul_mbps": 8.981, "latency_ms": 55.5, "n_tests": 7, "n_tiles": 4, "evidence_tier": "low_evidence", "n_schools_3km": 0, "n_clinics_3km": 0, "p_connectivity": 0.19075403949730702, "p_population": 0.14003590664272891, "p_institutions": 0.2755834829443447, "p_equity": 0.5, "dipi": 25.3, "rank": 1109.0, "stakes_score": null, "gap_rank": null }, "geometry": { "type": "Point", "coordinates": [ 116.4331616, 4.7213504 ] } },
{ "type": "Feature", "properties": { "name": "Kampung Romol Saliku Sepulut", "place": "hamlet", "pop_2km": 79, "seasonal_water_px": 82, "flood_prone": true, "rwi": -0.577, "elevation_m": 303.0, "settlement_id": "S0563", "dl_mbps": 34.45, "ul_mbps": 20.806, "latency_ms": 16.0, "n_tests": 56, "n_tiles": 1, "evidence_tier": "low_evidence", "n_schools_3km": 0, "n_clinics_3km": 0, "p_connectivity": 0.65529622980251345, "p_population": 0.11086175942549371, "p_institutions": 0.2755834829443447, "p_equity": 0.96252285191956122, "dipi": 52.4, "rank": 486.0, "stakes_score": null, "gap_rank": null }, "geometry": { "type": "Point", "coordinates": [ 116.4777631, 4.6744271 ] } },
{ "type": "Feature", "properties": { "name": "Kampung Sinikaluan", "place": "hamlet", "pop_2km": 34, "seasonal_water_px": 85, "flood_prone": true, "rwi": -0.903, "elevation_m": 149.0, "settlement_id": "S0564", "dl_mbps": 0.359, "ul_mbps": 2.1535, "latency_ms": 645.5, "n_tests": 5, "n_tiles": 1, "evidence_tier": "low_evidence", "n_schools_3km": 1, "n_clinics_3km": 0, "p_connectivity": 0.9968581687612208, "p_population": 0.095601436265709161, "p_institutions": 0.63420107719928187, "p_equity": 0.9981718464351006, "dipi": 71.7, "rank": 24.0, "stakes_score": null, "gap_rank": null }, "geometry": { "type": "Point", "coordinates": [ 116.4468932, 4.5665416 ] } },
{ "type": "Feature", "properties": { "name": "Kuala Sabinait", "place": "village", "pop_2km": 0, "seasonal_water_px": 73, "flood_prone": true, "rwi": null, "elevation_m": 160.0, "settlement_id": "S0565", "dl_mbps": 29.437, "ul_mbps": 4.22, "latency_ms": 587.0, "n_tests": 5, "n_tiles": 1, "evidence_tier": "low_evidence", "n_schools_3km": 0, "n_clinics_3km": 0, "p_connectivity": 0.72307001795332138, "p_population": 0.043536804308797125, "p_institutions": 0.2755834829443447, "p_equity": 0.5, "dipi": 44.1, "rank": 741.0, "stakes_score": null, "gap_rank": null }, "geometry": { "type": "Point", "coordinates": [ 116.4303639, 4.5287441 ] } },
{ "type": "Feature", "properties": { "name": "Ligs", "place": "village", "pop_2km": 181, "seasonal_water_px": 33, "flood_prone": true, "rwi": null, "elevation_m": 308.0, "settlement_id": "S0566", "dl_mbps": 0.359, "ul_mbps": 2.1535, "latency_ms": 645.5, "n_tests": 5, "n_tiles": 1, "evidence_tier": "low_evidence", "n_schools_3km": 1, "n_clinics_3km": 0, "p_connectivity": 0.9968581687612208, "p_population": 0.16786355475763015, "p_institutions": 0.63420107719928187, "p_equity": 0.5, "dipi": 63.6, "rank": 125.0, "stakes_score": null, "gap_rank": null }, "geometry": { "type": "Point", "coordinates": [ 116.4449967, 4.600797 ] } },
{ "type": "Feature", "properties": { "name": "Kampung Balantos", "place": "hamlet", "pop_2km": 113, "seasonal_water_px": 69, "flood_prone": true, "rwi": -0.903, "elevation_m": 159.0, "settlement_id": "S0567", "dl_mbps": 0.359, "ul_mbps": 2.1535, "latency_ms": 645.5, "n_tests": 5, "n_tiles": 1, "evidence_tier": "low_evidence", "n_schools_3km": 1, "n_clinics_3km": 0, "p_connectivity": 0.9968581687612208, "p_population": 0.13285457809694792, "p_institutions": 0.63420107719928187, "p_equity": 0.9981718464351006, "dipi": 72.7, "rank": 15.0, "stakes_score": null, "gap_rank": null }, "geometry": { "type": "Point", "coordinates": [ 116.4555304, 4.5857371 ] } },
{ "type": "Feature", "properties": { "name": "Kampung Sejahtera Pangkalan Salung", "place": "hamlet", "pop_2km": 109, "seasonal_water_px": 65, "flood_prone": true, "rwi": -0.903, "elevation_m": 145.0, "settlement_id": "S0569", "dl_mbps": 0.359, "ul_mbps": 2.1535, "latency_ms": 645.5, "n_tests": 5, "n_tiles": 1, "evidence_tier": "low_evidence", "n_schools_3km": 1, "n_clinics_3km": 0, "p_connectivity": 0.9968581687612208, "p_population": 0.13016157989228008, "p_institutions": 0.63420107719928187, "p_equity": 0.9981718464351006, "dipi": 72.6, "rank": 18.0, "stakes_score": null, "gap_rank": null }, "geometry": { "type": "Point", "coordinates": [ 116.4552115, 4.5798155 ] } },
{ "type": "Feature", "properties": { "name": "Kampung Kuala Salung", "place": "hamlet", "pop_2km": 76, "seasonal_water_px": 59, "flood_prone": true, "rwi": -0.903, "elevation_m": 149.0, "settlement_id": "S0571", "dl_mbps": 0.359, "ul_mbps": 2.1535, "latency_ms": 645.5, "n_tests": 5, "n_tiles": 1, "evidence_tier": "low_evidence", "n_schools_3km": 1, "n_clinics_3km": 0, "p_connectivity": 0.9968581687612208, "p_population": 0.10682226211849193, "p_institutions": 0.63420107719928187, "p_equity": 0.9981718464351006, "dipi": 72.0, "rank": 19.0, "stakes_score": null, "gap_rank": null }, "geometry": { "type": "Point", "coordinates": [ 116.4574199, 4.5794693 ] } },
{ "type": "Feature", "properties": { "name": "Kampung Kuyoh", "place": "hamlet", "pop_2km": 0, "seasonal_water_px": 61, "flood_prone": true, "rwi": null, "elevation_m": 138.0, "settlement_id": "S0573", "dl_mbps": 29.437, "ul_mbps": 4.22, "latency_ms": 587.0, "n_tests": 5, "n_tiles": 1, "evidence_tier": "low_evidence", "n_schools_3km": 0, "n_clinics_3km": 0, "p_connectivity": 0.72307001795332138, "p_population": 0.043536804308797125, "p_institutions": 0.2755834829443447, "p_equity": 0.5, "dipi": 44.1, "rank": 741.0, "stakes_score": null, "gap_rank": null }, "geometry": { "type": "Point", "coordinates": [ 116.4407408, 4.536212 ] } },
{ "type": "Feature", "properties": { "name": "Kampung Nangkawangan", "place": "hamlet", "pop_2km": 0, "seasonal_water_px": 0, "flood_prone": false, "rwi": -0.508, "elevation_m": 484.0, "settlement_id": "S0576", "dl_mbps": 52.182, "ul_mbps": 3.554, "latency_ms": 99.0, "n_tests": 16, "n_tiles": 1, "evidence_tier": "low_evidence", "n_schools_3km": 1, "n_clinics_3km": 0, "p_connectivity": 0.43177737881508077, "p_population": 0.043536804308797125, "p_institutions": 0.63420107719928187, "p_equity": 0.92778793418647165, "dipi": 46.4, "rank": 676.0, "stakes_score": null, "gap_rank": null }, "geometry": { "type": "Point", "coordinates": [ 116.2429462, 4.8510777 ] } },
{ "type": "Feature", "properties": { "name": "Mamagon", "place": "village", "pop_2km": 179, "seasonal_water_px": 0, "flood_prone": false, "rwi": -0.221, "elevation_m": 557.0, "settlement_id": "S0587", "dl_mbps": 4.594, "ul_mbps": 0.83, "latency_ms": 294.0, "n_tests": 13, "n_tiles": 1, "evidence_tier": "low_evidence", "n_schools_3km": 1, "n_clinics_3km": 0, "p_connectivity": 0.98877917414721728, "p_population": 0.16561938958707362, "p_institutions": 0.63420107719928187, "p_equity": 0.67504570383912244, "dipi": 66.7, "rank": 60.0, "stakes_score": null, "gap_rank": null }, "geometry": { "type": "Point", "coordinates": [ 116.1755479, 4.8774018 ] } },
{ "type": "Feature", "properties": { "name": "Kampung Dalit Gana", "place": "hamlet", "pop_2km": 274, "seasonal_water_px": 0, "flood_prone": false, "rwi": -0.409, "elevation_m": 371.0, "settlement_id": "S0590", "dl_mbps": 50.076, "ul_mbps": 29.571, "latency_ms": 62.0, "n_tests": 17, "n_tiles": 2, "evidence_tier": "low_evidence", "n_schools_3km": 1, "n_clinics_3km": 1, "p_connectivity": 0.44883303411131059, "p_population": 0.22710951526032316, "p_institutions": 0.75987432675044886, "p_equity": 0.85329067641681899, "dipi": 52.1, "rank": 506.0, "stakes_score": null, "gap_rank": null }, "geometry": { "type": "Point", "coordinates": [ 116.1193329, 5.0208777 ] } },
{ "type": "Feature", "properties": { "name": "Kampung Dalit Laut", "place": "hamlet", "pop_2km": 189, "seasonal_water_px": 0, "flood_prone": false, "rwi": -0.49425, "elevation_m": 381.0, "settlement_id": "S0592", "dl_mbps": 50.076, "ul_mbps": 29.571, "latency_ms": 62.0, "n_tests": 17, "n_tiles": 2, "evidence_tier": "low_evidence", "n_schools_3km": 1, "n_clinics_3km": 1, "p_connectivity": 0.44883303411131059, "p_population": 0.17190305206463197, "p_institutions": 0.75987432675044886, "p_equity": 0.9181901279707495, "dipi": 52.0, "rank": 508.0, "stakes_score": null, "gap_rank": null }, "geometry": { "type": "Point", "coordinates": [ 116.1296499, 5.0245621 ] } },
{ "type": "Feature", "properties": { "name": "Kalampun", "place": "village", "pop_2km": 306, "seasonal_water_px": 0, "flood_prone": false, "rwi": -0.29975, "elevation_m": 404.0, "settlement_id": "S0595", "dl_mbps": 73.754, "ul_mbps": 22.751, "latency_ms": 44.0, "n_tests": 35, "n_tiles": 3, "evidence_tier": "measured", "n_schools_3km": 1, "n_clinics_3km": 0, "p_connectivity": 0.3227109515260323, "p_population": 0.24910233393177739, "p_institutions": 0.63420107719928187, "p_equity": 0.74771480804387569, "dipi": 43.6, "rank": 763.0, "stakes_score": null, "gap_rank": null }, "geometry": { "type": "Point", "coordinates": [ 116.1252112, 5.0702193 ] } },
{ "type": "Feature", "properties": { "name": "Punggol", "place": "village", "pop_2km": 113, "seasonal_water_px": 0, "flood_prone": false, "rwi": -0.31666666666666665, "elevation_m": 413.0, "settlement_id": "S0596", "dl_mbps": 73.754, "ul_mbps": 22.751, "latency_ms": 44.0, "n_tests": 35, "n_tiles": 3, "evidence_tier": "measured", "n_schools_3km": 1, "n_clinics_3km": 0, "p_connectivity": 0.3227109515260323, "p_population": 0.13285457809694792, "p_institutions": 0.63420107719928187, "p_equity": 0.76873857404021939, "dipi": 41.1, "rank": 858.0, "stakes_score": null, "gap_rank": null }, "geometry": { "type": "Point", "coordinates": [ 116.1194208, 5.0625149 ] } },
{ "type": "Feature", "properties": { "name": "Kuala Aging", "place": "village", "pop_2km": 231, "seasonal_water_px": 0, "flood_prone": false, "rwi": -0.52066666666666672, "elevation_m": 347.0, "settlement_id": "S0597", "dl_mbps": 32.6435, "ul_mbps": 23.867, "latency_ms": 48.0, "n_tests": 41, "n_tiles": 3, "evidence_tier": "measured", "n_schools_3km": 0, "n_clinics_3km": 0, "p_connectivity": 0.68222621184919208, "p_population": 0.20197486535008977, "p_institutions": 0.2755834829443447, "p_equity": 0.93875685557586841, "dipi": 55.2, "rank": 402.0, "stakes_score": null, "gap_rank": null }, "geometry": { "type": "Point", "coordinates": [ 116.2208995, 5.0937645 ] } },
{ "type": "Feature", "properties": { "name": "Tuaran Baru", "place": "village", "pop_2km": 685, "seasonal_water_px": 0, "flood_prone": false, "rwi": -0.489, "elevation_m": 370.0, "settlement_id": "S0599", "dl_mbps": 184.723, "ul_mbps": 40.382, "latency_ms": 56.0, "n_tests": 7, "n_tiles": 1, "evidence_tier": "low_evidence", "n_schools_3km": 0, "n_clinics_3km": 0, "p_connectivity": 0.065529622980251348, "p_population": 0.39587073608617596, "p_institutions": 0.2755834829443447, "p_equity": 0.90904936014625226, "dipi": 34.8, "rank": 1010.0, "stakes_score": null, "gap_rank": null }, "geometry": { "type": "Point", "coordinates": [ 116.3409302, 5.0954389 ] } },
{ "type": "Feature", "properties": { "name": "Malilia", "place": "village", "pop_2km": 82, "seasonal_water_px": 0, "flood_prone": false, "rwi": -0.489, "elevation_m": 353.0, "settlement_id": "S0602", "dl_mbps": 51.8295, "ul_mbps": 27.614, "latency_ms": 59.0, "n_tests": 87, "n_tiles": 3, "evidence_tier": "measured", "n_schools_3km": 0, "n_clinics_3km": 0, "p_connectivity": 0.43716337522441651, "p_population": 0.11220825852782765, "p_institutions": 0.2755834829443447, "p_equity": 0.90904936014625226, "dipi": 42.6, "rank": 795.0, "stakes_score": null, "gap_rank": null }, "geometry": { "type": "Point", "coordinates": [ 116.1997654, 5.0653616 ] } },
{ "type": "Feature", "properties": { "name": "Sakikilo", "place": "village", "pop_2km": 534, "seasonal_water_px": 0, "flood_prone": false, "rwi": -0.4805, "elevation_m": 415.0, "settlement_id": "S0603", "dl_mbps": 48.551, "ul_mbps": 5.098, "latency_ms": 53.0, "n_tests": 6, "n_tiles": 5, "evidence_tier": "low_evidence", "n_schools_3km": 1, "n_clinics_3km": 0, "p_connectivity": 0.46409335727109513, "p_population": 0.3509874326750449, "p_institutions": 0.63420107719928187, "p_equity": 0.90310786106032903, "dipi": 54.9, "rank": 414.0, "stakes_score": null, "gap_rank": null }, "geometry": { "type": "Point", "coordinates": [ 116.2381905, 5.1778704 ] } },
{ "type": "Feature", "properties": { "name": "Kampung Kebulu", "place": "hamlet", "pop_2km": 1181, "seasonal_water_px": 0, "flood_prone": false, "rwi": -0.17166666666666666, "elevation_m": 382.0, "settlement_id": "S0605", "dl_mbps": 47.4075, "ul_mbps": 8.8955, "latency_ms": 52.0, "n_tests": 5, "n_tiles": 4, "evidence_tier": "low_evidence", "n_schools_3km": 1, "n_clinics_3km": 0, "p_connectivity": 0.47980251346499103, "p_population": 0.53859964093357271, "p_institutions": 0.63420107719928187, "p_equity": 0.63117001828153563, "dipi": 54.8, "rank": 416.0, "stakes_score": null, "gap_rank": null }, "geometry": { "type": "Point", "coordinates": [ 116.2315424, 5.1621456 ] } },
{ "type": "Feature", "properties": { "name": "Kobosion", "place": "village", "pop_2km": 445, "seasonal_water_px": 0, "flood_prone": false, "rwi": -0.27266666666666667, "elevation_m": 386.0, "settlement_id": "S0607", "dl_mbps": 47.4075, "ul_mbps": 8.8955, "latency_ms": 52.0, "n_tests": 5, "n_tiles": 4, "evidence_tier": "low_evidence", "n_schools_3km": 1, "n_clinics_3km": 0, "p_connectivity": 0.47980251346499103, "p_population": 0.31867145421903054, "p_institutions": 0.63420107719928187, "p_equity": 0.72212065813528337, "dipi": 51.1, "rank": 541.0, "stakes_score": null, "gap_rank": null }, "geometry": { "type": "Point", "coordinates": [ 116.2404752, 5.1486648 ] } },
{ "type": "Feature", "properties": { "name": "Barasanon", "place": "village", "pop_2km": 769, "seasonal_water_px": 16, "flood_prone": true, "rwi": -0.38366666666666666, "elevation_m": 353.0, "settlement_id": "S0608", "dl_mbps": 43.795, "ul_mbps": 20.651, "latency_ms": 23.0, "n_tests": 19, "n_tiles": 3, "evidence_tier": "low_evidence", "n_schools_3km": 0, "n_clinics_3km": 0, "p_connectivity": 0.53141831238779169, "p_population": 0.42459605026929981, "p_institutions": 0.2755834829443447, "p_equity": 0.8327239488117002, "dipi": 52.7, "rank": 477.0, "stakes_score": null, "gap_rank": null }, "geometry": { "type": "Point", "coordinates": [ 116.1825533, 5.1868176 ] } },
{ "type": "Feature", "properties": { "name": "Mapila", "place": "village", "pop_2km": 474, "seasonal_water_px": 1, "flood_prone": false, "rwi": -0.359, "elevation_m": 394.0, "settlement_id": "S0610", "dl_mbps": 90.635, "ul_mbps": 16.318, "latency_ms": 52.0, "n_tests": 7, "n_tiles": 5, "evidence_tier": "low_evidence", "n_schools_3km": 1, "n_clinics_3km": 0, "p_connectivity": 0.25224416517055653, "p_population": 0.33438061041292638, "p_institutions": 0.63420107719928187, "p_equity": 0.8126142595978062, "dipi": 44.2, "rank": 735.0, "stakes_score": null, "gap_rank": null }, "geometry": { "type": "Point", "coordinates": [ 116.2515992, 5.1648379 ] } },
{ "type": "Feature", "properties": { "name": "Mansiat", "place": "village", "pop_2km": 671, "seasonal_water_px": 0, "flood_prone": false, "rwi": -0.358, "elevation_m": 494.0, "settlement_id": "S0611", "dl_mbps": 88.6465, "ul_mbps": 17.622, "latency_ms": 71.0, "n_tests": 8, "n_tiles": 5, "evidence_tier": "low_evidence", "n_schools_3km": 0, "n_clinics_3km": 1, "p_connectivity": 0.25763016157989227, "p_population": 0.39048473967684022, "p_institutions": 0.63420107719928187, "p_equity": 0.81124314442413159, "dipi": 45.8, "rank": 694.0, "stakes_score": null, "gap_rank": null }, "geometry": { "type": "Point", "coordinates": [ 116.5605112, 5.4505072 ] } },
{ "type": "Feature", "properties": { "name": "Tuawon", "place": "village", "pop_2km": 254, "seasonal_water_px": 0, "flood_prone": false, "rwi": -0.0865, "elevation_m": 542.0, "settlement_id": "S0612", "dl_mbps": 69.559, "ul_mbps": 15.1575, "latency_ms": 69.0, "n_tests": 7, "n_tiles": 5, "evidence_tier": "low_evidence", "n_schools_3km": 1, "n_clinics_3km": 1, "p_connectivity": 0.34335727109515263, "p_population": 0.21723518850987433, "p_institutions": 0.75987432675044886, "p_equity": 0.55347349177330896, "dipi": 41.6, "rank": 834.0, "stakes_score": null, "gap_rank": null }, "geometry": { "type": "Point", "coordinates": [ 116.5730592, 5.4702116 ] } },
{ "type": "Feature", "properties": { "name": "Nandagan", "place": "village", "pop_2km": 1091, "seasonal_water_px": 0, "flood_prone": false, "rwi": -0.12933333333333333, "elevation_m": 442.0, "settlement_id": "S0614", "dl_mbps": 103.814, "ul_mbps": 14.306, "latency_ms": 47.0, "n_tests": 15, "n_tiles": 2, "evidence_tier": "low_evidence", "n_schools_3km": 0, "n_clinics_3km": 0, "p_connectivity": 0.2073608617594255, "p_population": 0.52154398563734294, "p_institutions": 0.2755834829443447, "p_equity": 0.59689213893967097, "dipi": 37.4, "rank": 958.0, "stakes_score": null, "gap_rank": null }, "geometry": { "type": "Point", "coordinates": [ 116.5207264, 5.4257658 ] } },
{ "type": "Feature", "properties": { "name": "Sinaron", "place": "village", "pop_2km": 313, "seasonal_water_px": 0, "flood_prone": false, "rwi": -0.0865, "elevation_m": 505.0, "settlement_id": "S0615", "dl_mbps": 69.559, "ul_mbps": 15.1575, "latency_ms": 69.0, "n_tests": 10, "n_tiles": 6, "evidence_tier": "low_evidence", "n_schools_3km": 1, "n_clinics_3km": 1, "p_connectivity": 0.34335727109515263, "p_population": 0.25403949730700182, "p_institutions": 0.75987432675044886, "p_equity": 0.55347349177330896, "dipi": 42.6, "rank": 795.0, "stakes_score": null, "gap_rank": null }, "geometry": { "type": "Point", "coordinates": [ 116.5778618, 5.4604329 ] } },
{ "type": "Feature", "properties": { "name": "Lalapakon", "place": "village", "pop_2km": 648, "seasonal_water_px": 0, "flood_prone": false, "rwi": -0.358, "elevation_m": 481.0, "settlement_id": "S0617", "dl_mbps": 101.525, "ul_mbps": 24.834, "latency_ms": 73.0, "n_tests": 5, "n_tiles": 3, "evidence_tier": "low_evidence", "n_schools_3km": 0, "n_clinics_3km": 1, "p_connectivity": 0.21364452423698385, "p_population": 0.38285457809694795, "p_institutions": 0.63420107719928187, "p_equity": 0.81124314442413159, "dipi": 43.9, "rank": 749.0, "stakes_score": null, "gap_rank": null }, "geometry": { "type": "Point", "coordinates": [ 116.5546504, 5.448024 ] } },
{ "type": "Feature", "properties": { "name": "Mampisas", "place": "village", "pop_2km": 1503, "seasonal_water_px": 0, "flood_prone": false, "rwi": 0.0815, "elevation_m": 405.0, "settlement_id": "S0618", "dl_mbps": 22.052, "ul_mbps": 5.3805, "latency_ms": 42.0, "n_tests": 5, "n_tiles": 1, "evidence_tier": "low_evidence", "n_schools_3km": 0, "n_clinics_3km": 0, "p_connectivity": 0.83662477558348292, "p_population": 0.58617594254937166, "p_institutions": 0.2755834829443447, "p_equity": 0.39213893967093238, "dipi": 60.1, "rank": 227.0, "stakes_score": null, "gap_rank": null }, "geometry": { "type": "Point", "coordinates": [ 116.4863082, 5.4025431 ] } },
{ "type": "Feature", "properties": { "name": "Sosolungon", "place": "village", "pop_2km": 809, "seasonal_water_px": 2, "flood_prone": false, "rwi": -0.4355, "elevation_m": 484.0, "settlement_id": "S0620", "dl_mbps": 122.476, "ul_mbps": 17.099, "latency_ms": 47.0, "n_tests": 12, "n_tiles": 1, "evidence_tier": "low_evidence", "n_schools_3km": 0, "n_clinics_3km": 0, "p_connectivity": 0.16876122082585279, "p_population": 0.43447037701974867, "p_institutions": 0.2755834829443447, "p_equity": 0.86928702010968917, "dipi": 39.1, "rank": 914.0, "stakes_score": null, "gap_rank": null }, "geometry": { "type": "Point", "coordinates": [ 116.5366919, 5.4312578 ] } },
{ "type": "Feature", "properties": { "name": "Sinulihan Baru", "place": "village", "pop_2km": 1334, "seasonal_water_px": 9, "flood_prone": true, "rwi": -0.37175, "elevation_m": 383.0, "settlement_id": "S0623", "dl_mbps": 34.294, "ul_mbps": 4.504, "latency_ms": 71.0, "n_tests": 115, "n_tiles": 7, "evidence_tier": "measured", "n_schools_3km": 0, "n_clinics_3km": 0, "p_connectivity": 0.65664272890484743, "p_population": 0.56642728904847395, "p_institutions": 0.2755834829443447, "p_equity": 0.82175502742230344, "dipi": 61.0, "rank": 191.0, "stakes_score": null, "gap_rank": null }, "geometry": { "type": "Point", "coordinates": [ 116.3884042, 5.292031 ] } },
{ "type": "Feature", "properties": { "name": "Seri Aman", "place": "village", "pop_2km": 267, "seasonal_water_px": 1, "flood_prone": false, "rwi": -0.1815, "elevation_m": 374.0, "settlement_id": "S0624", "dl_mbps": 27.957, "ul_mbps": 8.4535, "latency_ms": 61.5, "n_tests": 6, "n_tiles": 4, "evidence_tier": "low_evidence", "n_schools_3km": 0, "n_clinics_3km": 0, "p_connectivity": 0.74506283662477557, "p_population": 0.22351885098743268, "p_institutions": 0.2755834829443447, "p_equity": 0.64076782449725778, "dipi": 52.3, "rank": 492.0, "stakes_score": null, "gap_rank": null }, "geometry": { "type": "Point", "coordinates": [ 116.4916394, 5.3388353 ] } },
{ "type": "Feature", "properties": { "name": "Batu Lunguyan", "place": "village", "pop_2km": 889, "seasonal_water_px": 0, "flood_prone": false, "rwi": -0.465, "elevation_m": 417.0, "settlement_id": "S0627", "dl_mbps": 27.909, "ul_mbps": 10.331, "latency_ms": 77.0, "n_tests": 23, "n_tiles": 6, "evidence_tier": "measured", "n_schools_3km": 1, "n_clinics_3km": 1, "p_connectivity": 0.74775583482944341, "p_population": 0.4649910233393178, "p_institutions": 0.75987432675044886, "p_equity": 0.8962522851919561, "dipi": 70.9, "rank": 33.0, "stakes_score": null, "gap_rank": null }, "geometry": { "type": "Point", "coordinates": [ 116.4395412, 5.3433622 ] } },
{ "type": "Feature", "properties": { "name": "Dumbun", "place": "village", "pop_2km": 208, "seasonal_water_px": 0, "flood_prone": false, "rwi": -0.4975, "elevation_m": 408.0, "settlement_id": "S0628", "dl_mbps": 42.684, "ul_mbps": 5.6125, "latency_ms": 37.5, "n_tests": 27, "n_tiles": 6, "evidence_tier": "measured", "n_schools_3km": 0, "n_clinics_3km": 0, "p_connectivity": 0.54488330341113111, "p_population": 0.18447037701974867, "p_institutions": 0.2755834829443447, "p_equity": 0.92321755027422303, "dipi": 49.0, "rank": 594.0, "stakes_score": null, "gap_rank": null }, "geometry": { "type": "Point", "coordinates": [ 116.4349919, 5.2702003 ] } },
{ "type": "Feature", "properties": { "name": "Kindasan", "place": "village", "pop_2km": 927, "seasonal_water_px": 0, "flood_prone": false, "rwi": 0.1125, "elevation_m": 402.0, "settlement_id": "S0629", "dl_mbps": 30.9165, "ul_mbps": 6.6505, "latency_ms": 63.5, "n_tests": 39, "n_tiles": 7, "evidence_tier": "measured", "n_schools_3km": 1, "n_clinics_3km": 1, "p_connectivity": 0.70017953321364457, "p_population": 0.48025134649910234, "p_institutions": 0.75987432675044886, "p_equity": 0.36837294332723947, "dipi": 58.8, "rank": 279.0, "stakes_score": null, "gap_rank": null }, "geometry": { "type": "Point", "coordinates": [ 116.4157143, 5.3214327 ] } },
{ "type": "Feature", "properties": { "name": "Mantanid", "place": "village", "pop_2km": 168, "seasonal_water_px": 0, "flood_prone": false, "rwi": -0.23475, "elevation_m": 388.0, "settlement_id": "S0630", "dl_mbps": 90.02, "ul_mbps": 44.5925, "latency_ms": 43.0, "n_tests": 64, "n_tiles": 2, "evidence_tier": "low_evidence", "n_schools_3km": 0, "n_clinics_3km": 0, "p_connectivity": 0.25403949730700182, "p_population": 0.1615798922800718, "p_institutions": 0.2755834829443447, "p_equity": 0.69469835466179164, "dipi": 32.2, "rank": 1043.0, "stakes_score": null, "gap_rank": null }, "geometry": { "type": "Point", "coordinates": [ 116.4347658, 5.2226438 ] } },
{ "type": "Feature", "properties": { "name": "Kiulu Baru", "place": "village", "pop_2km": 1136, "seasonal_water_px": 0, "flood_prone": false, "rwi": -0.31333333333333335, "elevation_m": 388.0, "settlement_id": "S0631", "dl_mbps": 48.4615, "ul_mbps": 4.7715, "latency_ms": 71.5, "n_tests": 115, "n_tiles": 7, "evidence_tier": "measured", "n_schools_3km": 0, "n_clinics_3km": 0, "p_connectivity": 0.46588868940754041, "p_population": 0.52872531418312385, "p_institutions": 0.2755834829443447, "p_equity": 0.76142595978062155, "dipi": 51.2, "rank": 538.0, "stakes_score": null, "gap_rank": null }, "geometry": { "type": "Point", "coordinates": [ 116.3959753, 5.3030662 ] } },
{ "type": "Feature", "properties": { "name": "Rampayan", "place": "village", "pop_2km": 1477, "seasonal_water_px": 0, "flood_prone": false, "rwi": -0.24066666666666667, "elevation_m": 387.0, "settlement_id": "S0632", "dl_mbps": 24.4, "ul_mbps": 4.504, "latency_ms": 72.0, "n_tests": 116, "n_tiles": 9, "evidence_tier": "measured", "n_schools_3km": 0, "n_clinics_3km": 0, "p_connectivity": 0.80475763016157986, "p_population": 0.58527827648114905, "p_institutions": 0.2755834829443447, "p_equity": 0.70109689213893966, "dipi": 65.0, "rank": 99.0, "stakes_score": null, "gap_rank": null }, "geometry": { "type": "Point", "coordinates": [ 116.379809, 5.2832779 ] } },
{ "type": "Feature", "properties": { "name": "Lipasu", "place": "village", "pop_2km": 546, "seasonal_water_px": 0, "flood_prone": false, "rwi": -0.5225, "elevation_m": 369.0, "settlement_id": "S0633", "dl_mbps": 51.512, "ul_mbps": 19.826, "latency_ms": 61.0, "n_tests": 180, "n_tiles": 13, "evidence_tier": "measured", "n_schools_3km": 0, "n_clinics_3km": 0, "p_connectivity": 0.4398563734290844, "p_population": 0.35816876122082586, "p_institutions": 0.2755834829443447, "p_equity": 0.94058500914076781, "dipi": 49.5, "rank": 575.0, "stakes_score": null, "gap_rank": null }, "geometry": { "type": "Point", "coordinates": [ 116.391897, 5.1739474 ] } },
{ "type": "Feature", "properties": { "name": "Kampung Tiong", "place": "hamlet", "pop_2km": 1473, "seasonal_water_px": 9, "flood_prone": true, "rwi": -0.316, "elevation_m": 387.0, "settlement_id": "S0634", "dl_mbps": 24.4, "ul_mbps": 4.373, "latency_ms": 72.0, "n_tests": 124, "n_tiles": 9, "evidence_tier": "measured", "n_schools_3km": 0, "n_clinics_3km": 0, "p_connectivity": 0.80475763016157986, "p_population": 0.58438061041292644, "p_institutions": 0.2755834829443447, "p_equity": 0.76736745886654478, "dipi": 66.3, "rank": 70.0, "stakes_score": null, "gap_rank": null }, "geometry": { "type": "Point", "coordinates": [ 116.3810541, 5.2882954 ] } },
{ "type": "Feature", "properties": { "name": "Poring Simbuan", "place": "village", "pop_2km": 228, "seasonal_water_px": 0, "flood_prone": false, "rwi": -0.48325, "elevation_m": 390.0, "settlement_id": "S0635", "dl_mbps": 92.1485, "ul_mbps": 30.1245, "latency_ms": 40.0, "n_tests": 127, "n_tiles": 7, "evidence_tier": "measured", "n_schools_3km": 0, "n_clinics_3km": 0, "p_connectivity": 0.24506283662477557, "p_population": 0.1997307001795332, "p_institutions": 0.2755834829443447, "p_equity": 0.90402193784277884, "dipi": 37.0, "rank": 969.0, "stakes_score": null, "gap_rank": null }, "geometry": { "type": "Point", "coordinates": [ 116.4309013, 5.249051 ] } },
{ "type": "Feature", "properties": { "name": "Mailu", "place": "village", "pop_2km": 908, "seasonal_water_px": 0, "flood_prone": false, "rwi": -0.0365, "elevation_m": 376.0, "settlement_id": "S0636", "dl_mbps": 87.969, "ul_mbps": 35.558, "latency_ms": 47.0, "n_tests": 14, "n_tiles": 3, "evidence_tier": "low_evidence", "n_schools_3km": 0, "n_clinics_3km": 0, "p_connectivity": 0.26032315978456017, "p_population": 0.47262118491921007, "p_institutions": 0.2755834829443447, "p_equity": 0.50502742230347353, "dipi": 36.5, "rank": 980.0, "stakes_score": null, "gap_rank": null }, "geometry": { "type": "Point", "coordinates": [ 116.3911099, 5.1225003 ] } },
{ "type": "Feature", "properties": { "name": "Kabuan", "place": "village", "pop_2km": 793, "seasonal_water_px": 0, "flood_prone": false, "rwi": -0.589, "elevation_m": 386.0, "settlement_id": "S0637", "dl_mbps": 27.371, "ul_mbps": 3.17, "latency_ms": 69.0, "n_tests": 23, "n_tiles": 5, "evidence_tier": "measured", "n_schools_3km": 0, "n_clinics_3km": 0, "p_connectivity": 0.75403949730700182, "p_population": 0.43087971274685816, "p_institutions": 0.2755834829443447, "p_equity": 0.97166361974405846, "dipi": 64.5, "rank": 105.0, "stakes_score": null, "gap_rank": null }, "geometry": { "type": "Point", "coordinates": [ 116.3999474, 5.1920657 ] } },
{ "type": "Feature", "properties": { "name": "Kabatang Baru", "place": "village", "pop_2km": 845, "seasonal_water_px": 0, "flood_prone": false, "rwi": -0.58266666666666667, "elevation_m": 374.0, "settlement_id": "S0638", "dl_mbps": 58.469, "ul_mbps": 13.208, "latency_ms": 64.0, "n_tests": 27, "n_tiles": 7, "evidence_tier": "measured", "n_schools_3km": 0, "n_clinics_3km": 0, "p_connectivity": 0.39542190305206465, "p_population": 0.44344703770197486, "p_institutions": 0.2755834829443447, "p_equity": 0.96663619744058504, "dipi": 50.4, "rank": 554.0, "stakes_score": null, "gap_rank": null }, "geometry": { "type": "Point", "coordinates": [ 116.3734017, 5.2601226 ] } },
{ "type": "Feature", "properties": { "name": "Kipaliu", "place": "village", "pop_2km": 758, "seasonal_water_px": 0, "flood_prone": false, "rwi": -0.58266666666666667, "elevation_m": 372.0, "settlement_id": "S0639", "dl_mbps": 58.469, "ul_mbps": 13.208, "latency_ms": 64.0, "n_tests": 27, "n_tiles": 7, "evidence_tier": "measured", "n_schools_3km": 0, "n_clinics_3km": 0, "p_connectivity": 0.39542190305206465, "p_population": 0.41965888689407538, "p_institutions": 0.2755834829443447, "p_equity": 0.96663619744058504, "dipi": 49.8, "rank": 568.0, "stakes_score": null, "gap_rank": null }, "geometry": { "type": "Point", "coordinates": [ 116.3756262, 5.2593984 ] } },
{ "type": "Feature", "properties": { "name": "Rancangan Belia Tiulon", "place": "village", "pop_2km": 32, "seasonal_water_px": 0, "flood_prone": false, "rwi": -0.507, "elevation_m": 371.0, "settlement_id": "S0640", "dl_mbps": 53.7145, "ul_mbps": 20.58, "latency_ms": 63.0, "n_tests": 165, "n_tiles": 11, "evidence_tier": "measured", "n_schools_3km": 0, "n_clinics_3km": 0, "p_connectivity": 0.41831238779174146, "p_population": 0.09380610412926392, "p_institutions": 0.2755834829443447, "p_equity": 0.92687385740402195, "dipi": 41.7, "rank": 832.0, "stakes_score": null, "gap_rank": null }, "geometry": { "type": "Point", "coordinates": [ 116.3997097, 5.1615888 ] } },
{ "type": "Feature", "properties": { "name": "Kawakahan", "place": "village", "pop_2km": 99, "seasonal_water_px": 0, "flood_prone": false, "rwi": -0.4075, "elevation_m": 388.0, "settlement_id": "S0643", "dl_mbps": 23.2375, "ul_mbps": 2.6525, "latency_ms": 69.5, "n_tests": 22, "n_tiles": 4, "evidence_tier": "measured", "n_schools_3km": 0, "n_clinics_3km": 0, "p_connectivity": 0.81956912028725315, "p_population": 0.12567324955116696, "p_institutions": 0.2755834829443447, "p_equity": 0.85009140767824498, "dipi": 57.1, "rank": 338.0, "stakes_score": null, "gap_rank": null }, "geometry": { "type": "Point", "coordinates": [ 116.4096448, 5.1975798 ] } },
{ "type": "Feature", "properties": { "name": "Binuou Ulu", "place": "village", "pop_2km": 32, "seasonal_water_px": 0, "flood_prone": false, "rwi": -0.534, "elevation_m": 372.0, "settlement_id": "S0644", "dl_mbps": 53.7145, "ul_mbps": 20.58, "latency_ms": 63.0, "n_tests": 165, "n_tiles": 11, "evidence_tier": "measured", "n_schools_3km": 0, "n_clinics_3km": 0, "p_connectivity": 0.41831238779174146, "p_population": 0.09380610412926392, "p_institutions": 0.2755834829443447, "p_equity": 0.94424131627056673, "dipi": 42.1, "rank": 817.0, "stakes_score": null, "gap_rank": null }, "geometry": { "type": "Point", "coordinates": [ 116.405383, 5.1624431 ] } },
{ "type": "Feature", "properties": { "name": "Pulutan", "place": "village", "pop_2km": 292, "seasonal_water_px": 0, "flood_prone": false, "rwi": -0.455, "elevation_m": 393.0, "settlement_id": "S0645", "dl_mbps": 25.683, "ul_mbps": 9.865, "latency_ms": 47.0, "n_tests": 6, "n_tiles": 3, "evidence_tier": "low_evidence", "n_schools_3km": 0, "n_clinics_3km": 0, "p_connectivity": 0.78276481149012567, "p_population": 0.23877917414721722, "p_institutions": 0.2755834829443447, "p_equity": 0.88482632541133455, "dipi": 59.1, "rank": 268.0, "stakes_score": null, "gap_rank": null }, "geometry": { "type": "Point", "coordinates": [ 116.4086948, 5.2649882 ] } },
{ "type": "Feature", "properties": { "name": "Mototou", "place": "village", "pop_2km": 101, "seasonal_water_px": 0, "flood_prone": false, "rwi": -0.364, "elevation_m": 382.0, "settlement_id": "S0646", "dl_mbps": 20.1305, "ul_mbps": 2.821, "latency_ms": 71.5, "n_tests": 8, "n_tiles": 3, "evidence_tier": "low_evidence", "n_schools_3km": 0, "n_clinics_3km": 0, "p_connectivity": 0.86624775583482949, "p_population": 0.12657091561938957, "p_institutions": 0.2755834829443447, "p_equity": 0.81809872029250452, "dipi": 58.3, "rank": 290.0, "stakes_score": null, "gap_rank": null }, "geometry": { "type": "Point", "coordinates": [ 116.4152898, 5.2071051 ] } },
{ "type": "Feature", "properties": { "name": "Sinar Harapan", "place": "village", "pop_2km": 2981, "seasonal_water_px": 0, "flood_prone": false, "rwi": -0.15, "elevation_m": 368.0, "settlement_id": "S0648", "dl_mbps": 15.515, "ul_mbps": 8.427, "latency_ms": 49.0, "n_tests": 26, "n_tiles": 11, "evidence_tier": "measured", "n_schools_3km": 0, "n_clinics_3km": 0, "p_connectivity": 0.90574506283662481, "p_population": 0.68671454219030525, "p_institutions": 0.2755834829443447, "p_equity": 0.61197440585009144, "dipi": 69.8, "rank": 39.0, "stakes_score": null, "gap_rank": null }, "geometry": { "type": "Point", "coordinates": [ 116.3564896, 5.1481891 ] } },
{ "type": "Feature", "properties": { "name": "Binuou Tengah", "place": "village", "pop_2km": 774, "seasonal_water_px": 0, "flood_prone": false, "rwi": -0.33525, "elevation_m": 365.0, "settlement_id": "S0650", "dl_mbps": 21.424, "ul_mbps": 6.688, "latency_ms": 51.0, "n_tests": 13, "n_tiles": 9, "evidence_tier": "low_evidence", "n_schools_3km": 0, "n_clinics_3km": 0, "p_connectivity": 0.85008976660682223, "p_population": 0.42639138240574509, "p_institutions": 0.2755834829443447, "p_equity": 0.78702010968921388, "dipi": 64.5, "rank": 105.0, "stakes_score": null, "gap_rank": null }, "geometry": { "type": "Point", "coordinates": [ 116.3648085, 5.1626227 ] } },
{ "type": "Feature", "properties": { "name": "Mustika", "place": "village", "pop_2km": 1956, "seasonal_water_px": 0, "flood_prone": false, "rwi": 0.019, "elevation_m": 363.0, "settlement_id": "S0651", "dl_mbps": 39.1355, "ul_mbps": 13.1675, "latency_ms": 48.5, "n_tests": 68, "n_tiles": 12, "evidence_tier": "measured", "n_schools_3km": 0, "n_clinics_3km": 0, "p_connectivity": 0.59335727109515257, "p_population": 0.62253141831238779, "p_institutions": 0.2755834829443447, "p_equity": 0.45338208409506398, "dipi": 52.5, "rank": 484.0, "stakes_score": null, "gap_rank": null }, "geometry": { "type": "Point", "coordinates": [ 116.3678933, 5.1459778 ] } },
{ "type": "Feature", "properties": { "name": "Meserui", "place": "village", "pop_2km": 481, "seasonal_water_px": 0, "flood_prone": false, "rwi": -0.51733333333333331, "elevation_m": 369.0, "settlement_id": "S0652", "dl_mbps": 53.7145, "ul_mbps": 21.6875, "latency_ms": 60.0, "n_tests": 153, "n_tiles": 11, "evidence_tier": "measured", "n_schools_3km": 0, "n_clinics_3km": 0, "p_connectivity": 0.41831238779174146, "p_population": 0.3357271095152603, "p_institutions": 0.2755834829443447, "p_equity": 0.93601462522851919, "dipi": 48.0, "rank": 618.0, "stakes_score": null, "gap_rank": null }, "geometry": { "type": "Point", "coordinates": [ 116.3846677, 5.173388 ] } },
{ "type": "Feature", "properties": { "name": "Binuou Laut", "place": "village", "pop_2km": 3825, "seasonal_water_px": 0, "flood_prone": false, "rwi": -0.014666666666666661, "elevation_m": 357.0, "settlement_id": "S0653", "dl_mbps": 41.3125, "ul_mbps": 11.5945, "latency_ms": 56.5, "n_tests": 243, "n_tiles": 15, "evidence_tier": "measured", "n_schools_3km": 0, "n_clinics_3km": 1, "p_connectivity": 0.57181328545780974, "p_population": 0.72531418312387796, "p_institutions": 0.63420107719928187, "p_equity": 0.47989031078610606, "dipi": 60.1, "rank": 227.0, "stakes_score": null, "gap_rank": null }, "geometry": { "type": "Point", "coordinates": [ 116.3188922, 5.1415185 ] } },
{ "type": "Feature", "properties": { "name": "Karanaan Baru", "place": "village", "pop_2km": 1824, "seasonal_water_px": 0, "flood_prone": false, "rwi": 0.14, "elevation_m": 356.0, "settlement_id": "S0654", "dl_mbps": 29.552, "ul_mbps": 8.371, "latency_ms": 54.0, "n_tests": 53, "n_tiles": 9, "evidence_tier": "measured", "n_schools_3km": 0, "n_clinics_3km": 1, "p_connectivity": 0.7217235188509874, "p_population": 0.61041292639138245, "p_institutions": 0.63420107719928187, "p_equity": 0.35420475319926875, "dipi": 60.7, "rank": 202.0, "stakes_score": null, "gap_rank": null }, "geometry": { "type": "Point", "coordinates": [ 116.3337432, 5.1518875 ] } },
{ "type": "Feature", "properties": { "name": "Ambual", "place": "village", "pop_2km": 3001, "seasonal_water_px": 0, "flood_prone": false, "rwi": -0.08425, "elevation_m": 298.0, "settlement_id": "S0655", "dl_mbps": 27.2885, "ul_mbps": 10.046, "latency_ms": 48.0, "n_tests": 122, "n_tiles": 15, "evidence_tier": "measured", "n_schools_3km": 0, "n_clinics_3km": 0, "p_connectivity": 0.75673249551166966, "p_population": 0.68850987432675048, "p_institutions": 0.2755834829443447, "p_equity": 0.54981718464351004, "dipi": 62.6, "rank": 154.0, "stakes_score": null, "gap_rank": null }, "geometry": { "type": "Point", "coordinates": [ 116.2302142, 5.3736023 ] } },
{ "type": "Feature", "properties": { "name": "Panagatan Laut", "place": "village", "pop_2km": 1779, "seasonal_water_px": 145, "flood_prone": true, "rwi": 0.27266666666666667, "elevation_m": 285.0, "settlement_id": "S0656", "dl_mbps": 45.831, "ul_mbps": 8.9955, "latency_ms": 38.0, "n_tests": 236, "n_tiles": 16, "evidence_tier": "measured", "n_schools_3km": 0, "n_clinics_3km": 0, "p_connectivity": 0.50807899461400363, "p_population": 0.6077199281867145, "p_institutions": 0.2755834829443447, "p_equity": 0.26188299817184646, "dipi": 44.9, "rank": 713.0, "stakes_score": null, "gap_rank": null }, "geometry": { "type": "Point", "coordinates": [ 116.1995303, 5.3409493 ] } },
{ "type": "Feature", "properties": { "name": "Bomboi", "place": "village", "pop_2km": 3322, "seasonal_water_px": 111, "flood_prone": true, "rwi": 0.2125, "elevation_m": 286.0, "settlement_id": "S0657", "dl_mbps": 56.432, "ul_mbps": 13.391, "latency_ms": 44.0, "n_tests": 413, "n_tiles": 24, "evidence_tier": "measured", "n_schools_3km": 3, "n_clinics_3km": 0, "p_connectivity": 0.40484739676840215, "p_population": 0.70107719928186718, "p_institutions": 0.82405745062836622, "p_equity": 0.28884826325411334, "dipi": 51.9, "rank": 515.0, "stakes_score": null, "gap_rank": null }, "geometry": { "type": "Point", "coordinates": [ 116.1897857, 5.3356719 ] } },
{ "type": "Feature", "properties": { "name": "Panagatan Ulu", "place": "village", "pop_2km": 869, "seasonal_water_px": 0, "flood_prone": false, "rwi": -0.074, "elevation_m": 282.0, "settlement_id": "S0658", "dl_mbps": 32.918, "ul_mbps": 6.473, "latency_ms": 46.0, "n_tests": 111, "n_tiles": 14, "evidence_tier": "measured", "n_schools_3km": 0, "n_clinics_3km": 0, "p_connectivity": 0.67594254937163378, "p_population": 0.45736086175942547, "p_institutions": 0.2755834829443447, "p_equity": 0.53930530164533819, "dipi": 53.4, "rank": 456.0, "stakes_score": null, "gap_rank": null }, "geometry": { "type": "Point", "coordinates": [ 116.2097255, 5.3467074 ] } },
{ "type": "Feature", "properties": { "name": "Marapok", "place": "village", "pop_2km": 2346, "seasonal_water_px": 1, "flood_prone": false, "rwi": -0.08425, "elevation_m": 294.0, "settlement_id": "S0659", "dl_mbps": 24.448, "ul_mbps": 5.334, "latency_ms": 42.5, "n_tests": 101, "n_tiles": 17, "evidence_tier": "measured", "n_schools_3km": 0, "n_clinics_3km": 0, "p_connectivity": 0.803411131059246, "p_population": 0.651705565529623, "p_institutions": 0.2755834829443447, "p_equity": 0.54981718464351004, "dipi": 63.6, "rank": 125.0, "stakes_score": null, "gap_rank": null }, "geometry": { "type": "Point", "coordinates": [ 116.2340885, 5.3797614 ] } },
{ "type": "Feature", "properties": { "name": "Kasugui", "place": "village", "pop_2km": 1956, "seasonal_water_px": 189, "flood_prone": true, "rwi": 0.02, "elevation_m": 284.0, "settlement_id": "S0660", "dl_mbps": 23.947, "ul_mbps": 8.741, "latency_ms": 46.0, "n_tests": 172, "n_tiles": 20, "evidence_tier": "measured", "n_schools_3km": 0, "n_clinics_3km": 0, "p_connectivity": 0.81238779174147213, "p_population": 0.62253141831238779, "p_institutions": 0.2755834829443447, "p_equity": 0.45155393053016452, "dipi": 61.2, "rank": 186.0, "stakes_score": null, "gap_rank": null }, "geometry": { "type": "Point", "coordinates": [ 116.2129939, 5.3629756 ] } },
{ "type": "Feature", "properties": { "name": "Magatang", "place": "village", "pop_2km": 1638, "seasonal_water_px": 0, "flood_prone": false, "rwi": -0.094, "elevation_m": 284.0, "settlement_id": "S0661", "dl_mbps": 32.841, "ul_mbps": 6.587, "latency_ms": 53.0, "n_tests": 118, "n_tiles": 15, "evidence_tier": "measured", "n_schools_3km": 0, "n_clinics_3km": 0, "p_connectivity": 0.67863554757630162, "p_population": 0.59694793536804314, "p_institutions": 0.2755834829443447, "p_equity": 0.56124314442413159, "dipi": 57.4, "rank": 328.0, "stakes_score": null, "gap_rank": null }, "geometry": { "type": "Point", "coordinates": [ 116.219394, 5.3621802 ] } },
{ "type": "Feature", "properties": { "name": "Pantai Baru", "place": "village", "pop_2km": 3714, "seasonal_water_px": 142, "flood_prone": true, "rwi": -0.052666666666666667, "elevation_m": 294.0, "settlement_id": "S0662", "dl_mbps": 25.993, "ul_mbps": 5.232, "latency_ms": 44.0, "n_tests": 276, "n_tiles": 24, "evidence_tier": "measured", "n_schools_3km": 0, "n_clinics_3km": 0, "p_connectivity": 0.77558348294434465, "p_population": 0.71992818671454217, "p_institutions": 0.2755834829443447, "p_equity": 0.5219378427787934, "dipi": 63.6, "rank": 125.0, "stakes_score": null, "gap_rank": null }, "geometry": { "type": "Point", "coordinates": [ 116.2269125, 5.3844904 ] } },
{ "type": "Feature", "properties": { "name": "Panui", "place": "village", "pop_2km": 1625, "seasonal_water_px": 1, "flood_prone": false, "rwi": 0.26633333333333331, "elevation_m": 302.0, "settlement_id": "S0663", "dl_mbps": 24.7315, "ul_mbps": 3.544, "latency_ms": 44.0, "n_tests": 107, "n_tiles": 18, "evidence_tier": "measured", "n_schools_3km": 0, "n_clinics_3km": 0, "p_connectivity": 0.79443447037701975, "p_population": 0.5951526032315978, "p_institutions": 0.2755834829443447, "p_equity": 0.26553930530164532, "dipi": 56.1, "rank": 374.0, "stakes_score": null, "gap_rank": null }, "geometry": { "type": "Point", "coordinates": [ 116.240027, 5.3891572 ] } },
{ "type": "Feature", "properties": { "name": "Pekan Baru", "place": "village", "pop_2km": 7863, "seasonal_water_px": 4, "flood_prone": false, "rwi": 0.465, "elevation_m": 349.0, "settlement_id": "S0664", "dl_mbps": 35.0155, "ul_mbps": 7.8725, "latency_ms": 50.0, "n_tests": 1090, "n_tiles": 29, "evidence_tier": "measured", "n_schools_3km": 0, "n_clinics_3km": 0, "p_connectivity": 0.64542190305206459, "p_population": 0.8231597845601436, "p_institutions": 0.2755834829443447, "p_equity": 0.18144424131627057, "dipi": 54.2, "rank": 437.0, "stakes_score": null, "gap_rank": null }, "geometry": { "type": "Point", "coordinates": [ 116.2578834, 5.4542071 ] } },
{ "type": "Feature", "properties": { "name": "Linsudan", "place": "village", "pop_2km": 1694, "seasonal_water_px": 132, "flood_prone": true, "rwi": 0.23375, "elevation_m": 320.0, "settlement_id": "S0665", "dl_mbps": 30.8255, "ul_mbps": 8.722, "latency_ms": 54.5, "n_tests": 226, "n_tiles": 12, "evidence_tier": "measured", "n_schools_3km": 0, "n_clinics_3km": 0, "p_connectivity": 0.70287253141831241, "p_population": 0.6014362657091562, "p_institutions": 0.2755834829443447, "p_equity": 0.27970749542961609, "dipi": 52.9, "rank": 471.0, "stakes_score": null, "gap_rank": null }, "geometry": { "type": "Point", "coordinates": [ 116.2561088, 5.4183322 ] } },
{ "type": "Feature", "properties": { "name": "Pangas Ulu", "place": "village", "pop_2km": 379, "seasonal_water_px": 0, "flood_prone": false, "rwi": -0.362, "elevation_m": 410.0, "settlement_id": "S0666", "dl_mbps": 149.444, "ul_mbps": 17.2025, "latency_ms": 48.0, "n_tests": 119, "n_tiles": 7, "evidence_tier": "measured", "n_schools_3km": 0, "n_clinics_3km": 0, "p_connectivity": 0.12657091561938957, "p_population": 0.27692998204667862, "p_institutions": 0.2755834829443447, "p_equity": 0.81535648994515542, "dipi": 32.4, "rank": 1039.0, "stakes_score": null, "gap_rank": null }, "geometry": { "type": "Point", "coordinates": [ 116.3020496, 5.4751335 ] } },
{ "type": "Feature", "properties": { "name": "Mararagang", "place": "village", "pop_2km": 3890, "seasonal_water_px": 0, "flood_prone": false, "rwi": -0.030333333333333323, "elevation_m": 413.0, "settlement_id": "S0667", "dl_mbps": 54.708, "ul_mbps": 14.7125, "latency_ms": 49.0, "n_tests": 190, "n_tiles": 14, "evidence_tier": "measured", "n_schools_3km": 0, "n_clinics_3km": 0, "p_connectivity": 0.414721723518851, "p_population": 0.72890484739676842, "p_institutions": 0.2755834829443447, "p_equity": 0.49634369287020108, "dipi": 48.9, "rank": 600.0, "stakes_score": null, "gap_rank": null }, "geometry": { "type": "Point", "coordinates": [ 116.2752866, 5.4797716 ] } },
{ "type": "Feature", "properties": { "name": "Sungoi", "place": "village", "pop_2km": 6967, "seasonal_water_px": 42, "flood_prone": true, "rwi": 0.016, "elevation_m": 318.0, "settlement_id": "S0668", "dl_mbps": 27.689, "ul_mbps": 5.866, "latency_ms": 48.5, "n_tests": 218, "n_tiles": 19, "evidence_tier": "measured", "n_schools_3km": 0, "n_clinics_3km": 0, "p_connectivity": 0.74955116696588864, "p_population": 0.80700179533213645, "p_institutions": 0.2755834829443447, "p_equity": 0.45521023765996343, "dipi": 63.4, "rank": 134.0, "stakes_score": null, "gap_rank": null }, "geometry": { "type": "Point", "coordinates": [ 116.2702798, 5.4489856 ] } },
{ "type": "Feature", "properties": { "name": "Mailo", "place": "village", "pop_2km": 2305, "seasonal_water_px": 99, "flood_prone": true, "rwi": 0.25425, "elevation_m": 301.0, "settlement_id": "S0669", "dl_mbps": 22.163, "ul_mbps": 5.436, "latency_ms": 44.0, "n_tests": 124, "n_tiles": 20, "evidence_tier": "measured", "n_schools_3km": 2, "n_clinics_3km": 0, "p_connectivity": 0.83482944344703769, "p_population": 0.64631956912028721, "p_institutions": 0.75987432675044886, "p_equity": 0.27285191956124316, "dipi": 66.4, "rank": 65.0, "stakes_score": null, "gap_rank": null }, "geometry": { "type": "Point", "coordinates": [ 116.2381822, 5.3997077 ] } },
{ "type": "Feature", "properties": { "name": "Takad", "place": "village", "pop_2km": 5331, "seasonal_water_px": 1, "flood_prone": false, "rwi": 0.15933333333333333, "elevation_m": 361.0, "settlement_id": "S0670", "dl_mbps": 47.861, "ul_mbps": 9.9185, "latency_ms": 47.5, "n_tests": 264, "n_tiles": 19, "evidence_tier": "measured", "n_schools_3km": 0, "n_clinics_3km": 0, "p_connectivity": 0.47127468581687615, "p_population": 0.7719928186714542, "p_institutions": 0.2755834829443447, "p_equity": 0.32815356489945158, "dipi": 48.8, "rank": 604.0, "stakes_score": null, "gap_rank": null }, "geometry": { "type": "Point", "coordinates": [ 116.2654893, 5.4728503 ] } },
{ "type": "Feature", "properties": { "name": "Luanti Baru", "place": "village", "pop_2km": 1611, "seasonal_water_px": 45, "flood_prone": true, "rwi": 0.161, "elevation_m": 312.0, "settlement_id": "S0671", "dl_mbps": 19.108, "ul_mbps": 3.461, "latency_ms": 43.0, "n_tests": 42, "n_tiles": 12, "evidence_tier": "measured", "n_schools_3km": 1, "n_clinics_3km": 0, "p_connectivity": 0.88420107719928187, "p_population": 0.59425493716337519, "p_institutions": 0.63420107719928187, "p_equity": 0.32678244972577697, "dipi": 66.3, "rank": 70.0, "stakes_score": null, "gap_rank": null }, "geometry": { "type": "Point", "coordinates": [ 116.2475115, 5.4044747 ] } },
{ "type": "Feature", "properties": { "name": "Sodomon", "place": "village", "pop_2km": 3118, "seasonal_water_px": 136, "flood_prone": true, "rwi": 0.25425, "elevation_m": 299.0, "settlement_id": "S0672", "dl_mbps": 28.387, "ul_mbps": 5.397, "latency_ms": 42.5, "n_tests": 254, "n_tiles": 26, "evidence_tier": "measured", "n_schools_3km": 1, "n_clinics_3km": 0, "p_connectivity": 0.73788150807899466, "p_population": 0.69030520646319571, "p_institutions": 0.63420107719928187, "p_equity": 0.27285191956124316, "dipi": 61.7, "rank": 170.0, "stakes_score": null, "gap_rank": null }, "geometry": { "type": "Point", "coordinates": [ 116.235405, 5.3968478 ] } },
{ "type": "Feature", "properties": { "name": "Marasak", "place": "village", "pop_2km": 1420, "seasonal_water_px": 0, "flood_prone": false, "rwi": 0.26633333333333331, "elevation_m": 309.0, "settlement_id": "S0673", "dl_mbps": 28.7665, "ul_mbps": 4.776, "latency_ms": 44.5, "n_tests": 84, "n_tiles": 14, "evidence_tier": "measured", "n_schools_3km": 0, "n_clinics_3km": 0, "p_connectivity": 0.73159784560143626, "p_population": 0.57809694793536803, "p_institutions": 0.2755834829443447, "p_equity": 0.26553930530164532, "dipi": 53.2, "rank": 465.0, "stakes_score": null, "gap_rank": null }, "geometry": { "type": "Point", "coordinates": [ 116.2424715, 5.3940265 ] } },
{ "type": "Feature", "properties": { "name": "Kampung Kapayan Baru", "place": "hamlet", "pop_2km": 6394, "seasonal_water_px": 57, "flood_prone": true, "rwi": 0.36, "elevation_m": 325.0, "settlement_id": "S0674", "dl_mbps": 28.288, "ul_mbps": 5.895, "latency_ms": 50.0, "n_tests": 281, "n_tiles": 23, "evidence_tier": "measured", "n_schools_3km": 0, "n_clinics_3km": 0, "p_connectivity": 0.73922800718132853, "p_population": 0.79533213644524237, "p_institutions": 0.2755834829443447, "p_equity": 0.21846435100548445, "dipi": 58.0, "rank": 304.0, "stakes_score": null, "gap_rank": null }, "geometry": { "type": "Point", "coordinates": [ 116.2688726, 5.4455835 ] } },
{ "type": "Feature", "properties": { "name": "Samangkok", "place": "village", "pop_2km": 8584, "seasonal_water_px": 8, "flood_prone": true, "rwi": 0.48466666666666663, "elevation_m": 334.0, "settlement_id": "S0675", "dl_mbps": 40.632, "ul_mbps": 6.39, "latency_ms": 46.0, "n_tests": 362, "n_tiles": 27, "evidence_tier": "measured", "n_schools_3km": 0, "n_clinics_3km": 0, "p_connectivity": 0.57719928186714542, "p_population": 0.83707360861759428, "p_institutions": 0.2755834829443447, "p_equity": 0.17413162705667276, "dipi": 51.6, "rank": 524.0, "stakes_score": null, "gap_rank": null }, "geometry": { "type": "Point", "coordinates": [ 116.2659994, 5.4585487 ] } },
{ "type": "Feature", "properties": { "name": "Kapayan Lama", "place": "village", "pop_2km": 6673, "seasonal_water_px": 55, "flood_prone": true, "rwi": 0.34866666666666668, "elevation_m": 321.0, "settlement_id": "S0676", "dl_mbps": 28.288, "ul_mbps": 5.895, "latency_ms": 50.0, "n_tests": 281, "n_tiles": 23, "evidence_tier": "measured", "n_schools_3km": 0, "n_clinics_3km": 0, "p_connectivity": 0.73922800718132853, "p_population": 0.803411131059246, "p_institutions": 0.2755834829443447, "p_equity": 0.22486288848263253, "dipi": 58.3, "rank": 290.0, "stakes_score": null, "gap_rank": null }, "geometry": { "type": "Point", "coordinates": [ 116.267259, 5.4464732 ] } },
{ "type": "Feature", "properties": { "name": "Nuntunan", "place": "village", "pop_2km": 4117, "seasonal_water_px": 1, "flood_prone": false, "rwi": 0.0235, "elevation_m": 356.0, "settlement_id": "S0677", "dl_mbps": 52.869, "ul_mbps": 14.69, "latency_ms": 50.0, "n_tests": 191, "n_tiles": 15, "evidence_tier": "measured", "n_schools_3km": 0, "n_clinics_3km": 0, "p_connectivity": 0.42818671454219032, "p_population": 0.73698384201077194, "p_institutions": 0.2755834829443447, "p_equity": 0.44606946983546619, "dipi": 48.6, "rank": 611.0, "stakes_score": null, "gap_rank": null }, "geometry": { "type": "Point", "coordinates": [ 116.2690947, 5.4816186 ] } },
{ "type": "Feature", "properties": { "name": "Gasabon", "place": "village", "pop_2km": 8261, "seasonal_water_px": 60, "flood_prone": true, "rwi": 0.152, "elevation_m": 330.0, "settlement_id": "S0678", "dl_mbps": 38.7115, "ul_mbps": 6.6125, "latency_ms": 46.0, "n_tests": 322, "n_tiles": 25, "evidence_tier": "measured", "n_schools_3km": 0, "n_clinics_3km": 0, "p_connectivity": 0.60188509874326745, "p_population": 0.83034111310592462, "p_institutions": 0.2755834829443447, "p_equity": 0.33866544789762337, "dipi": 55.7, "rank": 386.0, "stakes_score": null, "gap_rank": null }, "geometry": { "type": "Point", "coordinates": [ 116.2733047, 5.4582441 ] } },
{ "type": "Feature", "properties": { "name": "Liau Laut", "place": "village", "pop_2km": 2532, "seasonal_water_px": 55, "flood_prone": true, "rwi": 0.4005, "elevation_m": 320.0, "settlement_id": "S0679", "dl_mbps": 41.449, "ul_mbps": 10.8895, "latency_ms": 51.0, "n_tests": 206, "n_tiles": 22, "evidence_tier": "measured", "n_schools_3km": 2, "n_clinics_3km": 0, "p_connectivity": 0.56956912028725315, "p_population": 0.66157989228007186, "p_institutions": 0.75987432675044886, "p_equity": 0.20292504570383912, "dipi": 54.8, "rank": 416.0, "stakes_score": null, "gap_rank": null }, "geometry": { "type": "Point", "coordinates": [ 116.2334792, 5.4190511 ] } },
{ "type": "Feature", "properties": { "name": "Pangas Laut", "place": "village", "pop_2km": 5271, "seasonal_water_px": 84, "flood_prone": true, "rwi": 0.0795, "elevation_m": 341.0, "settlement_id": "S0680", "dl_mbps": 45.081, "ul_mbps": 9.918, "latency_ms": 45.0, "n_tests": 239, "n_tiles": 16, "evidence_tier": "measured", "n_schools_3km": 0, "n_clinics_3km": 0, "p_connectivity": 0.51795332136445238, "p_population": 0.77019748653500897, "p_institutions": 0.2755834829443447, "p_equity": 0.39396709323583179, "dipi": 52.0, "rank": 508.0, "stakes_score": null, "gap_rank": null }, "geometry": { "type": "Point", "coordinates": [ 116.2811304, 5.4623131 ] } },
{ "type": "Feature", "properties": { "name": "Umpason", "place": "village", "pop_2km": 3694, "seasonal_water_px": 51, "flood_prone": true, "rwi": 0.193, "elevation_m": 378.0, "settlement_id": "S0681", "dl_mbps": 52.306, "ul_mbps": 11.815, "latency_ms": 50.0, "n_tests": 191, "n_tiles": 15, "evidence_tier": "measured", "n_schools_3km": 0, "n_clinics_3km": 0, "p_connectivity": 0.43087971274685816, "p_population": 0.71903052064631956, "p_institutions": 0.2755834829443447, "p_equity": 0.30255941499085925, "dipi": 45.4, "rank": 702.0, "stakes_score": null, "gap_rank": null }, "geometry": { "type": "Point", "coordinates": [ 116.2803596, 5.4719211 ] } },
{ "type": "Feature", "properties": { "name": "Kilambang", "place": "village", "pop_2km": 2890, "seasonal_water_px": 0, "flood_prone": false, "rwi": 0.46133333333333332, "elevation_m": 341.0, "settlement_id": "S0682", "dl_mbps": 48.699, "ul_mbps": 11.685, "latency_ms": 52.0, "n_tests": 966, "n_tiles": 21, "evidence_tier": "measured", "n_schools_3km": 2, "n_clinics_3km": 0, "p_connectivity": 0.46319569120287252, "p_population": 0.68043087971274685, "p_institutions": 0.75987432675044886, "p_equity": 0.18372943327239488, "dipi": 50.6, "rank": 552.0, "stakes_score": null, "gap_rank": null }, "geometry": { "type": "Point", "coordinates": [ 116.2391342, 5.426731 ] } },
{ "type": "Feature", "properties": { "name": "Ritting", "place": "village", "pop_2km": 7032, "seasonal_water_px": 20, "flood_prone": true, "rwi": 0.564, "elevation_m": 351.0, "settlement_id": "S0683", "dl_mbps": 46.385, "ul_mbps": 8.4895, "latency_ms": 47.5, "n_tests": 308, "n_tiles": 23, "evidence_tier": "measured", "n_schools_3km": 0, "n_clinics_3km": 0, "p_connectivity": 0.49551166965888688, "p_population": 0.80879712746858168, "p_institutions": 0.2755834829443447, "p_equity": 0.14808043875685559, "dipi": 47.1, "rank": 651.0, "stakes_score": null, "gap_rank": null }, "geometry": { "type": "Point", "coordinates": [ 116.2678351, 5.4676301 ] } },
{ "type": "Feature", "properties": { "name": "Ranggom", "place": "village", "pop_2km": 8784, "seasonal_water_px": 13, "flood_prone": true, "rwi": 0.48466666666666663, "elevation_m": 333.0, "settlement_id": "S0684", "dl_mbps": 36.791, "ul_mbps": 7.737, "latency_ms": 50.0, "n_tests": 366, "n_tiles": 26, "evidence_tier": "measured", "n_schools_3km": 0, "n_clinics_3km": 0, "p_connectivity": 0.62836624775583483, "p_population": 0.84201077199281871, "p_institutions": 0.2755834829443447, "p_equity": 0.17413162705667276, "dipi": 53.8, "rank": 448.0, "stakes_score": null, "gap_rank": null }, "geometry": { "type": "Point", "coordinates": [ 116.2639664, 5.455013 ] } },
{ "type": "Feature", "properties": { "name": "Kirokot Baru", "place": "village", "pop_2km": 7124, "seasonal_water_px": 1, "flood_prone": false, "rwi": 0.465, "elevation_m": 346.0, "settlement_id": "S0685", "dl_mbps": 42.4975, "ul_mbps": 8.2275, "latency_ms": 50.0, "n_tests": 1107, "n_tiles": 29, "evidence_tier": "measured", "n_schools_3km": 0, "n_clinics_3km": 0, "p_connectivity": 0.54847396768402157, "p_population": 0.81149012567324952, "p_institutions": 0.2755834829443447, "p_equity": 0.18144424131627057, "dipi": 50.0, "rank": 560.0, "stakes_score": null, "gap_rank": null }, "geometry": { "type": "Point", "coordinates": [ 116.2568816, 5.451431 ] } },
{ "type": "Feature", "properties": { "name": "Tohan Baru", "place": "village", "pop_2km": 3407, "seasonal_water_px": 5, "flood_prone": true, "rwi": 0.26833333333333337, "elevation_m": 343.0, "settlement_id": "S0686", "dl_mbps": 36.004, "ul_mbps": 8.008, "latency_ms": 52.0, "n_tests": 1072, "n_tiles": 27, "evidence_tier": "measured", "n_schools_3km": 2, "n_clinics_3km": 0, "p_connectivity": 0.63734290843806107, "p_population": 0.70646319569120286, "p_institutions": 0.75987432675044886, "p_equity": 0.26325411334552101, "dipi": 59.8, "rank": 242.0, "stakes_score": null, "gap_rank": null }, "geometry": { "type": "Point", "coordinates": [ 116.2497626, 5.4356626 ] } },
{ "type": "Feature", "properties": { "name": "Lambanga", "place": "village", "pop_2km": 6390, "seasonal_water_px": 1, "flood_prone": false, "rwi": 0.35225, "elevation_m": 342.0, "settlement_id": "S0687", "dl_mbps": 34.622, "ul_mbps": 8.2275, "latency_ms": 51.0, "n_tests": 1114, "n_tiles": 30, "evidence_tier": "measured", "n_schools_3km": 0, "n_clinics_3km": 0, "p_connectivity": 0.65350089766606823, "p_population": 0.79443447037701975, "p_institutions": 0.2755834829443447, "p_equity": 0.22212065813528337, "dipi": 54.6, "rank": 423.0, "stakes_score": null, "gap_rank": null }, "geometry": { "type": "Point", "coordinates": [ 116.2570889, 5.4457484 ] } },
{ "type": "Feature", "properties": { "name": "Pagansangan", "place": "village", "pop_2km": 1684, "seasonal_water_px": 0, "flood_prone": false, "rwi": 0.16333333333333333, "elevation_m": 341.0, "settlement_id": "S0688", "dl_mbps": 37.4365, "ul_mbps": 11.138, "latency_ms": 53.0, "n_tests": 895, "n_tiles": 21, "evidence_tier": "measured", "n_schools_3km": 2, "n_clinics_3km": 0, "p_connectivity": 0.61849192100538597, "p_population": 0.60053859964093359, "p_institutions": 0.75987432675044886, "p_equity": 0.3235831809872029, "dipi": 57.6, "rank": 323.0, "stakes_score": null, "gap_rank": null }, "geometry": { "type": "Point", "coordinates": [ 116.2278076, 5.4307567 ] } },
{ "type": "Feature", "properties": { "name": "Tagai", "place": "village", "pop_2km": 2948, "seasonal_water_px": 0, "flood_prone": false, "rwi": 0.413, "elevation_m": 336.0, "settlement_id": "S0689", "dl_mbps": 41.449, "ul_mbps": 9.444, "latency_ms": 47.5, "n_tests": 315, "n_tiles": 24, "evidence_tier": "measured", "n_schools_3km": 2, "n_clinics_3km": 0, "p_connectivity": 0.56956912028725315, "p_population": 0.68491921005385992, "p_institutions": 0.75987432675044886, "p_equity": 0.19881170018281535, "dipi": 55.3, "rank": 398.0, "stakes_score": null, "gap_rank": null }, "geometry": { "type": "Point", "coordinates": [ 116.227837, 5.4176834 ] } },
{ "type": "Feature", "properties": { "name": "Nukakatan Baru", "place": "village", "pop_2km": 842, "seasonal_water_px": 0, "flood_prone": false, "rwi": -0.36066666666666669, "elevation_m": 364.0, "settlement_id": "S0690", "dl_mbps": 29.424, "ul_mbps": 2.7935, "latency_ms": 52.0, "n_tests": 147, "n_tiles": 6, "evidence_tier": "measured", "n_schools_3km": 0, "n_clinics_3km": 0, "p_connectivity": 0.7248653500897666, "p_population": 0.44254937163375224, "p_institutions": 0.2755834829443447, "p_equity": 0.81444241316270571, "dipi": 60.5, "rank": 208.0, "stakes_score": null, "gap_rank": null }, "geometry": { "type": "Point", "coordinates": [ 116.359591, 5.1964629 ] } },
{ "type": "Feature", "properties": { "name": "Bonod Batu 7", "place": "village", "pop_2km": 682, "seasonal_water_px": 0, "flood_prone": false, "rwi": -0.4795, "elevation_m": 375.0, "settlement_id": "S0693", "dl_mbps": 30.2115, "ul_mbps": 4.1955, "latency_ms": 53.0, "n_tests": 149, "n_tiles": 5, "evidence_tier": "measured", "n_schools_3km": 0, "n_clinics_3km": 0, "p_connectivity": 0.7122980251346499, "p_population": 0.39362657091561937, "p_institutions": 0.2755834829443447, "p_equity": 0.90219378427787933, "dipi": 60.5, "rank": 208.0, "stakes_score": null, "gap_rank": null }, "geometry": { "type": "Point", "coordinates": [ 116.344786, 5.2181166 ] } },
{ "type": "Feature", "properties": { "name": "Sondukut Baru", "place": "village", "pop_2km": 464, "seasonal_water_px": 0, "flood_prone": false, "rwi": -0.58, "elevation_m": 474.0, "settlement_id": "S0696", "dl_mbps": 12.2715, "ul_mbps": 3.202, "latency_ms": 46.0, "n_tests": 5, "n_tiles": 3, "evidence_tier": "low_evidence", "n_schools_3km": 0, "n_clinics_3km": 0, "p_connectivity": 0.93357271095152605, "p_population": 0.32944344703770195, "p_institutions": 0.2755834829443447, "p_equity": 0.96343692870201092, "dipi": 69.0, "rank": 46.0, "stakes_score": null, "gap_rank": null }, "geometry": { "type": "Point", "coordinates": [ 116.20469, 5.233424 ] } },
{ "type": "Feature", "properties": { "name": "Delayan Baru", "place": "village", "pop_2km": 916, "seasonal_water_px": 0, "flood_prone": false, "rwi": -0.44175, "elevation_m": 380.0, "settlement_id": "S0697", "dl_mbps": 34.2025, "ul_mbps": 4.4055, "latency_ms": 60.5, "n_tests": 21, "n_tiles": 7, "evidence_tier": "measured", "n_schools_3km": 0, "n_clinics_3km": 0, "p_connectivity": 0.65933572710951527, "p_population": 0.47755834829443444, "p_institutions": 0.2755834829443447, "p_equity": 0.87202925045703839, "dipi": 59.9, "rank": 237.0, "stakes_score": null, "gap_rank": null }, "geometry": { "type": "Point", "coordinates": [ 116.3674556, 5.2419511 ] } },
{ "type": "Feature", "properties": { "name": "Terolobou Baru", "place": "village", "pop_2km": 504, "seasonal_water_px": 0, "flood_prone": false, "rwi": -0.32066666666666666, "elevation_m": 362.0, "settlement_id": "S0699", "dl_mbps": 29.424, "ul_mbps": 3.511, "latency_ms": 51.5, "n_tests": 148, "n_tiles": 9, "evidence_tier": "measured", "n_schools_3km": 0, "n_clinics_3km": 0, "p_connectivity": 0.7248653500897666, "p_population": 0.34111310592459604, "p_institutions": 0.2755834829443447, "p_equity": 0.77376599634369292, "dipi": 57.1, "rank": 338.0, "stakes_score": null, "gap_rank": null }, "geometry": { "type": "Point", "coordinates": [ 116.3504924, 5.1807118 ] } },
{ "type": "Feature", "properties": { "name": "Kionsom Baru", "place": "village", "pop_2km": 997, "seasonal_water_px": 0, "flood_prone": false, "rwi": -0.45666666666666672, "elevation_m": 374.0, "settlement_id": "S0700", "dl_mbps": 14.203, "ul_mbps": 2.246, "latency_ms": 67.0, "n_tests": 10, "n_tiles": 5, "evidence_tier": "low_evidence", "n_schools_3km": 0, "n_clinics_3km": 0, "p_connectivity": 0.92010771992818674, "p_population": 0.5, "p_institutions": 0.2755834829443447, "p_equity": 0.88574040219378425, "dipi": 71.2, "rank": 27.0, "stakes_score": null, "gap_rank": null }, "geometry": { "type": "Point", "coordinates": [ 116.3720737, 5.2314063 ] } },
{ "type": "Feature", "properties": { "name": "Johan Jaya", "place": "village", "pop_2km": 540, "seasonal_water_px": 0, "flood_prone": false, "rwi": -0.32066666666666666, "elevation_m": 362.0, "settlement_id": "S0701", "dl_mbps": 30.2115, "ul_mbps": 2.7935, "latency_ms": 53.5, "n_tests": 161, "n_tiles": 7, "evidence_tier": "measured", "n_schools_3km": 0, "n_clinics_3km": 0, "p_connectivity": 0.7122980251346499, "p_population": 0.35323159784560143, "p_institutions": 0.2755834829443447, "p_equity": 0.77376599634369292, "dipi": 56.9, "rank": 348.0, "stakes_score": null, "gap_rank": null }, "geometry": { "type": "Point", "coordinates": [ 116.3527253, 5.1863236 ] } },
{ "type": "Feature", "properties": { "name": "Delayan Lama", "place": "village", "pop_2km": 1237, "seasonal_water_px": 0, "flood_prone": false, "rwi": -0.26333333333333336, "elevation_m": 371.0, "settlement_id": "S0702", "dl_mbps": 39.563, "ul_mbps": 4.4055, "latency_ms": 56.5, "n_tests": 17, "n_tiles": 7, "evidence_tier": "low_evidence", "n_schools_3km": 0, "n_clinics_3km": 0, "p_connectivity": 0.58662477558348292, "p_population": 0.55475763016157986, "p_institutions": 0.2755834829443447, "p_equity": 0.71617915904936014, "dipi": 55.8, "rank": 382.0, "stakes_score": null, "gap_rank": null }, "geometry": { "type": "Point", "coordinates": [ 116.358671, 5.2312481 ] } },
{ "type": "Feature", "properties": { "name": "Tanggulon Jaya", "place": "village", "pop_2km": 739, "seasonal_water_px": 0, "flood_prone": false, "rwi": -0.623, "elevation_m": 391.0, "settlement_id": "S0703", "dl_mbps": 34.2025, "ul_mbps": 4.4055, "latency_ms": 68.5, "n_tests": 10, "n_tiles": 5, "evidence_tier": "low_evidence", "n_schools_3km": 0, "n_clinics_3km": 0, "p_connectivity": 0.65933572710951527, "p_population": 0.41247755834829442, "p_institutions": 0.2755834829443447, "p_equity": 0.9789762340036563, "dipi": 60.4, "rank": 215.0, "stakes_score": null, "gap_rank": null }, "geometry": { "type": "Point", "coordinates": [ 116.3539969, 5.2413062 ] } },
{ "type": "Feature", "properties": { "name": "Papar Baru", "place": "village", "pop_2km": 279, "seasonal_water_px": 0, "flood_prone": false, "rwi": -0.27033333333333337, "elevation_m": 363.0, "settlement_id": "S0704", "dl_mbps": 31.402, "ul_mbps": 3.962, "latency_ms": 52.0, "n_tests": 294, "n_tiles": 11, "evidence_tier": "measured", "n_schools_3km": 0, "n_clinics_3km": 0, "p_connectivity": 0.69389587073608616, "p_population": 0.23563734290843807, "p_institutions": 0.2755834829443447, "p_equity": 0.72120658135283366, "dipi": 52.2, "rank": 499.0, "stakes_score": null, "gap_rank": null }, "geometry": { "type": "Point", "coordinates": [ 116.3375423, 5.1940724 ] } },
{ "type": "Feature", "properties": { "name": "Bunang Laut", "place": "village", "pop_2km": 0, "seasonal_water_px": 0, "flood_prone": false, "rwi": 0.006, "elevation_m": 370.0, "settlement_id": "S0705", "dl_mbps": 54.7805, "ul_mbps": 14.181, "latency_ms": 47.0, "n_tests": 155, "n_tiles": 8, "evidence_tier": "measured", "n_schools_3km": 0, "n_clinics_3km": 0, "p_connectivity": 0.41382405745062839, "p_population": 0.043536804308797125, "p_institutions": 0.2755834829443447, "p_equity": 0.4579524680073126, "dipi": 30.9, "rank": 1064.0, "stakes_score": null, "gap_rank": null }, "geometry": { "type": "Point", "coordinates": [ 116.3223902, 5.1890418 ] } },
{ "type": "Feature", "properties": { "name": "Suan", "place": "village", "pop_2km": 5100, "seasonal_water_px": 0, "flood_prone": false, "rwi": 0.1875, "elevation_m": 282.0, "settlement_id": "S0706", "dl_mbps": 39.42, "ul_mbps": 17.903, "latency_ms": 43.0, "n_tests": 50, "n_tiles": 9, "evidence_tier": "measured", "n_schools_3km": 0, "n_clinics_3km": 0, "p_connectivity": 0.58797127468581689, "p_population": 0.76481149012567329, "p_institutions": 0.2755834829443447, "p_equity": 0.30804387568555758, "dipi": 52.9, "rank": 471.0, "stakes_score": null, "gap_rank": null }, "geometry": { "type": "Point", "coordinates": [ 116.163248, 5.254836 ] } },
{ "type": "Feature", "properties": { "name": "Kukub", "place": "village", "pop_2km": 1020, "seasonal_water_px": 0, "flood_prone": false, "rwi": -0.22066666666666668, "elevation_m": 328.0, "settlement_id": "S0707", "dl_mbps": 81.2385, "ul_mbps": 20.2235, "latency_ms": 43.0, "n_tests": 8, "n_tiles": 4, "evidence_tier": "low_evidence", "n_schools_3km": 0, "n_clinics_3km": 0, "p_connectivity": 0.28949730700179532, "p_population": 0.50493716337522443, "p_institutions": 0.2755834829443447, "p_equity": 0.67367458866544794, "dipi": 41.8, "rank": 826.0, "stakes_score": null, "gap_rank": null }, "geometry": { "type": "Point", "coordinates": [ 116.0350168, 5.3012077 ] } },
{ "type": "Feature", "properties": { "name": "Libodon Baru", "place": "village", "pop_2km": 1231, "seasonal_water_px": 0, "flood_prone": false, "rwi": 0.315, "elevation_m": 402.0, "settlement_id": "S0708", "dl_mbps": 17.681, "ul_mbps": 4.91, "latency_ms": 37.5, "n_tests": 18, "n_tiles": 12, "evidence_tier": "low_evidence", "n_schools_3km": 0, "n_clinics_3km": 0, "p_connectivity": 0.8985637342908438, "p_population": 0.55296229802513464, "p_institutions": 0.2755834829443447, "p_equity": 0.23811700182815357, "dipi": 58.7, "rank": 281.0, "stakes_score": null, "gap_rank": null }, "geometry": { "type": "Point", "coordinates": [ 116.1393509, 5.2780362 ] } },
{ "type": "Feature", "properties": { "name": "Biah Batu 4", "place": "village", "pop_2km": 6263, "seasonal_water_px": 0, "flood_prone": false, "rwi": 0.50866666666666671, "elevation_m": 299.0, "settlement_id": "S0709", "dl_mbps": 153.6685, "ul_mbps": 34.9155, "latency_ms": 43.0, "n_tests": 105, "n_tiles": 15, "evidence_tier": "measured", "n_schools_3km": 1, "n_clinics_3km": 0, "p_connectivity": 0.11624775583482945, "p_population": 0.7908438061041293, "p_institutions": 0.63420107719928187, "p_equity": 0.16453382084095064, "dipi": 37.2, "rank": 966.0, "stakes_score": null, "gap_rank": null }, "geometry": { "type": "Point", "coordinates": [ 116.1619546, 5.2829698 ] } },
{ "type": "Feature", "properties": { "name": "Singgah Mata", "place": "village", "pop_2km": 1035, "seasonal_water_px": 2, "flood_prone": false, "rwi": -0.27325, "elevation_m": 266.0, "settlement_id": "S0710", "dl_mbps": 28.538, "ul_mbps": 7.932, "latency_ms": 54.0, "n_tests": 47, "n_tiles": 9, "evidence_tier": "measured", "n_schools_3km": 0, "n_clinics_3km": 0, "p_connectivity": 0.73518850987432671, "p_population": 0.51346499102333931, "p_institutions": 0.2755834829443447, "p_equity": 0.72394881170018277, "dipi": 60.9, "rank": 196.0, "stakes_score": null, "gap_rank": null }, "geometry": { "type": "Point", "coordinates": [ 116.1251851, 5.2703372 ] } },
{ "type": "Feature", "properties": { "name": "Sigapon", "place": "village", "pop_2km": 55, "seasonal_water_px": 0, "flood_prone": false, "rwi": -0.2955, "elevation_m": 571.0, "settlement_id": "S0712", "dl_mbps": 22.494, "ul_mbps": 1.894, "latency_ms": 49.0, "n_tests": 14, "n_tiles": 3, "evidence_tier": "low_evidence", "n_schools_3km": 0, "n_clinics_3km": 0, "p_connectivity": 0.8285457809694794, "p_population": 0.10143626570915619, "p_institutions": 0.2755834829443447, "p_equity": 0.74497257769652647, "dipi": 54.7, "rank": 418.0, "stakes_score": null, "gap_rank": null }, "geometry": { "type": "Point", "coordinates": [ 116.0586064, 5.2658182 ] } },
{ "type": "Feature", "properties": { "name": "Biah Tengah", "place": "village", "pop_2km": 7008, "seasonal_water_px": 0, "flood_prone": false, "rwi": 0.50866666666666671, "elevation_m": 279.0, "settlement_id": "S0713", "dl_mbps": 153.6685, "ul_mbps": 34.9155, "latency_ms": 43.0, "n_tests": 99, "n_tiles": 13, "evidence_tier": "measured", "n_schools_3km": 1, "n_clinics_3km": 0, "p_connectivity": 0.11624775583482945, "p_population": 0.80789946140035906, "p_institutions": 0.63420107719928187, "p_equity": 0.16453382084095064, "dipi": 37.7, "rank": 949.0, "stakes_score": null, "gap_rank": null }, "geometry": { "type": "Point", "coordinates": [ 116.1624208, 5.2798188 ] } },
{ "type": "Feature", "properties": { "name": "Damai", "place": "village", "pop_2km": 523, "seasonal_water_px": 0, "flood_prone": false, "rwi": -0.207, "elevation_m": 554.0, "settlement_id": "S0714", "dl_mbps": 45.6285, "ul_mbps": 2.554, "latency_ms": 38.0, "n_tests": 10, "n_tiles": 7, "evidence_tier": "low_evidence", "n_schools_3km": 0, "n_clinics_3km": 0, "p_connectivity": 0.51077199281867147, "p_population": 0.34919210053859961, "p_institutions": 0.2755834829443447, "p_equity": 0.6672760511882998, "dipi": 46.6, "rank": 672.0, "stakes_score": null, "gap_rank": null }, "geometry": { "type": "Point", "coordinates": [ 116.0623524, 5.3047058 ] } },
{ "type": "Feature", "properties": { "name": "Biah Skim", "place": "village", "pop_2km": 871, "seasonal_water_px": 0, "flood_prone": false, "rwi": -0.126, "elevation_m": 303.0, "settlement_id": "S0715", "dl_mbps": 18.881, "ul_mbps": 0.714, "latency_ms": 56.5, "n_tests": 13, "n_tiles": 7, "evidence_tier": "low_evidence", "n_schools_3km": 0, "n_clinics_3km": 0, "p_connectivity": 0.88868940754039494, "p_population": 0.45915619389587076, "p_institutions": 0.2755834829443447, "p_equity": 0.59323583180987205, "dipi": 63.0, "rank": 144.0, "stakes_score": null, "gap_rank": null }, "geometry": { "type": "Point", "coordinates": [ 116.1968127, 5.2806717 ] } },
{ "type": "Feature", "properties": { "name": "Meninpir Lama", "place": "village", "pop_2km": 951, "seasonal_water_px": 4, "flood_prone": false, "rwi": -0.06, "elevation_m": 472.0, "settlement_id": "S0716", "dl_mbps": 44.921, "ul_mbps": 3.757, "latency_ms": 45.0, "n_tests": 45, "n_tiles": 9, "evidence_tier": "measured", "n_schools_3km": 0, "n_clinics_3km": 0, "p_connectivity": 0.51929982046678635, "p_population": 0.48922800718132853, "p_institutions": 0.2755834829443447, "p_equity": 0.52879341864716634, "dipi": 47.7, "rank": 631.0, "stakes_score": null, "gap_rank": null }, "geometry": { "type": "Point", "coordinates": [ 116.0891985, 5.3158088 ] } },
{ "type": "Feature", "properties": { "name": "Baitah", "place": "village", "pop_2km": 279, "seasonal_water_px": 0, "flood_prone": false, "rwi": -0.2275, "elevation_m": 334.0, "settlement_id": "S0717", "dl_mbps": 61.772, "ul_mbps": 12.68, "latency_ms": 57.5, "n_tests": 46, "n_tiles": 7, "evidence_tier": "measured", "n_schools_3km": 0, "n_clinics_3km": 0, "p_connectivity": 0.37881508078994613, "p_population": 0.23563734290843807, "p_institutions": 0.2755834829443447, "p_equity": 0.68372943327239488, "dipi": 38.9, "rank": 918.0, "stakes_score": null, "gap_rank": null }, "geometry": { "type": "Point", "coordinates": [ 116.1951081, 5.2992524 ] } },
{ "type": "Feature", "properties": { "name": "Titimbangon", "place": "village", "pop_2km": 234, "seasonal_water_px": 0, "flood_prone": false, "rwi": -0.402, "elevation_m": 862.0, "settlement_id": "S0719", "dl_mbps": 29.058, "ul_mbps": 1.937, "latency_ms": 45.0, "n_tests": 5, "n_tiles": 2, "evidence_tier": "low_evidence", "n_schools_3km": 0, "n_clinics_3km": 0, "p_connectivity": 0.72710951526032319, "p_population": 0.20332136445242369, "p_institutions": 0.2755834829443447, "p_equity": 0.84186471663619744, "dipi": 55.1, "rank": 406.0, "stakes_score": null, "gap_rank": null }, "geometry": { "type": "Point", "coordinates": [ 116.06291, 5.3363217 ] } },
{ "type": "Feature", "properties": { "name": "Ansip Tengah", "place": "village", "pop_2km": 1192, "seasonal_water_px": 27, "flood_prone": true, "rwi": 0.054333333333333338, "elevation_m": 248.0, "settlement_id": "S0720", "dl_mbps": 32.024, "ul_mbps": 4.299, "latency_ms": 54.0, "n_tests": 63, "n_tiles": 10, "evidence_tier": "measured", "n_schools_3km": 0, "n_clinics_3km": 0, "p_connectivity": 0.6894075403949731, "p_population": 0.54308797127468578, "p_institutions": 0.2755834829443447, "p_equity": 0.41361974405850094, "dipi": 53.6, "rank": 453.0, "stakes_score": null, "gap_rank": null }, "geometry": { "type": "Point", "coordinates": [ 116.1215895, 5.2787276 ] } },
{ "type": "Feature", "properties": { "name": "Pagalungan", "place": "village", "pop_2km": 1199, "seasonal_water_px": 20, "flood_prone": true, "rwi": 0.054333333333333338, "elevation_m": 246.0, "settlement_id": "S0721", "dl_mbps": 30.281, "ul_mbps": 4.057, "latency_ms": 54.0, "n_tests": 81, "n_tiles": 11, "evidence_tier": "measured", "n_schools_3km": 0, "n_clinics_3km": 0, "p_connectivity": 0.7091561938958707, "p_population": 0.54398563734290839, "p_institutions": 0.2755834829443447, "p_equity": 0.41361974405850094, "dipi": 54.4, "rank": 429.0, "stakes_score": null, "gap_rank": null }, "geometry": { "type": "Point", "coordinates": [ 116.1196595, 5.2778914 ] } },
{ "type": "Feature", "properties": { "name": "Ansip Laut", "place": "village", "pop_2km": 1056, "seasonal_water_px": 2, "flood_prone": false, "rwi": -0.088, "elevation_m": 334.0, "settlement_id": "S0723", "dl_mbps": 26.191, "ul_mbps": 5.056, "latency_ms": 44.0, "n_tests": 25, "n_tiles": 10, "evidence_tier": "measured", "n_schools_3km": 0, "n_clinics_3km": 0, "p_connectivity": 0.7719928186714542, "p_population": 0.51615798922800715, "p_institutions": 0.2755834829443447, "p_equity": 0.55484460694698357, "dipi": 59.0, "rank": 269.0, "stakes_score": null, "gap_rank": null }, "geometry": { "type": "Point", "coordinates": [ 116.131931, 5.2759528 ] } },
{ "type": "Feature", "properties": { "name": "Kitong", "place": "village", "pop_2km": 853, "seasonal_water_px": 18, "flood_prone": true, "rwi": 0.194, "elevation_m": 467.0, "settlement_id": "S0724", "dl_mbps": 19.798, "ul_mbps": 0.9915, "latency_ms": 49.5, "n_tests": 22, "n_tiles": 5, "evidence_tier": "measured", "n_schools_3km": 0, "n_clinics_3km": 0, "p_connectivity": 0.8734290843806104, "p_population": 0.44748653500897667, "p_institutions": 0.2755834829443447, "p_equity": 0.30073126142595979, "dipi": 56.3, "rank": 368.0, "stakes_score": null, "gap_rank": null }, "geometry": { "type": "Point", "coordinates": [ 116.0926618, 5.3403046 ] } },
{ "type": "Feature", "properties": { "name": "Mempulut Kolobot", "place": "village", "pop_2km": 760, "seasonal_water_px": 0, "flood_prone": false, "rwi": -0.49, "elevation_m": 299.0, "settlement_id": "S0725", "dl_mbps": 34.649, "ul_mbps": 7.703, "latency_ms": 50.0, "n_tests": 9, "n_tiles": 8, "evidence_tier": "low_evidence", "n_schools_3km": 1, "n_clinics_3km": 0, "p_connectivity": 0.65260323159784561, "p_population": 0.42190305206463197, "p_institutions": 0.63420107719928187, "p_equity": 0.91270566727605118, "dipi": 64.4, "rank": 109.0, "stakes_score": null, "gap_rank": null }, "geometry": { "type": "Point", "coordinates": [ 116.1311946, 5.2523622 ] } },
{ "type": "Feature", "properties": { "name": "Rimbayan", "place": "village", "pop_2km": 298, "seasonal_water_px": 4, "flood_prone": false, "rwi": -0.49475, "elevation_m": 279.0, "settlement_id": "S0726", "dl_mbps": 21.231, "ul_mbps": 3.4995, "latency_ms": 100.0, "n_tests": 85, "n_tiles": 6, "evidence_tier": "measured", "n_schools_3km": 0, "n_clinics_3km": 0, "p_connectivity": 0.85278276481149018, "p_population": 0.24551166965888691, "p_institutions": 0.2755834829443447, "p_equity": 0.91956124314442411, "dipi": 62.8, "rank": 149.0, "stakes_score": null, "gap_rank": null }, "geometry": { "type": "Point", "coordinates": [ 116.1040048, 5.265156 ] } },
{ "type": "Feature", "properties": { "name": "Mempulut", "place": "village", "pop_2km": 1342, "seasonal_water_px": 2, "flood_prone": false, "rwi": -0.097333333333333341, "elevation_m": 265.0, "settlement_id": "S0732", "dl_mbps": 31.352, "ul_mbps": 7.474, "latency_ms": 59.0, "n_tests": 8, "n_tiles": 7, "evidence_tier": "low_evidence", "n_schools_3km": 1, "n_clinics_3km": 0, "p_connectivity": 0.696588868940754, "p_population": 0.56867145421903054, "p_institutions": 0.63420107719928187, "p_equity": 0.56307129798903111, "dipi": 62.9, "rank": 148.0, "stakes_score": null, "gap_rank": null }, "geometry": { "type": "Point", "coordinates": [ 116.1385903, 5.2485711 ] } },
{ "type": "Feature", "properties": { "name": "Mongitom Baru", "place": "village", "pop_2km": 690, "seasonal_water_px": 0, "flood_prone": false, "rwi": -0.502, "elevation_m": 478.0, "settlement_id": "S0733", "dl_mbps": 38.7045, "ul_mbps": 5.7445, "latency_ms": 62.5, "n_tests": 43, "n_tiles": 7, "evidence_tier": "measured", "n_schools_3km": 0, "n_clinics_3km": 0, "p_connectivity": 0.60323159784560143, "p_population": 0.39676840215439857, "p_institutions": 0.2755834829443447, "p_equity": 0.92504570383912244, "dipi": 56.7, "rank": 350.0, "stakes_score": null, "gap_rank": null }, "geometry": { "type": "Point", "coordinates": [ 116.2000632, 5.472185 ] } },
{ "type": "Feature", "properties": { "name": "Belinin", "place": "village", "pop_2km": 210, "seasonal_water_px": 0, "flood_prone": false, "rwi": -0.42, "elevation_m": 466.0, "settlement_id": "S0734", "dl_mbps": 36.65, "ul_mbps": 26.656, "latency_ms": 65.0, "n_tests": 50, "n_tiles": 3, "evidence_tier": "measured", "n_schools_3km": 0, "n_clinics_3km": 0, "p_connectivity": 0.63105924596050267, "p_population": 0.18761220825852784, "p_institutions": 0.2755834829443447, "p_equity": 0.86288848263254114, "dipi": 51.3, "rank": 536.0, "stakes_score": null, "gap_rank": null }, "geometry": { "type": "Point", "coordinates": [ 116.0760473, 5.1067837 ] } },
{ "type": "Feature", "properties": { "name": "Tonobon Baru", "place": "village", "pop_2km": 903, "seasonal_water_px": 0, "flood_prone": false, "rwi": -0.32, "elevation_m": 421.0, "settlement_id": "S0735", "dl_mbps": 45.4655, "ul_mbps": 5.6165, "latency_ms": 68.0, "n_tests": 43, "n_tiles": 10, "evidence_tier": "measured", "n_schools_3km": 0, "n_clinics_3km": 0, "p_connectivity": 0.51526032315978454, "p_population": 0.47037701974865348, "p_institutions": 0.2755834829443447, "p_equity": 0.7705667276051188, "dipi": 51.9, "rank": 515.0, "stakes_score": null, "gap_rank": null }, "geometry": { "type": "Point", "coordinates": [ 116.2149548, 5.4612709 ] } },
{ "type": "Feature", "properties": { "name": "Seri Lalang", "place": "village", "pop_2km": 6388, "seasonal_water_px": 0, "flood_prone": false, "rwi": 0.50866666666666671, "elevation_m": 288.0, "settlement_id": "S0736", "dl_mbps": 71.753, "ul_mbps": 28.82, "latency_ms": 43.0, "n_tests": 106, "n_tiles": 16, "evidence_tier": "measured", "n_schools_3km": 1, "n_clinics_3km": 0, "p_connectivity": 0.33213644524236985, "p_population": 0.79353680430879714, "p_institutions": 0.63420107719928187, "p_equity": 0.16453382084095064, "dipi": 45.9, "rank": 690.0, "stakes_score": null, "gap_rank": null }, "geometry": { "type": "Point", "coordinates": [ 116.1592878, 5.2815115 ] } },
{ "type": "Feature", "properties": { "name": "Kuala Punteh", "place": "village", "pop_2km": 1036, "seasonal_water_px": 1, "flood_prone": false, "rwi": -0.3056666666666667, "elevation_m": 266.0, "settlement_id": "S0740", "dl_mbps": 37.946, "ul_mbps": 7.474, "latency_ms": 65.0, "n_tests": 6, "n_tiles": 5, "evidence_tier": "low_evidence", "n_schools_3km": 1, "n_clinics_3km": 0, "p_connectivity": 0.60682226211849188, "p_population": 0.51436265709156193, "p_institutions": 0.63420107719928187, "p_equity": 0.75411334552102371, "dipi": 61.7, "rank": 170.0, "stakes_score": null, "gap_rank": null }, "geometry": { "type": "Point", "coordinates": [ 116.1437518, 5.2381576 ] } },
{ "type": "Feature", "properties": { "name": "Lubong", "place": "village", "pop_2km": 345, "seasonal_water_px": 2, "flood_prone": false, "rwi": -0.37433333333333335, "elevation_m": 598.0, "settlement_id": "S0742", "dl_mbps": 37.502, "ul_mbps": 3.464, "latency_ms": 44.5, "n_tests": 39, "n_tiles": 6, "evidence_tier": "measured", "n_schools_3km": 0, "n_clinics_3km": 0, "p_connectivity": 0.61669658886894074, "p_population": 0.26660682226211851, "p_institutions": 0.2755834829443447, "p_equity": 0.82632541133455206, "dipi": 52.0, "rank": 508.0, "stakes_score": null, "gap_rank": null }, "geometry": { "type": "Point", "coordinates": [ 116.0663811, 5.3252927 ] } },
{ "type": "Feature", "properties": { "name": "Mantatap", "place": "village", "pop_2km": 418, "seasonal_water_px": 0, "flood_prone": false, "rwi": -0.032333333333333339, "elevation_m": 430.0, "settlement_id": "S0743", "dl_mbps": 62.961, "ul_mbps": 23.519, "latency_ms": 41.0, "n_tests": 22, "n_tiles": 4, "evidence_tier": "measured", "n_schools_3km": 0, "n_clinics_3km": 0, "p_connectivity": 0.37432675044883301, "p_population": 0.29712746858168759, "p_institutions": 0.2755834829443447, "p_equity": 0.49817184643510054, "dipi": 36.5, "rank": 980.0, "stakes_score": null, "gap_rank": null }, "geometry": { "type": "Point", "coordinates": [ 116.0939588, 5.3048064 ] } },
{ "type": "Feature", "properties": { "name": "Suan Ulu", "place": "village", "pop_2km": 2397, "seasonal_water_px": 0, "flood_prone": false, "rwi": 0.17733333333333334, "elevation_m": 342.0, "settlement_id": "S0744", "dl_mbps": 44.753, "ul_mbps": 21.9805, "latency_ms": 43.0, "n_tests": 53, "n_tiles": 8, "evidence_tier": "measured", "n_schools_3km": 0, "n_clinics_3km": 0, "p_connectivity": 0.52333931777378817, "p_population": 0.65260323159784561, "p_institutions": 0.2755834829443447, "p_equity": 0.31809872029250458, "dipi": 47.7, "rank": 631.0, "stakes_score": null, "gap_rank": null }, "geometry": { "type": "Point", "coordinates": [ 116.1765327, 5.2605311 ] } },
{ "type": "Feature", "properties": { "name": "Keritan Laut", "place": "village", "pop_2km": 726, "seasonal_water_px": 0, "flood_prone": false, "rwi": -0.25733333333333336, "elevation_m": 347.0, "settlement_id": "S0746", "dl_mbps": 72.596, "ul_mbps": 28.314, "latency_ms": 44.0, "n_tests": 7, "n_tiles": 3, "evidence_tier": "low_evidence", "n_schools_3km": 0, "n_clinics_3km": 0, "p_connectivity": 0.33034111310592462, "p_population": 0.41023339317773788, "p_institutions": 0.2755834829443447, "p_equity": 0.7088665447897623, "dipi": 41.8, "rank": 826.0, "stakes_score": null, "gap_rank": null }, "geometry": { "type": "Point", "coordinates": [ 116.0470604, 5.3050012 ] } },
{ "type": "Feature", "properties": { "name": "Membulu", "place": "village", "pop_2km": 822, "seasonal_water_px": 0, "flood_prone": false, "rwi": -0.3205, "elevation_m": 267.0, "settlement_id": "S0747", "dl_mbps": 53.443, "ul_mbps": 9.0425, "latency_ms": 67.0, "n_tests": 5, "n_tiles": 4, "evidence_tier": "low_evidence", "n_schools_3km": 1, "n_clinics_3km": 0, "p_connectivity": 0.42190305206463197, "p_population": 0.43850987432675043, "p_institutions": 0.63420107719928187, "p_equity": 0.77239488117001831, "dipi": 52.8, "rank": 475.0, "stakes_score": null, "gap_rank": null }, "geometry": { "type": "Point", "coordinates": [ 116.1357927, 5.2383302 ] } },
{ "type": "Feature", "properties": { "name": "Inandung", "place": "village", "pop_2km": 167, "seasonal_water_px": 0, "flood_prone": false, "rwi": -0.393, "elevation_m": 450.0, "settlement_id": "S0748", "dl_mbps": 65.8625, "ul_mbps": 45.9535, "latency_ms": 57.0, "n_tests": 79, "n_tiles": 1, "evidence_tier": "low_evidence", "n_schools_3km": 0, "n_clinics_3km": 0, "p_connectivity": 0.35816876122082586, "p_population": 0.16023339317773788, "p_institutions": 0.2755834829443447, "p_equity": 0.83912248628884822, "dipi": 39.2, "rank": 911.0, "stakes_score": null, "gap_rank": null }, "geometry": { "type": "Point", "coordinates": [ 116.0714289, 5.06463 ] } },
{ "type": "Feature", "properties": { "name": "Kampung Malidang", "place": "hamlet", "pop_2km": 805, "seasonal_water_px": 0, "flood_prone": false, "rwi": -0.405, "elevation_m": 510.0, "settlement_id": "S0750", "dl_mbps": 38.994, "ul_mbps": 6.392, "latency_ms": 64.0, "n_tests": 51, "n_tiles": 9, "evidence_tier": "measured", "n_schools_3km": 0, "n_clinics_3km": 0, "p_connectivity": 0.59649910233393177, "p_population": 0.43267504488330338, "p_institutions": 0.2755834829443447, "p_equity": 0.84643510054844606, "dipi": 55.7, "rank": 386.0, "stakes_score": null, "gap_rank": null }, "geometry": { "type": "Point", "coordinates": [ 116.2115667, 5.4792463 ] } },
{ "type": "Feature", "properties": { "name": "Meninpir", "place": "village", "pop_2km": 952, "seasonal_water_px": 4, "flood_prone": false, "rwi": -0.06, "elevation_m": 472.0, "settlement_id": "S0751", "dl_mbps": 44.921, "ul_mbps": 3.757, "latency_ms": 45.0, "n_tests": 45, "n_tiles": 9, "evidence_tier": "measured", "n_schools_3km": 0, "n_clinics_3km": 0, "p_connectivity": 0.51929982046678635, "p_population": 0.49012567324955114, "p_institutions": 0.2755834829443447, "p_equity": 0.52879341864716634, "dipi": 47.7, "rank": 631.0, "stakes_score": null, "gap_rank": null }, "geometry": { "type": "Point", "coordinates": [ 116.0864757, 5.3175429 ] } },
{ "type": "Feature", "properties": { "name": "Alab", "place": "village", "pop_2km": 955, "seasonal_water_px": 0, "flood_prone": false, "rwi": 0.0045, "elevation_m": 298.0, "settlement_id": "S0752", "dl_mbps": 26.201, "ul_mbps": 3.542, "latency_ms": 44.0, "n_tests": 19, "n_tiles": 5, "evidence_tier": "low_evidence", "n_schools_3km": 0, "n_clinics_3km": 0, "p_connectivity": 0.77019748653500897, "p_population": 0.49102333931777381, "p_institutions": 0.2755834829443447, "p_equity": 0.46297989031078612, "dipi": 56.5, "rank": 360.0, "stakes_score": null, "gap_rank": null }, "geometry": { "type": "Point", "coordinates": [ 116.0349977, 5.2886435 ] } },
{ "type": "Feature", "properties": { "name": "Kodop Baru", "place": "village", "pop_2km": 936, "seasonal_water_px": 0, "flood_prone": false, "rwi": -0.32, "elevation_m": 439.0, "settlement_id": "S0753", "dl_mbps": 38.994, "ul_mbps": 6.392, "latency_ms": 64.0, "n_tests": 51, "n_tiles": 9, "evidence_tier": "measured", "n_schools_3km": 0, "n_clinics_3km": 0, "p_connectivity": 0.59649910233393177, "p_population": 0.48384201077199279, "p_institutions": 0.2755834829443447, "p_equity": 0.7705667276051188, "dipi": 55.5, "rank": 394.0, "stakes_score": null, "gap_rank": null }, "geometry": { "type": "Point", "coordinates": [ 116.2108043, 5.4643992 ] } },
{ "type": "Feature", "properties": { "name": "Bunga Raya", "place": "village", "pop_2km": 990, "seasonal_water_px": 0, "flood_prone": false, "rwi": -0.32, "elevation_m": 437.0, "settlement_id": "S0754", "dl_mbps": 41.4735, "ul_mbps": 5.7445, "latency_ms": 68.0, "n_tests": 52, "n_tiles": 10, "evidence_tier": "measured", "n_schools_3km": 0, "n_clinics_3km": 0, "p_connectivity": 0.56777378815080792, "p_population": 0.49640933572710949, "p_institutions": 0.2755834829443447, "p_equity": 0.7705667276051188, "dipi": 54.7, "rank": 418.0, "stakes_score": null, "gap_rank": null }, "geometry": { "type": "Point", "coordinates": [ 116.2123797, 5.4632208 ] } },
{ "type": "Feature", "properties": { "name": "Naaba", "place": "village", "pop_2km": 912, "seasonal_water_px": 0, "flood_prone": false, "rwi": -0.40833333333333338, "elevation_m": 445.0, "settlement_id": "S0755", "dl_mbps": 41.4735, "ul_mbps": 6.5255, "latency_ms": 68.0, "n_tests": 50, "n_tiles": 8, "evidence_tier": "measured", "n_schools_3km": 0, "n_clinics_3km": 0, "p_connectivity": 0.56777378815080792, "p_population": 0.47576301615798922, "p_institutions": 0.2755834829443447, "p_equity": 0.85191956124314439, "dipi": 55.8, "rank": 382.0, "stakes_score": null, "gap_rank": null }, "geometry": { "type": "Point", "coordinates": [ 116.2091656, 5.4692707 ] } },
{ "type": "Feature", "properties": { "name": "Kumawanan", "place": "village", "pop_2km": 5408, "seasonal_water_px": 0, "flood_prone": false, "rwi": -0.061, "elevation_m": 329.0, "settlement_id": "S0756", "dl_mbps": 53.7375, "ul_mbps": 16.642, "latency_ms": 46.5, "n_tests": 407, "n_tiles": 28, "evidence_tier": "measured", "n_schools_3km": 2, "n_clinics_3km": 0, "p_connectivity": 0.41651705565529623, "p_population": 0.77468581687612204, "p_institutions": 0.75987432675044886, "p_equity": 0.53382084095063986, "dipi": 58.1, "rank": 298.0, "stakes_score": null, "gap_rank": null }, "geometry": { "type": "Point", "coordinates": [ 116.2061383, 5.4159956 ] } },
{ "type": "Feature", "properties": { "name": "Bandukan Lama", "place": "village", "pop_2km": 3122, "seasonal_water_px": 0, "flood_prone": false, "rwi": -0.1145, "elevation_m": 375.0, "settlement_id": "S0757", "dl_mbps": 75.095, "ul_mbps": 13.4575, "latency_ms": 35.0, "n_tests": 66, "n_tiles": 11, "evidence_tier": "measured", "n_schools_3km": 0, "n_clinics_3km": 0, "p_connectivity": 0.31687612208258525, "p_population": 0.69165170556552957, "p_institutions": 0.2755834829443447, "p_equity": 0.57723948811700188, "dipi": 45.6, "rank": 698.0, "stakes_score": null, "gap_rank": null }, "geometry": { "type": "Point", "coordinates": [ 116.1633328, 5.4407769 ] } },
{ "type": "Feature", "properties": { "name": "Kampung Baru", "place": "hamlet", "pop_2km": 1409, "seasonal_water_px": 0, "flood_prone": false, "rwi": -0.418, "elevation_m": 383.0, "settlement_id": "S0758", "dl_mbps": 159.456, "ul_mbps": 27.947, "latency_ms": 47.0, "n_tests": 86, "n_tiles": 13, "evidence_tier": "measured", "n_schools_3km": 0, "n_clinics_3km": 0, "p_connectivity": 0.1059245960502693, "p_population": 0.57630161579892281, "p_institutions": 0.2755834829443447, "p_equity": 0.86106032906764163, "dipi": 40.0, "rank": 890.0, "stakes_score": null, "gap_rank": null }, "geometry": { "type": "Point", "coordinates": [ 116.1878393, 5.4385565 ] } },
{ "type": "Feature", "properties": { "name": "Liawan Ulu", "place": "village", "pop_2km": 1026, "seasonal_water_px": 0, "flood_prone": false, "rwi": -0.18533333333333332, "elevation_m": 443.0, "settlement_id": "S0759", "dl_mbps": 76.507, "ul_mbps": 14.288, "latency_ms": 47.0, "n_tests": 174, "n_tiles": 15, "evidence_tier": "measured", "n_schools_3km": 0, "n_clinics_3km": 0, "p_connectivity": 0.31149012567324957, "p_population": 0.50763016157989227, "p_institutions": 0.2755834829443447, "p_equity": 0.6453382084095064, "dipi": 42.2, "rank": 809.0, "stakes_score": null, "gap_rank": null }, "geometry": { "type": "Point", "coordinates": [ 116.1341623, 5.3937999 ] } },
{ "type": "Feature", "properties": { "name": "Bunsit", "place": "village", "pop_2km": 3482, "seasonal_water_px": 0, "flood_prone": false, "rwi": -0.1145, "elevation_m": 381.0, "settlement_id": "S0760", "dl_mbps": 125.1595, "ul_mbps": 17.796, "latency_ms": 38.5, "n_tests": 107, "n_tiles": 17, "evidence_tier": "measured", "n_schools_3km": 0, "n_clinics_3km": 0, "p_connectivity": 0.16427289048473967, "p_population": 0.71005385996409331, "p_institutions": 0.2755834829443447, "p_equity": 0.57723948811700188, "dipi": 40.0, "rank": 890.0, "stakes_score": null, "gap_rank": null }, "geometry": { "type": "Point", "coordinates": [ 116.1695534, 5.4347935 ] } },
{ "type": "Feature", "properties": { "name": "Kampung Masak", "place": "hamlet", "pop_2km": 17188, "seasonal_water_px": 0, "flood_prone": false, "rwi": 0.67366666666666664, "elevation_m": 314.0, "settlement_id": "S0761", "dl_mbps": 151.877, "ul_mbps": 30.889, "latency_ms": 38.0, "n_tests": 3609, "n_tiles": 40, "evidence_tier": "measured", "n_schools_3km": 11, "n_clinics_3km": 0, "p_connectivity": 0.12118491921005387, "p_population": 0.92459605026929981, "p_institutions": 0.94793536804308798, "p_equity": 0.11608775137111517, "dipi": 44.5, "rank": 726.0, "stakes_score": null, "gap_rank": null }, "geometry": { "type": "Point", "coordinates": [ 116.1403108, 5.3462317 ] } },
{ "type": "Feature", "properties": { "name": "Kampung Patikang Laut", "place": "hamlet", "pop_2km": 19596, "seasonal_water_px": 0, "flood_prone": false, "rwi": 0.68533333333333335, "elevation_m": 315.0, "settlement_id": "S0762", "dl_mbps": 172.043, "ul_mbps": 34.874, "latency_ms": 38.0, "n_tests": 3937, "n_tiles": 43, "evidence_tier": "measured", "n_schools_3km": 10, "n_clinics_3km": 0, "p_connectivity": 0.080789946140035901, "p_population": 0.93985637342908435, "p_institutions": 0.93716337522441651, "p_equity": 0.10968921389396709, "dipi": 43.0, "rank": 784.0, "stakes_score": null, "gap_rank": null }, "geometry": { "type": "Point", "coordinates": [ 116.138969, 5.337168 ] } },
{ "type": "Feature", "properties": { "name": "Sandapak", "place": "village", "pop_2km": 7810, "seasonal_water_px": 14, "flood_prone": true, "rwi": 0.21966666666666668, "elevation_m": 331.0, "settlement_id": "S0763", "dl_mbps": 100.057, "ul_mbps": 22.912, "latency_ms": 45.0, "n_tests": 321, "n_tiles": 34, "evidence_tier": "measured", "n_schools_3km": 0, "n_clinics_3km": 0, "p_connectivity": 0.2199281867145422, "p_population": 0.82136445242369838, "p_institutions": 0.2755834829443447, "p_equity": 0.28793418647166363, "dipi": 39.2, "rank": 911.0, "stakes_score": null, "gap_rank": null }, "geometry": { "type": "Point", "coordinates": [ 116.1855543, 5.4130498 ] } },
{ "type": "Feature", "properties": { "name": "Kampung Skim Pamalan", "place": "hamlet", "pop_2km": 7047, "seasonal_water_px": 0, "flood_prone": false, "rwi": 0.5555, "elevation_m": 353.0, "settlement_id": "S0764", "dl_mbps": 79.811, "ul_mbps": 18.569, "latency_ms": 46.0, "n_tests": 835, "n_tiles": 35, "evidence_tier": "measured", "n_schools_3km": 2, "n_clinics_3km": 1, "p_connectivity": 0.29443447037701975, "p_population": 0.80969479353680429, "p_institutions": 0.82405745062836622, "p_equity": 0.14899451553930529, "dipi": 47.4, "rank": 643.0, "stakes_score": null, "gap_rank": null }, "geometry": { "type": "Point", "coordinates": [ 116.1619016, 5.3861206 ] } },
{ "type": "Feature", "properties": { "name": "Kampung Tudan Baru", "place": "hamlet", "pop_2km": 12580, "seasonal_water_px": 0, "flood_prone": false, "rwi": 0.7535, "elevation_m": 312.0, "settlement_id": "S0765", "dl_mbps": 105.6805, "ul_mbps": 20.186, "latency_ms": 39.0, "n_tests": 1614, "n_tiles": 39, "evidence_tier": "measured", "n_schools_3km": 3, "n_clinics_3km": 1, "p_connectivity": 0.20377019748653502, "p_population": 0.88689407540394971, "p_institutions": 0.85592459605026927, "p_equity": 0.091407678244972576, "dipi": 45.0, "rank": 709.0, "stakes_score": null, "gap_rank": null }, "geometry": { "type": "Point", "coordinates": [ 116.1797005, 5.3781619 ] } },
{ "type": "Feature", "properties": { "name": "Antolob", "place": "village", "pop_2km": 4013, "seasonal_water_px": 0, "flood_prone": false, "rwi": 0.161, "elevation_m": 390.0, "settlement_id": "S0766", "dl_mbps": 129.5005, "ul_mbps": 22.366, "latency_ms": 38.5, "n_tests": 135, "n_tiles": 19, "evidence_tier": "measured", "n_schools_3km": 0, "n_clinics_3km": 0, "p_connectivity": 0.15709156193895871, "p_population": 0.73339317773788149, "p_institutions": 0.2755834829443447, "p_equity": 0.32678244972577697, "dipi": 35.3, "rank": 1001.0, "stakes_score": null, "gap_rank": null }, "geometry": { "type": "Point", "coordinates": [ 116.1679577, 5.4292397 ] } },
{ "type": "Feature", "properties": { "name": "Bariawa Ulu", "place": "village", "pop_2km": 3122, "seasonal_water_px": 0, "flood_prone": false, "rwi": -0.00725, "elevation_m": 488.0, "settlement_id": "S0767", "dl_mbps": 39.014, "ul_mbps": 7.7855, "latency_ms": 45.0, "n_tests": 365, "n_tiles": 18, "evidence_tier": "measured", "n_schools_3km": 0, "n_clinics_3km": 0, "p_connectivity": 0.5951526032315978, "p_population": 0.69165170556552957, "p_institutions": 0.2755834829443447, "p_equity": 0.47440585009140768, "dipi": 54.7, "rank": 418.0, "stakes_score": null, "gap_rank": null }, "geometry": { "type": "Point", "coordinates": [ 116.1283877, 5.3801016 ] } },
{ "type": "Feature", "properties": { "name": "Kampung Agudon", "place": "hamlet", "pop_2km": 9219, "seasonal_water_px": 0, "flood_prone": false, "rwi": 0.19166666666666665, "elevation_m": 384.0, "settlement_id": "S0768", "dl_mbps": 122.7325, "ul_mbps": 20.868, "latency_ms": 37.0, "n_tests": 697, "n_tiles": 23, "evidence_tier": "measured", "n_schools_3km": 1, "n_clinics_3km": 0, "p_connectivity": 0.16786355475763015, "p_population": 0.84470377019748655, "p_institutions": 0.63420107719928187, "p_equity": 0.30621572212065812, "dipi": 43.5, "rank": 767.0, "stakes_score": null, "gap_rank": null }, "geometry": { "type": "Point", "coordinates": [ 116.1209827, 5.3606088 ] } },
{ "type": "Feature", "properties": { "name": "Berungis", "place": "village", "pop_2km": 1381, "seasonal_water_px": 0, "flood_prone": false, "rwi": -0.32366666666666671, "elevation_m": 371.0, "settlement_id": "S0769", "dl_mbps": 165.538, "ul_mbps": 29.849, "latency_ms": 52.5, "n_tests": 106, "n_tiles": 18, "evidence_tier": "measured", "n_schools_3km": 0, "n_clinics_3km": 0, "p_connectivity": 0.092459605026929986, "p_population": 0.57450628366247758, "p_institutions": 0.2755834829443447, "p_equity": 0.77696526508226693, "dipi": 37.7, "rank": 949.0, "stakes_score": null, "gap_rank": null }, "geometry": { "type": "Point", "coordinates": [ 116.1968184, 5.4328911 ] } },
{ "type": "Feature", "properties": { "name": "Tangkungon", "place": "village", "pop_2km": 3814, "seasonal_water_px": 0, "flood_prone": false, "rwi": 0.26433333333333331, "elevation_m": 348.0, "settlement_id": "S0770", "dl_mbps": 159.1255, "ul_mbps": 27.5135, "latency_ms": 41.5, "n_tests": 195, "n_tiles": 25, "evidence_tier": "measured", "n_schools_3km": 0, "n_clinics_3km": 0, "p_connectivity": 0.10682226211849193, "p_population": 0.72351885098743263, "p_institutions": 0.2755834829443447, "p_equity": 0.26782449725776963, "dipi": 31.9, "rank": 1045.0, "stakes_score": null, "gap_rank": null }, "geometry": { "type": "Point", "coordinates": [ 116.1788536, 5.4283273 ] } },
{ "type": "Feature", "properties": { "name": "Bandukan Baru", "place": "village", "pop_2km": 6417, "seasonal_water_px": 0, "flood_prone": false, "rwi": 0.194, "elevation_m": 338.0, "settlement_id": "S0771", "dl_mbps": 59.784, "ul_mbps": 16.557, "latency_ms": 45.0, "n_tests": 332, "n_tiles": 28, "evidence_tier": "measured", "n_schools_3km": 0, "n_clinics_3km": 0, "p_connectivity": 0.38779174147217232, "p_population": 0.79802513464991021, "p_institutions": 0.2755834829443447, "p_equity": 0.3016453382084095, "dipi": 45.6, "rank": 698.0, "stakes_score": null, "gap_rank": null }, "geometry": { "type": "Point", "coordinates": [ 116.1767865, 5.4064258 ] } },
{ "type": "Feature", "properties": { "name": "Bingkor Lama", "place": "village", "pop_2km": 8735, "seasonal_water_px": 14, "flood_prone": true, "rwi": 0.023333333333333317, "elevation_m": 322.0, "settlement_id": "S0772", "dl_mbps": 60.8855, "ul_mbps": 17.7325, "latency_ms": 45.0, "n_tests": 430, "n_tiles": 30, "evidence_tier": "measured", "n_schools_3km": 0, "n_clinics_3km": 0, "p_connectivity": 0.38375224416517056, "p_population": 0.84021543985637348, "p_institutions": 0.2755834829443447, "p_equity": 0.44698354661791589, "dipi": 49.4, "rank": 577.0, "stakes_score": null, "gap_rank": null }, "geometry": { "type": "Point", "coordinates": [ 116.1990116, 5.4102348 ] } },
{ "type": "Feature", "properties": { "name": "Sasaie", "place": "village", "pop_2km": 12544, "seasonal_water_px": 2, "flood_prone": false, "rwi": 0.3675, "elevation_m": 326.0, "settlement_id": "S0773", "dl_mbps": 60.8855, "ul_mbps": 16.0835, "latency_ms": 42.0, "n_tests": 473, "n_tiles": 37, "evidence_tier": "measured", "n_schools_3km": 0, "n_clinics_3km": 0, "p_connectivity": 0.38375224416517056, "p_population": 0.8859964093357271, "p_institutions": 0.2755834829443447, "p_equity": 0.21480804387568556, "dipi": 45.9, "rank": 690.0, "stakes_score": null, "gap_rank": null }, "geometry": { "type": "Point", "coordinates": [ 116.1865803, 5.3984425 ] } },
{ "type": "Feature", "properties": { "name": "Tuntumulud", "place": "village", "pop_2km": 4868, "seasonal_water_px": 0, "flood_prone": false, "rwi": 0.047333333333333318, "elevation_m": 345.0, "settlement_id": "S0774", "dl_mbps": 82.888, "ul_mbps": 21.544, "latency_ms": 42.0, "n_tests": 276, "n_tiles": 28, "evidence_tier": "measured", "n_schools_3km": 0, "n_clinics_3km": 0, "p_connectivity": 0.28007181328545783, "p_population": 0.75852782764811488, "p_institutions": 0.2755834829443447, "p_equity": 0.42230347349177333, "dipi": 42.7, "rank": 792.0, "stakes_score": null, "gap_rank": null }, "geometry": { "type": "Point", "coordinates": [ 116.1779527, 5.4168717 ] } },
{ "type": "Feature", "properties": { "name": "Kampung Indah", "place": "hamlet", "pop_2km": 916, "seasonal_water_px": 0, "flood_prone": false, "rwi": -0.0435, "elevation_m": 696.0, "settlement_id": "S0775", "dl_mbps": 41.51, "ul_mbps": 6.643, "latency_ms": 46.0, "n_tests": 159, "n_tiles": 13, "evidence_tier": "measured", "n_schools_3km": 0, "n_clinics_3km": 0, "p_connectivity": 0.56642728904847395, "p_population": 0.47755834829443444, "p_institutions": 0.2755834829443447, "p_equity": 0.51188299817184646, "dipi": 49.0, "rank": 594.0, "stakes_score": null, "gap_rank": null }, "geometry": { "type": "Point", "coordinates": [ 116.119851, 5.3928004 ] } },
{ "type": "Feature", "properties": { "name": "Minansut", "place": "village", "pop_2km": 4280, "seasonal_water_px": 0, "flood_prone": false, "rwi": 0.004, "elevation_m": 337.0, "settlement_id": "S0776", "dl_mbps": 121.394, "ul_mbps": 27.689, "latency_ms": 44.0, "n_tests": 262, "n_tiles": 30, "evidence_tier": "measured", "n_schools_3km": 0, "n_clinics_3km": 0, "p_connectivity": 0.16965888689407541, "p_population": 0.74236983842010773, "p_institutions": 0.2755834829443447, "p_equity": 0.46435100548446068, "dipi": 38.8, "rank": 922.0, "stakes_score": null, "gap_rank": null }, "geometry": { "type": "Point", "coordinates": [ 116.183479, 5.4231379 ] } },
{ "type": "Feature", "properties": { "name": "Buang Sayang", "place": "village", "pop_2km": 6139, "seasonal_water_px": 0, "flood_prone": false, "rwi": 0.268, "elevation_m": 338.0, "settlement_id": "S0777", "dl_mbps": 92.312, "ul_mbps": 22.138, "latency_ms": 45.0, "n_tests": 314, "n_tiles": 32, "evidence_tier": "measured", "n_schools_3km": 0, "n_clinics_3km": 0, "p_connectivity": 0.24416517055655296, "p_population": 0.78994614003590669, "p_institutions": 0.2755834829443447, "p_equity": 0.26416819012797077, "dipi": 38.9, "rank": 918.0, "stakes_score": null, "gap_rank": null }, "geometry": { "type": "Point", "coordinates": [ 116.1820449, 5.4159915 ] } },
{ "type": "Feature", "properties": { "name": "Linsosod", "place": "village", "pop_2km": 1227, "seasonal_water_px": 0, "flood_prone": false, "rwi": 0.117, "elevation_m": 434.0, "settlement_id": "S0778", "dl_mbps": 76.728, "ul_mbps": 16.969, "latency_ms": 50.0, "n_tests": 222, "n_tiles": 20, "evidence_tier": "measured", "n_schools_3km": 0, "n_clinics_3km": 0, "p_connectivity": 0.30969479353680429, "p_population": 0.55161579892280077, "p_institutions": 0.2755834829443447, "p_equity": 0.3656307129798903, "dipi": 37.6, "rank": 952.0, "stakes_score": null, "gap_rank": null }, "geometry": { "type": "Point", "coordinates": [ 116.1417781, 5.3908583 ] } },
{ "type": "Feature", "properties": { "name": "Kampung Singga Mata", "place": "hamlet", "pop_2km": 11743, "seasonal_water_px": 0, "flood_prone": false, "rwi": 0.626, "elevation_m": 311.0, "settlement_id": "S0779", "dl_mbps": 93.398, "ul_mbps": 18.6015, "latency_ms": 38.5, "n_tests": 1068, "n_tiles": 35, "evidence_tier": "measured", "n_schools_3km": 3, "n_clinics_3km": 1, "p_connectivity": 0.23788150807899461, "p_population": 0.8797127468581688, "p_institutions": 0.85592459605026927, "p_equity": 0.13071297989031078, "dipi": 47.0, "rank": 657.0, "stakes_score": null, "gap_rank": null }, "geometry": { "type": "Point", "coordinates": [ 116.1828558, 5.3825626 ] } },
{ "type": "Feature", "properties": { "name": "Kampung Patikang Ulu", "place": "hamlet", "pop_2km": 12977, "seasonal_water_px": 0, "flood_prone": false, "rwi": 0.577, "elevation_m": 340.0, "settlement_id": "S0780", "dl_mbps": 99.769, "ul_mbps": 23.61, "latency_ms": 39.0, "n_tests": 767, "n_tiles": 34, "evidence_tier": "measured", "n_schools_3km": 6, "n_clinics_3km": 0, "p_connectivity": 0.22172351885098743, "p_population": 0.8922800718132855, "p_institutions": 0.88779174147217232, "p_equity": 0.14168190127970751, "dipi": 47.3, "rank": 647.0, "stakes_score": null, "gap_rank": null }, "geometry": { "type": "Point", "coordinates": [ 116.129265, 5.3436045 ] } },
{ "type": "Feature", "properties": { "name": "Kampung Bulu Silou", "place": "hamlet", "pop_2km": 14187, "seasonal_water_px": 0, "flood_prone": false, "rwi": 0.62966666666666671, "elevation_m": 331.0, "settlement_id": "S0781", "dl_mbps": 149.075, "ul_mbps": 26.361, "latency_ms": 39.0, "n_tests": 1201, "n_tiles": 35, "evidence_tier": "measured", "n_schools_3km": 4, "n_clinics_3km": 0, "p_connectivity": 0.12836624775583483, "p_population": 0.90394973070017959, "p_institutions": 0.85592459605026927, "p_equity": 0.12979890310786105, "dipi": 43.2, "rank": 777.0, "stakes_score": null, "gap_rank": null }, "geometry": { "type": "Point", "coordinates": [ 116.132852, 5.3495657 ] } },
{ "type": "Feature", "properties": { "name": "Mongorimot", "place": "village", "pop_2km": 728, "seasonal_water_px": 0, "flood_prone": false, "rwi": -0.2645, "elevation_m": 486.0, "settlement_id": "S0792", "dl_mbps": 75.768, "ul_mbps": 17.957, "latency_ms": 71.0, "n_tests": 9, "n_tiles": 6, "evidence_tier": "low_evidence", "n_schools_3km": 0, "n_clinics_3km": 1, "p_connectivity": 0.31418312387791741, "p_population": 0.4111310592459605, "p_institutions": 0.63420107719928187, "p_equity": 0.71755027422303475, "dipi": 46.7, "rank": 667.0, "stakes_score": null, "gap_rank": null }, "geometry": { "type": "Point", "coordinates": [ 116.5639703, 5.454468 ] } },
{ "type": "Feature", "properties": { "name": "Batu 11", "place": "village", "pop_2km": 778, "seasonal_water_px": 0, "flood_prone": false, "rwi": -0.25975, "elevation_m": 488.0, "settlement_id": "S0796", "dl_mbps": 14.424, "ul_mbps": 11.645, "latency_ms": 45.0, "n_tests": 18, "n_tiles": 3, "evidence_tier": "low_evidence", "n_schools_3km": 0, "n_clinics_3km": 0, "p_connectivity": 0.9174147217235189, "p_population": 0.4272890484739677, "p_institutions": 0.2755834829443447, "p_equity": 0.71115173674588661, "dipi": 65.7, "rank": 80.0, "stakes_score": null, "gap_rank": null }, "geometry": { "type": "Point", "coordinates": [ 116.1946742, 5.2210728 ] } },
{ "type": "Feature", "properties": { "name": "Kuala Biah", "place": "village", "pop_2km": 4641, "seasonal_water_px": 0, "flood_prone": false, "rwi": 0.11175, "elevation_m": 272.0, "settlement_id": "S0797", "dl_mbps": 38.683, "ul_mbps": 8.2165, "latency_ms": 46.0, "n_tests": 36, "n_tiles": 13, "evidence_tier": "measured", "n_schools_3km": 0, "n_clinics_3km": 0, "p_connectivity": 0.60412926391382404, "p_population": 0.7531418312387792, "p_institutions": 0.2755834829443447, "p_equity": 0.37020109689213893, "dipi": 54.5, "rank": 427.0, "stakes_score": null, "gap_rank": null }, "geometry": { "type": "Point", "coordinates": [ 116.1462074, 5.2616082 ] } },
{ "type": "Feature", "properties": { "name": "Batu 12", "place": "village", "pop_2km": 589, "seasonal_water_px": 0, "flood_prone": false, "rwi": -0.4035, "elevation_m": 480.0, "settlement_id": "S0798", "dl_mbps": 15.619, "ul_mbps": 12.016, "latency_ms": 61.0, "n_tests": 17, "n_tiles": 2, "evidence_tier": "low_evidence", "n_schools_3km": 0, "n_clinics_3km": 0, "p_connectivity": 0.9048473967684022, "p_population": 0.37163375224416517, "p_institutions": 0.2755834829443447, "p_equity": 0.84460694698354666, "dipi": 66.5, "rank": 63.0, "stakes_score": null, "gap_rank": null }, "geometry": { "type": "Point", "coordinates": [ 116.1942804, 5.2096144 ] } },
{ "type": "Feature", "properties": { "name": "Naukab", "place": "village", "pop_2km": 301, "seasonal_water_px": 0, "flood_prone": false, "rwi": -0.34333333333333332, "elevation_m": 555.0, "settlement_id": "S0799", "dl_mbps": 78.328, "ul_mbps": 21.3385, "latency_ms": 56.0, "n_tests": 28, "n_tiles": 6, "evidence_tier": "measured", "n_schools_3km": 0, "n_clinics_3km": 0, "p_connectivity": 0.3007181328545781, "p_population": 0.24775583482944344, "p_institutions": 0.2755834829443447, "p_equity": 0.79524680073126142, "dipi": 38.3, "rank": 934.0, "stakes_score": null, "gap_rank": null }, "geometry": { "type": "Point", "coordinates": [ 116.2312844, 5.5453248 ] } },
{ "type": "Feature", "properties": { "name": "Kitou", "place": "village", "pop_2km": 402, "seasonal_water_px": 0, "flood_prone": false, "rwi": -0.28066666666666668, "elevation_m": 515.0, "settlement_id": "S0800", "dl_mbps": 45.1505, "ul_mbps": 4.4595, "latency_ms": 33.5, "n_tests": 10, "n_tiles": 4, "evidence_tier": "low_evidence", "n_schools_3km": 1, "n_clinics_3km": 0, "p_connectivity": 0.51660682226211851, "p_population": 0.28859964093357271, "p_institutions": 0.63420107719928187, "p_equity": 0.73217550274223031, "dipi": 52.0, "rank": 508.0, "stakes_score": null, "gap_rank": null }, "geometry": { "type": "Point", "coordinates": [ 116.2746708, 5.5195286 ] } },
{ "type": "Feature", "properties": { "name": "Tiga", "place": "village", "pop_2km": 344, "seasonal_water_px": 0, "flood_prone": false, "rwi": -0.581, "elevation_m": 603.0, "settlement_id": "S0801", "dl_mbps": 94.594, "ul_mbps": 31.587, "latency_ms": 57.5, "n_tests": 60, "n_tiles": 8, "evidence_tier": "measured", "n_schools_3km": 0, "n_clinics_3km": 0, "p_connectivity": 0.2324955116696589, "p_population": 0.26526032315978454, "p_institutions": 0.2755834829443447, "p_equity": 0.96435100548446073, "dipi": 39.4, "rank": 903.0, "stakes_score": null, "gap_rank": null }, "geometry": { "type": "Point", "coordinates": [ 116.217958, 5.5641094 ] } },
{ "type": "Feature", "properties": { "name": "Bagian", "place": "village", "pop_2km": 512, "seasonal_water_px": 0, "flood_prone": false, "rwi": -0.34325, "elevation_m": 737.0, "settlement_id": "S0803", "dl_mbps": 45.1505, "ul_mbps": 4.4595, "latency_ms": 33.5, "n_tests": 10, "n_tiles": 4, "evidence_tier": "low_evidence", "n_schools_3km": 1, "n_clinics_3km": 0, "p_connectivity": 0.51660682226211851, "p_population": 0.34380610412926393, "p_institutions": 0.63420107719928187, "p_equity": 0.79433272394881171, "dipi": 54.7, "rank": 418.0, "stakes_score": null, "gap_rank": null }, "geometry": { "type": "Point", "coordinates": [ 116.2851388, 5.5282671 ] } },
{ "type": "Feature", "properties": { "name": "Sri Menanti", "place": "village", "pop_2km": 385, "seasonal_water_px": 0, "flood_prone": false, "rwi": -0.40533333333333332, "elevation_m": 710.0, "settlement_id": "S0804", "dl_mbps": 37.925, "ul_mbps": 3.982, "latency_ms": 36.0, "n_tests": 20, "n_tiles": 7, "evidence_tier": "measured", "n_schools_3km": 0, "n_clinics_3km": 0, "p_connectivity": 0.6077199281867145, "p_population": 0.28231597845601436, "p_institutions": 0.2755834829443447, "p_equity": 0.84734917733089576, "dipi": 52.4, "rank": 486.0, "stakes_score": null, "gap_rank": null }, "geometry": { "type": "Point", "coordinates": [ 116.2542252, 5.5431534 ] } },
{ "type": "Feature", "properties": { "name": "Rompon Scheme II", "place": "village", "pop_2km": 538, "seasonal_water_px": 0, "flood_prone": false, "rwi": -0.4395, "elevation_m": 757.0, "settlement_id": "S0805", "dl_mbps": 31.888, "ul_mbps": 3.721, "latency_ms": 36.0, "n_tests": 15, "n_tiles": 5, "evidence_tier": "low_evidence", "n_schools_3km": 0, "n_clinics_3km": 0, "p_connectivity": 0.69120287253141832, "p_population": 0.35188509874326751, "p_institutions": 0.2755834829443447, "p_equity": 0.87111517367458868, "dipi": 58.0, "rank": 304.0, "stakes_score": null, "gap_rank": null }, "geometry": { "type": "Point", "coordinates": [ 116.2810617, 5.5411224 ] } },
{ "type": "Feature", "properties": { "name": "Tenderung Gayo", "place": "village", "pop_2km": 0, "seasonal_water_px": 0, "flood_prone": false, "rwi": null, "elevation_m": 975.0, "settlement_id": "S0808", "dl_mbps": 76.3195, "ul_mbps": 19.8105, "latency_ms": 61.5, "n_tests": 18, "n_tiles": 3, "evidence_tier": "low_evidence", "n_schools_3km": 0, "n_clinics_3km": 0, "p_connectivity": 0.31238779174147219, "p_population": 0.043536804308797125, "p_institutions": 0.2755834829443447, "p_equity": 0.5, "dipi": 27.7, "rank": 1098.0, "stakes_score": null, "gap_rank": null }, "geometry": { "type": "Point", "coordinates": [ 116.196676, 5.579333 ] } },
{ "type": "Feature", "properties": { "name": "Tuad", "place": "village", "pop_2km": 325, "seasonal_water_px": 0, "flood_prone": false, "rwi": -0.4715, "elevation_m": 545.0, "settlement_id": "S0809", "dl_mbps": 70.7465, "ul_mbps": 19.121, "latency_ms": 43.0, "n_tests": 32, "n_tiles": 7, "evidence_tier": "measured", "n_schools_3km": 0, "n_clinics_3km": 0, "p_connectivity": 0.33482944344703769, "p_population": 0.25673249551166966, "p_institutions": 0.2755834829443447, "p_equity": 0.89945155393053011, "dipi": 41.9, "rank": 824.0, "stakes_score": null, "gap_rank": null }, "geometry": { "type": "Point", "coordinates": [ 116.2345707, 5.5474574 ] } },
{ "type": "Feature", "properties": { "name": "Purutan Ulu", "place": "village", "pop_2km": 597, "seasonal_water_px": 0, "flood_prone": false, "rwi": -0.554, "elevation_m": 822.0, "settlement_id": "S0813", "dl_mbps": 82.7985, "ul_mbps": 29.0835, "latency_ms": 43.0, "n_tests": 30, "n_tiles": 6, "evidence_tier": "measured", "n_schools_3km": 0, "n_clinics_3km": 0, "p_connectivity": 0.28186714542190305, "p_population": 0.37253141831238779, "p_institutions": 0.2755834829443447, "p_equity": 0.95521023765996349, "dipi": 43.8, "rank": 758.0, "stakes_score": null, "gap_rank": null }, "geometry": { "type": "Point", "coordinates": [ 116.2419076, 5.5584849 ] } },
{ "type": "Feature", "properties": { "name": "Borolungan", "place": "village", "pop_2km": 391, "seasonal_water_px": 0, "flood_prone": false, "rwi": -0.146, "elevation_m": 520.0, "settlement_id": "S0814", "dl_mbps": 43.978, "ul_mbps": 23.764, "latency_ms": 52.5, "n_tests": 11, "n_tiles": 6, "evidence_tier": "low_evidence", "n_schools_3km": 0, "n_clinics_3km": 0, "p_connectivity": 0.52872531418312385, "p_population": 0.28545780969479356, "p_institutions": 0.2755834829443447, "p_equity": 0.60831809872029252, "dipi": 44.6, "rank": 723.0, "stakes_score": null, "gap_rank": null }, "geometry": { "type": "Point", "coordinates": [ 116.2901683, 5.6053843 ] } },
{ "type": "Feature", "properties": { "name": "Tikolod Ulu", "place": "village", "pop_2km": 570, "seasonal_water_px": 0, "flood_prone": false, "rwi": -0.405, "elevation_m": 596.0, "settlement_id": "S0815", "dl_mbps": 123.119, "ul_mbps": 31.533, "latency_ms": 46.0, "n_tests": 5, "n_tiles": 2, "evidence_tier": "low_evidence", "n_schools_3km": 0, "n_clinics_3km": 0, "p_connectivity": 0.16696588868940754, "p_population": 0.36624775583482944, "p_institutions": 0.2755834829443447, "p_equity": 0.84552102376599636, "dipi": 36.9, "rank": 973.0, "stakes_score": null, "gap_rank": null }, "geometry": { "type": "Point", "coordinates": [ 116.2778346, 5.6394475 ] } },
{ "type": "Feature", "properties": { "name": "Purutan", "place": "village", "pop_2km": 638, "seasonal_water_px": 0, "flood_prone": false, "rwi": -0.12125, "elevation_m": 688.0, "settlement_id": "S0816", "dl_mbps": 33.832, "ul_mbps": 4.863, "latency_ms": 46.0, "n_tests": 34, "n_tiles": 5, "evidence_tier": "measured", "n_schools_3km": 0, "n_clinics_3km": 0, "p_connectivity": 0.66382405745062834, "p_population": 0.38016157989228005, "p_institutions": 0.2755834829443447, "p_equity": 0.58500914076782451, "dipi": 51.9, "rank": 515.0, "stakes_score": null, "gap_rank": null }, "geometry": { "type": "Point", "coordinates": [ 116.3007588, 5.5883975 ] } },
{ "type": "Feature", "properties": { "name": "Lotong Ulu", "place": "village", "pop_2km": 3275, "seasonal_water_px": 0, "flood_prone": false, "rwi": 0.0066666666666666541, "elevation_m": 554.0, "settlement_id": "S0817", "dl_mbps": 42.081, "ul_mbps": 12.64, "latency_ms": 54.0, "n_tests": 270, "n_tiles": 18, "evidence_tier": "measured", "n_schools_3km": 1, "n_clinics_3km": 0, "p_connectivity": 0.55655296229802509, "p_population": 0.69838420107719923, "p_institutions": 0.63420107719928187, "p_equity": 0.45703839122486289, "dipi": 58.4, "rank": 289.0, "stakes_score": null, "gap_rank": null }, "geometry": { "type": "Point", "coordinates": [ 116.3163541, 5.6305007 ] } },
{ "type": "Feature", "properties": { "name": "Purutan Laut", "place": "village", "pop_2km": 118, "seasonal_water_px": 0, "flood_prone": false, "rwi": -0.183, "elevation_m": 664.0, "settlement_id": "S0818", "dl_mbps": 31.941, "ul_mbps": 5.6185, "latency_ms": 46.5, "n_tests": 7, "n_tiles": 5, "evidence_tier": "low_evidence", "n_schools_3km": 0, "n_clinics_3km": 0, "p_connectivity": 0.69030520646319571, "p_population": 0.13509874326750448, "p_institutions": 0.2755834829443447, "p_equity": 0.64213893967093238, "dipi": 48.0, "rank": 618.0, "stakes_score": null, "gap_rank": null }, "geometry": { "type": "Point", "coordinates": [ 116.288603, 5.5814325 ] } },
{ "type": "Feature", "properties": { "name": "Tikolod", "place": "village", "pop_2km": 694, "seasonal_water_px": 0, "flood_prone": false, "rwi": -0.15966666666666665, "elevation_m": 544.0, "settlement_id": "S0819", "dl_mbps": 42.081, "ul_mbps": 18.607, "latency_ms": 55.0, "n_tests": 20, "n_tiles": 7, "evidence_tier": "measured", "n_schools_3km": 0, "n_clinics_3km": 0, "p_connectivity": 0.55655296229802509, "p_population": 0.3985637342908438, "p_institutions": 0.2755834829443447, "p_equity": 0.61974405850091407, "dipi": 48.8, "rank": 604.0, "stakes_score": null, "gap_rank": null }, "geometry": { "type": "Point", "coordinates": [ 116.2959576, 5.6206223 ] } },
{ "type": "Feature", "properties": { "name": "Kuala Monsok", "place": "village", "pop_2km": 868, "seasonal_water_px": 4, "flood_prone": false, "rwi": -0.2365, "elevation_m": 468.0, "settlement_id": "S0820", "dl_mbps": 33.832, "ul_mbps": 4.863, "latency_ms": 46.0, "n_tests": 32, "n_tiles": 3, "evidence_tier": "measured", "n_schools_3km": 0, "n_clinics_3km": 0, "p_connectivity": 0.66382405745062834, "p_population": 0.45601436265709155, "p_institutions": 0.2755834829443447, "p_equity": 0.69652650822669104, "dipi": 56.0, "rank": 378.0, "stakes_score": null, "gap_rank": null }, "geometry": { "type": "Point", "coordinates": [ 116.3212195, 5.5897802 ] } },
{ "type": "Feature", "properties": { "name": "Ligs Sosopon", "place": "village", "pop_2km": 1226, "seasonal_water_px": 0, "flood_prone": false, "rwi": -0.28233333333333333, "elevation_m": 639.0, "settlement_id": "S0822", "dl_mbps": 61.857, "ul_mbps": 14.3, "latency_ms": 56.0, "n_tests": 144, "n_tiles": 8, "evidence_tier": "measured", "n_schools_3km": 0, "n_clinics_3km": 0, "p_connectivity": 0.37791741472172352, "p_population": 0.5502692998204668, "p_institutions": 0.2755834829443447, "p_equity": 0.73491773308957953, "dipi": 47.7, "rank": 631.0, "stakes_score": null, "gap_rank": null }, "geometry": { "type": "Point", "coordinates": [ 116.3286917, 5.602903 ] } },
{ "type": "Feature", "properties": { "name": "Monsorulung", "place": "village", "pop_2km": 810, "seasonal_water_px": 0, "flood_prone": false, "rwi": -0.11966666666666666, "elevation_m": 482.0, "settlement_id": "S0823", "dl_mbps": 42.081, "ul_mbps": 13.107, "latency_ms": 51.0, "n_tests": 42, "n_tiles": 7, "evidence_tier": "measured", "n_schools_3km": 0, "n_clinics_3km": 0, "p_connectivity": 0.55655296229802509, "p_population": 0.43536804308797128, "p_institutions": 0.2755834829443447, "p_equity": 0.58226691042047529, "dipi": 48.9, "rank": 600.0, "stakes_score": null, "gap_rank": null }, "geometry": { "type": "Point", "coordinates": [ 116.3074828, 5.602858 ] } },
{ "type": "Feature", "properties": { "name": "Monsokito", "place": "village", "pop_2km": 0, "seasonal_water_px": 0, "flood_prone": false, "rwi": -0.6365, "elevation_m": 518.0, "settlement_id": "S0824", "dl_mbps": 96.968, "ul_mbps": 16.45, "latency_ms": 68.0, "n_tests": 5, "n_tiles": 2, "evidence_tier": "low_evidence", "n_schools_3km": 0, "n_clinics_3km": 0, "p_connectivity": 0.22621184919210055, "p_population": 0.043536804308797125, "p_institutions": 0.2755834829443447, "p_equity": 0.98263254113345522, "dipi": 33.9, "rank": 1019.0, "stakes_score": null, "gap_rank": null }, "geometry": { "type": "Point", "coordinates": [ 116.3491459, 5.6047413 ] } },
{ "type": "Feature", "properties": { "name": "Pupuluton", "place": "village", "pop_2km": 2082, "seasonal_water_px": 9, "flood_prone": true, "rwi": -0.062, "elevation_m": 500.0, "settlement_id": "S0825", "dl_mbps": 45.52, "ul_mbps": 13.791, "latency_ms": 50.0, "n_tests": 192, "n_tiles": 15, "evidence_tier": "measured", "n_schools_3km": 1, "n_clinics_3km": 0, "p_connectivity": 0.51436265709156193, "p_population": 0.63105924596050267, "p_institutions": 0.63420107719928187, "p_equity": 0.53564899451553927, "dipi": 56.6, "rank": 357.0, "stakes_score": null, "gap_rank": null }, "geometry": { "type": "Point", "coordinates": [ 116.3264611, 5.6159659 ] } },
{ "type": "Feature", "properties": { "name": "Mangkataie", "place": "village", "pop_2km": 869, "seasonal_water_px": 0, "flood_prone": false, "rwi": -0.261, "elevation_m": 581.0, "settlement_id": "S0826", "dl_mbps": 30.9755, "ul_mbps": 11.882, "latency_ms": 53.5, "n_tests": 21, "n_tiles": 8, "evidence_tier": "measured", "n_schools_3km": 1, "n_clinics_3km": 0, "p_connectivity": 0.69928186714542195, "p_population": 0.45736086175942547, "p_institutions": 0.63420107719928187, "p_equity": 0.71206581352833642, "dipi": 63.2, "rank": 140.0, "stakes_score": null, "gap_rank": null }, "geometry": { "type": "Point", "coordinates": [ 116.3045859, 5.6363052 ] } },
{ "type": "Feature", "properties": { "name": "Kiawayan", "place": "village", "pop_2km": 4925, "seasonal_water_px": 0, "flood_prone": false, "rwi": 0.224, "elevation_m": 541.0, "settlement_id": "S0828", "dl_mbps": 41.7035, "ul_mbps": 13.939, "latency_ms": 50.0, "n_tests": 322, "n_tiles": 22, "evidence_tier": "measured", "n_schools_3km": 2, "n_clinics_3km": 2, "p_connectivity": 0.56373429084380611, "p_population": 0.76032315978456011, "p_institutions": 0.85592459605026927, "p_equity": 0.28610603290676417, "dipi": 60.1, "rank": 227.0, "stakes_score": null, "gap_rank": null }, "geometry": { "type": "Point", "coordinates": [ 116.3263736, 5.634058 ] } },
{ "type": "Feature", "properties": { "name": "Tiong", "place": "village", "pop_2km": 53, "seasonal_water_px": 0, "flood_prone": false, "rwi": -0.28, "elevation_m": 1143.0, "settlement_id": "S0829", "dl_mbps": 150.656, "ul_mbps": 40.159, "latency_ms": 48.0, "n_tests": 6, "n_tiles": 2, "evidence_tier": "low_evidence", "n_schools_3km": 1, "n_clinics_3km": 0, "p_connectivity": 0.12298025134649911, "p_population": 0.10053859964093358, "p_institutions": 0.63420107719928187, "p_equity": 0.7294332723948812, "dipi": 31.5, "rank": 1053.0, "stakes_score": null, "gap_rank": null }, "geometry": { "type": "Point", "coordinates": [ 116.5548544, 5.8282254 ] } },
{ "type": "Feature", "properties": { "name": "Tariwad", "place": "village", "pop_2km": 514, "seasonal_water_px": 0, "flood_prone": false, "rwi": 0.3445, "elevation_m": 675.0, "settlement_id": "S0831", "dl_mbps": 50.19, "ul_mbps": 6.697, "latency_ms": 24.0, "n_tests": 77, "n_tiles": 11, "evidence_tier": "measured", "n_schools_3km": 0, "n_clinics_3km": 0, "p_connectivity": 0.44569120287253144, "p_population": 0.34470377019748655, "p_institutions": 0.2755834829443447, "p_equity": 0.22669104204753199, "dipi": 35.1, "rank": 1004.0, "stakes_score": null, "gap_rank": null }, "geometry": { "type": "Point", "coordinates": [ 116.5365456, 5.8661453 ] } },
{ "type": "Feature", "properties": { "name": "Tontolob Liwan", "place": "village", "pop_2km": 462, "seasonal_water_px": 0, "flood_prone": false, "rwi": 0.005, "elevation_m": 665.0, "settlement_id": "S0832", "dl_mbps": 13.934, "ul_mbps": 2.904, "latency_ms": 26.0, "n_tests": 35, "n_tiles": 10, "evidence_tier": "measured", "n_schools_3km": 0, "n_clinics_3km": 0, "p_connectivity": 0.92369838420107719, "p_population": 0.32809694793536803, "p_institutions": 0.2755834829443447, "p_equity": 0.45978062157221206, "dipi": 58.5, "rank": 285.0, "stakes_score": null, "gap_rank": null }, "geometry": { "type": "Point", "coordinates": [ 116.5296853, 5.8668869 ] } },
{ "type": "Feature", "properties": { "name": "Tuhan", "place": "village", "pop_2km": 441, "seasonal_water_px": 0, "flood_prone": false, "rwi": 0.103, "elevation_m": 801.0, "settlement_id": "S0833", "dl_mbps": 46.6065, "ul_mbps": 10.704, "latency_ms": 44.5, "n_tests": 143, "n_tiles": 9, "evidence_tier": "measured", "n_schools_3km": 0, "n_clinics_3km": 0, "p_connectivity": 0.49281867145421904, "p_population": 0.31508078994614003, "p_institutions": 0.2755834829443447, "p_equity": 0.37979890310786107, "dipi": 39.3, "rank": 904.0, "stakes_score": null, "gap_rank": null }, "geometry": { "type": "Point", "coordinates": [ 116.4834597, 5.855436 ] } },
{ "type": "Feature", "properties": { "name": "Garas", "place": "village", "pop_2km": 722, "seasonal_water_px": 0, "flood_prone": false, "rwi": -0.028, "elevation_m": 809.0, "settlement_id": "S0834", "dl_mbps": 35.9835, "ul_mbps": 3.552, "latency_ms": 56.5, "n_tests": 17, "n_tiles": 6, "evidence_tier": "low_evidence", "n_schools_3km": 0, "n_clinics_3km": 0, "p_connectivity": 0.6391382405745063, "p_population": 0.40798922800718135, "p_institutions": 0.2755834829443447, "p_equity": 0.49451553930530162, "dipi": 49.8, "rank": 568.0, "stakes_score": null, "gap_rank": null }, "geometry": { "type": "Point", "coordinates": [ 116.4973945, 5.8713255 ] } },
{ "type": "Feature", "properties": { "name": "Tinompok Liwan", "place": "village", "pop_2km": 375, "seasonal_water_px": 0, "flood_prone": false, "rwi": -0.217, "elevation_m": 861.0, "settlement_id": "S0835", "dl_mbps": 40.225, "ul_mbps": 8.335, "latency_ms": 31.0, "n_tests": 39, "n_tiles": 11, "evidence_tier": "measured", "n_schools_3km": 0, "n_clinics_3km": 0, "p_connectivity": 0.5825852782764811, "p_population": 0.2719928186714542, "p_institutions": 0.2755834829443447, "p_equity": 0.67093235831809872, "dipi": 47.7, "rank": 631.0, "stakes_score": null, "gap_rank": null }, "geometry": { "type": "Point", "coordinates": [ 116.508647, 5.857918 ] } },
{ "type": "Feature", "properties": { "name": "Ulu Kumawanan", "place": "village", "pop_2km": 160, "seasonal_water_px": 0, "flood_prone": false, "rwi": -0.337, "elevation_m": 898.0, "settlement_id": "S0836", "dl_mbps": 52.162, "ul_mbps": 8.395, "latency_ms": 52.0, "n_tests": 106, "n_tiles": 4, "evidence_tier": "measured", "n_schools_3km": 0, "n_clinics_3km": 0, "p_connectivity": 0.43312387791741475, "p_population": 0.15709156193895871, "p_institutions": 0.2755834829443447, "p_equity": 0.78839122486288848, "dipi": 41.2, "rank": 853.0, "stakes_score": null, "gap_rank": null }, "geometry": { "type": "Point", "coordinates": [ 116.4580331, 5.8566688 ] } },
{ "type": "Feature", "properties": { "name": "Pialungan", "place": "village", "pop_2km": 47, "seasonal_water_px": 0, "flood_prone": false, "rwi": -0.005, "elevation_m": 836.0, "settlement_id": "S0837", "dl_mbps": 87.496, "ul_mbps": 17.76, "latency_ms": 37.0, "n_tests": 52, "n_tiles": 6, "evidence_tier": "measured", "n_schools_3km": 1, "n_clinics_3km": 0, "p_connectivity": 0.26122082585278278, "p_population": 0.098743267504488336, "p_institutions": 0.63420107719928187, "p_equity": 0.47166361974405852, "dipi": 31.9, "rank": 1045.0, "stakes_score": null, "gap_rank": null }, "geometry": { "type": "Point", "coordinates": [ 116.5478328, 5.8500234 ] } },
{ "type": "Feature", "properties": { "name": "Tiang 1", "place": "village", "pop_2km": 750, "seasonal_water_px": 0, "flood_prone": false, "rwi": -0.4485, "elevation_m": 938.0, "settlement_id": "S0839", "dl_mbps": 90.36, "ul_mbps": 7.482, "latency_ms": 31.0, "n_tests": 9, "n_tiles": 3, "evidence_tier": "low_evidence", "n_schools_3km": 0, "n_clinics_3km": 0, "p_connectivity": 0.25314183123877915, "p_population": 0.41696588868940754, "p_institutions": 0.2755834829443447, "p_equity": 0.87705667276051191, "dipi": 42.2, "rank": 809.0, "stakes_score": null, "gap_rank": null }, "geometry": { "type": "Point", "coordinates": [ 116.4734878, 5.7916927 ] } },
{ "type": "Feature", "properties": { "name": "Punti Ngabai", "place": "village", "pop_2km": 649, "seasonal_water_px": 1, "flood_prone": false, "rwi": -0.13466666666666666, "elevation_m": 964.0, "settlement_id": "S0840", "dl_mbps": 72.873, "ul_mbps": 7.482, "latency_ms": 31.0, "n_tests": 13, "n_tiles": 4, "evidence_tier": "low_evidence", "n_schools_3km": 0, "n_clinics_3km": 0, "p_connectivity": 0.32854578096947934, "p_population": 0.38420107719928187, "p_institutions": 0.2755834829443447, "p_equity": 0.59826325411334547, "dipi": 38.8, "rank": 922.0, "stakes_score": null, "gap_rank": null }, "geometry": { "type": "Point", "coordinates": [ 116.4818104, 5.8053237 ] } },
{ "type": "Feature", "properties": { "name": "Kodop Baru", "place": "village", "pop_2km": 0, "seasonal_water_px": 0, "flood_prone": false, "rwi": -0.615, "elevation_m": 632.0, "settlement_id": "S0841", "dl_mbps": 1.206, "ul_mbps": 2.161, "latency_ms": 563.0, "n_tests": 9, "n_tiles": 5, "evidence_tier": "low_evidence", "n_schools_3km": 0, "n_clinics_3km": 0, "p_connectivity": 0.99281867145421898, "p_population": 0.043536804308797125, "p_institutions": 0.2755834829443447, "p_equity": 0.97714808043875689, "dipi": 64.5, "rank": 105.0, "stakes_score": null, "gap_rank": null }, "geometry": { "type": "Point", "coordinates": [ 116.7356666, 5.6978502 ] } },
{ "type": "Feature", "properties": { "name": "Kirokot", "place": "village", "pop_2km": 159, "seasonal_water_px": 0, "flood_prone": false, "rwi": 0.493, "elevation_m": 770.0, "settlement_id": "S0843", "dl_mbps": 47.7855, "ul_mbps": 6.7065, "latency_ms": 44.5, "n_tests": 20, "n_tiles": 6, "evidence_tier": "measured", "n_schools_3km": 0, "n_clinics_3km": 0, "p_connectivity": 0.47307001795332138, "p_population": 0.15574506283662479, "p_institutions": 0.2755834829443447, "p_equity": 0.16910420475319926, "dipi": 30.3, "rank": 1072.0, "stakes_score": null, "gap_rank": null }, "geometry": { "type": "Point", "coordinates": [ 116.4918697, 5.8232124 ] } },
{ "type": "Feature", "properties": { "name": "Rumuyuh", "place": "village", "pop_2km": 583, "seasonal_water_px": 0, "flood_prone": false, "rwi": -0.01475, "elevation_m": 808.0, "settlement_id": "S0845", "dl_mbps": 23.252, "ul_mbps": 3.552, "latency_ms": 56.5, "n_tests": 16, "n_tiles": 6, "evidence_tier": "low_evidence", "n_schools_3km": 0, "n_clinics_3km": 0, "p_connectivity": 0.81867145421903054, "p_population": 0.37073608617594256, "p_institutions": 0.2755834829443447, "p_equity": 0.48080438756855576, "dipi": 55.8, "rank": 382.0, "stakes_score": null, "gap_rank": null }, "geometry": { "type": "Point", "coordinates": [ 116.5007533, 5.8723062 ] } },
{ "type": "Feature", "properties": { "name": "Minonun", "place": "village", "pop_2km": 750, "seasonal_water_px": 1, "flood_prone": false, "rwi": -0.4485, "elevation_m": 927.0, "settlement_id": "S0846", "dl_mbps": 45.546, "ul_mbps": 7.482, "latency_ms": 52.0, "n_tests": 14, "n_tiles": 4, "evidence_tier": "low_evidence", "n_schools_3km": 0, "n_clinics_3km": 0, "p_connectivity": 0.51346499102333931, "p_population": 0.41696588868940754, "p_institutions": 0.2755834829443447, "p_equity": 0.87705667276051191, "dipi": 52.6, "rank": 480.0, "stakes_score": null, "gap_rank": null }, "geometry": { "type": "Point", "coordinates": [ 116.4696292, 5.7986386 ] } },
{ "type": "Feature", "properties": { "name": "Taba", "place": "village", "pop_2km": 0, "seasonal_water_px": 0, "flood_prone": false, "rwi": -0.57566666666666666, "elevation_m": 296.0, "settlement_id": "S0847", "dl_mbps": 40.2295, "ul_mbps": 4.08, "latency_ms": 49.0, "n_tests": 7, "n_tiles": 5, "evidence_tier": "low_evidence", "n_schools_3km": 0, "n_clinics_3km": 0, "p_connectivity": 0.58168761220825849, "p_population": 0.043536804308797125, "p_institutions": 0.2755834829443447, "p_equity": 0.96069469835466181, "dipi": 47.7, "rank": 631.0, "stakes_score": null, "gap_rank": null }, "geometry": { "type": "Point", "coordinates": [ 116.8609613, 5.6917486 ] } },
{ "type": "Feature", "properties": { "name": "Tonop", "place": "village", "pop_2km": 442, "seasonal_water_px": 1, "flood_prone": false, "rwi": -0.13466666666666666, "elevation_m": 984.0, "settlement_id": "S0848", "dl_mbps": 63.552, "ul_mbps": 7.395, "latency_ms": 25.0, "n_tests": 10, "n_tiles": 3, "evidence_tier": "low_evidence", "n_schools_3km": 0, "n_clinics_3km": 0, "p_connectivity": 0.36938958707360864, "p_population": 0.31642728904847395, "p_institutions": 0.2755834829443447, "p_equity": 0.59826325411334547, "dipi": 38.8, "rank": 922.0, "stakes_score": null, "gap_rank": null }, "geometry": { "type": "Point", "coordinates": [ 116.4760797, 5.8093182 ] } },
{ "type": "Feature", "properties": { "name": "Tampasak Liwan", "place": "village", "pop_2km": 0, "seasonal_water_px": 0, "flood_prone": false, "rwi": -0.057, "elevation_m": 922.0, "settlement_id": "S0849", "dl_mbps": 63.552, "ul_mbps": 5.1135, "latency_ms": 53.5, "n_tests": 16, "n_tiles": 4, "evidence_tier": "low_evidence", "n_schools_3km": 0, "n_clinics_3km": 0, "p_connectivity": 0.36938958707360864, "p_population": 0.043536804308797125, "p_institutions": 0.2755834829443447, "p_equity": 0.52605118829981723, "dipi": 30.5, "rank": 1069.0, "stakes_score": null, "gap_rank": null }, "geometry": { "type": "Point", "coordinates": [ 116.5019652, 5.8087207 ] } },
{ "type": "Feature", "properties": { "name": "Nunuk Ragang", "place": "village", "pop_2km": 179, "seasonal_water_px": 118, "flood_prone": true, "rwi": -0.228, "elevation_m": 205.0, "settlement_id": "S0850", "dl_mbps": 28.065, "ul_mbps": 4.393, "latency_ms": 50.0, "n_tests": 30, "n_tiles": 6, "evidence_tier": "measured", "n_schools_3km": 0, "n_clinics_3km": 0, "p_connectivity": 0.74236983842010773, "p_population": 0.16561938958707362, "p_institutions": 0.2755834829443447, "p_equity": 0.68555758683729429, "dipi": 51.7, "rank": 522.0, "stakes_score": null, "gap_rank": null }, "geometry": { "type": "Point", "coordinates": [ 116.8635256, 5.7147142 ] } },
{ "type": "Feature", "properties": { "name": "Maringkan Baru", "place": "village", "pop_2km": 179, "seasonal_water_px": 119, "flood_prone": true, "rwi": -0.26225, "elevation_m": 221.0, "settlement_id": "S0851", "dl_mbps": 28.065, "ul_mbps": 3.906, "latency_ms": 50.0, "n_tests": 35, "n_tiles": 8, "evidence_tier": "measured", "n_schools_3km": 0, "n_clinics_3km": 0, "p_connectivity": 0.74236983842010773, "p_population": 0.16561938958707362, "p_institutions": 0.2755834829443447, "p_equity": 0.71343692870201092, "dipi": 52.2, "rank": 499.0, "stakes_score": null, "gap_rank": null }, "geometry": { "type": "Point", "coordinates": [ 116.8553777, 5.7240714 ] } },
{ "type": "Feature", "properties": { "name": "Kumawanan", "place": "village", "pop_2km": 300, "seasonal_water_px": 0, "flood_prone": false, "rwi": 0.103, "elevation_m": 850.0, "settlement_id": "S0852", "dl_mbps": 52.162, "ul_mbps": 8.395, "latency_ms": 45.0, "n_tests": 133, "n_tiles": 6, "evidence_tier": "measured", "n_schools_3km": 0, "n_clinics_3km": 0, "p_connectivity": 0.43312387791741475, "p_population": 0.24685816876122083, "p_institutions": 0.2755834829443447, "p_equity": 0.37979890310786107, "dipi": 35.2, "rank": 1003.0, "stakes_score": null, "gap_rank": null }, "geometry": { "type": "Point", "coordinates": [ 116.4741407, 5.855142 ] } },
{ "type": "Feature", "properties": { "name": "Pahu", "place": "village", "pop_2km": 582, "seasonal_water_px": 0, "flood_prone": false, "rwi": 0.323, "elevation_m": 804.0, "settlement_id": "S0854", "dl_mbps": 41.843, "ul_mbps": 24.694, "latency_ms": 40.0, "n_tests": 105, "n_tiles": 9, "evidence_tier": "measured", "n_schools_3km": 0, "n_clinics_3km": 0, "p_connectivity": 0.56104129263913827, "p_population": 0.36983842010771995, "p_institutions": 0.2755834829443447, "p_equity": 0.23491773308957953, "dipi": 40.5, "rank": 875.0, "stakes_score": null, "gap_rank": null }, "geometry": { "type": "Point", "coordinates": [ 116.4912239, 5.8545828 ] } },
{ "type": "Feature", "properties": { "name": "Bunakon", "place": "village", "pop_2km": 928, "seasonal_water_px": 56, "flood_prone": true, "rwi": -0.11133333333333333, "elevation_m": 213.0, "settlement_id": "S0856", "dl_mbps": 18.067, "ul_mbps": 7.0275, "latency_ms": 56.5, "n_tests": 105, "n_tiles": 9, "evidence_tier": "measured", "n_schools_3km": 0, "n_clinics_3km": 0, "p_connectivity": 0.89721723518850982, "p_population": 0.48159784560143626, "p_institutions": 0.2755834829443447, "p_equity": 0.57404021937842775, "dipi": 63.5, "rank": 128.0, "stakes_score": null, "gap_rank": null }, "geometry": { "type": "Point", "coordinates": [ 116.811607, 5.7919059 ] } },
{ "type": "Feature", "properties": { "name": "Seborong", "place": "village", "pop_2km": 373, "seasonal_water_px": 68, "flood_prone": true, "rwi": -0.4535, "elevation_m": 204.0, "settlement_id": "S0857", "dl_mbps": 25.13, "ul_mbps": 10.0365, "latency_ms": 54.5, "n_tests": 31, "n_tiles": 4, "evidence_tier": "measured", "n_schools_3km": 0, "n_clinics_3km": 0, "p_connectivity": 0.78456014362657089, "p_population": 0.27109515260323158, "p_institutions": 0.2755834829443447, "p_equity": 0.88208409506398533, "dipi": 59.9, "rank": 237.0, "stakes_score": null, "gap_rank": null }, "geometry": { "type": "Point", "coordinates": [ 116.8300843, 5.7523675 ] } },
{ "type": "Feature", "properties": { "name": "Sagindai Lama", "place": "village", "pop_2km": 254, "seasonal_water_px": 59, "flood_prone": true, "rwi": 0.1055, "elevation_m": 243.0, "settlement_id": "S0858", "dl_mbps": 24.736, "ul_mbps": 3.909, "latency_ms": 51.5, "n_tests": 16, "n_tiles": 5, "evidence_tier": "low_evidence", "n_schools_3km": 0, "n_clinics_3km": 0, "p_connectivity": 0.79308797127468578, "p_population": 0.21723518850987433, "p_institutions": 0.2755834829443447, "p_equity": 0.37522851919561245, "dipi": 48.8, "rank": 604.0, "stakes_score": null, "gap_rank": null }, "geometry": { "type": "Point", "coordinates": [ 116.818188, 5.834748 ] } },
{ "type": "Feature", "properties": { "name": "Bitoon", "place": "village", "pop_2km": 270, "seasonal_water_px": 42, "flood_prone": true, "rwi": -0.49075, "elevation_m": 198.0, "settlement_id": "S0860", "dl_mbps": 30.076, "ul_mbps": 5.129, "latency_ms": 51.0, "n_tests": 24, "n_tiles": 6, "evidence_tier": "measured", "n_schools_3km": 0, "n_clinics_3km": 0, "p_connectivity": 0.71633752244165172, "p_population": 0.2244165170556553, "p_institutions": 0.2755834829443447, "p_equity": 0.91590493601462519, "dipi": 56.7, "rank": 350.0, "stakes_score": null, "gap_rank": null }, "geometry": { "type": "Point", "coordinates": [ 116.8284711, 5.6987582 ] } },
{ "type": "Feature", "properties": { "name": "Tinanom", "place": "village", "pop_2km": 0, "seasonal_water_px": 0, "flood_prone": false, "rwi": -0.2815, "elevation_m": 288.0, "settlement_id": "S0861", "dl_mbps": 1.775, "ul_mbps": 1.643, "latency_ms": 526.0, "n_tests": 10, "n_tiles": 5, "evidence_tier": "low_evidence", "n_schools_3km": 0, "n_clinics_3km": 0, "p_connectivity": 0.99192100538599637, "p_population": 0.043536804308797125, "p_institutions": 0.2755834829443447, "p_equity": 0.73308957952468012, "dipi": 59.6, "rank": 251.0, "stakes_score": null, "gap_rank": null }, "geometry": { "type": "Point", "coordinates": [ 116.7206049, 5.6823073 ] } },
{ "type": "Feature", "properties": { "name": "Matupang", "place": "village", "pop_2km": 991, "seasonal_water_px": 63, "flood_prone": true, "rwi": 0.1965, "elevation_m": 215.0, "settlement_id": "S0862", "dl_mbps": 21.011, "ul_mbps": 8.195, "latency_ms": 55.0, "n_tests": 100, "n_tiles": 8, "evidence_tier": "measured", "n_schools_3km": 0, "n_clinics_3km": 0, "p_connectivity": 0.85547576301615802, "p_population": 0.49775583482944347, "p_institutions": 0.2755834829443447, "p_equity": 0.29753199268738573, "dipi": 56.7, "rank": 350.0, "stakes_score": null, "gap_rank": null }, "geometry": { "type": "Point", "coordinates": [ 116.8189854, 5.797142 ] } },
{ "type": "Feature", "properties": { "name": "Wakaku", "place": "village", "pop_2km": 277, "seasonal_water_px": 1, "flood_prone": false, "rwi": -0.466, "elevation_m": 319.0, "settlement_id": "S0863", "dl_mbps": 38.9815, "ul_mbps": 7.1755, "latency_ms": 54.0, "n_tests": 27, "n_tiles": 6, "evidence_tier": "measured", "n_schools_3km": 0, "n_clinics_3km": 0, "p_connectivity": 0.59784560143626575, "p_population": 0.23384201077199282, "p_institutions": 0.2755834829443447, "p_equity": 0.89853747714808041, "dipi": 51.9, "rank": 515.0, "stakes_score": null, "gap_rank": null }, "geometry": { "type": "Point", "coordinates": [ 116.797663, 5.6970714 ] } },
{ "type": "Feature", "properties": { "name": "Muruk", "place": "village", "pop_2km": 883, "seasonal_water_px": 0, "flood_prone": false, "rwi": 0.1515, "elevation_m": 363.0, "settlement_id": "S0864", "dl_mbps": 41.8365, "ul_mbps": 6.722, "latency_ms": 56.5, "n_tests": 115, "n_tiles": 7, "evidence_tier": "measured", "n_schools_3km": 0, "n_clinics_3km": 0, "p_connectivity": 0.56193895870736088, "p_population": 0.46319569120287252, "p_institutions": 0.2755834829443447, "p_equity": 0.34003656307129798, "dipi": 45.0, "rank": 709.0, "stakes_score": null, "gap_rank": null }, "geometry": { "type": "Point", "coordinates": [ 116.7545236, 5.9551434 ] } },
{ "type": "Feature", "properties": { "name": "Bolisuk Baru", "place": "village", "pop_2km": 179, "seasonal_water_px": 61, "flood_prone": true, "rwi": -0.26225, "elevation_m": 218.0, "settlement_id": "S0865", "dl_mbps": 28.065, "ul_mbps": 3.906, "latency_ms": 51.0, "n_tests": 32, "n_tiles": 6, "evidence_tier": "measured", "n_schools_3km": 0, "n_clinics_3km": 0, "p_connectivity": 0.74236983842010773, "p_population": 0.16561938958707362, "p_institutions": 0.2755834829443447, "p_equity": 0.71343692870201092, "dipi": 52.2, "rank": 499.0, "stakes_score": null, "gap_rank": null }, "geometry": { "type": "Point", "coordinates": [ 116.8501607, 5.7273222 ] } },
{ "type": "Feature", "properties": { "name": "Toporoh", "place": "village", "pop_2km": 30, "seasonal_water_px": 9, "flood_prone": true, "rwi": -0.53775, "elevation_m": 304.0, "settlement_id": "S0866", "dl_mbps": 33.71, "ul_mbps": 14.743, "latency_ms": 69.0, "n_tests": 5, "n_tiles": 2, "evidence_tier": "low_evidence", "n_schools_3km": 0, "n_clinics_3km": 0, "p_connectivity": 0.66517055655296231, "p_population": 0.091113105924596052, "p_institutions": 0.2755834829443447, "p_equity": 0.94698354661791595, "dipi": 52.0, "rank": 508.0, "stakes_score": null, "gap_rank": null }, "geometry": { "type": "Point", "coordinates": [ 116.8265456, 5.7303973 ] } },
{ "type": "Feature", "properties": { "name": "Paginatan", "place": "village", "pop_2km": 471, "seasonal_water_px": 78, "flood_prone": true, "rwi": -0.13866666666666666, "elevation_m": 210.0, "settlement_id": "S0867", "dl_mbps": 23.636, "ul_mbps": 5.209, "latency_ms": 59.0, "n_tests": 46, "n_tiles": 7, "evidence_tier": "measured", "n_schools_3km": 0, "n_clinics_3km": 0, "p_connectivity": 0.81508078994614008, "p_population": 0.33168761220825854, "p_institutions": 0.2755834829443447, "p_equity": 0.60146252285191959, "dipi": 57.1, "rank": 338.0, "stakes_score": null, "gap_rank": null }, "geometry": { "type": "Point", "coordinates": [ 116.822488, 5.7678718 ] } },
{ "type": "Feature", "properties": { "name": "Takurik", "place": "village", "pop_2km": 15493, "seasonal_water_px": 0, "flood_prone": false, "rwi": 0.548, "elevation_m": 520.0, "settlement_id": "S0868", "dl_mbps": 65.202, "ul_mbps": 12.6655, "latency_ms": 44.5, "n_tests": 2741, "n_tiles": 42, "evidence_tier": "measured", "n_schools_3km": 8, "n_clinics_3km": 3, "p_connectivity": 0.36175942549371631, "p_population": 0.91561938958707356, "p_institutions": 0.94793536804308798, "p_equity": 0.15173674588665448, "dipi": 54.6, "rank": 423.0, "stakes_score": null, "gap_rank": null }, "geometry": { "type": "Point", "coordinates": [ 116.6733088, 5.9588355 ] } },
{ "type": "Feature", "properties": { "name": "Minihas", "place": "village", "pop_2km": 896, "seasonal_water_px": 72, "flood_prone": true, "rwi": 0.1965, "elevation_m": 209.0, "settlement_id": "S0870", "dl_mbps": 22.3235, "ul_mbps": 6.172, "latency_ms": 59.0, "n_tests": 98, "n_tiles": 9, "evidence_tier": "measured", "n_schools_3km": 0, "n_clinics_3km": 0, "p_connectivity": 0.83303411131059246, "p_population": 0.46633752244165172, "p_institutions": 0.2755834829443447, "p_equity": 0.29753199268738573, "dipi": 55.1, "rank": 406.0, "stakes_score": null, "gap_rank": null }, "geometry": { "type": "Point", "coordinates": [ 116.8179208, 5.788846 ] } },
{ "type": "Feature", "properties": { "name": "Segindai Baru", "place": "village", "pop_2km": 254, "seasonal_water_px": 57, "flood_prone": true, "rwi": 0.1055, "elevation_m": 234.0, "settlement_id": "S0871", "dl_mbps": 24.736, "ul_mbps": 3.909, "latency_ms": 51.5, "n_tests": 16, "n_tiles": 5, "evidence_tier": "low_evidence", "n_schools_3km": 0, "n_clinics_3km": 0, "p_connectivity": 0.79308797127468578, "p_population": 0.21723518850987433, "p_institutions": 0.2755834829443447, "p_equity": 0.37522851919561245, "dipi": 48.8, "rank": 604.0, "stakes_score": null, "gap_rank": null }, "geometry": { "type": "Point", "coordinates": [ 116.8141675, 5.8445935 ] } },
{ "type": "Feature", "properties": { "name": "Nalapak", "place": "village", "pop_2km": 2005, "seasonal_water_px": 0, "flood_prone": false, "rwi": 0.021, "elevation_m": 366.0, "settlement_id": "S0872", "dl_mbps": 25.0595, "ul_mbps": 7.461, "latency_ms": 52.5, "n_tests": 217, "n_tiles": 15, "evidence_tier": "measured", "n_schools_3km": 0, "n_clinics_3km": 0, "p_connectivity": 0.7877019748653501, "p_population": 0.6265709156193896, "p_institutions": 0.2755834829443447, "p_equity": 0.44881170018281535, "dipi": 60.3, "rank": 217.0, "stakes_score": null, "gap_rank": null }, "geometry": { "type": "Point", "coordinates": [ 116.7797184, 5.9384793 ] } },
{ "type": "Feature", "properties": { "name": "Kinapulidan", "place": "village", "pop_2km": 3636, "seasonal_water_px": 4, "flood_prone": false, "rwi": 0.028666666666666656, "elevation_m": 480.0, "settlement_id": "S0873", "dl_mbps": 89.208, "ul_mbps": 18.812, "latency_ms": 40.0, "n_tests": 198, "n_tiles": 18, "evidence_tier": "measured", "n_schools_3km": 0, "n_clinics_3km": 0, "p_connectivity": 0.25673249551166966, "p_population": 0.71588868940754036, "p_institutions": 0.2755834829443447, "p_equity": 0.44287020109689212, "dipi": 41.2, "rank": 853.0, "stakes_score": null, "gap_rank": null }, "geometry": { "type": "Point", "coordinates": [ 116.682421, 5.9170408 ] } },
{ "type": "Feature", "properties": { "name": "Silou", "place": "village", "pop_2km": 12631, "seasonal_water_px": 8, "flood_prone": true, "rwi": 0.154, "elevation_m": 480.0, "settlement_id": "S0874", "dl_mbps": 93.152, "ul_mbps": 18.2175, "latency_ms": 38.0, "n_tests": 1455, "n_tiles": 34, "evidence_tier": "measured", "n_schools_3km": 5, "n_clinics_3km": 3, "p_connectivity": 0.24147217235188509, "p_population": 0.88779174147217232, "p_institutions": 0.91382405745062834, "p_equity": 0.33592321755027421, "dipi": 52.3, "rank": 492.0, "stakes_score": null, "gap_rank": null }, "geometry": { "type": "Point", "coordinates": [ 116.673658, 5.9288172 ] } },
{ "type": "Feature", "properties": { "name": "Torikon", "place": "village", "pop_2km": 991, "seasonal_water_px": 61, "flood_prone": true, "rwi": 0.1965, "elevation_m": 230.0, "settlement_id": "S0875", "dl_mbps": 20.659, "ul_mbps": 8.236, "latency_ms": 55.5, "n_tests": 99, "n_tiles": 7, "evidence_tier": "measured", "n_schools_3km": 0, "n_clinics_3km": 0, "p_connectivity": 0.86175942549371631, "p_population": 0.49775583482944347, "p_institutions": 0.2755834829443447, "p_equity": 0.29753199268738573, "dipi": 57.0, "rank": 344.0, "stakes_score": null, "gap_rank": null }, "geometry": { "type": "Point", "coordinates": [ 116.8143039, 5.7984346 ] } },
{ "type": "Feature", "properties": { "name": "Lungkidau", "place": "village", "pop_2km": 471, "seasonal_water_px": 51, "flood_prone": true, "rwi": -0.31375, "elevation_m": 209.0, "settlement_id": "S0876", "dl_mbps": 12.181, "ul_mbps": 3.904, "latency_ms": 72.0, "n_tests": 42, "n_tiles": 7, "evidence_tier": "measured", "n_schools_3km": 0, "n_clinics_3km": 0, "p_connectivity": 0.93536804308797128, "p_population": 0.33168761220825854, "p_institutions": 0.2755834829443447, "p_equity": 0.76416819012797077, "dipi": 65.1, "rank": 97.0, "stakes_score": null, "gap_rank": null }, "geometry": { "type": "Point", "coordinates": [ 116.8137508, 5.768832 ] } },
{ "type": "Feature", "properties": { "name": "Kigiok", "place": "village", "pop_2km": 3788, "seasonal_water_px": 2, "flood_prone": false, "rwi": 0.028666666666666656, "elevation_m": 489.0, "settlement_id": "S0879", "dl_mbps": 93.152, "ul_mbps": 19.3715, "latency_ms": 40.5, "n_tests": 215, "n_tiles": 17, "evidence_tier": "measured", "n_schools_3km": 0, "n_clinics_3km": 0, "p_connectivity": 0.24147217235188509, "p_population": 0.7217235188509874, "p_institutions": 0.2755834829443447, "p_equity": 0.44287020109689212, "dipi": 40.7, "rank": 870.0, "stakes_score": null, "gap_rank": null }, "geometry": { "type": "Point", "coordinates": [ 116.6766684, 5.913365 ] } },
{ "type": "Feature", "properties": { "name": "Rangko", "place": "village", "pop_2km": 18873, "seasonal_water_px": 0, "flood_prone": false, "rwi": 0.8025, "elevation_m": 534.0, "settlement_id": "S0881", "dl_mbps": 97.7085, "ul_mbps": 16.448, "latency_ms": 42.0, "n_tests": 2659, "n_tiles": 37, "evidence_tier": "measured", "n_schools_3km": 6, "n_clinics_3km": 3, "p_connectivity": 0.2244165170556553, "p_population": 0.93447037701974867, "p_institutions": 0.92504488330341117, "p_equity": 0.08318098720292505, "dipi": 47.9, "rank": 626.0, "stakes_score": null, "gap_rank": null }, "geometry": { "type": "Point", "coordinates": [ 116.6650711, 5.943377 ] } },
{ "type": "Feature", "properties": { "name": "Kandawayon", "place": "village", "pop_2km": 4249, "seasonal_water_px": 0, "flood_prone": false, "rwi": -0.033, "elevation_m": 649.0, "settlement_id": "S0882", "dl_mbps": 120.758, "ul_mbps": 9.514, "latency_ms": 47.0, "n_tests": 337, "n_tiles": 19, "evidence_tier": "measured", "n_schools_3km": 2, "n_clinics_3km": 0, "p_connectivity": 0.17145421903052063, "p_population": 0.74147217235188512, "p_institutions": 0.75987432675044886, "p_equity": 0.49954296160877515, "dipi": 46.8, "rank": 663.0, "stakes_score": null, "gap_rank": null }, "geometry": { "type": "Point", "coordinates": [ 116.6495962, 5.923018 ] } },
{ "type": "Feature", "properties": { "name": "Kampung Kimolohing", "place": "hamlet", "pop_2km": 13717, "seasonal_water_px": 0, "flood_prone": false, "rwi": 0.426, "elevation_m": 539.0, "settlement_id": "S0883", "dl_mbps": 79.248, "ul_mbps": 14.457, "latency_ms": 45.0, "n_tests": 2548, "n_tiles": 33, "evidence_tier": "measured", "n_schools_3km": 7, "n_clinics_3km": 3, "p_connectivity": 0.29802513464991021, "p_population": 0.89766606822262118, "p_institutions": 0.93716337522441651, "p_equity": 0.19469835466179158, "dipi": 52.3, "rank": 492.0, "stakes_score": null, "gap_rank": null }, "geometry": { "type": "Point", "coordinates": [ 116.6627282, 5.9568254 ] } },
{ "type": "Feature", "properties": { "name": "Kituntul Baru", "place": "village", "pop_2km": 8493, "seasonal_water_px": 6, "flood_prone": true, "rwi": 0.29633333333333334, "elevation_m": 470.0, "settlement_id": "S0885", "dl_mbps": 79.424, "ul_mbps": 18.7395, "latency_ms": 38.5, "n_tests": 1089, "n_tiles": 30, "evidence_tier": "measured", "n_schools_3km": 3, "n_clinics_3km": 0, "p_connectivity": 0.29622980251346498, "p_population": 0.83393177737881508, "p_institutions": 0.82405745062836622, "p_equity": 0.24862888482632542, "dipi": 50.0, "rank": 560.0, "stakes_score": null, "gap_rank": null }, "geometry": { "type": "Point", "coordinates": [ 116.6798494, 5.9273279 ] } },
{ "type": "Feature", "properties": { "name": "Luanti Baru", "place": "village", "pop_2km": 2321, "seasonal_water_px": 0, "flood_prone": false, "rwi": 0.144, "elevation_m": 342.0, "settlement_id": "S0886", "dl_mbps": 30.261, "ul_mbps": 8.121, "latency_ms": 52.0, "n_tests": 224, "n_tiles": 15, "evidence_tier": "measured", "n_schools_3km": 0, "n_clinics_3km": 0, "p_connectivity": 0.71005385996409331, "p_population": 0.64811490125673255, "p_institutions": 0.2755834829443447, "p_equity": 0.35009140767824498, "dipi": 55.7, "rank": 386.0, "stakes_score": null, "gap_rank": null }, "geometry": { "type": "Point", "coordinates": [ 116.7695968, 5.9452917 ] } },
{ "type": "Feature", "properties": { "name": "Rugading", "place": "village", "pop_2km": 141, "seasonal_water_px": 0, "flood_prone": false, "rwi": -0.178, "elevation_m": 608.0, "settlement_id": "S0887", "dl_mbps": 103.689, "ul_mbps": 53.137, "latency_ms": 38.0, "n_tests": 47, "n_tiles": 1, "evidence_tier": "low_evidence", "n_schools_3km": 0, "n_clinics_3km": 0, "p_connectivity": 0.20825852782764812, "p_population": 0.14811490125673249, "p_institutions": 0.2755834829443447, "p_equity": 0.63893967093235837, "dipi": 28.9, "rank": 1087.0, "stakes_score": null, "gap_rank": null }, "geometry": { "type": "Point", "coordinates": [ 116.6933878, 5.89555 ] } },
{ "type": "Feature", "properties": { "name": "Namaus", "place": "village", "pop_2km": 84, "seasonal_water_px": 58, "flood_prone": true, "rwi": -0.19, "elevation_m": 88.0, "settlement_id": "S0888", "dl_mbps": 161.8735, "ul_mbps": 33.4775, "latency_ms": 65.5, "n_tests": 52, "n_tiles": 1, "evidence_tier": "low_evidence", "n_schools_3km": 1, "n_clinics_3km": 0, "p_connectivity": 0.099192100538599642, "p_population": 0.11624775583482945, "p_institutions": 0.63420107719928187, "p_equity": 0.65082266910420472, "dipi": 29.4, "rank": 1081.0, "stakes_score": null, "gap_rank": null }, "geometry": { "type": "Point", "coordinates": [ 117.0066397, 6.1128722 ] } },
{ "type": "Feature", "properties": { "name": "Lipoi", "place": "village", "pop_2km": 3582, "seasonal_water_px": 4, "flood_prone": false, "rwi": 0.1795, "elevation_m": 465.0, "settlement_id": "S0889", "dl_mbps": 84.7295, "ul_mbps": 18.7395, "latency_ms": 40.5, "n_tests": 199, "n_tiles": 19, "evidence_tier": "measured", "n_schools_3km": 0, "n_clinics_3km": 0, "p_connectivity": 0.27109515260323158, "p_population": 0.71364452423698388, "p_institutions": 0.2755834829443447, "p_equity": 0.31307129798903111, "dipi": 39.1, "rank": 914.0, "stakes_score": null, "gap_rank": null }, "geometry": { "type": "Point", "coordinates": [ 116.6844362, 5.919847 ] } },
{ "type": "Feature", "properties": { "name": "Matan", "place": "village", "pop_2km": 19099, "seasonal_water_px": 6, "flood_prone": true, "rwi": 0.65233333333333332, "elevation_m": 520.0, "settlement_id": "S0890", "dl_mbps": 100.794, "ul_mbps": 17.002, "latency_ms": 41.0, "n_tests": 2590, "n_tiles": 38, "evidence_tier": "measured", "n_schools_3km": 6, "n_clinics_3km": 3, "p_connectivity": 0.21678635547576303, "p_population": 0.93626570915619389, "p_institutions": 0.92504488330341117, "p_equity": 0.11974405850091407, "dipi": 48.3, "rank": 615.0, "stakes_score": null, "gap_rank": null }, "geometry": { "type": "Point", "coordinates": [ 116.6682464, 5.9394339 ] } },
{ "type": "Feature", "properties": { "name": "Puru-Puru", "place": "village", "pop_2km": 17670, "seasonal_water_px": 0, "flood_prone": false, "rwi": 0.839, "elevation_m": 505.0, "settlement_id": "S0891", "dl_mbps": 75.35, "ul_mbps": 14.197, "latency_ms": 45.0, "n_tests": 2747, "n_tiles": 43, "evidence_tier": "measured", "n_schools_3km": 7, "n_clinics_3km": 3, "p_connectivity": 0.31597845601436264, "p_population": 0.92908438061041287, "p_institutions": 0.93716337522441651, "p_equity": 0.073126142595978064, "dipi": 51.4, "rank": 528.0, "stakes_score": null, "gap_rank": null }, "geometry": { "type": "Point", "coordinates": [ 116.6734967, 5.9532487 ] } },
{ "type": "Feature", "properties": { "name": "Kituntul Lama", "place": "village", "pop_2km": 6001, "seasonal_water_px": 2, "flood_prone": false, "rwi": 0.1795, "elevation_m": 466.0, "settlement_id": "S0892", "dl_mbps": 68.533, "ul_mbps": 15.0885, "latency_ms": 38.0, "n_tests": 828, "n_tiles": 25, "evidence_tier": "measured", "n_schools_3km": 1, "n_clinics_3km": 0, "p_connectivity": 0.348294434470377, "p_population": 0.78456014362657089, "p_institutions": 0.63420107719928187, "p_equity": 0.31307129798903111, "dipi": 49.3, "rank": 583.0, "stakes_score": null, "gap_rank": null }, "geometry": { "type": "Point", "coordinates": [ 116.6877712, 5.9324806 ] } },
{ "type": "Feature", "properties": { "name": "Kampung Rapak", "place": "hamlet", "pop_2km": 14032, "seasonal_water_px": 0, "flood_prone": false, "rwi": 0.48975, "elevation_m": 505.0, "settlement_id": "S0893", "dl_mbps": 61.761, "ul_mbps": 13.273, "latency_ms": 45.0, "n_tests": 2791, "n_tiles": 42, "evidence_tier": "measured", "n_schools_3km": 8, "n_clinics_3km": 3, "p_connectivity": 0.37971274685816875, "p_population": 0.90035906642728902, "p_institutions": 0.94793536804308798, "p_equity": 0.17138939670932357, "dipi": 55.3, "rank": 398.0, "stakes_score": null, "gap_rank": null }, "geometry": { "type": "Point", "coordinates": [ 116.6774517, 5.9598816 ] } },
{ "type": "Feature", "properties": { "name": "Tiang Baru", "place": "village", "pop_2km": 14221, "seasonal_water_px": 0, "flood_prone": false, "rwi": 0.48033333333333328, "elevation_m": 558.0, "settlement_id": "S0894", "dl_mbps": 107.386, "ul_mbps": 17.385, "latency_ms": 43.0, "n_tests": 1954, "n_tiles": 31, "evidence_tier": "measured", "n_schools_3km": 6, "n_clinics_3km": 3, "p_connectivity": 0.1992818671454219, "p_population": 0.90574506283662481, "p_institutions": 0.92504488330341117, "p_equity": 0.17595978062157222, "dipi": 48.0, "rank": 618.0, "stakes_score": null, "gap_rank": null }, "geometry": { "type": "Point", "coordinates": [ 116.6593729, 5.9343748 ] } },
{ "type": "Feature", "properties": { "name": "Pasir Putih", "place": "village", "pop_2km": 16126, "seasonal_water_px": 0, "flood_prone": false, "rwi": 0.48033333333333328, "elevation_m": 553.0, "settlement_id": "S0895", "dl_mbps": 100.794, "ul_mbps": 16.553, "latency_ms": 43.0, "n_tests": 2426, "n_tiles": 33, "evidence_tier": "measured", "n_schools_3km": 6, "n_clinics_3km": 3, "p_connectivity": 0.21678635547576303, "p_population": 0.9174147217235189, "p_institutions": 0.92504488330341117, "p_equity": 0.17595978062157222, "dipi": 49.0, "rank": 594.0, "stakes_score": null, "gap_rank": null }, "geometry": { "type": "Point", "coordinates": [ 116.6589887, 5.9379386 ] } },
{ "type": "Feature", "properties": { "name": "Lingkudau", "place": "village", "pop_2km": 19313, "seasonal_water_px": 2, "flood_prone": false, "rwi": 0.64, "elevation_m": 516.0, "settlement_id": "S0896", "dl_mbps": 82.389, "ul_mbps": 14.524, "latency_ms": 43.0, "n_tests": 2826, "n_tiles": 44, "evidence_tier": "measured", "n_schools_3km": 7, "n_clinics_3km": 3, "p_connectivity": 0.28366247755834828, "p_population": 0.93806104129263912, "p_institutions": 0.93716337522441651, "p_equity": 0.12797074954296161, "dipi": 51.4, "rank": 528.0, "stakes_score": null, "gap_rank": null }, "geometry": { "type": "Point", "coordinates": [ 116.6721673, 5.9484432 ] } },
{ "type": "Feature", "properties": { "name": "Paka 2", "place": "village", "pop_2km": 19068, "seasonal_water_px": 2, "flood_prone": false, "rwi": 0.736, "elevation_m": 533.0, "settlement_id": "S0897", "dl_mbps": 82.571, "ul_mbps": 15.1875, "latency_ms": 43.0, "n_tests": 2787, "n_tiles": 41, "evidence_tier": "measured", "n_schools_3km": 6, "n_clinics_3km": 3, "p_connectivity": 0.28276481149012567, "p_population": 0.93536804308797128, "p_institutions": 0.92504488330341117, "p_equity": 0.097349177330895792, "dipi": 50.5, "rank": 553.0, "stakes_score": null, "gap_rank": null }, "geometry": { "type": "Point", "coordinates": [ 116.6684622, 5.9474853 ] } },
{ "type": "Feature", "properties": { "name": "Kologon", "place": "village", "pop_2km": 14854, "seasonal_water_px": 0, "flood_prone": false, "rwi": 0.4195, "elevation_m": 626.0, "settlement_id": "S0898", "dl_mbps": 113.65, "ul_mbps": 16.526, "latency_ms": 45.0, "n_tests": 1996, "n_tiles": 28, "evidence_tier": "measured", "n_schools_3km": 6, "n_clinics_3km": 3, "p_connectivity": 0.1822262118491921, "p_population": 0.9111310592459605, "p_institutions": 0.92504488330341117, "p_equity": 0.19561243144424131, "dipi": 47.9, "rank": 626.0, "stakes_score": null, "gap_rank": null }, "geometry": { "type": "Point", "coordinates": [ 116.6567443, 5.9416958 ] } },
{ "type": "Feature", "properties": { "name": "Giman", "place": "village", "pop_2km": 12348, "seasonal_water_px": 0, "flood_prone": false, "rwi": 0.5205, "elevation_m": 651.0, "settlement_id": "S0899", "dl_mbps": 74.2605, "ul_mbps": 14.228, "latency_ms": 45.0, "n_tests": 2503, "n_tiles": 28, "evidence_tier": "measured", "n_schools_3km": 8, "n_clinics_3km": 3, "p_connectivity": 0.31956912028725315, "p_population": 0.88330341113105926, "p_institutions": 0.94793536804308798, "p_equity": 0.15813528336380256, "dipi": 52.2, "rank": 499.0, "stakes_score": null, "gap_rank": null }, "geometry": { "type": "Point", "coordinates": [ 116.6632738, 5.9619833 ] } },
{ "type": "Feature", "properties": { "name": "Gusi", "place": "village", "pop_2km": 207, "seasonal_water_px": 74, "flood_prone": true, "rwi": -0.489, "elevation_m": 60.0, "settlement_id": "S0900", "dl_mbps": 100.991, "ul_mbps": 32.016, "latency_ms": 46.0, "n_tests": 20, "n_tiles": 5, "evidence_tier": "measured", "n_schools_3km": 0, "n_clinics_3km": 0, "p_connectivity": 0.21499102333931777, "p_population": 0.18267504488330341, "p_institutions": 0.2755834829443447, "p_equity": 0.90722120658135286, "dipi": 35.4, "rank": 998.0, "stakes_score": null, "gap_rank": null }, "geometry": { "type": "Point", "coordinates": [ 117.0953603, 6.10603 ] } },
{ "type": "Feature", "properties": { "name": "Pugi", "place": "village", "pop_2km": 0, "seasonal_water_px": 0, "flood_prone": false, "rwi": -0.357, "elevation_m": 223.0, "settlement_id": "S0902", "dl_mbps": 151.4915, "ul_mbps": 19.937, "latency_ms": 71.5, "n_tests": 45, "n_tiles": 8, "evidence_tier": "measured", "n_schools_3km": 0, "n_clinics_3km": 0, "p_connectivity": 0.12208258527827648, "p_population": 0.043536804308797125, "p_institutions": 0.2755834829443447, "p_equity": 0.80987202925045709, "dipi": 26.3, "rank": 1102.0, "stakes_score": null, "gap_rank": null }, "geometry": { "type": "Point", "coordinates": [ 116.9159277, 6.2108327 ] } },
{ "type": "Feature", "properties": { "name": "Manikulau", "place": "village", "pop_2km": 275, "seasonal_water_px": 0, "flood_prone": false, "rwi": -0.462, "elevation_m": 104.0, "settlement_id": "S0903", "dl_mbps": 136.692, "ul_mbps": 31.907, "latency_ms": 60.0, "n_tests": 37, "n_tiles": 3, "evidence_tier": "measured", "n_schools_3km": 0, "n_clinics_3km": 0, "p_connectivity": 0.14138240574506283, "p_population": 0.23070017953321365, "p_institutions": 0.2755834829443447, "p_equity": 0.89168190127970748, "dipi": 33.4, "rank": 1027.0, "stakes_score": null, "gap_rank": null }, "geometry": { "type": "Point", "coordinates": [ 116.9440347, 6.070614 ] } },
{ "type": "Feature", "properties": { "name": "Kiwakau", "place": "village", "pop_2km": 84, "seasonal_water_px": 50, "flood_prone": true, "rwi": -0.19, "elevation_m": 86.0, "settlement_id": "S0904", "dl_mbps": 161.8735, "ul_mbps": 33.4775, "latency_ms": 65.5, "n_tests": 52, "n_tiles": 1, "evidence_tier": "low_evidence", "n_schools_3km": 1, "n_clinics_3km": 0, "p_connectivity": 0.099192100538599642, "p_population": 0.11624775583482945, "p_institutions": 0.63420107719928187, "p_equity": 0.65082266910420472, "dipi": 29.4, "rank": 1081.0, "stakes_score": null, "gap_rank": null }, "geometry": { "type": "Point", "coordinates": [ 117.0084853, 6.116152 ] } },
{ "type": "Feature", "properties": { "name": "Pamaitan", "place": "village", "pop_2km": 378, "seasonal_water_px": 42, "flood_prone": true, "rwi": -0.37275, "elevation_m": 98.0, "settlement_id": "S0905", "dl_mbps": 85.282, "ul_mbps": 18.2125, "latency_ms": 69.5, "n_tests": 78, "n_tiles": 5, "evidence_tier": "measured", "n_schools_3km": 1, "n_clinics_3km": 0, "p_connectivity": 0.26750448833034113, "p_population": 0.2751346499102334, "p_institutions": 0.63420107719928187, "p_equity": 0.82266910420475325, "dipi": 43.5, "rank": 767.0, "stakes_score": null, "gap_rank": null }, "geometry": { "type": "Point", "coordinates": [ 116.9879866, 6.0959129 ] } },
{ "type": "Feature", "properties": { "name": "Tundangon", "place": "village", "pop_2km": 0, "seasonal_water_px": 72, "flood_prone": true, "rwi": -0.509, "elevation_m": 83.0, "settlement_id": "S0906", "dl_mbps": 109.705, "ul_mbps": 41.673, "latency_ms": 50.0, "n_tests": 15, "n_tiles": 3, "evidence_tier": "low_evidence", "n_schools_3km": 0, "n_clinics_3km": 0, "p_connectivity": 0.19569120287253142, "p_population": 0.043536804308797125, "p_institutions": 0.2755834829443447, "p_equity": 0.92870201096892135, "dipi": 31.6, "rank": 1049.0, "stakes_score": null, "gap_rank": null }, "geometry": { "type": "Point", "coordinates": [ 117.0372115, 6.1071192 ] } },
{ "type": "Feature", "properties": { "name": "Karagasan", "place": "village", "pop_2km": 84, "seasonal_water_px": 63, "flood_prone": true, "rwi": -0.19, "elevation_m": 75.0, "settlement_id": "S0907", "dl_mbps": 129.836, "ul_mbps": 36.189, "latency_ms": 54.0, "n_tests": 55, "n_tiles": 2, "evidence_tier": "low_evidence", "n_schools_3km": 1, "n_clinics_3km": 0, "p_connectivity": 0.15350089766606823, "p_population": 0.11624775583482945, "p_institutions": 0.63420107719928187, "p_equity": 0.65082266910420472, "dipi": 31.6, "rank": 1049.0, "stakes_score": null, "gap_rank": null }, "geometry": { "type": "Point", "coordinates": [ 117.0094102, 6.114858 ] } },
{ "type": "Feature", "properties": { "name": "Botung", "place": "village", "pop_2km": 84, "seasonal_water_px": 92, "flood_prone": true, "rwi": -0.19, "elevation_m": 130.0, "settlement_id": "S0908", "dl_mbps": 129.836, "ul_mbps": 30.766, "latency_ms": 77.0, "n_tests": 53, "n_tiles": 2, "evidence_tier": "low_evidence", "n_schools_3km": 2, "n_clinics_3km": 0, "p_connectivity": 0.15350089766606823, "p_population": 0.11624775583482945, "p_institutions": 0.75987432675044886, "p_equity": 0.65082266910420472, "dipi": 33.5, "rank": 1026.0, "stakes_score": null, "gap_rank": null }, "geometry": { "type": "Point", "coordinates": [ 116.9956752, 6.1078613 ] } },
{ "type": "Feature", "properties": { "name": "Lunsiu", "place": "village", "pop_2km": 407, "seasonal_water_px": 82, "flood_prone": true, "rwi": -0.23633333333333337, "elevation_m": 107.0, "settlement_id": "S0909", "dl_mbps": 85.282, "ul_mbps": 18.2125, "latency_ms": 68.5, "n_tests": 80, "n_tiles": 7, "evidence_tier": "measured", "n_schools_3km": 1, "n_clinics_3km": 0, "p_connectivity": 0.26750448833034113, "p_population": 0.29353680430879714, "p_institutions": 0.63420107719928187, "p_equity": 0.69561243144424134, "dipi": 41.5, "rank": 839.0, "stakes_score": null, "gap_rank": null }, "geometry": { "type": "Point", "coordinates": [ 116.9742026, 6.1041794 ] } },
{ "type": "Feature", "properties": { "name": "Pinitudahan", "place": "village", "pop_2km": 407, "seasonal_water_px": 47, "flood_prone": true, "rwi": -0.184, "elevation_m": 114.0, "settlement_id": "S0910", "dl_mbps": 85.282, "ul_mbps": 18.2125, "latency_ms": 68.5, "n_tests": 80, "n_tiles": 7, "evidence_tier": "measured", "n_schools_3km": 1, "n_clinics_3km": 0, "p_connectivity": 0.26750448833034113, "p_population": 0.29353680430879714, "p_institutions": 0.63420107719928187, "p_equity": 0.64351005484460699, "dipi": 40.4, "rank": 879.0, "stakes_score": null, "gap_rank": null }, "geometry": { "type": "Point", "coordinates": [ 116.9682867, 6.1001746 ] } },
{ "type": "Feature", "properties": { "name": "Puralai", "place": "village", "pop_2km": 275, "seasonal_water_px": 0, "flood_prone": false, "rwi": -0.462, "elevation_m": 170.0, "settlement_id": "S0912", "dl_mbps": 136.692, "ul_mbps": 31.907, "latency_ms": 60.0, "n_tests": 37, "n_tiles": 3, "evidence_tier": "measured", "n_schools_3km": 0, "n_clinics_3km": 0, "p_connectivity": 0.14138240574506283, "p_population": 0.23070017953321365, "p_institutions": 0.2755834829443447, "p_equity": 0.89168190127970748, "dipi": 33.4, "rank": 1027.0, "stakes_score": null, "gap_rank": null }, "geometry": { "type": "Point", "coordinates": [ 116.9574731, 6.06162 ] } },
{ "type": "Feature", "properties": { "name": "Meridi", "place": "village", "pop_2km": 407, "seasonal_water_px": 103, "flood_prone": true, "rwi": -0.286, "elevation_m": 88.0, "settlement_id": "S0914", "dl_mbps": 82.127, "ul_mbps": 19.115, "latency_ms": 69.0, "n_tests": 79, "n_tiles": 6, "evidence_tier": "measured", "n_schools_3km": 1, "n_clinics_3km": 0, "p_connectivity": 0.2850089766606822, "p_population": 0.29353680430879714, "p_institutions": 0.63420107719928187, "p_equity": 0.74177330895795246, "dipi": 43.1, "rank": 781.0, "stakes_score": null, "gap_rank": null }, "geometry": { "type": "Point", "coordinates": [ 116.9734444, 6.0951114 ] } },
{ "type": "Feature", "properties": { "name": "Lobou Baru", "place": "village", "pop_2km": 1034, "seasonal_water_px": 0, "flood_prone": false, "rwi": -0.16833333333333333, "elevation_m": 160.0, "settlement_id": "S0915", "dl_mbps": 21.818, "ul_mbps": 4.908, "latency_ms": 64.0, "n_tests": 136, "n_tiles": 10, "evidence_tier": "measured", "n_schools_3km": 0, "n_clinics_3km": 0, "p_connectivity": 0.84335727109515257, "p_population": 0.5125673249551167, "p_institutions": 0.2755834829443447, "p_equity": 0.62797074954296161, "dipi": 63.2, "rank": 140.0, "stakes_score": null, "gap_rank": null }, "geometry": { "type": "Point", "coordinates": [ 116.863994, 6.126042 ] } },
{ "type": "Feature", "properties": { "name": "Paka", "place": "village", "pop_2km": 275, "seasonal_water_px": 0, "flood_prone": false, "rwi": -0.462, "elevation_m": 105.0, "settlement_id": "S0916", "dl_mbps": 136.692, "ul_mbps": 31.907, "latency_ms": 60.0, "n_tests": 37, "n_tiles": 3, "evidence_tier": "measured", "n_schools_3km": 0, "n_clinics_3km": 0, "p_connectivity": 0.14138240574506283, "p_population": 0.23070017953321365, "p_institutions": 0.2755834829443447, "p_equity": 0.89168190127970748, "dipi": 33.4, "rank": 1027.0, "stakes_score": null, "gap_rank": null }, "geometry": { "type": "Point", "coordinates": [ 116.9409276, 6.0582367 ] } },
{ "type": "Feature", "properties": { "name": "Pupuan", "place": "village", "pop_2km": 378, "seasonal_water_px": 0, "flood_prone": false, "rwi": -0.135, "elevation_m": 86.0, "settlement_id": "S0917", "dl_mbps": 88.437, "ul_mbps": 19.115, "latency_ms": 69.0, "n_tests": 77, "n_tiles": 4, "evidence_tier": "measured", "n_schools_3km": 1, "n_clinics_3km": 0, "p_connectivity": 0.25897666068222619, "p_population": 0.2751346499102334, "p_institutions": 0.63420107719928187, "p_equity": 0.59963436928702007, "dipi": 38.7, "rank": 925.0, "stakes_score": null, "gap_rank": null }, "geometry": { "type": "Point", "coordinates": [ 116.972556, 6.0789621 ] } },
{ "type": "Feature", "properties": { "name": "Kilanas", "place": "village", "pop_2km": 247, "seasonal_water_px": 0, "flood_prone": false, "rwi": -0.462, "elevation_m": 117.0, "settlement_id": "S0918", "dl_mbps": 136.692, "ul_mbps": 31.907, "latency_ms": 60.0, "n_tests": 37, "n_tiles": 3, "evidence_tier": "measured", "n_schools_3km": 0, "n_clinics_3km": 0, "p_connectivity": 0.14138240574506283, "p_population": 0.21140035906642729, "p_institutions": 0.2755834829443447, "p_equity": 0.89168190127970748, "dipi": 32.9, "rank": 1034.0, "stakes_score": null, "gap_rank": null }, "geometry": { "type": "Point", "coordinates": [ 116.9474774, 6.0739994 ] } },
{ "type": "Feature", "properties": { "name": "Tagibang", "place": "village", "pop_2km": 0, "seasonal_water_px": 0, "flood_prone": false, "rwi": -0.607, "elevation_m": 244.0, "settlement_id": "S0919", "dl_mbps": 144.9045, "ul_mbps": 23.403, "latency_ms": 57.5, "n_tests": 32, "n_tiles": 3, "evidence_tier": "measured", "n_schools_3km": 0, "n_clinics_3km": 0, "p_connectivity": 0.13195691202872531, "p_population": 0.043536804308797125, "p_institutions": 0.2755834829443447, "p_equity": 0.97440585009140768, "dipi": 30.0, "rank": 1074.0, "stakes_score": null, "gap_rank": null }, "geometry": { "type": "Point", "coordinates": [ 116.936323, 6.2312313 ] } },
{ "type": "Feature", "properties": { "name": "Giring", "place": "village", "pop_2km": 275, "seasonal_water_px": 0, "flood_prone": false, "rwi": -0.462, "elevation_m": 100.0, "settlement_id": "S0920", "dl_mbps": 136.692, "ul_mbps": 31.907, "latency_ms": 60.0, "n_tests": 37, "n_tiles": 3, "evidence_tier": "measured", "n_schools_3km": 0, "n_clinics_3km": 0, "p_connectivity": 0.14138240574506283, "p_population": 0.23070017953321365, "p_institutions": 0.2755834829443447, "p_equity": 0.89168190127970748, "dipi": 33.4, "rank": 1027.0, "stakes_score": null, "gap_rank": null }, "geometry": { "type": "Point", "coordinates": [ 116.9494928, 6.0640973 ] } },
{ "type": "Feature", "properties": { "name": "Molinsau", "place": "village", "pop_2km": 340, "seasonal_water_px": 0, "flood_prone": false, "rwi": -0.22766666666666668, "elevation_m": 113.0, "settlement_id": "S0921", "dl_mbps": 46.3835, "ul_mbps": 5.6225, "latency_ms": 80.0, "n_tests": 25, "n_tiles": 4, "evidence_tier": "measured", "n_schools_3km": 0, "n_clinics_3km": 0, "p_connectivity": 0.49730700179533216, "p_population": 0.2625673249551167, "p_institutions": 0.2755834829443447, "p_equity": 0.68464351005484458, "dipi": 44.3, "rank": 730.0, "stakes_score": null, "gap_rank": null }, "geometry": { "type": "Point", "coordinates": [ 116.9520933, 6.163694 ] } },
{ "type": "Feature", "properties": { "name": "Kawiyan", "place": "village", "pop_2km": 275, "seasonal_water_px": 0, "flood_prone": false, "rwi": -0.462, "elevation_m": 94.0, "settlement_id": "S0922", "dl_mbps": 136.692, "ul_mbps": 31.907, "latency_ms": 60.0, "n_tests": 37, "n_tiles": 3, "evidence_tier": "measured", "n_schools_3km": 0, "n_clinics_3km": 0, "p_connectivity": 0.14138240574506283, "p_population": 0.23070017953321365, "p_institutions": 0.2755834829443447, "p_equity": 0.89168190127970748, "dipi": 33.4, "rank": 1027.0, "stakes_score": null, "gap_rank": null }, "geometry": { "type": "Point", "coordinates": [ 116.9433461, 6.0642153 ] } },
{ "type": "Feature", "properties": { "name": "Linapasan", "place": "village", "pop_2km": 167, "seasonal_water_px": 0, "flood_prone": false, "rwi": -0.233, "elevation_m": 124.0, "settlement_id": "S0924", "dl_mbps": 53.0465, "ul_mbps": 5.6755, "latency_ms": 72.0, "n_tests": 53, "n_tiles": 6, "evidence_tier": "measured", "n_schools_3km": 0, "n_clinics_3km": 0, "p_connectivity": 0.4272890484739677, "p_population": 0.16023339317773788, "p_institutions": 0.2755834829443447, "p_equity": 0.68875685557586841, "dipi": 39.0, "rank": 917.0, "stakes_score": null, "gap_rank": null }, "geometry": { "type": "Point", "coordinates": [ 116.9633332, 6.171814 ] } },
{ "type": "Feature", "properties": { "name": "Nawanon", "place": "village", "pop_2km": 0, "seasonal_water_px": 0, "flood_prone": false, "rwi": -0.5125, "elevation_m": 180.0, "settlement_id": "S0925", "dl_mbps": 161.854, "ul_mbps": 22.885, "latency_ms": 70.0, "n_tests": 50, "n_tiles": 7, "evidence_tier": "measured", "n_schools_3km": 0, "n_clinics_3km": 0, "p_connectivity": 0.10143626570915619, "p_population": 0.043536804308797125, "p_institutions": 0.2755834829443447, "p_equity": 0.93007312614259596, "dipi": 27.9, "rank": 1096.0, "stakes_score": null, "gap_rank": null }, "geometry": { "type": "Point", "coordinates": [ 116.9051814, 6.2019449 ] } },
{ "type": "Feature", "properties": { "name": "Wayan", "place": "village", "pop_2km": 266, "seasonal_water_px": 112, "flood_prone": true, "rwi": -0.136, "elevation_m": 125.0, "settlement_id": "S0926", "dl_mbps": 77.87, "ul_mbps": 7.732, "latency_ms": 63.0, "n_tests": 9, "n_tiles": 1, "evidence_tier": "low_evidence", "n_schools_3km": 0, "n_clinics_3km": 0, "p_connectivity": 0.30251346499102333, "p_population": 0.22262118491921004, "p_institutions": 0.2755834829443447, "p_equity": 0.60054844606946989, "dipi": 33.8, "rank": 1020.0, "stakes_score": null, "gap_rank": null }, "geometry": { "type": "Point", "coordinates": [ 116.9494127, 6.141252 ] } },
{ "type": "Feature", "properties": { "name": "Mokodou", "place": "village", "pop_2km": 296, "seasonal_water_px": 107, "flood_prone": true, "rwi": -0.2345, "elevation_m": 123.0, "settlement_id": "S0927", "dl_mbps": 77.87, "ul_mbps": 7.732, "latency_ms": 63.0, "n_tests": 9, "n_tiles": 1, "evidence_tier": "low_evidence", "n_schools_3km": 0, "n_clinics_3km": 0, "p_connectivity": 0.30251346499102333, "p_population": 0.24281867145421904, "p_institutions": 0.2755834829443447, "p_equity": 0.69241316270566733, "dipi": 36.2, "rank": 985.0, "stakes_score": null, "gap_rank": null }, "geometry": { "type": "Point", "coordinates": [ 116.9328793, 6.1576467 ] } },
{ "type": "Feature", "properties": { "name": "Tinutuan", "place": "village", "pop_2km": 742, "seasonal_water_px": 27, "flood_prone": true, "rwi": -0.3545, "elevation_m": 218.0, "settlement_id": "S0928", "dl_mbps": 156.145, "ul_mbps": 21.681, "latency_ms": 45.0, "n_tests": 65, "n_tiles": 5, "evidence_tier": "measured", "n_schools_3km": 0, "n_clinics_3km": 0, "p_connectivity": 0.11175942549371634, "p_population": 0.4142728904847397, "p_institutions": 0.2755834829443447, "p_equity": 0.80575868372943327, "dipi": 35.1, "rank": 1004.0, "stakes_score": null, "gap_rank": null }, "geometry": { "type": "Point", "coordinates": [ 116.8182326, 6.1095094 ] } },
{ "type": "Feature", "properties": { "name": "Tanid", "place": "village", "pop_2km": 390, "seasonal_water_px": 63, "flood_prone": true, "rwi": -0.14766666666666667, "elevation_m": 121.0, "settlement_id": "S0929", "dl_mbps": 46.3835, "ul_mbps": 5.6225, "latency_ms": 80.0, "n_tests": 25, "n_tiles": 4, "evidence_tier": "measured", "n_schools_3km": 0, "n_clinics_3km": 0, "p_connectivity": 0.49730700179533216, "p_population": 0.28456014362657089, "p_institutions": 0.2755834829443447, "p_equity": 0.60968921389396713, "dipi": 43.3, "rank": 772.0, "stakes_score": null, "gap_rank": null }, "geometry": { "type": "Point", "coordinates": [ 116.9462711, 6.1617573 ] } },
{ "type": "Feature", "properties": { "name": "Daramakan", "place": "village", "pop_2km": 0, "seasonal_water_px": 1, "flood_prone": false, "rwi": -0.31525, "elevation_m": 177.0, "settlement_id": "S0930", "dl_mbps": 91.889, "ul_mbps": 14.536, "latency_ms": 57.0, "n_tests": 52, "n_tiles": 4, "evidence_tier": "measured", "n_schools_3km": 0, "n_clinics_3km": 0, "p_connectivity": 0.24596050269299821, "p_population": 0.043536804308797125, "p_institutions": 0.2755834829443447, "p_equity": 0.76599634369287017, "dipi": 30.4, "rank": 1071.0, "stakes_score": null, "gap_rank": null }, "geometry": { "type": "Point", "coordinates": [ 116.8346982, 6.1620568 ] } },
{ "type": "Feature", "properties": { "name": "Timbua B", "place": "village", "pop_2km": 981, "seasonal_water_px": 16, "flood_prone": true, "rwi": -0.061, "elevation_m": 165.0, "settlement_id": "S0931", "dl_mbps": 21.818, "ul_mbps": 3.127, "latency_ms": 64.0, "n_tests": 134, "n_tiles": 8, "evidence_tier": "measured", "n_schools_3km": 0, "n_clinics_3km": 0, "p_connectivity": 0.84335727109515257, "p_population": 0.49281867145421904, "p_institutions": 0.2755834829443447, "p_equity": 0.53199268738574035, "dipi": 60.8, "rank": 198.0, "stakes_score": null, "gap_rank": null }, "geometry": { "type": "Point", "coordinates": [ 116.863674, 6.1160327 ] } },
{ "type": "Feature", "properties": { "name": "Lobou Timbua", "place": "village", "pop_2km": 377, "seasonal_water_px": 49, "flood_prone": true, "rwi": -0.379, "elevation_m": 172.0, "settlement_id": "S0934", "dl_mbps": 70.192, "ul_mbps": 18.349, "latency_ms": 64.0, "n_tests": 112, "n_tiles": 3, "evidence_tier": "measured", "n_schools_3km": 0, "n_clinics_3km": 0, "p_connectivity": 0.3384201077199282, "p_population": 0.27378815080789948, "p_institutions": 0.2755834829443447, "p_equity": 0.82906764168190128, "dipi": 41.1, "rank": 858.0, "stakes_score": null, "gap_rank": null }, "geometry": { "type": "Point", "coordinates": [ 116.8496786, 6.0977074 ] } },
{ "type": "Feature", "properties": { "name": "Lobou Kiyip", "place": "village", "pop_2km": 0, "seasonal_water_px": 0, "flood_prone": false, "rwi": -0.431, "elevation_m": 166.0, "settlement_id": "S0936", "dl_mbps": 171.44, "ul_mbps": 23.2545, "latency_ms": 70.0, "n_tests": 49, "n_tiles": 6, "evidence_tier": "measured", "n_schools_3km": 0, "n_clinics_3km": 0, "p_connectivity": 0.081687612208258528, "p_population": 0.043536804308797125, "p_institutions": 0.2755834829443447, "p_equity": 0.86791590493601467, "dipi": 25.8, "rank": 1107.0, "stakes_score": null, "gap_rank": null }, "geometry": { "type": "Point", "coordinates": [ 116.89535, 6.1899187 ] } },
{ "type": "Feature", "properties": { "name": "Togop Darat", "place": "village", "pop_2km": 308, "seasonal_water_px": 2, "flood_prone": false, "rwi": -0.44775, "elevation_m": 199.0, "settlement_id": "S0938", "dl_mbps": 115.142, "ul_mbps": 20.776, "latency_ms": 57.0, "n_tests": 19, "n_tiles": 3, "evidence_tier": "low_evidence", "n_schools_3km": 0, "n_clinics_3km": 0, "p_connectivity": 0.17998204667863554, "p_population": 0.25044883303411131, "p_institutions": 0.2755834829443447, "p_equity": 0.8752285191956124, "dipi": 35.1, "rank": 1004.0, "stakes_score": null, "gap_rank": null }, "geometry": { "type": "Point", "coordinates": [ 116.8111433, 6.1655933 ] } },
{ "type": "Feature", "properties": { "name": "Kantas", "place": "village", "pop_2km": 0, "seasonal_water_px": 0, "flood_prone": false, "rwi": -0.5125, "elevation_m": 226.0, "settlement_id": "S0939", "dl_mbps": 161.854, "ul_mbps": 22.885, "latency_ms": 70.0, "n_tests": 50, "n_tiles": 7, "evidence_tier": "measured", "n_schools_3km": 0, "n_clinics_3km": 0, "p_connectivity": 0.10143626570915619, "p_population": 0.043536804308797125, "p_institutions": 0.2755834829443447, "p_equity": 0.93007312614259596, "dipi": 27.9, "rank": 1096.0, "stakes_score": null, "gap_rank": null }, "geometry": { "type": "Point", "coordinates": [ 116.9017807, 6.211838 ] } },
{ "type": "Feature", "properties": { "name": "Pinawantai", "place": "village", "pop_2km": 1202, "seasonal_water_px": 0, "flood_prone": false, "rwi": -0.4463333333333333, "elevation_m": 271.0, "settlement_id": "S0940", "dl_mbps": 74.037, "ul_mbps": 31.383, "latency_ms": 43.0, "n_tests": 43, "n_tiles": 5, "evidence_tier": "measured", "n_schools_3km": 0, "n_clinics_3km": 0, "p_connectivity": 0.32136445242369838, "p_population": 0.54488330341113111, "p_institutions": 0.2755834829443447, "p_equity": 0.87385740402193779, "dipi": 48.1, "rank": 616.0, "stakes_score": null, "gap_rank": null }, "geometry": { "type": "Point", "coordinates": [ 116.7789947, 6.15882 ] } },
{ "type": "Feature", "properties": { "name": "Tarawas", "place": "village", "pop_2km": 1031, "seasonal_water_px": 0, "flood_prone": false, "rwi": -0.2815, "elevation_m": 263.0, "settlement_id": "S0941", "dl_mbps": 206.3515, "ul_mbps": 25.7685, "latency_ms": 52.5, "n_tests": 62, "n_tiles": 5, "evidence_tier": "measured", "n_schools_3km": 0, "n_clinics_3km": 0, "p_connectivity": 0.043087971274685818, "p_population": 0.51122082585278272, "p_institutions": 0.2755834829443447, "p_equity": 0.73400365630712983, "dipi": 33.3, "rank": 1032.0, "stakes_score": null, "gap_rank": null }, "geometry": { "type": "Point", "coordinates": [ 116.7986317, 6.119726 ] } },
{ "type": "Feature", "properties": { "name": "Morungin 1", "place": "village", "pop_2km": 455, "seasonal_water_px": 51, "flood_prone": true, "rwi": -0.1705, "elevation_m": 147.0, "settlement_id": "S0942", "dl_mbps": 9.791, "ul_mbps": 3.032, "latency_ms": 63.0, "n_tests": 34, "n_tiles": 9, "evidence_tier": "measured", "n_schools_3km": 0, "n_clinics_3km": 0, "p_connectivity": 0.95870736086175945, "p_population": 0.32405745062836627, "p_institutions": 0.2755834829443447, "p_equity": 0.62979890310786102, "dipi": 63.2, "rank": 140.0, "stakes_score": null, "gap_rank": null }, "geometry": { "type": "Point", "coordinates": [ 116.8755335, 6.1275936 ] } },
{ "type": "Feature", "properties": { "name": "Monggis", "place": "village", "pop_2km": 1234, "seasonal_water_px": 0, "flood_prone": false, "rwi": -0.403, "elevation_m": 300.0, "settlement_id": "S0943", "dl_mbps": 81.411, "ul_mbps": 23.453, "latency_ms": 57.0, "n_tests": 6, "n_tiles": 4, "evidence_tier": "low_evidence", "n_schools_3km": 0, "n_clinics_3km": 0, "p_connectivity": 0.2881508078994614, "p_population": 0.55385996409335725, "p_institutions": 0.2755834829443447, "p_equity": 0.84369287020109685, "dipi": 46.4, "rank": 676.0, "stakes_score": null, "gap_rank": null }, "geometry": { "type": "Point", "coordinates": [ 116.7656937, 6.20053 ] } },
{ "type": "Feature", "properties": { "name": "Timbua A", "place": "village", "pop_2km": 846, "seasonal_water_px": 8, "flood_prone": true, "rwi": -0.061, "elevation_m": 168.0, "settlement_id": "S0944", "dl_mbps": 21.818, "ul_mbps": 4.466, "latency_ms": 64.0, "n_tests": 134, "n_tiles": 8, "evidence_tier": "measured", "n_schools_3km": 0, "n_clinics_3km": 0, "p_connectivity": 0.84335727109515257, "p_population": 0.44479353680430878, "p_institutions": 0.2755834829443447, "p_equity": 0.53199268738574035, "dipi": 59.6, "rank": 251.0, "stakes_score": null, "gap_rank": null }, "geometry": { "type": "Point", "coordinates": [ 116.8612539, 6.1141163 ] } },
{ "type": "Feature", "properties": { "name": "Morungin 2", "place": "village", "pop_2km": 455, "seasonal_water_px": 40, "flood_prone": true, "rwi": -0.12066666666666669, "elevation_m": 152.0, "settlement_id": "S0945", "dl_mbps": 13.051, "ul_mbps": 2.768, "latency_ms": 61.5, "n_tests": 35, "n_tiles": 10, "evidence_tier": "measured", "n_schools_3km": 0, "n_clinics_3km": 0, "p_connectivity": 0.92908438061041287, "p_population": 0.32405745062836627, "p_institutions": 0.2755834829443447, "p_equity": 0.58409506398537481, "dipi": 61.1, "rank": 189.0, "stakes_score": null, "gap_rank": null }, "geometry": { "type": "Point", "coordinates": [ 116.8671691, 6.133676 ] } },
{ "type": "Feature", "properties": { "name": "Perancangan", "place": "village", "pop_2km": 1155, "seasonal_water_px": 2, "flood_prone": false, "rwi": -0.18633333333333332, "elevation_m": 254.0, "settlement_id": "S0946", "dl_mbps": 28.066, "ul_mbps": 6.593, "latency_ms": 51.0, "n_tests": 68, "n_tiles": 10, "evidence_tier": "measured", "n_schools_3km": 0, "n_clinics_3km": 1, "p_connectivity": 0.7405745062836625, "p_population": 0.53366247755834828, "p_institutions": 0.63420107719928187, "p_equity": 0.6462522851919561, "dipi": 65.4, "rank": 88.0, "stakes_score": null, "gap_rank": null }, "geometry": { "type": "Point", "coordinates": [ 116.7974408, 6.0692593 ] } },
{ "type": "Feature", "properties": { "name": "Lutut", "place": "village", "pop_2km": 669, "seasonal_water_px": 0, "flood_prone": false, "rwi": -0.17266666666666666, "elevation_m": 255.0, "settlement_id": "S0949", "dl_mbps": 149.4875, "ul_mbps": 22.084, "latency_ms": 45.5, "n_tests": 215, "n_tiles": 7, "evidence_tier": "measured", "n_schools_3km": 0, "n_clinics_3km": 0, "p_connectivity": 0.12567324955116696, "p_population": 0.38958707360861761, "p_institutions": 0.2755834829443447, "p_equity": 0.63345521023765994, "dipi": 31.6, "rank": 1049.0, "stakes_score": null, "gap_rank": null }, "geometry": { "type": "Point", "coordinates": [ 116.7930835, 6.006978 ] } },
{ "type": "Feature", "properties": { "name": "Langsat", "place": "village", "pop_2km": 311, "seasonal_water_px": 4, "flood_prone": false, "rwi": -0.5255, "elevation_m": 225.0, "settlement_id": "S0950", "dl_mbps": 37.197, "ul_mbps": 6.142, "latency_ms": 53.0, "n_tests": 56, "n_tiles": 7, "evidence_tier": "measured", "n_schools_3km": 0, "n_clinics_3km": 1, "p_connectivity": 0.62208258527827653, "p_population": 0.25269299820466784, "p_institutions": 0.63420107719928187, "p_equity": 0.94149908592321752, "dipi": 59.5, "rank": 257.0, "stakes_score": null, "gap_rank": null }, "geometry": { "type": "Point", "coordinates": [ 116.7978462, 6.0481787 ] } },
{ "type": "Feature", "properties": { "name": "Takutan", "place": "village", "pop_2km": 518, "seasonal_water_px": 0, "flood_prone": false, "rwi": -0.237, "elevation_m": 292.0, "settlement_id": "S0951", "dl_mbps": 48.459, "ul_mbps": 17.3355, "latency_ms": 17.5, "n_tests": 15, "n_tiles": 5, "evidence_tier": "low_evidence", "n_schools_3km": 1, "n_clinics_3km": 0, "p_connectivity": 0.46678635547576303, "p_population": 0.34784560143626569, "p_institutions": 0.63420107719928187, "p_equity": 0.69744058500914075, "dipi": 50.8, "rank": 547.0, "stakes_score": null, "gap_rank": null }, "geometry": { "type": "Point", "coordinates": [ 116.7732327, 6.0886156 ] } },
{ "type": "Feature", "properties": { "name": "Togis", "place": "village", "pop_2km": 1244, "seasonal_water_px": 4, "flood_prone": false, "rwi": -0.33966666666666662, "elevation_m": 253.0, "settlement_id": "S0952", "dl_mbps": 28.957, "ul_mbps": 10.5475, "latency_ms": 40.0, "n_tests": 40, "n_tiles": 9, "evidence_tier": "measured", "n_schools_3km": 1, "n_clinics_3km": 1, "p_connectivity": 0.72980251346499103, "p_population": 0.55610412926391384, "p_institutions": 0.75987432675044886, "p_equity": 0.7906764168190128, "dipi": 70.3, "rank": 36.0, "stakes_score": null, "gap_rank": null }, "geometry": { "type": "Point", "coordinates": [ 116.7758169, 6.0724026 ] } },
{ "type": "Feature", "properties": { "name": "Kirokot", "place": "village", "pop_2km": 287, "seasonal_water_px": 0, "flood_prone": false, "rwi": -0.316, "elevation_m": 259.0, "settlement_id": "S0953", "dl_mbps": 20.278, "ul_mbps": 2.347, "latency_ms": 48.0, "n_tests": 57, "n_tiles": 5, "evidence_tier": "measured", "n_schools_3km": 0, "n_clinics_3km": 0, "p_connectivity": 0.86535008976660677, "p_population": 0.23788150807899461, "p_institutions": 0.2755834829443447, "p_equity": 0.76736745886654478, "dipi": 60.0, "rank": 232.0, "stakes_score": null, "gap_rank": null }, "geometry": { "type": "Point", "coordinates": [ 116.8330692, 6.0626507 ] } },
{ "type": "Feature", "properties": { "name": "Singgaron Baru", "place": "village", "pop_2km": 443, "seasonal_water_px": 8, "flood_prone": true, "rwi": -0.3295, "elevation_m": 245.0, "settlement_id": "S0954", "dl_mbps": 179.188, "ul_mbps": 22.246, "latency_ms": 43.0, "n_tests": 30, "n_tiles": 3, "evidence_tier": "measured", "n_schools_3km": 0, "n_clinics_3km": 0, "p_connectivity": 0.073159784560143631, "p_population": 0.31777378815080792, "p_institutions": 0.2755834829443447, "p_equity": 0.78336380255941496, "dipi": 30.7, "rank": 1066.0, "stakes_score": null, "gap_rank": null }, "geometry": { "type": "Point", "coordinates": [ 116.7983156, 6.02306 ] } },
{ "type": "Feature", "properties": { "name": "Waluhu", "place": "village", "pop_2km": 0, "seasonal_water_px": 0, "flood_prone": false, "rwi": -0.615, "elevation_m": 264.0, "settlement_id": "S0955", "dl_mbps": 179.188, "ul_mbps": 22.246, "latency_ms": 53.0, "n_tests": 180, "n_tiles": 3, "evidence_tier": "measured", "n_schools_3km": 0, "n_clinics_3km": 0, "p_connectivity": 0.073159784560143631, "p_population": 0.043536804308797125, "p_institutions": 0.2755834829443447, "p_equity": 0.97623400365630708, "dipi": 27.7, "rank": 1098.0, "stakes_score": null, "gap_rank": null }, "geometry": { "type": "Point", "coordinates": [ 116.7998473, 5.98922 ] } },
{ "type": "Feature", "properties": { "name": "Bongkud", "place": "village", "pop_2km": 4327, "seasonal_water_px": 1, "flood_prone": false, "rwi": -0.03, "elevation_m": 318.0, "settlement_id": "S0956", "dl_mbps": 73.744, "ul_mbps": 23.481, "latency_ms": 39.0, "n_tests": 154, "n_tiles": 10, "evidence_tier": "measured", "n_schools_3km": 0, "n_clinics_3km": 0, "p_connectivity": 0.32405745062836627, "p_population": 0.74416517055655296, "p_institutions": 0.2755834829443447, "p_equity": 0.49542961608775138, "dipi": 45.6, "rank": 698.0, "stakes_score": null, "gap_rank": null }, "geometry": { "type": "Point", "coordinates": [ 116.7563363, 6.0214701 ] } },
{ "type": "Feature", "properties": { "name": "Dobut", "place": "village", "pop_2km": 1167, "seasonal_water_px": 3, "flood_prone": false, "rwi": -0.4286666666666667, "elevation_m": 259.0, "settlement_id": "S0957", "dl_mbps": 29.7345, "ul_mbps": 6.916, "latency_ms": 52.0, "n_tests": 80, "n_tiles": 11, "evidence_tier": "measured", "n_schools_3km": 0, "n_clinics_3km": 1, "p_connectivity": 0.71813285457809695, "p_population": 0.53590664272890487, "p_institutions": 0.63420107719928187, "p_equity": 0.86654478976234006, "dipi": 69.0, "rank": 46.0, "stakes_score": null, "gap_rank": null }, "geometry": { "type": "Point", "coordinates": [ 116.8001574, 6.0633286 ] } },
{ "type": "Feature", "properties": { "name": "Lasing", "place": "village", "pop_2km": 11751, "seasonal_water_px": 0, "flood_prone": false, "rwi": 0.48975, "elevation_m": 512.0, "settlement_id": "S0958", "dl_mbps": 52.368, "ul_mbps": 12.067, "latency_ms": 46.0, "n_tests": 2593, "n_tiles": 37, "evidence_tier": "measured", "n_schools_3km": 7, "n_clinics_3km": 3, "p_connectivity": 0.42953321364452424, "p_population": 0.88061041292639142, "p_institutions": 0.93716337522441651, "p_equity": 0.17138939670932357, "dipi": 56.7, "rank": 350.0, "stakes_score": null, "gap_rank": null }, "geometry": { "type": "Point", "coordinates": [ 116.6782755, 5.9641354 ] } },
{ "type": "Feature", "properties": { "name": "Rondogung Baru", "place": "village", "pop_2km": 5708, "seasonal_water_px": 14, "flood_prone": true, "rwi": 0.32666666666666666, "elevation_m": 349.0, "settlement_id": "S0959", "dl_mbps": 63.6895, "ul_mbps": 20.3855, "latency_ms": 42.0, "n_tests": 267, "n_tiles": 18, "evidence_tier": "measured", "n_schools_3km": 0, "n_clinics_3km": 0, "p_connectivity": 0.36624775583482944, "p_population": 0.78186714542190305, "p_institutions": 0.2755834829443447, "p_equity": 0.23126142595978061, "dipi": 43.0, "rank": 784.0, "stakes_score": null, "gap_rank": null }, "geometry": { "type": "Point", "coordinates": [ 116.7379799, 6.016495 ] } },
{ "type": "Feature", "properties": { "name": "Nampasan Baru", "place": "village", "pop_2km": 766, "seasonal_water_px": 0, "flood_prone": false, "rwi": -0.009333333333333341, "elevation_m": 442.0, "settlement_id": "S0960", "dl_mbps": 57.137, "ul_mbps": 13.033, "latency_ms": 47.0, "n_tests": 89, "n_tiles": 17, "evidence_tier": "measured", "n_schools_3km": 0, "n_clinics_3km": 0, "p_connectivity": 0.401705565529623, "p_population": 0.42369838420107719, "p_institutions": 0.2755834829443447, "p_equity": 0.47623400365630714, "dipi": 40.3, "rank": 882.0, "stakes_score": null, "gap_rank": null }, "geometry": { "type": "Point", "coordinates": [ 116.7251583, 6.0293568 ] } },
{ "type": "Feature", "properties": { "name": "Nopung 2", "place": "village", "pop_2km": 1758, "seasonal_water_px": 0, "flood_prone": false, "rwi": -0.3425, "elevation_m": 313.0, "settlement_id": "S0961", "dl_mbps": 51.725, "ul_mbps": 11.137, "latency_ms": 40.0, "n_tests": 21, "n_tiles": 6, "evidence_tier": "measured", "n_schools_3km": 0, "n_clinics_3km": 0, "p_connectivity": 0.43806104129263912, "p_population": 0.60412926391382404, "p_institutions": 0.2755834829443447, "p_equity": 0.79296160877513711, "dipi": 52.6, "rank": 480.0, "stakes_score": null, "gap_rank": null }, "geometry": { "type": "Point", "coordinates": [ 116.7574738, 6.044906 ] } },
{ "type": "Feature", "properties": { "name": "Narawang", "place": "village", "pop_2km": 474, "seasonal_water_px": 20, "flood_prone": true, "rwi": -0.206, "elevation_m": 271.0, "settlement_id": "S0962", "dl_mbps": 161.3925, "ul_mbps": 22.084, "latency_ms": 44.0, "n_tests": 38, "n_tiles": 5, "evidence_tier": "measured", "n_schools_3km": 0, "n_clinics_3km": 0, "p_connectivity": 0.10323159784560143, "p_population": 0.33438061041292638, "p_institutions": 0.2755834829443447, "p_equity": 0.6645338208409507, "dipi": 29.9, "rank": 1076.0, "stakes_score": null, "gap_rank": null }, "geometry": { "type": "Point", "coordinates": [ 116.7805573, 6.0064741 ] } },
{ "type": "Feature", "properties": { "name": "Kokob", "place": "village", "pop_2km": 472, "seasonal_water_px": 0, "flood_prone": false, "rwi": -0.036, "elevation_m": 544.0, "settlement_id": "S0963", "dl_mbps": 24.26, "ul_mbps": 9.732, "latency_ms": 47.0, "n_tests": 385, "n_tiles": 26, "evidence_tier": "measured", "n_schools_3km": 2, "n_clinics_3km": 0, "p_connectivity": 0.80789946140035906, "p_population": 0.33303411131059246, "p_institutions": 0.75987432675044886, "p_equity": 0.50228519195612431, "dipi": 62.1, "rank": 163.0, "stakes_score": null, "gap_rank": null }, "geometry": { "type": "Point", "coordinates": [ 116.7029234, 5.9741689 ] } },
{ "type": "Feature", "properties": { "name": "Namaus", "place": "village", "pop_2km": 3941, "seasonal_water_px": 1, "flood_prone": false, "rwi": 0.039666666666666663, "elevation_m": 306.0, "settlement_id": "S0964", "dl_mbps": 76.925, "ul_mbps": 23.7575, "latency_ms": 39.0, "n_tests": 146, "n_tiles": 8, "evidence_tier": "measured", "n_schools_3km": 0, "n_clinics_3km": 0, "p_connectivity": 0.30789946140035906, "p_population": 0.73070017953321365, "p_institutions": 0.2755834829443447, "p_equity": 0.43144424131627057, "dipi": 43.3, "rank": 772.0, "stakes_score": null, "gap_rank": null }, "geometry": { "type": "Point", "coordinates": [ 116.7599998, 6.0185567 ] } },
{ "type": "Feature", "properties": { "name": "Nopung 1", "place": "village", "pop_2km": 1322, "seasonal_water_px": 0, "flood_prone": false, "rwi": -0.5145, "elevation_m": 328.0, "settlement_id": "S0965", "dl_mbps": 45.791, "ul_mbps": 10.7435, "latency_ms": 26.0, "n_tests": 16, "n_tiles": 6, "evidence_tier": "low_evidence", "n_schools_3km": 0, "n_clinics_3km": 0, "p_connectivity": 0.50897666068222625, "p_population": 0.56373429084380611, "p_institutions": 0.2755834829443447, "p_equity": 0.93144424131627057, "dipi": 57.2, "rank": 334.0, "stakes_score": null, "gap_rank": null }, "geometry": { "type": "Point", "coordinates": [ 116.7431299, 6.0459598 ] } },
{ "type": "Feature", "properties": { "name": "Simpang Poring", "place": "village", "pop_2km": 2810, "seasonal_water_px": 3, "flood_prone": false, "rwi": -0.023666666666666669, "elevation_m": 334.0, "settlement_id": "S0966", "dl_mbps": 62.32, "ul_mbps": 18.0205, "latency_ms": 45.0, "n_tests": 181, "n_tiles": 15, "evidence_tier": "measured", "n_schools_3km": 0, "n_clinics_3km": 0, "p_connectivity": 0.37612208258527829, "p_population": 0.67594254937163378, "p_institutions": 0.2755834829443447, "p_equity": 0.48720292504570384, "dipi": 45.8, "rank": 694.0, "stakes_score": null, "gap_rank": null }, "geometry": { "type": "Point", "coordinates": [ 116.7371689, 6.0247047 ] } },
{ "type": "Feature", "properties": { "name": "Tanah Merah", "place": "village", "pop_2km": 5397, "seasonal_water_px": 3, "flood_prone": false, "rwi": 0.053333333333333344, "elevation_m": 541.0, "settlement_id": "S0967", "dl_mbps": 21.91, "ul_mbps": 7.978, "latency_ms": 52.0, "n_tests": 780, "n_tiles": 36, "evidence_tier": "measured", "n_schools_3km": 4, "n_clinics_3km": 0, "p_connectivity": 0.84111310592459609, "p_population": 0.77378815080789942, "p_institutions": 0.85592459605026927, "p_equity": 0.41681901279707495, "dipi": 74.2, "rank": 7.0, "stakes_score": null, "gap_rank": null }, "geometry": { "type": "Point", "coordinates": [ 116.6891078, 5.9803374 ] } },
{ "type": "Feature", "properties": { "name": "Lohan Ulu", "place": "village", "pop_2km": 5259, "seasonal_water_px": 0, "flood_prone": false, "rwi": 0.14333333333333334, "elevation_m": 525.0, "settlement_id": "S0968", "dl_mbps": 24.153, "ul_mbps": 5.8335, "latency_ms": 52.0, "n_tests": 384, "n_tiles": 32, "evidence_tier": "measured", "n_schools_3km": 4, "n_clinics_3km": 0, "p_connectivity": 0.80879712746858168, "p_population": 0.76929982046678635, "p_institutions": 0.85592459605026927, "p_equity": 0.35100548446069468, "dipi": 71.4, "rank": 26.0, "stakes_score": null, "gap_rank": null }, "geometry": { "type": "Point", "coordinates": [ 116.7027903, 5.9946501 ] } },
{ "type": "Feature", "properties": { "name": "Kilimu", "place": "village", "pop_2km": 5576, "seasonal_water_px": 0, "flood_prone": false, "rwi": 0.032, "elevation_m": 584.0, "settlement_id": "S0969", "dl_mbps": 24.151, "ul_mbps": 9.373, "latency_ms": 52.0, "n_tests": 699, "n_tiles": 32, "evidence_tier": "measured", "n_schools_3km": 4, "n_clinics_3km": 0, "p_connectivity": 0.80969479353680429, "p_population": 0.77737881508078999, "p_institutions": 0.85592459605026927, "p_equity": 0.43875685557586835, "dipi": 73.4, "rank": 10.0, "stakes_score": null, "gap_rank": null }, "geometry": { "type": "Point", "coordinates": [ 116.6819428, 5.9799267 ] } },
{ "type": "Feature", "properties": { "name": "Kinasaraban Baru", "place": "village", "pop_2km": 4697, "seasonal_water_px": 0, "flood_prone": false, "rwi": 0.399, "elevation_m": 404.0, "settlement_id": "S0970", "dl_mbps": 41.049, "ul_mbps": 13.013, "latency_ms": 39.0, "n_tests": 284, "n_tiles": 24, "evidence_tier": "measured", "n_schools_3km": 1, "n_clinics_3km": 0, "p_connectivity": 0.57450628366247758, "p_population": 0.75403949730700182, "p_institutions": 0.63420107719928187, "p_equity": 0.20383912248628885, "dipi": 55.4, "rank": 396.0, "stakes_score": null, "gap_rank": null }, "geometry": { "type": "Point", "coordinates": [ 116.7284581, 6.0010386 ] } },
{ "type": "Feature", "properties": { "name": "Koligan", "place": "village", "pop_2km": 4412, "seasonal_water_px": 0, "flood_prone": false, "rwi": 0.3795, "elevation_m": 425.0, "settlement_id": "S0971", "dl_mbps": 37.538, "ul_mbps": 10.482, "latency_ms": 44.0, "n_tests": 339, "n_tiles": 27, "evidence_tier": "measured", "n_schools_3km": 2, "n_clinics_3km": 0, "p_connectivity": 0.61579892280071813, "p_population": 0.74775583482944341, "p_institutions": 0.75987432675044886, "p_equity": 0.2093235831809872, "dipi": 58.9, "rank": 275.0, "stakes_score": null, "gap_rank": null }, "geometry": { "type": "Point", "coordinates": [ 116.7244884, 5.9984402 ] } },
{ "type": "Feature", "properties": { "name": "Sosopon", "place": "village", "pop_2km": 3612, "seasonal_water_px": 5, "flood_prone": true, "rwi": 0.306, "elevation_m": 382.0, "settlement_id": "S0972", "dl_mbps": 55.285, "ul_mbps": 18.0205, "latency_ms": 44.0, "n_tests": 276, "n_tiles": 24, "evidence_tier": "measured", "n_schools_3km": 1, "n_clinics_3km": 0, "p_connectivity": 0.41023339317773788, "p_population": 0.71454219030520649, "p_institutions": 0.63420107719928187, "p_equity": 0.24542961608775138, "dipi": 48.7, "rank": 609.0, "stakes_score": null, "gap_rank": null }, "geometry": { "type": "Point", "coordinates": [ 116.7268438, 6.0157129 ] } },
{ "type": "Feature", "properties": { "name": "Marakau", "place": "village", "pop_2km": 9586, "seasonal_water_px": 5, "flood_prone": true, "rwi": 0.4775, "elevation_m": 486.0, "settlement_id": "S0973", "dl_mbps": 63.6765, "ul_mbps": 12.8165, "latency_ms": 42.5, "n_tests": 2201, "n_tiles": 37, "evidence_tier": "measured", "n_schools_3km": 5, "n_clinics_3km": 3, "p_connectivity": 0.36714542190305205, "p_population": 0.85008976660682223, "p_institutions": 0.91382405745062834, "p_equity": 0.17824497257769653, "dipi": 53.2, "rank": 465.0, "stakes_score": null, "gap_rank": null }, "geometry": { "type": "Point", "coordinates": [ 116.6861618, 5.9497387 ] } },
{ "type": "Feature", "properties": { "name": "Lohan 1", "place": "village", "pop_2km": 4700, "seasonal_water_px": 2, "flood_prone": false, "rwi": 0.306, "elevation_m": 395.0, "settlement_id": "S0974", "dl_mbps": 46.0475, "ul_mbps": 13.5775, "latency_ms": 40.0, "n_tests": 284, "n_tiles": 24, "evidence_tier": "measured", "n_schools_3km": 1, "n_clinics_3km": 0, "p_connectivity": 0.50089766606822261, "p_population": 0.75583482944344704, "p_institutions": 0.63420107719928187, "p_equity": 0.24542961608775138, "dipi": 53.4, "rank": 456.0, "stakes_score": null, "gap_rank": null }, "geometry": { "type": "Point", "coordinates": [ 116.7290995, 6.0048282 ] } },
{ "type": "Feature", "properties": { "name": "Minihas", "place": "village", "pop_2km": 4781, "seasonal_water_px": 3, "flood_prone": false, "rwi": 0.223, "elevation_m": 380.0, "settlement_id": "S0975", "dl_mbps": 57.137, "ul_mbps": 19.736, "latency_ms": 39.0, "n_tests": 263, "n_tiles": 19, "evidence_tier": "measured", "n_schools_3km": 0, "n_clinics_3km": 0, "p_connectivity": 0.401705565529623, "p_population": 0.75763016157989227, "p_institutions": 0.2755834829443447, "p_equity": 0.28702010968921388, "dipi": 44.9, "rank": 713.0, "stakes_score": null, "gap_rank": null }, "geometry": { "type": "Point", "coordinates": [ 116.7348747, 6.0014372 ] } },
{ "type": "Feature", "properties": { "name": "Bahab", "place": "village", "pop_2km": 3793, "seasonal_water_px": 6, "flood_prone": true, "rwi": 0.12375, "elevation_m": 500.0, "settlement_id": "S0976", "dl_mbps": 41.77, "ul_mbps": 11.226, "latency_ms": 45.0, "n_tests": 524, "n_tiles": 29, "evidence_tier": "measured", "n_schools_3km": 2, "n_clinics_3km": 1, "p_connectivity": 0.56283662477558349, "p_population": 0.72262118491921001, "p_institutions": 0.82405745062836622, "p_equity": 0.35923217550274222, "dipi": 60.1, "rank": 227.0, "stakes_score": null, "gap_rank": null }, "geometry": { "type": "Point", "coordinates": [ 116.6959888, 5.9602901 ] } },
{ "type": "Feature", "properties": { "name": "Silad", "place": "village", "pop_2km": 4699, "seasonal_water_px": 9, "flood_prone": true, "rwi": 0.19966666666666666, "elevation_m": 354.0, "settlement_id": "S0977", "dl_mbps": 65.755, "ul_mbps": 21.189, "latency_ms": 41.0, "n_tests": 348, "n_tiles": 16, "evidence_tier": "measured", "n_schools_3km": 0, "n_clinics_3km": 0, "p_connectivity": 0.35996409335727109, "p_population": 0.75493716337522443, "p_institutions": 0.2755834829443447, "p_equity": 0.29250457038391225, "dipi": 43.3, "rank": 772.0, "stakes_score": null, "gap_rank": null }, "geometry": { "type": "Point", "coordinates": [ 116.7445306, 6.0029139 ] } },
{ "type": "Feature", "properties": { "name": "Sinorut", "place": "village", "pop_2km": 13370, "seasonal_water_px": 0, "flood_prone": false, "rwi": 0.48975, "elevation_m": 553.0, "settlement_id": "S0978", "dl_mbps": 69.6555, "ul_mbps": 12.8165, "latency_ms": 45.5, "n_tests": 2592, "n_tiles": 35, "evidence_tier": "measured", "n_schools_3km": 8, "n_clinics_3km": 3, "p_connectivity": 0.34201077199281865, "p_population": 0.89497307001795334, "p_institutions": 0.94793536804308798, "p_equity": 0.17138939670932357, "dipi": 53.7, "rank": 451.0, "stakes_score": null, "gap_rank": null }, "geometry": { "type": "Point", "coordinates": [ 116.6712662, 5.9631933 ] } },
{ "type": "Feature", "properties": { "name": "Tudangan", "place": "village", "pop_2km": 461, "seasonal_water_px": 0, "flood_prone": false, "rwi": -0.036, "elevation_m": 553.0, "settlement_id": "S0979", "dl_mbps": 21.623, "ul_mbps": 9.733, "latency_ms": 45.5, "n_tests": 256, "n_tiles": 23, "evidence_tier": "measured", "n_schools_3km": 2, "n_clinics_3km": 0, "p_connectivity": 0.84739676840215439, "p_population": 0.32675044883303411, "p_institutions": 0.75987432675044886, "p_equity": 0.50228519195612431, "dipi": 63.5, "rank": 128.0, "stakes_score": null, "gap_rank": null }, "geometry": { "type": "Point", "coordinates": [ 116.7028808, 5.9698134 ] } },
{ "type": "Feature", "properties": { "name": "Lukapon", "place": "village", "pop_2km": 7619, "seasonal_water_px": 0, "flood_prone": false, "rwi": 0.29466666666666663, "elevation_m": 546.0, "settlement_id": "S0980", "dl_mbps": 37.7665, "ul_mbps": 10.745, "latency_ms": 48.0, "n_tests": 1083, "n_tiles": 38, "evidence_tier": "measured", "n_schools_3km": 6, "n_clinics_3km": 3, "p_connectivity": 0.6140035906642729, "p_population": 0.81867145421903054, "p_institutions": 0.92504488330341117, "p_equity": 0.25045703839122485, "dipi": 63.9, "rank": 117.0, "stakes_score": null, "gap_rank": null }, "geometry": { "type": "Point", "coordinates": [ 116.6806532, 5.9708827 ] } },
{ "type": "Feature", "properties": { "name": "Libang", "place": "village", "pop_2km": 4495, "seasonal_water_px": 9, "flood_prone": true, "rwi": 0.155, "elevation_m": 503.0, "settlement_id": "S0981", "dl_mbps": 44.8955, "ul_mbps": 11.8005, "latency_ms": 43.5, "n_tests": 908, "n_tiles": 28, "evidence_tier": "measured", "n_schools_3km": 4, "n_clinics_3km": 1, "p_connectivity": 0.52064631956912033, "p_population": 0.74955116696588864, "p_institutions": 0.87477558348294437, "p_equity": 0.3336380255941499, "dipi": 59.4, "rank": 261.0, "stakes_score": null, "gap_rank": null }, "geometry": { "type": "Point", "coordinates": [ 116.6945286, 5.958544 ] } },
{ "type": "Feature", "properties": { "name": "Togudon Baru", "place": "village", "pop_2km": 12703, "seasonal_water_px": 0, "flood_prone": false, "rwi": 0.48975, "elevation_m": 516.0, "settlement_id": "S0982", "dl_mbps": 52.368, "ul_mbps": 12.067, "latency_ms": 46.0, "n_tests": 2593, "n_tiles": 37, "evidence_tier": "measured", "n_schools_3km": 8, "n_clinics_3km": 3, "p_connectivity": 0.42953321364452424, "p_population": 0.88958707360861755, "p_institutions": 0.94793536804308798, "p_equity": 0.17138939670932357, "dipi": 57.1, "rank": 338.0, "stakes_score": null, "gap_rank": null }, "geometry": { "type": "Point", "coordinates": [ 116.6774701, 5.9628827 ] } },
{ "type": "Feature", "properties": { "name": "Kauluan", "place": "village", "pop_2km": 3264, "seasonal_water_px": 0, "flood_prone": false, "rwi": 0.276, "elevation_m": 1288.0, "settlement_id": "S0983", "dl_mbps": 22.025, "ul_mbps": 9.306, "latency_ms": 49.0, "n_tests": 609, "n_tiles": 23, "evidence_tier": "measured", "n_schools_3km": 0, "n_clinics_3km": 1, "p_connectivity": 0.83752244165170553, "p_population": 0.69569120287253139, "p_institutions": 0.63420107719928187, "p_equity": 0.25959780621572209, "dipi": 65.6, "rank": 84.0, "stakes_score": null, "gap_rank": null }, "geometry": { "type": "Point", "coordinates": [ 116.5975738, 5.9873179 ] } },
{ "type": "Feature", "properties": { "name": "Kampung Dumpiring Atas", "place": "hamlet", "pop_2km": 9576, "seasonal_water_px": 0, "flood_prone": false, "rwi": 0.97666666666666668, "elevation_m": 1300.0, "settlement_id": "S0984", "dl_mbps": 30.838, "ul_mbps": 8.795, "latency_ms": 49.0, "n_tests": 1199, "n_tiles": 26, "evidence_tier": "measured", "n_schools_3km": 0, "n_clinics_3km": 1, "p_connectivity": 0.70152603231597843, "p_population": 0.84919210053859961, "p_institutions": 0.63420107719928187, "p_equity": 0.040676416819012795, "dipi": 59.6, "rank": 251.0, "stakes_score": null, "gap_rank": null }, "geometry": { "type": "Point", "coordinates": [ 116.5734337, 5.9805142 ] } },
{ "type": "Feature", "properties": { "name": "Kampung Desa Aman", "place": "hamlet", "pop_2km": 9724, "seasonal_water_px": 0, "flood_prone": false, "rwi": 0.9235, "elevation_m": 1304.0, "settlement_id": "S0985", "dl_mbps": 24.937, "ul_mbps": 8.121, "latency_ms": 49.0, "n_tests": 1262, "n_tiles": 30, "evidence_tier": "measured", "n_schools_3km": 0, "n_clinics_3km": 1, "p_connectivity": 0.78994614003590669, "p_population": 0.85368043087971279, "p_institutions": 0.63420107719928187, "p_equity": 0.050274223034734916, "dipi": 63.5, "rank": 128.0, "stakes_score": null, "gap_rank": null }, "geometry": { "type": "Point", "coordinates": [ 116.5703944, 5.9863327 ] } },
{ "type": "Feature", "properties": { "name": "Gana-Gana", "place": "village", "pop_2km": 91, "seasonal_water_px": 9, "flood_prone": true, "rwi": -0.2565, "elevation_m": 470.0, "settlement_id": "S0986", "dl_mbps": 22.418, "ul_mbps": 1.823, "latency_ms": 55.0, "n_tests": 29, "n_tiles": 11, "evidence_tier": "measured", "n_schools_3km": 0, "n_clinics_3km": 0, "p_connectivity": 0.83123877917414724, "p_population": 0.12163375224416517, "p_institutions": 0.2755834829443447, "p_equity": 0.70703839122486289, "dipi": 54.6, "rank": 423.0, "stakes_score": null, "gap_rank": null }, "geometry": { "type": "Point", "coordinates": [ 116.6532332, 5.8952062 ] } },
{ "type": "Feature", "properties": { "name": "Suminimpod", "place": "village", "pop_2km": 333, "seasonal_water_px": 0, "flood_prone": false, "rwi": -0.4376666666666667, "elevation_m": 834.0, "settlement_id": "S0987", "dl_mbps": 18.808, "ul_mbps": 3.6325, "latency_ms": 53.0, "n_tests": 28, "n_tiles": 9, "evidence_tier": "measured", "n_schools_3km": 1, "n_clinics_3km": 0, "p_connectivity": 0.88958707360861755, "p_population": 0.25852782764811488, "p_institutions": 0.63420107719928187, "p_equity": 0.87020109689213898, "dipi": 69.0, "rank": 46.0, "stakes_score": null, "gap_rank": null }, "geometry": { "type": "Point", "coordinates": [ 116.6426676, 5.8869947 ] } },
{ "type": "Feature", "properties": { "name": "Mumpoit", "place": "village", "pop_2km": 662, "seasonal_water_px": 0, "flood_prone": false, "rwi": 0.3865, "elevation_m": 890.0, "settlement_id": "S0988", "dl_mbps": 36.7275, "ul_mbps": 2.343, "latency_ms": 50.5, "n_tests": 102, "n_tiles": 8, "evidence_tier": "measured", "n_schools_3km": 0, "n_clinics_3km": 0, "p_connectivity": 0.63016157989228005, "p_population": 0.38868940754039499, "p_institutions": 0.2755834829443447, "p_equity": 0.20840950639853748, "dipi": 43.2, "rank": 777.0, "stakes_score": null, "gap_rank": null }, "geometry": { "type": "Point", "coordinates": [ 116.5672761, 5.8670441 ] } },
{ "type": "Feature", "properties": { "name": "Kampung Mesilau", "place": "hamlet", "pop_2km": 4592, "seasonal_water_px": 0, "flood_prone": false, "rwi": 0.368, "elevation_m": 1480.0, "settlement_id": "S0989", "dl_mbps": 28.435, "ul_mbps": 7.51, "latency_ms": 51.0, "n_tests": 519, "n_tiles": 25, "evidence_tier": "measured", "n_schools_3km": 0, "n_clinics_3km": 0, "p_connectivity": 0.73608617594254933, "p_population": 0.75044883303411136, "p_institutions": 0.2755834829443447, "p_equity": 0.2129798903107861, "dipi": 56.6, "rank": 357.0, "stakes_score": null, "gap_rank": null }, "geometry": { "type": "Point", "coordinates": [ 116.5971418, 6.0127686 ] } },
{ "type": "Feature", "properties": { "name": "Monguwou", "place": "village", "pop_2km": 2649, "seasonal_water_px": 0, "flood_prone": false, "rwi": -0.033, "elevation_m": 580.0, "settlement_id": "S0990", "dl_mbps": 73.619, "ul_mbps": 10.0005, "latency_ms": 42.5, "n_tests": 218, "n_tiles": 14, "evidence_tier": "measured", "n_schools_3km": 0, "n_clinics_3km": 0, "p_connectivity": 0.3258527827648115, "p_population": 0.66337522441651708, "p_institutions": 0.2755834829443447, "p_equity": 0.49954296160877515, "dipi": 43.7, "rank": 760.0, "stakes_score": null, "gap_rank": null }, "geometry": { "type": "Point", "coordinates": [ 116.650652, 5.9164702 ] } },
{ "type": "Feature", "properties": { "name": "Kampung Lembah Permai", "place": "hamlet", "pop_2km": 9494, "seasonal_water_px": 0, "flood_prone": false, "rwi": 0.916, "elevation_m": 1221.0, "settlement_id": "S0991", "dl_mbps": 24.926, "ul_mbps": 8.121, "latency_ms": 48.0, "n_tests": 1273, "n_tiles": 31, "evidence_tier": "measured", "n_schools_3km": 0, "n_clinics_3km": 1, "p_connectivity": 0.7908438061041293, "p_population": 0.84739676840215439, "p_institutions": 0.63420107719928187, "p_equity": 0.053473491773308957, "dipi": 63.4, "rank": 134.0, "stakes_score": null, "gap_rank": null }, "geometry": { "type": "Point", "coordinates": [ 116.5756531, 5.9917774 ] } },
{ "type": "Feature", "properties": { "name": "Kampung Kinasaraban", "place": "hamlet", "pop_2km": 5826, "seasonal_water_px": 0, "flood_prone": false, "rwi": 1.027, "elevation_m": 1381.0, "settlement_id": "S0992", "dl_mbps": 30.838, "ul_mbps": 8.3845, "latency_ms": 48.5, "n_tests": 967, "n_tiles": 21, "evidence_tier": "measured", "n_schools_3km": 0, "n_clinics_3km": 1, "p_connectivity": 0.70152603231597843, "p_population": 0.78366247755834828, "p_institutions": 0.63420107719928187, "p_equity": 0.031078610603290677, "dipi": 57.8, "rank": 312.0, "stakes_score": null, "gap_rank": null }, "geometry": { "type": "Point", "coordinates": [ 116.558964, 5.9813703 ] } },
{ "type": "Feature", "properties": { "name": "Somuru", "place": "village", "pop_2km": 1353, "seasonal_water_px": 0, "flood_prone": false, "rwi": 0.13766666666666666, "elevation_m": 1145.0, "settlement_id": "S0993", "dl_mbps": 32.626, "ul_mbps": 7.766, "latency_ms": 51.0, "n_tests": 279, "n_tiles": 23, "evidence_tier": "measured", "n_schools_3km": 0, "n_clinics_3km": 0, "p_connectivity": 0.6840215439856373, "p_population": 0.57091561938958713, "p_institutions": 0.2755834829443447, "p_equity": 0.3555758683729433, "dipi": 52.9, "rank": 471.0, "stakes_score": null, "gap_rank": null }, "geometry": { "type": "Point", "coordinates": [ 116.5955176, 5.9610547 ] } },
{ "type": "Feature", "properties": { "name": "Kampung Dumpiring Bawah", "place": "hamlet", "pop_2km": 9326, "seasonal_water_px": 0, "flood_prone": false, "rwi": 0.97666666666666668, "elevation_m": 1253.0, "settlement_id": "S0994", "dl_mbps": 29.689, "ul_mbps": 8.6505, "latency_ms": 49.0, "n_tests": 1201, "n_tiles": 27, "evidence_tier": "measured", "n_schools_3km": 0, "n_clinics_3km": 1, "p_connectivity": 0.71903052064631956, "p_population": 0.84649910233393177, "p_institutions": 0.63420107719928187, "p_equity": 0.040676416819012795, "dipi": 60.3, "rank": 217.0, "stakes_score": null, "gap_rank": null }, "geometry": { "type": "Point", "coordinates": [ 116.5716004, 5.9795071 ] } },
{ "type": "Feature", "properties": { "name": "Kampung Cinta Mata", "place": "hamlet", "pop_2km": 7197, "seasonal_water_px": 0, "flood_prone": false, "rwi": 0.14566666666666667, "elevation_m": 1327.0, "settlement_id": "S0995", "dl_mbps": 24.1315, "ul_mbps": 8.427, "latency_ms": 50.0, "n_tests": 964, "n_tiles": 23, "evidence_tier": "measured", "n_schools_3km": 0, "n_clinics_3km": 1, "p_connectivity": 0.8105924596050269, "p_population": 0.81418312387791747, "p_institutions": 0.63420107719928187, "p_equity": 0.34643510054844606, "dipi": 69.2, "rank": 44.0, "stakes_score": null, "gap_rank": null }, "geometry": { "type": "Point", "coordinates": [ 116.5815896, 6.0040373 ] } },
{ "type": "Feature", "properties": { "name": "Kampung Sinisian", "place": "hamlet", "pop_2km": 10044, "seasonal_water_px": 0, "flood_prone": false, "rwi": 0.75233333333333341, "elevation_m": 1284.0, "settlement_id": "S0996", "dl_mbps": 30.653, "ul_mbps": 9.306, "latency_ms": 49.0, "n_tests": 1224, "n_tiles": 29, "evidence_tier": "measured", "n_schools_3km": 0, "n_clinics_3km": 1, "p_connectivity": 0.70556552962298025, "p_population": 0.85637342908438063, "p_institutions": 0.63420107719928187, "p_equity": 0.094149908592321752, "dipi": 61.0, "rank": 191.0, "stakes_score": null, "gap_rank": null }, "geometry": { "type": "Point", "coordinates": [ 116.5780289, 5.9827035 ] } },
{ "type": "Feature", "properties": { "name": "Mohimboyon Lama", "place": "village", "pop_2km": 943, "seasonal_water_px": 0, "flood_prone": false, "rwi": -0.33333333333333331, "elevation_m": 944.0, "settlement_id": "S0997", "dl_mbps": 47.193, "ul_mbps": 13.066, "latency_ms": 58.0, "n_tests": 79, "n_tiles": 10, "evidence_tier": "measured", "n_schools_3km": 0, "n_clinics_3km": 0, "p_connectivity": 0.48384201077199279, "p_population": 0.48563734290843807, "p_institutions": 0.2755834829443447, "p_equity": 0.78610603290676417, "dipi": 51.4, "rank": 528.0, "stakes_score": null, "gap_rank": null }, "geometry": { "type": "Point", "coordinates": [ 116.5742441, 5.9490421 ] } },
{ "type": "Feature", "properties": { "name": "Kampung Nampasan Lama", "place": "hamlet", "pop_2km": 23, "seasonal_water_px": 0, "flood_prone": false, "rwi": -0.465, "elevation_m": 732.0, "settlement_id": "S0998", "dl_mbps": 39.198, "ul_mbps": 4.345, "latency_ms": 48.0, "n_tests": 25, "n_tiles": 7, "evidence_tier": "measured", "n_schools_3km": 1, "n_clinics_3km": 0, "p_connectivity": 0.59245960502692996, "p_population": 0.088868940754039491, "p_institutions": 0.63420107719928187, "p_equity": 0.8962522851919561, "dipi": 53.4, "rank": 456.0, "stakes_score": null, "gap_rank": null }, "geometry": { "type": "Point", "coordinates": [ 116.6548254, 5.87496 ] } },
{ "type": "Feature", "properties": { "name": "Mohimboyon Baru", "place": "village", "pop_2km": 517, "seasonal_water_px": 0, "flood_prone": false, "rwi": -0.12775, "elevation_m": 814.0, "settlement_id": "S1000", "dl_mbps": 40.735, "ul_mbps": 9.7995, "latency_ms": 58.5, "n_tests": 55, "n_tiles": 10, "evidence_tier": "measured", "n_schools_3km": 0, "n_clinics_3km": 0, "p_connectivity": 0.57630161579892281, "p_population": 0.34605026929982047, "p_institutions": 0.2755834829443447, "p_equity": 0.59506398537477145, "dipi": 47.7, "rank": 631.0, "stakes_score": null, "gap_rank": null }, "geometry": { "type": "Point", "coordinates": [ 116.5879609, 5.942872 ] } },
{ "type": "Feature", "properties": { "name": "Gondohon", "place": "village", "pop_2km": 2669, "seasonal_water_px": 0, "flood_prone": false, "rwi": 0.2505, "elevation_m": 1058.0, "settlement_id": "S1002", "dl_mbps": 34.208, "ul_mbps": 6.928, "latency_ms": 49.0, "n_tests": 119, "n_tiles": 10, "evidence_tier": "measured", "n_schools_3km": 0, "n_clinics_3km": 0, "p_connectivity": 0.65798922800718129, "p_population": 0.66517055655296231, "p_institutions": 0.2755834829443447, "p_equity": 0.27422303473491771, "dipi": 52.6, "rank": 480.0, "stakes_score": null, "gap_rank": null }, "geometry": { "type": "Point", "coordinates": [ 116.5294, 5.9726888 ] } },
{ "type": "Feature", "properties": { "name": "Pinausuk", "place": "village", "pop_2km": 1844, "seasonal_water_px": 0, "flood_prone": false, "rwi": 0.23566666666666666, "elevation_m": 1073.0, "settlement_id": "S1003", "dl_mbps": 28.725, "ul_mbps": 7.766, "latency_ms": 51.0, "n_tests": 263, "n_tiles": 21, "evidence_tier": "measured", "n_schools_3km": 0, "n_clinics_3km": 0, "p_connectivity": 0.73249551166965887, "p_population": 0.61220825852782768, "p_institutions": 0.2755834829443447, "p_equity": 0.27879341864716634, "dipi": 54.3, "rank": 434.0, "stakes_score": null, "gap_rank": null }, "geometry": { "type": "Point", "coordinates": [ 116.6005266, 5.9715748 ] } },
{ "type": "Feature", "properties": { "name": "Bundu Tuhan Sokid", "place": "village", "pop_2km": 3306, "seasonal_water_px": 0, "flood_prone": false, "rwi": 0.479, "elevation_m": 1209.0, "settlement_id": "S1004", "dl_mbps": 30.3175, "ul_mbps": 6.5315, "latency_ms": 48.5, "n_tests": 125, "n_tiles": 11, "evidence_tier": "measured", "n_schools_3km": 0, "n_clinics_3km": 0, "p_connectivity": 0.70825852782764809, "p_population": 0.69928186714542195, "p_institutions": 0.2755834829443447, "p_equity": 0.1773308957952468, "dipi": 53.5, "rank": 455.0, "stakes_score": null, "gap_rank": null }, "geometry": { "type": "Point", "coordinates": [ 116.5288336, 5.9855495 ] } },
{ "type": "Feature", "properties": { "name": "Bundu Tuhan Sibah", "place": "village", "pop_2km": 2897, "seasonal_water_px": 0, "flood_prone": false, "rwi": 0.417, "elevation_m": 1035.0, "settlement_id": "S1005", "dl_mbps": 34.1195, "ul_mbps": 6.865, "latency_ms": 48.5, "n_tests": 118, "n_tiles": 10, "evidence_tier": "measured", "n_schools_3km": 0, "n_clinics_3km": 0, "p_connectivity": 0.66068222621184924, "p_population": 0.68222621184919208, "p_institutions": 0.2755834829443447, "p_equity": 0.19652650822669104, "dipi": 51.5, "rank": 527.0, "stakes_score": null, "gap_rank": null }, "geometry": { "type": "Point", "coordinates": [ 116.5296757, 5.9767187 ] } },
{ "type": "Feature", "properties": { "name": "Tinompok", "place": "village", "pop_2km": 1847, "seasonal_water_px": 0, "flood_prone": false, "rwi": 0.369, "elevation_m": 1510.0, "settlement_id": "S1006", "dl_mbps": 30.094, "ul_mbps": 5.179, "latency_ms": 48.0, "n_tests": 195, "n_tiles": 17, "evidence_tier": "measured", "n_schools_3km": 0, "n_clinics_3km": 0, "p_connectivity": 0.71543985637342911, "p_population": 0.61310592459605029, "p_institutions": 0.2755834829443447, "p_equity": 0.21206581352833637, "dipi": 52.3, "rank": 492.0, "stakes_score": null, "gap_rank": null }, "geometry": { "type": "Point", "coordinates": [ 116.5315391, 6.0042032 ] } },
{ "type": "Feature", "properties": { "name": "Kampung Kinandusan", "place": "hamlet", "pop_2km": 3319, "seasonal_water_px": 0, "flood_prone": false, "rwi": 0.408, "elevation_m": 1223.0, "settlement_id": "S1007", "dl_mbps": 32.866, "ul_mbps": 10.267, "latency_ms": 51.5, "n_tests": 1001, "n_tiles": 25, "evidence_tier": "measured", "n_schools_3km": 0, "n_clinics_3km": 1, "p_connectivity": 0.6768402154398564, "p_population": 0.70017953321364457, "p_institutions": 0.63420107719928187, "p_equity": 0.20109689213893966, "dipi": 58.1, "rank": 298.0, "stakes_score": null, "gap_rank": null }, "geometry": { "type": "Point", "coordinates": [ 116.5822124, 5.9655513 ] } },
{ "type": "Feature", "properties": { "name": "Lagkau", "place": "village", "pop_2km": 747, "seasonal_water_px": 0, "flood_prone": false, "rwi": 0.1035, "elevation_m": 891.0, "settlement_id": "S1008", "dl_mbps": 10.3225, "ul_mbps": 1.811, "latency_ms": 56.5, "n_tests": 58, "n_tiles": 6, "evidence_tier": "measured", "n_schools_3km": 0, "n_clinics_3km": 0, "p_connectivity": 0.95152603231597843, "p_population": 0.41561938958707362, "p_institutions": 0.2755834829443447, "p_equity": 0.37797074954296161, "dipi": 60.1, "rank": 227.0, "stakes_score": null, "gap_rank": null }, "geometry": { "type": "Point", "coordinates": [ 116.578317, 5.864768 ] } },
{ "type": "Feature", "properties": { "name": "Naradau", "place": "village", "pop_2km": 859, "seasonal_water_px": 0, "flood_prone": false, "rwi": 0.226, "elevation_m": 1009.0, "settlement_id": "S1010", "dl_mbps": 27.148, "ul_mbps": 7.766, "latency_ms": 49.0, "n_tests": 81, "n_tiles": 17, "evidence_tier": "measured", "n_schools_3km": 0, "n_clinics_3km": 0, "p_connectivity": 0.75852782764811488, "p_population": 0.44883303411131059, "p_institutions": 0.2755834829443447, "p_equity": 0.28519195612431442, "dipi": 51.4, "rank": 528.0, "stakes_score": null, "gap_rank": null }, "geometry": { "type": "Point", "coordinates": [ 116.610333, 5.9699241 ] } },
{ "type": "Feature", "properties": { "name": "Tungou", "place": "village", "pop_2km": 203, "seasonal_water_px": 0, "flood_prone": false, "rwi": 0.086, "elevation_m": 823.0, "settlement_id": "S1011", "dl_mbps": 50.19, "ul_mbps": 3.799, "latency_ms": 32.0, "n_tests": 84, "n_tiles": 9, "evidence_tier": "measured", "n_schools_3km": 0, "n_clinics_3km": 0, "p_connectivity": 0.44569120287253144, "p_population": 0.17998204667863554, "p_institutions": 0.2755834829443447, "p_equity": 0.39122486288848263, "dipi": 34.3, "rank": 1013.0, "stakes_score": null, "gap_rank": null }, "geometry": { "type": "Point", "coordinates": [ 116.5484932, 5.8686007 ] } },
{ "type": "Feature", "properties": { "name": "Narambai", "place": "village", "pop_2km": 248, "seasonal_water_px": 0, "flood_prone": false, "rwi": -0.44933333333333331, "elevation_m": 843.0, "settlement_id": "S1015", "dl_mbps": 9.895, "ul_mbps": 1.698, "latency_ms": 56.0, "n_tests": 25, "n_tiles": 2, "evidence_tier": "low_evidence", "n_schools_3km": 0, "n_clinics_3km": 0, "p_connectivity": 0.95511669658886889, "p_population": 0.21409335727109516, "p_institutions": 0.2755834829443447, "p_equity": 0.87842778793418652, "dipi": 65.3, "rank": 90.0, "stakes_score": null, "gap_rank": null }, "geometry": { "type": "Point", "coordinates": [ 116.5993356, 5.868776 ] } },
{ "type": "Feature", "properties": { "name": "Kopongian", "place": "village", "pop_2km": 311, "seasonal_water_px": 0, "flood_prone": false, "rwi": -0.371, "elevation_m": 932.0, "settlement_id": "S1016", "dl_mbps": 10.7785, "ul_mbps": 3.084, "latency_ms": 53.0, "n_tests": 24, "n_tiles": 7, "evidence_tier": "measured", "n_schools_3km": 1, "n_clinics_3km": 0, "p_connectivity": 0.94614003590664275, "p_population": 0.25269299820466784, "p_institutions": 0.63420107719928187, "p_equity": 0.82084095063985374, "dipi": 70.1, "rank": 38.0, "stakes_score": null, "gap_rank": null }, "geometry": { "type": "Point", "coordinates": [ 116.6364847, 5.884974 ] } },
{ "type": "Feature", "properties": { "name": "Poropot", "place": "village", "pop_2km": 239, "seasonal_water_px": 0, "flood_prone": false, "rwi": -0.063333333333333339, "elevation_m": 701.0, "settlement_id": "S1018", "dl_mbps": 16.2525, "ul_mbps": 0.822, "latency_ms": 67.0, "n_tests": 40, "n_tiles": 5, "evidence_tier": "measured", "n_schools_3km": 0, "n_clinics_3km": 0, "p_connectivity": 0.90305206463195686, "p_population": 0.20556552962298025, "p_institutions": 0.2755834829443447, "p_equity": 0.53656307129798908, "dipi": 56.1, "rank": 374.0, "stakes_score": null, "gap_rank": null }, "geometry": { "type": "Point", "coordinates": [ 116.6024693, 5.8939654 ] } },
{ "type": "Feature", "properties": { "name": "Komburongoh", "place": "village", "pop_2km": 1256, "seasonal_water_px": 0, "flood_prone": false, "rwi": -0.14033333333333334, "elevation_m": 830.0, "settlement_id": "S1019", "dl_mbps": 18.924, "ul_mbps": 6.9745, "latency_ms": 51.0, "n_tests": 70, "n_tiles": 11, "evidence_tier": "measured", "n_schools_3km": 1, "n_clinics_3km": 0, "p_connectivity": 0.88689407540394971, "p_population": 0.55834829443447043, "p_institutions": 0.63420107719928187, "p_equity": 0.60237659963436929, "dipi": 71.0, "rank": 30.0, "stakes_score": null, "gap_rank": null }, "geometry": { "type": "Point", "coordinates": [ 116.5523936, 5.9148989 ] } },
{ "type": "Feature", "properties": { "name": "Rondogung", "place": "village", "pop_2km": 724, "seasonal_water_px": 0, "flood_prone": false, "rwi": -0.14425, "elevation_m": 873.0, "settlement_id": "S1020", "dl_mbps": 10.3225, "ul_mbps": 1.811, "latency_ms": 56.5, "n_tests": 58, "n_tiles": 6, "evidence_tier": "measured", "n_schools_3km": 0, "n_clinics_3km": 0, "p_connectivity": 0.95152603231597843, "p_population": 0.40933572710951527, "p_institutions": 0.2755834829443447, "p_equity": 0.60694698354661791, "dipi": 64.6, "rank": 104.0, "stakes_score": null, "gap_rank": null }, "geometry": { "type": "Point", "coordinates": [ 116.5840241, 5.8730698 ] } },
{ "type": "Feature", "properties": { "name": "Kosisingon", "place": "village", "pop_2km": 454, "seasonal_water_px": 0, "flood_prone": false, "rwi": -0.15833333333333333, "elevation_m": 728.0, "settlement_id": "S1021", "dl_mbps": 22.976, "ul_mbps": 1.924, "latency_ms": 44.0, "n_tests": 34, "n_tiles": 5, "evidence_tier": "measured", "n_schools_3km": 0, "n_clinics_3km": 0, "p_connectivity": 0.82226211849192099, "p_population": 0.32226211849192099, "p_institutions": 0.2755834829443447, "p_equity": 0.61791590493601467, "dipi": 57.4, "rank": 328.0, "stakes_score": null, "gap_rank": null }, "geometry": { "type": "Point", "coordinates": [ 116.5708248, 5.8880026 ] } },
{ "type": "Feature", "properties": { "name": "Karanaan", "place": "village", "pop_2km": 482, "seasonal_water_px": 0, "flood_prone": false, "rwi": -0.23433333333333337, "elevation_m": 746.0, "settlement_id": "S1022", "dl_mbps": 18.924, "ul_mbps": 2.9655, "latency_ms": 56.5, "n_tests": 49, "n_tiles": 10, "evidence_tier": "measured", "n_schools_3km": 1, "n_clinics_3km": 0, "p_connectivity": 0.88689407540394971, "p_population": 0.33662477558348297, "p_institutions": 0.63420107719928187, "p_equity": 0.69104204753199272, "dipi": 67.2, "rank": 59.0, "stakes_score": null, "gap_rank": null }, "geometry": { "type": "Point", "coordinates": [ 116.5383608, 5.9289554 ] } },
{ "type": "Feature", "properties": { "name": "Soyod", "place": "village", "pop_2km": 1154, "seasonal_water_px": 0, "flood_prone": false, "rwi": -0.16666666666666666, "elevation_m": 780.0, "settlement_id": "S1023", "dl_mbps": 18.924, "ul_mbps": 4.2765, "latency_ms": 46.5, "n_tests": 67, "n_tiles": 12, "evidence_tier": "measured", "n_schools_3km": 1, "n_clinics_3km": 0, "p_connectivity": 0.88689407540394971, "p_population": 0.53231597845601442, "p_institutions": 0.63420107719928187, "p_equity": 0.6252285191956124, "dipi": 70.8, "rank": 34.0, "stakes_score": null, "gap_rank": null }, "geometry": { "type": "Point", "coordinates": [ 116.5524134, 5.9285252 ] } },
{ "type": "Feature", "properties": { "name": "Pahu", "place": "village", "pop_2km": 813, "seasonal_water_px": 0, "flood_prone": false, "rwi": -0.0815, "elevation_m": 1063.0, "settlement_id": "S1024", "dl_mbps": 26.2775, "ul_mbps": 7.755, "latency_ms": 43.5, "n_tests": 83, "n_tiles": 12, "evidence_tier": "measured", "n_schools_3km": 1, "n_clinics_3km": 0, "p_connectivity": 0.76840215439856374, "p_population": 0.43626570915619389, "p_institutions": 0.63420107719928187, "p_equity": 0.54844606946983543, "dipi": 62.1, "rank": 163.0, "stakes_score": null, "gap_rank": null }, "geometry": { "type": "Point", "coordinates": [ 116.5545268, 5.9428587 ] } },
{ "type": "Feature", "properties": { "name": "Mogoho", "place": "village", "pop_2km": 853, "seasonal_water_px": 0, "flood_prone": false, "rwi": -0.26925, "elevation_m": 822.0, "settlement_id": "S1025", "dl_mbps": 20.9925, "ul_mbps": 4.2765, "latency_ms": 48.5, "n_tests": 41, "n_tiles": 8, "evidence_tier": "measured", "n_schools_3km": 1, "n_clinics_3km": 0, "p_connectivity": 0.85637342908438063, "p_population": 0.44748653500897667, "p_institutions": 0.63420107719928187, "p_equity": 0.72029250457038396, "dipi": 69.4, "rank": 42.0, "stakes_score": null, "gap_rank": null }, "geometry": { "type": "Point", "coordinates": [ 116.5622378, 5.9272681 ] } },
{ "type": "Feature", "properties": { "name": "Maukab", "place": "village", "pop_2km": 1342, "seasonal_water_px": 0, "flood_prone": false, "rwi": -0.28433333333333333, "elevation_m": 950.0, "settlement_id": "S1026", "dl_mbps": 22.3385, "ul_mbps": 7.317, "latency_ms": 46.0, "n_tests": 35, "n_tiles": 7, "evidence_tier": "measured", "n_schools_3km": 1, "n_clinics_3km": 0, "p_connectivity": 0.83213644524236985, "p_population": 0.56867145421903054, "p_institutions": 0.63420107719928187, "p_equity": 0.73857404021937845, "dipi": 71.8, "rank": 21.0, "stakes_score": null, "gap_rank": null }, "geometry": { "type": "Point", "coordinates": [ 116.5572532, 5.898538 ] } },
{ "type": "Feature", "properties": { "name": "Pangasaan", "place": "village", "pop_2km": 210, "seasonal_water_px": 0, "flood_prone": false, "rwi": 0.07825, "elevation_m": 913.0, "settlement_id": "S1027", "dl_mbps": 32.588, "ul_mbps": 3.441, "latency_ms": 49.0, "n_tests": 83, "n_tiles": 11, "evidence_tier": "measured", "n_schools_3km": 0, "n_clinics_3km": 0, "p_connectivity": 0.68491921005385992, "p_population": 0.18761220825852784, "p_institutions": 0.2755834829443447, "p_equity": 0.3953382084095064, "dipi": 44.1, "rank": 741.0, "stakes_score": null, "gap_rank": null }, "geometry": { "type": "Point", "coordinates": [ 116.6025198, 5.923704 ] } },
{ "type": "Feature", "properties": { "name": "Tudan", "place": "village", "pop_2km": 433, "seasonal_water_px": 0, "flood_prone": false, "rwi": -0.4025, "elevation_m": 1277.0, "settlement_id": "S1028", "dl_mbps": 7.246, "ul_mbps": 0.639, "latency_ms": 76.0, "n_tests": 31, "n_tiles": 5, "evidence_tier": "measured", "n_schools_3km": 0, "n_clinics_3km": 0, "p_connectivity": 0.97935368043087967, "p_population": 0.3132854578096948, "p_institutions": 0.2755834829443447, "p_equity": 0.84277879341864714, "dipi": 68.0, "rank": 52.0, "stakes_score": null, "gap_rank": null }, "geometry": { "type": "Point", "coordinates": [ 116.4894282, 5.9358347 ] } },
{ "type": "Feature", "properties": { "name": "Kiwawoi", "place": "village", "pop_2km": 379, "seasonal_water_px": 0, "flood_prone": false, "rwi": -0.14066666666666666, "elevation_m": 687.0, "settlement_id": "S1029", "dl_mbps": 21.2995, "ul_mbps": 1.162, "latency_ms": 65.0, "n_tests": 53, "n_tiles": 6, "evidence_tier": "measured", "n_schools_3km": 0, "n_clinics_3km": 0, "p_connectivity": 0.85098743267504484, "p_population": 0.27692998204667862, "p_institutions": 0.2755834829443447, "p_equity": 0.60329067641681899, "dipi": 57.2, "rank": 334.0, "stakes_score": null, "gap_rank": null }, "geometry": { "type": "Point", "coordinates": [ 116.5957405, 5.9051146 ] } },
{ "type": "Feature", "properties": { "name": "Piasau", "place": "village", "pop_2km": 994, "seasonal_water_px": 0, "flood_prone": false, "rwi": -0.1925, "elevation_m": 1003.0, "settlement_id": "S1030", "dl_mbps": 18.346, "ul_mbps": 3.085, "latency_ms": 56.0, "n_tests": 47, "n_tiles": 9, "evidence_tier": "measured", "n_schools_3km": 1, "n_clinics_3km": 0, "p_connectivity": 0.89317773788150812, "p_population": 0.49910233393177739, "p_institutions": 0.63420107719928187, "p_equity": 0.65493601462522855, "dipi": 70.8, "rank": 34.0, "stakes_score": null, "gap_rank": null }, "geometry": { "type": "Point", "coordinates": [ 116.5389621, 5.9197567 ] } },
{ "type": "Feature", "properties": { "name": "Sosondoton", "place": "village", "pop_2km": 184, "seasonal_water_px": 0, "flood_prone": false, "rwi": -0.54633333333333334, "elevation_m": 1123.0, "settlement_id": "S1031", "dl_mbps": 7.246, "ul_mbps": 0.639, "latency_ms": 76.0, "n_tests": 31, "n_tiles": 5, "evidence_tier": "measured", "n_schools_3km": 0, "n_clinics_3km": 0, "p_connectivity": 0.97935368043087967, "p_population": 0.1692100538599641, "p_institutions": 0.2755834829443447, "p_equity": 0.95155393053016457, "dipi": 66.6, "rank": 62.0, "stakes_score": null, "gap_rank": null }, "geometry": { "type": "Point", "coordinates": [ 116.5094692, 5.9339827 ] } },
{ "type": "Feature", "properties": { "name": "Ratau", "place": "village", "pop_2km": 251, "seasonal_water_px": 0, "flood_prone": false, "rwi": -0.29625, "elevation_m": 945.0, "settlement_id": "S1032", "dl_mbps": 26.195, "ul_mbps": 3.719, "latency_ms": 55.0, "n_tests": 9, "n_tiles": 3, "evidence_tier": "low_evidence", "n_schools_3km": 0, "n_clinics_3km": 0, "p_connectivity": 0.77109515260323158, "p_population": 0.21543985637342908, "p_institutions": 0.2755834829443447, "p_equity": 0.74588665447897629, "dipi": 55.3, "rank": 398.0, "stakes_score": null, "gap_rank": null }, "geometry": { "type": "Point", "coordinates": [ 116.5201453, 5.9432846 ] } },
{ "type": "Feature", "properties": { "name": "Nagaya", "place": "village", "pop_2km": 198, "seasonal_water_px": 0, "flood_prone": false, "rwi": -0.36575, "elevation_m": 1164.0, "settlement_id": "S1033", "dl_mbps": 5.087, "ul_mbps": 0.639, "latency_ms": 97.0, "n_tests": 28, "n_tiles": 3, "evidence_tier": "measured", "n_schools_3km": 0, "n_clinics_3km": 0, "p_connectivity": 0.98653500897666069, "p_population": 0.17818671454219032, "p_institutions": 0.2755834829443447, "p_equity": 0.81901279707495434, "dipi": 64.4, "rank": 109.0, "stakes_score": null, "gap_rank": null }, "geometry": { "type": "Point", "coordinates": [ 116.4979724, 5.9200367 ] } },
{ "type": "Feature", "properties": { "name": "Sumalang", "place": "village", "pop_2km": 1425, "seasonal_water_px": 0, "flood_prone": false, "rwi": -0.289, "elevation_m": 1041.0, "settlement_id": "S1034", "dl_mbps": 29.643, "ul_mbps": 7.185, "latency_ms": 49.5, "n_tests": 40, "n_tiles": 7, "evidence_tier": "measured", "n_schools_3km": 1, "n_clinics_3km": 0, "p_connectivity": 0.71992818671454217, "p_population": 0.57899461400359065, "p_institutions": 0.63420107719928187, "p_equity": 0.74405850091407677, "dipi": 67.7, "rank": 55.0, "stakes_score": null, "gap_rank": null }, "geometry": { "type": "Point", "coordinates": [ 116.5573592, 5.9048187 ] } },
{ "type": "Feature", "properties": { "name": "Sarapong", "place": "village", "pop_2km": 159, "seasonal_water_px": 0, "flood_prone": false, "rwi": -0.207, "elevation_m": 605.0, "settlement_id": "S1035", "dl_mbps": 10.253, "ul_mbps": 1.1045, "latency_ms": 50.0, "n_tests": 23, "n_tiles": 11, "evidence_tier": "measured", "n_schools_3km": 0, "n_clinics_3km": 0, "p_connectivity": 0.95332136445242366, "p_population": 0.15574506283662479, "p_institutions": 0.2755834829443447, "p_equity": 0.6663619744058501, "dipi": 59.5, "rank": 257.0, "stakes_score": null, "gap_rank": null }, "geometry": { "type": "Point", "coordinates": [ 116.6376991, 5.9159618 ] } },
{ "type": "Feature", "properties": { "name": "Noluoh", "place": "village", "pop_2km": 236, "seasonal_water_px": 0, "flood_prone": false, "rwi": 0.072, "elevation_m": 768.0, "settlement_id": "S1036", "dl_mbps": 23.6335, "ul_mbps": 2.7025, "latency_ms": 51.5, "n_tests": 69, "n_tiles": 12, "evidence_tier": "measured", "n_schools_3km": 0, "n_clinics_3km": 0, "p_connectivity": 0.8159784560143627, "p_population": 0.20466786355475763, "p_institutions": 0.2755834829443447, "p_equity": 0.39853747714808047, "dipi": 49.9, "rank": 564.0, "stakes_score": null, "gap_rank": null }, "geometry": { "type": "Point", "coordinates": [ 116.6076652, 5.9124034 ] } },
{ "type": "Feature", "properties": { "name": "Liposu Baru", "place": "village", "pop_2km": 497, "seasonal_water_px": 0, "flood_prone": false, "rwi": -0.268, "elevation_m": 932.0, "settlement_id": "S1037", "dl_mbps": 8.783, "ul_mbps": 3.452, "latency_ms": 58.0, "n_tests": 60, "n_tiles": 11, "evidence_tier": "measured", "n_schools_3km": 0, "n_clinics_3km": 0, "p_connectivity": 0.96409335727109513, "p_population": 0.33931777378815081, "p_institutions": 0.2755834829443447, "p_equity": 0.71892138939670935, "dipi": 65.6, "rank": 84.0, "stakes_score": null, "gap_rank": null }, "geometry": { "type": "Point", "coordinates": [ 116.6325077, 5.9781873 ] } },
{ "type": "Feature", "properties": { "name": "Waang", "place": "village", "pop_2km": 210, "seasonal_water_px": 0, "flood_prone": false, "rwi": 0.07825, "elevation_m": 893.0, "settlement_id": "S1038", "dl_mbps": 25.835, "ul_mbps": 2.565, "latency_ms": 63.0, "n_tests": 57, "n_tiles": 8, "evidence_tier": "measured", "n_schools_3km": 0, "n_clinics_3km": 0, "p_connectivity": 0.78141831238779169, "p_population": 0.18761220825852784, "p_institutions": 0.2755834829443447, "p_equity": 0.3953382084095064, "dipi": 48.0, "rank": 618.0, "stakes_score": null, "gap_rank": null }, "geometry": { "type": "Point", "coordinates": [ 116.6017936, 5.9222387 ] } },
{ "type": "Feature", "properties": { "name": "Tambiau", "place": "village", "pop_2km": 135, "seasonal_water_px": 0, "flood_prone": false, "rwi": -0.0605, "elevation_m": 752.0, "settlement_id": "S1039", "dl_mbps": 25.835, "ul_mbps": 3.358, "latency_ms": 49.0, "n_tests": 64, "n_tiles": 16, "evidence_tier": "measured", "n_schools_3km": 0, "n_clinics_3km": 0, "p_connectivity": 0.78141831238779169, "p_population": 0.14362657091561939, "p_institutions": 0.2755834829443447, "p_equity": 0.53016453382084094, "dipi": 49.6, "rank": 573.0, "stakes_score": null, "gap_rank": null }, "geometry": { "type": "Point", "coordinates": [ 116.6212631, 5.9216559 ] } },
{ "type": "Feature", "properties": { "name": "Liposu Lama", "place": "village", "pop_2km": 562, "seasonal_water_px": 0, "flood_prone": false, "rwi": -0.268, "elevation_m": 900.0, "settlement_id": "S1040", "dl_mbps": 8.596, "ul_mbps": 3.452, "latency_ms": 59.0, "n_tests": 47, "n_tiles": 10, "evidence_tier": "measured", "n_schools_3km": 0, "n_clinics_3km": 0, "p_connectivity": 0.96678635547576297, "p_population": 0.36265709156193898, "p_institutions": 0.2755834829443447, "p_equity": 0.71892138939670935, "dipi": 66.3, "rank": 70.0, "stakes_score": null, "gap_rank": null }, "geometry": { "type": "Point", "coordinates": [ 116.6271793, 5.9776888 ] } },
{ "type": "Feature", "properties": { "name": "Ruhukon", "place": "village", "pop_2km": 1096, "seasonal_water_px": 0, "flood_prone": false, "rwi": -0.0255, "elevation_m": 802.0, "settlement_id": "S1041", "dl_mbps": 19.999, "ul_mbps": 5.229, "latency_ms": 51.0, "n_tests": 105, "n_tiles": 19, "evidence_tier": "measured", "n_schools_3km": 0, "n_clinics_3km": 0, "p_connectivity": 0.87163375224416517, "p_population": 0.52244165170556556, "p_institutions": 0.2755834829443447, "p_equity": 0.49131627056672761, "dipi": 61.9, "rank": 168.0, "stakes_score": null, "gap_rank": null }, "geometry": { "type": "Point", "coordinates": [ 116.6317392, 5.9616214 ] } },
{ "type": "Feature", "properties": { "name": "Batu 5", "place": "village", "pop_2km": 1031, "seasonal_water_px": 0, "flood_prone": false, "rwi": 0.09525, "elevation_m": 789.0, "settlement_id": "S1042", "dl_mbps": 19.259, "ul_mbps": 3.818, "latency_ms": 51.0, "n_tests": 105, "n_tiles": 23, "evidence_tier": "measured", "n_schools_3km": 0, "n_clinics_3km": 0, "p_connectivity": 0.88240574506283664, "p_population": 0.51122082585278272, "p_institutions": 0.2755834829443447, "p_equity": 0.3843692870201097, "dipi": 59.9, "rank": 237.0, "stakes_score": null, "gap_rank": null }, "geometry": { "type": "Point", "coordinates": [ 116.6312945, 5.9490482 ] } },
{ "type": "Feature", "properties": { "name": "Purak Pogis", "place": "village", "pop_2km": 865, "seasonal_water_px": 0, "flood_prone": false, "rwi": 0.048, "elevation_m": 674.0, "settlement_id": "S1043", "dl_mbps": 26.504, "ul_mbps": 4.614, "latency_ms": 49.0, "n_tests": 63, "n_tiles": 18, "evidence_tier": "measured", "n_schools_3km": 0, "n_clinics_3km": 0, "p_connectivity": 0.76301615798922806, "p_population": 0.4524236983842011, "p_institutions": 0.2755834829443447, "p_equity": 0.42093235831809872, "dipi": 54.4, "rank": 429.0, "stakes_score": null, "gap_rank": null }, "geometry": { "type": "Point", "coordinates": [ 116.6275559, 5.9360702 ] } },
{ "type": "Feature", "properties": { "name": "Koporingan Lama", "place": "village", "pop_2km": 865, "seasonal_water_px": 0, "flood_prone": false, "rwi": 0.048, "elevation_m": 791.0, "settlement_id": "S1044", "dl_mbps": 24.5965, "ul_mbps": 3.513, "latency_ms": 49.0, "n_tests": 66, "n_tiles": 19, "evidence_tier": "measured", "n_schools_3km": 0, "n_clinics_3km": 0, "p_connectivity": 0.79622980251346498, "p_population": 0.4524236983842011, "p_institutions": 0.2755834829443447, "p_equity": 0.42093235831809872, "dipi": 55.7, "rank": 386.0, "stakes_score": null, "gap_rank": null }, "geometry": { "type": "Point", "coordinates": [ 116.6218703, 5.9398281 ] } },
{ "type": "Feature", "properties": { "name": "Tinatasan", "place": "village", "pop_2km": 257, "seasonal_water_px": 0, "flood_prone": false, "rwi": -0.54633333333333334, "elevation_m": 1074.0, "settlement_id": "S1045", "dl_mbps": 6.1665, "ul_mbps": 0.3935, "latency_ms": 69.0, "n_tests": 9, "n_tiles": 4, "evidence_tier": "low_evidence", "n_schools_3km": 0, "n_clinics_3km": 0, "p_connectivity": 0.98339317773788149, "p_population": 0.2199281867145422, "p_institutions": 0.2755834829443447, "p_equity": 0.95155393053016457, "dipi": 68.0, "rank": 52.0, "stakes_score": null, "gap_rank": null }, "geometry": { "type": "Point", "coordinates": [ 116.500596, 5.9494673 ] } },
{ "type": "Feature", "properties": { "name": "Koporingan Baru", "place": "village", "pop_2km": 867, "seasonal_water_px": 0, "flood_prone": false, "rwi": 0.154, "elevation_m": 844.0, "settlement_id": "S1046", "dl_mbps": 22.902, "ul_mbps": 3.452, "latency_ms": 49.0, "n_tests": 62, "n_tiles": 18, "evidence_tier": "measured", "n_schools_3km": 0, "n_clinics_3km": 0, "p_connectivity": 0.82495511669658883, "p_population": 0.45511669658886894, "p_institutions": 0.2755834829443447, "p_equity": 0.33592321755027421, "dipi": 55.2, "rank": 402.0, "stakes_score": null, "gap_rank": null }, "geometry": { "type": "Point", "coordinates": [ 116.6217402, 5.9431707 ] } },
{ "type": "Feature", "properties": { "name": "Tamalang", "place": "village", "pop_2km": 540, "seasonal_water_px": 0, "flood_prone": false, "rwi": -0.0255, "elevation_m": 808.0, "settlement_id": "S1047", "dl_mbps": 19.999, "ul_mbps": 6.439, "latency_ms": 51.0, "n_tests": 93, "n_tiles": 17, "evidence_tier": "measured", "n_schools_3km": 0, "n_clinics_3km": 0, "p_connectivity": 0.87163375224416517, "p_population": 0.35323159784560143, "p_institutions": 0.2755834829443447, "p_equity": 0.49131627056672761, "dipi": 57.7, "rank": 317.0, "stakes_score": null, "gap_rank": null }, "geometry": { "type": "Point", "coordinates": [ 116.6315073, 5.967166 ] } },
{ "type": "Feature", "properties": { "name": "Paka 1", "place": "village", "pop_2km": 1030, "seasonal_water_px": 0, "flood_prone": false, "rwi": -0.010666666666666677, "elevation_m": 660.0, "settlement_id": "S1048", "dl_mbps": 19.999, "ul_mbps": 5.229, "latency_ms": 51.0, "n_tests": 87, "n_tiles": 19, "evidence_tier": "measured", "n_schools_3km": 3, "n_clinics_3km": 2, "p_connectivity": 0.87163375224416517, "p_population": 0.5094254937163375, "p_institutions": 0.87477558348294437, "p_equity": 0.47714808043875684, "dipi": 70.3, "rank": 36.0, "stakes_score": null, "gap_rank": null }, "geometry": { "type": "Point", "coordinates": [ 116.6394034, 5.9577252 ] } },
{ "type": "Feature", "properties": { "name": "Kibbas", "place": "village", "pop_2km": 1011, "seasonal_water_px": 0, "flood_prone": false, "rwi": 0.09525, "elevation_m": 800.0, "settlement_id": "S1049", "dl_mbps": 21.4505, "ul_mbps": 3.818, "latency_ms": 49.5, "n_tests": 93, "n_tiles": 20, "evidence_tier": "measured", "n_schools_3km": 1, "n_clinics_3km": 0, "p_connectivity": 0.848294434470377, "p_population": 0.50269299820466784, "p_institutions": 0.63420107719928187, "p_equity": 0.3843692870201097, "dipi": 63.7, "rank": 121.0, "stakes_score": null, "gap_rank": null }, "geometry": { "type": "Point", "coordinates": [ 116.6327509, 5.945148 ] } },
{ "type": "Feature", "properties": { "name": "Pulutan", "place": "village", "pop_2km": 1205, "seasonal_water_px": 0, "flood_prone": false, "rwi": -0.107, "elevation_m": 1117.0, "settlement_id": "S1050", "dl_mbps": 26.2775, "ul_mbps": 7.755, "latency_ms": 46.0, "n_tests": 96, "n_tiles": 14, "evidence_tier": "measured", "n_schools_3km": 0, "n_clinics_3km": 0, "p_connectivity": 0.76840215439856374, "p_population": 0.54578096947935373, "p_institutions": 0.2755834829443447, "p_equity": 0.56992687385740404, "dipi": 59.9, "rank": 237.0, "stakes_score": null, "gap_rank": null }, "geometry": { "type": "Point", "coordinates": [ 116.5420322, 5.9480847 ] } },
{ "type": "Feature", "properties": { "name": "Toboh Lama", "place": "village", "pop_2km": 315, "seasonal_water_px": 0, "flood_prone": false, "rwi": -0.54633333333333334, "elevation_m": 1026.0, "settlement_id": "S1052", "dl_mbps": 6.1665, "ul_mbps": 0.3935, "latency_ms": 69.0, "n_tests": 9, "n_tiles": 4, "evidence_tier": "low_evidence", "n_schools_3km": 0, "n_clinics_3km": 0, "p_connectivity": 0.98339317773788149, "p_population": 0.25493716337522443, "p_institutions": 0.2755834829443447, "p_equity": 0.95155393053016457, "dipi": 68.9, "rank": 49.0, "stakes_score": null, "gap_rank": null }, "geometry": { "type": "Point", "coordinates": [ 116.5001558, 5.9462983 ] } },
{ "type": "Feature", "properties": { "name": "Togudon Lama", "place": "village", "pop_2km": 1117, "seasonal_water_px": 0, "flood_prone": false, "rwi": -0.11466666666666665, "elevation_m": 1154.0, "settlement_id": "S1053", "dl_mbps": 26.2775, "ul_mbps": 6.174, "latency_ms": 53.5, "n_tests": 59, "n_tiles": 11, "evidence_tier": "measured", "n_schools_3km": 0, "n_clinics_3km": 0, "p_connectivity": 0.76840215439856374, "p_population": 0.52692998204667862, "p_institutions": 0.2755834829443447, "p_equity": 0.57861060329067637, "dipi": 59.6, "rank": 251.0, "stakes_score": null, "gap_rank": null }, "geometry": { "type": "Point", "coordinates": [ 116.5351745, 5.9458883 ] } },
{ "type": "Feature", "properties": { "name": "Himbaan", "place": "village", "pop_2km": 1053, "seasonal_water_px": 0, "flood_prone": false, "rwi": 0.36766666666666675, "elevation_m": 1252.0, "settlement_id": "S1054", "dl_mbps": 34.031, "ul_mbps": 12.332, "latency_ms": 43.0, "n_tests": 74, "n_tiles": 12, "evidence_tier": "measured", "n_schools_3km": 0, "n_clinics_3km": 0, "p_connectivity": 0.66157989228007186, "p_population": 0.51526032315978454, "p_institutions": 0.2755834829443447, "p_equity": 0.21389396709323583, "dipi": 47.8, "rank": 630.0, "stakes_score": null, "gap_rank": null }, "geometry": { "type": "Point", "coordinates": [ 116.5476671, 5.9577048 ] } },
{ "type": "Feature", "properties": { "name": "Binanding", "place": "village", "pop_2km": 0, "seasonal_water_px": 80, "flood_prone": true, "rwi": -0.044, "elevation_m": 162.0, "settlement_id": "S1055", "dl_mbps": 7.898, "ul_mbps": 2.481, "latency_ms": 578.0, "n_tests": 15, "n_tiles": 2, "evidence_tier": "low_evidence", "n_schools_3km": 1, "n_clinics_3km": 1, "p_connectivity": 0.97307001795332138, "p_population": 0.043536804308797125, "p_institutions": 0.75987432675044886, "p_equity": 0.51462522851919557, "dipi": 61.7, "rank": 170.0, "stakes_score": null, "gap_rank": null }, "geometry": { "type": "Point", "coordinates": [ 116.424063, 4.502049 ] } },
{ "type": "Feature", "properties": { "name": "Piowou", "place": "village", "pop_2km": 0, "seasonal_water_px": 13, "flood_prone": true, "rwi": null, "elevation_m": 168.0, "settlement_id": "S1059", "dl_mbps": 43.784, "ul_mbps": 3.423, "latency_ms": 108.0, "n_tests": 10, "n_tiles": 1, "evidence_tier": "low_evidence", "n_schools_3km": 1, "n_clinics_3km": 1, "p_connectivity": 0.53411131059245964, "p_population": 0.043536804308797125, "p_institutions": 0.75987432675044886, "p_equity": 0.5, "dipi": 43.9, "rank": 749.0, "stakes_score": null, "gap_rank": null }, "geometry": { "type": "Point", "coordinates": [ 116.3081253, 4.5261095 ] } },
{ "type": "Feature", "properties": { "name": "Kampung Muhibbah", "place": "hamlet", "pop_2km": 21025, "seasonal_water_px": 0, "flood_prone": false, "rwi": 0.64375, "elevation_m": 296.0, "settlement_id": "S1060", "dl_mbps": 153.3985, "ul_mbps": 33.477, "latency_ms": 39.0, "n_tests": 5870, "n_tiles": 46, "evidence_tier": "measured", "n_schools_3km": 12, "n_clinics_3km": 0, "p_connectivity": 0.118491921005386, "p_population": 0.94344703770197491, "p_institutions": 0.95825852782764809, "p_equity": 0.12385740402193784, "dipi": 45.2, "rank": 706.0, "stakes_score": null, "gap_rank": null }, "geometry": { "type": "Point", "coordinates": [ 116.1423074, 5.3309455 ] } },
{ "type": "Feature", "properties": { "name": "Tulir", "place": "village", "pop_2km": 0, "seasonal_water_px": 10, "flood_prone": true, "rwi": null, "elevation_m": 178.0, "settlement_id": "S1064", "dl_mbps": 48.119, "ul_mbps": 2.537, "latency_ms": 102.0, "n_tests": 11, "n_tiles": 1, "evidence_tier": "low_evidence", "n_schools_3km": 1, "n_clinics_3km": 0, "p_connectivity": 0.46813285457809695, "p_population": 0.043536804308797125, "p_institutions": 0.63420107719928187, "p_equity": 0.5, "dipi": 39.3, "rank": 904.0, "stakes_score": null, "gap_rank": null }, "geometry": { "type": "Point", "coordinates": [ 116.2857169, 4.5600478 ] } },
{ "type": "Feature", "properties": { "name": "Kampung Tuarid Taud", "place": "hamlet", "pop_2km": 11763, "seasonal_water_px": 23, "flood_prone": true, "rwi": 0.678, "elevation_m": 271.0, "settlement_id": "S1066", "dl_mbps": 99.213, "ul_mbps": 24.771, "latency_ms": 38.0, "n_tests": 3218, "n_tiles": 29, "evidence_tier": "measured", "n_schools_3km": 7, "n_clinics_3km": 2, "p_connectivity": 0.22351885098743268, "p_population": 0.88150807899461403, "p_institutions": 0.92504488330341117, "p_equity": 0.11197440585009141, "dipi": 47.1, "rank": 651.0, "stakes_score": null, "gap_rank": null }, "geometry": { "type": "Point", "coordinates": [ 116.181591, 5.3458817 ] } },
{ "type": "Feature", "properties": { "name": "Kampung Toboh Baru", "place": "hamlet", "pop_2km": 11181, "seasonal_water_px": 1, "flood_prone": false, "rwi": 0.555, "elevation_m": 301.0, "settlement_id": "S1067", "dl_mbps": 100.244, "ul_mbps": 20.3445, "latency_ms": 38.0, "n_tests": 1986, "n_tiles": 39, "evidence_tier": "measured", "n_schools_3km": 3, "n_clinics_3km": 2, "p_connectivity": 0.21903052064631956, "p_population": 0.87163375224416517, "p_institutions": 0.87477558348294437, "p_equity": 0.14990859232175502, "dipi": 46.7, "rank": 667.0, "stakes_score": null, "gap_rank": null }, "geometry": { "type": "Point", "coordinates": [ 116.186841, 5.3697845 ] } },
{ "type": "Feature", "properties": { "name": "Kampung Bakiau", "place": "hamlet", "pop_2km": 17720, "seasonal_water_px": 61, "flood_prone": true, "rwi": 0.733, "elevation_m": 260.0, "settlement_id": "S1068", "dl_mbps": 136.223, "ul_mbps": 25.716, "latency_ms": 41.0, "n_tests": 2682, "n_tiles": 41, "evidence_tier": "measured", "n_schools_3km": 9, "n_clinics_3km": 0, "p_connectivity": 0.14452423698384201, "p_population": 0.93087971274685821, "p_institutions": 0.92504488330341117, "p_equity": 0.099634369287020116, "dipi": 44.9, "rank": 713.0, "stakes_score": null, "gap_rank": null }, "geometry": { "type": "Point", "coordinates": [ 116.1502831, 5.3176349 ] } },
{ "type": "Feature", "properties": { "name": "Kampung Baginda", "place": "hamlet", "pop_2km": 10982, "seasonal_water_px": 132, "flood_prone": true, "rwi": 0.154, "elevation_m": 294.0, "settlement_id": "S1069", "dl_mbps": 53.078, "ul_mbps": 12.8205, "latency_ms": 39.0, "n_tests": 371, "n_tiles": 30, "evidence_tier": "measured", "n_schools_3km": 2, "n_clinics_3km": 1, "p_connectivity": 0.42639138240574509, "p_population": 0.8671454219030521, "p_institutions": 0.82405745062836622, "p_equity": 0.33592321755027421, "dipi": 57.8, "rank": 312.0, "stakes_score": null, "gap_rank": null }, "geometry": { "type": "Point", "coordinates": [ 116.205764, 5.3781368 ] } },
{ "type": "Feature", "properties": { "name": "Kampung Awas Awas", "place": "hamlet", "pop_2km": 10552, "seasonal_water_px": 0, "flood_prone": false, "rwi": 0.16125, "elevation_m": 306.0, "settlement_id": "S1070", "dl_mbps": 33.309, "ul_mbps": 11.978, "latency_ms": 45.0, "n_tests": 495, "n_tiles": 36, "evidence_tier": "measured", "n_schools_3km": 2, "n_clinics_3km": 0, "p_connectivity": 0.67369838420107719, "p_population": 0.86355475763016154, "p_institutions": 0.75987432675044886, "p_equity": 0.32541133455210236, "dipi": 66.4, "rank": 65.0, "stakes_score": null, "gap_rank": null }, "geometry": { "type": "Point", "coordinates": [ 116.2108103, 5.4027902 ] } },
{ "type": "Feature", "properties": { "name": "Kampung Banjar", "place": "hamlet", "pop_2km": 11297, "seasonal_water_px": 63, "flood_prone": true, "rwi": 0.58433333333333337, "elevation_m": 262.0, "settlement_id": "S1071", "dl_mbps": 103.1, "ul_mbps": 15.122, "latency_ms": 40.5, "n_tests": 859, "n_tiles": 34, "evidence_tier": "measured", "n_schools_3km": 6, "n_clinics_3km": 0, "p_connectivity": 0.20915619389587073, "p_population": 0.87432675044883301, "p_institutions": 0.88779174147217232, "p_equity": 0.13802559414990859, "dipi": 46.3, "rank": 679.0, "stakes_score": null, "gap_rank": null }, "geometry": { "type": "Point", "coordinates": [ 116.139442, 5.3129571 ] } },
{ "type": "Feature", "properties": { "name": "Kampung Baitah", "place": "hamlet", "pop_2km": 164, "seasonal_water_px": 0, "flood_prone": false, "rwi": -0.223, "elevation_m": 330.0, "settlement_id": "S1072", "dl_mbps": 72.2335, "ul_mbps": 9.0235, "latency_ms": 53.5, "n_tests": 36, "n_tiles": 6, "evidence_tier": "measured", "n_schools_3km": 0, "n_clinics_3km": 0, "p_connectivity": 0.33123877917414724, "p_population": 0.15798922800718132, "p_institutions": 0.2755834829443447, "p_equity": 0.67915904936014626, "dipi": 34.9, "rank": 1009.0, "stakes_score": null, "gap_rank": null }, "geometry": { "type": "Point", "coordinates": [ 116.2019406, 5.3003001 ] } },
{ "type": "Feature", "properties": { "name": "Kampung Tiulon", "place": "hamlet", "pop_2km": 908, "seasonal_water_px": 0, "flood_prone": false, "rwi": -0.0365, "elevation_m": 379.0, "settlement_id": "S1073", "dl_mbps": 85.283, "ul_mbps": 32.459, "latency_ms": 47.0, "n_tests": 16, "n_tiles": 4, "evidence_tier": "low_evidence", "n_schools_3km": 0, "n_clinics_3km": 0, "p_connectivity": 0.26570915619389585, "p_population": 0.47262118491921007, "p_institutions": 0.2755834829443447, "p_equity": 0.50502742230347353, "dipi": 36.7, "rank": 974.0, "stakes_score": null, "gap_rank": null }, "geometry": { "type": "Point", "coordinates": [ 116.3860528, 5.1234242 ] } },
{ "type": "Feature", "properties": { "name": "Kampung Babason", "place": "hamlet", "pop_2km": 1923, "seasonal_water_px": 0, "flood_prone": false, "rwi": -0.0085, "elevation_m": 355.0, "settlement_id": "S1074", "dl_mbps": 52.024, "ul_mbps": 5.026, "latency_ms": 49.0, "n_tests": 49, "n_tiles": 10, "evidence_tier": "measured", "n_schools_3km": 0, "n_clinics_3km": 0, "p_connectivity": 0.43626570915619389, "p_population": 0.61849192100538597, "p_institutions": 0.2755834829443447, "p_equity": 0.47531992687385738, "dipi": 46.6, "rank": 672.0, "stakes_score": null, "gap_rank": null }, "geometry": { "type": "Point", "coordinates": [ 116.2829209, 5.1381847 ] } },
{ "type": "Feature", "properties": { "name": "Skim Bumburing", "place": "village", "pop_2km": 2486, "seasonal_water_px": 263, "flood_prone": true, "rwi": 0.413, "elevation_m": 311.0, "settlement_id": "S1076", "dl_mbps": 27.598, "ul_mbps": 6.4755, "latency_ms": 46.0, "n_tests": 248, "n_tiles": 25, "evidence_tier": "measured", "n_schools_3km": 2, "n_clinics_3km": 0, "p_connectivity": 0.75134649910233398, "p_population": 0.65978456014362652, "p_institutions": 0.75987432675044886, "p_equity": 0.19881170018281535, "dipi": 61.9, "rank": 168.0, "stakes_score": null, "gap_rank": null }, "geometry": { "type": "Point", "coordinates": [ 116.2331743, 5.4127509 ] } },
{ "type": "Feature", "properties": { "name": "Kampung Tigot", "place": "hamlet", "pop_2km": 8063, "seasonal_water_px": 191, "flood_prone": true, "rwi": 0.58, "elevation_m": 288.0, "settlement_id": "S1078", "dl_mbps": 87.4265, "ul_mbps": 19.931, "latency_ms": 38.0, "n_tests": 1225, "n_tiles": 34, "evidence_tier": "measured", "n_schools_3km": 2, "n_clinics_3km": 1, "p_connectivity": 0.26211849192100539, "p_population": 0.82495511669658883, "p_institutions": 0.82405745062836622, "p_equity": 0.13985374771480805, "dipi": 46.3, "rank": 679.0, "stakes_score": null, "gap_rank": null }, "geometry": { "type": "Point", "coordinates": [ 116.1956928, 5.3655019 ] } },
{ "type": "Feature", "properties": { "name": "Kampung Tetiku Pamalan", "place": "hamlet", "pop_2km": 10201, "seasonal_water_px": 1, "flood_prone": false, "rwi": 0.64033333333333331, "elevation_m": 324.0, "settlement_id": "S1079", "dl_mbps": 82.8005, "ul_mbps": 18.6245, "latency_ms": 42.5, "n_tests": 1352, "n_tiles": 39, "evidence_tier": "measured", "n_schools_3km": 3, "n_clinics_3km": 1, "p_connectivity": 0.28096947935368044, "p_population": 0.85906642728904847, "p_institutions": 0.85592459605026927, "p_equity": 0.12705667276051189, "dipi": 48.1, "rank": 616.0, "stakes_score": null, "gap_rank": null }, "geometry": { "type": "Point", "coordinates": [ 116.1685997, 5.3832728 ] } },
{ "type": "Feature", "properties": { "name": "Kampung Toboh Laut", "place": "hamlet", "pop_2km": 8380, "seasonal_water_px": 0, "flood_prone": false, "rwi": 0.678, "elevation_m": 278.0, "settlement_id": "S1080", "dl_mbps": 84.715, "ul_mbps": 22.321, "latency_ms": 38.0, "n_tests": 1509, "n_tiles": 31, "evidence_tier": "measured", "n_schools_3km": 5, "n_clinics_3km": 2, "p_connectivity": 0.2719928186714542, "p_population": 0.83123877917414724, "p_institutions": 0.90035906642728902, "p_equity": 0.11197440585009141, "dipi": 47.4, "rank": 643.0, "stakes_score": null, "gap_rank": null }, "geometry": { "type": "Point", "coordinates": [ 116.186148, 5.3493578 ] } },
{ "type": "Feature", "properties": { "name": "Kampung Samalang", "place": "hamlet", "pop_2km": 11677, "seasonal_water_px": 2, "flood_prone": false, "rwi": 0.717, "elevation_m": 366.0, "settlement_id": "S1081", "dl_mbps": 104.14, "ul_mbps": 21.609, "latency_ms": 45.0, "n_tests": 1015, "n_tiles": 32, "evidence_tier": "measured", "n_schools_3km": 4, "n_clinics_3km": 1, "p_connectivity": 0.20646319569120286, "p_population": 0.87881508078994619, "p_institutions": 0.87477558348294437, "p_equity": 0.10237659963436929, "dipi": 45.4, "rank": 702.0, "stakes_score": null, "gap_rank": null }, "geometry": { "type": "Point", "coordinates": [ 116.1512737, 5.3700486 ] } },
{ "type": "Feature", "properties": { "name": "Kampung Tanah Merah", "place": "hamlet", "pop_2km": 1329, "seasonal_water_px": 0, "flood_prone": false, "rwi": -0.01075, "elevation_m": 401.0, "settlement_id": "S1083", "dl_mbps": 63.041, "ul_mbps": 12.356, "latency_ms": 49.0, "n_tests": 259, "n_tiles": 25, "evidence_tier": "measured", "n_schools_3km": 0, "n_clinics_3km": 0, "p_connectivity": 0.3734290843806104, "p_population": 0.56552962298025133, "p_institutions": 0.2755834829443447, "p_equity": 0.4780621572212066, "dipi": 42.8, "rank": 789.0, "stakes_score": null, "gap_rank": null }, "geometry": { "type": "Point", "coordinates": [ 116.1526828, 5.3975112 ] } },
{ "type": "Feature", "properties": { "name": "Liu", "place": "village", "pop_2km": 429, "seasonal_water_px": 0, "flood_prone": false, "rwi": -0.407, "elevation_m": 11.0, "settlement_id": "S1091", "dl_mbps": 42.4025, "ul_mbps": 10.4405, "latency_ms": 46.5, "n_tests": 23, "n_tiles": 4, "evidence_tier": "measured", "n_schools_3km": 0, "n_clinics_3km": 0, "p_connectivity": 0.54982046678635543, "p_population": 0.30969479353680429, "p_institutions": 0.2755834829443447, "p_equity": 0.84872029250457037, "dipi": 50.8, "rank": 547.0, "stakes_score": null, "gap_rank": null }, "geometry": { "type": "Point", "coordinates": [ 117.0956768, 6.9036909 ] } },
{ "type": "Feature", "properties": { "name": "Polod 1", "place": "village", "pop_2km": 429, "seasonal_water_px": 0, "flood_prone": false, "rwi": -0.355, "elevation_m": 16.0, "settlement_id": "S1092", "dl_mbps": 47.566, "ul_mbps": 9.021, "latency_ms": 80.0, "n_tests": 7, "n_tiles": 4, "evidence_tier": "low_evidence", "n_schools_3km": 0, "n_clinics_3km": 0, "p_connectivity": 0.47666068222621183, "p_population": 0.30969479353680429, "p_institutions": 0.2755834829443447, "p_equity": 0.80850091407678248, "dipi": 47.1, "rank": 651.0, "stakes_score": null, "gap_rank": null }, "geometry": { "type": "Point", "coordinates": [ 117.1804086, 6.7793551 ] } },
{ "type": "Feature", "properties": { "name": "Kapok", "place": "village", "pop_2km": 0, "seasonal_water_px": 0, "flood_prone": false, "rwi": -0.4195, "elevation_m": 11.0, "settlement_id": "S1093", "dl_mbps": 33.309, "ul_mbps": 9.884, "latency_ms": 48.0, "n_tests": 21, "n_tiles": 3, "evidence_tier": "measured", "n_schools_3km": 0, "n_clinics_3km": 0, "p_connectivity": 0.67369838420107719, "p_population": 0.043536804308797125, "p_institutions": 0.2755834829443447, "p_equity": 0.86197440585009144, "dipi": 49.4, "rank": 577.0, "stakes_score": null, "gap_rank": null }, "geometry": { "type": "Point", "coordinates": [ 117.1101539, 6.9152911 ] } },
{ "type": "Feature", "properties": { "name": "Polod 2", "place": "village", "pop_2km": 0, "seasonal_water_px": 0, "flood_prone": false, "rwi": -0.2045, "elevation_m": 20.0, "settlement_id": "S1094", "dl_mbps": 47.566, "ul_mbps": 9.021, "latency_ms": 80.0, "n_tests": 7, "n_tiles": 4, "evidence_tier": "low_evidence", "n_schools_3km": 0, "n_clinics_3km": 0, "p_connectivity": 0.47666068222621183, "p_population": 0.043536804308797125, "p_institutions": 0.2755834829443447, "p_equity": 0.66270566727605118, "dipi": 37.5, "rank": 954.0, "stakes_score": null, "gap_rank": null }, "geometry": { "type": "Point", "coordinates": [ 117.1779827, 6.7857478 ] } },
{ "type": "Feature", "properties": { "name": "Liu Darat", "place": "village", "pop_2km": 429, "seasonal_water_px": 0, "flood_prone": false, "rwi": -0.407, "elevation_m": 29.0, "settlement_id": "S1097", "dl_mbps": 42.4025, "ul_mbps": 10.4405, "latency_ms": 46.5, "n_tests": 23, "n_tiles": 4, "evidence_tier": "measured", "n_schools_3km": 0, "n_clinics_3km": 0, "p_connectivity": 0.54982046678635543, "p_population": 0.30969479353680429, "p_institutions": 0.2755834829443447, "p_equity": 0.84872029250457037, "dipi": 50.8, "rank": 547.0, "stakes_score": null, "gap_rank": null }, "geometry": { "type": "Point", "coordinates": [ 117.0938266, 6.9042192 ] } },
{ "type": "Feature", "properties": { "name": "Bolouh", "place": "village", "pop_2km": 1664, "seasonal_water_px": 0, "flood_prone": false, "rwi": 0.149, "elevation_m": 15.0, "settlement_id": "S1102", "dl_mbps": 46.396, "ul_mbps": 7.434, "latency_ms": 56.5, "n_tests": 48, "n_tiles": 6, "evidence_tier": "measured", "n_schools_3km": 1, "n_clinics_3km": 0, "p_connectivity": 0.49461400359066426, "p_population": 0.59964093357271098, "p_institutions": 0.63420107719928187, "p_equity": 0.34323583180987205, "dipi": 51.2, "rank": 538.0, "stakes_score": null, "gap_rank": null }, "geometry": { "type": "Point", "coordinates": [ 117.1625517, 6.8333174 ] } },
{ "type": "Feature", "properties": { "name": "Ungkup", "place": "village", "pop_2km": 0, "seasonal_water_px": 0, "flood_prone": false, "rwi": -0.168, "elevation_m": 9.0, "settlement_id": "S1103", "dl_mbps": 45.963, "ul_mbps": 4.033, "latency_ms": 57.0, "n_tests": 16, "n_tiles": 3, "evidence_tier": "low_evidence", "n_schools_3km": 0, "n_clinics_3km": 0, "p_connectivity": 0.50269299820466784, "p_population": 0.043536804308797125, "p_institutions": 0.2755834829443447, "p_equity": 0.62705667276051191, "dipi": 37.9, "rank": 942.0, "stakes_score": null, "gap_rank": null }, "geometry": { "type": "Point", "coordinates": [ 117.1323231, 6.8362972 ] } },
{ "type": "Feature", "properties": { "name": "Mangkapon Radap", "place": "village", "pop_2km": 429, "seasonal_water_px": 0, "flood_prone": false, "rwi": -0.41166666666666663, "elevation_m": 13.0, "settlement_id": "S1106", "dl_mbps": 58.232, "ul_mbps": 12.024, "latency_ms": 79.0, "n_tests": 6, "n_tiles": 3, "evidence_tier": "low_evidence", "n_schools_3km": 0, "n_clinics_3km": 0, "p_connectivity": 0.39676840215439857, "p_population": 0.30969479353680429, "p_institutions": 0.2755834829443447, "p_equity": 0.85603290676416821, "dipi": 44.9, "rank": 713.0, "stakes_score": null, "gap_rank": null }, "geometry": { "type": "Point", "coordinates": [ 117.1860354, 6.763685 ] } },
{ "type": "Feature", "properties": { "name": "Maringgan", "place": "village", "pop_2km": 141, "seasonal_water_px": 0, "flood_prone": false, "rwi": -0.446, "elevation_m": 15.0, "settlement_id": "S1110", "dl_mbps": 128.643, "ul_mbps": 28.619, "latency_ms": 48.0, "n_tests": 16, "n_tiles": 4, "evidence_tier": "low_evidence", "n_schools_3km": 0, "n_clinics_3km": 0, "p_connectivity": 0.15978456014362658, "p_population": 0.14811490125673249, "p_institutions": 0.2755834829443447, "p_equity": 0.87294332723948809, "dipi": 31.7, "rank": 1048.0, "stakes_score": null, "gap_rank": null }, "geometry": { "type": "Point", "coordinates": [ 117.1951715, 6.945283 ] } },
{ "type": "Feature", "properties": { "name": "Mangkapon Darat", "place": "village", "pop_2km": 429, "seasonal_water_px": 0, "flood_prone": false, "rwi": -0.355, "elevation_m": 30.0, "settlement_id": "S1114", "dl_mbps": 47.566, "ul_mbps": 9.021, "latency_ms": 80.0, "n_tests": 7, "n_tiles": 4, "evidence_tier": "low_evidence", "n_schools_3km": 0, "n_clinics_3km": 0, "p_connectivity": 0.47666068222621183, "p_population": 0.30969479353680429, "p_institutions": 0.2755834829443447, "p_equity": 0.80850091407678248, "dipi": 47.1, "rank": 651.0, "stakes_score": null, "gap_rank": null }, "geometry": { "type": "Point", "coordinates": [ 117.1809015, 6.7677394 ] } },
{ "type": "Feature", "properties": { "name": "Bawing", "place": "village", "pop_2km": 78, "seasonal_water_px": 13, "flood_prone": true, "rwi": -0.042, "elevation_m": 5.0, "settlement_id": "S1115", "dl_mbps": 95.123, "ul_mbps": 32.3235, "latency_ms": 78.5, "n_tests": 7, "n_tiles": 1, "evidence_tier": "low_evidence", "n_schools_3km": 0, "n_clinics_3km": 0, "p_connectivity": 0.23159784560143626, "p_population": 0.10951526032315978, "p_institutions": 0.2755834829443447, "p_equity": 0.50959780621572215, "dipi": 26.3, "rank": 1102.0, "stakes_score": null, "gap_rank": null }, "geometry": { "type": "Point", "coordinates": [ 117.1150191, 6.9391582 ] } },
{ "type": "Feature", "properties": { "name": "Kodong", "place": "village", "pop_2km": 429, "seasonal_water_px": 0, "flood_prone": false, "rwi": -0.501, "elevation_m": 19.0, "settlement_id": "S1116", "dl_mbps": 68.1605, "ul_mbps": 13.904, "latency_ms": 44.0, "n_tests": 6, "n_tiles": 3, "evidence_tier": "low_evidence", "n_schools_3km": 0, "n_clinics_3km": 0, "p_connectivity": 0.35008976660682228, "p_population": 0.30969479353680429, "p_institutions": 0.2755834829443447, "p_equity": 0.92413162705667273, "dipi": 44.4, "rank": 728.0, "stakes_score": null, "gap_rank": null }, "geometry": { "type": "Point", "coordinates": [ 117.0945086, 6.8921416 ] } },
{ "type": "Feature", "properties": { "name": "Jambu", "place": "village", "pop_2km": 0, "seasonal_water_px": 0, "flood_prone": false, "rwi": -0.412, "elevation_m": 47.0, "settlement_id": "S1117", "dl_mbps": 14.9, "ul_mbps": 4.5285, "latency_ms": 34.0, "n_tests": 8, "n_tiles": 3, "evidence_tier": "low_evidence", "n_schools_3km": 0, "n_clinics_3km": 0, "p_connectivity": 0.91337522441651708, "p_population": 0.043536804308797125, "p_institutions": 0.2755834829443447, "p_equity": 0.85740402193784282, "dipi": 58.9, "rank": 275.0, "stakes_score": null, "gap_rank": null }, "geometry": { "type": "Point", "coordinates": [ 117.0976262, 6.8692151 ] } },
{ "type": "Feature", "properties": { "name": "Gumpa", "place": "village", "pop_2km": 0, "seasonal_water_px": 0, "flood_prone": false, "rwi": -0.36, "elevation_m": 21.0, "settlement_id": "S1118", "dl_mbps": 14.9, "ul_mbps": 4.5285, "latency_ms": 34.0, "n_tests": 8, "n_tiles": 3, "evidence_tier": "low_evidence", "n_schools_3km": 0, "n_clinics_3km": 0, "p_connectivity": 0.91337522441651708, "p_population": 0.043536804308797125, "p_institutions": 0.2755834829443447, "p_equity": 0.8135283363802559, "dipi": 58.0, "rank": 304.0, "stakes_score": null, "gap_rank": null }, "geometry": { "type": "Point", "coordinates": [ 117.108642, 6.8584471 ] } },
{ "type": "Feature", "properties": { "name": "Pungitan Polod", "place": "village", "pop_2km": 368, "seasonal_water_px": 0, "flood_prone": false, "rwi": -0.284, "elevation_m": 19.0, "settlement_id": "S1119", "dl_mbps": 47.566, "ul_mbps": 9.021, "latency_ms": 80.0, "n_tests": 7, "n_tiles": 4, "evidence_tier": "low_evidence", "n_schools_3km": 0, "n_clinics_3km": 0, "p_connectivity": 0.47666068222621183, "p_population": 0.26929982046678635, "p_institutions": 0.2755834829443447, "p_equity": 0.73720292504570384, "dipi": 44.7, "rank": 720.0, "stakes_score": null, "gap_rank": null }, "geometry": { "type": "Point", "coordinates": [ 117.179138, 6.7816121 ] } },
{ "type": "Feature", "properties": { "name": "Lukan", "place": "village", "pop_2km": 306, "seasonal_water_px": 0, "flood_prone": false, "rwi": -0.284, "elevation_m": 16.0, "settlement_id": "S1120", "dl_mbps": 47.566, "ul_mbps": 9.021, "latency_ms": 80.0, "n_tests": 7, "n_tiles": 4, "evidence_tier": "low_evidence", "n_schools_3km": 0, "n_clinics_3km": 0, "p_connectivity": 0.47666068222621183, "p_population": 0.24910233393177739, "p_institutions": 0.2755834829443447, "p_equity": 0.73720292504570384, "dipi": 44.2, "rank": 735.0, "stakes_score": null, "gap_rank": null }, "geometry": { "type": "Point", "coordinates": [ 117.1725364, 6.7771882 ] } },
{ "type": "Feature", "properties": { "name": "Mangkapon Laut", "place": "village", "pop_2km": 429, "seasonal_water_px": 0, "flood_prone": false, "rwi": -0.41166666666666663, "elevation_m": 13.0, "settlement_id": "S1121", "dl_mbps": 86.04, "ul_mbps": 15.027, "latency_ms": 78.0, "n_tests": 7, "n_tiles": 4, "evidence_tier": "low_evidence", "n_schools_3km": 0, "n_clinics_3km": 0, "p_connectivity": 0.26301615798922801, "p_population": 0.30969479353680429, "p_institutions": 0.2755834829443447, "p_equity": 0.85603290676416821, "dipi": 39.5, "rank": 901.0, "stakes_score": null, "gap_rank": null }, "geometry": { "type": "Point", "coordinates": [ 117.1866501, 6.7660043 ] } },
{ "type": "Feature", "properties": { "name": "Lumat", "place": "village", "pop_2km": 3227, "seasonal_water_px": 9, "flood_prone": true, "rwi": 0.183, "elevation_m": 14.0, "settlement_id": "S1122", "dl_mbps": 32.098, "ul_mbps": 8.297, "latency_ms": 46.0, "n_tests": 368, "n_tiles": 19, "evidence_tier": "measured", "n_schools_3km": 0, "n_clinics_3km": 0, "p_connectivity": 0.68850987432675048, "p_population": 0.69389587073608616, "p_institutions": 0.2755834829443447, "p_equity": 0.31078610603290674, "dipi": 55.2, "rank": 402.0, "stakes_score": null, "gap_rank": null }, "geometry": { "type": "Point", "coordinates": [ 115.7447944, 5.4027212 ] } },
{ "type": "Feature", "properties": { "name": "Kinarut", "place": "town", "pop_2km": 19199, "seasonal_water_px": 0, "flood_prone": false, "rwi": 1.1475, "elevation_m": 10.0, "settlement_id": "S1127", "dl_mbps": 190.7475, "ul_mbps": 32.7405, "latency_ms": 36.0, "n_tests": 2356, "n_tiles": 35, "evidence_tier": "measured", "n_schools_3km": 3, "n_clinics_3km": 0, "p_connectivity": 0.057450628366247758, "p_population": 0.93716337522441651, "p_institutions": 0.82405745062836622, "p_equity": 0.0073126142595978062, "dipi": 38.2, "rank": 935.0, "stakes_score": null, "gap_rank": null }, "geometry": { "type": "Point", "coordinates": [ 116.0431553, 5.8244279 ] } },
{ "type": "Feature", "properties": { "name": "Kampung Mapat", "place": "hamlet", "pop_2km": 0, "seasonal_water_px": 0, "flood_prone": false, "rwi": -0.4625, "elevation_m": 19.0, "settlement_id": "S1128", "dl_mbps": 193.5095, "ul_mbps": 19.4355, "latency_ms": 75.5, "n_tests": 5, "n_tiles": 1, "evidence_tier": "low_evidence", "n_schools_3km": 0, "n_clinics_3km": 0, "p_connectivity": 0.05565529622980251, "p_population": 0.043536804308797125, "p_institutions": 0.2755834829443447, "p_equity": 0.89488117001828149, "dipi": 25.3, "rank": 1109.0, "stakes_score": null, "gap_rank": null }, "geometry": { "type": "Point", "coordinates": [ 117.2958457, 6.5922825 ] } },
{ "type": "Feature", "properties": { "name": "Kampung Maidan", "place": "hamlet", "pop_2km": 0, "seasonal_water_px": 0, "flood_prone": false, "rwi": -0.7005, "elevation_m": 17.0, "settlement_id": "S1130", "dl_mbps": 164.434, "ul_mbps": 14.027, "latency_ms": 41.0, "n_tests": 5, "n_tiles": 1, "evidence_tier": "low_evidence", "n_schools_3km": 0, "n_clinics_3km": 0, "p_connectivity": 0.096947935368043081, "p_population": 0.043536804308797125, "p_institutions": 0.2755834829443447, "p_equity": 0.99085923217550276, "dipi": 28.9, "rank": 1087.0, "stakes_score": null, "gap_rank": null }, "geometry": { "type": "Point", "coordinates": [ 117.3195892, 6.5793823 ] } },
{ "type": "Feature", "properties": { "name": "Kampung Kaung Lapai", "place": "village", "pop_2km": 156, "seasonal_water_px": 0, "flood_prone": false, "rwi": 0.145, "elevation_m": 794.0, "settlement_id": "S1133", "dl_mbps": 12.257, "ul_mbps": 1.845, "latency_ms": 53.0, "n_tests": 18, "n_tiles": 8, "evidence_tier": "low_evidence", "n_schools_3km": 1, "n_clinics_3km": 0, "p_connectivity": 0.93447037701974867, "p_population": 0.15350089766606823, "p_institutions": 0.63420107719928187, "p_equity": 0.34826325411334552, "dipi": 57.7, "rank": 317.0, "stakes_score": null, "gap_rank": null }, "geometry": { "type": "Point", "coordinates": [ 116.4384247, 6.0807034 ] } },
{ "type": "Feature", "properties": { "name": "Wallace Bay", "place": "village", "pop_2km": 0, "seasonal_water_px": 29, "flood_prone": true, "rwi": null, "elevation_m": 22.0, "settlement_id": "S1135", "dl_mbps": 92.392, "ul_mbps": 27.688, "latency_ms": 71.0, "n_tests": 6, "n_tiles": 2, "evidence_tier": "low_evidence", "n_schools_3km": 0, "n_clinics_3km": 0, "p_connectivity": 0.24326750448833034, "p_population": 0.043536804308797125, "p_institutions": 0.2755834829443447, "p_equity": 0.5, "dipi": 25.0, "rank": 1111.0, "stakes_score": null, "gap_rank": null }, "geometry": { "type": "Point", "coordinates": [ 117.6629814, 4.2441691 ] } },
{ "type": "Feature", "properties": { "name": "Solibog", "place": "village", "pop_2km": 4281, "seasonal_water_px": 7, "flood_prone": true, "rwi": -0.12233333333333336, "elevation_m": 520.0, "settlement_id": "S1136", "dl_mbps": 41.6815, "ul_mbps": 12.623, "latency_ms": 50.0, "n_tests": 307, "n_tiles": 23, "evidence_tier": "measured", "n_schools_3km": 2, "n_clinics_3km": 2, "p_connectivity": 0.56463195691202872, "p_population": 0.74326750448833034, "p_institutions": 0.85592459605026927, "p_equity": 0.58775137111517373, "dipi": 65.8, "rank": 79.0, "stakes_score": null, "gap_rank": null }, "geometry": { "type": "Point", "coordinates": [ 116.3369158, 5.6235719 ] } },
{ "type": "Feature", "properties": { "name": "Nupakan", "place": "village", "pop_2km": 124, "seasonal_water_px": 0, "flood_prone": false, "rwi": -0.3425, "elevation_m": 876.0, "settlement_id": "S1137", "dl_mbps": 10.528, "ul_mbps": 3.649, "latency_ms": 60.0, "n_tests": 14, "n_tiles": 4, "evidence_tier": "low_evidence", "n_schools_3km": 0, "n_clinics_3km": 0, "p_connectivity": 0.94703770197486536, "p_population": 0.13734290843806105, "p_institutions": 0.2755834829443447, "p_equity": 0.79296160877513711, "dipi": 61.3, "rank": 183.0, "stakes_score": null, "gap_rank": null }, "geometry": { "type": "Point", "coordinates": [ 116.4716169, 5.6435725 ] } },
{ "type": "Feature", "properties": { "name": "Lalapakon", "place": "village", "pop_2km": 4341, "seasonal_water_px": 0, "flood_prone": false, "rwi": 0.35775, "elevation_m": 531.0, "settlement_id": "S1138", "dl_mbps": 37.879, "ul_mbps": 12.0495, "latency_ms": 45.0, "n_tests": 302, "n_tiles": 25, "evidence_tier": "measured", "n_schools_3km": 3, "n_clinics_3km": 2, "p_connectivity": 0.61131059245960506, "p_population": 0.74506283662477557, "p_institutions": 0.87477558348294437, "p_equity": 0.22029250457038391, "dipi": 60.6, "rank": 204.0, "stakes_score": null, "gap_rank": null }, "geometry": { "type": "Point", "coordinates": [ 116.3473513, 5.6357365 ] } },
{ "type": "Feature", "properties": { "name": "Kampung Air", "place": "village", "pop_2km": 43737, "seasonal_water_px": 238, "flood_prone": true, "rwi": 1.0655, "elevation_m": 12.0, "settlement_id": "S1139", "dl_mbps": 210.1005, "ul_mbps": 41.881, "latency_ms": 36.5, "n_tests": 10554, "n_tiles": 26, "evidence_tier": "measured", "n_schools_3km": 16, "n_clinics_3km": 14, "p_connectivity": 0.038150807899461403, "p_population": 0.98294434470377023, "p_institutions": 0.99147217235188512, "p_equity": 0.024223034734917732, "dipi": 41.5, "rank": 839.0, "stakes_score": null, "gap_rank": null }, "geometry": { "type": "Point", "coordinates": [ 116.0731772, 5.9779635 ] } },
{ "type": "Feature", "properties": { "name": "Likas", "place": "village", "pop_2km": 49988, "seasonal_water_px": 125, "flood_prone": true, "rwi": 0.9863333333333334, "elevation_m": 9.0, "settlement_id": "S1140", "dl_mbps": 222.048, "ul_mbps": 45.7855, "latency_ms": 34.0, "n_tests": 5396, "n_tiles": 33, "evidence_tier": "measured", "n_schools_3km": 22, "n_clinics_3km": 6, "p_connectivity": 0.02423698384201077, "p_population": 0.98833034111310591, "p_institutions": 0.98877917414721728, "p_equity": 0.036563071297989032, "dipi": 41.2, "rank": 853.0, "stakes_score": null, "gap_rank": null }, "geometry": { "type": "Point", "coordinates": [ 116.1023998, 5.9876497 ] } },
{ "type": "Feature", "properties": { "name": "Serudong Laut", "place": "village", "pop_2km": 66, "seasonal_water_px": 53, "flood_prone": true, "rwi": -0.4905, "elevation_m": 6.0, "settlement_id": "S1141", "dl_mbps": 72.805, "ul_mbps": 30.129, "latency_ms": 51.0, "n_tests": 52, "n_tiles": 3, "evidence_tier": "measured", "n_schools_3km": 0, "n_clinics_3km": 0, "p_connectivity": 0.32944344703770195, "p_population": 0.10412926391382406, "p_institutions": 0.2755834829443447, "p_equity": 0.9145338208409507, "dipi": 38.2, "rank": 935.0, "stakes_score": null, "gap_rank": null }, "geometry": { "type": "Point", "coordinates": [ 117.4338135, 4.2530081 ] } },
{ "type": "Feature", "properties": { "name": "Kampung Penampang Proper", "place": "village", "pop_2km": 39846, "seasonal_water_px": 2, "flood_prone": false, "rwi": 0.91075, "elevation_m": 14.0, "settlement_id": "S1142", "dl_mbps": 230.071, "ul_mbps": 39.961, "latency_ms": 34.0, "n_tests": 4897, "n_tiles": 44, "evidence_tier": "measured", "n_schools_3km": 3, "n_clinics_3km": 0, "p_connectivity": 0.017953321364452424, "p_population": 0.97576301615798922, "p_institutions": 0.82405745062836622, "p_equity": 0.056672760511882997, "dipi": 38.6, "rank": 930.0, "stakes_score": null, "gap_rank": null }, "geometry": { "type": "Point", "coordinates": [ 116.1044142, 5.9053514 ] } },
{ "type": "Feature", "properties": { "name": "Sembulan", "place": "village", "pop_2km": 68654, "seasonal_water_px": 22, "flood_prone": true, "rwi": 1.0816666666666668, "elevation_m": 6.0, "settlement_id": "S1143", "dl_mbps": 224.4295, "ul_mbps": 45.207, "latency_ms": 35.0, "n_tests": 11057, "n_tiles": 36, "evidence_tier": "measured", "n_schools_3km": 19, "n_clinics_3km": 19, "p_connectivity": 0.02244165170556553, "p_population": 0.99820466786355477, "p_institutions": 0.99640933572710955, "p_equity": 0.022851919561243144, "dipi": 41.3, "rank": 850.0, "stakes_score": null, "gap_rank": null }, "geometry": { "type": "Point", "coordinates": [ 116.0672468, 5.9583428 ] } },
{ "type": "Feature", "properties": { "name": "Kampung Seng Kee", "place": "hamlet", "pop_2km": 14277, "seasonal_water_px": 88, "flood_prone": true, "rwi": 0.669, "elevation_m": 3.0, "settlement_id": "S1144", "dl_mbps": 210.473, "ul_mbps": 31.44, "latency_ms": 46.0, "n_tests": 596, "n_tiles": 15, "evidence_tier": "measured", "n_schools_3km": 9, "n_clinics_3km": 1, "p_connectivity": 0.036804308797127469, "p_population": 0.90664272890484743, "p_institutions": 0.93716337522441651, "p_equity": 0.1170018281535649, "dipi": 40.5, "rank": 875.0, "stakes_score": null, "gap_rank": null }, "geometry": { "type": "Point", "coordinates": [ 118.0917576, 5.8318673 ] } },
{ "type": "Feature", "properties": { "name": "Kampung Garinono", "place": "village", "pop_2km": 421, "seasonal_water_px": 0, "flood_prone": false, "rwi": 0.1105, "elevation_m": 56.0, "settlement_id": "S1145", "dl_mbps": 34.9495, "ul_mbps": 5.6035, "latency_ms": 54.5, "n_tests": 46, "n_tiles": 12, "evidence_tier": "measured", "n_schools_3km": 0, "n_clinics_3km": 0, "p_connectivity": 0.64631956912028721, "p_population": 0.30475763016157992, "p_institutions": 0.2755834829443447, "p_equity": 0.37202925045703839, "dipi": 45.0, "rank": 709.0, "stakes_score": null, "gap_rank": null }, "geometry": { "type": "Point", "coordinates": [ 117.8167543, 5.8244287 ] } },
{ "type": "Feature", "properties": { "name": "Kampung Iran", "place": "village", "pop_2km": 23375, "seasonal_water_px": 1, "flood_prone": false, "rwi": 0.15066666666666664, "elevation_m": 23.0, "settlement_id": "S1146", "dl_mbps": 52.0395, "ul_mbps": 14.931, "latency_ms": 54.0, "n_tests": 339, "n_tiles": 20, "evidence_tier": "measured", "n_schools_3km": 3, "n_clinics_3km": 2, "p_connectivity": 0.43536804308797128, "p_population": 0.95242369838420105, "p_institutions": 0.87477558348294437, "p_equity": 0.34095063985374774, "dipi": 61.2, "rank": 186.0, "stakes_score": null, "gap_rank": null }, "geometry": { "type": "Point", "coordinates": [ 117.5604771, 5.8808116 ] } },
{ "type": "Feature", "properties": { "name": "Kampung Lintuhun", "place": "village", "pop_2km": 8654, "seasonal_water_px": 2, "flood_prone": false, "rwi": 0.9615, "elevation_m": 580.0, "settlement_id": "S1147", "dl_mbps": 42.746, "ul_mbps": 13.728, "latency_ms": 50.0, "n_tests": 925, "n_tiles": 30, "evidence_tier": "measured", "n_schools_3km": 5, "n_clinics_3km": 2, "p_connectivity": 0.54263913824057453, "p_population": 0.83842010771992814, "p_institutions": 0.90035906642728902, "p_equity": 0.042504570383912248, "dipi": 57.0, "rank": 344.0, "stakes_score": null, "gap_rank": null }, "geometry": { "type": "Point", "coordinates": [ 116.3657838, 5.6723615 ] } },
{ "type": "Feature", "properties": { "name": "Kampung Timbou", "place": "village", "pop_2km": 6761, "seasonal_water_px": 0, "flood_prone": false, "rwi": 0.29733333333333334, "elevation_m": 614.0, "settlement_id": "S1148", "dl_mbps": 34.769, "ul_mbps": 7.405, "latency_ms": 45.0, "n_tests": 401, "n_tiles": 31, "evidence_tier": "measured", "n_schools_3km": 0, "n_clinics_3km": 1, "p_connectivity": 0.65080789946140039, "p_population": 0.80430879712746861, "p_institutions": 0.63420107719928187, "p_equity": 0.24771480804387569, "dipi": 60.6, "rank": 204.0, "stakes_score": null, "gap_rank": null }, "geometry": { "type": "Point", "coordinates": [ 116.3762806, 5.6971603 ] } },
{ "type": "Feature", "properties": { "name": "Kampung Papar", "place": "village", "pop_2km": 8193, "seasonal_water_px": 0, "flood_prone": false, "rwi": 0.675, "elevation_m": 590.0, "settlement_id": "S1149", "dl_mbps": 42.746, "ul_mbps": 13.728, "latency_ms": 50.0, "n_tests": 925, "n_tiles": 30, "evidence_tier": "measured", "n_schools_3km": 4, "n_clinics_3km": 2, "p_connectivity": 0.54263913824057453, "p_population": 0.82764811490125678, "p_institutions": 0.88779174147217232, "p_equity": 0.11517367458866545, "dipi": 58.0, "rank": 304.0, "stakes_score": null, "gap_rank": null }, "geometry": { "type": "Point", "coordinates": [ 116.3609761, 5.6770722 ] } },
{ "type": "Feature", "properties": { "name": "Kampung Tombotuon", "place": "village", "pop_2km": 5177, "seasonal_water_px": 0, "flood_prone": false, "rwi": -0.019, "elevation_m": 648.0, "settlement_id": "S1150", "dl_mbps": 40.429, "ul_mbps": 11.195, "latency_ms": 44.0, "n_tests": 385, "n_tiles": 30, "evidence_tier": "measured", "n_schools_3km": 4, "n_clinics_3km": 0, "p_connectivity": 0.57989228007181326, "p_population": 0.76660682226211851, "p_institutions": 0.85592459605026927, "p_equity": 0.48263254113345522, "dipi": 64.9, "rank": 100.0, "stakes_score": null, "gap_rank": null }, "geometry": { "type": "Point", "coordinates": [ 116.4038244, 5.7241723 ] } },
{ "type": "Feature", "properties": { "name": "Kampung Kipaku", "place": "village", "pop_2km": 2175, "seasonal_water_px": 0, "flood_prone": false, "rwi": -0.25433333333333336, "elevation_m": 666.0, "settlement_id": "S1151", "dl_mbps": 57.034, "ul_mbps": 16.353, "latency_ms": 44.0, "n_tests": 243, "n_tiles": 18, "evidence_tier": "measured", "n_schools_3km": 4, "n_clinics_3km": 0, "p_connectivity": 0.40305206463195692, "p_population": 0.63824057450628369, "p_institutions": 0.85592459605026927, "p_equity": 0.70383912248628888, "dipi": 59.0, "rank": 269.0, "stakes_score": null, "gap_rank": null }, "geometry": { "type": "Point", "coordinates": [ 116.4067157, 5.7396865 ] } },
{ "type": "Feature", "properties": { "name": "Kampung Pantai", "place": "village", "pop_2km": 6032, "seasonal_water_px": 0, "flood_prone": false, "rwi": 0.28033333333333338, "elevation_m": 668.0, "settlement_id": "S1152", "dl_mbps": 42.551, "ul_mbps": 11.195, "latency_ms": 45.0, "n_tests": 400, "n_tiles": 28, "evidence_tier": "measured", "n_schools_3km": 4, "n_clinics_3km": 0, "p_connectivity": 0.54757630161579895, "p_population": 0.78635547576301612, "p_institutions": 0.85592459605026927, "p_equity": 0.25594149908592323, "dipi": 59.5, "rank": 257.0, "stakes_score": null, "gap_rank": null }, "geometry": { "type": "Point", "coordinates": [ 116.3969058, 5.7268046 ] } },
{ "type": "Feature", "properties": { "name": "Kampung Jawa Uloi", "place": "village", "pop_2km": 4071, "seasonal_water_px": 0, "flood_prone": false, "rwi": 0.29133333333333333, "elevation_m": 194.0, "settlement_id": "S1153", "dl_mbps": 36.387, "ul_mbps": 9.27, "latency_ms": 50.0, "n_tests": 658, "n_tiles": 28, "evidence_tier": "measured", "n_schools_3km": 7, "n_clinics_3km": 2, "p_connectivity": 0.6328545780969479, "p_population": 0.73608617594254933, "p_institutions": 0.92504488330341117, "p_equity": 0.25228519195612431, "dipi": 62.6, "rank": 154.0, "stakes_score": null, "gap_rank": null }, "geometry": { "type": "Point", "coordinates": [ 115.9560133, 5.1444047 ] } },
{ "type": "Feature", "properties": { "name": "Kampung Bunut", "place": "village", "pop_2km": 9633, "seasonal_water_px": 37, "flood_prone": true, "rwi": 0.834, "elevation_m": 179.0, "settlement_id": "S1154", "dl_mbps": 43.003, "ul_mbps": 15.672, "latency_ms": 51.0, "n_tests": 1484, "n_tiles": 28, "evidence_tier": "measured", "n_schools_3km": 6, "n_clinics_3km": 2, "p_connectivity": 0.54129263913824055, "p_population": 0.85188509874326745, "p_institutions": 0.91382405745062834, "p_equity": 0.074040219378427793, "dipi": 58.1, "rank": 298.0, "stakes_score": null, "gap_rank": null }, "geometry": { "type": "Point", "coordinates": [ 115.9511845, 5.1227783 ] } },
{ "type": "Feature", "properties": { "name": "Kampung Mantailang", "place": "village", "pop_2km": 5120, "seasonal_water_px": 0, "flood_prone": false, "rwi": -0.042, "elevation_m": 233.0, "settlement_id": "S1155", "dl_mbps": 27.303, "ul_mbps": 9.441, "latency_ms": 63.0, "n_tests": 327, "n_tiles": 21, "evidence_tier": "measured", "n_schools_3km": 2, "n_clinics_3km": 0, "p_connectivity": 0.75583482944344704, "p_population": 0.7657091561938959, "p_institutions": 0.75987432675044886, "p_equity": 0.50959780621572215, "dipi": 71.0, "rank": 30.0, "stakes_score": null, "gap_rank": null }, "geometry": { "type": "Point", "coordinates": [ 115.9586872, 5.1692031 ] } },
{ "type": "Feature", "properties": { "name": "Kampung Masjid Keningau", "place": "hamlet", "pop_2km": 25639, "seasonal_water_px": 8, "flood_prone": true, "rwi": 0.64375, "elevation_m": 280.0, "settlement_id": "S1156", "dl_mbps": 176.004, "ul_mbps": 37.493, "latency_ms": 39.0, "n_tests": 5838, "n_tiles": 47, "evidence_tier": "measured", "n_schools_3km": 11, "n_clinics_3km": 0, "p_connectivity": 0.07719928186714542, "p_population": 0.96319569120287252, "p_institutions": 0.94793536804308798, "p_equity": 0.12385740402193784, "dipi": 43.9, "rank": 749.0, "stakes_score": null, "gap_rank": null }, "geometry": { "type": "Point", "coordinates": [ 116.1524864, 5.3308276 ] } },
{ "type": "Feature", "properties": { "name": "Kampung Limbawan", "place": "hamlet", "pop_2km": 24648, "seasonal_water_px": 8, "flood_prone": true, "rwi": 0.64375, "elevation_m": 270.0, "settlement_id": "S1157", "dl_mbps": 171.093, "ul_mbps": 36.8205, "latency_ms": 39.0, "n_tests": 5609, "n_tiles": 45, "evidence_tier": "measured", "n_schools_3km": 12, "n_clinics_3km": 0, "p_connectivity": 0.082585278276481155, "p_population": 0.95601436265709161, "p_institutions": 0.95825852782764809, "p_equity": 0.12385740402193784, "dipi": 44.1, "rank": 741.0, "stakes_score": null, "gap_rank": null }, "geometry": { "type": "Point", "coordinates": [ 116.1528422, 5.3283971 ] } },
{ "type": "Feature", "properties": { "name": "Kampung Mottou", "place": "hamlet", "pop_2km": 23933, "seasonal_water_px": 6, "flood_prone": true, "rwi": 0.643, "elevation_m": 300.0, "settlement_id": "S1158", "dl_mbps": 180.654, "ul_mbps": 34.874, "latency_ms": 38.0, "n_tests": 5898, "n_tiles": 46, "evidence_tier": "measured", "n_schools_3km": 11, "n_clinics_3km": 1, "p_connectivity": 0.070017953321364457, "p_population": 0.95421903052064627, "p_institutions": 0.95825852782764809, "p_equity": 0.12614259597806216, "dipi": 43.6, "rank": 763.0, "stakes_score": null, "gap_rank": null }, "geometry": { "type": "Point", "coordinates": [ 116.1463312, 5.3405593 ] } },
{ "type": "Feature", "properties": { "name": "Kampung Sondoton Baru", "place": "hamlet", "pop_2km": 19794, "seasonal_water_px": 6, "flood_prone": true, "rwi": 0.906, "elevation_m": 329.0, "settlement_id": "S1159", "dl_mbps": 119.901, "ul_mbps": 22.127, "latency_ms": 42.0, "n_tests": 2599, "n_tiles": 44, "evidence_tier": "measured", "n_schools_3km": 6, "n_clinics_3km": 2, "p_connectivity": 0.17235188509874327, "p_population": 0.94075403949730696, "p_institutions": 0.91382405745062834, "p_equity": 0.05850091407678245, "dipi": 45.3, "rank": 705.0, "stakes_score": null, "gap_rank": null }, "geometry": { "type": "Point", "coordinates": [ 116.1696882, 5.3668672 ] } },
{ "type": "Feature", "properties": { "name": "Kampung Istimewa", "place": "hamlet", "pop_2km": 25494, "seasonal_water_px": 56, "flood_prone": true, "rwi": 1.1305, "elevation_m": 4.0, "settlement_id": "S1160", "dl_mbps": 177.614, "ul_mbps": 37.014, "latency_ms": 43.0, "n_tests": 944, "n_tiles": 16, "evidence_tier": "measured", "n_schools_3km": 5, "n_clinics_3km": 0, "p_connectivity": 0.074506283662477552, "p_population": 0.96140035906642729, "p_institutions": 0.87477558348294437, "p_equity": 0.011882998171846435, "dipi": 40.4, "rank": 879.0, "stakes_score": null, "gap_rank": null }, "geometry": { "type": "Point", "coordinates": [ 118.0531029, 5.8077405 ] } },
{ "type": "Feature", "properties": { "name": "Kampung Gas Baru", "place": "hamlet", "pop_2km": 19454, "seasonal_water_px": 99, "flood_prone": true, "rwi": 1.1355, "elevation_m": 0.0, "settlement_id": "S1161", "dl_mbps": 196.248, "ul_mbps": 54.98, "latency_ms": 32.0, "n_tests": 114, "n_tiles": 6, "evidence_tier": "measured", "n_schools_3km": 2, "n_clinics_3km": 0, "p_connectivity": 0.052513464991023343, "p_population": 0.93895870736086173, "p_institutions": 0.75987432675044886, "p_equity": 0.010054844606946984, "dipi": 37.2, "rank": 966.0, "stakes_score": null, "gap_rank": null }, "geometry": { "type": "Point", "coordinates": [ 118.033886, 5.7933484 ] } },
{ "type": "Feature", "properties": { "name": "Kampung Gas", "place": "hamlet", "pop_2km": 21787, "seasonal_water_px": 81, "flood_prone": true, "rwi": 1.1355, "elevation_m": 4.0, "settlement_id": "S1162", "dl_mbps": 196.248, "ul_mbps": 46.037, "latency_ms": 32.0, "n_tests": 129, "n_tiles": 7, "evidence_tier": "measured", "n_schools_3km": 2, "n_clinics_3km": 0, "p_connectivity": 0.052513464991023343, "p_population": 0.94614003590664275, "p_institutions": 0.75987432675044886, "p_equity": 0.010054844606946984, "dipi": 37.4, "rank": 958.0, "stakes_score": null, "gap_rank": null }, "geometry": { "type": "Point", "coordinates": [ 118.0351893, 5.7962612 ] } },
{ "type": "Feature", "properties": { "name": "Kampung Desa Permai", "place": "hamlet", "pop_2km": 23462, "seasonal_water_px": 63, "flood_prone": true, "rwi": 1.1355, "elevation_m": 9.0, "settlement_id": "S1163", "dl_mbps": 203.507, "ul_mbps": 41.209, "latency_ms": 33.0, "n_tests": 151, "n_tiles": 9, "evidence_tier": "measured", "n_schools_3km": 2, "n_clinics_3km": 0, "p_connectivity": 0.045780969479353679, "p_population": 0.95332136445242366, "p_institutions": 0.75987432675044886, "p_equity": 0.010054844606946984, "dipi": 37.3, "rank": 962.0, "stakes_score": null, "gap_rank": null }, "geometry": { "type": "Point", "coordinates": [ 118.0381552, 5.7991646 ] } },
{ "type": "Feature", "properties": { "name": "Kampung Tabah Baru", "place": "hamlet", "pop_2km": 22115, "seasonal_water_px": 83, "flood_prone": true, "rwi": 0.822, "elevation_m": -1.0, "settlement_id": "S1164", "dl_mbps": 157.6135, "ul_mbps": 28.8055, "latency_ms": 46.0, "n_tests": 1031, "n_tiles": 12, "evidence_tier": "measured", "n_schools_3km": 5, "n_clinics_3km": 0, "p_connectivity": 0.10906642728904847, "p_population": 0.94703770197486536, "p_institutions": 0.87477558348294437, "p_equity": 0.077239488117001834, "dipi": 42.7, "rank": 792.0, "stakes_score": null, "gap_rank": null }, "geometry": { "type": "Point", "coordinates": [ 118.0694752, 5.8070579 ] } },
{ "type": "Feature", "properties": { "name": "Kampung Karamunting Lama", "place": "hamlet", "pop_2km": 20286, "seasonal_water_px": 93, "flood_prone": true, "rwi": 0.822, "elevation_m": 5.0, "settlement_id": "S1165", "dl_mbps": 137.613, "ul_mbps": 28.724, "latency_ms": 46.0, "n_tests": 1001, "n_tiles": 12, "evidence_tier": "measured", "n_schools_3km": 4, "n_clinics_3km": 0, "p_connectivity": 0.13734290843806105, "p_population": 0.9425493716337523, "p_institutions": 0.85592459605026927, "p_equity": 0.077239488117001834, "dipi": 43.4, "rank": 771.0, "stakes_score": null, "gap_rank": null }, "geometry": { "type": "Point", "coordinates": [ 118.0742504, 5.8111522 ] } },
{ "type": "Feature", "properties": { "name": "Park Residence", "place": "village", "pop_2km": 16269, "seasonal_water_px": 3, "flood_prone": false, "rwi": 0.92133333333333345, "elevation_m": 11.0, "settlement_id": "S1166", "dl_mbps": 232.059, "ul_mbps": 38.406, "latency_ms": 35.0, "n_tests": 1073, "n_tiles": 39, "evidence_tier": "measured", "n_schools_3km": 0, "n_clinics_3km": 0, "p_connectivity": 0.01526032315978456, "p_population": 0.91831238779174151, "p_institutions": 0.2755834829443447, "p_equity": 0.051188299817184646, "dipi": 28.7, "rank": 1091.0, "stakes_score": null, "gap_rank": null }, "geometry": { "type": "Point", "coordinates": [ 116.0904479, 5.8733347 ] } },
{ "type": "Feature", "properties": { "name": "Sugud", "place": "town", "pop_2km": 16310, "seasonal_water_px": 5, "flood_prone": true, "rwi": 0.68175, "elevation_m": 10.0, "settlement_id": "S1167", "dl_mbps": 237.862, "ul_mbps": 38.5025, "latency_ms": 34.0, "n_tests": 894, "n_tiles": 31, "evidence_tier": "measured", "n_schools_3km": 0, "n_clinics_3km": 0, "p_connectivity": 0.013464991023339317, "p_population": 0.91921005385996413, "p_institutions": 0.2755834829443447, "p_equity": 0.11060329067641682, "dipi": 29.9, "rank": 1076.0, "stakes_score": null, "gap_rank": null }, "geometry": { "type": "Point", "coordinates": [ 116.1000824, 5.8759415 ] } },
{ "type": "Feature", "properties": { "name": "Bukit Padang", "place": "village", "pop_2km": 46671, "seasonal_water_px": 42, "flood_prone": true, "rwi": 0.9375, "elevation_m": 19.0, "settlement_id": "S1168", "dl_mbps": 202.161, "ul_mbps": 41.6635, "latency_ms": 35.0, "n_tests": 7136, "n_tiles": 50, "evidence_tier": "measured", "n_schools_3km": 12, "n_clinics_3km": 11, "p_connectivity": 0.04757630161579892, "p_population": 0.98563734290843807, "p_institutions": 0.9874326750448833, "p_equity": 0.048446069469835464, "dipi": 42.3, "rank": 804.0, "stakes_score": null, "gap_rank": null }, "geometry": { "type": "Point", "coordinates": [ 116.1080861, 5.9547841 ] } },
{ "type": "Feature", "properties": { "name": "Minintod", "place": "village", "pop_2km": 22581, "seasonal_water_px": 0, "flood_prone": false, "rwi": 0.8525, "elevation_m": 19.0, "settlement_id": "S1169", "dl_mbps": 169.645, "ul_mbps": 32.803, "latency_ms": 36.0, "n_tests": 3114, "n_tiles": 47, "evidence_tier": "measured", "n_schools_3km": 7, "n_clinics_3km": 1, "p_connectivity": 0.08527827648114901, "p_population": 0.9497307001795332, "p_institutions": 0.91382405745062834, "p_equity": 0.072212065813528334, "dipi": 42.3, "rank": 804.0, "stakes_score": null, "gap_rank": null }, "geometry": { "type": "Point", "coordinates": [ 116.121068, 5.9437289 ] } },
{ "type": "Feature", "properties": { "name": "Api-Api Centre", "place": "village", "pop_2km": 46058, "seasonal_water_px": 243, "flood_prone": true, "rwi": 1.044, "elevation_m": 18.0, "settlement_id": "S1170", "dl_mbps": 208.9715, "ul_mbps": 42.545, "latency_ms": 36.0, "n_tests": 10468, "n_tiles": 24, "evidence_tier": "measured", "n_schools_3km": 13, "n_clinics_3km": 15, "p_connectivity": 0.03949730700179533, "p_population": 0.98473967684021546, "p_institutions": 0.98877917414721728, "p_equity": 0.027422303473491772, "dipi": 41.6, "rank": 834.0, "stakes_score": null, "gap_rank": null }, "geometry": { "type": "Point", "coordinates": [ 116.0692906, 5.9751759 ] } },
{ "type": "Feature", "properties": { "name": "Lido", "place": "village", "pop_2km": 67718, "seasonal_water_px": 0, "flood_prone": false, "rwi": 0.778, "elevation_m": 10.0, "settlement_id": "S1171", "dl_mbps": 231.39, "ul_mbps": 47.156, "latency_ms": 35.0, "n_tests": 9488, "n_tiles": 45, "evidence_tier": "measured", "n_schools_3km": 15, "n_clinics_3km": 16, "p_connectivity": 0.01615798922800718, "p_population": 0.99730700179533216, "p_institutions": 0.99281867145421898, "p_equity": 0.086837294332723955, "dipi": 42.2, "rank": 809.0, "stakes_score": null, "gap_rank": null }, "geometry": { "type": "Point", "coordinates": [ 116.0673379, 5.9358749 ] } },
{ "type": "Feature", "properties": { "name": "Kepayan", "place": "village", "pop_2km": 51024, "seasonal_water_px": 81, "flood_prone": true, "rwi": 0.692, "elevation_m": 7.0, "settlement_id": "S1172", "dl_mbps": 208.768, "ul_mbps": 42.1085, "latency_ms": 36.0, "n_tests": 9337, "n_tiles": 38, "evidence_tier": "measured", "n_schools_3km": 7, "n_clinics_3km": 9, "p_connectivity": 0.04039497307001795, "p_population": 0.98922800718132853, "p_institutions": 0.98294434470377023, "p_equity": 0.10557586837294333, "dipi": 43.2, "rank": 777.0, "stakes_score": null, "gap_rank": null }, "geometry": { "type": "Point", "coordinates": [ 116.0585403, 5.9238375 ] } },
{ "type": "Feature", "properties": { "name": "Lintas", "place": "village", "pop_2km": 74688, "seasonal_water_px": 0, "flood_prone": false, "rwi": 0.903, "elevation_m": 4.0, "settlement_id": "S1173", "dl_mbps": 223.11, "ul_mbps": 45.247, "latency_ms": 35.0, "n_tests": 11389, "n_tiles": 49, "evidence_tier": "measured", "n_schools_3km": 19, "n_clinics_3km": 21, "p_connectivity": 0.02333931777378815, "p_population": 1.0, "p_institutions": 0.99820466786355477, "p_equity": 0.060329067641681902, "dipi": 42.1, "rank": 817.0, "stakes_score": null, "gap_rank": null }, "geometry": { "type": "Point", "coordinates": [ 116.0786247, 5.9429606 ] } },
{ "type": "Feature", "properties": { "name": "Kolombong", "place": "village", "pop_2km": 65181, "seasonal_water_px": 31, "flood_prone": true, "rwi": 0.91166666666666663, "elevation_m": 5.0, "settlement_id": "S1174", "dl_mbps": 220.971, "ul_mbps": 44.982, "latency_ms": 34.0, "n_tests": 7893, "n_tiles": 45, "evidence_tier": "measured", "n_schools_3km": 30, "n_clinics_3km": 5, "p_connectivity": 0.026929982046678635, "p_population": 0.99551166965888693, "p_institutions": 0.99461400359066432, "p_equity": 0.055758683729433274, "dipi": 42.0, "rank": 822.0, "stakes_score": null, "gap_rank": null }, "geometry": { "type": "Point", "coordinates": [ 116.118493, 5.9832534 ] } },
{ "type": "Feature", "properties": { "name": "Karamunsing", "place": "village", "pop_2km": 62928, "seasonal_water_px": 142, "flood_prone": true, "rwi": 1.0123333333333333, "elevation_m": 20.0, "settlement_id": "S1175", "dl_mbps": 208.145, "ul_mbps": 42.128, "latency_ms": 36.0, "n_tests": 12913, "n_tiles": 34, "evidence_tier": "measured", "n_schools_3km": 17, "n_clinics_3km": 17, "p_connectivity": 0.041292639138240578, "p_population": 0.99461400359066432, "p_institutions": 0.99371633752244171, "p_equity": 0.033820840950639856, "dipi": 42.1, "rank": 817.0, "stakes_score": null, "gap_rank": null }, "geometry": { "type": "Point", "coordinates": [ 116.074655, 5.9708543 ] } },
{ "type": "Feature", "properties": { "name": "Damai", "place": "village", "pop_2km": 67207, "seasonal_water_px": 0, "flood_prone": false, "rwi": 1.0466666666666666, "elevation_m": 32.0, "settlement_id": "S1176", "dl_mbps": 219.791, "ul_mbps": 43.621, "latency_ms": 36.0, "n_tests": 11441, "n_tiles": 45, "evidence_tier": "measured", "n_schools_3km": 28, "n_clinics_3km": 20, "p_connectivity": 0.028725314183123879, "p_population": 0.99640933572710955, "p_institutions": 1.0, "p_equity": 0.025594149908592323, "dipi": 41.6, "rank": 834.0, "stakes_score": null, "gap_rank": null }, "geometry": { "type": "Point", "coordinates": [ 116.0903835, 5.9697232 ] } },
{ "type": "Feature", "properties": { "name": "Luyang", "place": "village", "pop_2km": 70890, "seasonal_water_px": 4, "flood_prone": false, "rwi": 0.95466666666666666, "elevation_m": 9.0, "settlement_id": "S1177", "dl_mbps": 220.114, "ul_mbps": 44.6935, "latency_ms": 35.0, "n_tests": 11672, "n_tiles": 50, "evidence_tier": "measured", "n_schools_3km": 27, "n_clinics_3km": 19, "p_connectivity": 0.027827648114901255, "p_population": 0.99910233393177739, "p_institutions": 0.99910233393177739, "p_equity": 0.047531992687385741, "dipi": 42.0, "rank": 822.0, "stakes_score": null, "gap_rank": null }, "geometry": { "type": "Point", "coordinates": [ 116.0896432, 5.9607598 ] } },
{ "type": "Feature", "properties": { "name": "Kampung Setinggan Sembulan", "place": "village", "pop_2km": 59310, "seasonal_water_px": 129, "flood_prone": true, "rwi": 1.044, "elevation_m": 2.0, "settlement_id": "S1178", "dl_mbps": 219.679, "ul_mbps": 44.8265, "latency_ms": 36.0, "n_tests": 11790, "n_tiles": 28, "evidence_tier": "measured", "n_schools_3km": 22, "n_clinics_3km": 16, "p_connectivity": 0.029622980251346499, "p_population": 0.99281867145421898, "p_institutions": 0.99640933572710955, "p_equity": 0.027422303473491772, "dipi": 41.5, "rank": 839.0, "stakes_score": null, "gap_rank": null }, "geometry": { "type": "Point", "coordinates": [ 116.0680273, 5.9672262 ] } },
{ "type": "Feature", "properties": { "name": "Kampung Sembulan Lama", "place": "village", "pop_2km": 61286, "seasonal_water_px": 117, "flood_prone": true, "rwi": 1.044, "elevation_m": 2.0, "settlement_id": "S1179", "dl_mbps": 217.895, "ul_mbps": 43.616, "latency_ms": 36.0, "n_tests": 12017, "n_tiles": 30, "evidence_tier": "measured", "n_schools_3km": 22, "n_clinics_3km": 16, "p_connectivity": 0.03141831238779174, "p_population": 0.99371633752244171, "p_institutions": 0.99640933572710955, "p_equity": 0.027422303473491772, "dipi": 41.6, "rank": 834.0, "stakes_score": null, "gap_rank": null }, "geometry": { "type": "Point", "coordinates": [ 116.0687301, 5.966714 ] } },
{ "type": "Feature", "properties": { "name": "Bundusan", "place": "village", "pop_2km": 51347, "seasonal_water_px": 21, "flood_prone": true, "rwi": 0.956, "elevation_m": 16.0, "settlement_id": "S1180", "dl_mbps": 216.866, "ul_mbps": 44.216, "latency_ms": 35.0, "n_tests": 7371, "n_tiles": 48, "evidence_tier": "measured", "n_schools_3km": 10, "n_clinics_3km": 11, "p_connectivity": 0.033213644524236981, "p_population": 0.99012567324955114, "p_institutions": 0.98653500897666069, "p_equity": 0.045703839122486288, "dipi": 41.8, "rank": 826.0, "stakes_score": null, "gap_rank": null }, "geometry": { "type": "Point", "coordinates": [ 116.1034512, 5.9469302 ] } },
{ "type": "Feature", "properties": { "name": "Kampung Forest", "place": "hamlet", "pop_2km": 41122, "seasonal_water_px": 256, "flood_prone": true, "rwi": 1.2395, "elevation_m": 1.0, "settlement_id": "S1181", "dl_mbps": 170.88, "ul_mbps": 33.452, "latency_ms": 41.0, "n_tests": 1870, "n_tiles": 18, "evidence_tier": "measured", "n_schools_3km": 13, "n_clinics_3km": 2, "p_connectivity": 0.083482944344703769, "p_population": 0.97845601436265706, "p_institutions": 0.97935368043087967, "p_equity": 0.004570383912248629, "dipi": 42.6, "rank": 795.0, "stakes_score": null, "gap_rank": null }, "geometry": { "type": "Point", "coordinates": [ 118.1136084, 5.8685825 ] } },
{ "type": "Feature", "properties": { "name": "Kampung Lingkudau", "place": "hamlet", "pop_2km": 24024, "seasonal_water_px": 29, "flood_prone": true, "rwi": 0.5725, "elevation_m": 270.0, "settlement_id": "S1182", "dl_mbps": 186.434, "ul_mbps": 37.633, "latency_ms": 38.0, "n_tests": 5556, "n_tiles": 40, "evidence_tier": "measured", "n_schools_3km": 11, "n_clinics_3km": 1, "p_connectivity": 0.061041292639138239, "p_population": 0.95511669658886889, "p_institutions": 0.95825852782764809, "p_equity": 0.1453382084095064, "dipi": 43.6, "rank": 763.0, "stakes_score": null, "gap_rank": null }, "geometry": { "type": "Point", "coordinates": [ 116.1620455, 5.3313818 ] } },
{ "type": "Feature", "properties": { "name": "Kampung Kauran", "place": "village", "pop_2km": 7831, "seasonal_water_px": 4, "flood_prone": false, "rwi": 0.461, "elevation_m": 263.0, "settlement_id": "S1183", "dl_mbps": 80.3635, "ul_mbps": 17.378, "latency_ms": 39.5, "n_tests": 683, "n_tiles": 30, "evidence_tier": "measured", "n_schools_3km": 6, "n_clinics_3km": 0, "p_connectivity": 0.29174147217235191, "p_population": 0.82226211849192099, "p_institutions": 0.88779174147217232, "p_equity": 0.18510054844606946, "dipi": 49.2, "rank": 588.0, "stakes_score": null, "gap_rank": null }, "geometry": { "type": "Point", "coordinates": [ 116.1317302, 5.3163558 ] } },
{ "type": "Feature", "properties": { "name": "Kampung Ria", "place": "hamlet", "pop_2km": 24649, "seasonal_water_px": 5, "flood_prone": true, "rwi": 0.75266666666666671, "elevation_m": 283.0, "settlement_id": "S1184", "dl_mbps": 157.8685, "ul_mbps": 31.812, "latency_ms": 38.0, "n_tests": 5954, "n_tiles": 38, "evidence_tier": "measured", "n_schools_3km": 10, "n_clinics_3km": 1, "p_connectivity": 0.10771992818671454, "p_population": 0.95691202872531422, "p_institutions": 0.94793536804308798, "p_equity": 0.092321755027422306, "dipi": 44.3, "rank": 730.0, "stakes_score": null, "gap_rank": null }, "geometry": { "type": "Point", "coordinates": [ 116.1657528, 5.3400169 ] } },
{ "type": "Feature", "properties": { "name": "Kampung Minawo Laut", "place": "village", "pop_2km": 3398, "seasonal_water_px": 0, "flood_prone": false, "rwi": -0.068, "elevation_m": 315.0, "settlement_id": "S1185", "dl_mbps": 133.622, "ul_mbps": 19.543, "latency_ms": 44.0, "n_tests": 274, "n_tiles": 19, "evidence_tier": "measured", "n_schools_3km": 1, "n_clinics_3km": 0, "p_connectivity": 0.1490125673249551, "p_population": 0.70556552962298025, "p_institutions": 0.63420107719928187, "p_equity": 0.53839122486288848, "dipi": 43.9, "rank": 749.0, "stakes_score": null, "gap_rank": null }, "geometry": { "type": "Point", "coordinates": [ 116.1815292, 5.3168613 ] } },
{ "type": "Feature", "properties": { "name": "Kampung Minawo Ulu", "place": "village", "pop_2km": 1253, "seasonal_water_px": 0, "flood_prone": false, "rwi": -0.205, "elevation_m": 335.0, "settlement_id": "S1186", "dl_mbps": 129.126, "ul_mbps": 18.707, "latency_ms": 46.0, "n_tests": 156, "n_tiles": 10, "evidence_tier": "measured", "n_schools_3km": 0, "n_clinics_3km": 0, "p_connectivity": 0.15798922800718132, "p_population": 0.5574506283662477, "p_institutions": 0.2755834829443447, "p_equity": 0.66361974405850088, "dipi": 37.7, "rank": 949.0, "stakes_score": null, "gap_rank": null }, "geometry": { "type": "Point", "coordinates": [ 116.1933541, 5.3178138 ] } },
{ "type": "Feature", "properties": { "name": "Kampung Pasir Putih", "place": "hamlet", "pop_2km": 15895, "seasonal_water_px": 6, "flood_prone": true, "rwi": 0.73075, "elevation_m": 336.0, "settlement_id": "S1187", "dl_mbps": 106.3275, "ul_mbps": 21.1825, "latency_ms": 43.5, "n_tests": 2253, "n_tiles": 40, "evidence_tier": "measured", "n_schools_3km": 4, "n_clinics_3km": 2, "p_connectivity": 0.20107719928186715, "p_population": 0.91651705565529618, "p_institutions": 0.88779174147217232, "p_equity": 0.10146252285191956, "dipi": 46.3, "rank": 679.0, "stakes_score": null, "gap_rank": null }, "geometry": { "type": "Point", "coordinates": [ 116.1652611, 5.3728182 ] } },
{ "type": "Feature", "properties": { "name": "Kampung Labak", "place": "village", "pop_2km": 4888, "seasonal_water_px": 0, "flood_prone": false, "rwi": 0.57533333333333336, "elevation_m": 13.0, "settlement_id": "S1188", "dl_mbps": 161.205, "ul_mbps": 24.132, "latency_ms": 37.0, "n_tests": 530, "n_tiles": 23, "evidence_tier": "measured", "n_schools_3km": 1, "n_clinics_3km": 0, "p_connectivity": 0.10412926391382406, "p_population": 0.7594254937163375, "p_institutions": 0.63420107719928187, "p_equity": 0.14351005484460694, "dipi": 35.5, "rank": 995.0, "stakes_score": null, "gap_rank": null }, "geometry": { "type": "Point", "coordinates": [ 116.0664603, 5.8225766 ] } },
{ "type": "Feature", "properties": { "name": "Kampung Paung Maragang", "place": "village", "pop_2km": 389, "seasonal_water_px": 0, "flood_prone": false, "rwi": -0.402, "elevation_m": 26.0, "settlement_id": "S1189", "dl_mbps": 9.631, "ul_mbps": 0.115, "latency_ms": 56.0, "n_tests": 7, "n_tiles": 3, "evidence_tier": "low_evidence", "n_schools_3km": 0, "n_clinics_3km": 0, "p_connectivity": 0.96140035906642729, "p_population": 0.28366247755834828, "p_institutions": 0.2755834829443447, "p_equity": 0.84095063985374774, "dipi": 66.5, "rank": 63.0, "stakes_score": null, "gap_rank": null }, "geometry": { "type": "Point", "coordinates": [ 115.8534799, 5.4683256 ] } },
{ "type": "Feature", "properties": { "name": "Salimandut", "place": "village", "pop_2km": 1744, "seasonal_water_px": 0, "flood_prone": false, "rwi": -0.32433333333333331, "elevation_m": 19.0, "settlement_id": "S1190", "dl_mbps": 19.577, "ul_mbps": 4.836, "latency_ms": 51.0, "n_tests": 125, "n_tiles": 17, "evidence_tier": "measured", "n_schools_3km": 1, "n_clinics_3km": 0, "p_connectivity": 0.8797127468581688, "p_population": 0.60323159784560143, "p_institutions": 0.63420107719928187, "p_equity": 0.77879341864716634, "dipi": 75.4, "rank": 4.0, "stakes_score": null, "gap_rank": null }, "geometry": { "type": "Point", "coordinates": [ 116.8662016, 6.4860679 ] } },
{ "type": "Feature", "properties": { "name": "Teringai Darat", "place": "village", "pop_2km": 380, "seasonal_water_px": 0, "flood_prone": false, "rwi": -0.075, "elevation_m": 44.0, "settlement_id": "S1191", "dl_mbps": 89.53, "ul_mbps": 22.785, "latency_ms": 51.0, "n_tests": 138, "n_tiles": 5, "evidence_tier": "measured", "n_schools_3km": 1, "n_clinics_3km": 0, "p_connectivity": 0.25493716337522443, "p_population": 0.27827648114901254, "p_institutions": 0.63420107719928187, "p_equity": 0.54021937842778789, "dipi": 37.5, "rank": 954.0, "stakes_score": null, "gap_rank": null }, "geometry": { "type": "Point", "coordinates": [ 116.6673028, 6.6674862 ] } },
{ "type": "Feature", "properties": { "name": "Teringai Laut", "place": "village", "pop_2km": 188, "seasonal_water_px": 0, "flood_prone": false, "rwi": -0.183, "elevation_m": 26.0, "settlement_id": "S1192", "dl_mbps": 14.5925, "ul_mbps": 1.381, "latency_ms": 60.0, "n_tests": 58, "n_tiles": 7, "evidence_tier": "measured", "n_schools_3km": 0, "n_clinics_3km": 0, "p_connectivity": 0.91472172351885095, "p_population": 0.17055655296229802, "p_institutions": 0.2755834829443447, "p_equity": 0.64213893967093238, "dipi": 57.8, "rank": 312.0, "stakes_score": null, "gap_rank": null }, "geometry": { "type": "Point", "coordinates": [ 116.6347475, 6.674904 ] } },
{ "type": "Feature", "properties": { "name": "Samparita", "place": "village", "pop_2km": 206, "seasonal_water_px": 46, "flood_prone": true, "rwi": -0.5155, "elevation_m": 56.0, "settlement_id": "S1193", "dl_mbps": 93.215, "ul_mbps": 20.755, "latency_ms": 45.0, "n_tests": 152, "n_tiles": 8, "evidence_tier": "measured", "n_schools_3km": 1, "n_clinics_3km": 0, "p_connectivity": 0.23877917414721722, "p_population": 0.18132854578096949, "p_institutions": 0.63420107719928187, "p_equity": 0.93235831809872027, "dipi": 42.2, "rank": 809.0, "stakes_score": null, "gap_rank": null }, "geometry": { "type": "Point", "coordinates": [ 116.9378807, 6.5352261 ] } },
{ "type": "Feature", "properties": { "name": "Dombotuon", "place": "village", "pop_2km": 144, "seasonal_water_px": 0, "flood_prone": false, "rwi": -0.2285, "elevation_m": 626.0, "settlement_id": "S1194", "dl_mbps": 23.715, "ul_mbps": 2.339, "latency_ms": 48.0, "n_tests": 34, "n_tiles": 11, "evidence_tier": "measured", "n_schools_3km": 0, "n_clinics_3km": 0, "p_connectivity": 0.81418312387791747, "p_population": 0.14991023339317774, "p_institutions": 0.2755834829443447, "p_equity": 0.6873857404021938, "dipi": 54.2, "rank": 437.0, "stakes_score": null, "gap_rank": null }, "geometry": { "type": "Point", "coordinates": [ 116.6304968, 5.9126995 ] } },
{ "type": "Feature", "properties": { "name": "Kampung Tinusa 1", "place": "hamlet", "pop_2km": 21694, "seasonal_water_px": 47, "flood_prone": true, "rwi": 0.85633333333333328, "elevation_m": 9.0, "settlement_id": "S1195", "dl_mbps": 79.845, "ul_mbps": 19.9465, "latency_ms": 42.0, "n_tests": 715, "n_tiles": 22, "evidence_tier": "measured", "n_schools_3km": 4, "n_clinics_3km": 0, "p_connectivity": 0.29353680430879714, "p_population": 0.94524236983842014, "p_institutions": 0.85592459605026927, "p_equity": 0.070840950639853753, "dipi": 49.6, "rank": 573.0, "stakes_score": null, "gap_rank": null }, "geometry": { "type": "Point", "coordinates": [ 118.0826422, 5.8950994 ] } },
{ "type": "Feature", "properties": { "name": "Soniton Ulu", "place": "village", "pop_2km": 0, "seasonal_water_px": 0, "flood_prone": false, "rwi": -0.4535, "elevation_m": 62.0, "settlement_id": "S1198", "dl_mbps": 34.7085, "ul_mbps": 2.4565, "latency_ms": 86.0, "n_tests": 14, "n_tiles": 2, "evidence_tier": "low_evidence", "n_schools_3km": 0, "n_clinics_3km": 0, "p_connectivity": 0.651705565529623, "p_population": 0.043536804308797125, "p_institutions": 0.2755834829443447, "p_equity": 0.88208409506398533, "dipi": 48.9, "rank": 600.0, "stakes_score": null, "gap_rank": null }, "geometry": { "type": "Point", "coordinates": [ 116.9936642, 6.5230887 ] } },
{ "type": "Feature", "properties": { "name": "Bambanagan 1", "place": "village", "pop_2km": 0, "seasonal_water_px": 0, "flood_prone": false, "rwi": -0.605, "elevation_m": 152.0, "settlement_id": "S1203", "dl_mbps": 272.22, "ul_mbps": 42.295, "latency_ms": 50.0, "n_tests": 6, "n_tiles": 1, "evidence_tier": "low_evidence", "n_schools_3km": 0, "n_clinics_3km": 0, "p_connectivity": 0.0071813285457809697, "p_population": 0.043536804308797125, "p_institutions": 0.2755834829443447, "p_equity": 0.97349177330895797, "dipi": 25.0, "rank": 1111.0, "stakes_score": null, "gap_rank": null }, "geometry": { "type": "Point", "coordinates": [ 117.0632897, 6.4738447 ] } },
{ "type": "Feature", "properties": { "name": "Nabongan", "place": "village", "pop_2km": 0, "seasonal_water_px": 0, "flood_prone": false, "rwi": -0.49633333333333329, "elevation_m": 192.0, "settlement_id": "S1205", "dl_mbps": 39.271, "ul_mbps": 2.6905, "latency_ms": 86.0, "n_tests": 19, "n_tiles": 4, "evidence_tier": "low_evidence", "n_schools_3km": 0, "n_clinics_3km": 0, "p_connectivity": 0.58976660682226212, "p_population": 0.043536804308797125, "p_institutions": 0.2755834829443447, "p_equity": 0.92047531992687381, "dipi": 47.2, "rank": 650.0, "stakes_score": null, "gap_rank": null }, "geometry": { "type": "Point", "coordinates": [ 116.9866071, 6.526204 ] } },
{ "type": "Feature", "properties": { "name": "Longgom", "place": "village", "pop_2km": 0, "seasonal_water_px": 0, "flood_prone": false, "rwi": -0.0765, "elevation_m": 23.0, "settlement_id": "S1207", "dl_mbps": 10.378, "ul_mbps": 3.142, "latency_ms": 58.0, "n_tests": 29, "n_tiles": 7, "evidence_tier": "measured", "n_schools_3km": 0, "n_clinics_3km": 0, "p_connectivity": 0.94928186714542195, "p_population": 0.043536804308797125, "p_institutions": 0.2755834829443447, "p_equity": 0.5411334552102377, "dipi": 54.0, "rank": 442.0, "stakes_score": null, "gap_rank": null }, "geometry": { "type": "Point", "coordinates": [ 117.1052237, 6.6638091 ] } },
{ "type": "Feature", "properties": { "name": "Pakagaya", "place": "village", "pop_2km": 0, "seasonal_water_px": 0, "flood_prone": false, "rwi": -0.3066666666666667, "elevation_m": 171.0, "settlement_id": "S1208", "dl_mbps": 40.508, "ul_mbps": 10.777, "latency_ms": 64.0, "n_tests": 168, "n_tiles": 7, "evidence_tier": "measured", "n_schools_3km": 0, "n_clinics_3km": 0, "p_connectivity": 0.5785457809694794, "p_population": 0.043536804308797125, "p_institutions": 0.2755834829443447, "p_equity": 0.75594149908592323, "dipi": 43.5, "rank": 767.0, "stakes_score": null, "gap_rank": null }, "geometry": { "type": "Point", "coordinates": [ 117.0300315, 6.576136 ] } },
{ "type": "Feature", "properties": { "name": "Marang Parang", "place": "village", "pop_2km": 0, "seasonal_water_px": 0, "flood_prone": false, "rwi": -0.51633333333333342, "elevation_m": 80.0, "settlement_id": "S1209", "dl_mbps": 40.508, "ul_mbps": 10.777, "latency_ms": 61.0, "n_tests": 142, "n_tiles": 8, "evidence_tier": "measured", "n_schools_3km": 0, "n_clinics_3km": 0, "p_connectivity": 0.5785457809694794, "p_population": 0.043536804308797125, "p_institutions": 0.2755834829443447, "p_equity": 0.93418647166361979, "dipi": 47.0, "rank": 657.0, "stakes_score": null, "gap_rank": null }, "geometry": { "type": "Point", "coordinates": [ 117.0458134, 6.5841352 ] } },
{ "type": "Feature", "properties": { "name": "Manggis", "place": "village", "pop_2km": 0, "seasonal_water_px": 0, "flood_prone": false, "rwi": -0.51633333333333342, "elevation_m": 38.0, "settlement_id": "S1210", "dl_mbps": 45.861, "ul_mbps": 12.6065, "latency_ms": 63.5, "n_tests": 133, "n_tiles": 6, "evidence_tier": "measured", "n_schools_3km": 0, "n_clinics_3km": 0, "p_connectivity": 0.50673249551166966, "p_population": 0.043536804308797125, "p_institutions": 0.2755834829443447, "p_equity": 0.93418647166361979, "dipi": 44.2, "rank": 735.0, "stakes_score": null, "gap_rank": null }, "geometry": { "type": "Point", "coordinates": [ 117.0429938, 6.5769116 ] } },
{ "type": "Feature", "properties": { "name": "Bambangan Ulu", "place": "village", "pop_2km": 0, "seasonal_water_px": 43, "flood_prone": true, "rwi": -0.2345, "elevation_m": 56.0, "settlement_id": "S1211", "dl_mbps": 26.839, "ul_mbps": 5.647, "latency_ms": 63.0, "n_tests": 178, "n_tiles": 11, "evidence_tier": "measured", "n_schools_3km": 0, "n_clinics_3km": 0, "p_connectivity": 0.76122082585278272, "p_population": 0.043536804308797125, "p_institutions": 0.2755834829443447, "p_equity": 0.69378427787934183, "dipi": 49.5, "rank": 575.0, "stakes_score": null, "gap_rank": null }, "geometry": { "type": "Point", "coordinates": [ 117.0279207, 6.5885598 ] } },
{ "type": "Feature", "properties": { "name": "Salungkapit", "place": "village", "pop_2km": 420, "seasonal_water_px": 37, "flood_prone": true, "rwi": -0.6885, "elevation_m": 68.0, "settlement_id": "S1212", "dl_mbps": 25.97, "ul_mbps": 5.7965, "latency_ms": 76.0, "n_tests": 33, "n_tiles": 4, "evidence_tier": "measured", "n_schools_3km": 0, "n_clinics_3km": 0, "p_connectivity": 0.77648114901256737, "p_population": 0.3007181328545781, "p_institutions": 0.2755834829443447, "p_equity": 0.98994515539305306, "dipi": 62.5, "rank": 157.0, "stakes_score": null, "gap_rank": null }, "geometry": { "type": "Point", "coordinates": [ 117.014599, 6.6435091 ] } },
{ "type": "Feature", "properties": { "name": "Singgah Mata", "place": "village", "pop_2km": 1142, "seasonal_water_px": 0, "flood_prone": false, "rwi": 0.116, "elevation_m": 11.0, "settlement_id": "S1213", "dl_mbps": 14.115, "ul_mbps": 5.731, "latency_ms": 42.0, "n_tests": 15, "n_tiles": 6, "evidence_tier": "low_evidence", "n_schools_3km": 0, "n_clinics_3km": 0, "p_connectivity": 0.92100538599640935, "p_population": 0.52962298025134646, "p_institutions": 0.2755834829443447, "p_equity": 0.36654478976234006, "dipi": 61.5, "rank": 180.0, "stakes_score": null, "gap_rank": null }, "geometry": { "type": "Point", "coordinates": [ 117.0855448, 6.6776111 ] } },
{ "type": "Feature", "properties": { "name": "Rinasuk Bai", "place": "village", "pop_2km": 899, "seasonal_water_px": 0, "flood_prone": false, "rwi": -0.12566666666666665, "elevation_m": 25.0, "settlement_id": "S1214", "dl_mbps": 14.565, "ul_mbps": 3.3155, "latency_ms": 56.5, "n_tests": 12, "n_tiles": 4, "evidence_tier": "low_evidence", "n_schools_3km": 0, "n_clinics_3km": 0, "p_connectivity": 0.91561938958707356, "p_population": 0.46813285457809695, "p_institutions": 0.2755834829443447, "p_equity": 0.59140767824497253, "dipi": 64.3, "rank": 112.0, "stakes_score": null, "gap_rank": null }, "geometry": { "type": "Point", "coordinates": [ 117.0750177, 6.6688346 ] } },
{ "type": "Feature", "properties": { "name": "Nibang", "place": "village", "pop_2km": 132, "seasonal_water_px": 70, "flood_prone": true, "rwi": -0.6305, "elevation_m": 45.0, "settlement_id": "S1215", "dl_mbps": 46.8605, "ul_mbps": 1.855, "latency_ms": 94.5, "n_tests": 6, "n_tiles": 2, "evidence_tier": "low_evidence", "n_schools_3km": 0, "n_clinics_3km": 0, "p_connectivity": 0.48833034111310591, "p_population": 0.14138240574506283, "p_institutions": 0.2755834829443447, "p_equity": 0.98080438756855581, "dipi": 46.8, "rank": 663.0, "stakes_score": null, "gap_rank": null }, "geometry": { "type": "Point", "coordinates": [ 116.9956722, 6.5488135 ] } },
{ "type": "Feature", "properties": { "name": "Mandurian Ulu", "place": "village", "pop_2km": 0, "seasonal_water_px": 0, "flood_prone": false, "rwi": -0.54475, "elevation_m": 85.0, "settlement_id": "S1216", "dl_mbps": 18.2315, "ul_mbps": 5.597, "latency_ms": 71.0, "n_tests": 32, "n_tiles": 3, "evidence_tier": "measured", "n_schools_3km": 0, "n_clinics_3km": 0, "p_connectivity": 0.89587073608617596, "p_population": 0.043536804308797125, "p_institutions": 0.2755834829443447, "p_equity": 0.94881170018281535, "dipi": 60.0, "rank": 232.0, "stakes_score": null, "gap_rank": null }, "geometry": { "type": "Point", "coordinates": [ 117.0030458, 6.595605 ] } },
{ "type": "Feature", "properties": { "name": "Sumbilingon", "place": "village", "pop_2km": 66, "seasonal_water_px": 53, "flood_prone": true, "rwi": -0.6305, "elevation_m": 183.0, "settlement_id": "S1217", "dl_mbps": 46.8605, "ul_mbps": 1.855, "latency_ms": 94.5, "n_tests": 6, "n_tiles": 2, "evidence_tier": "low_evidence", "n_schools_3km": 0, "n_clinics_3km": 0, "p_connectivity": 0.48833034111310591, "p_population": 0.10412926391382406, "p_institutions": 0.2755834829443447, "p_equity": 0.98080438756855581, "dipi": 45.9, "rank": 690.0, "stakes_score": null, "gap_rank": null }, "geometry": { "type": "Point", "coordinates": [ 117.0000869, 6.5471766 ] } },
{ "type": "Feature", "properties": { "name": "Bilangau Besar", "place": "village", "pop_2km": 0, "seasonal_water_px": 0, "flood_prone": false, "rwi": -0.451, "elevation_m": 14.0, "settlement_id": "S1220", "dl_mbps": 27.9525, "ul_mbps": 4.36, "latency_ms": 71.5, "n_tests": 60, "n_tiles": 10, "evidence_tier": "measured", "n_schools_3km": 0, "n_clinics_3km": 0, "p_connectivity": 0.7468581687612208, "p_population": 0.043536804308797125, "p_institutions": 0.2755834829443447, "p_equity": 0.87979890310786102, "dipi": 52.7, "rank": 477.0, "stakes_score": null, "gap_rank": null }, "geometry": { "type": "Point", "coordinates": [ 116.9990688, 6.6662192 ] } },
{ "type": "Feature", "properties": { "name": "Soniton Laut", "place": "village", "pop_2km": 132, "seasonal_water_px": 48, "flood_prone": true, "rwi": -0.6305, "elevation_m": 49.0, "settlement_id": "S1221", "dl_mbps": 46.8605, "ul_mbps": 1.855, "latency_ms": 94.5, "n_tests": 6, "n_tiles": 2, "evidence_tier": "low_evidence", "n_schools_3km": 0, "n_clinics_3km": 0, "p_connectivity": 0.48833034111310591, "p_population": 0.14138240574506283, "p_institutions": 0.2755834829443447, "p_equity": 0.98080438756855581, "dipi": 46.8, "rank": 663.0, "stakes_score": null, "gap_rank": null }, "geometry": { "type": "Point", "coordinates": [ 116.9890607, 6.559648 ] } },
{ "type": "Feature", "properties": { "name": "Dandun Darat", "place": "village", "pop_2km": 420, "seasonal_water_px": 0, "flood_prone": false, "rwi": -0.38175, "elevation_m": 15.0, "settlement_id": "S1222", "dl_mbps": 22.916, "ul_mbps": 4.379, "latency_ms": 74.5, "n_tests": 67, "n_tiles": 10, "evidence_tier": "measured", "n_schools_3km": 0, "n_clinics_3km": 0, "p_connectivity": 0.82405745062836622, "p_population": 0.3007181328545781, "p_institutions": 0.2755834829443447, "p_equity": 0.8318098720292505, "dipi": 61.3, "rank": 183.0, "stakes_score": null, "gap_rank": null }, "geometry": { "type": "Point", "coordinates": [ 117.0287968, 6.6601369 ] } },
{ "type": "Feature", "properties": { "name": "Sosop Bai", "place": "village", "pop_2km": 79, "seasonal_water_px": 0, "flood_prone": false, "rwi": -0.49725, "elevation_m": 59.0, "settlement_id": "S1223", "dl_mbps": 22.489, "ul_mbps": 17.595, "latency_ms": 77.0, "n_tests": 22, "n_tiles": 3, "evidence_tier": "measured", "n_schools_3km": 0, "n_clinics_3km": 0, "p_connectivity": 0.82944344703770201, "p_population": 0.11086175942549371, "p_institutions": 0.2755834829443447, "p_equity": 0.92184643510054842, "dipi": 58.5, "rank": 285.0, "stakes_score": null, "gap_rank": null }, "geometry": { "type": "Point", "coordinates": [ 117.0744373, 6.6433712 ] } },
{ "type": "Feature", "properties": { "name": "Mandamai Bai", "place": "village", "pop_2km": 158, "seasonal_water_px": 0, "flood_prone": false, "rwi": -0.49725, "elevation_m": 32.0, "settlement_id": "S1224", "dl_mbps": 65.1415, "ul_mbps": 19.1015, "latency_ms": 82.0, "n_tests": 21, "n_tiles": 2, "evidence_tier": "low_evidence", "n_schools_3km": 0, "n_clinics_3km": 0, "p_connectivity": 0.36265709156193898, "p_population": 0.15439856373429084, "p_institutions": 0.2755834829443447, "p_equity": 0.92184643510054842, "dipi": 40.9, "rank": 864.0, "stakes_score": null, "gap_rank": null }, "geometry": { "type": "Point", "coordinates": [ 117.0724613, 6.6384114 ] } },
{ "type": "Feature", "properties": { "name": "Pampang Minalad", "place": "village", "pop_2km": 0, "seasonal_water_px": 48, "flood_prone": true, "rwi": -0.022, "elevation_m": 34.0, "settlement_id": "S1226", "dl_mbps": 20.976, "ul_mbps": 5.647, "latency_ms": 54.0, "n_tests": 43, "n_tiles": 4, "evidence_tier": "measured", "n_schools_3km": 0, "n_clinics_3km": 0, "p_connectivity": 0.85816876122082586, "p_population": 0.043536804308797125, "p_institutions": 0.2755834829443447, "p_equity": 0.48537477148080438, "dipi": 49.3, "rank": 583.0, "stakes_score": null, "gap_rank": null }, "geometry": { "type": "Point", "coordinates": [ 117.0150969, 6.5857086 ] } },
{ "type": "Feature", "properties": { "name": "Dowokon", "place": "village", "pop_2km": 0, "seasonal_water_px": 0, "flood_prone": false, "rwi": -0.5635, "elevation_m": 36.0, "settlement_id": "S1227", "dl_mbps": 21.109, "ul_mbps": 4.014, "latency_ms": 63.0, "n_tests": 185, "n_tiles": 10, "evidence_tier": "measured", "n_schools_3km": 0, "n_clinics_3km": 0, "p_connectivity": 0.85412926391382404, "p_population": 0.043536804308797125, "p_institutions": 0.2755834829443447, "p_equity": 0.9579524680073126, "dipi": 58.5, "rank": 285.0, "stakes_score": null, "gap_rank": null }, "geometry": { "type": "Point", "coordinates": [ 117.0399886, 6.6011253 ] } },
{ "type": "Feature", "properties": { "name": "Pinapak", "place": "village", "pop_2km": 0, "seasonal_water_px": 74, "flood_prone": true, "rwi": -0.45925, "elevation_m": 21.0, "settlement_id": "S1228", "dl_mbps": 21.109, "ul_mbps": 4.014, "latency_ms": 61.0, "n_tests": 186, "n_tiles": 10, "evidence_tier": "measured", "n_schools_3km": 0, "n_clinics_3km": 0, "p_connectivity": 0.85412926391382404, "p_population": 0.043536804308797125, "p_institutions": 0.2755834829443447, "p_equity": 0.88756855575868376, "dipi": 57.1, "rank": 338.0, "stakes_score": null, "gap_rank": null }, "geometry": { "type": "Point", "coordinates": [ 117.0263623, 6.5975969 ] } },
{ "type": "Feature", "properties": { "name": "Perupuk", "place": "village", "pop_2km": 0, "seasonal_water_px": 88, "flood_prone": true, "rwi": -0.679, "elevation_m": 42.0, "settlement_id": "S1229", "dl_mbps": 19.083, "ul_mbps": 3.7915, "latency_ms": 62.0, "n_tests": 163, "n_tiles": 9, "evidence_tier": "measured", "n_schools_3km": 0, "n_clinics_3km": 0, "p_connectivity": 0.88509874326750448, "p_population": 0.043536804308797125, "p_institutions": 0.2755834829443447, "p_equity": 0.98811700182815354, "dipi": 60.4, "rank": 215.0, "stakes_score": null, "gap_rank": null }, "geometry": { "type": "Point", "coordinates": [ 117.0328854, 6.6113481 ] } },
{ "type": "Feature", "properties": { "name": "Kedundung", "place": "village", "pop_2km": 66, "seasonal_water_px": 77, "flood_prone": true, "rwi": -0.58166666666666667, "elevation_m": 74.0, "settlement_id": "S1230", "dl_mbps": 11.9435, "ul_mbps": 7.8345, "latency_ms": 75.0, "n_tests": 29, "n_tiles": 1, "evidence_tier": "low_evidence", "n_schools_3km": 0, "n_clinics_3km": 0, "p_connectivity": 0.93716337522441651, "p_population": 0.10412926391382406, "p_institutions": 0.2755834829443447, "p_equity": 0.96526508226691043, "dipi": 63.5, "rank": 128.0, "stakes_score": null, "gap_rank": null }, "geometry": { "type": "Point", "coordinates": [ 117.0081844, 6.5813559 ] } },
{ "type": "Feature", "properties": { "name": "Tutuwoon", "place": "village", "pop_2km": 139, "seasonal_water_px": 0, "flood_prone": false, "rwi": -0.27466666666666667, "elevation_m": 11.0, "settlement_id": "S1231", "dl_mbps": 20.8355, "ul_mbps": 25.5755, "latency_ms": 60.5, "n_tests": 18, "n_tiles": 6, "evidence_tier": "low_evidence", "n_schools_3km": 0, "n_clinics_3km": 0, "p_connectivity": 0.85951526032315984, "p_population": 0.14587073608617596, "p_institutions": 0.2755834829443447, "p_equity": 0.72669104204753199, "dipi": 56.7, "rank": 350.0, "stakes_score": null, "gap_rank": null }, "geometry": { "type": "Point", "coordinates": [ 117.0464107, 6.6560888 ] } },
{ "type": "Feature", "properties": { "name": "Pandan", "place": "village", "pop_2km": 0, "seasonal_water_px": 52, "flood_prone": true, "rwi": -0.68833333333333335, "elevation_m": 18.0, "settlement_id": "S1232", "dl_mbps": 20.102, "ul_mbps": 25.681, "latency_ms": 52.0, "n_tests": 8, "n_tiles": 3, "evidence_tier": "low_evidence", "n_schools_3km": 0, "n_clinics_3km": 0, "p_connectivity": 0.86759425493716336, "p_population": 0.043536804308797125, "p_institutions": 0.2755834829443447, "p_equity": 0.98903107861060324, "dipi": 59.7, "rank": 244.0, "stakes_score": null, "gap_rank": null }, "geometry": { "type": "Point", "coordinates": [ 117.0340874, 6.6366443 ] } },
{ "type": "Feature", "properties": { "name": "Sapatalang", "place": "village", "pop_2km": 420, "seasonal_water_px": 0, "flood_prone": false, "rwi": -0.451, "elevation_m": 39.0, "settlement_id": "S1233", "dl_mbps": 24.535, "ul_mbps": 4.756, "latency_ms": 73.0, "n_tests": 53, "n_tiles": 9, "evidence_tier": "measured", "n_schools_3km": 0, "n_clinics_3km": 0, "p_connectivity": 0.80071813285457805, "p_population": 0.3007181328545781, "p_institutions": 0.2755834829443447, "p_equity": 0.87979890310786102, "dipi": 61.3, "rank": 183.0, "stakes_score": null, "gap_rank": null }, "geometry": { "type": "Point", "coordinates": [ 117.004257, 6.6611144 ] } },
{ "type": "Feature", "properties": { "name": "Sosop", "place": "village", "pop_2km": 228, "seasonal_water_px": 0, "flood_prone": false, "rwi": -0.16325, "elevation_m": 39.0, "settlement_id": "S1235", "dl_mbps": 35.306, "ul_mbps": 20.608, "latency_ms": 64.0, "n_tests": 29, "n_tiles": 4, "evidence_tier": "measured", "n_schools_3km": 0, "n_clinics_3km": 0, "p_connectivity": 0.64407540394973073, "p_population": 0.1997307001795332, "p_institutions": 0.2755834829443447, "p_equity": 0.62340036563071299, "dipi": 47.4, "rank": 643.0, "stakes_score": null, "gap_rank": null }, "geometry": { "type": "Point", "coordinates": [ 117.0696958, 6.659862 ] } },
{ "type": "Feature", "properties": { "name": "Lugu", "place": "village", "pop_2km": 0, "seasonal_water_px": 80, "flood_prone": true, "rwi": -0.652, "elevation_m": 23.0, "settlement_id": "S1236", "dl_mbps": 20.102, "ul_mbps": 25.681, "latency_ms": 52.0, "n_tests": 8, "n_tiles": 3, "evidence_tier": "low_evidence", "n_schools_3km": 0, "n_clinics_3km": 0, "p_connectivity": 0.86759425493716336, "p_population": 0.043536804308797125, "p_institutions": 0.2755834829443447, "p_equity": 0.98720292504570384, "dipi": 59.7, "rank": 244.0, "stakes_score": null, "gap_rank": null }, "geometry": { "type": "Point", "coordinates": [ 117.0450732, 6.6349887 ] } },
{ "type": "Feature", "properties": { "name": "Kibulu", "place": "village", "pop_2km": 899, "seasonal_water_px": 0, "flood_prone": false, "rwi": -0.023333333333333331, "elevation_m": 12.0, "settlement_id": "S1238", "dl_mbps": 10.378, "ul_mbps": 4.745, "latency_ms": 52.0, "n_tests": 13, "n_tiles": 5, "evidence_tier": "low_evidence", "n_schools_3km": 0, "n_clinics_3km": 0, "p_connectivity": 0.94928186714542195, "p_population": 0.46813285457809695, "p_institutions": 0.2755834829443447, "p_equity": 0.48628884826325414, "dipi": 63.5, "rank": 128.0, "stakes_score": null, "gap_rank": null }, "geometry": { "type": "Point", "coordinates": [ 117.0904352, 6.6726134 ] } },
{ "type": "Feature", "properties": { "name": "Maliau Layung", "place": "village", "pop_2km": 0, "seasonal_water_px": 0, "flood_prone": false, "rwi": -0.51633333333333342, "elevation_m": 32.0, "settlement_id": "S1240", "dl_mbps": 45.861, "ul_mbps": 12.6065, "latency_ms": 61.5, "n_tests": 140, "n_tiles": 7, "evidence_tier": "measured", "n_schools_3km": 0, "n_clinics_3km": 0, "p_connectivity": 0.50673249551166966, "p_population": 0.043536804308797125, "p_institutions": 0.2755834829443447, "p_equity": 0.93418647166361979, "dipi": 44.2, "rank": 735.0, "stakes_score": null, "gap_rank": null }, "geometry": { "type": "Point", "coordinates": [ 117.0419798, 6.5802325 ] } },
{ "type": "Feature", "properties": { "name": "Rukom Laut", "place": "village", "pop_2km": 244, "seasonal_water_px": 14, "flood_prone": true, "rwi": 0.060666666666666674, "elevation_m": 30.0, "settlement_id": "S1241", "dl_mbps": 39.916, "ul_mbps": 11.823, "latency_ms": 55.0, "n_tests": 63, "n_tiles": 11, "evidence_tier": "measured", "n_schools_3km": 0, "n_clinics_3km": 0, "p_connectivity": 0.58348294434470382, "p_population": 0.20870736086175942, "p_institutions": 0.2755834829443447, "p_equity": 0.40676416819012795, "dipi": 40.8, "rank": 867.0, "stakes_score": null, "gap_rank": null }, "geometry": { "type": "Point", "coordinates": [ 117.0920842, 6.6941191 ] } },
{ "type": "Feature", "properties": { "name": "Pandan Mandamai", "place": "village", "pop_2km": 0, "seasonal_water_px": 60, "flood_prone": true, "rwi": -0.558, "elevation_m": 21.0, "settlement_id": "S1242", "dl_mbps": 20.8355, "ul_mbps": 25.5755, "latency_ms": 52.5, "n_tests": 9, "n_tiles": 4, "evidence_tier": "low_evidence", "n_schools_3km": 0, "n_clinics_3km": 0, "p_connectivity": 0.85951526032315984, "p_population": 0.043536804308797125, "p_institutions": 0.2755834829443447, "p_equity": 0.95703839122486289, "dipi": 58.7, "rank": 281.0, "stakes_score": null, "gap_rank": null }, "geometry": { "type": "Point", "coordinates": [ 117.0477281, 6.6406578 ] } },
{ "type": "Feature", "properties": { "name": "Rukom Darat", "place": "village", "pop_2km": 0, "seasonal_water_px": 3, "flood_prone": false, "rwi": -0.31033333333333335, "elevation_m": 17.0, "settlement_id": "S1243", "dl_mbps": 12.827, "ul_mbps": 4.745, "latency_ms": 57.0, "n_tests": 31, "n_tiles": 9, "evidence_tier": "measured", "n_schools_3km": 0, "n_clinics_3km": 0, "p_connectivity": 0.93043087971274685, "p_population": 0.043536804308797125, "p_institutions": 0.2755834829443447, "p_equity": 0.75868372943327245, "dipi": 57.6, "rank": 323.0, "stakes_score": null, "gap_rank": null }, "geometry": { "type": "Point", "coordinates": [ 117.1039099, 6.6774993 ] } },
{ "type": "Feature", "properties": { "name": "Layang", "place": "village", "pop_2km": 0, "seasonal_water_px": 0, "flood_prone": false, "rwi": -0.41, "elevation_m": 21.0, "settlement_id": "S1244", "dl_mbps": 10.045, "ul_mbps": 2.8395, "latency_ms": 48.5, "n_tests": 7, "n_tiles": 4, "evidence_tier": "low_evidence", "n_schools_3km": 0, "n_clinics_3km": 0, "p_connectivity": 0.95421903052064627, "p_population": 0.043536804308797125, "p_institutions": 0.2755834829443447, "p_equity": 0.8546617915904936, "dipi": 60.5, "rank": 208.0, "stakes_score": null, "gap_rank": null }, "geometry": { "type": "Point", "coordinates": [ 117.1326059, 6.651337 ] } },
{ "type": "Feature", "properties": { "name": "Layong", "place": "village", "pop_2km": 0, "seasonal_water_px": 0, "flood_prone": false, "rwi": -0.378, "elevation_m": 13.0, "settlement_id": "S1245", "dl_mbps": 20.551, "ul_mbps": 13.282, "latency_ms": 48.0, "n_tests": 22, "n_tiles": 6, "evidence_tier": "measured", "n_schools_3km": 0, "n_clinics_3km": 0, "p_connectivity": 0.86265709156193893, "p_population": 0.043536804308797125, "p_institutions": 0.2755834829443447, "p_equity": 0.82723948811700188, "dipi": 56.3, "rank": 368.0, "stakes_score": null, "gap_rank": null }, "geometry": { "type": "Point", "coordinates": [ 117.1209852, 6.6856458 ] } },
{ "type": "Feature", "properties": { "name": "Dandun Laut", "place": "village", "pop_2km": 420, "seasonal_water_px": 86, "flood_prone": true, "rwi": -0.4895, "elevation_m": 14.0, "settlement_id": "S1247", "dl_mbps": 26.4225, "ul_mbps": 8.103, "latency_ms": 73.0, "n_tests": 50, "n_tiles": 7, "evidence_tier": "measured", "n_schools_3km": 0, "n_clinics_3km": 0, "p_connectivity": 0.76481149012567329, "p_population": 0.3007181328545781, "p_institutions": 0.2755834829443447, "p_equity": 0.91087751371115178, "dipi": 60.5, "rank": 208.0, "stakes_score": null, "gap_rank": null }, "geometry": { "type": "Point", "coordinates": [ 117.0157769, 6.6626223 ] } },
{ "type": "Feature", "properties": { "name": "Bitulung", "place": "village", "pop_2km": 420, "seasonal_water_px": 78, "flood_prone": true, "rwi": -0.4895, "elevation_m": 19.0, "settlement_id": "S1248", "dl_mbps": 19.262, "ul_mbps": 3.187, "latency_ms": 76.0, "n_tests": 111, "n_tiles": 9, "evidence_tier": "measured", "n_schools_3km": 0, "n_clinics_3km": 0, "p_connectivity": 0.88150807899461403, "p_population": 0.3007181328545781, "p_institutions": 0.2755834829443447, "p_equity": 0.91087751371115178, "dipi": 65.1, "rank": 97.0, "stakes_score": null, "gap_rank": null }, "geometry": { "type": "Point", "coordinates": [ 117.0158056, 6.6674992 ] } },
{ "type": "Feature", "properties": { "name": "Dandun Pusat", "place": "village", "pop_2km": 420, "seasonal_water_px": 81, "flood_prone": true, "rwi": -0.52033333333333331, "elevation_m": 15.0, "settlement_id": "S1249", "dl_mbps": 26.4225, "ul_mbps": 8.103, "latency_ms": 73.0, "n_tests": 50, "n_tiles": 7, "evidence_tier": "measured", "n_schools_3km": 0, "n_clinics_3km": 0, "p_connectivity": 0.76481149012567329, "p_population": 0.3007181328545781, "p_institutions": 0.2755834829443447, "p_equity": 0.9373857404021938, "dipi": 61.0, "rank": 191.0, "stakes_score": null, "gap_rank": null }, "geometry": { "type": "Point", "coordinates": [ 117.0194912, 6.6589988 ] } },
{ "type": "Feature", "properties": { "name": "Bawang", "place": "village", "pop_2km": 450, "seasonal_water_px": 56, "flood_prone": true, "rwi": -0.1595, "elevation_m": 11.0, "settlement_id": "S1250", "dl_mbps": 13.09, "ul_mbps": 1.757, "latency_ms": 80.0, "n_tests": 75, "n_tiles": 7, "evidence_tier": "measured", "n_schools_3km": 0, "n_clinics_3km": 0, "p_connectivity": 0.92818671454219026, "p_population": 0.32001795332136446, "p_institutions": 0.2755834829443447, "p_equity": 0.61882998171846437, "dipi": 61.6, "rank": 177.0, "stakes_score": null, "gap_rank": null }, "geometry": { "type": "Point", "coordinates": [ 117.0465576, 6.6751967 ] } },
{ "type": "Feature", "properties": { "name": "Tumbalang Kimbalang", "place": "village", "pop_2km": 0, "seasonal_water_px": 0, "flood_prone": false, "rwi": -0.454, "elevation_m": 11.0, "settlement_id": "S1251", "dl_mbps": 19.618, "ul_mbps": 0.834, "latency_ms": 61.0, "n_tests": 10, "n_tiles": 1, "evidence_tier": "low_evidence", "n_schools_3km": 0, "n_clinics_3km": 0, "p_connectivity": 0.8765709156193896, "p_population": 0.043536804308797125, "p_institutions": 0.2755834829443447, "p_equity": 0.88391224862888484, "dipi": 58.0, "rank": 304.0, "stakes_score": null, "gap_rank": null }, "geometry": { "type": "Point", "coordinates": [ 117.1479476, 6.7035443 ] } },
{ "type": "Feature", "properties": { "name": "Kusilad", "place": "village", "pop_2km": 400, "seasonal_water_px": 100, "flood_prone": true, "rwi": -0.057333333333333313, "elevation_m": 8.0, "settlement_id": "S1252", "dl_mbps": 35.306, "ul_mbps": 8.467, "latency_ms": 55.0, "n_tests": 75, "n_tiles": 11, "evidence_tier": "measured", "n_schools_3km": 0, "n_clinics_3km": 0, "p_connectivity": 0.64407540394973073, "p_population": 0.28725314183123879, "p_institutions": 0.2755834829443447, "p_equity": 0.52742230347349173, "dipi": 47.6, "rank": 640.0, "stakes_score": null, "gap_rank": null }, "geometry": { "type": "Point", "coordinates": [ 117.0783703, 6.6949553 ] } },
{ "type": "Feature", "properties": { "name": "Kinangoh", "place": "village", "pop_2km": 0, "seasonal_water_px": 0, "flood_prone": false, "rwi": -0.4905, "elevation_m": 13.0, "settlement_id": "S1253", "dl_mbps": 14.351, "ul_mbps": 0.5845, "latency_ms": 57.0, "n_tests": 11, "n_tiles": 2, "evidence_tier": "low_evidence", "n_schools_3km": 0, "n_clinics_3km": 0, "p_connectivity": 0.91831238779174151, "p_population": 0.043536804308797125, "p_institutions": 0.2755834829443447, "p_equity": 0.9145338208409507, "dipi": 60.2, "rank": 225.0, "stakes_score": null, "gap_rank": null }, "geometry": { "type": "Point", "coordinates": [ 117.1241957, 6.7303801 ] } },
{ "type": "Feature", "properties": { "name": "Gambir", "place": "village", "pop_2km": 0, "seasonal_water_px": 0, "flood_prone": false, "rwi": -0.642, "elevation_m": 10.0, "settlement_id": "S1254", "dl_mbps": 19.618, "ul_mbps": 0.834, "latency_ms": 61.0, "n_tests": 10, "n_tiles": 1, "evidence_tier": "low_evidence", "n_schools_3km": 0, "n_clinics_3km": 0, "p_connectivity": 0.8765709156193896, "p_population": 0.043536804308797125, "p_institutions": 0.2755834829443447, "p_equity": 0.98537477148080443, "dipi": 60.0, "rank": 232.0, "stakes_score": null, "gap_rank": null }, "geometry": { "type": "Point", "coordinates": [ 117.123128, 6.7174121 ] } },
{ "type": "Feature", "properties": { "name": "Ladap", "place": "village", "pop_2km": 0, "seasonal_water_px": 0, "flood_prone": false, "rwi": -0.642, "elevation_m": 23.0, "settlement_id": "S1255", "dl_mbps": 19.618, "ul_mbps": 0.834, "latency_ms": 61.0, "n_tests": 10, "n_tiles": 1, "evidence_tier": "low_evidence", "n_schools_3km": 0, "n_clinics_3km": 0, "p_connectivity": 0.8765709156193896, "p_population": 0.043536804308797125, "p_institutions": 0.2755834829443447, "p_equity": 0.98537477148080443, "dipi": 60.0, "rank": 232.0, "stakes_score": null, "gap_rank": null }, "geometry": { "type": "Point", "coordinates": [ 117.1212654, 6.7146886 ] } },
{ "type": "Feature", "properties": { "name": "Andap", "place": "village", "pop_2km": 0, "seasonal_water_px": 0, "flood_prone": false, "rwi": -0.642, "elevation_m": 10.0, "settlement_id": "S1256", "dl_mbps": 19.618, "ul_mbps": 0.834, "latency_ms": 61.0, "n_tests": 10, "n_tiles": 1, "evidence_tier": "low_evidence", "n_schools_3km": 0, "n_clinics_3km": 0, "p_connectivity": 0.8765709156193896, "p_population": 0.043536804308797125, "p_institutions": 0.2755834829443447, "p_equity": 0.98537477148080443, "dipi": 60.0, "rank": 232.0, "stakes_score": null, "gap_rank": null }, "geometry": { "type": "Point", "coordinates": [ 117.1182113, 6.7137465 ] } },
{ "type": "Feature", "properties": { "name": "Marais", "place": "village", "pop_2km": 1350, "seasonal_water_px": 99, "flood_prone": true, "rwi": -0.042666666666666651, "elevation_m": 227.0, "settlement_id": "S1257", "dl_mbps": 11.212, "ul_mbps": 8.247, "latency_ms": 52.0, "n_tests": 79, "n_tiles": 14, "evidence_tier": "measured", "n_schools_3km": 0, "n_clinics_3km": 0, "p_connectivity": 0.94344703770197491, "p_population": 0.5700179533213644, "p_institutions": 0.2755834829443447, "p_equity": 0.51096892138939676, "dipi": 66.3, "rank": 70.0, "stakes_score": null, "gap_rank": null }, "geometry": { "type": "Point", "coordinates": [ 115.8774283, 4.8602808 ] } },
{ "type": "Feature", "properties": { "name": "Mogunsop", "place": "village", "pop_2km": 0, "seasonal_water_px": 0, "flood_prone": false, "rwi": -0.2, "elevation_m": 476.0, "settlement_id": "S1259", "dl_mbps": 83.873, "ul_mbps": 16.5765, "latency_ms": 47.0, "n_tests": 27, "n_tiles": 3, "evidence_tier": "measured", "n_schools_3km": 0, "n_clinics_3km": 0, "p_connectivity": 0.2755834829443447, "p_population": 0.043536804308797125, "p_institutions": 0.2755834829443447, "p_equity": 0.65904936014625226, "dipi": 29.4, "rank": 1081.0, "stakes_score": null, "gap_rank": null }, "geometry": { "type": "Point", "coordinates": [ 115.8778796, 4.6649757 ] } },
{ "type": "Feature", "properties": { "name": "Belumbong", "place": "village", "pop_2km": 1360, "seasonal_water_px": 136, "flood_prone": true, "rwi": 0.1785, "elevation_m": 203.0, "settlement_id": "S1262", "dl_mbps": 14.5345, "ul_mbps": 4.3155, "latency_ms": 66.0, "n_tests": 54, "n_tiles": 14, "evidence_tier": "measured", "n_schools_3km": 0, "n_clinics_3km": 0, "p_connectivity": 0.91651705565529618, "p_population": 0.57181328545780974, "p_institutions": 0.2755834829443447, "p_equity": 0.31581352833638027, "dipi": 61.4, "rank": 182.0, "stakes_score": null, "gap_rank": null }, "geometry": { "type": "Point", "coordinates": [ 115.9165432, 4.9498512 ] } },
{ "type": "Feature", "properties": { "name": "Mansasoh", "place": "village", "pop_2km": 95, "seasonal_water_px": 0, "flood_prone": false, "rwi": -0.341, "elevation_m": 233.0, "settlement_id": "S1263", "dl_mbps": 39.242, "ul_mbps": 6.3885, "latency_ms": 65.5, "n_tests": 17, "n_tiles": 6, "evidence_tier": "low_evidence", "n_schools_3km": 0, "n_clinics_3km": 0, "p_connectivity": 0.59111310592459609, "p_population": 0.12342908438061041, "p_institutions": 0.2755834829443447, "p_equity": 0.7915904936014625, "dipi": 46.7, "rank": 667.0, "stakes_score": null, "gap_rank": null }, "geometry": { "type": "Point", "coordinates": [ 115.9085547, 5.0311813 ] } },
{ "type": "Feature", "properties": { "name": "Maanas", "place": "village", "pop_2km": 1085, "seasonal_water_px": 0, "flood_prone": false, "rwi": 0.057, "elevation_m": 233.0, "settlement_id": "S1264", "dl_mbps": 13.422, "ul_mbps": 8.713, "latency_ms": 52.0, "n_tests": 37, "n_tiles": 8, "evidence_tier": "measured", "n_schools_3km": 0, "n_clinics_3km": 0, "p_connectivity": 0.92728904847396765, "p_population": 0.51974865350089772, "p_institutions": 0.2755834829443447, "p_equity": 0.41042047531992687, "dipi": 62.4, "rank": 159.0, "stakes_score": null, "gap_rank": null }, "geometry": { "type": "Point", "coordinates": [ 115.8888462, 4.8380444 ] } },
{ "type": "Feature", "properties": { "name": "Katambalang", "place": "village", "pop_2km": 1575, "seasonal_water_px": 96, "flood_prone": true, "rwi": 0.03975, "elevation_m": 225.0, "settlement_id": "S1265", "dl_mbps": 11.212, "ul_mbps": 8.247, "latency_ms": 52.0, "n_tests": 79, "n_tiles": 14, "evidence_tier": "measured", "n_schools_3km": 0, "n_clinics_3km": 0, "p_connectivity": 0.94344703770197491, "p_population": 0.59245960502692996, "p_institutions": 0.2755834829443447, "p_equity": 0.43007312614259596, "dipi": 65.3, "rank": 90.0, "stakes_score": null, "gap_rank": null }, "geometry": { "type": "Point", "coordinates": [ 115.8820235, 4.8489683 ] } },
{ "type": "Feature", "properties": { "name": "Abul", "place": "village", "pop_2km": 758, "seasonal_water_px": 0, "flood_prone": false, "rwi": 0.14866666666666667, "elevation_m": 250.0, "settlement_id": "S1266", "dl_mbps": 31.606, "ul_mbps": 9.011, "latency_ms": 55.0, "n_tests": 132, "n_tiles": 11, "evidence_tier": "measured", "n_schools_3km": 0, "n_clinics_3km": 0, "p_connectivity": 0.69299820466786355, "p_population": 0.41965888689407538, "p_institutions": 0.2755834829443447, "p_equity": 0.3446069469835466, "dipi": 49.2, "rank": 588.0, "stakes_score": null, "gap_rank": null }, "geometry": { "type": "Point", "coordinates": [ 115.8990228, 4.9000969 ] } },
{ "type": "Feature", "properties": { "name": "Maugus", "place": "village", "pop_2km": 1244, "seasonal_water_px": 220, "flood_prone": true, "rwi": 0.15675, "elevation_m": 197.0, "settlement_id": "S1267", "dl_mbps": 12.0275, "ul_mbps": 4.3155, "latency_ms": 63.5, "n_tests": 32, "n_tiles": 6, "evidence_tier": "measured", "n_schools_3km": 0, "n_clinics_3km": 0, "p_connectivity": 0.93626570915619389, "p_population": 0.55610412926391384, "p_institutions": 0.2755834829443447, "p_equity": 0.32998171846435098, "dipi": 62.1, "rank": 163.0, "stakes_score": null, "gap_rank": null }, "geometry": { "type": "Point", "coordinates": [ 115.9287947, 4.9567649 ] } },
{ "type": "Feature", "properties": { "name": "Batu-Batu", "place": "village", "pop_2km": 720, "seasonal_water_px": 0, "flood_prone": false, "rwi": 0.2575, "elevation_m": 214.0, "settlement_id": "S1268", "dl_mbps": 25.095, "ul_mbps": 6.591, "latency_ms": 51.0, "n_tests": 40, "n_tiles": 9, "evidence_tier": "measured", "n_schools_3km": 0, "n_clinics_3km": 0, "p_connectivity": 0.78545780969479351, "p_population": 0.40619389587073607, "p_institutions": 0.2755834829443447, "p_equity": 0.27056672760511885, "dipi": 51.1, "rank": 541.0, "stakes_score": null, "gap_rank": null }, "geometry": { "type": "Point", "coordinates": [ 115.9677481, 5.0300298 ] } },
{ "type": "Feature", "properties": { "name": "Bangkulin", "place": "village", "pop_2km": 1026, "seasonal_water_px": 41, "flood_prone": true, "rwi": 0.19933333333333336, "elevation_m": 251.0, "settlement_id": "S1270", "dl_mbps": 10.781, "ul_mbps": 4.2975, "latency_ms": 71.0, "n_tests": 32, "n_tiles": 8, "evidence_tier": "measured", "n_schools_3km": 0, "n_clinics_3km": 0, "p_connectivity": 0.94524236983842014, "p_population": 0.50763016157989227, "p_institutions": 0.2755834829443447, "p_equity": 0.29341864716636196, "dipi": 60.5, "rank": 208.0, "stakes_score": null, "gap_rank": null }, "geometry": { "type": "Point", "coordinates": [ 115.9010094, 4.8751133 ] } },
{ "type": "Feature", "properties": { "name": "Malutut", "place": "village", "pop_2km": 0, "seasonal_water_px": 0, "flood_prone": false, "rwi": -0.3126666666666667, "elevation_m": 430.0, "settlement_id": "S1271", "dl_mbps": 49.11, "ul_mbps": 14.378, "latency_ms": 44.0, "n_tests": 30, "n_tiles": 4, "evidence_tier": "measured", "n_schools_3km": 0, "n_clinics_3km": 0, "p_connectivity": 0.45601436265709155, "p_population": 0.043536804308797125, "p_institutions": 0.2755834829443447, "p_equity": 0.76051188299817185, "dipi": 38.7, "rank": 925.0, "stakes_score": null, "gap_rank": null }, "geometry": { "type": "Point", "coordinates": [ 115.8645618, 4.6754545 ] } },
{ "type": "Feature", "properties": { "name": "Alutok", "place": "village", "pop_2km": 0, "seasonal_water_px": 0, "flood_prone": false, "rwi": -0.3495, "elevation_m": 457.0, "settlement_id": "S1272", "dl_mbps": 83.873, "ul_mbps": 16.5765, "latency_ms": 47.0, "n_tests": 27, "n_tiles": 3, "evidence_tier": "measured", "n_schools_3km": 0, "n_clinics_3km": 0, "p_connectivity": 0.2755834829443447, "p_population": 0.043536804308797125, "p_institutions": 0.2755834829443447, "p_equity": 0.80027422303473494, "dipi": 32.3, "rank": 1040.0, "stakes_score": null, "gap_rank": null }, "geometry": { "type": "Point", "coordinates": [ 115.8593433, 4.6599606 ] } },
{ "type": "Feature", "properties": { "name": "Mamaitom", "place": "village", "pop_2km": 872, "seasonal_water_px": 10, "flood_prone": true, "rwi": 0.1045, "elevation_m": 282.0, "settlement_id": "S1273", "dl_mbps": 15.2435, "ul_mbps": 4.2975, "latency_ms": 72.5, "n_tests": 28, "n_tiles": 8, "evidence_tier": "measured", "n_schools_3km": 0, "n_clinics_3km": 0, "p_connectivity": 0.91023339317773788, "p_population": 0.46050269299820468, "p_institutions": 0.2755834829443447, "p_equity": 0.37659963436928701, "dipi": 59.6, "rank": 251.0, "stakes_score": null, "gap_rank": null }, "geometry": { "type": "Point", "coordinates": [ 115.9076972, 4.8816281 ] } },
{ "type": "Feature", "properties": { "name": "Namatutan", "place": "village", "pop_2km": 1187, "seasonal_water_px": 0, "flood_prone": false, "rwi": 0.145, "elevation_m": 316.0, "settlement_id": "S1274", "dl_mbps": 50.7315, "ul_mbps": 11.016, "latency_ms": 45.0, "n_tests": 24, "n_tiles": 10, "evidence_tier": "measured", "n_schools_3km": 0, "n_clinics_3km": 0, "p_connectivity": 0.44254937163375224, "p_population": 0.54039497307001794, "p_institutions": 0.2755834829443447, "p_equity": 0.34734917733089582, "dipi": 42.3, "rank": 804.0, "stakes_score": null, "gap_rank": null }, "geometry": { "type": "Point", "coordinates": [ 115.9099937, 4.8905928 ] } },
{ "type": "Feature", "properties": { "name": "Kauran", "place": "village", "pop_2km": 506, "seasonal_water_px": 108, "flood_prone": true, "rwi": 0.0485, "elevation_m": 201.0, "settlement_id": "S1275", "dl_mbps": 15.251, "ul_mbps": 4.167, "latency_ms": 64.0, "n_tests": 40, "n_tiles": 11, "evidence_tier": "measured", "n_schools_3km": 0, "n_clinics_3km": 0, "p_connectivity": 0.90888689407540391, "p_population": 0.34201077199281865, "p_institutions": 0.2755834829443447, "p_equity": 0.41956124314442411, "dipi": 57.4, "rank": 328.0, "stakes_score": null, "gap_rank": null }, "geometry": { "type": "Point", "coordinates": [ 115.9278051, 4.9389728 ] } },
{ "type": "Feature", "properties": { "name": "Nanturaan", "place": "village", "pop_2km": 652, "seasonal_water_px": 0, "flood_prone": false, "rwi": -0.242, "elevation_m": 479.0, "settlement_id": "S1278", "dl_mbps": 74.9245, "ul_mbps": 9.0695, "latency_ms": 57.0, "n_tests": 14, "n_tiles": 4, "evidence_tier": "low_evidence", "n_schools_3km": 0, "n_clinics_3km": 0, "p_connectivity": 0.31777378815080792, "p_population": 0.38509874326750448, "p_institutions": 0.2755834829443447, "p_equity": 0.70201096892138937, "dipi": 40.5, "rank": 875.0, "stakes_score": null, "gap_rank": null }, "geometry": { "type": "Point", "coordinates": [ 115.8686313, 4.781721 ] } },
{ "type": "Feature", "properties": { "name": "Kemabong Baru", "place": "village", "pop_2km": 5514, "seasonal_water_px": 15, "flood_prone": true, "rwi": 0.16833333333333336, "elevation_m": 246.0, "settlement_id": "S1279", "dl_mbps": 41.9395, "ul_mbps": 10.5635, "latency_ms": 52.0, "n_tests": 249, "n_tiles": 16, "evidence_tier": "measured", "n_schools_3km": 0, "n_clinics_3km": 0, "p_connectivity": 0.56014362657091565, "p_population": 0.77648114901256737, "p_institutions": 0.2755834829443447, "p_equity": 0.3226691042047532, "dipi": 52.4, "rank": 486.0, "stakes_score": null, "gap_rank": null }, "geometry": { "type": "Point", "coordinates": [ 115.9145524, 4.9003822 ] } },
{ "type": "Feature", "properties": { "name": "Masanoi Ulu", "place": "village", "pop_2km": 517, "seasonal_water_px": 0, "flood_prone": false, "rwi": 0.0655, "elevation_m": 271.0, "settlement_id": "S1282", "dl_mbps": 30.112, "ul_mbps": 4.4605, "latency_ms": 58.5, "n_tests": 22, "n_tiles": 8, "evidence_tier": "measured", "n_schools_3km": 0, "n_clinics_3km": 0, "p_connectivity": 0.71454219030520649, "p_population": 0.34605026929982047, "p_institutions": 0.2755834829443447, "p_equity": 0.40402193784277879, "dipi": 49.4, "rank": 577.0, "stakes_score": null, "gap_rank": null }, "geometry": { "type": "Point", "coordinates": [ 115.8933589, 4.9714154 ] } },
{ "type": "Feature", "properties": { "name": "Kuala Rolok", "place": "village", "pop_2km": 105, "seasonal_water_px": 0, "flood_prone": false, "rwi": 0.287, "elevation_m": 269.0, "settlement_id": "S1283", "dl_mbps": 20.308, "ul_mbps": 5.635, "latency_ms": 46.0, "n_tests": 8, "n_tiles": 2, "evidence_tier": "low_evidence", "n_schools_3km": 0, "n_clinics_3km": 0, "p_connectivity": 0.86445242369838415, "p_population": 0.12836624775583483, "p_institutions": 0.2755834829443447, "p_equity": 0.25502742230347347, "dipi": 47.0, "rank": 657.0, "stakes_score": null, "gap_rank": null }, "geometry": { "type": "Point", "coordinates": [ 115.8960283, 4.8274087 ] } },
{ "type": "Feature", "properties": { "name": "Sumandalom", "place": "village", "pop_2km": 1944, "seasonal_water_px": 152, "flood_prone": true, "rwi": 0.0555, "elevation_m": 189.0, "settlement_id": "S1286", "dl_mbps": 20.987, "ul_mbps": 14.231, "latency_ms": 53.0, "n_tests": 234, "n_tiles": 11, "evidence_tier": "measured", "n_schools_3km": 0, "n_clinics_3km": 1, "p_connectivity": 0.85727109515260325, "p_population": 0.6202872531418312, "p_institutions": 0.63420107719928187, "p_equity": 0.41224862888482633, "dipi": 67.6, "rank": 56.0, "stakes_score": null, "gap_rank": null }, "geometry": { "type": "Point", "coordinates": [ 115.9389239, 5.01491 ] } },
{ "type": "Feature", "properties": { "name": "Kalibatang Lama", "place": "village", "pop_2km": 710, "seasonal_water_px": 71, "flood_prone": true, "rwi": 0.232, "elevation_m": 220.0, "settlement_id": "S1287", "dl_mbps": 9.638, "ul_mbps": 5.7135, "latency_ms": 67.0, "n_tests": 50, "n_tiles": 12, "evidence_tier": "measured", "n_schools_3km": 0, "n_clinics_3km": 0, "p_connectivity": 0.96005385996409331, "p_population": 0.40215439856373431, "p_institutions": 0.2755834829443447, "p_equity": 0.2806215722120658, "dipi": 58.2, "rank": 296.0, "stakes_score": null, "gap_rank": null }, "geometry": { "type": "Point", "coordinates": [ 115.8968561, 4.8626957 ] } },
{ "type": "Feature", "properties": { "name": "Mailo Malalaat", "place": "village", "pop_2km": 566, "seasonal_water_px": 0, "flood_prone": false, "rwi": 0.0655, "elevation_m": 303.0, "settlement_id": "S1288", "dl_mbps": 45.868, "ul_mbps": 16.132, "latency_ms": 68.5, "n_tests": 25, "n_tiles": 9, "evidence_tier": "measured", "n_schools_3km": 0, "n_clinics_3km": 0, "p_connectivity": 0.50538599640933568, "p_population": 0.36445242369838421, "p_institutions": 0.2755834829443447, "p_equity": 0.40402193784277879, "dipi": 41.5, "rank": 839.0, "stakes_score": null, "gap_rank": null }, "geometry": { "type": "Point", "coordinates": [ 115.8918758, 4.9828339 ] } },
{ "type": "Feature", "properties": { "name": "Kungkular", "place": "village", "pop_2km": 1323, "seasonal_water_px": 0, "flood_prone": false, "rwi": -0.323, "elevation_m": 452.0, "settlement_id": "S1289", "dl_mbps": 77.686, "ul_mbps": 4.337, "latency_ms": 60.0, "n_tests": 13, "n_tiles": 3, "evidence_tier": "low_evidence", "n_schools_3km": 0, "n_clinics_3km": 0, "p_connectivity": 0.30610412926391384, "p_population": 0.56463195691202872, "p_institutions": 0.2755834829443447, "p_equity": 0.77605118829981723, "dipi": 46.0, "rank": 686.0, "stakes_score": null, "gap_rank": null }, "geometry": { "type": "Point", "coordinates": [ 115.8746945, 4.7973202 ] } },
{ "type": "Feature", "properties": { "name": "Kuala Tomani Scheme", "place": "village", "pop_2km": 1514, "seasonal_water_px": 64, "flood_prone": true, "rwi": 0.03975, "elevation_m": 269.0, "settlement_id": "S1290", "dl_mbps": 11.212, "ul_mbps": 8.247, "latency_ms": 52.0, "n_tests": 47, "n_tiles": 12, "evidence_tier": "measured", "n_schools_3km": 0, "n_clinics_3km": 0, "p_connectivity": 0.94344703770197491, "p_population": 0.5888689407540395, "p_institutions": 0.2755834829443447, "p_equity": 0.43007312614259596, "dipi": 65.2, "rank": 94.0, "stakes_score": null, "gap_rank": null }, "geometry": { "type": "Point", "coordinates": [ 115.8824868, 4.8455687 ] } },
{ "type": "Feature", "properties": { "name": "Ulu Sugiang", "place": "village", "pop_2km": 416, "seasonal_water_px": 0, "flood_prone": false, "rwi": -0.3435, "elevation_m": 286.0, "settlement_id": "S1291", "dl_mbps": 15.296, "ul_mbps": 4.793, "latency_ms": 47.0, "n_tests": 157, "n_tiles": 8, "evidence_tier": "measured", "n_schools_3km": 0, "n_clinics_3km": 0, "p_connectivity": 0.90664272890484743, "p_population": 0.29622980251346498, "p_institutions": 0.2755834829443447, "p_equity": 0.79616087751371112, "dipi": 63.7, "rank": 121.0, "stakes_score": null, "gap_rank": null }, "geometry": { "type": "Point", "coordinates": [ 115.8871329, 4.9171306 ] } },
{ "type": "Feature", "properties": { "name": "Sugiang Lama", "place": "village", "pop_2km": 2679, "seasonal_water_px": 85, "flood_prone": true, "rwi": 0.17866666666666667, "elevation_m": 201.0, "settlement_id": "S1292", "dl_mbps": 34.4755, "ul_mbps": 5.291, "latency_ms": 65.5, "n_tests": 236, "n_tiles": 18, "evidence_tier": "measured", "n_schools_3km": 0, "n_clinics_3km": 0, "p_connectivity": 0.65439856373429084, "p_population": 0.66606822262118492, "p_institutions": 0.2755834829443447, "p_equity": 0.31444241316270566, "dipi": 53.3, "rank": 460.0, "stakes_score": null, "gap_rank": null }, "geometry": { "type": "Point", "coordinates": [ 115.9209908, 4.931657 ] } },
{ "type": "Feature", "properties": { "name": "Kuala Tolokoson", "place": "village", "pop_2km": 711, "seasonal_water_px": 95, "flood_prone": true, "rwi": -0.066, "elevation_m": 232.0, "settlement_id": "S1293", "dl_mbps": 16.6355, "ul_mbps": 5.054, "latency_ms": 73.5, "n_tests": 10, "n_tiles": 4, "evidence_tier": "low_evidence", "n_schools_3km": 0, "n_clinics_3km": 0, "p_connectivity": 0.90035906642728902, "p_population": 0.40305206463195692, "p_institutions": 0.2755834829443447, "p_equity": 0.53747714808043878, "dipi": 61.0, "rank": 191.0, "stakes_score": null, "gap_rank": null }, "geometry": { "type": "Point", "coordinates": [ 115.9234644, 4.8786559 ] } },
{ "type": "Feature", "properties": { "name": "Enubah", "place": "village", "pop_2km": 2706, "seasonal_water_px": 99, "flood_prone": true, "rwi": 0.311, "elevation_m": 196.0, "settlement_id": "S1294", "dl_mbps": 36.2545, "ul_mbps": 11.99, "latency_ms": 53.5, "n_tests": 251, "n_tiles": 16, "evidence_tier": "measured", "n_schools_3km": 0, "n_clinics_3km": 1, "p_connectivity": 0.63644524236983846, "p_population": 0.66965888689407538, "p_institutions": 0.63420107719928187, "p_equity": 0.24040219378427788, "dipi": 56.5, "rank": 360.0, "stakes_score": null, "gap_rank": null }, "geometry": { "type": "Point", "coordinates": [ 115.9218609, 5.009984 ] } },
{ "type": "Feature", "properties": { "name": "Sibulu", "place": "village", "pop_2km": 2476, "seasonal_water_px": 93, "flood_prone": true, "rwi": 0.02075, "elevation_m": 215.0, "settlement_id": "S1295", "dl_mbps": 54.913, "ul_mbps": 11.016, "latency_ms": 52.0, "n_tests": 148, "n_tiles": 10, "evidence_tier": "measured", "n_schools_3km": 0, "n_clinics_3km": 0, "p_connectivity": 0.41292639138240572, "p_population": 0.65888689407540391, "p_institutions": 0.2755834829443447, "p_equity": 0.44972577696526506, "dipi": 46.1, "rank": 683.0, "stakes_score": null, "gap_rank": null }, "geometry": { "type": "Point", "coordinates": [ 115.9239912, 4.8950427 ] } },
{ "type": "Feature", "properties": { "name": "Pemaluyan", "place": "village", "pop_2km": 909, "seasonal_water_px": 136, "flood_prone": true, "rwi": 0.20966666666666667, "elevation_m": 197.0, "settlement_id": "S1296", "dl_mbps": 16.264, "ul_mbps": 3.916, "latency_ms": 63.0, "n_tests": 54, "n_tiles": 14, "evidence_tier": "measured", "n_schools_3km": 0, "n_clinics_3km": 0, "p_connectivity": 0.90215439856373425, "p_population": 0.4744165170556553, "p_institutions": 0.2755834829443447, "p_equity": 0.28976234003656309, "dipi": 57.9, "rank": 310.0, "stakes_score": null, "gap_rank": null }, "geometry": { "type": "Point", "coordinates": [ 115.9189645, 4.9424497 ] } },
{ "type": "Feature", "properties": { "name": "Kaparungan", "place": "village", "pop_2km": 698, "seasonal_water_px": 0, "flood_prone": false, "rwi": -0.0615, "elevation_m": 250.0, "settlement_id": "S1297", "dl_mbps": 9.1145, "ul_mbps": 8.48, "latency_ms": 55.0, "n_tests": 55, "n_tiles": 12, "evidence_tier": "measured", "n_schools_3km": 0, "n_clinics_3km": 0, "p_connectivity": 0.96319569120287252, "p_population": 0.39946140035906641, "p_institutions": 0.2755834829443447, "p_equity": 0.53473491773308957, "dipi": 63.3, "rank": 137.0, "stakes_score": null, "gap_rank": null }, "geometry": { "type": "Point", "coordinates": [ 115.8841145, 4.8680918 ] } },
{ "type": "Feature", "properties": { "name": "Belumbong Baru", "place": "village", "pop_2km": 822, "seasonal_water_px": 0, "flood_prone": false, "rwi": 0.036666666666666681, "elevation_m": 218.0, "settlement_id": "S1299", "dl_mbps": 15.041, "ul_mbps": 4.19, "latency_ms": 62.5, "n_tests": 40, "n_tiles": 9, "evidence_tier": "measured", "n_schools_3km": 0, "n_clinics_3km": 0, "p_connectivity": 0.91202872531418311, "p_population": 0.43850987432675043, "p_institutions": 0.2755834829443447, "p_equity": 0.43510054844606949, "dipi": 60.3, "rank": 217.0, "stakes_score": null, "gap_rank": null }, "geometry": { "type": "Point", "coordinates": [ 115.9099196, 4.9725045 ] } },
{ "type": "Feature", "properties": { "name": "Baru Jumpa", "place": "village", "pop_2km": 1259, "seasonal_water_px": 0, "flood_prone": false, "rwi": -0.017, "elevation_m": 265.0, "settlement_id": "S1300", "dl_mbps": 15.251, "ul_mbps": 3.447, "latency_ms": 59.0, "n_tests": 192, "n_tiles": 18, "evidence_tier": "measured", "n_schools_3km": 0, "n_clinics_3km": 0, "p_connectivity": 0.90888689407540391, "p_population": 0.55924596050269304, "p_institutions": 0.2755834829443447, "p_equity": 0.48171846435100546, "dipi": 64.1, "rank": 114.0, "stakes_score": null, "gap_rank": null }, "geometry": { "type": "Point", "coordinates": [ 115.8993904, 4.9350834 ] } },
{ "type": "Feature", "properties": { "name": "Ulu Mansasoh", "place": "village", "pop_2km": 95, "seasonal_water_px": 0, "flood_prone": false, "rwi": -0.374, "elevation_m": 318.0, "settlement_id": "S1302", "dl_mbps": 39.242, "ul_mbps": 6.3885, "latency_ms": 65.5, "n_tests": 17, "n_tiles": 6, "evidence_tier": "low_evidence", "n_schools_3km": 0, "n_clinics_3km": 0, "p_connectivity": 0.59111310592459609, "p_population": 0.12342908438061041, "p_institutions": 0.2755834829443447, "p_equity": 0.82495429616087756, "dipi": 47.4, "rank": 643.0, "stakes_score": null, "gap_rank": null }, "geometry": { "type": "Point", "coordinates": [ 115.9024713, 5.0292796 ] } },
{ "type": "Feature", "properties": { "name": "Sugiang Baru", "place": "village", "pop_2km": 3393, "seasonal_water_px": 0, "flood_prone": false, "rwi": 0.09125, "elevation_m": 243.0, "settlement_id": "S1304", "dl_mbps": 19.668, "ul_mbps": 8.621, "latency_ms": 49.0, "n_tests": 319, "n_tiles": 17, "evidence_tier": "measured", "n_schools_3km": 0, "n_clinics_3km": 0, "p_connectivity": 0.87432675044883301, "p_population": 0.70466786355475763, "p_institutions": 0.2755834829443447, "p_equity": 0.38848263254113347, "dipi": 64.5, "rank": 105.0, "stakes_score": null, "gap_rank": null }, "geometry": { "type": "Point", "coordinates": [ 115.9008991, 4.9193841 ] } },
{ "type": "Feature", "properties": { "name": "Mampusuh", "place": "village", "pop_2km": 31, "seasonal_water_px": 0, "flood_prone": false, "rwi": -0.107, "elevation_m": 499.0, "settlement_id": "S1305", "dl_mbps": 61.5205, "ul_mbps": 15.1545, "latency_ms": 45.5, "n_tests": 13, "n_tiles": 3, "evidence_tier": "low_evidence", "n_schools_3km": 0, "n_clinics_3km": 0, "p_connectivity": 0.38061041292639136, "p_population": 0.092459605026929986, "p_institutions": 0.2755834829443447, "p_equity": 0.56992687385740404, "dipi": 33.1, "rank": 1033.0, "stakes_score": null, "gap_rank": null }, "geometry": { "type": "Point", "coordinates": [ 115.8780063, 4.9719694 ] } },
{ "type": "Feature", "properties": { "name": "Sindungon Laut", "place": "village", "pop_2km": 76, "seasonal_water_px": 0, "flood_prone": false, "rwi": -0.28, "elevation_m": 221.0, "settlement_id": "S1306", "dl_mbps": 41.407, "ul_mbps": 15.988, "latency_ms": 59.0, "n_tests": 196, "n_tiles": 14, "evidence_tier": "measured", "n_schools_3km": 0, "n_clinics_3km": 0, "p_connectivity": 0.57091561938958713, "p_population": 0.10682226211849193, "p_institutions": 0.2755834829443447, "p_equity": 0.73034734917733091, "dipi": 44.2, "rank": 735.0, "stakes_score": null, "gap_rank": null }, "geometry": { "type": "Point", "coordinates": [ 115.9826051, 5.0668444 ] } },
{ "type": "Feature", "properties": { "name": "Mailo", "place": "village", "pop_2km": 639, "seasonal_water_px": 0, "flood_prone": false, "rwi": 0.0655, "elevation_m": 274.0, "settlement_id": "S1307", "dl_mbps": 49.711, "ul_mbps": 18.726, "latency_ms": 69.0, "n_tests": 28, "n_tiles": 10, "evidence_tier": "measured", "n_schools_3km": 0, "n_clinics_3km": 0, "p_connectivity": 0.45152603231597843, "p_population": 0.38150807899461403, "p_institutions": 0.2755834829443447, "p_equity": 0.40402193784277879, "dipi": 39.8, "rank": 897.0, "stakes_score": null, "gap_rank": null }, "geometry": { "type": "Point", "coordinates": [ 115.8942416, 4.9820097 ] } },
{ "type": "Feature", "properties": { "name": "Angalor", "place": "village", "pop_2km": 598, "seasonal_water_px": 193, "flood_prone": true, "rwi": 0.135, "elevation_m": 212.0, "settlement_id": "S1308", "dl_mbps": 13.818, "ul_mbps": 7.133, "latency_ms": 64.0, "n_tests": 24, "n_tiles": 3, "evidence_tier": "measured", "n_schools_3km": 0, "n_clinics_3km": 0, "p_connectivity": 0.92504488330341117, "p_population": 0.3734290843806104, "p_institutions": 0.2755834829443447, "p_equity": 0.35740402193784276, "dipi": 57.6, "rank": 323.0, "stakes_score": null, "gap_rank": null }, "geometry": { "type": "Point", "coordinates": [ 115.9377015, 4.9617425 ] } },
{ "type": "Feature", "properties": { "name": "Batu", "place": "village", "pop_2km": 762, "seasonal_water_px": 232, "flood_prone": true, "rwi": 0.0073333333333333211, "elevation_m": 203.0, "settlement_id": "S1309", "dl_mbps": 8.603, "ul_mbps": 5.225, "latency_ms": 66.0, "n_tests": 25, "n_tiles": 3, "evidence_tier": "measured", "n_schools_3km": 0, "n_clinics_3km": 0, "p_connectivity": 0.96588868940754036, "p_population": 0.42280071813285458, "p_institutions": 0.2755834829443447, "p_equity": 0.45612431444241314, "dipi": 62.5, "rank": 157.0, "stakes_score": null, "gap_rank": null }, "geometry": { "type": "Point", "coordinates": [ 115.9343143, 4.9686314 ] } },
{ "type": "Feature", "properties": { "name": "Lalandang", "place": "village", "pop_2km": 2158, "seasonal_water_px": 111, "flood_prone": true, "rwi": 0.045666666666666654, "elevation_m": 190.0, "settlement_id": "S1310", "dl_mbps": 27.436, "ul_mbps": 14.257, "latency_ms": 53.0, "n_tests": 236, "n_tiles": 12, "evidence_tier": "measured", "n_schools_3km": 0, "n_clinics_3km": 1, "p_connectivity": 0.75224416517055659, "p_population": 0.63644524236983846, "p_institutions": 0.63420107719928187, "p_equity": 0.42321755027422303, "dipi": 64.0, "rank": 115.0, "stakes_score": null, "gap_rank": null }, "geometry": { "type": "Point", "coordinates": [ 115.9360104, 5.0057309 ] } },
{ "type": "Feature", "properties": { "name": "Sungei Api", "place": "village", "pop_2km": 376, "seasonal_water_px": 0, "flood_prone": false, "rwi": -0.39233333333333326, "elevation_m": 266.0, "settlement_id": "S1311", "dl_mbps": 37.262, "ul_mbps": 7.518, "latency_ms": 68.5, "n_tests": 25, "n_tiles": 8, "evidence_tier": "measured", "n_schools_3km": 0, "n_clinics_3km": 0, "p_connectivity": 0.6202872531418312, "p_population": 0.27289048473967686, "p_institutions": 0.2755834829443447, "p_equity": 0.83820840950639852, "dipi": 52.5, "rank": 484.0, "stakes_score": null, "gap_rank": null }, "geometry": { "type": "Point", "coordinates": [ 115.8990804, 5.0199503 ] } },
{ "type": "Feature", "properties": { "name": "Mile 14", "place": "village", "pop_2km": 1209, "seasonal_water_px": 147, "flood_prone": true, "rwi": 0.005, "elevation_m": 196.0, "settlement_id": "S1312", "dl_mbps": 13.818, "ul_mbps": 4.167, "latency_ms": 68.0, "n_tests": 51, "n_tiles": 11, "evidence_tier": "measured", "n_schools_3km": 0, "n_clinics_3km": 0, "p_connectivity": 0.92504488330341117, "p_population": 0.54757630161579895, "p_institutions": 0.2755834829443447, "p_equity": 0.46069469835466181, "dipi": 64.0, "rank": 115.0, "stakes_score": null, "gap_rank": null }, "geometry": { "type": "Point", "coordinates": [ 115.9182353, 4.955506 ] } },
{ "type": "Feature", "properties": { "name": "Sindungon Panjang", "place": "village", "pop_2km": 1411, "seasonal_water_px": 26, "flood_prone": true, "rwi": -0.148, "elevation_m": 226.0, "settlement_id": "S1313", "dl_mbps": 8.718, "ul_mbps": 10.923, "latency_ms": 53.0, "n_tests": 194, "n_tiles": 7, "evidence_tier": "measured", "n_schools_3km": 0, "n_clinics_3km": 1, "p_connectivity": 0.96499102333931774, "p_population": 0.57719928186714542, "p_institutions": 0.63420107719928187, "p_equity": 0.61060329067641683, "dipi": 74.8, "rank": 5.0, "stakes_score": null, "gap_rank": null }, "geometry": { "type": "Point", "coordinates": [ 115.9475247, 5.0073294 ] } },
{ "type": "Feature", "properties": { "name": "Mandalom Baru", "place": "village", "pop_2km": 458, "seasonal_water_px": 75, "flood_prone": true, "rwi": 0.19225, "elevation_m": 188.0, "settlement_id": "S1314", "dl_mbps": 41.9745, "ul_mbps": 15.778, "latency_ms": 51.0, "n_tests": 205, "n_tiles": 17, "evidence_tier": "measured", "n_schools_3km": 0, "n_clinics_3km": 0, "p_connectivity": 0.55924596050269304, "p_population": 0.3258527827648115, "p_institutions": 0.2755834829443447, "p_equity": 0.30484460694698357, "dipi": 40.7, "rank": 870.0, "stakes_score": null, "gap_rank": null }, "geometry": { "type": "Point", "coordinates": [ 115.9695325, 5.0691297 ] } },
{ "type": "Feature", "properties": { "name": "Blok 5", "place": "village", "pop_2km": 672, "seasonal_water_px": 0, "flood_prone": false, "rwi": -0.080333333333333326, "elevation_m": 256.0, "settlement_id": "S1315", "dl_mbps": 9.823, "ul_mbps": 6.9905, "latency_ms": 51.0, "n_tests": 23, "n_tiles": 6, "evidence_tier": "measured", "n_schools_3km": 0, "n_clinics_3km": 0, "p_connectivity": 0.95780969479353684, "p_population": 0.39138240574506283, "p_institutions": 0.2755834829443447, "p_equity": 0.54661791590493602, "dipi": 63.2, "rank": 140.0, "stakes_score": null, "gap_rank": null }, "geometry": { "type": "Point", "coordinates": [ 116.0012316, 5.122124 ] } },
{ "type": "Feature", "properties": { "name": "Ingatan Baru", "place": "village", "pop_2km": 2902, "seasonal_water_px": 116, "flood_prone": true, "rwi": 0.1505, "elevation_m": 192.0, "settlement_id": "S1316", "dl_mbps": 33.885, "ul_mbps": 14.283, "latency_ms": 53.0, "n_tests": 241, "n_tiles": 13, "evidence_tier": "measured", "n_schools_3km": 0, "n_clinics_3km": 1, "p_connectivity": 0.66247755834829447, "p_population": 0.68312387791741469, "p_institutions": 0.63420107719928187, "p_equity": 0.34186471663619744, "dipi": 59.9, "rank": 237.0, "stakes_score": null, "gap_rank": null }, "geometry": { "type": "Point", "coordinates": [ 115.929199, 5.0042828 ] } },
{ "type": "Feature", "properties": { "name": "Sindungon", "place": "village", "pop_2km": 210, "seasonal_water_px": 0, "flood_prone": false, "rwi": -0.15, "elevation_m": 200.0, "settlement_id": "S1317", "dl_mbps": 6.1865, "ul_mbps": 3.237, "latency_ms": 76.5, "n_tests": 90, "n_tiles": 4, "evidence_tier": "measured", "n_schools_3km": 0, "n_clinics_3km": 0, "p_connectivity": 0.98204667863554762, "p_population": 0.18761220825852784, "p_institutions": 0.2755834829443447, "p_equity": 0.61197440585009144, "dipi": 60.3, "rank": 217.0, "stakes_score": null, "gap_rank": null }, "geometry": { "type": "Point", "coordinates": [ 115.9217612, 5.03185 ] } },
{ "type": "Feature", "properties": { "name": "Makakumpai", "place": "village", "pop_2km": 2196, "seasonal_water_px": 91, "flood_prone": true, "rwi": 0.149, "elevation_m": 182.0, "settlement_id": "S1318", "dl_mbps": 36.769, "ul_mbps": 8.299, "latency_ms": 50.0, "n_tests": 307, "n_tiles": 24, "evidence_tier": "measured", "n_schools_3km": 5, "n_clinics_3km": 2, "p_connectivity": 0.62926391382405744, "p_population": 0.64093357271095153, "p_institutions": 0.90035906642728902, "p_equity": 0.34323583180987205, "dipi": 61.6, "rank": 177.0, "stakes_score": null, "gap_rank": null }, "geometry": { "type": "Point", "coordinates": [ 115.966963, 5.117836 ] } },
{ "type": "Feature", "properties": { "name": "Kampung Cina", "place": "village", "pop_2km": 10315, "seasonal_water_px": 54, "flood_prone": true, "rwi": 0.67666666666666675, "elevation_m": 18.0, "settlement_id": "S1319", "dl_mbps": 101.86, "ul_mbps": 21.15, "latency_ms": 42.0, "n_tests": 2255, "n_tiles": 26, "evidence_tier": "measured", "n_schools_3km": 9, "n_clinics_3km": 4, "p_connectivity": 0.21274685816876121, "p_population": 0.8608617594254937, "p_institutions": 0.96903052064631956, "p_equity": 0.11380255941499086, "dipi": 46.8, "rank": 663.0, "stakes_score": null, "gap_rank": null }, "geometry": { "type": "Point", "coordinates": [ 115.7459965, 5.3475809 ] } },
{ "type": "Feature", "properties": { "name": "Kampung Muhibbah", "place": "village", "pop_2km": 3881, "seasonal_water_px": 8, "flood_prone": true, "rwi": 0.4955, "elevation_m": 12.0, "settlement_id": "S1320", "dl_mbps": 36.404, "ul_mbps": 7.308, "latency_ms": 45.0, "n_tests": 418, "n_tiles": 27, "evidence_tier": "measured", "n_schools_3km": 1, "n_clinics_3km": 0, "p_connectivity": 0.63195691202872528, "p_population": 0.7280071813285458, "p_institutions": 0.63420107719928187, "p_equity": 0.16819012797074953, "dipi": 56.4, "rank": 364.0, "stakes_score": null, "gap_rank": null }, "geometry": { "type": "Point", "coordinates": [ 115.7411739, 5.3861222 ] } },
{ "type": "Feature", "properties": { "name": "Bandar Embara Budi", "place": "town", "pop_2km": 1895, "seasonal_water_px": 0, "flood_prone": false, "rwi": -0.192, "elevation_m": 25.0, "settlement_id": "S1321", "dl_mbps": 46.623, "ul_mbps": 14.72, "latency_ms": 46.0, "n_tests": 81, "n_tiles": 8, "evidence_tier": "measured", "n_schools_3km": 0, "n_clinics_3km": 0, "p_connectivity": 0.49192100538599642, "p_population": 0.61579892280071813, "p_institutions": 0.2755834829443447, "p_equity": 0.65356489945155394, "dipi": 52.3, "rank": 492.0, "stakes_score": null, "gap_rank": null }, "geometry": { "type": "Point", "coordinates": [ 119.1443099, 5.1656349 ] } },
{ "type": "Feature", "properties": { "name": "Bandar Gemala Pura", "place": "town", "pop_2km": 2074, "seasonal_water_px": 0, "flood_prone": false, "rwi": -0.54133333333333333, "elevation_m": 28.0, "settlement_id": "S1323", "dl_mbps": 38.948, "ul_mbps": 6.2325, "latency_ms": 55.0, "n_tests": 8, "n_tiles": 3, "evidence_tier": "low_evidence", "n_schools_3km": 0, "n_clinics_3km": 0, "p_connectivity": 0.59964093357271098, "p_population": 0.62926391382405744, "p_institutions": 0.2755834829443447, "p_equity": 0.94789762340036565, "dipi": 62.8, "rank": 149.0, "stakes_score": null, "gap_rank": null }, "geometry": { "type": "Point", "coordinates": [ 119.214677, 5.2775082 ] } },
{ "type": "Feature", "properties": { "name": "Hamparan Badai", "place": "village", "pop_2km": 1646, "seasonal_water_px": 21, "flood_prone": true, "rwi": 0.28, "elevation_m": 47.0, "settlement_id": "S1324", "dl_mbps": 46.691, "ul_mbps": 30.523, "latency_ms": 53.0, "n_tests": 20, "n_tiles": 8, "evidence_tier": "measured", "n_schools_3km": 0, "n_clinics_3km": 0, "p_connectivity": 0.49102333931777381, "p_population": 0.59784560143626575, "p_institutions": 0.2755834829443447, "p_equity": 0.25685557586837293, "dipi": 43.9, "rank": 749.0, "stakes_score": null, "gap_rank": null }, "geometry": { "type": "Point", "coordinates": [ 119.2047753, 5.3663703 ] } },
{ "type": "Feature", "properties": { "name": "Felda Anjung Teduh", "place": "village", "pop_2km": 4069, "seasonal_water_px": 0, "flood_prone": false, "rwi": -0.09825, "elevation_m": 22.0, "settlement_id": "S1325", "dl_mbps": 39.0595, "ul_mbps": 6.389, "latency_ms": 57.5, "n_tests": 12, "n_tiles": 4, "evidence_tier": "low_evidence", "n_schools_3km": 0, "n_clinics_3km": 0, "p_connectivity": 0.59425493716337519, "p_population": 0.73518850987432671, "p_institutions": 0.2755834829443447, "p_equity": 0.56398537477148081, "dipi": 57.6, "rank": 323.0, "stakes_score": null, "gap_rank": null }, "geometry": { "type": "Point", "coordinates": [ 118.9142663, 5.0627134 ] } },
{ "type": "Feature", "properties": { "name": "Felda Gugusan Umas", "place": "village", "pop_2km": 12538, "seasonal_water_px": 0, "flood_prone": false, "rwi": 0.20875, "elevation_m": 30.0, "settlement_id": "S1326", "dl_mbps": 139.1355, "ul_mbps": 26.012, "latency_ms": 39.5, "n_tests": 443, "n_tiles": 12, "evidence_tier": "measured", "n_schools_3km": 2, "n_clinics_3km": 0, "p_connectivity": 0.13644524236983843, "p_population": 0.88509874326750448, "p_institutions": 0.75987432675044886, "p_equity": 0.2906764168190128, "dipi": 44.8, "rank": 719.0, "stakes_score": null, "gap_rank": null }, "geometry": { "type": "Point", "coordinates": [ 117.6581544, 4.4777903 ] } },
{ "type": "Feature", "properties": { "name": "Kampung Pasir Putih", "place": "village", "pop_2km": 31372, "seasonal_water_px": 81, "flood_prone": true, "rwi": 0.87833333333333341, "elevation_m": 9.0, "settlement_id": "S1327", "dl_mbps": 177.162, "ul_mbps": 30.567, "latency_ms": 43.0, "n_tests": 885, "n_tiles": 28, "evidence_tier": "measured", "n_schools_3km": 1, "n_clinics_3km": 0, "p_connectivity": 0.075403949730700179, "p_population": 0.97217235188509876, "p_institutions": 0.63420107719928187, "p_equity": 0.064899451553930523, "dipi": 38.1, "rank": 937.0, "stakes_score": null, "gap_rank": null }, "geometry": { "type": "Point", "coordinates": [ 117.8634798, 4.2962761 ] } },
{ "type": "Feature", "properties": { "name": "Kampung Kau Sing", "place": "hamlet", "pop_2km": 15138, "seasonal_water_px": 0, "flood_prone": false, "rwi": 0.57925, "elevation_m": 35.0, "settlement_id": "S1328", "dl_mbps": 165.374, "ul_mbps": 27.214, "latency_ms": 43.0, "n_tests": 512, "n_tiles": 31, "evidence_tier": "measured", "n_schools_3km": 3, "n_clinics_3km": 0, "p_connectivity": 0.09515260323159784, "p_population": 0.91202872531418311, "p_institutions": 0.82405745062836622, "p_equity": 0.14076782449725778, "dipi": 41.8, "rank": 826.0, "stakes_score": null, "gap_rank": null }, "geometry": { "type": "Point", "coordinates": [ 117.9691932, 4.2588628 ] } },
{ "type": "Feature", "properties": { "name": "Kampung Jaya Baru", "place": "village", "pop_2km": 25201, "seasonal_water_px": 110, "flood_prone": true, "rwi": 0.8215, "elevation_m": 13.0, "settlement_id": "S1329", "dl_mbps": 84.7535, "ul_mbps": 14.0645, "latency_ms": 51.0, "n_tests": 881, "n_tiles": 20, "evidence_tier": "measured", "n_schools_3km": 7, "n_clinics_3km": 5, "p_connectivity": 0.26974865350089766, "p_population": 0.95960502692998206, "p_institutions": 0.95825852782764809, "p_equity": 0.080438756855575874, "dipi": 50.8, "rank": 547.0, "stakes_score": null, "gap_rank": null }, "geometry": { "type": "Point", "coordinates": [ 118.2512359, 4.6806536 ] } },
{ "type": "Feature", "properties": { "name": "Kampung JKR Lama", "place": "village", "pop_2km": 28255, "seasonal_water_px": 189, "flood_prone": true, "rwi": 1.095, "elevation_m": 12.0, "settlement_id": "S1330", "dl_mbps": 85.451, "ul_mbps": 15.491, "latency_ms": 53.0, "n_tests": 879, "n_tiles": 19, "evidence_tier": "measured", "n_schools_3km": 8, "n_clinics_3km": 5, "p_connectivity": 0.26436265709156193, "p_population": 0.96768402154398558, "p_institutions": 0.96903052064631956, "p_equity": 0.019195612431444242, "dipi": 49.7, "rank": 571.0, "stakes_score": null, "gap_rank": null }, "geometry": { "type": "Point", "coordinates": [ 118.2489301, 4.6865665 ] } },
{ "type": "Feature", "properties": { "name": "Kampung Sungai Atas", "place": "village", "pop_2km": 17220, "seasonal_water_px": 1, "flood_prone": false, "rwi": 0.8215, "elevation_m": 18.0, "settlement_id": "S1331", "dl_mbps": 74.296, "ul_mbps": 11.803, "latency_ms": 51.0, "n_tests": 821, "n_tiles": 21, "evidence_tier": "measured", "n_schools_3km": 6, "n_clinics_3km": 5, "p_connectivity": 0.31867145421903054, "p_population": 0.92639138240574503, "p_institutions": 0.94793536804308798, "p_equity": 0.080438756855575874, "dipi": 51.7, "rank": 522.0, "stakes_score": null, "gap_rank": null }, "geometry": { "type": "Point", "coordinates": [ 118.251426, 4.669873 ] } },
{ "type": "Feature", "properties": { "name": "Kampung Sungai Langgas", "place": "village", "pop_2km": 16548, "seasonal_water_px": 0, "flood_prone": false, "rwi": 0.2785, "elevation_m": 30.0, "settlement_id": "S1332", "dl_mbps": 69.786, "ul_mbps": 11.803, "latency_ms": 51.0, "n_tests": 783, "n_tiles": 20, "evidence_tier": "measured", "n_schools_3km": 6, "n_clinics_3km": 5, "p_connectivity": 0.34021543985637342, "p_population": 0.92010771992818674, "p_institutions": 0.94793536804308798, "p_equity": 0.25776965265082269, "dipi": 56.0, "rank": 378.0, "stakes_score": null, "gap_rank": null }, "geometry": { "type": "Point", "coordinates": [ 118.2373642, 4.6657885 ] } },
{ "type": "Feature", "properties": { "name": "Kampung Telaga Tujuh", "place": "village", "pop_2km": 916, "seasonal_water_px": 12, "flood_prone": true, "rwi": -0.10966666666666665, "elevation_m": 23.0, "settlement_id": "S1333", "dl_mbps": 44.838, "ul_mbps": 5.7955, "latency_ms": 51.0, "n_tests": 57, "n_tiles": 8, "evidence_tier": "measured", "n_schools_3km": 3, "n_clinics_3km": 0, "p_connectivity": 0.52244165170556556, "p_population": 0.47755834829443444, "p_institutions": 0.82405745062836622, "p_equity": 0.57221206581352835, "dipi": 56.6, "rank": 357.0, "stakes_score": null, "gap_rank": null }, "geometry": { "type": "Point", "coordinates": [ 118.2607451, 4.6544051 ] } },
{ "type": "Feature", "properties": { "name": "Kampung Pangi Laut", "place": "village", "pop_2km": 2267, "seasonal_water_px": 106, "flood_prone": true, "rwi": -0.204, "elevation_m": 7.0, "settlement_id": "S1334", "dl_mbps": 37.904, "ul_mbps": 10.002, "latency_ms": 52.0, "n_tests": 26, "n_tiles": 6, "evidence_tier": "measured", "n_schools_3km": 2, "n_clinics_3km": 1, "p_connectivity": 0.60951526032315984, "p_population": 0.64452423698384198, "p_institutions": 0.82405745062836622, "p_equity": 0.66087751371115178, "dipi": 66.1, "rank": 76.0, "stakes_score": null, "gap_rank": null }, "geometry": { "type": "Point", "coordinates": [ 118.2888423, 4.6596024 ] } },
{ "type": "Feature", "properties": { "name": "Kampung Pangi Sungai Duyung", "place": "village", "pop_2km": 1929, "seasonal_water_px": 134, "flood_prone": true, "rwi": -0.204, "elevation_m": 17.0, "settlement_id": "S1335", "dl_mbps": 37.904, "ul_mbps": 10.002, "latency_ms": 52.0, "n_tests": 26, "n_tiles": 6, "evidence_tier": "measured", "n_schools_3km": 2, "n_clinics_3km": 1, "p_connectivity": 0.60951526032315984, "p_population": 0.61938958707360858, "p_institutions": 0.82405745062836622, "p_equity": 0.66087751371115178, "dipi": 65.4, "rank": 88.0, "stakes_score": null, "gap_rank": null }, "geometry": { "type": "Point", "coordinates": [ 118.2946921, 4.6530187 ] } },
{ "type": "Feature", "properties": { "name": "Kampung Pangi Hujung", "place": "village", "pop_2km": 1953, "seasonal_water_px": 116, "flood_prone": true, "rwi": -0.204, "elevation_m": 7.0, "settlement_id": "S1336", "dl_mbps": 37.904, "ul_mbps": 10.002, "latency_ms": 52.0, "n_tests": 26, "n_tiles": 6, "evidence_tier": "measured", "n_schools_3km": 2, "n_clinics_3km": 1, "p_connectivity": 0.60951526032315984, "p_population": 0.62118491921005381, "p_institutions": 0.82405745062836622, "p_equity": 0.66087751371115178, "dipi": 65.5, "rank": 86.0, "stakes_score": null, "gap_rank": null }, "geometry": { "type": "Point", "coordinates": [ 118.2945101, 4.6562419 ] } },
{ "type": "Feature", "properties": { "name": "Kampung Hampilan", "place": "village", "pop_2km": 2401, "seasonal_water_px": 59, "flood_prone": true, "rwi": -0.309, "elevation_m": 9.0, "settlement_id": "S1337", "dl_mbps": 59.825, "ul_mbps": 13.942, "latency_ms": 51.0, "n_tests": 28, "n_tiles": 7, "evidence_tier": "measured", "n_schools_3km": 2, "n_clinics_3km": 1, "p_connectivity": 0.38689407540394971, "p_population": 0.65350089766606823, "p_institutions": 0.82405745062836622, "p_equity": 0.75731261425959784, "dipi": 59.3, "rank": 264.0, "stakes_score": null, "gap_rank": null }, "geometry": { "type": "Point", "coordinates": [ 118.2787498, 4.6596061 ] } },
{ "type": "Feature", "properties": { "name": "Kampung Kasnuri", "place": "village", "pop_2km": 1903, "seasonal_water_px": 54, "flood_prone": true, "rwi": -0.414, "elevation_m": 11.0, "settlement_id": "S1338", "dl_mbps": 69.3555, "ul_mbps": 11.0815, "latency_ms": 50.5, "n_tests": 34, "n_tiles": 7, "evidence_tier": "measured", "n_schools_3km": 2, "n_clinics_3km": 1, "p_connectivity": 0.34470377019748655, "p_population": 0.61669658886894074, "p_institutions": 0.82405745062836622, "p_equity": 0.85877513711151732, "dipi": 58.7, "rank": 281.0, "stakes_score": null, "gap_rank": null }, "geometry": { "type": "Point", "coordinates": [ 118.2701645, 4.6567709 ] } },
{ "type": "Feature", "properties": { "name": "Kampung Kunak Jaya", "place": "village", "pop_2km": 29398, "seasonal_water_px": 40, "flood_prone": true, "rwi": 0.9085, "elevation_m": 20.0, "settlement_id": "S1339", "dl_mbps": 94.574, "ul_mbps": 22.347, "latency_ms": 54.0, "n_tests": 864, "n_tiles": 20, "evidence_tier": "measured", "n_schools_3km": 8, "n_clinics_3km": 5, "p_connectivity": 0.23339317773788151, "p_population": 0.97037701974865354, "p_institutions": 0.96903052064631956, "p_equity": 0.057586837294332727, "dipi": 49.3, "rank": 583.0, "stakes_score": null, "gap_rank": null }, "geometry": { "type": "Point", "coordinates": [ 118.2379935, 4.6907123 ] } },
{ "type": "Feature", "properties": { "name": "Kampung Buang Sayang", "place": "village", "pop_2km": 17758, "seasonal_water_px": 90, "flood_prone": true, "rwi": 0.8305, "elevation_m": 5.0, "settlement_id": "S1340", "dl_mbps": 85.451, "ul_mbps": 31.87, "latency_ms": 55.0, "n_tests": 703, "n_tiles": 11, "evidence_tier": "measured", "n_schools_3km": 8, "n_clinics_3km": 5, "p_connectivity": 0.26436265709156193, "p_population": 0.93177737881508083, "p_institutions": 0.96903052064631956, "p_equity": 0.074954296160877509, "dipi": 49.9, "rank": 564.0, "stakes_score": null, "gap_rank": null }, "geometry": { "type": "Point", "coordinates": [ 118.2416671, 4.7000384 ] } },
{ "type": "Feature", "properties": { "name": "Kampung Buang Sayang", "place": "village", "pop_2km": 14215, "seasonal_water_px": 90, "flood_prone": true, "rwi": 0.79433333333333334, "elevation_m": 14.0, "settlement_id": "S1341", "dl_mbps": 77.691, "ul_mbps": 31.509, "latency_ms": 55.0, "n_tests": 705, "n_tiles": 12, "evidence_tier": "measured", "n_schools_3km": 8, "n_clinics_3km": 5, "p_connectivity": 0.30520646319569122, "p_population": 0.9048473967684022, "p_institutions": 0.96903052064631956, "p_equity": 0.08455210237659963, "dipi": 51.1, "rank": 541.0, "stakes_score": null, "gap_rank": null }, "geometry": { "type": "Point", "coordinates": [ 118.2374481, 4.7017439 ] } },
{ "type": "Feature", "properties": { "name": "Kampung Cina", "place": "village", "pop_2km": 33464, "seasonal_water_px": 0, "flood_prone": false, "rwi": 0.60866666666666658, "elevation_m": 22.0, "settlement_id": "S1342", "dl_mbps": 84.7535, "ul_mbps": 21.5435, "latency_ms": 53.0, "n_tests": 994, "n_tiles": 27, "evidence_tier": "measured", "n_schools_3km": 8, "n_clinics_3km": 5, "p_connectivity": 0.26974865350089766, "p_population": 0.97396768402154399, "p_institutions": 0.96903052064631956, "p_equity": 0.13528336380255943, "dipi": 52.4, "rank": 486.0, "stakes_score": null, "gap_rank": null }, "geometry": { "type": "Point", "coordinates": [ 118.2327822, 4.6819223 ] } },
{ "type": "Feature", "properties": { "name": "Kampung Putra Jaya", "place": "village", "pop_2km": 9909, "seasonal_water_px": 37, "flood_prone": true, "rwi": 0.644, "elevation_m": 11.0, "settlement_id": "S1343", "dl_mbps": 63.3955, "ul_mbps": 14.366, "latency_ms": 58.0, "n_tests": 189, "n_tiles": 16, "evidence_tier": "measured", "n_schools_3km": 4, "n_clinics_3km": 1, "p_connectivity": 0.37163375224416517, "p_population": 0.85547576301615802, "p_institutions": 0.87477558348294437, "p_equity": 0.12157221206581353, "dipi": 51.8, "rank": 521.0, "stakes_score": null, "gap_rank": null }, "geometry": { "type": "Point", "coordinates": [ 118.2264649, 4.7015676 ] } },
{ "type": "Feature", "properties": { "name": "Kampung Kabog", "place": "village", "pop_2km": 7168, "seasonal_water_px": 0, "flood_prone": false, "rwi": 0.457, "elevation_m": 28.0, "settlement_id": "S1344", "dl_mbps": 50.9075, "ul_mbps": 16.1815, "latency_ms": 54.0, "n_tests": 169, "n_tiles": 17, "evidence_tier": "measured", "n_schools_3km": 3, "n_clinics_3km": 1, "p_connectivity": 0.44165170556552963, "p_population": 0.81328545780969475, "p_institutions": 0.85592459605026927, "p_equity": 0.18738574040219377, "dipi": 54.6, "rank": 423.0, "stakes_score": null, "gap_rank": null }, "geometry": { "type": "Point", "coordinates": [ 118.2202747, 4.6987884 ] } },
{ "type": "Feature", "properties": { "name": "Kampung Madai", "place": "village", "pop_2km": 1768, "seasonal_water_px": 28, "flood_prone": true, "rwi": -0.21625, "elevation_m": 8.0, "settlement_id": "S1345", "dl_mbps": 27.367, "ul_mbps": 4.682, "latency_ms": 54.0, "n_tests": 96, "n_tiles": 17, "evidence_tier": "measured", "n_schools_3km": 3, "n_clinics_3km": 0, "p_connectivity": 0.75493716337522443, "p_population": 0.60592459605026927, "p_institutions": 0.82405745062836622, "p_equity": 0.67001828153564902, "dipi": 71.1, "rank": 28.0, "stakes_score": null, "gap_rank": null }, "geometry": { "type": "Point", "coordinates": [ 118.1892659, 4.7240551 ] } },
{ "type": "Feature", "properties": { "name": "Kampung Dasar", "place": "village", "pop_2km": 1227, "seasonal_water_px": 0, "flood_prone": false, "rwi": 0.3245, "elevation_m": 19.0, "settlement_id": "S1346", "dl_mbps": 27.085, "ul_mbps": 9.069, "latency_ms": 57.0, "n_tests": 72, "n_tiles": 13, "evidence_tier": "measured", "n_schools_3km": 2, "n_clinics_3km": 0, "p_connectivity": 0.76032315978456011, "p_population": 0.55161579892280077, "p_institutions": 0.75987432675044886, "p_equity": 0.23308957952468007, "dipi": 60.3, "rank": 217.0, "stakes_score": null, "gap_rank": null }, "geometry": { "type": "Point", "coordinates": [ 118.2130149, 4.7108573 ] } },
{ "type": "Feature", "properties": { "name": "KAMPUNG LORMALONG", "place": "village", "pop_2km": 1179, "seasonal_water_px": 0, "flood_prone": false, "rwi": 0.033666666666666636, "elevation_m": 26.0, "settlement_id": "S1347", "dl_mbps": 27.226, "ul_mbps": 5.39, "latency_ms": 52.0, "n_tests": 66, "n_tiles": 13, "evidence_tier": "measured", "n_schools_3km": 3, "n_clinics_3km": 0, "p_connectivity": 0.75763016157989227, "p_population": 0.5377019748653501, "p_institutions": 0.82405745062836622, "p_equity": 0.43784277879341865, "dipi": 64.9, "rank": 100.0, "stakes_score": null, "gap_rank": null }, "geometry": { "type": "Point", "coordinates": [ 118.2035741, 4.7042168 ] } },
{ "type": "Feature", "properties": { "name": "Taman Sri Idaman Kunak", "place": "village", "pop_2km": 16801, "seasonal_water_px": 0, "flood_prone": false, "rwi": 0.19925, "elevation_m": 61.0, "settlement_id": "S1348", "dl_mbps": 169.658, "ul_mbps": 23.767, "latency_ms": 48.0, "n_tests": 330, "n_tiles": 19, "evidence_tier": "measured", "n_schools_3km": 1, "n_clinics_3km": 1, "p_connectivity": 0.084380610412926396, "p_population": 0.92100538599640935, "p_institutions": 0.75987432675044886, "p_equity": 0.29478976234003657, "dipi": 43.7, "rank": 760.0, "stakes_score": null, "gap_rank": null }, "geometry": { "type": "Point", "coordinates": [ 118.2142042, 4.6737847 ] } },
{ "type": "Feature", "properties": { "name": "Kampung Sri Bahagia", "place": "village", "pop_2km": 9228, "seasonal_water_px": 11, "flood_prone": true, "rwi": -0.11066666666666669, "elevation_m": 141.0, "settlement_id": "S1349", "dl_mbps": 291.62, "ul_mbps": 33.843, "latency_ms": 45.0, "n_tests": 319, "n_tiles": 18, "evidence_tier": "measured", "n_schools_3km": 1, "n_clinics_3km": 0, "p_connectivity": 0.0062836624775583485, "p_population": 0.84560143626570916, "p_institutions": 0.63420107719928187, "p_equity": 0.57312614259597805, "dipi": 42.4, "rank": 803.0, "stakes_score": null, "gap_rank": null }, "geometry": { "type": "Point", "coordinates": [ 118.1992386, 4.6666644 ] } },
{ "type": "Feature", "properties": { "name": "Kampung Simpang Empat", "place": "village", "pop_2km": 16930, "seasonal_water_px": 0, "flood_prone": false, "rwi": 0.19925, "elevation_m": 44.0, "settlement_id": "S1350", "dl_mbps": 153.621, "ul_mbps": 23.6725, "latency_ms": 48.5, "n_tests": 314, "n_tiles": 19, "evidence_tier": "measured", "n_schools_3km": 2, "n_clinics_3km": 1, "p_connectivity": 0.11759425493716337, "p_population": 0.92280071813285458, "p_institutions": 0.82405745062836622, "p_equity": 0.29478976234003657, "dipi": 46.0, "rank": 686.0, "stakes_score": null, "gap_rank": null }, "geometry": { "type": "Point", "coordinates": [ 118.2152212, 4.6796406 ] } },
{ "type": "Feature", "properties": { "name": "Kampung Kadazan", "place": "village", "pop_2km": 14712, "seasonal_water_px": 11, "flood_prone": true, "rwi": 0.025, "elevation_m": 120.0, "settlement_id": "S1351", "dl_mbps": 238.599, "ul_mbps": 27.478, "latency_ms": 46.5, "n_tests": 328, "n_tiles": 19, "evidence_tier": "measured", "n_schools_3km": 1, "n_clinics_3km": 1, "p_connectivity": 0.012567324955116697, "p_population": 0.91023339317773788, "p_institutions": 0.75987432675044886, "p_equity": 0.44515539305301643, "dipi": 43.6, "rank": 763.0, "stakes_score": null, "gap_rank": null }, "geometry": { "type": "Point", "coordinates": [ 118.2086639, 4.6682041 ] } },
{ "type": "Feature", "properties": { "name": "Kampung Wawasan", "place": "village", "pop_2km": 13885, "seasonal_water_px": 0, "flood_prone": false, "rwi": 0.061, "elevation_m": 46.0, "settlement_id": "S1352", "dl_mbps": 112.5915, "ul_mbps": 23.6725, "latency_ms": 50.0, "n_tests": 304, "n_tiles": 17, "evidence_tier": "measured", "n_schools_3km": 2, "n_clinics_3km": 1, "p_connectivity": 0.18491921005385997, "p_population": 0.89946140035906641, "p_institutions": 0.82405745062836622, "p_equity": 0.40585009140767825, "dipi": 50.4, "rank": 554.0, "stakes_score": null, "gap_rank": null }, "geometry": { "type": "Point", "coordinates": [ 118.2143669, 4.6832651 ] } },
{ "type": "Feature", "properties": { "name": "PPR Sri Pangkalan", "place": "village", "pop_2km": 15282, "seasonal_water_px": 0, "flood_prone": false, "rwi": 0.3115, "elevation_m": 95.0, "settlement_id": "S1353", "dl_mbps": 221.679, "ul_mbps": 23.767, "latency_ms": 47.0, "n_tests": 351, "n_tiles": 20, "evidence_tier": "measured", "n_schools_3km": 1, "n_clinics_3km": 1, "p_connectivity": 0.025134649910233394, "p_population": 0.91292639138240572, "p_institutions": 0.75987432675044886, "p_equity": 0.23948811700182815, "dipi": 40.0, "rank": 890.0, "stakes_score": null, "gap_rank": null }, "geometry": { "type": "Point", "coordinates": [ 118.2135657, 4.6656399 ] } },
{ "type": "Feature", "properties": { "name": "Kampung Mostyn Lama", "place": "village", "pop_2km": 7453, "seasonal_water_px": 10, "flood_prone": true, "rwi": 0.108, "elevation_m": 152.0, "settlement_id": "S1354", "dl_mbps": 312.688, "ul_mbps": 39.392, "latency_ms": 45.0, "n_tests": 262, "n_tiles": 16, "evidence_tier": "measured", "n_schools_3km": 1, "n_clinics_3km": 0, "p_connectivity": 0.0026929982046678637, "p_population": 0.81687612208258531, "p_institutions": 0.63420107719928187, "p_equity": 0.37294332723948814, "dipi": 37.5, "rank": 954.0, "stakes_score": null, "gap_rank": null }, "geometry": { "type": "Point", "coordinates": [ 118.1979179, 4.6644704 ] } },
{ "type": "Feature", "properties": { "name": "Kampung Cenderawasih Kunak", "place": "village", "pop_2km": 6578, "seasonal_water_px": 4, "flood_prone": false, "rwi": 0.141, "elevation_m": 156.0, "settlement_id": "S1355", "dl_mbps": 229.446, "ul_mbps": 24.163, "latency_ms": 47.0, "n_tests": 176, "n_tiles": 15, "evidence_tier": "measured", "n_schools_3km": 1, "n_clinics_3km": 0, "p_connectivity": 0.018850987432675045, "p_population": 0.80161579892280077, "p_institutions": 0.63420107719928187, "p_equity": 0.35283363802559414, "dipi": 37.4, "rank": 958.0, "stakes_score": null, "gap_rank": null }, "geometry": { "type": "Point", "coordinates": [ 118.2055371, 4.6503874 ] } },
{ "type": "Feature", "properties": { "name": "Kg. Kotog Ulu Sugut", "place": "village", "pop_2km": 407, "seasonal_water_px": 59, "flood_prone": true, "rwi": -0.4585, "elevation_m": 85.0, "settlement_id": "S1356", "dl_mbps": 88.437, "ul_mbps": 19.115, "latency_ms": 69.0, "n_tests": 77, "n_tiles": 4, "evidence_tier": "measured", "n_schools_3km": 1, "n_clinics_3km": 0, "p_connectivity": 0.25897666068222619, "p_population": 0.29353680430879714, "p_institutions": 0.63420107719928187, "p_equity": 0.88665447897623395, "dipi": 44.9, "rank": 713.0, "stakes_score": null, "gap_rank": null }, "geometry": { "type": "Point", "coordinates": [ 116.9724739, 6.085687 ] } },
{ "type": "Feature", "properties": { "name": "Kampung Nusa-Nusa", "place": "hamlet", "pop_2km": 86, "seasonal_water_px": 125, "flood_prone": true, "rwi": 0.0045, "elevation_m": 11.0, "settlement_id": "S1357", "dl_mbps": 164.7355, "ul_mbps": 40.0475, "latency_ms": 72.0, "n_tests": 8, "n_tiles": 1, "evidence_tier": "low_evidence", "n_schools_3km": 0, "n_clinics_3km": 0, "p_connectivity": 0.096050269299820468, "p_population": 0.12028725314183124, "p_institutions": 0.2755834829443447, "p_equity": 0.46160877513711152, "dipi": 20.2, "rank": 1114.0, "stakes_score": null, "gap_rank": null }, "geometry": { "type": "Point", "coordinates": [ 117.1329206, 7.3278736 ] } },
{ "type": "Feature", "properties": { "name": "Kampung Cenderamata", "place": "hamlet", "pop_2km": 26583, "seasonal_water_px": 69, "flood_prone": true, "rwi": 1.0276666666666667, "elevation_m": 1.0, "settlement_id": "S1359", "dl_mbps": 196.0515, "ul_mbps": 37.8735, "latency_ms": 45.0, "n_tests": 1097, "n_tiles": 15, "evidence_tier": "measured", "n_schools_3km": 5, "n_clinics_3km": 0, "p_connectivity": 0.05385996409335727, "p_population": 0.96499102333931774, "p_institutions": 0.87477558348294437, "p_equity": 0.030164533820840951, "dipi": 40.0, "rank": 890.0, "stakes_score": null, "gap_rank": null }, "geometry": { "type": "Point", "coordinates": [ 118.0600098, 5.8076773 ] } },
{ "type": "Feature", "properties": { "name": "Kampung Ulu Memanjang", "place": "hamlet", "pop_2km": 4605, "seasonal_water_px": 19, "flood_prone": true, "rwi": 0.12333333333333334, "elevation_m": 41.0, "settlement_id": "S1361", "dl_mbps": 32.8465, "ul_mbps": 3.0975, "latency_ms": 53.5, "n_tests": 46, "n_tiles": 3, "evidence_tier": "measured", "n_schools_3km": 0, "n_clinics_3km": 0, "p_connectivity": 0.67773788150807901, "p_population": 0.75224416517055659, "p_institutions": 0.2755834829443447, "p_equity": 0.36014625228519198, "dipi": 57.3, "rank": 332.0, "stakes_score": null, "gap_rank": null }, "geometry": { "type": "Point", "coordinates": [ 117.5756268, 5.7182772 ] } },
{ "type": "Feature", "properties": { "name": "Ladang Chu Lip Keong", "place": "village", "pop_2km": 118, "seasonal_water_px": 0, "flood_prone": false, "rwi": -0.128, "elevation_m": 16.0, "settlement_id": "S1364", "dl_mbps": 27.844, "ul_mbps": 4.447, "latency_ms": 62.0, "n_tests": 16, "n_tiles": 5, "evidence_tier": "low_evidence", "n_schools_3km": 0, "n_clinics_3km": 0, "p_connectivity": 0.74865350089766602, "p_population": 0.13509874326750448, "p_institutions": 0.2755834829443447, "p_equity": 0.59597806215722116, "dipi": 49.4, "rank": 577.0, "stakes_score": null, "gap_rank": null }, "geometry": { "type": "Point", "coordinates": [ 117.9461519, 5.9950993 ] } },
{ "type": "Feature", "properties": { "name": "Kampung Sentosa", "place": "hamlet", "pop_2km": 888, "seasonal_water_px": 0, "flood_prone": false, "rwi": 0.2285, "elevation_m": 10.0, "settlement_id": "S1365", "dl_mbps": 91.54, "ul_mbps": 12.127, "latency_ms": 44.5, "n_tests": 108, "n_tiles": 14, "evidence_tier": "measured", "n_schools_3km": 0, "n_clinics_3km": 0, "p_connectivity": 0.24685816876122083, "p_population": 0.46409335727109513, "p_institutions": 0.2755834829443447, "p_equity": 0.28382084095063986, "dipi": 31.3, "rank": 1057.0, "stakes_score": null, "gap_rank": null }, "geometry": { "type": "Point", "coordinates": [ 118.0140645, 5.9484425 ] } },
{ "type": "Feature", "properties": { "name": "Kampung Dandulit", "place": "hamlet", "pop_2km": 657, "seasonal_water_px": 60, "flood_prone": true, "rwi": 0.039, "elevation_m": 18.0, "settlement_id": "S1366", "dl_mbps": 112.59, "ul_mbps": 33.1, "latency_ms": 44.0, "n_tests": 30, "n_tiles": 5, "evidence_tier": "measured", "n_schools_3km": 0, "n_clinics_3km": 0, "p_connectivity": 0.18581687612208259, "p_population": 0.38734290843806102, "p_institutions": 0.2755834829443447, "p_equity": 0.43372943327239488, "dipi": 29.9, "rank": 1076.0, "stakes_score": null, "gap_rank": null }, "geometry": { "type": "Point", "coordinates": [ 117.9113975, 5.9945988 ] } },
{ "type": "Feature", "properties": { "name": "Kampung Banting", "place": "hamlet", "pop_2km": 58, "seasonal_water_px": 58, "flood_prone": true, "rwi": 0.042, "elevation_m": 14.0, "settlement_id": "S1367", "dl_mbps": 47.7895, "ul_mbps": 5.625, "latency_ms": 54.5, "n_tests": 21, "n_tiles": 6, "evidence_tier": "measured", "n_schools_3km": 0, "n_clinics_3km": 0, "p_connectivity": 0.47217235188509876, "p_population": 0.10233393177737882, "p_institutions": 0.2755834829443447, "p_equity": 0.42687385740402195, "dipi": 34.1, "rank": 1017.0, "stakes_score": null, "gap_rank": null }, "geometry": { "type": "Point", "coordinates": [ 117.9376049, 6.002548 ] } },
{ "type": "Feature", "properties": { "name": "Kampung Gua Madai", "place": "hamlet", "pop_2km": 138, "seasonal_water_px": 0, "flood_prone": false, "rwi": -0.3065, "elevation_m": 52.0, "settlement_id": "S1370", "dl_mbps": 93.835, "ul_mbps": 10.281, "latency_ms": 86.5, "n_tests": 12, "n_tiles": 1, "evidence_tier": "low_evidence", "n_schools_3km": 0, "n_clinics_3km": 0, "p_connectivity": 0.23518850987432674, "p_population": 0.14452423698384201, "p_institutions": 0.2755834829443447, "p_equity": 0.75502742230347353, "dipi": 32.3, "rank": 1040.0, "stakes_score": null, "gap_rank": null }, "geometry": { "type": "Point", "coordinates": [ 118.1537403, 4.7189589 ] } },
{ "type": "Feature", "properties": { "name": "Kampung Kabog Baru", "place": "village", "pop_2km": 15350, "seasonal_water_px": 19, "flood_prone": true, "rwi": 0.79433333333333334, "elevation_m": 23.0, "settlement_id": "S1372", "dl_mbps": 69.656, "ul_mbps": 22.075, "latency_ms": 56.5, "n_tests": 262, "n_tiles": 19, "evidence_tier": "measured", "n_schools_3km": 7, "n_clinics_3km": 5, "p_connectivity": 0.34111310592459604, "p_population": 0.91472172351885095, "p_institutions": 0.95825852782764809, "p_equity": 0.08455210237659963, "dipi": 52.6, "rank": 480.0, "stakes_score": null, "gap_rank": null }, "geometry": { "type": "Point", "coordinates": [ 118.2283772, 4.6964535 ] } },
{ "type": "Feature", "properties": { "name": "Kampung Bayangan", "place": "hamlet", "pop_2km": 14068, "seasonal_water_px": 1, "flood_prone": false, "rwi": 0.34466666666666668, "elevation_m": 313.0, "settlement_id": "S1373", "dl_mbps": 79.3505, "ul_mbps": 16.5535, "latency_ms": 42.0, "n_tests": 1005, "n_tiles": 37, "evidence_tier": "measured", "n_schools_3km": 2, "n_clinics_3km": 1, "p_connectivity": 0.29712746858168759, "p_population": 0.90125673249551164, "p_institutions": 0.82405745062836622, "p_equity": 0.22577696526508226, "dipi": 51.3, "rank": 536.0, "stakes_score": null, "gap_rank": null }, "geometry": { "type": "Point", "coordinates": [ 116.1943262, 5.3812208 ] } },
{ "type": "Feature", "properties": { "name": "Pekan Lama Kota Marudu", "place": "village", "pop_2km": 873, "seasonal_water_px": 5, "flood_prone": true, "rwi": 0.30833333333333335, "elevation_m": 8.0, "settlement_id": "S1374", "dl_mbps": 32.251, "ul_mbps": 5.5945, "latency_ms": 45.0, "n_tests": 357, "n_tiles": 24, "evidence_tier": "measured", "n_schools_3km": 3, "n_clinics_3km": 0, "p_connectivity": 0.68671454219030525, "p_population": 0.46140035906642729, "p_institutions": 0.82405745062836622, "p_equity": 0.24360146252285192, "dipi": 56.2, "rank": 371.0, "stakes_score": null, "gap_rank": null }, "geometry": { "type": "Point", "coordinates": [ 116.7520247, 6.5225146 ] } },
{ "type": "Feature", "properties": { "name": "Kampung Kokol", "place": "hamlet", "pop_2km": 1863, "seasonal_water_px": 0, "flood_prone": false, "rwi": 0.05566666666666667, "elevation_m": 477.0, "settlement_id": "S1375", "dl_mbps": 22.113, "ul_mbps": 10.113, "latency_ms": 32.0, "n_tests": 77, "n_tiles": 13, "evidence_tier": "measured", "n_schools_3km": 0, "n_clinics_3km": 0, "p_connectivity": 0.8357271095152603, "p_population": 0.61490125673249552, "p_institutions": 0.2755834829443447, "p_equity": 0.41133455210237663, "dipi": 61.2, "rank": 186.0, "stakes_score": null, "gap_rank": null }, "geometry": { "type": "Point", "coordinates": [ 116.1981364, 6.0192661 ] } },
{ "type": "Feature", "properties": { "name": "Pagalungan", "place": "town", "pop_2km": 0, "seasonal_water_px": 93, "flood_prone": true, "rwi": -0.044, "elevation_m": 154.0, "settlement_id": "S1376", "dl_mbps": 7.898, "ul_mbps": 2.481, "latency_ms": 578.0, "n_tests": 15, "n_tiles": 2, "evidence_tier": "low_evidence", "n_schools_3km": 1, "n_clinics_3km": 1, "p_connectivity": 0.97307001795332138, "p_population": 0.043536804308797125, "p_institutions": 0.75987432675044886, "p_equity": 0.51462522851919557, "dipi": 61.7, "rank": 170.0, "stakes_score": null, "gap_rank": null }, "geometry": { "type": "Point", "coordinates": [ 116.4218735, 4.4994724 ] } },
{ "type": "Feature", "properties": { "name": "Tungku", "place": "town", "pop_2km": 3334, "seasonal_water_px": 50, "flood_prone": true, "rwi": -0.112, "elevation_m": 8.0, "settlement_id": "S1377", "dl_mbps": 26.282, "ul_mbps": 16.658, "latency_ms": 60.0, "n_tests": 47, "n_tiles": 6, "evidence_tier": "measured", "n_schools_3km": 0, "n_clinics_3km": 0, "p_connectivity": 0.76660682226211851, "p_population": 0.70197486535008979, "p_institutions": 0.2755834829443447, "p_equity": 0.57495429616087756, "dipi": 63.8, "rank": 120.0, "stakes_score": null, "gap_rank": null }, "geometry": { "type": "Point", "coordinates": [ 118.8891255, 5.0205336 ] } },
{ "type": "Feature", "properties": { "name": "Tandek", "place": "town", "pop_2km": 2193, "seasonal_water_px": 0, "flood_prone": false, "rwi": -0.172, "elevation_m": 11.0, "settlement_id": "S1378", "dl_mbps": 37.812, "ul_mbps": 12.352, "latency_ms": 49.0, "n_tests": 120, "n_tiles": 16, "evidence_tier": "measured", "n_schools_3km": 0, "n_clinics_3km": 0, "p_connectivity": 0.61310592459605029, "p_population": 0.64003590664272891, "p_institutions": 0.2755834829443447, "p_equity": 0.63254113345521024, "dipi": 57.3, "rank": 332.0, "stakes_score": null, "gap_rank": null }, "geometry": { "type": "Point", "coordinates": [ 116.8482926, 6.5309639 ] } },
{ "type": "Feature", "properties": { "name": "KAMPUNG SINASAK BATU PITAS, 89100, KOTA MARUDU, SABAH.", "place": "village", "pop_2km": 4999, "seasonal_water_px": 90, "flood_prone": true, "rwi": 0.0605, "elevation_m": 6.0, "settlement_id": "S1379", "dl_mbps": 33.325, "ul_mbps": 8.9805, "latency_ms": 50.0, "n_tests": 163, "n_tiles": 22, "evidence_tier": "measured", "n_schools_3km": 0, "n_clinics_3km": 0, "p_connectivity": 0.67235188509874322, "p_population": 0.76211849192100534, "p_institutions": 0.2755834829443447, "p_equity": 0.40767824497257771, "dipi": 58.2, "rank": 296.0, "stakes_score": null, "gap_rank": null }, "geometry": { "type": "Point", "coordinates": [ 117.0707405, 6.71689 ] } },
{ "type": "Feature", "properties": { "name": "Taun Gusi", "place": "village", "pop_2km": 10336, "seasonal_water_px": 3, "flood_prone": false, "rwi": 0.65125, "elevation_m": 12.0, "settlement_id": "S1380", "dl_mbps": 79.966, "ul_mbps": 15.773, "latency_ms": 41.0, "n_tests": 505, "n_tiles": 29, "evidence_tier": "measured", "n_schools_3km": 4, "n_clinics_3km": 4, "p_connectivity": 0.29263913824057453, "p_population": 0.86175942549371631, "p_institutions": 0.91382405745062834, "p_equity": 0.1206581352833638, "dipi": 49.4, "rank": 577.0, "stakes_score": null, "gap_rank": null }, "geometry": { "type": "Point", "coordinates": [ 116.4357307, 6.3789754 ] } },
{ "type": "Feature", "properties": { "name": "Kampung Panandawan", "place": "hamlet", "pop_2km": 3489, "seasonal_water_px": 14, "flood_prone": true, "rwi": 0.1785, "elevation_m": 6.0, "settlement_id": "S1381", "dl_mbps": 78.444, "ul_mbps": 21.785, "latency_ms": 39.0, "n_tests": 110, "n_tiles": 13, "evidence_tier": "measured", "n_schools_3km": 0, "n_clinics_3km": 0, "p_connectivity": 0.29892280071813288, "p_population": 0.71095152603231593, "p_institutions": 0.2755834829443447, "p_equity": 0.31581352833638027, "dipi": 40.2, "rank": 887.0, "stakes_score": null, "gap_rank": null }, "geometry": { "type": "Point", "coordinates": [ 116.2370789, 6.2377035 ] } },
{ "type": "Feature", "properties": { "name": "Tamonong", "place": "hamlet", "pop_2km": 2834, "seasonal_water_px": 20, "flood_prone": true, "rwi": 0.36366666666666664, "elevation_m": 7.0, "settlement_id": "S1382", "dl_mbps": 168.5525, "ul_mbps": 18.4995, "latency_ms": 42.0, "n_tests": 319, "n_tiles": 22, "evidence_tier": "measured", "n_schools_3km": 0, "n_clinics_3km": 0, "p_connectivity": 0.088868940754039491, "p_population": 0.6768402154398564, "p_institutions": 0.2755834829443447, "p_equity": 0.21617915904936014, "dipi": 28.9, "rank": 1087.0, "stakes_score": null, "gap_rank": null }, "geometry": { "type": "Point", "coordinates": [ 116.2167048, 6.2253902 ] } },
{ "type": "Feature", "properties": { "name": "Kampung Labuaya", "place": "hamlet", "pop_2km": 8584, "seasonal_water_px": 124, "flood_prone": true, "rwi": 0.686, "elevation_m": 14.0, "settlement_id": "S1383", "dl_mbps": 165.689, "ul_mbps": 25.96, "latency_ms": 39.0, "n_tests": 2417, "n_tiles": 41, "evidence_tier": "measured", "n_schools_3km": 9, "n_clinics_3km": 1, "p_connectivity": 0.091561938958707359, "p_population": 0.83707360861759428, "p_institutions": 0.93716337522441651, "p_equity": 0.10877513711151737, "dipi": 40.8, "rank": 867.0, "stakes_score": null, "gap_rank": null }, "geometry": { "type": "Point", "coordinates": [ 116.2285802, 6.1930248 ] } },
{ "type": "Feature", "properties": { "name": "Kampung Pukak", "place": "hamlet", "pop_2km": 6576, "seasonal_water_px": 65, "flood_prone": true, "rwi": 0.548, "elevation_m": 5.0, "settlement_id": "S1384", "dl_mbps": 151.9705, "ul_mbps": 21.3275, "latency_ms": 40.0, "n_tests": 1357, "n_tiles": 38, "evidence_tier": "measured", "n_schools_3km": 5, "n_clinics_3km": 0, "p_connectivity": 0.12028725314183124, "p_population": 0.80071813285457805, "p_institutions": 0.87477558348294437, "p_equity": 0.15082266910420475, "dipi": 41.0, "rank": 861.0, "stakes_score": null, "gap_rank": null }, "geometry": { "type": "Point", "coordinates": [ 116.2262805, 6.2022815 ] } },
{ "type": "Feature", "properties": { "name": "Kampung Raun", "place": "hamlet", "pop_2km": 7132, "seasonal_water_px": 64, "flood_prone": true, "rwi": 0.44733333333333336, "elevation_m": 8.0, "settlement_id": "S1385", "dl_mbps": 174.6795, "ul_mbps": 26.738, "latency_ms": 38.0, "n_tests": 2110, "n_tiles": 38, "evidence_tier": "measured", "n_schools_3km": 9, "n_clinics_3km": 1, "p_connectivity": 0.078096947935368047, "p_population": 0.81238779174147213, "p_institutions": 0.93716337522441651, "p_equity": 0.18967093235831811, "dipi": 41.3, "rank": 850.0, "stakes_score": null, "gap_rank": null }, "geometry": { "type": "Point", "coordinates": [ 116.2392354, 6.1935899 ] } },
{ "type": "Feature", "properties": { "name": "Pekan Kiulu", "place": "town", "pop_2km": 1220, "seasonal_water_px": 60, "flood_prone": true, "rwi": 0.03075, "elevation_m": 60.0, "settlement_id": "S1386", "dl_mbps": 25.944, "ul_mbps": 3.567, "latency_ms": 45.0, "n_tests": 117, "n_tiles": 14, "evidence_tier": "measured", "n_schools_3km": 0, "n_clinics_3km": 0, "p_connectivity": 0.77782764811490124, "p_population": 0.54892280071813282, "p_institutions": 0.2755834829443447, "p_equity": 0.44012797074954296, "dipi": 57.8, "rank": 312.0, "stakes_score": null, "gap_rank": null }, "geometry": { "type": "Point", "coordinates": [ 116.282368, 6.0582824 ] } },
{ "type": "Feature", "properties": { "name": "Kampung Simpangan", "place": "village", "pop_2km": 5383, "seasonal_water_px": 81, "flood_prone": true, "rwi": 0.66166666666666663, "elevation_m": 9.0, "settlement_id": "S1387", "dl_mbps": 108.3525, "ul_mbps": 15.3985, "latency_ms": 43.5, "n_tests": 524, "n_tiles": 32, "evidence_tier": "measured", "n_schools_3km": 0, "n_clinics_3km": 0, "p_connectivity": 0.19748653500897667, "p_population": 0.77289048473967681, "p_institutions": 0.2755834829443447, "p_equity": 0.11791590493601463, "dipi": 33.7, "rank": 1023.0, "stakes_score": null, "gap_rank": null }, "geometry": { "type": "Point", "coordinates": [ 116.2054181, 6.2116368 ] } },
{ "type": "Feature", "properties": { "name": "Kampung Sudot Simpangan", "place": "hamlet", "pop_2km": 3847, "seasonal_water_px": 1, "flood_prone": false, "rwi": 0.449, "elevation_m": 8.0, "settlement_id": "S1388", "dl_mbps": 123.9305, "ul_mbps": 15.3695, "latency_ms": 44.5, "n_tests": 440, "n_tiles": 26, "evidence_tier": "measured", "n_schools_3km": 0, "n_clinics_3km": 0, "p_connectivity": 0.16606822262118492, "p_population": 0.72621184919210058, "p_institutions": 0.2755834829443447, "p_equity": 0.1882998171846435, "dipi": 32.7, "rank": 1037.0, "stakes_score": null, "gap_rank": null }, "geometry": { "type": "Point", "coordinates": [ 116.2079286, 6.2185695 ] } },
{ "type": "Feature", "properties": { "name": "Kampung Simpangan Kuala", "place": "hamlet", "pop_2km": 4411, "seasonal_water_px": 2, "flood_prone": false, "rwi": 0.54666666666666675, "elevation_m": 10.0, "settlement_id": "S1389", "dl_mbps": 143.1025, "ul_mbps": 17.145, "latency_ms": 42.0, "n_tests": 728, "n_tiles": 36, "evidence_tier": "measured", "n_schools_3km": 0, "n_clinics_3km": 0, "p_connectivity": 0.13375224416517056, "p_population": 0.7468581687612208, "p_institutions": 0.2755834829443447, "p_equity": 0.15265082266910421, "dipi": 31.2, "rank": 1062.0, "stakes_score": null, "gap_rank": null }, "geometry": { "type": "Point", "coordinates": [ 116.2203741, 6.2122767 ] } },
{ "type": "Feature", "properties": { "name": "Kampung Trang Belud", "place": "hamlet", "pop_2km": 2894, "seasonal_water_px": 20, "flood_prone": true, "rwi": 0.36366666666666664, "elevation_m": 6.0, "settlement_id": "S1390", "dl_mbps": 149.879, "ul_mbps": 14.422, "latency_ms": 42.0, "n_tests": 331, "n_tiles": 24, "evidence_tier": "measured", "n_schools_3km": 0, "n_clinics_3km": 0, "p_connectivity": 0.12477558348294435, "p_population": 0.68132854578096946, "p_institutions": 0.2755834829443447, "p_equity": 0.21617915904936014, "dipi": 30.5, "rank": 1069.0, "stakes_score": null, "gap_rank": null }, "geometry": { "type": "Point", "coordinates": [ 116.2206638, 6.2252622 ] } },
{ "type": "Feature", "properties": { "name": "Kampung Tajau", "place": "village", "pop_2km": 3682, "seasonal_water_px": 66, "flood_prone": true, "rwi": 0.261, "elevation_m": 9.0, "settlement_id": "S1391", "dl_mbps": 190.9105, "ul_mbps": 22.4495, "latency_ms": 40.5, "n_tests": 356, "n_tiles": 26, "evidence_tier": "measured", "n_schools_3km": 0, "n_clinics_3km": 0, "p_connectivity": 0.056552962298025138, "p_population": 0.71813285457809695, "p_institutions": 0.2755834829443447, "p_equity": 0.26965265082266909, "dipi": 29.7, "rank": 1080.0, "stakes_score": null, "gap_rank": null }, "geometry": { "type": "Point", "coordinates": [ 116.239973, 6.2200467 ] } },
{ "type": "Feature", "properties": { "name": "Kampung Tambalang", "place": "hamlet", "pop_2km": 8260, "seasonal_water_px": 26, "flood_prone": true, "rwi": 0.617, "elevation_m": 9.0, "settlement_id": "S1392", "dl_mbps": 132.797, "ul_mbps": 22.781, "latency_ms": 41.0, "n_tests": 920, "n_tiles": 36, "evidence_tier": "measured", "n_schools_3km": 0, "n_clinics_3km": 0, "p_connectivity": 0.15080789946140036, "p_population": 0.82944344703770201, "p_institutions": 0.2755834829443447, "p_equity": 0.13254113345521024, "dipi": 33.6, "rank": 1024.0, "stakes_score": null, "gap_rank": null }, "geometry": { "type": "Point", "coordinates": [ 116.1975914, 6.1822089 ] } },
{ "type": "Feature", "properties": { "name": "Kampung Dungun", "place": "hamlet", "pop_2km": 11545, "seasonal_water_px": 9, "flood_prone": true, "rwi": 0.794, "elevation_m": 11.0, "settlement_id": "S1393", "dl_mbps": 183.28, "ul_mbps": 26.626, "latency_ms": 35.0, "n_tests": 2036, "n_tiles": 39, "evidence_tier": "measured", "n_schools_3km": 10, "n_clinics_3km": 3, "p_connectivity": 0.066427289048473961, "p_population": 0.87791741472172347, "p_institutions": 0.96903052064631956, "p_equity": 0.085923217550274225, "dipi": 40.9, "rank": 864.0, "stakes_score": null, "gap_rank": null }, "geometry": { "type": "Point", "coordinates": [ 116.2166834, 6.1621876 ] } },
{ "type": "Feature", "properties": { "name": "Kampung Tagas", "place": "hamlet", "pop_2km": 13474, "seasonal_water_px": 0, "flood_prone": false, "rwi": 0.90033333333333332, "elevation_m": 11.0, "settlement_id": "S1394", "dl_mbps": 185.632, "ul_mbps": 28.6575, "latency_ms": 35.0, "n_tests": 2056, "n_tiles": 40, "evidence_tier": "measured", "n_schools_3km": 10, "n_clinics_3km": 3, "p_connectivity": 0.063285457809694787, "p_population": 0.89587073608617596, "p_institutions": 0.96903052064631956, "p_equity": 0.062157221206581355, "dipi": 40.7, "rank": 870.0, "stakes_score": null, "gap_rank": null }, "geometry": { "type": "Point", "coordinates": [ 116.2231207, 6.1568115 ] } },
{ "type": "Feature", "properties": { "name": "Kampung Marabahai", "place": "hamlet", "pop_2km": 12222, "seasonal_water_px": 42, "flood_prone": true, "rwi": 0.732, "elevation_m": 10.0, "settlement_id": "S1395", "dl_mbps": 157.496, "ul_mbps": 26.134, "latency_ms": 36.0, "n_tests": 2681, "n_tiles": 45, "evidence_tier": "measured", "n_schools_3km": 10, "n_clinics_3km": 3, "p_connectivity": 0.11041292639138241, "p_population": 0.88240574506283664, "p_institutions": 0.96903052064631956, "p_equity": 0.10054844606946983, "dipi": 43.0, "rank": 784.0, "stakes_score": null, "gap_rank": null }, "geometry": { "type": "Point", "coordinates": [ 116.2267685, 6.1672543 ] } },
{ "type": "Feature", "properties": { "name": "Kampung Nong Koulod", "place": "village", "pop_2km": 9884, "seasonal_water_px": 118, "flood_prone": true, "rwi": 0.92, "elevation_m": 16.0, "settlement_id": "S1396", "dl_mbps": 190.1305, "ul_mbps": 34.353, "latency_ms": 38.0, "n_tests": 3050, "n_tiles": 25, "evidence_tier": "measured", "n_schools_3km": 3, "n_clinics_3km": 2, "p_connectivity": 0.059245960502692999, "p_population": 0.85457809694793541, "p_institutions": 0.87477558348294437, "p_equity": 0.052102376599634369, "dipi": 37.9, "rank": 942.0, "stakes_score": null, "gap_rank": null }, "geometry": { "type": "Point", "coordinates": [ 116.2104571, 6.128139 ] } },
{ "type": "Feature", "properties": { "name": "Kampung Malalin", "place": "hamlet", "pop_2km": 9663, "seasonal_water_px": 84, "flood_prone": true, "rwi": 0.8846666666666666, "elevation_m": 18.0, "settlement_id": "S1397", "dl_mbps": 199.124, "ul_mbps": 35.27, "latency_ms": 35.0, "n_tests": 811, "n_tiles": 24, "evidence_tier": "measured", "n_schools_3km": 1, "n_clinics_3km": 2, "p_connectivity": 0.050269299820466788, "p_population": 0.85278276481149018, "p_institutions": 0.82405745062836622, "p_equity": 0.063985374771480807, "dipi": 37.0, "rank": 969.0, "stakes_score": null, "gap_rank": null }, "geometry": { "type": "Point", "coordinates": [ 116.2121527, 6.1365721 ] } },
{ "type": "Feature", "properties": { "name": "Kampung Kauluan", "place": "hamlet", "pop_2km": 1505, "seasonal_water_px": 10, "flood_prone": true, "rwi": 0.23, "elevation_m": 17.0, "settlement_id": "S1398", "dl_mbps": 226.74, "ul_mbps": 23.842, "latency_ms": 31.0, "n_tests": 202, "n_tiles": 25, "evidence_tier": "measured", "n_schools_3km": 1, "n_clinics_3km": 0, "p_connectivity": 0.020646319569120289, "p_population": 0.58707360861759428, "p_institutions": 0.63420107719928187, "p_equity": 0.28244972577696525, "dipi": 30.7, "rank": 1066.0, "stakes_score": null, "gap_rank": null }, "geometry": { "type": "Point", "coordinates": [ 116.2392569, 6.1248417 ] } },
{ "type": "Feature", "properties": { "name": "Kampung Panjut", "place": "hamlet", "pop_2km": 12350, "seasonal_water_px": 0, "flood_prone": false, "rwi": 0.91233333333333333, "elevation_m": 10.0, "settlement_id": "S1399", "dl_mbps": 180.9115, "ul_mbps": 24.917, "latency_ms": 35.0, "n_tests": 1200, "n_tiles": 38, "evidence_tier": "measured", "n_schools_3km": 9, "n_clinics_3km": 3, "p_connectivity": 0.069120287253141829, "p_population": 0.88420107719928187, "p_institutions": 0.95825852782764809, "p_equity": 0.054844606946983544, "dipi": 40.3, "rank": 882.0, "stakes_score": null, "gap_rank": null }, "geometry": { "type": "Point", "coordinates": [ 116.2262, 6.153 ] } },
{ "type": "Feature", "properties": { "name": "Kampung Tambalugu", "place": "hamlet", "pop_2km": 10193, "seasonal_water_px": 46, "flood_prone": true, "rwi": 0.89666666666666661, "elevation_m": 15.0, "settlement_id": "S1400", "dl_mbps": 212.242, "ul_mbps": 30.321, "latency_ms": 34.0, "n_tests": 956, "n_tiles": 36, "evidence_tier": "measured", "n_schools_3km": 2, "n_clinics_3km": 2, "p_connectivity": 0.035906642728904849, "p_population": 0.85816876122082586, "p_institutions": 0.85592459605026927, "p_equity": 0.063071297989031078, "dipi": 37.0, "rank": 969.0, "stakes_score": null, "gap_rank": null }, "geometry": { "type": "Point", "coordinates": [ 116.2297618, 6.1449124 ] } },
{ "type": "Feature", "properties": { "name": "Kampung Telibong", "place": "hamlet", "pop_2km": 7372, "seasonal_water_px": 25, "flood_prone": true, "rwi": 0.4085, "elevation_m": 16.0, "settlement_id": "S1401", "dl_mbps": 225.899, "ul_mbps": 29.19, "latency_ms": 33.5, "n_tests": 803, "n_tiles": 36, "evidence_tier": "measured", "n_schools_3km": 4, "n_clinics_3km": 1, "p_connectivity": 0.021543985637342909, "p_population": 0.81508078994614008, "p_institutions": 0.87477558348294437, "p_equity": 0.20018281535648993, "dipi": 38.4, "rank": 931.0, "stakes_score": null, "gap_rank": null }, "geometry": { "type": "Point", "coordinates": [ 116.247518, 6.1391467 ] } },
{ "type": "Feature", "properties": { "name": "Kampung Dansangai", "place": "hamlet", "pop_2km": 1772, "seasonal_water_px": 0, "flood_prone": false, "rwi": 0.15766666666666665, "elevation_m": 22.0, "settlement_id": "S1402", "dl_mbps": 106.795, "ul_mbps": 14.096, "latency_ms": 41.0, "n_tests": 274, "n_tiles": 28, "evidence_tier": "measured", "n_schools_3km": 1, "n_clinics_3km": 0, "p_connectivity": 0.20017953321364451, "p_population": 0.60682226211849188, "p_institutions": 0.63420107719928187, "p_equity": 0.32906764168190128, "dipi": 39.3, "rank": 904.0, "stakes_score": null, "gap_rank": null }, "geometry": { "type": "Point", "coordinates": [ 116.2403083, 6.1135339 ] } },
{ "type": "Feature", "properties": { "name": "Kampung Rugading", "place": "village", "pop_2km": 18440, "seasonal_water_px": 46, "flood_prone": true, "rwi": 0.388, "elevation_m": 10.0, "settlement_id": "S1403", "dl_mbps": 116.3735, "ul_mbps": 21.3085, "latency_ms": 42.0, "n_tests": 3712, "n_tiles": 34, "evidence_tier": "measured", "n_schools_3km": 3, "n_clinics_3km": 0, "p_connectivity": 0.17684021543985637, "p_population": 0.93357271095152605, "p_institutions": 0.82405745062836622, "p_equity": 0.20703839122486289, "dipi": 46.9, "rank": 661.0, "stakes_score": null, "gap_rank": null }, "geometry": { "type": "Point", "coordinates": [ 116.1944854, 6.1159982 ] } },
{ "type": "Feature", "properties": { "name": "Kampung Karambunai", "place": "hamlet", "pop_2km": 7656, "seasonal_water_px": 58, "flood_prone": true, "rwi": 0.692, "elevation_m": 9.0, "settlement_id": "S1404", "dl_mbps": 165.392, "ul_mbps": 29.009, "latency_ms": 34.0, "n_tests": 540, "n_tiles": 13, "evidence_tier": "measured", "n_schools_3km": 1, "n_clinics_3km": 0, "p_connectivity": 0.094254937163375227, "p_population": 0.81956912028725315, "p_institutions": 0.63420107719928187, "p_equity": 0.10557586837294333, "dipi": 35.9, "rank": 992.0, "stakes_score": null, "gap_rank": null }, "geometry": { "type": "Point", "coordinates": [ 116.1331057, 6.1079279 ] } },
{ "type": "Feature", "properties": { "name": "Kampung Gayang", "place": "village", "pop_2km": 4604, "seasonal_water_px": 94, "flood_prone": true, "rwi": 0.19266666666666665, "elevation_m": 9.0, "settlement_id": "S1405", "dl_mbps": 162.648, "ul_mbps": 23.427, "latency_ms": 36.0, "n_tests": 713, "n_tiles": 12, "evidence_tier": "measured", "n_schools_3km": 0, "n_clinics_3km": 0, "p_connectivity": 0.097845601436265708, "p_population": 0.75134649910233398, "p_institutions": 0.2755834829443447, "p_equity": 0.30347349177330896, "dipi": 32.9, "rank": 1034.0, "stakes_score": null, "gap_rank": null }, "geometry": { "type": "Point", "coordinates": [ 116.149199, 6.1367039 ] } },
{ "type": "Feature", "properties": { "name": "Kampung Piniang", "place": "hamlet", "pop_2km": 9065, "seasonal_water_px": 2, "flood_prone": false, "rwi": 0.178, "elevation_m": 10.0, "settlement_id": "S1406", "dl_mbps": 97.348, "ul_mbps": 18.533, "latency_ms": 43.0, "n_tests": 810, "n_tiles": 26, "evidence_tier": "measured", "n_schools_3km": 0, "n_clinics_3km": 0, "p_connectivity": 0.22531418312387791, "p_population": 0.84380610412926393, "p_institutions": 0.2755834829443447, "p_equity": 0.31718464351005482, "dipi": 40.6, "rank": 874.0, "stakes_score": null, "gap_rank": null }, "geometry": { "type": "Point", "coordinates": [ 116.1805862, 6.1232895 ] } },
{ "type": "Feature", "properties": { "name": "Kampung Giling", "place": "hamlet", "pop_2km": 12655, "seasonal_water_px": 52, "flood_prone": true, "rwi": 0.808, "elevation_m": 15.0, "settlement_id": "S1407", "dl_mbps": 129.7755, "ul_mbps": 24.3785, "latency_ms": 40.5, "n_tests": 3378, "n_tiles": 32, "evidence_tier": "measured", "n_schools_3km": 2, "n_clinics_3km": 0, "p_connectivity": 0.15529622980251345, "p_population": 0.88868940754039494, "p_institutions": 0.75987432675044886, "p_equity": 0.08226691042047532, "dipi": 41.5, "rank": 839.0, "stakes_score": null, "gap_rank": null }, "geometry": { "type": "Point", "coordinates": [ 116.2052679, 6.1184304 ] } },
{ "type": "Feature", "properties": { "name": "Kampung Mengkabong", "place": "village", "pop_2km": 7376, "seasonal_water_px": 102, "flood_prone": true, "rwi": 0.867, "elevation_m": 11.0, "settlement_id": "S1408", "dl_mbps": 195.747, "ul_mbps": 34.181, "latency_ms": 35.0, "n_tests": 716, "n_tiles": 16, "evidence_tier": "measured", "n_schools_3km": 1, "n_clinics_3km": 2, "p_connectivity": 0.05475763016157989, "p_population": 0.8159784560143627, "p_institutions": 0.82405745062836622, "p_equity": 0.068555758683729429, "dipi": 36.3, "rank": 984.0, "stakes_score": null, "gap_rank": null }, "geometry": { "type": "Point", "coordinates": [ 116.203959, 6.1455524 ] } },
{ "type": "Feature", "properties": { "name": "Kampung Raganan", "place": "village", "pop_2km": 10311, "seasonal_water_px": 56, "flood_prone": true, "rwi": 0.867, "elevation_m": 5.0, "settlement_id": "S1409", "dl_mbps": 185.157, "ul_mbps": 26.626, "latency_ms": 35.0, "n_tests": 894, "n_tiles": 24, "evidence_tier": "measured", "n_schools_3km": 1, "n_clinics_3km": 2, "p_connectivity": 0.064631956912028721, "p_population": 0.85996409335727109, "p_institutions": 0.82405745062836622, "p_equity": 0.068555758683729429, "dipi": 37.8, "rank": 947.0, "stakes_score": null, "gap_rank": null }, "geometry": { "type": "Point", "coordinates": [ 116.208111, 6.1510513 ] } },
{ "type": "Feature", "properties": { "name": "Telipok", "place": "town", "pop_2km": 28200, "seasonal_water_px": 4, "flood_prone": false, "rwi": 0.97766666666666657, "elevation_m": 16.0, "settlement_id": "S1410", "dl_mbps": 113.546, "ul_mbps": 22.189, "latency_ms": 40.0, "n_tests": 3423, "n_tiles": 38, "evidence_tier": "measured", "n_schools_3km": 5, "n_clinics_3km": 0, "p_connectivity": 0.18312387791741472, "p_population": 0.96678635547576297, "p_institutions": 0.87477558348294437, "p_equity": 0.039305301645338207, "dipi": 45.4, "rank": 702.0, "stakes_score": null, "gap_rank": null }, "geometry": { "type": "Point", "coordinates": [ 116.1961913, 6.0901069 ] } },
{ "type": "Feature", "properties": { "name": "Kampung Tambulaung", "place": "hamlet", "pop_2km": 1314, "seasonal_water_px": 2, "flood_prone": false, "rwi": -0.046, "elevation_m": 62.0, "settlement_id": "S1411", "dl_mbps": 65.844, "ul_mbps": 10.5265, "latency_ms": 42.0, "n_tests": 190, "n_tiles": 18, "evidence_tier": "measured", "n_schools_3km": 3, "n_clinics_3km": 0, "p_connectivity": 0.35906642728904847, "p_population": 0.56283662477558349, "p_institutions": 0.82405745062836622, "p_equity": 0.51919561243144419, "dipi": 51.2, "rank": 538.0, "stakes_score": null, "gap_rank": null }, "geometry": { "type": "Point", "coordinates": [ 116.2318513, 6.0962064 ] } },
{ "type": "Feature", "properties": { "name": "Kampung Ulu Telipok", "place": "hamlet", "pop_2km": 5199, "seasonal_water_px": 0, "flood_prone": false, "rwi": 0.6375, "elevation_m": 125.0, "settlement_id": "S1412", "dl_mbps": 111.7315, "ul_mbps": 19.167, "latency_ms": 42.5, "n_tests": 915, "n_tiles": 20, "evidence_tier": "measured", "n_schools_3km": 4, "n_clinics_3km": 0, "p_connectivity": 0.1867145421903052, "p_population": 0.76750448833034113, "p_institutions": 0.85592459605026927, "p_equity": 0.12888482632541134, "dipi": 42.1, "rank": 817.0, "stakes_score": null, "gap_rank": null }, "geometry": { "type": "Point", "coordinates": [ 116.2202722, 6.0959584 ] } },
{ "type": "Feature", "properties": { "name": "Kampung Bongalio", "place": "hamlet", "pop_2km": 1463, "seasonal_water_px": 0, "flood_prone": false, "rwi": -0.12233333333333334, "elevation_m": 357.0, "settlement_id": "S1413", "dl_mbps": 46.1855, "ul_mbps": 6.28, "latency_ms": 44.0, "n_tests": 157, "n_tiles": 16, "evidence_tier": "measured", "n_schools_3km": 2, "n_clinics_3km": 0, "p_connectivity": 0.49910233393177739, "p_population": 0.5825852782764811, "p_institutions": 0.75987432675044886, "p_equity": 0.58683729433272391, "dipi": 57.7, "rank": 317.0, "stakes_score": null, "gap_rank": null }, "geometry": { "type": "Point", "coordinates": [ 116.2487948, 6.1010524 ] } },
{ "type": "Feature", "properties": { "name": "Kampung Lokbuno", "place": "village", "pop_2km": 10650, "seasonal_water_px": 62, "flood_prone": true, "rwi": 0.275, "elevation_m": 11.0, "settlement_id": "S1414", "dl_mbps": 105.795, "ul_mbps": 18.0695, "latency_ms": 31.5, "n_tests": 137, "n_tiles": 11, "evidence_tier": "measured", "n_schools_3km": 3, "n_clinics_3km": 0, "p_connectivity": 0.20287253141831238, "p_population": 0.86535008976660677, "p_institutions": 0.82405745062836622, "p_equity": 0.26051188299817185, "dipi": 47.3, "rank": 647.0, "stakes_score": null, "gap_rank": null }, "geometry": { "type": "Point", "coordinates": [ 116.1292165, 6.091099 ] } },
{ "type": "Feature", "properties": { "name": "Kampung Besabak", "place": "hamlet", "pop_2km": 4733, "seasonal_water_px": 23, "flood_prone": true, "rwi": 0.2955, "elevation_m": 10.0, "settlement_id": "S1415", "dl_mbps": 258.072, "ul_mbps": 57.53, "latency_ms": 37.0, "n_tests": 58, "n_tiles": 2, "evidence_tier": "low_evidence", "n_schools_3km": 1, "n_clinics_3km": 0, "p_connectivity": 0.0089766606822262122, "p_population": 0.75673249551166966, "p_institutions": 0.63420107719928187, "p_equity": 0.24954296160877515, "dipi": 33.8, "rank": 1020.0, "stakes_score": null, "gap_rank": null }, "geometry": { "type": "Point", "coordinates": [ 116.0973304, 6.0953983 ] } },
{ "type": "Feature", "properties": { "name": "Kampung Lapasan", "place": "hamlet", "pop_2km": 29174, "seasonal_water_px": 63, "flood_prone": true, "rwi": 0.7626666666666666, "elevation_m": 14.0, "settlement_id": "S1416", "dl_mbps": 218.901, "ul_mbps": 38.225, "latency_ms": 36.0, "n_tests": 1585, "n_tiles": 26, "evidence_tier": "measured", "n_schools_3km": 3, "n_clinics_3km": 0, "p_connectivity": 0.03052064631956912, "p_population": 0.96947935368043092, "p_institutions": 0.82405745062836622, "p_equity": 0.088665447897623401, "dipi": 39.6, "rank": 899.0, "stakes_score": null, "gap_rank": null }, "geometry": { "type": "Point", "coordinates": [ 116.1488664, 6.0945288 ] } },
{ "type": "Feature", "properties": { "name": "Kampung Tobobon", "place": "village", "pop_2km": 42821, "seasonal_water_px": 1, "flood_prone": false, "rwi": 0.87225, "elevation_m": 15.0, "settlement_id": "S1417", "dl_mbps": 144.681, "ul_mbps": 26.797, "latency_ms": 37.0, "n_tests": 5132, "n_tiles": 43, "evidence_tier": "measured", "n_schools_3km": 0, "n_clinics_3km": 0, "p_connectivity": 0.13285457809694792, "p_population": 0.98025134649910228, "p_institutions": 0.2755834829443447, "p_equity": 0.066270566727605118, "dipi": 35.3, "rank": 1001.0, "stakes_score": null, "gap_rank": null }, "geometry": { "type": "Point", "coordinates": [ 116.1663692, 6.0514943 ] } },
{ "type": "Feature", "properties": { "name": "Kampung Ratu", "place": "hamlet", "pop_2km": 39508, "seasonal_water_px": 0, "flood_prone": false, "rwi": 0.87225, "elevation_m": 15.0, "settlement_id": "S1418", "dl_mbps": 135.5375, "ul_mbps": 26.335, "latency_ms": 37.5, "n_tests": 4889, "n_tiles": 42, "evidence_tier": "measured", "n_schools_3km": 0, "n_clinics_3km": 0, "p_connectivity": 0.14542190305206462, "p_population": 0.9748653500897666, "p_institutions": 0.2755834829443447, "p_equity": 0.066270566727605118, "dipi": 35.6, "rank": 994.0, "stakes_score": null, "gap_rank": null }, "geometry": { "type": "Point", "coordinates": [ 116.1690232, 6.056506 ] } },
{ "type": "Feature", "properties": { "name": "Kampung Bendolan", "place": "hamlet", "pop_2km": 41370, "seasonal_water_px": 1, "flood_prone": false, "rwi": 1.085, "elevation_m": 32.0, "settlement_id": "S1419", "dl_mbps": 135.357, "ul_mbps": 26.491, "latency_ms": 37.0, "n_tests": 5393, "n_tiles": 40, "evidence_tier": "measured", "n_schools_3km": 2, "n_clinics_3km": 0, "p_connectivity": 0.14631956912028726, "p_population": 0.97935368043087967, "p_institutions": 0.75987432675044886, "p_equity": 0.021937842778793418, "dipi": 42.2, "rank": 809.0, "stakes_score": null, "gap_rank": null }, "geometry": { "type": "Point", "coordinates": [ 116.1568567, 6.0588158 ] } },
{ "type": "Feature", "properties": { "name": "Kampung Locob", "place": "hamlet", "pop_2km": 28753, "seasonal_water_px": 56, "flood_prone": true, "rwi": 0.71466666666666667, "elevation_m": 24.0, "settlement_id": "S1420", "dl_mbps": 137.4685, "ul_mbps": 26.852, "latency_ms": 36.0, "n_tests": 2978, "n_tiles": 29, "evidence_tier": "measured", "n_schools_3km": 2, "n_clinics_3km": 1, "p_connectivity": 0.13824057450628366, "p_population": 0.96858168761220831, "p_institutions": 0.82405745062836622, "p_equity": 0.10329067641681901, "dipi": 44.2, "rank": 735.0, "stakes_score": null, "gap_rank": null }, "geometry": { "type": "Point", "coordinates": [ 116.1446017, 6.0674896 ] } },
{ "type": "Feature", "properties": { "name": "Kampung Tampulan", "place": "hamlet", "pop_2km": 1467, "seasonal_water_px": 0, "flood_prone": false, "rwi": 0.0805, "elevation_m": 380.0, "settlement_id": "S1421", "dl_mbps": 7.757, "ul_mbps": 1.612, "latency_ms": 67.5, "n_tests": 183, "n_tiles": 10, "evidence_tier": "measured", "n_schools_3km": 0, "n_clinics_3km": 0, "p_connectivity": 0.97755834829443444, "p_population": 0.58348294434470382, "p_institutions": 0.2755834829443447, "p_equity": 0.39305301645338209, "dipi": 65.7, "rank": 80.0, "stakes_score": null, "gap_rank": null }, "geometry": { "type": "Point", "coordinates": [ 116.2132233, 6.0579997 ] } },
{ "type": "Feature", "properties": { "name": "Kampung Kabayau", "place": "hamlet", "pop_2km": 619, "seasonal_water_px": 0, "flood_prone": false, "rwi": -0.315, "elevation_m": 361.0, "settlement_id": "S1422", "dl_mbps": 14.003, "ul_mbps": 2.106, "latency_ms": 69.0, "n_tests": 173, "n_tiles": 9, "evidence_tier": "measured", "n_schools_3km": 0, "n_clinics_3km": 0, "p_connectivity": 0.92280071813285458, "p_population": 0.37522441651705568, "p_institutions": 0.2755834829443447, "p_equity": 0.76508226691042047, "dipi": 65.7, "rank": 80.0, "stakes_score": null, "gap_rank": null }, "geometry": { "type": "Point", "coordinates": [ 116.2285495, 6.0665881 ] } },
{ "type": "Feature", "properties": { "name": "Kampung Lakau", "place": "hamlet", "pop_2km": 1264, "seasonal_water_px": 0, "flood_prone": false, "rwi": -0.32375, "elevation_m": 509.0, "settlement_id": "S1423", "dl_mbps": 34.846, "ul_mbps": 2.648, "latency_ms": 54.0, "n_tests": 259, "n_tiles": 13, "evidence_tier": "measured", "n_schools_3km": 0, "n_clinics_3km": 0, "p_connectivity": 0.64991023339317777, "p_population": 0.56104129263913827, "p_institutions": 0.2755834829443447, "p_equity": 0.77787934186471663, "dipi": 59.7, "rank": 244.0, "stakes_score": null, "gap_rank": null }, "geometry": { "type": "Point", "coordinates": [ 116.2373578, 6.0810601 ] } },
{ "type": "Feature", "properties": { "name": "Kampung Timbok", "place": "hamlet", "pop_2km": 8028, "seasonal_water_px": 2, "flood_prone": false, "rwi": 0.309, "elevation_m": 42.0, "settlement_id": "S1424", "dl_mbps": 66.243, "ul_mbps": 18.267, "latency_ms": 43.0, "n_tests": 1011, "n_tiles": 21, "evidence_tier": "measured", "n_schools_3km": 2, "n_clinics_3km": 0, "p_connectivity": 0.35637342908438063, "p_population": 0.82405745062836622, "p_institutions": 0.75987432675044886, "p_equity": 0.24131627056672761, "dipi": 51.1, "rank": 541.0, "stakes_score": null, "gap_rank": null }, "geometry": { "type": "Point", "coordinates": [ 116.2068343, 6.0742909 ] } },
{ "type": "Feature", "properties": { "name": "Kampung Layan", "place": "hamlet", "pop_2km": 22543, "seasonal_water_px": 28, "flood_prone": true, "rwi": 1.1295, "elevation_m": 9.0, "settlement_id": "S1425", "dl_mbps": 167.101, "ul_mbps": 29.277, "latency_ms": 36.0, "n_tests": 2253, "n_tiles": 14, "evidence_tier": "measured", "n_schools_3km": 11, "n_clinics_3km": 5, "p_connectivity": 0.090664272890484746, "p_population": 0.94883303411131059, "p_institutions": 0.98294434470377023, "p_equity": 0.012797074954296161, "dipi": 42.3, "rank": 804.0, "stakes_score": null, "gap_rank": null }, "geometry": { "type": "Point", "coordinates": [ 116.1093789, 6.0273363 ] } },
{ "type": "Feature", "properties": { "name": "Kampung Pulutan", "place": "hamlet", "pop_2km": 10664, "seasonal_water_px": 0, "flood_prone": false, "rwi": 0.23975, "elevation_m": 23.0, "settlement_id": "S1426", "dl_mbps": 142.8665, "ul_mbps": 24.541, "latency_ms": 38.0, "n_tests": 1368, "n_tiles": 25, "evidence_tier": "measured", "n_schools_3km": 0, "n_clinics_3km": 0, "p_connectivity": 0.13464991023339318, "p_population": 0.86624775583482949, "p_institutions": 0.2755834829443447, "p_equity": 0.27696526508226693, "dipi": 36.7, "rank": 974.0, "stakes_score": null, "gap_rank": null }, "geometry": { "type": "Point", "coordinates": [ 116.1691868, 6.0103502 ] } },
{ "type": "Feature", "properties": { "name": "Kampung Lumpugo", "place": "hamlet", "pop_2km": 3815, "seasonal_water_px": 0, "flood_prone": false, "rwi": -0.028, "elevation_m": 151.0, "settlement_id": "S1427", "dl_mbps": 30.814, "ul_mbps": 9.882, "latency_ms": 42.0, "n_tests": 190, "n_tiles": 18, "evidence_tier": "measured", "n_schools_3km": 0, "n_clinics_3km": 0, "p_connectivity": 0.70377019748653502, "p_population": 0.72441651705565535, "p_institutions": 0.2755834829443447, "p_equity": 0.49360146252285192, "dipi": 60.3, "rank": 217.0, "stakes_score": null, "gap_rank": null }, "geometry": { "type": "Point", "coordinates": [ 116.1856985, 6.0079335 ] } },
{ "type": "Feature", "properties": { "name": "Kampung Bangkud", "place": "hamlet", "pop_2km": 931, "seasonal_water_px": 0, "flood_prone": false, "rwi": -0.12566666666666668, "elevation_m": 198.0, "settlement_id": "S1428", "dl_mbps": 20.35, "ul_mbps": 4.588, "latency_ms": 49.0, "n_tests": 29, "n_tiles": 9, "evidence_tier": "measured", "n_schools_3km": 0, "n_clinics_3km": 0, "p_connectivity": 0.86355475763016154, "p_population": 0.48294434470377018, "p_institutions": 0.2755834829443447, "p_equity": 0.59232175502742235, "dipi": 62.6, "rank": 154.0, "stakes_score": null, "gap_rank": null }, "geometry": { "type": "Point", "coordinates": [ 116.2380284, 6.0023531 ] } },
{ "type": "Feature", "properties": { "name": "Kampung Bait", "place": "hamlet", "pop_2km": 247, "seasonal_water_px": 65, "flood_prone": true, "rwi": -0.031, "elevation_m": 13.0, "settlement_id": "S1435", "dl_mbps": 32.824, "ul_mbps": 6.28, "latency_ms": 52.0, "n_tests": 32, "n_tiles": 2, "evidence_tier": "low_evidence", "n_schools_3km": 1, "n_clinics_3km": 0, "p_connectivity": 0.6799820466786356, "p_population": 0.21140035906642729, "p_institutions": 0.63420107719928187, "p_equity": 0.49725776965265084, "dipi": 51.9, "rank": 515.0, "stakes_score": null, "gap_rank": null }, "geometry": { "type": "Point", "coordinates": [ 118.5381889, 4.5357708 ] } },
{ "type": "Feature", "properties": { "name": "Kampung Limau Limau", "place": "hamlet", "pop_2km": 247, "seasonal_water_px": 36, "flood_prone": true, "rwi": null, "elevation_m": 5.0, "settlement_id": "S1436", "dl_mbps": 32.824, "ul_mbps": 6.28, "latency_ms": 52.0, "n_tests": 32, "n_tiles": 2, "evidence_tier": "low_evidence", "n_schools_3km": 1, "n_clinics_3km": 0, "p_connectivity": 0.6799820466786356, "p_population": 0.21140035906642729, "p_institutions": 0.63420107719928187, "p_equity": 0.5, "dipi": 52.0, "rank": 508.0, "stakes_score": null, "gap_rank": null }, "geometry": { "type": "Point", "coordinates": [ 118.527149, 4.5323189 ] } },
{ "type": "Feature", "properties": { "name": "Kampung Tanjung Kapur", "place": "hamlet", "pop_2km": 247, "seasonal_water_px": 45, "flood_prone": true, "rwi": 0.572, "elevation_m": 9.0, "settlement_id": "S1437", "dl_mbps": 71.021, "ul_mbps": 14.016, "latency_ms": 52.0, "n_tests": 62, "n_tiles": 7, "evidence_tier": "measured", "n_schools_3km": 1, "n_clinics_3km": 0, "p_connectivity": 0.33303411131059246, "p_population": 0.21140035906642729, "p_institutions": 0.63420107719928187, "p_equity": 0.14625228519195613, "dipi": 31.0, "rank": 1063.0, "stakes_score": null, "gap_rank": null }, "geometry": { "type": "Point", "coordinates": [ 118.5328191, 4.5209604 ] } },
{ "type": "Feature", "properties": { "name": "Kampung Tagasan Tani", "place": "hamlet", "pop_2km": 8525, "seasonal_water_px": 0, "flood_prone": false, "rwi": 0.06, "elevation_m": 18.0, "settlement_id": "S1441", "dl_mbps": 303.734, "ul_mbps": 30.36, "latency_ms": 44.0, "n_tests": 185, "n_tiles": 19, "evidence_tier": "measured", "n_schools_3km": 1, "n_clinics_3km": 0, "p_connectivity": 0.0035906642728904849, "p_population": 0.83482944344703769, "p_institutions": 0.63420107719928187, "p_equity": 0.40859232175502741, "dipi": 38.7, "rank": 925.0, "stakes_score": null, "gap_rank": null }, "geometry": { "type": "Point", "coordinates": [ 118.5525656, 4.4224915 ] } },
{ "type": "Feature", "properties": { "name": "Kampung Gading Gading", "place": "village", "pop_2km": 1182, "seasonal_water_px": 39, "flood_prone": true, "rwi": -0.415, "elevation_m": 21.0, "settlement_id": "S1442", "dl_mbps": 48.725, "ul_mbps": 9.469, "latency_ms": 67.0, "n_tests": 10, "n_tiles": 4, "evidence_tier": "low_evidence", "n_schools_3km": 0, "n_clinics_3km": 0, "p_connectivity": 0.4622980251346499, "p_population": 0.53949730700179532, "p_institutions": 0.2755834829443447, "p_equity": 0.86014625228519193, "dipi": 53.3, "rank": 460.0, "stakes_score": null, "gap_rank": null }, "geometry": { "type": "Point", "coordinates": [ 118.3606267, 4.6296769 ] } },
{ "type": "Feature", "properties": { "name": "Kampung Melati", "place": "hamlet", "pop_2km": 3573, "seasonal_water_px": 144, "flood_prone": true, "rwi": 0.1865, "elevation_m": 6.0, "settlement_id": "S1443", "dl_mbps": 328.6405, "ul_mbps": 36.0095, "latency_ms": 39.0, "n_tests": 79, "n_tiles": 13, "evidence_tier": "measured", "n_schools_3km": 0, "n_clinics_3km": 0, "p_connectivity": 0.0017953321364452424, "p_population": 0.71274685816876127, "p_institutions": 0.2755834829443447, "p_equity": 0.30941499085923219, "dipi": 28.2, "rank": 1092.0, "stakes_score": null, "gap_rank": null }, "geometry": { "type": "Point", "coordinates": [ 117.8130913, 4.3745678 ] } },
{ "type": "Feature", "properties": { "name": "Kampung Kelapa", "place": "hamlet", "pop_2km": 1082, "seasonal_water_px": 5, "flood_prone": true, "rwi": 0.514, "elevation_m": 18.0, "settlement_id": "S1444", "dl_mbps": 75.38, "ul_mbps": 13.4995, "latency_ms": 51.5, "n_tests": 50, "n_tiles": 8, "evidence_tier": "measured", "n_schools_3km": 0, "n_clinics_3km": 0, "p_connectivity": 0.31508078994614003, "p_population": 0.51885098743267499, "p_institutions": 0.2755834829443447, "p_equity": 0.15996343692870202, "dipi": 32.9, "rank": 1034.0, "stakes_score": null, "gap_rank": null }, "geometry": { "type": "Point", "coordinates": [ 117.7907485, 4.3921384 ] } },
{ "type": "Feature", "properties": { "name": "Kampung Nipan", "place": "hamlet", "pop_2km": 5091, "seasonal_water_px": 39, "flood_prone": true, "rwi": 0.26266666666666666, "elevation_m": 11.0, "settlement_id": "S1446", "dl_mbps": 247.8285, "ul_mbps": 38.5235, "latency_ms": 41.0, "n_tests": 131, "n_tiles": 20, "evidence_tier": "measured", "n_schools_3km": 0, "n_clinics_3km": 0, "p_connectivity": 0.0098743267504488325, "p_population": 0.76391382405745067, "p_institutions": 0.2755834829443447, "p_equity": 0.26873857404021939, "dipi": 29.0, "rank": 1085.0, "stakes_score": null, "gap_rank": null }, "geometry": { "type": "Point", "coordinates": [ 117.8313008, 4.3299656 ] } },
{ "type": "Feature", "properties": { "name": "Merotai Besar", "place": "village", "pop_2km": 7775, "seasonal_water_px": 0, "flood_prone": false, "rwi": 0.57275, "elevation_m": 20.0, "settlement_id": "S1447", "dl_mbps": 102.766, "ul_mbps": 17.348, "latency_ms": 37.0, "n_tests": 351, "n_tiles": 26, "evidence_tier": "measured", "n_schools_3km": 0, "n_clinics_3km": 0, "p_connectivity": 0.2118491921005386, "p_population": 0.82046678635547576, "p_institutions": 0.2755834829443447, "p_equity": 0.14442413162705667, "dipi": 36.0, "rank": 989.0, "stakes_score": null, "gap_rank": null }, "geometry": { "type": "Point", "coordinates": [ 117.7759373, 4.4175388 ] } },
{ "type": "Feature", "properties": { "name": "Kampung Menyangit", "place": "village", "pop_2km": 0, "seasonal_water_px": 56, "flood_prone": true, "rwi": -0.8, "elevation_m": 16.0, "settlement_id": "S0001", "dl_mbps": 46.108, "ul_mbps": 2.965, "latency_ms": 49.0, "n_tests": 1, "n_tiles": 1, "evidence_tier": "insufficient", "n_schools_3km": 0, "n_clinics_3km": 0, "p_connectivity": null, "p_population": null, "p_institutions": null, "p_equity": null, "dipi": null, "rank": null, "stakes_score": 28.9, "gap_rank": 222.0 }, "geometry": { "type": "Point", "coordinates": [ 117.0679083, 7.2888051 ] } },
{ "type": "Feature", "properties": { "name": "Kampung Selamat", "place": "village", "pop_2km": 0, "seasonal_water_px": 0, "flood_prone": false, "rwi": null, "elevation_m": 19.0, "settlement_id": "S0002", "dl_mbps": null, "ul_mbps": null, "latency_ms": null, "n_tests": 0, "n_tiles": 0, "evidence_tier": "insufficient", "n_schools_3km": 0, "n_clinics_3km": 0, "p_connectivity": null, "p_population": null, "p_institutions": null, "p_equity": null, "dipi": null, "rank": null, "stakes_score": 28.9, "gap_rank": 222.0 }, "geometry": { "type": "Point", "coordinates": [ 116.9266558, 7.2550643 ] } },
{ "type": "Feature", "properties": { "name": "Kampung Dogoton", "place": "village", "pop_2km": 0, "seasonal_water_px": 54, "flood_prone": true, "rwi": -0.433, "elevation_m": 7.0, "settlement_id": "S0003", "dl_mbps": null, "ul_mbps": null, "latency_ms": null, "n_tests": 0, "n_tiles": 0, "evidence_tier": "insufficient", "n_schools_3km": 0, "n_clinics_3km": 0, "p_connectivity": null, "p_population": null, "p_institutions": null, "p_equity": null, "dipi": null, "rank": null, "stakes_score": 28.9, "gap_rank": 222.0 }, "geometry": { "type": "Point", "coordinates": [ 117.2784103, 7.3464873 ] } },
{ "type": "Feature", "properties": { "name": "Turong Puteh", "place": "hamlet", "pop_2km": 113, "seasonal_water_px": 80, "flood_prone": true, "rwi": null, "elevation_m": 8.0, "settlement_id": "S0005", "dl_mbps": null, "ul_mbps": null, "latency_ms": null, "n_tests": 0, "n_tiles": 0, "evidence_tier": "insufficient", "n_schools_3km": 0, "n_clinics_3km": 0, "p_connectivity": null, "p_population": null, "p_institutions": null, "p_equity": null, "dipi": null, "rank": null, "stakes_score": 56.8, "gap_rank": 124.0 }, "geometry": { "type": "Point", "coordinates": [ 117.0579151, 6.9627193 ] } },
{ "type": "Feature", "properties": { "name": "Karakit", "place": "town", "pop_2km": 1437, "seasonal_water_px": 103, "flood_prone": true, "rwi": 0.418, "elevation_m": 16.0, "settlement_id": "S0006", "dl_mbps": 86.693, "ul_mbps": 18.8075, "latency_ms": 31.0, "n_tests": 3, "n_tiles": 2, "evidence_tier": "insufficient", "n_schools_3km": 0, "n_clinics_3km": 0, "p_connectivity": null, "p_population": null, "p_institutions": null, "p_equity": null, "dipi": null, "rank": null, "stakes_score": 75.9, "gap_rank": 26.0 }, "geometry": { "type": "Point", "coordinates": [ 117.0841255, 7.1101449 ] } },
{ "type": "Feature", "properties": { "name": "Kampung Kalutan", "place": "village", "pop_2km": 97, "seasonal_water_px": 53, "flood_prone": true, "rwi": -0.202, "elevation_m": 14.0, "settlement_id": "S0008", "dl_mbps": null, "ul_mbps": null, "latency_ms": null, "n_tests": 0, "n_tiles": 0, "evidence_tier": "insufficient", "n_schools_3km": 0, "n_clinics_3km": 0, "p_connectivity": null, "p_population": null, "p_institutions": null, "p_equity": null, "dipi": null, "rank": null, "stakes_score": 55.4, "gap_rank": 134.0 }, "geometry": { "type": "Point", "coordinates": [ 116.8673747, 7.1981843 ] } },
{ "type": "Feature", "properties": { "name": "Kampung Pamanuhan", "place": "village", "pop_2km": 0, "seasonal_water_px": 96, "flood_prone": true, "rwi": null, "elevation_m": 9.0, "settlement_id": "S0013", "dl_mbps": null, "ul_mbps": null, "latency_ms": null, "n_tests": 0, "n_tiles": 0, "evidence_tier": "insufficient", "n_schools_3km": 0, "n_clinics_3km": 0, "p_connectivity": null, "p_population": null, "p_institutions": null, "p_equity": null, "dipi": null, "rank": null, "stakes_score": 28.9, "gap_rank": 222.0 }, "geometry": { "type": "Point", "coordinates": [ 117.0156305, 6.786092 ] } },
{ "type": "Feature", "properties": { "name": "Lokapas", "place": "village", "pop_2km": 193, "seasonal_water_px": 68, "flood_prone": true, "rwi": -0.367, "elevation_m": 13.0, "settlement_id": "S0014", "dl_mbps": null, "ul_mbps": null, "latency_ms": null, "n_tests": 0, "n_tiles": 0, "evidence_tier": "insufficient", "n_schools_3km": 0, "n_clinics_3km": 0, "p_connectivity": null, "p_population": null, "p_institutions": null, "p_equity": null, "dipi": null, "rank": null, "stakes_score": 61.4, "gap_rank": 101.0 }, "geometry": { "type": "Point", "coordinates": [ 117.2469219, 6.8606122 ] } },
{ "type": "Feature", "properties": { "name": "Kampung Pengkalan Peturu", "place": "village", "pop_2km": 343, "seasonal_water_px": 144, "flood_prone": true, "rwi": -0.026, "elevation_m": 60.0, "settlement_id": "S0025", "dl_mbps": 11.579, "ul_mbps": 7.14, "latency_ms": 73.0, "n_tests": 1, "n_tiles": 1, "evidence_tier": "insufficient", "n_schools_3km": 0, "n_clinics_3km": 0, "p_connectivity": null, "p_population": null, "p_institutions": null, "p_equity": null, "dipi": null, "rank": null, "stakes_score": 67.6, "gap_rank": 66.0 }, "geometry": { "type": "Point", "coordinates": [ 116.3214984, 6.3432786 ] } },
{ "type": "Feature", "properties": { "name": "Nakadong", "place": "hamlet", "pop_2km": 0, "seasonal_water_px": 0, "flood_prone": false, "rwi": null, "elevation_m": 179.0, "settlement_id": "S0027", "dl_mbps": null, "ul_mbps": null, "latency_ms": null, "n_tests": 0, "n_tiles": 0, "evidence_tier": "insufficient", "n_schools_3km": 0, "n_clinics_3km": 0, "p_connectivity": null, "p_population": null, "p_institutions": null, "p_equity": null, "dipi": null, "rank": null, "stakes_score": 28.9, "gap_rank": 222.0 }, "geometry": { "type": "Point", "coordinates": [ 117.0647585, 6.2959391 ] } },
{ "type": "Feature", "properties": { "name": "Kg. Budu", "place": "village", "pop_2km": 329, "seasonal_water_px": 64, "flood_prone": true, "rwi": -0.39, "elevation_m": 45.0, "settlement_id": "S0031", "dl_mbps": 155.3115, "ul_mbps": 30.576, "latency_ms": 72.0, "n_tests": 4, "n_tiles": 3, "evidence_tier": "insufficient", "n_schools_3km": 0, "n_clinics_3km": 0, "p_connectivity": null, "p_population": null, "p_institutions": null, "p_equity": null, "dipi": null, "rank": null, "stakes_score": 66.9, "gap_rank": 70.0 }, "geometry": { "type": "Point", "coordinates": [ 117.2003781, 5.750838 ] } },
{ "type": "Feature", "properties": { "name": "Kg. Kapoi", "place": "hamlet", "pop_2km": 101, "seasonal_water_px": 0, "flood_prone": false, "rwi": -0.7255, "elevation_m": 64.0, "settlement_id": "S0032", "dl_mbps": 201.4165, "ul_mbps": 35.95, "latency_ms": 57.5, "n_tests": 2, "n_tiles": 2, "evidence_tier": "insufficient", "n_schools_3km": 0, "n_clinics_3km": 0, "p_connectivity": null, "p_population": null, "p_institutions": null, "p_equity": null, "dipi": null, "rank": null, "stakes_score": 55.9, "gap_rank": 131.0 }, "geometry": { "type": "Point", "coordinates": [ 117.1348698, 5.7523221 ] } },
{ "type": "Feature", "properties": { "name": "Botitian", "place": "hamlet", "pop_2km": 124, "seasonal_water_px": 79, "flood_prone": true, "rwi": -0.234, "elevation_m": 24.0, "settlement_id": "S0039", "dl_mbps": 53.671, "ul_mbps": 2.9305, "latency_ms": 52.5, "n_tests": 4, "n_tiles": 3, "evidence_tier": "insufficient", "n_schools_3km": 1, "n_clinics_3km": 0, "p_connectivity": null, "p_population": null, "p_institutions": null, "p_equity": null, "dipi": null, "rank": null, "stakes_score": 77.2, "gap_rank": 20.0 }, "geometry": { "type": "Point", "coordinates": [ 117.312438, 6.0493527 ] } },
{ "type": "Feature", "properties": { "name": "Kg. Pinuanakan", "place": "hamlet", "pop_2km": 240, "seasonal_water_px": 0, "flood_prone": false, "rwi": -0.4455, "elevation_m": 31.0, "settlement_id": "S0043", "dl_mbps": null, "ul_mbps": null, "latency_ms": null, "n_tests": 0, "n_tiles": 0, "evidence_tier": "insufficient", "n_schools_3km": 0, "n_clinics_3km": 0, "p_connectivity": null, "p_population": null, "p_institutions": null, "p_equity": null, "dipi": null, "rank": null, "stakes_score": 63.7, "gap_rank": 89.0 }, "geometry": { "type": "Point", "coordinates": [ 117.2469804, 5.8688397 ] } },
{ "type": "Feature", "properties": { "name": "Nabutan Baru", "place": "village", "pop_2km": 80, "seasonal_water_px": 34, "flood_prone": true, "rwi": -0.1505, "elevation_m": 280.0, "settlement_id": "S0046", "dl_mbps": null, "ul_mbps": null, "latency_ms": null, "n_tests": 0, "n_tiles": 0, "evidence_tier": "insufficient", "n_schools_3km": 0, "n_clinics_3km": 0, "p_connectivity": null, "p_population": null, "p_institutions": null, "p_equity": null, "dipi": null, "rank": null, "stakes_score": 51.7, "gap_rank": 152.0 }, "geometry": { "type": "Point", "coordinates": [ 116.799061, 5.8802415 ] } },
{ "type": "Feature", "properties": { "name": "Kampung Membulu", "place": "village", "pop_2km": 54, "seasonal_water_px": 0, "flood_prone": false, "rwi": -0.5945, "elevation_m": 349.0, "settlement_id": "S0047", "dl_mbps": null, "ul_mbps": null, "latency_ms": null, "n_tests": 0, "n_tiles": 0, "evidence_tier": "insufficient", "n_schools_3km": 0, "n_clinics_3km": 0, "p_connectivity": null, "p_population": null, "p_institutions": null, "p_equity": null, "dipi": null, "rank": null, "stakes_score": 48.2, "gap_rank": 190.0 }, "geometry": { "type": "Point", "coordinates": [ 116.1212014, 5.2052634 ] } },
{ "type": "Feature", "properties": { "name": "Kampung Monggis", "place": "hamlet", "pop_2km": 1369, "seasonal_water_px": 0, "flood_prone": false, "rwi": -0.403, "elevation_m": 294.0, "settlement_id": "S0061", "dl_mbps": 67.9185, "ul_mbps": 24.72, "latency_ms": 58.0, "n_tests": 4, "n_tiles": 3, "evidence_tier": "insufficient", "n_schools_3km": 0, "n_clinics_3km": 0, "p_connectivity": null, "p_population": null, "p_institutions": null, "p_equity": null, "dipi": null, "rank": null, "stakes_score": 75.7, "gap_rank": 27.0 }, "geometry": { "type": "Point", "coordinates": [ 116.7677359, 6.2072984 ] } },
{ "type": "Feature", "properties": { "name": "Kampung Rompon", "place": "village", "pop_2km": 741, "seasonal_water_px": 6, "flood_prone": true, "rwi": -0.5175, "elevation_m": 438.0, "settlement_id": "S0064", "dl_mbps": 216.1025, "ul_mbps": 10.9495, "latency_ms": 52.0, "n_tests": 2, "n_tiles": 1, "evidence_tier": "insufficient", "n_schools_3km": 0, "n_clinics_3km": 0, "p_connectivity": null, "p_population": null, "p_institutions": null, "p_equity": null, "dipi": null, "rank": null, "stakes_score": 72.8, "gap_rank": 40.0 }, "geometry": { "type": "Point", "coordinates": [ 116.3233754, 5.5091912 ] } },
{ "type": "Feature", "properties": { "name": "Suroh Suroh", "place": "hamlet", "pop_2km": 0, "seasonal_water_px": 21, "flood_prone": true, "rwi": -0.33166666666666667, "elevation_m": 53.0, "settlement_id": "S0065", "dl_mbps": null, "ul_mbps": null, "latency_ms": null, "n_tests": 0, "n_tiles": 0, "evidence_tier": "insufficient", "n_schools_3km": 0, "n_clinics_3km": 0, "p_connectivity": null, "p_population": null, "p_institutions": null, "p_equity": null, "dipi": null, "rank": null, "stakes_score": 28.9, "gap_rank": 222.0 }, "geometry": { "type": "Point", "coordinates": [ 117.1757298, 6.0327756 ] } },
{ "type": "Feature", "properties": { "name": "Basai", "place": "hamlet", "pop_2km": 215, "seasonal_water_px": 57, "flood_prone": true, "rwi": 0.072666666666666671, "elevation_m": 42.0, "settlement_id": "S0067", "dl_mbps": 163.7445, "ul_mbps": 21.551, "latency_ms": 59.0, "n_tests": 3, "n_tiles": 2, "evidence_tier": "insufficient", "n_schools_3km": 0, "n_clinics_3km": 0, "p_connectivity": null, "p_population": null, "p_institutions": null, "p_equity": null, "dipi": null, "rank": null, "stakes_score": 62.8, "gap_rank": 95.0 }, "geometry": { "type": "Point", "coordinates": [ 117.2390266, 6.0379927 ] } },
{ "type": "Feature", "properties": { "name": "Kampung Ulu Monsok", "place": "village", "pop_2km": 75, "seasonal_water_px": 0, "flood_prone": false, "rwi": -1.077, "elevation_m": 643.0, "settlement_id": "S0068", "dl_mbps": null, "ul_mbps": null, "latency_ms": null, "n_tests": 0, "n_tiles": 0, "evidence_tier": "insufficient", "n_schools_3km": 0, "n_clinics_3km": 0, "p_connectivity": null, "p_population": null, "p_institutions": null, "p_equity": null, "dipi": null, "rank": null, "stakes_score": 50.9, "gap_rank": 158.0 }, "geometry": { "type": "Point", "coordinates": [ 116.3886553, 5.5492439 ] } },
{ "type": "Feature", "properties": { "name": "Kg. Ponobukan", "place": "hamlet", "pop_2km": 300, "seasonal_water_px": 2, "flood_prone": false, "rwi": -0.634, "elevation_m": 269.0, "settlement_id": "S0071", "dl_mbps": 1.137, "ul_mbps": 0.024, "latency_ms": 253.0, "n_tests": 1, "n_tiles": 1, "evidence_tier": "insufficient", "n_schools_3km": 0, "n_clinics_3km": 0, "p_connectivity": null, "p_population": null, "p_institutions": null, "p_equity": null, "dipi": null, "rank": null, "stakes_score": 65.8, "gap_rank": 77.0 }, "geometry": { "type": "Point", "coordinates": [ 116.1921266, 5.7743233 ] } },
{ "type": "Feature", "properties": { "name": "Malaing", "place": "hamlet", "pop_2km": 206, "seasonal_water_px": 0, "flood_prone": false, "rwi": null, "elevation_m": 405.0, "settlement_id": "S0097", "dl_mbps": null, "ul_mbps": null, "latency_ms": null, "n_tests": 0, "n_tiles": 0, "evidence_tier": "insufficient", "n_schools_3km": 0, "n_clinics_3km": 0, "p_connectivity": null, "p_population": null, "p_institutions": null, "p_equity": null, "dipi": null, "rank": null, "stakes_score": 62.2, "gap_rank": 98.0 }, "geometry": { "type": "Point", "coordinates": [ 116.1150432, 4.9451215 ] } },
{ "type": "Feature", "properties": { "name": "Kampung Pohon Batu", "place": "hamlet", "pop_2km": 0, "seasonal_water_px": 0, "flood_prone": false, "rwi": null, "elevation_m": 537.0, "settlement_id": "S0100", "dl_mbps": null, "ul_mbps": null, "latency_ms": null, "n_tests": 0, "n_tiles": 0, "evidence_tier": "insufficient", "n_schools_3km": 1, "n_clinics_3km": 0, "p_connectivity": null, "p_population": null, "p_institutions": null, "p_equity": null, "dipi": null, "rank": null, "stakes_score": 48.4, "gap_rank": 172.0 }, "geometry": { "type": "Point", "coordinates": [ 116.1886423, 4.7903003 ] } },
{ "type": "Feature", "properties": { "name": "Tataluan", "place": "hamlet", "pop_2km": 89, "seasonal_water_px": 0, "flood_prone": false, "rwi": -0.2955, "elevation_m": 444.0, "settlement_id": "S0103", "dl_mbps": 128.582, "ul_mbps": 47.762, "latency_ms": 19.0, "n_tests": 1, "n_tiles": 1, "evidence_tier": "insufficient", "n_schools_3km": 0, "n_clinics_3km": 0, "p_connectivity": null, "p_population": null, "p_institutions": null, "p_equity": null, "dipi": null, "rank": null, "stakes_score": 53.1, "gap_rank": 143.0 }, "geometry": { "type": "Point", "coordinates": [ 116.4924831, 4.8853486 ] } },
{ "type": "Feature", "properties": { "name": "Susul", "place": "hamlet", "pop_2km": 0, "seasonal_water_px": 1, "flood_prone": false, "rwi": -0.025, "elevation_m": 191.0, "settlement_id": "S0106", "dl_mbps": null, "ul_mbps": null, "latency_ms": null, "n_tests": 0, "n_tiles": 0, "evidence_tier": "insufficient", "n_schools_3km": 0, "n_clinics_3km": 0, "p_connectivity": null, "p_population": null, "p_institutions": null, "p_equity": null, "dipi": null, "rank": null, "stakes_score": 28.9, "gap_rank": 222.0 }, "geometry": { "type": "Point", "coordinates": [ 116.6665974, 4.9062971 ] } },
{ "type": "Feature", "properties": { "name": "Kampung Dumiri", "place": "hamlet", "pop_2km": 0, "seasonal_water_px": 0, "flood_prone": false, "rwi": null, "elevation_m": 185.0, "settlement_id": "S0108", "dl_mbps": null, "ul_mbps": null, "latency_ms": null, "n_tests": 0, "n_tiles": 0, "evidence_tier": "insufficient", "n_schools_3km": 0, "n_clinics_3km": 0, "p_connectivity": null, "p_population": null, "p_institutions": null, "p_equity": null, "dipi": null, "rank": null, "stakes_score": 28.9, "gap_rank": 222.0 }, "geometry": { "type": "Point", "coordinates": [ 116.6890821, 4.9369742 ] } },
{ "type": "Feature", "properties": { "name": "Kampung Lotung", "place": "village", "pop_2km": 41, "seasonal_water_px": 129, "flood_prone": true, "rwi": 0.309, "elevation_m": 127.0, "settlement_id": "S0110", "dl_mbps": null, "ul_mbps": null, "latency_ms": null, "n_tests": 0, "n_tiles": 0, "evidence_tier": "insufficient", "n_schools_3km": 0, "n_clinics_3km": 0, "p_connectivity": null, "p_population": null, "p_institutions": null, "p_equity": null, "dipi": null, "rank": null, "stakes_score": 45.5, "gap_rank": 201.0 }, "geometry": { "type": "Point", "coordinates": [ 116.8574793, 5.0044727 ] } },
{ "type": "Feature", "properties": { "name": "Pahetowai", "place": "village", "pop_2km": 41, "seasonal_water_px": 102, "flood_prone": true, "rwi": 0.309, "elevation_m": 133.0, "settlement_id": "S0112", "dl_mbps": null, "ul_mbps": null, "latency_ms": null, "n_tests": 0, "n_tiles": 0, "evidence_tier": "insufficient", "n_schools_3km": 0, "n_clinics_3km": 0, "p_connectivity": null, "p_population": null, "p_institutions": null, "p_equity": null, "dipi": null, "rank": null, "stakes_score": 45.5, "gap_rank": 201.0 }, "geometry": { "type": "Point", "coordinates": [ 116.8625477, 5.0096023 ] } },
{ "type": "Feature", "properties": { "name": "Pandawan", "place": "hamlet", "pop_2km": 1207, "seasonal_water_px": 0, "flood_prone": false, "rwi": -0.2775, "elevation_m": 437.0, "settlement_id": "S0120", "dl_mbps": 128.582, "ul_mbps": 47.762, "latency_ms": 19.0, "n_tests": 1, "n_tiles": 1, "evidence_tier": "insufficient", "n_schools_3km": 0, "n_clinics_3km": 0, "p_connectivity": null, "p_population": null, "p_institutions": null, "p_equity": null, "dipi": null, "rank": null, "stakes_score": 75.3, "gap_rank": 29.0 }, "geometry": { "type": "Point", "coordinates": [ 116.4932214, 4.9116486 ] } },
{ "type": "Feature", "properties": { "name": "Kampung Sosogoh", "place": "hamlet", "pop_2km": 34, "seasonal_water_px": 76, "flood_prone": true, "rwi": null, "elevation_m": 151.0, "settlement_id": "S0122", "dl_mbps": null, "ul_mbps": null, "latency_ms": null, "n_tests": 0, "n_tiles": 0, "evidence_tier": "insufficient", "n_schools_3km": 1, "n_clinics_3km": 0, "p_connectivity": null, "p_population": null, "p_institutions": null, "p_equity": null, "dipi": null, "rank": null, "stakes_score": 63.7, "gap_rank": 89.0 }, "geometry": { "type": "Point", "coordinates": [ 116.4406405, 4.5622237 ] } },
{ "type": "Feature", "properties": { "name": "Dolamos", "place": "village", "pop_2km": 99, "seasonal_water_px": 0, "flood_prone": false, "rwi": -0.38, "elevation_m": 26.0, "settlement_id": "S0123", "dl_mbps": null, "ul_mbps": null, "latency_ms": null, "n_tests": 0, "n_tiles": 0, "evidence_tier": "insufficient", "n_schools_3km": 0, "n_clinics_3km": 0, "p_connectivity": null, "p_population": null, "p_institutions": null, "p_equity": null, "dipi": null, "rank": null, "stakes_score": 55.7, "gap_rank": 132.0 }, "geometry": { "type": "Point", "coordinates": [ 117.3361572, 6.3082139 ] } },
{ "type": "Feature", "properties": { "name": "Kampung Tonomon", "place": "hamlet", "pop_2km": 0, "seasonal_water_px": 7, "flood_prone": true, "rwi": 0.0655, "elevation_m": 290.0, "settlement_id": "S0127", "dl_mbps": null, "ul_mbps": null, "latency_ms": null, "n_tests": 0, "n_tiles": 0, "evidence_tier": "insufficient", "n_schools_3km": 0, "n_clinics_3km": 0, "p_connectivity": null, "p_population": null, "p_institutions": null, "p_equity": null, "dipi": null, "rank": null, "stakes_score": 28.9, "gap_rank": 222.0 }, "geometry": { "type": "Point", "coordinates": [ 116.5239177, 4.6820484 ] } },
{ "type": "Feature", "properties": { "name": "Salarom Taka", "place": "village", "pop_2km": 810, "seasonal_water_px": 4, "flood_prone": false, "rwi": -0.33525, "elevation_m": 309.0, "settlement_id": "S0128", "dl_mbps": 113.0415, "ul_mbps": 25.5985, "latency_ms": 80.0, "n_tests": 4, "n_tiles": 2, "evidence_tier": "insufficient", "n_schools_3km": 2, "n_clinics_3km": 0, "p_connectivity": null, "p_population": null, "p_institutions": null, "p_equity": null, "dipi": null, "rank": null, "stakes_score": 96.2, "gap_rank": 2.0 }, "geometry": { "type": "Point", "coordinates": [ 116.6034504, 4.6724662 ] } },
{ "type": "Feature", "properties": { "name": "Kampung Salarom Lama", "place": "hamlet", "pop_2km": 0, "seasonal_water_px": 13, "flood_prone": true, "rwi": -0.438, "elevation_m": 282.0, "settlement_id": "S0129", "dl_mbps": null, "ul_mbps": null, "latency_ms": null, "n_tests": 0, "n_tiles": 0, "evidence_tier": "insufficient", "n_schools_3km": 0, "n_clinics_3km": 0, "p_connectivity": null, "p_population": null, "p_institutions": null, "p_equity": null, "dipi": null, "rank": null, "stakes_score": 28.9, "gap_rank": 222.0 }, "geometry": { "type": "Point", "coordinates": [ 116.1604985, 4.5381511 ] } },
{ "type": "Feature", "properties": { "name": "Kampung Simbulon", "place": "village", "pop_2km": 228, "seasonal_water_px": 0, "flood_prone": false, "rwi": -0.194, "elevation_m": 614.0, "settlement_id": "S0136", "dl_mbps": 22.76, "ul_mbps": 0.113, "latency_ms": 30.0, "n_tests": 1, "n_tiles": 1, "evidence_tier": "insufficient", "n_schools_3km": 0, "n_clinics_3km": 0, "p_connectivity": null, "p_population": null, "p_institutions": null, "p_equity": null, "dipi": null, "rank": null, "stakes_score": 63.3, "gap_rank": 91.0 }, "geometry": { "type": "Point", "coordinates": [ 116.3542796, 5.9251226 ] } },
{ "type": "Feature", "properties": { "name": null, "place": "village", "pop_2km": 38, "seasonal_water_px": 0, "flood_prone": false, "rwi": -0.814, "elevation_m": 75.0, "settlement_id": "S0142", "dl_mbps": null, "ul_mbps": null, "latency_ms": null, "n_tests": 0, "n_tiles": 0, "evidence_tier": "insufficient", "n_schools_3km": 0, "n_clinics_3km": 0, "p_connectivity": null, "p_population": null, "p_institutions": null, "p_equity": null, "dipi": null, "rank": null, "stakes_score": 44.8, "gap_rank": 204.0 }, "geometry": { "type": "Point", "coordinates": [ 116.927504, 5.2877832 ] } },
{ "type": "Feature", "properties": { "name": "Kampung Sinarupa", "place": "village", "pop_2km": 0, "seasonal_water_px": 0, "flood_prone": false, "rwi": null, "elevation_m": 123.0, "settlement_id": "S0143", "dl_mbps": null, "ul_mbps": null, "latency_ms": null, "n_tests": 0, "n_tiles": 0, "evidence_tier": "insufficient", "n_schools_3km": 0, "n_clinics_3km": 0, "p_connectivity": null, "p_population": null, "p_institutions": null, "p_equity": null, "dipi": null, "rank": null, "stakes_score": 28.9, "gap_rank": 222.0 }, "geometry": { "type": "Point", "coordinates": [ 117.0357363, 5.2470262 ] } },
{ "type": "Feature", "properties": { "name": "Kampung Adian", "place": "village", "pop_2km": 0, "seasonal_water_px": 8, "flood_prone": true, "rwi": null, "elevation_m": 57.0, "settlement_id": "S0144", "dl_mbps": null, "ul_mbps": null, "latency_ms": null, "n_tests": 0, "n_tiles": 0, "evidence_tier": "insufficient", "n_schools_3km": 0, "n_clinics_3km": 0, "p_connectivity": null, "p_population": null, "p_institutions": null, "p_equity": null, "dipi": null, "rank": null, "stakes_score": 28.9, "gap_rank": 222.0 }, "geometry": { "type": "Point", "coordinates": [ 117.123845, 5.2495224 ] } },
{ "type": "Feature", "properties": { "name": "Kg. Limpada", "place": "hamlet", "pop_2km": 0, "seasonal_water_px": 42, "flood_prone": true, "rwi": -0.618, "elevation_m": 87.0, "settlement_id": "S0146", "dl_mbps": null, "ul_mbps": null, "latency_ms": null, "n_tests": 0, "n_tiles": 0, "evidence_tier": "insufficient", "n_schools_3km": 0, "n_clinics_3km": 0, "p_connectivity": null, "p_population": null, "p_institutions": null, "p_equity": null, "dipi": null, "rank": null, "stakes_score": 28.9, "gap_rank": 222.0 }, "geometry": { "type": "Point", "coordinates": [ 116.7273727, 5.2344907 ] } },
{ "type": "Feature", "properties": { "name": "Kg.Pingas", "place": "hamlet", "pop_2km": 0, "seasonal_water_px": 8, "flood_prone": true, "rwi": null, "elevation_m": 111.0, "settlement_id": "S0147", "dl_mbps": null, "ul_mbps": null, "latency_ms": null, "n_tests": 0, "n_tiles": 0, "evidence_tier": "insufficient", "n_schools_3km": 0, "n_clinics_3km": 0, "p_connectivity": null, "p_population": null, "p_institutions": null, "p_equity": null, "dipi": null, "rank": null, "stakes_score": 28.9, "gap_rank": 222.0 }, "geometry": { "type": "Point", "coordinates": [ 116.6980751, 5.168687 ] } },
{ "type": "Feature", "properties": { "name": "Kampung Intutan", "place": "village", "pop_2km": 88, "seasonal_water_px": 36, "flood_prone": true, "rwi": -0.2865, "elevation_m": 135.0, "settlement_id": "S0148", "dl_mbps": null, "ul_mbps": null, "latency_ms": null, "n_tests": 0, "n_tiles": 0, "evidence_tier": "insufficient", "n_schools_3km": 0, "n_clinics_3km": 0, "p_connectivity": null, "p_population": null, "p_institutions": null, "p_equity": null, "dipi": null, "rank": null, "stakes_score": 52.6, "gap_rank": 146.0 }, "geometry": { "type": "Point", "coordinates": [ 116.8737008, 5.0644994 ] } },
{ "type": "Feature", "properties": { "name": "Ulu Tomani", "place": "village", "pop_2km": 162, "seasonal_water_px": 0, "flood_prone": false, "rwi": -0.317, "elevation_m": 402.0, "settlement_id": "S0161", "dl_mbps": 38.605, "ul_mbps": 10.892, "latency_ms": 36.0, "n_tests": 3, "n_tiles": 1, "evidence_tier": "insufficient", "n_schools_3km": 0, "n_clinics_3km": 0, "p_connectivity": null, "p_population": null, "p_institutions": null, "p_equity": null, "dipi": null, "rank": null, "stakes_score": 60.2, "gap_rank": 111.0 }, "geometry": { "type": "Point", "coordinates": [ 115.8694316, 4.694062 ] } },
{ "type": "Feature", "properties": { "name": "Tangkulap", "place": "village", "pop_2km": 0, "seasonal_water_px": 0, "flood_prone": false, "rwi": -0.398, "elevation_m": 199.0, "settlement_id": "S0163", "dl_mbps": null, "ul_mbps": null, "latency_ms": null, "n_tests": 0, "n_tiles": 0, "evidence_tier": "insufficient", "n_schools_3km": 0, "n_clinics_3km": 0, "p_connectivity": null, "p_population": null, "p_institutions": null, "p_equity": null, "dipi": null, "rank": null, "stakes_score": 28.9, "gap_rank": 222.0 }, "geometry": { "type": "Point", "coordinates": [ 117.2839792, 5.2929123 ] } },
{ "type": "Feature", "properties": { "name": "Kampung Delima", "place": "village", "pop_2km": 0, "seasonal_water_px": 97, "flood_prone": true, "rwi": -0.443, "elevation_m": 13.0, "settlement_id": "S0167", "dl_mbps": null, "ul_mbps": null, "latency_ms": null, "n_tests": 0, "n_tiles": 0, "evidence_tier": "insufficient", "n_schools_3km": 0, "n_clinics_3km": 0, "p_connectivity": null, "p_population": null, "p_institutions": null, "p_equity": null, "dipi": null, "rank": null, "stakes_score": 28.9, "gap_rank": 222.0 }, "geometry": { "type": "Point", "coordinates": [ 117.2420296, 6.6873606 ] } },
{ "type": "Feature", "properties": { "name": "Kampung Samawang", "place": "village", "pop_2km": 0, "seasonal_water_px": 72, "flood_prone": true, "rwi": -0.486, "elevation_m": 6.0, "settlement_id": "S0204", "dl_mbps": 125.708, "ul_mbps": 5.642, "latency_ms": 35.0, "n_tests": 2, "n_tiles": 1, "evidence_tier": "insufficient", "n_schools_3km": 0, "n_clinics_3km": 0, "p_connectivity": null, "p_population": null, "p_institutions": null, "p_equity": null, "dipi": null, "rank": null, "stakes_score": 28.9, "gap_rank": 222.0 }, "geometry": { "type": "Point", "coordinates": [ 117.7734137, 5.9063528 ] } },
{ "type": "Feature", "properties": { "name": "Kampung Tabanka", "place": "village", "pop_2km": 71, "seasonal_water_px": 86, "flood_prone": true, "rwi": -0.476, "elevation_m": 6.0, "settlement_id": "S0206", "dl_mbps": null, "ul_mbps": null, "latency_ms": null, "n_tests": 0, "n_tiles": 0, "evidence_tier": "insufficient", "n_schools_3km": 0, "n_clinics_3km": 0, "p_connectivity": null, "p_population": null, "p_institutions": null, "p_equity": null, "dipi": null, "rank": null, "stakes_score": 50.3, "gap_rank": 161.0 }, "geometry": { "type": "Point", "coordinates": [ 118.0399306, 6.0192756 ] } },
{ "type": "Feature", "properties": { "name": "Kg. Perpaduan Datok Moh", "place": "village", "pop_2km": 128, "seasonal_water_px": 0, "flood_prone": false, "rwi": -0.236, "elevation_m": 12.0, "settlement_id": "S0228", "dl_mbps": 91.6935, "ul_mbps": 7.243, "latency_ms": 40.5, "n_tests": 2, "n_tiles": 2, "evidence_tier": "insufficient", "n_schools_3km": 0, "n_clinics_3km": 1, "p_connectivity": null, "p_population": null, "p_institutions": null, "p_equity": null, "dipi": null, "rank": null, "stakes_score": 77.5, "gap_rank": 18.0 }, "geometry": { "type": "Point", "coordinates": [ 117.952007, 5.4472156 ] } },
{ "type": "Feature", "properties": { "name": "Pangi", "place": "village", "pop_2km": 1004, "seasonal_water_px": 85, "flood_prone": true, "rwi": -0.27533333333333332, "elevation_m": 101.0, "settlement_id": "S0236", "dl_mbps": 79.188, "ul_mbps": 18.011, "latency_ms": 58.0, "n_tests": 3, "n_tiles": 2, "evidence_tier": "insufficient", "n_schools_3km": 0, "n_clinics_3km": 0, "p_connectivity": null, "p_population": null, "p_institutions": null, "p_equity": null, "dipi": null, "rank": null, "stakes_score": 74.8, "gap_rank": 32.0 }, "geometry": { "type": "Point", "coordinates": [ 115.8645731, 5.1391058 ] } },
{ "type": "Feature", "properties": { "name": "Halogilat", "place": "hamlet", "pop_2km": 282, "seasonal_water_px": 86, "flood_prone": true, "rwi": -0.351, "elevation_m": 34.0, "settlement_id": "S0237", "dl_mbps": 7.918, "ul_mbps": 1.962, "latency_ms": 103.5, "n_tests": 3, "n_tiles": 2, "evidence_tier": "insufficient", "n_schools_3km": 0, "n_clinics_3km": 0, "p_connectivity": null, "p_population": null, "p_institutions": null, "p_equity": null, "dipi": null, "rank": null, "stakes_score": 65.1, "gap_rank": 83.0 }, "geometry": { "type": "Point", "coordinates": [ 115.8315613, 5.2550808 ] } },
{ "type": "Feature", "properties": { "name": "Rayoh", "place": "village", "pop_2km": 466, "seasonal_water_px": 65, "flood_prone": true, "rwi": -0.6545, "elevation_m": 55.0, "settlement_id": "S0238", "dl_mbps": 2.056, "ul_mbps": 39.479, "latency_ms": 70.0, "n_tests": 1, "n_tiles": 1, "evidence_tier": "insufficient", "n_schools_3km": 0, "n_clinics_3km": 0, "p_connectivity": null, "p_population": null, "p_institutions": null, "p_equity": null, "dipi": null, "rank": null, "stakes_score": 69.8, "gap_rank": 57.0 }, "geometry": { "type": "Point", "coordinates": [ 115.8804136, 5.2094947 ] } },
{ "type": "Feature", "properties": { "name": null, "place": "village", "pop_2km": 0, "seasonal_water_px": 0, "flood_prone": false, "rwi": -0.5485, "elevation_m": 22.0, "settlement_id": "S0264", "dl_mbps": null, "ul_mbps": null, "latency_ms": null, "n_tests": 0, "n_tiles": 0, "evidence_tier": "insufficient", "n_schools_3km": 0, "n_clinics_3km": 0, "p_connectivity": null, "p_population": null, "p_institutions": null, "p_equity": null, "dipi": null, "rank": null, "stakes_score": 28.9, "gap_rank": 222.0 }, "geometry": { "type": "Point", "coordinates": [ 117.240836, 6.5782977 ] } },
{ "type": "Feature", "properties": { "name": "Melubang", "place": "village", "pop_2km": 113, "seasonal_water_px": 58, "flood_prone": true, "rwi": null, "elevation_m": 8.0, "settlement_id": "S0268", "dl_mbps": null, "ul_mbps": null, "latency_ms": null, "n_tests": 0, "n_tiles": 0, "evidence_tier": "insufficient", "n_schools_3km": 0, "n_clinics_3km": 0, "p_connectivity": null, "p_population": null, "p_institutions": null, "p_equity": null, "dipi": null, "rank": null, "stakes_score": 56.8, "gap_rank": 124.0 }, "geometry": { "type": "Point", "coordinates": [ 117.0601432, 6.9584961 ] } },
{ "type": "Feature", "properties": { "name": "Rundum Highland", "place": "village", "pop_2km": 28, "seasonal_water_px": 0, "flood_prone": false, "rwi": -0.226, "elevation_m": 1217.0, "settlement_id": "S0270", "dl_mbps": 2.485, "ul_mbps": 0.719, "latency_ms": 351.0, "n_tests": 2, "n_tiles": 1, "evidence_tier": "insufficient", "n_schools_3km": 0, "n_clinics_3km": 0, "p_connectivity": null, "p_population": null, "p_institutions": null, "p_equity": null, "dipi": null, "rank": null, "stakes_score": 43.2, "gap_rank": 211.0 }, "geometry": { "type": "Point", "coordinates": [ 116.0437506, 4.7862009 ] } },
{ "type": "Feature", "properties": { "name": null, "place": "village", "pop_2km": 62, "seasonal_water_px": 0, "flood_prone": false, "rwi": -0.136, "elevation_m": 658.0, "settlement_id": "S0271", "dl_mbps": null, "ul_mbps": null, "latency_ms": null, "n_tests": 0, "n_tiles": 0, "evidence_tier": "insufficient", "n_schools_3km": 0, "n_clinics_3km": 0, "p_connectivity": null, "p_population": null, "p_institutions": null, "p_equity": null, "dipi": null, "rank": null, "stakes_score": 49.0, "gap_rank": 168.0 }, "geometry": { "type": "Point", "coordinates": [ 116.007746, 4.9162543 ] } },
{ "type": "Feature", "properties": { "name": null, "place": "village", "pop_2km": 0, "seasonal_water_px": 143, "flood_prone": true, "rwi": -0.327, "elevation_m": 13.0, "settlement_id": "S0278", "dl_mbps": 32.7285, "ul_mbps": 20.2185, "latency_ms": 57.5, "n_tests": 4, "n_tiles": 2, "evidence_tier": "insufficient", "n_schools_3km": 0, "n_clinics_3km": 0, "p_connectivity": null, "p_population": null, "p_institutions": null, "p_equity": null, "dipi": null, "rank": null, "stakes_score": 28.9, "gap_rank": 222.0 }, "geometry": { "type": "Point", "coordinates": [ 116.6695267, 6.8236007 ] } },
{ "type": "Feature", "properties": { "name": "Tibabar", "place": "village", "pop_2km": 140, "seasonal_water_px": 2, "flood_prone": false, "rwi": 0.084, "elevation_m": 160.0, "settlement_id": "S0283", "dl_mbps": 57.823, "ul_mbps": 3.555, "latency_ms": 40.5, "n_tests": 2, "n_tiles": 1, "evidence_tier": "insufficient", "n_schools_3km": 0, "n_clinics_3km": 0, "p_connectivity": null, "p_population": null, "p_institutions": null, "p_equity": null, "dipi": null, "rank": null, "stakes_score": 58.8, "gap_rank": 118.0 }, "geometry": { "type": "Point", "coordinates": [ 116.8606428, 6.165634 ] } },
{ "type": "Feature", "properties": { "name": "Lobou Lama", "place": "village", "pop_2km": 56, "seasonal_water_px": 1, "flood_prone": false, "rwi": -0.181, "elevation_m": 141.0, "settlement_id": "S0286", "dl_mbps": 57.823, "ul_mbps": 3.555, "latency_ms": 40.5, "n_tests": 2, "n_tiles": 1, "evidence_tier": "insufficient", "n_schools_3km": 0, "n_clinics_3km": 0, "p_connectivity": null, "p_population": null, "p_institutions": null, "p_equity": null, "dipi": null, "rank": null, "stakes_score": 48.4, "gap_rank": 172.0 }, "geometry": { "type": "Point", "coordinates": [ 116.8757116, 6.176349 ] } },
{ "type": "Feature", "properties": { "name": "Tumbalang", "place": "village", "pop_2km": 0, "seasonal_water_px": 84, "flood_prone": true, "rwi": -0.211, "elevation_m": 193.0, "settlement_id": "S0288", "dl_mbps": 25.9695, "ul_mbps": 0.698, "latency_ms": 43.0, "n_tests": 2, "n_tiles": 2, "evidence_tier": "insufficient", "n_schools_3km": 0, "n_clinics_3km": 0, "p_connectivity": null, "p_population": null, "p_institutions": null, "p_equity": null, "dipi": null, "rank": null, "stakes_score": 28.9, "gap_rank": 222.0 }, "geometry": { "type": "Point", "coordinates": [ 116.8898098, 6.1544674 ] } },
{ "type": "Feature", "properties": { "name": "Mangkapoh", "place": "village", "pop_2km": 295, "seasonal_water_px": 136, "flood_prone": true, "rwi": -0.0175, "elevation_m": 99.0, "settlement_id": "S0292", "dl_mbps": 156.018, "ul_mbps": 4.858, "latency_ms": 67.0, "n_tests": 1, "n_tiles": 1, "evidence_tier": "insufficient", "n_schools_3km": 0, "n_clinics_3km": 0, "p_connectivity": null, "p_population": null, "p_institutions": null, "p_equity": null, "dipi": null, "rank": null, "stakes_score": 65.3, "gap_rank": 82.0 }, "geometry": { "type": "Point", "coordinates": [ 116.9506451, 6.1293593 ] } },
{ "type": "Feature", "properties": { "name": "Kampung Paka Kiulu", "place": "village", "pop_2km": 22, "seasonal_water_px": 0, "flood_prone": false, "rwi": -0.4725, "elevation_m": 333.0, "settlement_id": "S0299", "dl_mbps": null, "ul_mbps": null, "latency_ms": null, "n_tests": 0, "n_tiles": 0, "evidence_tier": "insufficient", "n_schools_3km": 0, "n_clinics_3km": 0, "p_connectivity": null, "p_population": null, "p_institutions": null, "p_equity": null, "dipi": null, "rank": null, "stakes_score": 41.4, "gap_rank": 219.0 }, "geometry": { "type": "Point", "coordinates": [ 116.3930816, 5.994343 ] } },
{ "type": "Feature", "properties": { "name": null, "place": "hamlet", "pop_2km": 0, "seasonal_water_px": 124, "flood_prone": true, "rwi": -0.341, "elevation_m": 15.0, "settlement_id": "S0303", "dl_mbps": null, "ul_mbps": null, "latency_ms": null, "n_tests": 0, "n_tiles": 0, "evidence_tier": "insufficient", "n_schools_3km": 0, "n_clinics_3km": 0, "p_connectivity": null, "p_population": null, "p_institutions": null, "p_equity": null, "dipi": null, "rank": null, "stakes_score": 28.9, "gap_rank": 222.0 }, "geometry": { "type": "Point", "coordinates": [ 117.317854, 7.2318714 ] } },
{ "type": "Feature", "properties": { "name": null, "place": "hamlet", "pop_2km": 0, "seasonal_water_px": 125, "flood_prone": true, "rwi": -0.341, "elevation_m": 0.0, "settlement_id": "S0304", "dl_mbps": null, "ul_mbps": null, "latency_ms": null, "n_tests": 0, "n_tiles": 0, "evidence_tier": "insufficient", "n_schools_3km": 0, "n_clinics_3km": 0, "p_connectivity": null, "p_population": null, "p_institutions": null, "p_equity": null, "dipi": null, "rank": null, "stakes_score": 28.9, "gap_rank": 222.0 }, "geometry": { "type": "Point", "coordinates": [ 117.3195224, 7.2333988 ] } },
{ "type": "Feature", "properties": { "name": null, "place": "hamlet", "pop_2km": 0, "seasonal_water_px": 83, "flood_prone": true, "rwi": -0.341, "elevation_m": 3.0, "settlement_id": "S0305", "dl_mbps": null, "ul_mbps": null, "latency_ms": null, "n_tests": 0, "n_tiles": 0, "evidence_tier": "insufficient", "n_schools_3km": 0, "n_clinics_3km": 0, "p_connectivity": null, "p_population": null, "p_institutions": null, "p_equity": null, "dipi": null, "rank": null, "stakes_score": 28.9, "gap_rank": 222.0 }, "geometry": { "type": "Point", "coordinates": [ 117.3236288, 7.2213103 ] } },
{ "type": "Feature", "properties": { "name": null, "place": "hamlet", "pop_2km": 0, "seasonal_water_px": 135, "flood_prone": true, "rwi": -0.341, "elevation_m": 7.0, "settlement_id": "S0306", "dl_mbps": null, "ul_mbps": null, "latency_ms": null, "n_tests": 0, "n_tiles": 0, "evidence_tier": "insufficient", "n_schools_3km": 0, "n_clinics_3km": 0, "p_connectivity": null, "p_population": null, "p_institutions": null, "p_equity": null, "dipi": null, "rank": null, "stakes_score": 28.9, "gap_rank": 222.0 }, "geometry": { "type": "Point", "coordinates": [ 117.3112692, 7.2083514 ] } },
{ "type": "Feature", "properties": { "name": "Kampung Puhus", "place": "village", "pop_2km": 278, "seasonal_water_px": 0, "flood_prone": false, "rwi": -0.4485, "elevation_m": 470.0, "settlement_id": "S0347", "dl_mbps": 13.434, "ul_mbps": 5.68, "latency_ms": 69.0, "n_tests": 3, "n_tiles": 2, "evidence_tier": "insufficient", "n_schools_3km": 1, "n_clinics_3km": 0, "p_connectivity": null, "p_population": null, "p_institutions": null, "p_equity": null, "dipi": null, "rank": null, "stakes_score": 84.4, "gap_rank": 12.0 }, "geometry": { "type": "Point", "coordinates": [ 116.3904003, 6.2594075 ] } },
{ "type": "Feature", "properties": { "name": "Kampung Tinindukan", "place": "village", "pop_2km": 498, "seasonal_water_px": 0, "flood_prone": false, "rwi": -0.48366666666666669, "elevation_m": 170.0, "settlement_id": "S0376", "dl_mbps": null, "ul_mbps": null, "latency_ms": null, "n_tests": 0, "n_tiles": 0, "evidence_tier": "insufficient", "n_schools_3km": 1, "n_clinics_3km": 0, "p_connectivity": null, "p_population": null, "p_institutions": null, "p_equity": null, "dipi": null, "rank": null, "stakes_score": 89.6, "gap_rank": 8.0 }, "geometry": { "type": "Point", "coordinates": [ 116.760687, 6.2961999 ] } },
{ "type": "Feature", "properties": { "name": "Kampung Pompodon", "place": "village", "pop_2km": 827, "seasonal_water_px": 13, "flood_prone": true, "rwi": -0.385, "elevation_m": 90.0, "settlement_id": "S0381", "dl_mbps": 4.4765, "ul_mbps": 1.152, "latency_ms": 61.0, "n_tests": 4, "n_tiles": 2, "evidence_tier": "insufficient", "n_schools_3km": 0, "n_clinics_3km": 0, "p_connectivity": null, "p_population": null, "p_institutions": null, "p_equity": null, "dipi": null, "rank": null, "stakes_score": 74.1, "gap_rank": 35.0 }, "geometry": { "type": "Point", "coordinates": [ 116.7548147, 6.3629363 ] } },
{ "type": "Feature", "properties": { "name": "Kampung Talamason", "place": "village", "pop_2km": 1061, "seasonal_water_px": 0, "flood_prone": false, "rwi": -0.4165, "elevation_m": 168.0, "settlement_id": "S0382", "dl_mbps": 4.4765, "ul_mbps": 1.152, "latency_ms": 61.0, "n_tests": 4, "n_tiles": 2, "evidence_tier": "insufficient", "n_schools_3km": 0, "n_clinics_3km": 0, "p_connectivity": null, "p_population": null, "p_institutions": null, "p_equity": null, "dipi": null, "rank": null, "stakes_score": 75.0, "gap_rank": 31.0 }, "geometry": { "type": "Point", "coordinates": [ 116.7450321, 6.36331 ] } },
{ "type": "Feature", "properties": { "name": "Kampung Sungai", "place": "village", "pop_2km": 67, "seasonal_water_px": 0, "flood_prone": false, "rwi": -0.782, "elevation_m": 142.0, "settlement_id": "S0385", "dl_mbps": null, "ul_mbps": null, "latency_ms": null, "n_tests": 0, "n_tiles": 0, "evidence_tier": "insufficient", "n_schools_3km": 0, "n_clinics_3km": 0, "p_connectivity": null, "p_population": null, "p_institutions": null, "p_equity": null, "dipi": null, "rank": null, "stakes_score": 49.7, "gap_rank": 164.0 }, "geometry": { "type": "Point", "coordinates": [ 116.6393698, 6.4858096 ] } },
{ "type": "Feature", "properties": { "name": "Kampung Melapi Sugut", "place": "village", "pop_2km": 0, "seasonal_water_px": 110, "flood_prone": true, "rwi": -0.525, "elevation_m": 48.0, "settlement_id": "S0398", "dl_mbps": 98.612, "ul_mbps": 9.319, "latency_ms": 150.0, "n_tests": 3, "n_tiles": 1, "evidence_tier": "insufficient", "n_schools_3km": 0, "n_clinics_3km": 0, "p_connectivity": null, "p_population": null, "p_institutions": null, "p_equity": null, "dipi": null, "rank": null, "stakes_score": 28.9, "gap_rank": 222.0 }, "geometry": { "type": "Point", "coordinates": [ 117.2550722, 6.2182436 ] } },
{ "type": "Feature", "properties": { "name": "Kampung Lok Nunuk", "place": "village", "pop_2km": 531, "seasonal_water_px": 31, "flood_prone": true, "rwi": 0.217, "elevation_m": 5.0, "settlement_id": "S0408", "dl_mbps": null, "ul_mbps": null, "latency_ms": null, "n_tests": 0, "n_tiles": 0, "evidence_tier": "insufficient", "n_schools_3km": 0, "n_clinics_3km": 0, "p_connectivity": null, "p_population": null, "p_institutions": null, "p_equity": null, "dipi": null, "rank": null, "stakes_score": 70.7, "gap_rank": 52.0 }, "geometry": { "type": "Point", "coordinates": [ 116.2814788, 6.2974555 ] } },
{ "type": "Feature", "properties": { "name": "Kampung Baru-Baru", "place": "village", "pop_2km": 550, "seasonal_water_px": 72, "flood_prone": true, "rwi": 0.217, "elevation_m": 8.0, "settlement_id": "S0409", "dl_mbps": null, "ul_mbps": null, "latency_ms": null, "n_tests": 0, "n_tiles": 0, "evidence_tier": "insufficient", "n_schools_3km": 0, "n_clinics_3km": 0, "p_connectivity": null, "p_population": null, "p_institutions": null, "p_equity": null, "dipi": null, "rank": null, "stakes_score": 71.0, "gap_rank": 49.0 }, "geometry": { "type": "Point", "coordinates": [ 116.2939116, 6.3040075 ] } },
{ "type": "Feature", "properties": { "name": "Kampung Tinagalan Ulu", "place": "hamlet", "pop_2km": 170, "seasonal_water_px": 0, "flood_prone": false, "rwi": -0.81266666666666654, "elevation_m": 356.0, "settlement_id": "S0415", "dl_mbps": 5.395, "ul_mbps": 1.316, "latency_ms": 71.0, "n_tests": 1, "n_tiles": 1, "evidence_tier": "insufficient", "n_schools_3km": 0, "n_clinics_3km": 0, "p_connectivity": null, "p_population": null, "p_institutions": null, "p_equity": null, "dipi": null, "rank": null, "stakes_score": 60.7, "gap_rank": 108.0 }, "geometry": { "type": "Point", "coordinates": [ 116.3036642, 5.0925878 ] } },
{ "type": "Feature", "properties": { "name": "Kampung Kotunuan Lama", "place": "village", "pop_2km": 74, "seasonal_water_px": 0, "flood_prone": false, "rwi": -0.37, "elevation_m": 861.0, "settlement_id": "S0425", "dl_mbps": null, "ul_mbps": null, "latency_ms": null, "n_tests": 0, "n_tiles": 0, "evidence_tier": "insufficient", "n_schools_3km": 0, "n_clinics_3km": 0, "p_connectivity": null, "p_population": null, "p_institutions": null, "p_equity": null, "dipi": null, "rank": null, "stakes_score": 50.7, "gap_rank": 159.0 }, "geometry": { "type": "Point", "coordinates": [ 116.4677881, 5.9529605 ] } },
{ "type": "Feature", "properties": { "name": "Kampung Pahu", "place": "village", "pop_2km": 89, "seasonal_water_px": 0, "flood_prone": false, "rwi": -0.54933333333333334, "elevation_m": 306.0, "settlement_id": "S0426", "dl_mbps": 7.89, "ul_mbps": 0.612, "latency_ms": 70.0, "n_tests": 2, "n_tiles": 1, "evidence_tier": "insufficient", "n_schools_3km": 0, "n_clinics_3km": 0, "p_connectivity": null, "p_population": null, "p_institutions": null, "p_equity": null, "dipi": null, "rank": null, "stakes_score": 53.1, "gap_rank": 143.0 }, "geometry": { "type": "Point", "coordinates": [ 116.4136636, 5.9881479 ] } },
{ "type": "Feature", "properties": { "name": "Genting", "place": "hamlet", "pop_2km": 71, "seasonal_water_px": 0, "flood_prone": false, "rwi": -1.1205, "elevation_m": 16.0, "settlement_id": "S0427", "dl_mbps": null, "ul_mbps": null, "latency_ms": null, "n_tests": 0, "n_tiles": 0, "evidence_tier": "insufficient", "n_schools_3km": 0, "n_clinics_3km": 0, "p_connectivity": null, "p_population": null, "p_institutions": null, "p_equity": null, "dipi": null, "rank": null, "stakes_score": 50.3, "gap_rank": 161.0 }, "geometry": { "type": "Point", "coordinates": [ 118.025088, 5.6487938 ] } },
{ "type": "Feature", "properties": { "name": "Ahuron", "place": "hamlet", "pop_2km": 61, "seasonal_water_px": 0, "flood_prone": false, "rwi": -0.359, "elevation_m": 650.0, "settlement_id": "S0431", "dl_mbps": null, "ul_mbps": null, "latency_ms": null, "n_tests": 0, "n_tiles": 0, "evidence_tier": "insufficient", "n_schools_3km": 0, "n_clinics_3km": 0, "p_connectivity": null, "p_population": null, "p_institutions": null, "p_equity": null, "dipi": null, "rank": null, "stakes_score": 48.7, "gap_rank": 170.0 }, "geometry": { "type": "Point", "coordinates": [ 115.9881993, 4.9004996 ] } },
{ "type": "Feature", "properties": { "name": "Siwanal", "place": "village", "pop_2km": 0, "seasonal_water_px": 0, "flood_prone": false, "rwi": null, "elevation_m": 273.0, "settlement_id": "S0435", "dl_mbps": null, "ul_mbps": null, "latency_ms": null, "n_tests": 0, "n_tiles": 0, "evidence_tier": "insufficient", "n_schools_3km": 0, "n_clinics_3km": 0, "p_connectivity": null, "p_population": null, "p_institutions": null, "p_equity": null, "dipi": null, "rank": null, "stakes_score": 28.9, "gap_rank": 222.0 }, "geometry": { "type": "Point", "coordinates": [ 116.2493722, 4.669841 ] } },
{ "type": "Feature", "properties": { "name": "Kampung Sumbiling", "place": "hamlet", "pop_2km": 0, "seasonal_water_px": 0, "flood_prone": false, "rwi": null, "elevation_m": 350.0, "settlement_id": "S0436", "dl_mbps": null, "ul_mbps": null, "latency_ms": null, "n_tests": 0, "n_tiles": 0, "evidence_tier": "insufficient", "n_schools_3km": 0, "n_clinics_3km": 0, "p_connectivity": null, "p_population": null, "p_institutions": null, "p_equity": null, "dipi": null, "rank": null, "stakes_score": 28.9, "gap_rank": 222.0 }, "geometry": { "type": "Point", "coordinates": [ 116.2290797, 4.7552757 ] } },
{ "type": "Feature", "properties": { "name": "Kampung Sumbiling", "place": "hamlet", "pop_2km": 0, "seasonal_water_px": 0, "flood_prone": false, "rwi": -0.481, "elevation_m": 446.0, "settlement_id": "S0437", "dl_mbps": null, "ul_mbps": null, "latency_ms": null, "n_tests": 0, "n_tiles": 0, "evidence_tier": "insufficient", "n_schools_3km": 1, "n_clinics_3km": 0, "p_connectivity": null, "p_population": null, "p_institutions": null, "p_equity": null, "dipi": null, "rank": null, "stakes_score": 48.4, "gap_rank": 172.0 }, "geometry": { "type": "Point", "coordinates": [ 116.2043332, 4.7713788 ] } },
{ "type": "Feature", "properties": { "name": null, "place": "hamlet", "pop_2km": 0, "seasonal_water_px": 3, "flood_prone": false, "rwi": null, "elevation_m": 467.0, "settlement_id": "S0438", "dl_mbps": null, "ul_mbps": null, "latency_ms": null, "n_tests": 0, "n_tiles": 0, "evidence_tier": "insufficient", "n_schools_3km": 0, "n_clinics_3km": 0, "p_connectivity": null, "p_population": null, "p_institutions": null, "p_equity": null, "dipi": null, "rank": null, "stakes_score": 28.9, "gap_rank": 222.0 }, "geometry": { "type": "Point", "coordinates": [ 116.3107345, 4.855817 ] } },
{ "type": "Feature", "properties": { "name": "Kampung Pangaraan", "place": "hamlet", "pop_2km": 161, "seasonal_water_px": 0, "flood_prone": false, "rwi": null, "elevation_m": 314.0, "settlement_id": "S0439", "dl_mbps": null, "ul_mbps": null, "latency_ms": null, "n_tests": 0, "n_tiles": 0, "evidence_tier": "insufficient", "n_schools_3km": 0, "n_clinics_3km": 0, "p_connectivity": null, "p_population": null, "p_institutions": null, "p_equity": null, "dipi": null, "rank": null, "stakes_score": 60.1, "gap_rank": 112.0 }, "geometry": { "type": "Point", "coordinates": [ 116.2210614, 4.7340001 ] } },
{ "type": "Feature", "properties": { "name": null, "place": "hamlet", "pop_2km": 0, "seasonal_water_px": 0, "flood_prone": false, "rwi": -0.036, "elevation_m": 385.0, "settlement_id": "S0440", "dl_mbps": 65.269, "ul_mbps": 1.344, "latency_ms": 44.0, "n_tests": 2, "n_tiles": 1, "evidence_tier": "insufficient", "n_schools_3km": 0, "n_clinics_3km": 0, "p_connectivity": null, "p_population": null, "p_institutions": null, "p_equity": null, "dipi": null, "rank": null, "stakes_score": 28.9, "gap_rank": 222.0 }, "geometry": { "type": "Point", "coordinates": [ 117.0584809, 4.5419028 ] } },
{ "type": "Feature", "properties": { "name": null, "place": "hamlet", "pop_2km": 0, "seasonal_water_px": 0, "flood_prone": false, "rwi": null, "elevation_m": 714.0, "settlement_id": "S0441", "dl_mbps": null, "ul_mbps": null, "latency_ms": null, "n_tests": 0, "n_tiles": 0, "evidence_tier": "insufficient", "n_schools_3km": 0, "n_clinics_3km": 0, "p_connectivity": null, "p_population": null, "p_institutions": null, "p_equity": null, "dipi": null, "rank": null, "stakes_score": 28.9, "gap_rank": 222.0 }, "geometry": { "type": "Point", "coordinates": [ 116.1490975, 4.812528 ] } },
{ "type": "Feature", "properties": { "name": "Kampung Binanun", "place": "hamlet", "pop_2km": 41, "seasonal_water_px": 0, "flood_prone": false, "rwi": -0.788, "elevation_m": 497.0, "settlement_id": "S0442", "dl_mbps": null, "ul_mbps": null, "latency_ms": null, "n_tests": 0, "n_tiles": 0, "evidence_tier": "insufficient", "n_schools_3km": 1, "n_clinics_3km": 0, "p_connectivity": null, "p_population": null, "p_institutions": null, "p_equity": null, "dipi": null, "rank": null, "stakes_score": 65.0, "gap_rank": 84.0 }, "geometry": { "type": "Point", "coordinates": [ 116.2220216, 4.8291202 ] } },
{ "type": "Feature", "properties": { "name": "Sikalabaan", "place": "village", "pop_2km": 0, "seasonal_water_px": 66, "flood_prone": true, "rwi": null, "elevation_m": 155.0, "settlement_id": "S0446", "dl_mbps": null, "ul_mbps": null, "latency_ms": null, "n_tests": 0, "n_tiles": 0, "evidence_tier": "insufficient", "n_schools_3km": 0, "n_clinics_3km": 0, "p_connectivity": null, "p_population": null, "p_institutions": null, "p_equity": null, "dipi": null, "rank": null, "stakes_score": 28.9, "gap_rank": 222.0 }, "geometry": { "type": "Point", "coordinates": [ 116.3716693, 4.5447525 ] } },
{ "type": "Feature", "properties": { "name": "Lirung", "place": "village", "pop_2km": 0, "seasonal_water_px": 66, "flood_prone": true, "rwi": null, "elevation_m": 154.0, "settlement_id": "S0447", "dl_mbps": null, "ul_mbps": null, "latency_ms": null, "n_tests": 0, "n_tiles": 0, "evidence_tier": "insufficient", "n_schools_3km": 0, "n_clinics_3km": 0, "p_connectivity": null, "p_population": null, "p_institutions": null, "p_equity": null, "dipi": null, "rank": null, "stakes_score": 28.9, "gap_rank": 222.0 }, "geometry": { "type": "Point", "coordinates": [ 116.3691243, 4.5442058 ] } },
{ "type": "Feature", "properties": { "name": "Tinanduk", "place": "village", "pop_2km": 0, "seasonal_water_px": 18, "flood_prone": true, "rwi": null, "elevation_m": 154.0, "settlement_id": "S0448", "dl_mbps": 12.465, "ul_mbps": 2.598, "latency_ms": 809.0, "n_tests": 1, "n_tiles": 1, "evidence_tier": "insufficient", "n_schools_3km": 1, "n_clinics_3km": 0, "p_connectivity": null, "p_population": null, "p_institutions": null, "p_equity": null, "dipi": null, "rank": null, "stakes_score": 48.4, "gap_rank": 172.0 }, "geometry": { "type": "Point", "coordinates": [ 116.3893246, 4.521986 ] } },
{ "type": "Feature", "properties": { "name": "Lampas Sabinait", "place": "village", "pop_2km": 319, "seasonal_water_px": 0, "flood_prone": false, "rwi": null, "elevation_m": 398.0, "settlement_id": "S0451", "dl_mbps": null, "ul_mbps": null, "latency_ms": null, "n_tests": 0, "n_tiles": 0, "evidence_tier": "insufficient", "n_schools_3km": 0, "n_clinics_3km": 0, "p_connectivity": null, "p_population": null, "p_institutions": null, "p_equity": null, "dipi": null, "rank": null, "stakes_score": 66.3, "gap_rank": 73.0 }, "geometry": { "type": "Point", "coordinates": [ 116.3323844, 4.5999402 ] } },
{ "type": "Feature", "properties": { "name": null, "place": "hamlet", "pop_2km": 0, "seasonal_water_px": 0, "flood_prone": false, "rwi": -0.788, "elevation_m": 494.0, "settlement_id": "S0452", "dl_mbps": null, "ul_mbps": null, "latency_ms": null, "n_tests": 0, "n_tiles": 0, "evidence_tier": "insufficient", "n_schools_3km": 1, "n_clinics_3km": 0, "p_connectivity": null, "p_population": null, "p_institutions": null, "p_equity": null, "dipi": null, "rank": null, "stakes_score": 48.4, "gap_rank": 172.0 }, "geometry": { "type": "Point", "coordinates": [ 116.2234837, 4.8135645 ] } },
{ "type": "Feature", "properties": { "name": "Kampung Tampakahu", "place": "hamlet", "pop_2km": 0, "seasonal_water_px": 0, "flood_prone": false, "rwi": -0.25866666666666666, "elevation_m": 21.0, "settlement_id": "S0454", "dl_mbps": 15.986, "ul_mbps": 0.337, "latency_ms": 25.0, "n_tests": 3, "n_tiles": 3, "evidence_tier": "insufficient", "n_schools_3km": 0, "n_clinics_3km": 0, "p_connectivity": null, "p_population": null, "p_institutions": null, "p_equity": null, "dipi": null, "rank": null, "stakes_score": 28.9, "gap_rank": 222.0 }, "geometry": { "type": "Point", "coordinates": [ 117.1000351, 6.7420564 ] } },
{ "type": "Feature", "properties": { "name": "Kampung Tukar", "place": "hamlet", "pop_2km": 0, "seasonal_water_px": 0, "flood_prone": false, "rwi": -0.396, "elevation_m": 41.0, "settlement_id": "S0457", "dl_mbps": null, "ul_mbps": null, "latency_ms": null, "n_tests": 0, "n_tiles": 0, "evidence_tier": "insufficient", "n_schools_3km": 0, "n_clinics_3km": 0, "p_connectivity": null, "p_population": null, "p_institutions": null, "p_equity": null, "dipi": null, "rank": null, "stakes_score": 28.9, "gap_rank": 222.0 }, "geometry": { "type": "Point", "coordinates": [ 117.130745, 6.6118072 ] } },
{ "type": "Feature", "properties": { "name": "Kampung Katalirus", "place": "hamlet", "pop_2km": 40, "seasonal_water_px": 0, "flood_prone": false, "rwi": -0.08, "elevation_m": 489.0, "settlement_id": "S0458", "dl_mbps": null, "ul_mbps": null, "latency_ms": null, "n_tests": 0, "n_tiles": 0, "evidence_tier": "insufficient", "n_schools_3km": 0, "n_clinics_3km": 0, "p_connectivity": null, "p_population": null, "p_institutions": null, "p_equity": null, "dipi": null, "rank": null, "stakes_score": 45.1, "gap_rank": 203.0 }, "geometry": { "type": "Point", "coordinates": [ 116.2654705, 4.9489458 ] } },
{ "type": "Feature", "properties": { "name": null, "place": "hamlet", "pop_2km": 561, "seasonal_water_px": 0, "flood_prone": false, "rwi": -1.122, "elevation_m": 389.0, "settlement_id": "S0461", "dl_mbps": null, "ul_mbps": null, "latency_ms": null, "n_tests": 0, "n_tiles": 0, "evidence_tier": "insufficient", "n_schools_3km": 0, "n_clinics_3km": 0, "p_connectivity": null, "p_population": null, "p_institutions": null, "p_equity": null, "dipi": null, "rank": null, "stakes_score": 71.4, "gap_rank": 47.0 }, "geometry": { "type": "Point", "coordinates": [ 116.140719, 4.9560925 ] } },
{ "type": "Feature", "properties": { "name": null, "place": "hamlet", "pop_2km": 90, "seasonal_water_px": 0, "flood_prone": false, "rwi": -0.8, "elevation_m": 480.0, "settlement_id": "S0467", "dl_mbps": null, "ul_mbps": null, "latency_ms": null, "n_tests": 0, "n_tiles": 0, "evidence_tier": "insufficient", "n_schools_3km": 1, "n_clinics_3km": 0, "p_connectivity": null, "p_population": null, "p_institutions": null, "p_equity": null, "dipi": null, "rank": null, "stakes_score": 73.1, "gap_rank": 36.0 }, "geometry": { "type": "Point", "coordinates": [ 116.2593003, 4.9030559 ] } },
{ "type": "Feature", "properties": { "name": "Kawanahon", "place": "village", "pop_2km": 0, "seasonal_water_px": 0, "flood_prone": false, "rwi": -0.182, "elevation_m": 819.0, "settlement_id": "S0468", "dl_mbps": null, "ul_mbps": null, "latency_ms": null, "n_tests": 0, "n_tiles": 0, "evidence_tier": "insufficient", "n_schools_3km": 0, "n_clinics_3km": 0, "p_connectivity": null, "p_population": null, "p_institutions": null, "p_equity": null, "dipi": null, "rank": null, "stakes_score": 28.9, "gap_rank": 222.0 }, "geometry": { "type": "Point", "coordinates": [ 116.656846, 5.569785 ] } },
{ "type": "Feature", "properties": { "name": "Kilo", "place": "village", "pop_2km": 160, "seasonal_water_px": 0, "flood_prone": false, "rwi": -0.179, "elevation_m": 399.0, "settlement_id": "S0469", "dl_mbps": null, "ul_mbps": null, "latency_ms": null, "n_tests": 0, "n_tiles": 0, "evidence_tier": "insufficient", "n_schools_3km": 0, "n_clinics_3km": 0, "p_connectivity": null, "p_population": null, "p_institutions": null, "p_equity": null, "dipi": null, "rank": null, "stakes_score": 59.9, "gap_rank": 113.0 }, "geometry": { "type": "Point", "coordinates": [ 116.4916732, 5.3798794 ] } },
{ "type": "Feature", "properties": { "name": "Kasumunsong", "place": "village", "pop_2km": 0, "seasonal_water_px": 13, "flood_prone": true, "rwi": null, "elevation_m": 204.0, "settlement_id": "S0473", "dl_mbps": null, "ul_mbps": null, "latency_ms": null, "n_tests": 0, "n_tiles": 0, "evidence_tier": "insufficient", "n_schools_3km": 0, "n_clinics_3km": 0, "p_connectivity": null, "p_population": null, "p_institutions": null, "p_equity": null, "dipi": null, "rank": null, "stakes_score": 28.9, "gap_rank": 222.0 }, "geometry": { "type": "Point", "coordinates": [ 116.2453914, 4.5947758 ] } },
{ "type": "Feature", "properties": { "name": "Sabungo", "place": "hamlet", "pop_2km": 0, "seasonal_water_px": 2, "flood_prone": false, "rwi": null, "elevation_m": 227.0, "settlement_id": "S0478", "dl_mbps": null, "ul_mbps": null, "latency_ms": null, "n_tests": 0, "n_tiles": 0, "evidence_tier": "insufficient", "n_schools_3km": 0, "n_clinics_3km": 0, "p_connectivity": null, "p_population": null, "p_institutions": null, "p_equity": null, "dipi": null, "rank": null, "stakes_score": 28.9, "gap_rank": 222.0 }, "geometry": { "type": "Point", "coordinates": [ 116.246149, 4.6231884 ] } },
{ "type": "Feature", "properties": { "name": "Sabibingkol", "place": "village", "pop_2km": 0, "seasonal_water_px": 39, "flood_prone": true, "rwi": null, "elevation_m": 152.0, "settlement_id": "S0479", "dl_mbps": 7.3215, "ul_mbps": 2.396, "latency_ms": 607.0, "n_tests": 4, "n_tiles": 1, "evidence_tier": "insufficient", "n_schools_3km": 2, "n_clinics_3km": 1, "p_connectivity": null, "p_population": null, "p_institutions": null, "p_equity": null, "dipi": null, "rank": null, "stakes_score": 52.1, "gap_rank": 150.0 }, "geometry": { "type": "Point", "coordinates": [ 116.4019799, 4.5014035 ] } },
{ "type": "Feature", "properties": { "name": "Saliku Pensiangan", "place": "village", "pop_2km": 77, "seasonal_water_px": 0, "flood_prone": false, "rwi": null, "elevation_m": 188.0, "settlement_id": "S0480", "dl_mbps": null, "ul_mbps": null, "latency_ms": null, "n_tests": 0, "n_tiles": 0, "evidence_tier": "insufficient", "n_schools_3km": 1, "n_clinics_3km": 0, "p_connectivity": null, "p_population": null, "p_institutions": null, "p_equity": null, "dipi": null, "rank": null, "stakes_score": 70.6, "gap_rank": 53.0 }, "geometry": { "type": "Point", "coordinates": [ 116.2504104, 4.4883584 ] } },
{ "type": "Feature", "properties": { "name": "Siatu", "place": "village", "pop_2km": 0, "seasonal_water_px": 19, "flood_prone": true, "rwi": -0.585, "elevation_m": 183.0, "settlement_id": "S0481", "dl_mbps": null, "ul_mbps": null, "latency_ms": null, "n_tests": 0, "n_tiles": 0, "evidence_tier": "insufficient", "n_schools_3km": 1, "n_clinics_3km": 0, "p_connectivity": null, "p_population": null, "p_institutions": null, "p_equity": null, "dipi": null, "rank": null, "stakes_score": 48.4, "gap_rank": 172.0 }, "geometry": { "type": "Point", "coordinates": [ 116.2861901, 4.508139 ] } },
{ "type": "Feature", "properties": { "name": "Malilia", "place": "village", "pop_2km": 159, "seasonal_water_px": 0, "flood_prone": false, "rwi": -0.611, "elevation_m": 299.0, "settlement_id": "S0482", "dl_mbps": null, "ul_mbps": null, "latency_ms": null, "n_tests": 0, "n_tiles": 0, "evidence_tier": "insufficient", "n_schools_3km": 1, "n_clinics_3km": 0, "p_connectivity": null, "p_population": null, "p_institutions": null, "p_equity": null, "dipi": null, "rank": null, "stakes_score": 79.2, "gap_rank": 17.0 }, "geometry": { "type": "Point", "coordinates": [ 116.2221474, 4.4124156 ] } },
{ "type": "Feature", "properties": { "name": "Sumabi", "place": "village", "pop_2km": 0, "seasonal_water_px": 115, "flood_prone": true, "rwi": null, "elevation_m": 157.0, "settlement_id": "S0483", "dl_mbps": null, "ul_mbps": null, "latency_ms": null, "n_tests": 0, "n_tiles": 0, "evidence_tier": "insufficient", "n_schools_3km": 0, "n_clinics_3km": 0, "p_connectivity": null, "p_population": null, "p_institutions": null, "p_equity": null, "dipi": null, "rank": null, "stakes_score": 28.9, "gap_rank": 222.0 }, "geometry": { "type": "Point", "coordinates": [ 116.3431227, 4.5377171 ] } },
{ "type": "Feature", "properties": { "name": "Kabu", "place": "village", "pop_2km": 0, "seasonal_water_px": 19, "flood_prone": true, "rwi": null, "elevation_m": 270.0, "settlement_id": "S0484", "dl_mbps": null, "ul_mbps": null, "latency_ms": null, "n_tests": 0, "n_tiles": 0, "evidence_tier": "insufficient", "n_schools_3km": 0, "n_clinics_3km": 0, "p_connectivity": null, "p_population": null, "p_institutions": null, "p_equity": null, "dipi": null, "rank": null, "stakes_score": 28.9, "gap_rank": 222.0 }, "geometry": { "type": "Point", "coordinates": [ 116.1441448, 4.3546763 ] } },
{ "type": "Feature", "properties": { "name": "Saliliran", "place": "village", "pop_2km": 203, "seasonal_water_px": 0, "flood_prone": false, "rwi": -0.611, "elevation_m": 304.0, "settlement_id": "S0485", "dl_mbps": null, "ul_mbps": null, "latency_ms": null, "n_tests": 0, "n_tiles": 0, "evidence_tier": "insufficient", "n_schools_3km": 1, "n_clinics_3km": 0, "p_connectivity": null, "p_population": null, "p_institutions": null, "p_equity": null, "dipi": null, "rank": null, "stakes_score": 81.5, "gap_rank": 16.0 }, "geometry": { "type": "Point", "coordinates": [ 116.220992, 4.4040113 ] } },
{ "type": "Feature", "properties": { "name": "Sinapar", "place": "village", "pop_2km": 0, "seasonal_water_px": 0, "flood_prone": false, "rwi": -0.547, "elevation_m": 214.0, "settlement_id": "S0486", "dl_mbps": null, "ul_mbps": null, "latency_ms": null, "n_tests": 0, "n_tiles": 0, "evidence_tier": "insufficient", "n_schools_3km": 0, "n_clinics_3km": 0, "p_connectivity": null, "p_population": null, "p_institutions": null, "p_equity": null, "dipi": null, "rank": null, "stakes_score": 28.9, "gap_rank": 222.0 }, "geometry": { "type": "Point", "coordinates": [ 116.2356067, 4.4643636 ] } },
{ "type": "Feature", "properties": { "name": "Takilis", "place": "village", "pop_2km": 37, "seasonal_water_px": 8, "flood_prone": true, "rwi": null, "elevation_m": 197.0, "settlement_id": "S0489", "dl_mbps": null, "ul_mbps": null, "latency_ms": null, "n_tests": 0, "n_tiles": 0, "evidence_tier": "insufficient", "n_schools_3km": 0, "n_clinics_3km": 0, "p_connectivity": null, "p_population": null, "p_institutions": null, "p_equity": null, "dipi": null, "rank": null, "stakes_score": 44.4, "gap_rank": 207.0 }, "geometry": { "type": "Point", "coordinates": [ 116.2466333, 4.5846859 ] } },
{ "type": "Feature", "properties": { "name": "Siwalor", "place": "village", "pop_2km": 0, "seasonal_water_px": 96, "flood_prone": true, "rwi": null, "elevation_m": 158.0, "settlement_id": "S0491", "dl_mbps": null, "ul_mbps": null, "latency_ms": null, "n_tests": 0, "n_tiles": 0, "evidence_tier": "insufficient", "n_schools_3km": 1, "n_clinics_3km": 1, "p_connectivity": null, "p_population": null, "p_institutions": null, "p_equity": null, "dipi": null, "rank": null, "stakes_score": 51.6, "gap_rank": 154.0 }, "geometry": { "type": "Point", "coordinates": [ 116.3365666, 4.5372132 ] } },
{ "type": "Feature", "properties": { "name": "Sipuok", "place": "village", "pop_2km": 0, "seasonal_water_px": 80, "flood_prone": true, "rwi": null, "elevation_m": 156.0, "settlement_id": "S0494", "dl_mbps": null, "ul_mbps": null, "latency_ms": null, "n_tests": 0, "n_tiles": 0, "evidence_tier": "insufficient", "n_schools_3km": 0, "n_clinics_3km": 0, "p_connectivity": null, "p_population": null, "p_institutions": null, "p_equity": null, "dipi": null, "rank": null, "stakes_score": 28.9, "gap_rank": 222.0 }, "geometry": { "type": "Point", "coordinates": [ 116.3473394, 4.5442903 ] } },
{ "type": "Feature", "properties": { "name": "Bansuit", "place": "village", "pop_2km": 0, "seasonal_water_px": 0, "flood_prone": false, "rwi": -0.454, "elevation_m": 486.0, "settlement_id": "S0498", "dl_mbps": 177.868, "ul_mbps": 31.276, "latency_ms": 38.0, "n_tests": 2, "n_tiles": 1, "evidence_tier": "insufficient", "n_schools_3km": 0, "n_clinics_3km": 0, "p_connectivity": null, "p_population": null, "p_institutions": null, "p_equity": null, "dipi": null, "rank": null, "stakes_score": 28.9, "gap_rank": 222.0 }, "geometry": { "type": "Point", "coordinates": [ 116.4216381, 5.1110583 ] } },
{ "type": "Feature", "properties": { "name": "Kampung Labug", "place": "hamlet", "pop_2km": 93, "seasonal_water_px": 0, "flood_prone": false, "rwi": -0.472, "elevation_m": 459.0, "settlement_id": "S0502", "dl_mbps": 8.236, "ul_mbps": 1.363, "latency_ms": 19.0, "n_tests": 1, "n_tiles": 1, "evidence_tier": "insufficient", "n_schools_3km": 0, "n_clinics_3km": 0, "p_connectivity": null, "p_population": null, "p_institutions": null, "p_equity": null, "dipi": null, "rank": null, "stakes_score": 54.7, "gap_rank": 136.0 }, "geometry": { "type": "Point", "coordinates": [ 116.4137783, 4.9545612 ] } },
{ "type": "Feature", "properties": { "name": "Kampung Langkukuk", "place": "hamlet", "pop_2km": 927, "seasonal_water_px": 0, "flood_prone": false, "rwi": -0.2775, "elevation_m": 476.0, "settlement_id": "S0514", "dl_mbps": 128.582, "ul_mbps": 47.762, "latency_ms": 19.0, "n_tests": 1, "n_tiles": 1, "evidence_tier": "insufficient", "n_schools_3km": 0, "n_clinics_3km": 0, "p_connectivity": null, "p_population": null, "p_institutions": null, "p_equity": null, "dipi": null, "rank": null, "stakes_score": 74.6, "gap_rank": 33.0 }, "geometry": { "type": "Point", "coordinates": [ 116.4924187, 4.9163016 ] } },
{ "type": "Feature", "properties": { "name": "Kampung Ulu Mosopoh", "place": "hamlet", "pop_2km": 47, "seasonal_water_px": 0, "flood_prone": false, "rwi": -0.691, "elevation_m": 481.0, "settlement_id": "S0517", "dl_mbps": null, "ul_mbps": null, "latency_ms": null, "n_tests": 0, "n_tiles": 0, "evidence_tier": "insufficient", "n_schools_3km": 0, "n_clinics_3km": 0, "p_connectivity": null, "p_population": null, "p_institutions": null, "p_equity": null, "dipi": null, "rank": null, "stakes_score": 47.7, "gap_rank": 192.0 }, "geometry": { "type": "Point", "coordinates": [ 116.3714226, 4.9703642 ] } },
{ "type": "Feature", "properties": { "name": "Kampung Pamunterian", "place": "hamlet", "pop_2km": 93, "seasonal_water_px": 1, "flood_prone": false, "rwi": -0.482, "elevation_m": 453.0, "settlement_id": "S0518", "dl_mbps": null, "ul_mbps": null, "latency_ms": null, "n_tests": 0, "n_tiles": 0, "evidence_tier": "insufficient", "n_schools_3km": 0, "n_clinics_3km": 0, "p_connectivity": null, "p_population": null, "p_institutions": null, "p_equity": null, "dipi": null, "rank": null, "stakes_score": 54.7, "gap_rank": 136.0 }, "geometry": { "type": "Point", "coordinates": [ 116.4295071, 4.9565949 ] } },
{ "type": "Feature", "properties": { "name": "Kampung Tampusison", "place": "hamlet", "pop_2km": 565, "seasonal_water_px": 11, "flood_prone": true, "rwi": -0.174, "elevation_m": 428.0, "settlement_id": "S0519", "dl_mbps": 60.207, "ul_mbps": 7.0005, "latency_ms": 62.0, "n_tests": 2, "n_tiles": 1, "evidence_tier": "insufficient", "n_schools_3km": 0, "n_clinics_3km": 0, "p_connectivity": null, "p_population": null, "p_institutions": null, "p_equity": null, "dipi": null, "rank": null, "stakes_score": 71.6, "gap_rank": 46.0 }, "geometry": { "type": "Point", "coordinates": [ 116.4956051, 4.8604172 ] } },
{ "type": "Feature", "properties": { "name": "Kampung Tataluan Pandiwan", "place": "hamlet", "pop_2km": 2265, "seasonal_water_px": 0, "flood_prone": false, "rwi": -0.2955, "elevation_m": 438.0, "settlement_id": "S0520", "dl_mbps": 128.582, "ul_mbps": 47.762, "latency_ms": 19.0, "n_tests": 1, "n_tiles": 1, "evidence_tier": "insufficient", "n_schools_3km": 0, "n_clinics_3km": 0, "p_connectivity": null, "p_population": null, "p_institutions": null, "p_equity": null, "dipi": null, "rank": null, "stakes_score": 76.6, "gap_rank": 22.0 }, "geometry": { "type": "Point", "coordinates": [ 116.4895586, 4.894948 ] } },
{ "type": "Feature", "properties": { "name": "Bigor", "place": "village", "pop_2km": 38, "seasonal_water_px": 12, "flood_prone": true, "rwi": -0.17966666666666667, "elevation_m": 298.0, "settlement_id": "S0521", "dl_mbps": null, "ul_mbps": null, "latency_ms": null, "n_tests": 0, "n_tiles": 0, "evidence_tier": "insufficient", "n_schools_3km": 0, "n_clinics_3km": 0, "p_connectivity": null, "p_population": null, "p_institutions": null, "p_equity": null, "dipi": null, "rank": null, "stakes_score": 44.8, "gap_rank": 204.0 }, "geometry": { "type": "Point", "coordinates": [ 116.5048718, 4.7016332 ] } },
{ "type": "Feature", "properties": { "name": "Simatuoh", "place": "village", "pop_2km": 0, "seasonal_water_px": 12, "flood_prone": true, "rwi": 0.023, "elevation_m": 279.0, "settlement_id": "S0522", "dl_mbps": 18.585, "ul_mbps": 5.167, "latency_ms": 48.0, "n_tests": 1, "n_tiles": 1, "evidence_tier": "insufficient", "n_schools_3km": 1, "n_clinics_3km": 0, "p_connectivity": null, "p_population": null, "p_institutions": null, "p_equity": null, "dipi": null, "rank": null, "stakes_score": 48.4, "gap_rank": 172.0 }, "geometry": { "type": "Point", "coordinates": [ 116.5554716, 4.673865 ] } },
{ "type": "Feature", "properties": { "name": "Kampung Sandukan", "place": "hamlet", "pop_2km": 810, "seasonal_water_px": 4, "flood_prone": false, "rwi": -0.33525, "elevation_m": 291.0, "settlement_id": "S0523", "dl_mbps": 113.0415, "ul_mbps": 25.5985, "latency_ms": 80.0, "n_tests": 4, "n_tiles": 2, "evidence_tier": "insufficient", "n_schools_3km": 1, "n_clinics_3km": 0, "p_connectivity": null, "p_population": null, "p_institutions": null, "p_equity": null, "dipi": null, "rank": null, "stakes_score": 93.0, "gap_rank": 6.0 }, "geometry": { "type": "Point", "coordinates": [ 116.611379, 4.6745323 ] } },
{ "type": "Feature", "properties": { "name": "Kampung Kaingalan Sapulut", "place": "hamlet", "pop_2km": 77, "seasonal_water_px": 10, "flood_prone": true, "rwi": -0.23675, "elevation_m": 282.0, "settlement_id": "S0524", "dl_mbps": null, "ul_mbps": null, "latency_ms": null, "n_tests": 0, "n_tiles": 0, "evidence_tier": "insufficient", "n_schools_3km": 0, "n_clinics_3km": 0, "p_connectivity": null, "p_population": null, "p_institutions": null, "p_equity": null, "dipi": null, "rank": null, "stakes_score": 51.2, "gap_rank": 157.0 }, "geometry": { "type": "Point", "coordinates": [ 116.5009599, 4.7000775 ] } },
{ "type": "Feature", "properties": { "name": "Sungai Matoi", "place": "village", "pop_2km": 89, "seasonal_water_px": 0, "flood_prone": false, "rwi": -0.2955, "elevation_m": 445.0, "settlement_id": "S0525", "dl_mbps": 128.582, "ul_mbps": 47.762, "latency_ms": 19.0, "n_tests": 1, "n_tiles": 1, "evidence_tier": "insufficient", "n_schools_3km": 0, "n_clinics_3km": 0, "p_connectivity": null, "p_population": null, "p_institutions": null, "p_equity": null, "dipi": null, "rank": null, "stakes_score": 53.1, "gap_rank": 143.0 }, "geometry": { "type": "Point", "coordinates": [ 116.4925306, 4.8856602 ] } },
{ "type": "Feature", "properties": { "name": "Salarom Baru", "place": "village", "pop_2km": 47, "seasonal_water_px": 0, "flood_prone": false, "rwi": -0.691, "elevation_m": 468.0, "settlement_id": "S0526", "dl_mbps": null, "ul_mbps": null, "latency_ms": null, "n_tests": 0, "n_tiles": 0, "evidence_tier": "insufficient", "n_schools_3km": 0, "n_clinics_3km": 0, "p_connectivity": null, "p_population": null, "p_institutions": null, "p_equity": null, "dipi": null, "rank": null, "stakes_score": 47.7, "gap_rank": 192.0 }, "geometry": { "type": "Point", "coordinates": [ 116.3856184, 4.9674178 ] } },
{ "type": "Feature", "properties": { "name": "Kampung Hinalung Pampalang", "place": "hamlet", "pop_2km": 38, "seasonal_water_px": 12, "flood_prone": true, "rwi": -0.17966666666666667, "elevation_m": 274.0, "settlement_id": "S0527", "dl_mbps": null, "ul_mbps": null, "latency_ms": null, "n_tests": 0, "n_tiles": 0, "evidence_tier": "insufficient", "n_schools_3km": 0, "n_clinics_3km": 0, "p_connectivity": null, "p_population": null, "p_institutions": null, "p_equity": null, "dipi": null, "rank": null, "stakes_score": 44.8, "gap_rank": 204.0 }, "geometry": { "type": "Point", "coordinates": [ 116.5058991, 4.7050295 ] } },
{ "type": "Feature", "properties": { "name": "Kampung Liningkar", "place": "hamlet", "pop_2km": 0, "seasonal_water_px": 3, "flood_prone": false, "rwi": null, "elevation_m": 284.0, "settlement_id": "S0528", "dl_mbps": 18.585, "ul_mbps": 5.167, "latency_ms": 48.0, "n_tests": 1, "n_tiles": 1, "evidence_tier": "insufficient", "n_schools_3km": 2, "n_clinics_3km": 0, "p_connectivity": null, "p_population": null, "p_institutions": null, "p_equity": null, "dipi": null, "rank": null, "stakes_score": 51.6, "gap_rank": 154.0 }, "geometry": { "type": "Point", "coordinates": [ 116.5740374, 4.6851771 ] } },
{ "type": "Feature", "properties": { "name": "Kampung Pandiwan", "place": "hamlet", "pop_2km": 777, "seasonal_water_px": 0, "flood_prone": false, "rwi": -0.43825, "elevation_m": 440.0, "settlement_id": "S0529", "dl_mbps": 182.5305, "ul_mbps": 25.346, "latency_ms": 42.5, "n_tests": 2, "n_tiles": 2, "evidence_tier": "insufficient", "n_schools_3km": 0, "n_clinics_3km": 0, "p_connectivity": null, "p_population": null, "p_institutions": null, "p_equity": null, "dipi": null, "rank": null, "stakes_score": 73.0, "gap_rank": 39.0 }, "geometry": { "type": "Point", "coordinates": [ 116.4809914, 4.9371194 ] } },
{ "type": "Feature", "properties": { "name": "Kampung Kagasa", "place": "hamlet", "pop_2km": 256, "seasonal_water_px": 2, "flood_prone": false, "rwi": -0.203, "elevation_m": 427.0, "settlement_id": "S0530", "dl_mbps": 41.355, "ul_mbps": 21.327, "latency_ms": 83.0, "n_tests": 1, "n_tiles": 1, "evidence_tier": "insufficient", "n_schools_3km": 0, "n_clinics_3km": 0, "p_connectivity": null, "p_population": null, "p_institutions": null, "p_equity": null, "dipi": null, "rank": null, "stakes_score": 64.5, "gap_rank": 86.0 }, "geometry": { "type": "Point", "coordinates": [ 116.506165, 4.8079887 ] } },
{ "type": "Feature", "properties": { "name": "Kampung Panganitan", "place": "hamlet", "pop_2km": 0, "seasonal_water_px": 0, "flood_prone": false, "rwi": -0.203, "elevation_m": 436.0, "settlement_id": "S0531", "dl_mbps": null, "ul_mbps": null, "latency_ms": null, "n_tests": 0, "n_tiles": 0, "evidence_tier": "insufficient", "n_schools_3km": 0, "n_clinics_3km": 0, "p_connectivity": null, "p_population": null, "p_institutions": null, "p_equity": null, "dipi": null, "rank": null, "stakes_score": 28.9, "gap_rank": 222.0 }, "geometry": { "type": "Point", "coordinates": [ 116.4941122, 4.8181232 ] } },
{ "type": "Feature", "properties": { "name": "Kampung Solog", "place": "hamlet", "pop_2km": 113, "seasonal_water_px": 0, "flood_prone": false, "rwi": -0.015, "elevation_m": 431.0, "settlement_id": "S0532", "dl_mbps": 60.207, "ul_mbps": 7.0005, "latency_ms": 62.0, "n_tests": 2, "n_tiles": 1, "evidence_tier": "insufficient", "n_schools_3km": 0, "n_clinics_3km": 0, "p_connectivity": null, "p_population": null, "p_institutions": null, "p_equity": null, "dipi": null, "rank": null, "stakes_score": 56.8, "gap_rank": 124.0 }, "geometry": { "type": "Point", "coordinates": [ 116.4998657, 4.8375779 ] } },
{ "type": "Feature", "properties": { "name": "Tampulos", "place": "village", "pop_2km": 0, "seasonal_water_px": 0, "flood_prone": false, "rwi": 0.0175, "elevation_m": 282.0, "settlement_id": "S0534", "dl_mbps": 18.585, "ul_mbps": 5.167, "latency_ms": 48.0, "n_tests": 1, "n_tiles": 1, "evidence_tier": "insufficient", "n_schools_3km": 1, "n_clinics_3km": 0, "p_connectivity": null, "p_population": null, "p_institutions": null, "p_equity": null, "dipi": null, "rank": null, "stakes_score": 48.4, "gap_rank": 172.0 }, "geometry": { "type": "Point", "coordinates": [ 116.5467065, 4.6836561 ] } },
{ "type": "Feature", "properties": { "name": "Kampung Naaturan", "place": "hamlet", "pop_2km": 43, "seasonal_water_px": 7, "flood_prone": true, "rwi": -0.365, "elevation_m": 289.0, "settlement_id": "S0535", "dl_mbps": 19.736, "ul_mbps": 0.258, "latency_ms": 78.0, "n_tests": 2, "n_tiles": 1, "evidence_tier": "insufficient", "n_schools_3km": 1, "n_clinics_3km": 0, "p_connectivity": null, "p_population": null, "p_institutions": null, "p_equity": null, "dipi": null, "rank": null, "stakes_score": 65.4, "gap_rank": 79.0 }, "geometry": { "type": "Point", "coordinates": [ 116.5932197, 4.7003011 ] } },
{ "type": "Feature", "properties": { "name": "Kampung Labang", "place": "hamlet", "pop_2km": 43, "seasonal_water_px": 10, "flood_prone": true, "rwi": -0.365, "elevation_m": 288.0, "settlement_id": "S0536", "dl_mbps": 19.736, "ul_mbps": 0.258, "latency_ms": 78.0, "n_tests": 2, "n_tiles": 1, "evidence_tier": "insufficient", "n_schools_3km": 1, "n_clinics_3km": 0, "p_connectivity": null, "p_population": null, "p_institutions": null, "p_equity": null, "dipi": null, "rank": null, "stakes_score": 65.4, "gap_rank": 79.0 }, "geometry": { "type": "Point", "coordinates": [ 116.5961855, 4.6976439 ] } },
{ "type": "Feature", "properties": { "name": "Kampung Mawantul", "place": "hamlet", "pop_2km": 810, "seasonal_water_px": 0, "flood_prone": false, "rwi": -0.365, "elevation_m": 328.0, "settlement_id": "S0537", "dl_mbps": 58.206, "ul_mbps": 23.598, "latency_ms": 56.0, "n_tests": 2, "n_tiles": 1, "evidence_tier": "insufficient", "n_schools_3km": 2, "n_clinics_3km": 0, "p_connectivity": null, "p_population": null, "p_institutions": null, "p_equity": null, "dipi": null, "rank": null, "stakes_score": 96.2, "gap_rank": 2.0 }, "geometry": { "type": "Point", "coordinates": [ 116.5948824, 4.6730583 ] } },
{ "type": "Feature", "properties": { "name": "Kampung Samuran", "place": "hamlet", "pop_2km": 810, "seasonal_water_px": 10, "flood_prone": true, "rwi": -0.764, "elevation_m": 292.0, "settlement_id": "S0538", "dl_mbps": 19.736, "ul_mbps": 0.258, "latency_ms": 78.0, "n_tests": 2, "n_tiles": 1, "evidence_tier": "insufficient", "n_schools_3km": 2, "n_clinics_3km": 0, "p_connectivity": null, "p_population": null, "p_institutions": null, "p_equity": null, "dipi": null, "rank": null, "stakes_score": 96.2, "gap_rank": 2.0 }, "geometry": { "type": "Point", "coordinates": [ 116.6096772, 4.6867419 ] } },
{ "type": "Feature", "properties": { "name": "Kampung Bangau", "place": "hamlet", "pop_2km": 810, "seasonal_water_px": 0, "flood_prone": false, "rwi": 0.0935, "elevation_m": 295.0, "settlement_id": "S0541", "dl_mbps": 113.0415, "ul_mbps": 25.5985, "latency_ms": 80.0, "n_tests": 4, "n_tiles": 2, "evidence_tier": "insufficient", "n_schools_3km": 1, "n_clinics_3km": 0, "p_connectivity": null, "p_population": null, "p_institutions": null, "p_equity": null, "dipi": null, "rank": null, "stakes_score": 93.0, "gap_rank": 6.0 }, "geometry": { "type": "Point", "coordinates": [ 116.6072803, 4.6656659 ] } },
{ "type": "Feature", "properties": { "name": "Sibuah", "place": "village", "pop_2km": 0, "seasonal_water_px": 0, "flood_prone": false, "rwi": -0.428, "elevation_m": 215.0, "settlement_id": "S0542", "dl_mbps": 46.4705, "ul_mbps": 4.1435, "latency_ms": 97.5, "n_tests": 3, "n_tiles": 2, "evidence_tier": "insufficient", "n_schools_3km": 1, "n_clinics_3km": 0, "p_connectivity": null, "p_population": null, "p_institutions": null, "p_equity": null, "dipi": null, "rank": null, "stakes_score": 48.4, "gap_rank": 172.0 }, "geometry": { "type": "Point", "coordinates": [ 116.5775013, 4.4660748 ] } },
{ "type": "Feature", "properties": { "name": "Saliha B", "place": "village", "pop_2km": 0, "seasonal_water_px": 0, "flood_prone": false, "rwi": -0.122, "elevation_m": 409.0, "settlement_id": "S0543", "dl_mbps": null, "ul_mbps": null, "latency_ms": null, "n_tests": 0, "n_tiles": 0, "evidence_tier": "insufficient", "n_schools_3km": 0, "n_clinics_3km": 0, "p_connectivity": null, "p_population": null, "p_institutions": null, "p_equity": null, "dipi": null, "rank": null, "stakes_score": 28.9, "gap_rank": 222.0 }, "geometry": { "type": "Point", "coordinates": [ 116.8608804, 4.4236685 ] } },
{ "type": "Feature", "properties": { "name": "Kampung Saliku", "place": "hamlet", "pop_2km": 0, "seasonal_water_px": 0, "flood_prone": false, "rwi": -0.428, "elevation_m": 217.0, "settlement_id": "S0545", "dl_mbps": 46.4705, "ul_mbps": 4.1435, "latency_ms": 97.5, "n_tests": 3, "n_tiles": 2, "evidence_tier": "insufficient", "n_schools_3km": 1, "n_clinics_3km": 0, "p_connectivity": null, "p_population": null, "p_institutions": null, "p_equity": null, "dipi": null, "rank": null, "stakes_score": 48.4, "gap_rank": 172.0 }, "geometry": { "type": "Point", "coordinates": [ 116.5913152, 4.4589444 ] } },
{ "type": "Feature", "properties": { "name": "Kem Tentera Sri Saliku", "place": "village", "pop_2km": 0, "seasonal_water_px": 0, "flood_prone": false, "rwi": -0.428, "elevation_m": 230.0, "settlement_id": "S0548", "dl_mbps": 46.4705, "ul_mbps": 4.1435, "latency_ms": 97.5, "n_tests": 3, "n_tiles": 2, "evidence_tier": "insufficient", "n_schools_3km": 1, "n_clinics_3km": 0, "p_connectivity": null, "p_population": null, "p_institutions": null, "p_equity": null, "dipi": null, "rank": null, "stakes_score": 48.4, "gap_rank": 172.0 }, "geometry": { "type": "Point", "coordinates": [ 116.5859965, 4.4565717 ] } },
{ "type": "Feature", "properties": { "name": "Kakutar", "place": "village", "pop_2km": 127, "seasonal_water_px": 0, "flood_prone": false, "rwi": -0.631, "elevation_m": 226.0, "settlement_id": "S0549", "dl_mbps": 45.831, "ul_mbps": 3.946, "latency_ms": 85.0, "n_tests": 1, "n_tiles": 1, "evidence_tier": "insufficient", "n_schools_3km": 1, "n_clinics_3km": 0, "p_connectivity": null, "p_population": null, "p_institutions": null, "p_equity": null, "dipi": null, "rank": null, "stakes_score": 77.4, "gap_rank": 19.0 }, "geometry": { "type": "Point", "coordinates": [ 116.6071402, 4.4675735 ] } },
{ "type": "Feature", "properties": { "name": "Pampangon", "place": "village", "pop_2km": 208, "seasonal_water_px": 52, "flood_prone": true, "rwi": null, "elevation_m": 182.0, "settlement_id": "S0557", "dl_mbps": null, "ul_mbps": null, "latency_ms": null, "n_tests": 0, "n_tiles": 0, "evidence_tier": "insufficient", "n_schools_3km": 0, "n_clinics_3km": 0, "p_connectivity": null, "p_population": null, "p_institutions": null, "p_equity": null, "dipi": null, "rank": null, "stakes_score": 62.4, "gap_rank": 97.0 }, "geometry": { "type": "Point", "coordinates": [ 116.4647651, 4.6153187 ] } },
{ "type": "Feature", "properties": { "name": "Kuala Tumalasak", "place": "village", "pop_2km": 0, "seasonal_water_px": 101, "flood_prone": true, "rwi": -0.631, "elevation_m": 139.0, "settlement_id": "S0568", "dl_mbps": null, "ul_mbps": null, "latency_ms": null, "n_tests": 0, "n_tiles": 0, "evidence_tier": "insufficient", "n_schools_3km": 1, "n_clinics_3km": 0, "p_connectivity": null, "p_population": null, "p_institutions": null, "p_equity": null, "dipi": null, "rank": null, "stakes_score": 48.4, "gap_rank": 172.0 }, "geometry": { "type": "Point", "coordinates": [ 116.4340548, 4.4549054 ] } },
{ "type": "Feature", "properties": { "name": "Kampung Saliman", "place": "hamlet", "pop_2km": 0, "seasonal_water_px": 107, "flood_prone": true, "rwi": -0.47866666666666663, "elevation_m": 120.0, "settlement_id": "S0570", "dl_mbps": null, "ul_mbps": null, "latency_ms": null, "n_tests": 0, "n_tiles": 0, "evidence_tier": "insufficient", "n_schools_3km": 0, "n_clinics_3km": 0, "p_connectivity": null, "p_population": null, "p_institutions": null, "p_equity": null, "dipi": null, "rank": null, "stakes_score": 28.9, "gap_rank": 222.0 }, "geometry": { "type": "Point", "coordinates": [ 116.4344732, 4.4161324 ] } },
{ "type": "Feature", "properties": { "name": "Kuala Sumaralang", "place": "village", "pop_2km": 0, "seasonal_water_px": 95, "flood_prone": true, "rwi": -0.631, "elevation_m": 147.0, "settlement_id": "S0572", "dl_mbps": null, "ul_mbps": null, "latency_ms": null, "n_tests": 0, "n_tiles": 0, "evidence_tier": "insufficient", "n_schools_3km": 1, "n_clinics_3km": 0, "p_connectivity": null, "p_population": null, "p_institutions": null, "p_equity": null, "dipi": null, "rank": null, "stakes_score": 48.4, "gap_rank": 172.0 }, "geometry": { "type": "Point", "coordinates": [ 116.4325699, 4.4612017 ] } },
{ "type": "Feature", "properties": { "name": "Buntulon", "place": "village", "pop_2km": 0, "seasonal_water_px": 105, "flood_prone": true, "rwi": -0.631, "elevation_m": 134.0, "settlement_id": "S0574", "dl_mbps": null, "ul_mbps": null, "latency_ms": null, "n_tests": 0, "n_tiles": 0, "evidence_tier": "insufficient", "n_schools_3km": 1, "n_clinics_3km": 0, "p_connectivity": null, "p_population": null, "p_institutions": null, "p_equity": null, "dipi": null, "rank": null, "stakes_score": 48.4, "gap_rank": 172.0 }, "geometry": { "type": "Point", "coordinates": [ 116.4324428, 4.4539427 ] } },
{ "type": "Feature", "properties": { "name": "Bantul", "place": "village", "pop_2km": 0, "seasonal_water_px": 88, "flood_prone": true, "rwi": -0.717, "elevation_m": 127.0, "settlement_id": "S0575", "dl_mbps": null, "ul_mbps": null, "latency_ms": null, "n_tests": 0, "n_tiles": 0, "evidence_tier": "insufficient", "n_schools_3km": 0, "n_clinics_3km": 0, "p_connectivity": null, "p_population": null, "p_institutions": null, "p_equity": null, "dipi": null, "rank": null, "stakes_score": 28.9, "gap_rank": 222.0 }, "geometry": { "type": "Point", "coordinates": [ 116.4268698, 4.3399317 ] } },
{ "type": "Feature", "properties": { "name": "Kampung Babalitan", "place": "hamlet", "pop_2km": 0, "seasonal_water_px": 91, "flood_prone": true, "rwi": -0.631, "elevation_m": 128.0, "settlement_id": "S0577", "dl_mbps": null, "ul_mbps": null, "latency_ms": null, "n_tests": 0, "n_tiles": 0, "evidence_tier": "insufficient", "n_schools_3km": 1, "n_clinics_3km": 0, "p_connectivity": null, "p_population": null, "p_institutions": null, "p_equity": null, "dipi": null, "rank": null, "stakes_score": 48.4, "gap_rank": 172.0 }, "geometry": { "type": "Point", "coordinates": [ 116.4340996, 4.449385 ] } },
{ "type": "Feature", "properties": { "name": "Lumpagas", "place": "village", "pop_2km": 0, "seasonal_water_px": 98, "flood_prone": true, "rwi": -0.6705, "elevation_m": 118.0, "settlement_id": "S0578", "dl_mbps": null, "ul_mbps": null, "latency_ms": null, "n_tests": 0, "n_tiles": 0, "evidence_tier": "insufficient", "n_schools_3km": 0, "n_clinics_3km": 0, "p_connectivity": null, "p_population": null, "p_institutions": null, "p_equity": null, "dipi": null, "rank": null, "stakes_score": 28.9, "gap_rank": 222.0 }, "geometry": { "type": "Point", "coordinates": [ 116.4324312, 4.3985325 ] } },
{ "type": "Feature", "properties": { "name": "Inakaak", "place": "village", "pop_2km": 0, "seasonal_water_px": 95, "flood_prone": true, "rwi": -0.4755, "elevation_m": 127.0, "settlement_id": "S0579", "dl_mbps": null, "ul_mbps": null, "latency_ms": null, "n_tests": 0, "n_tiles": 0, "evidence_tier": "insufficient", "n_schools_3km": 1, "n_clinics_3km": 0, "p_connectivity": null, "p_population": null, "p_institutions": null, "p_equity": null, "dipi": null, "rank": null, "stakes_score": 48.4, "gap_rank": 172.0 }, "geometry": { "type": "Point", "coordinates": [ 116.4318441, 4.4265259 ] } },
{ "type": "Feature", "properties": { "name": "Sumbiling", "place": "village", "pop_2km": 0, "seasonal_water_px": 0, "flood_prone": false, "rwi": null, "elevation_m": 440.0, "settlement_id": "S0580", "dl_mbps": null, "ul_mbps": null, "latency_ms": null, "n_tests": 0, "n_tiles": 0, "evidence_tier": "insufficient", "n_schools_3km": 0, "n_clinics_3km": 0, "p_connectivity": null, "p_population": null, "p_institutions": null, "p_equity": null, "dipi": null, "rank": null, "stakes_score": 28.9, "gap_rank": 222.0 }, "geometry": { "type": "Point", "coordinates": [ 116.22469, 4.7818892 ] } },
{ "type": "Feature", "properties": { "name": "Tatapu", "place": "village", "pop_2km": 90, "seasonal_water_px": 0, "flood_prone": false, "rwi": -0.572, "elevation_m": 473.0, "settlement_id": "S0581", "dl_mbps": null, "ul_mbps": null, "latency_ms": null, "n_tests": 0, "n_tiles": 0, "evidence_tier": "insufficient", "n_schools_3km": 1, "n_clinics_3km": 0, "p_connectivity": null, "p_population": null, "p_institutions": null, "p_equity": null, "dipi": null, "rank": null, "stakes_score": 73.1, "gap_rank": 36.0 }, "geometry": { "type": "Point", "coordinates": [ 116.2576357, 4.8993161 ] } },
{ "type": "Feature", "properties": { "name": "Tatalaan Ulu", "place": "village", "pop_2km": 0, "seasonal_water_px": 1, "flood_prone": false, "rwi": -0.343, "elevation_m": 511.0, "settlement_id": "S0582", "dl_mbps": null, "ul_mbps": null, "latency_ms": null, "n_tests": 0, "n_tiles": 0, "evidence_tier": "insufficient", "n_schools_3km": 2, "n_clinics_3km": 0, "p_connectivity": null, "p_population": null, "p_institutions": null, "p_equity": null, "dipi": null, "rank": null, "stakes_score": 51.6, "gap_rank": 154.0 }, "geometry": { "type": "Point", "coordinates": [ 116.2229043, 4.8544087 ] } },
{ "type": "Feature", "properties": { "name": "Panarakan", "place": "village", "pop_2km": 90, "seasonal_water_px": 0, "flood_prone": false, "rwi": -0.572, "elevation_m": 477.0, "settlement_id": "S0583", "dl_mbps": null, "ul_mbps": null, "latency_ms": null, "n_tests": 0, "n_tiles": 0, "evidence_tier": "insufficient", "n_schools_3km": 1, "n_clinics_3km": 0, "p_connectivity": null, "p_population": null, "p_institutions": null, "p_equity": null, "dipi": null, "rank": null, "stakes_score": 73.1, "gap_rank": 36.0 }, "geometry": { "type": "Point", "coordinates": [ 116.2604083, 4.9018965 ] } },
{ "type": "Feature", "properties": { "name": "Kampung Ponontomon", "place": "hamlet", "pop_2km": 256, "seasonal_water_px": 0, "flood_prone": false, "rwi": -0.118, "elevation_m": 463.0, "settlement_id": "S0584", "dl_mbps": 45.58, "ul_mbps": 1.225, "latency_ms": 111.0, "n_tests": 1, "n_tiles": 1, "evidence_tier": "insufficient", "n_schools_3km": 1, "n_clinics_3km": 0, "p_connectivity": null, "p_population": null, "p_institutions": null, "p_equity": null, "dipi": null, "rank": null, "stakes_score": 83.9, "gap_rank": 13.0 }, "geometry": { "type": "Point", "coordinates": [ 116.2643473, 4.88108 ] } },
{ "type": "Feature", "properties": { "name": "Susuon", "place": "village", "pop_2km": 347, "seasonal_water_px": 0, "flood_prone": false, "rwi": -0.572, "elevation_m": 476.0, "settlement_id": "S0585", "dl_mbps": null, "ul_mbps": null, "latency_ms": null, "n_tests": 0, "n_tiles": 0, "evidence_tier": "insufficient", "n_schools_3km": 1, "n_clinics_3km": 0, "p_connectivity": null, "p_population": null, "p_institutions": null, "p_equity": null, "dipi": null, "rank": null, "stakes_score": 87.3, "gap_rank": 10.0 }, "geometry": { "type": "Point", "coordinates": [ 116.2613119, 4.8916374 ] } },
{ "type": "Feature", "properties": { "name": "Kalabi", "place": "village", "pop_2km": 347, "seasonal_water_px": 0, "flood_prone": false, "rwi": -0.572, "elevation_m": 489.0, "settlement_id": "S0586", "dl_mbps": null, "ul_mbps": null, "latency_ms": null, "n_tests": 0, "n_tiles": 0, "evidence_tier": "insufficient", "n_schools_3km": 1, "n_clinics_3km": 0, "p_connectivity": null, "p_population": null, "p_institutions": null, "p_equity": null, "dipi": null, "rank": null, "stakes_score": 87.3, "gap_rank": 10.0 }, "geometry": { "type": "Point", "coordinates": [ 116.2621641, 4.8930202 ] } },
{ "type": "Feature", "properties": { "name": "Malaing Ulu", "place": "village", "pop_2km": 621, "seasonal_water_px": 0, "flood_prone": false, "rwi": -1.122, "elevation_m": 392.0, "settlement_id": "S0588", "dl_mbps": null, "ul_mbps": null, "latency_ms": null, "n_tests": 0, "n_tiles": 0, "evidence_tier": "insufficient", "n_schools_3km": 0, "n_clinics_3km": 0, "p_connectivity": null, "p_population": null, "p_institutions": null, "p_equity": null, "dipi": null, "rank": null, "stakes_score": 72.3, "gap_rank": 42.0 }, "geometry": { "type": "Point", "coordinates": [ 116.1395051, 4.9564866 ] } },
{ "type": "Feature", "properties": { "name": "Kampung Bonor", "place": "hamlet", "pop_2km": 337, "seasonal_water_px": 0, "flood_prone": false, "rwi": -0.959, "elevation_m": 373.0, "settlement_id": "S0589", "dl_mbps": 1.221, "ul_mbps": 0.099, "latency_ms": 422.0, "n_tests": 1, "n_tiles": 1, "evidence_tier": "insufficient", "n_schools_3km": 0, "n_clinics_3km": 0, "p_connectivity": null, "p_population": null, "p_institutions": null, "p_equity": null, "dipi": null, "rank": null, "stakes_score": 67.1, "gap_rank": 69.0 }, "geometry": { "type": "Point", "coordinates": [ 116.1805099, 4.9690669 ] } },
{ "type": "Feature", "properties": { "name": "Karamatoi Ulu", "place": "village", "pop_2km": 29, "seasonal_water_px": 0, "flood_prone": false, "rwi": -1.122, "elevation_m": 391.0, "settlement_id": "S0591", "dl_mbps": null, "ul_mbps": null, "latency_ms": null, "n_tests": 0, "n_tiles": 0, "evidence_tier": "insufficient", "n_schools_3km": 0, "n_clinics_3km": 0, "p_connectivity": null, "p_population": null, "p_institutions": null, "p_equity": null, "dipi": null, "rank": null, "stakes_score": 43.6, "gap_rank": 210.0 }, "geometry": { "type": "Point", "coordinates": [ 116.1372203, 4.9489947 ] } },
{ "type": "Feature", "properties": { "name": "Binakaan", "place": "village", "pop_2km": 574, "seasonal_water_px": 0, "flood_prone": false, "rwi": -0.321, "elevation_m": 376.0, "settlement_id": "S0593", "dl_mbps": null, "ul_mbps": null, "latency_ms": null, "n_tests": 0, "n_tiles": 0, "evidence_tier": "insufficient", "n_schools_3km": 0, "n_clinics_3km": 0, "p_connectivity": null, "p_population": null, "p_institutions": null, "p_equity": null, "dipi": null, "rank": null, "stakes_score": 71.7, "gap_rank": 45.0 }, "geometry": { "type": "Point", "coordinates": [ 116.3432834, 5.117645 ] } },
{ "type": "Feature", "properties": { "name": "Seri Menanti", "place": "village", "pop_2km": 323, "seasonal_water_px": 0, "flood_prone": false, "rwi": -0.726, "elevation_m": 419.0, "settlement_id": "S0594", "dl_mbps": 31.461, "ul_mbps": 0.538, "latency_ms": 47.0, "n_tests": 1, "n_tiles": 1, "evidence_tier": "insufficient", "n_schools_3km": 0, "n_clinics_3km": 0, "p_connectivity": null, "p_population": null, "p_institutions": null, "p_equity": null, "dipi": null, "rank": null, "stakes_score": 66.7, "gap_rank": 71.0 }, "geometry": { "type": "Point", "coordinates": [ 116.2749919, 5.2023035 ] } },
{ "type": "Feature", "properties": { "name": "Sanang", "place": "village", "pop_2km": 170, "seasonal_water_px": 0, "flood_prone": false, "rwi": -0.28, "elevation_m": 364.0, "settlement_id": "S0598", "dl_mbps": null, "ul_mbps": null, "latency_ms": null, "n_tests": 0, "n_tiles": 0, "evidence_tier": "insufficient", "n_schools_3km": 0, "n_clinics_3km": 0, "p_connectivity": null, "p_population": null, "p_institutions": null, "p_equity": null, "dipi": null, "rank": null, "stakes_score": 60.7, "gap_rank": 108.0 }, "geometry": { "type": "Point", "coordinates": [ 116.1705088, 5.0503345 ] } },
{ "type": "Feature", "properties": { "name": "Namadan Baru", "place": "village", "pop_2km": 213, "seasonal_water_px": 0, "flood_prone": false, "rwi": -0.25233333333333335, "elevation_m": 386.0, "settlement_id": "S0600", "dl_mbps": null, "ul_mbps": null, "latency_ms": null, "n_tests": 0, "n_tiles": 0, "evidence_tier": "insufficient", "n_schools_3km": 0, "n_clinics_3km": 0, "p_connectivity": null, "p_population": null, "p_institutions": null, "p_equity": null, "dipi": null, "rank": null, "stakes_score": 62.6, "gap_rank": 96.0 }, "geometry": { "type": "Point", "coordinates": [ 116.2055431, 5.1331074 ] } },
{ "type": "Feature", "properties": { "name": "Lintuhun Baru", "place": "village", "pop_2km": 586, "seasonal_water_px": 0, "flood_prone": false, "rwi": -0.323, "elevation_m": 382.0, "settlement_id": "S0601", "dl_mbps": null, "ul_mbps": null, "latency_ms": null, "n_tests": 0, "n_tiles": 0, "evidence_tier": "insufficient", "n_schools_3km": 0, "n_clinics_3km": 0, "p_connectivity": null, "p_population": null, "p_institutions": null, "p_equity": null, "dipi": null, "rank": null, "stakes_score": 71.9, "gap_rank": 44.0 }, "geometry": { "type": "Point", "coordinates": [ 116.2102068, 5.1431533 ] } },
{ "type": "Feature", "properties": { "name": "Bangawong", "place": "village", "pop_2km": 435, "seasonal_water_px": 0, "flood_prone": false, "rwi": -0.51766666666666661, "elevation_m": 359.0, "settlement_id": "S0604", "dl_mbps": null, "ul_mbps": null, "latency_ms": null, "n_tests": 0, "n_tiles": 0, "evidence_tier": "insufficient", "n_schools_3km": 0, "n_clinics_3km": 0, "p_connectivity": null, "p_population": null, "p_institutions": null, "p_equity": null, "dipi": null, "rank": null, "stakes_score": 69.2, "gap_rank": 59.0 }, "geometry": { "type": "Point", "coordinates": [ 116.3290819, 5.0815603 ] } },
{ "type": "Feature", "properties": { "name": "Susulat Baru", "place": "village", "pop_2km": 64, "seasonal_water_px": 0, "flood_prone": false, "rwi": -0.2435, "elevation_m": 375.0, "settlement_id": "S0606", "dl_mbps": 87.969, "ul_mbps": 41.796, "latency_ms": 47.0, "n_tests": 1, "n_tiles": 1, "evidence_tier": "insufficient", "n_schools_3km": 0, "n_clinics_3km": 0, "p_connectivity": null, "p_population": null, "p_institutions": null, "p_equity": null, "dipi": null, "rank": null, "stakes_score": 49.5, "gap_rank": 166.0 }, "geometry": { "type": "Point", "coordinates": [ 116.367318, 5.1117207 ] } },
{ "type": "Feature", "properties": { "name": "Totogop", "place": "village", "pop_2km": 1513, "seasonal_water_px": 16, "flood_prone": true, "rwi": -0.2115, "elevation_m": 300.0, "settlement_id": "S0609", "dl_mbps": 8.6595, "ul_mbps": 6.241, "latency_ms": 72.0, "n_tests": 2, "n_tiles": 2, "evidence_tier": "insufficient", "n_schools_3km": 0, "n_clinics_3km": 0, "p_connectivity": null, "p_population": null, "p_institutions": null, "p_equity": null, "dipi": null, "rank": null, "stakes_score": 76.2, "gap_rank": 24.0 }, "geometry": { "type": "Point", "coordinates": [ 116.1801678, 5.2268314 ] } },
{ "type": "Feature", "properties": { "name": "Sinaron Tengah", "place": "village", "pop_2km": 320, "seasonal_water_px": 0, "flood_prone": false, "rwi": -0.345, "elevation_m": 550.0, "settlement_id": "S0613", "dl_mbps": 9.142, "ul_mbps": 0.57, "latency_ms": 57.0, "n_tests": 3, "n_tiles": 2, "evidence_tier": "insufficient", "n_schools_3km": 0, "n_clinics_3km": 0, "p_connectivity": null, "p_population": null, "p_institutions": null, "p_equity": null, "dipi": null, "rank": null, "stakes_score": 66.5, "gap_rank": 72.0 }, "geometry": { "type": "Point", "coordinates": [ 116.5938172, 5.4544754 ] } },
{ "type": "Feature", "properties": { "name": "Sinua", "place": "village", "pop_2km": 29, "seasonal_water_px": 0, "flood_prone": false, "rwi": -0.33033333333333331, "elevation_m": 542.0, "settlement_id": "S0616", "dl_mbps": 62.774, "ul_mbps": 27.066, "latency_ms": 45.5, "n_tests": 2, "n_tiles": 2, "evidence_tier": "insufficient", "n_schools_3km": 1, "n_clinics_3km": 0, "p_connectivity": null, "p_population": null, "p_institutions": null, "p_equity": null, "dipi": null, "rank": null, "stakes_score": 63.1, "gap_rank": 92.0 }, "geometry": { "type": "Point", "coordinates": [ 116.5790393, 5.4821092 ] } },
{ "type": "Feature", "properties": { "name": "Kompartment 50", "place": "village", "pop_2km": 1613, "seasonal_water_px": 0, "flood_prone": false, "rwi": null, "elevation_m": 401.0, "settlement_id": "S0619", "dl_mbps": null, "ul_mbps": null, "latency_ms": null, "n_tests": 0, "n_tiles": 0, "evidence_tier": "insufficient", "n_schools_3km": 0, "n_clinics_3km": 0, "p_connectivity": null, "p_population": null, "p_institutions": null, "p_equity": null, "dipi": null, "rank": null, "stakes_score": 76.4, "gap_rank": 23.0 }, "geometry": { "type": "Point", "coordinates": [ 116.5496793, 5.3074959 ] } },
{ "type": "Feature", "properties": { "name": "Kompartment 86", "place": "village", "pop_2km": 92, "seasonal_water_px": 9, "flood_prone": true, "rwi": null, "elevation_m": 391.0, "settlement_id": "S0621", "dl_mbps": null, "ul_mbps": null, "latency_ms": null, "n_tests": 0, "n_tiles": 0, "evidence_tier": "insufficient", "n_schools_3km": 0, "n_clinics_3km": 0, "p_connectivity": null, "p_population": null, "p_institutions": null, "p_equity": null, "dipi": null, "rank": null, "stakes_score": 54.1, "gap_rank": 141.0 }, "geometry": { "type": "Point", "coordinates": [ 116.5601736, 5.2718184 ] } },
{ "type": "Feature", "properties": { "name": "Kompartment 148", "place": "village", "pop_2km": 0, "seasonal_water_px": 0, "flood_prone": false, "rwi": null, "elevation_m": 536.0, "settlement_id": "S0622", "dl_mbps": null, "ul_mbps": null, "latency_ms": null, "n_tests": 0, "n_tiles": 0, "evidence_tier": "insufficient", "n_schools_3km": 0, "n_clinics_3km": 0, "p_connectivity": null, "p_population": null, "p_institutions": null, "p_equity": null, "dipi": null, "rank": null, "stakes_score": 28.9, "gap_rank": 222.0 }, "geometry": { "type": "Point", "coordinates": [ 116.6209573, 5.2696191 ] } },
{ "type": "Feature", "properties": { "name": "Pioh", "place": "village", "pop_2km": 28, "seasonal_water_px": 0, "flood_prone": false, "rwi": 0.104, "elevation_m": 410.0, "settlement_id": "S0625", "dl_mbps": null, "ul_mbps": null, "latency_ms": null, "n_tests": 0, "n_tiles": 0, "evidence_tier": "insufficient", "n_schools_3km": 0, "n_clinics_3km": 0, "p_connectivity": null, "p_population": null, "p_institutions": null, "p_equity": null, "dipi": null, "rank": null, "stakes_score": 43.2, "gap_rank": 211.0 }, "geometry": { "type": "Point", "coordinates": [ 116.496168, 5.2717183 ] } },
{ "type": "Feature", "properties": { "name": "Wawasan", "place": "village", "pop_2km": 315, "seasonal_water_px": 0, "flood_prone": false, "rwi": -0.1565, "elevation_m": 415.0, "settlement_id": "S0626", "dl_mbps": null, "ul_mbps": null, "latency_ms": null, "n_tests": 0, "n_tiles": 0, "evidence_tier": "insufficient", "n_schools_3km": 0, "n_clinics_3km": 0, "p_connectivity": null, "p_population": null, "p_institutions": null, "p_equity": null, "dipi": null, "rank": null, "stakes_score": 66.2, "gap_rank": 74.0 }, "geometry": { "type": "Point", "coordinates": [ 116.5307635, 5.2707586 ] } },
{ "type": "Feature", "properties": { "name": "Sasagahan", "place": "village", "pop_2km": 99, "seasonal_water_px": 0, "flood_prone": false, "rwi": -0.17833333333333334, "elevation_m": 384.0, "settlement_id": "S0641", "dl_mbps": 26.066, "ul_mbps": 2.472, "latency_ms": 18.0, "n_tests": 1, "n_tiles": 1, "evidence_tier": "insufficient", "n_schools_3km": 0, "n_clinics_3km": 0, "p_connectivity": null, "p_population": null, "p_institutions": null, "p_equity": null, "dipi": null, "rank": null, "stakes_score": 55.7, "gap_rank": 132.0 }, "geometry": { "type": "Point", "coordinates": [ 116.4306414, 5.2077032 ] } },
{ "type": "Feature", "properties": { "name": "Pengaradan", "place": "village", "pop_2km": 181, "seasonal_water_px": 0, "flood_prone": false, "rwi": -0.47033333333333333, "elevation_m": 409.0, "settlement_id": "S0642", "dl_mbps": 25.366, "ul_mbps": 10.9185, "latency_ms": 66.5, "n_tests": 2, "n_tiles": 2, "evidence_tier": "insufficient", "n_schools_3km": 0, "n_clinics_3km": 0, "p_connectivity": null, "p_population": null, "p_institutions": null, "p_equity": null, "dipi": null, "rank": null, "stakes_score": 61.0, "gap_rank": 107.0 }, "geometry": { "type": "Point", "coordinates": [ 116.3977252, 5.2560354 ] } },
{ "type": "Feature", "properties": { "name": "Maatol", "place": "village", "pop_2km": 67, "seasonal_water_px": 0, "flood_prone": false, "rwi": -0.26366666666666666, "elevation_m": 387.0, "settlement_id": "S0647", "dl_mbps": null, "ul_mbps": null, "latency_ms": null, "n_tests": 0, "n_tiles": 0, "evidence_tier": "insufficient", "n_schools_3km": 0, "n_clinics_3km": 0, "p_connectivity": null, "p_population": null, "p_institutions": null, "p_equity": null, "dipi": null, "rank": null, "stakes_score": 49.7, "gap_rank": 164.0 }, "geometry": { "type": "Point", "coordinates": [ 116.43553, 5.215325 ] } },
{ "type": "Feature", "properties": { "name": "Mokotog", "place": "village", "pop_2km": 618, "seasonal_water_px": 0, "flood_prone": false, "rwi": -0.49066666666666664, "elevation_m": 394.0, "settlement_id": "S0649", "dl_mbps": 59.4315, "ul_mbps": 10.737, "latency_ms": 46.5, "n_tests": 2, "n_tiles": 2, "evidence_tier": "insufficient", "n_schools_3km": 0, "n_clinics_3km": 0, "p_connectivity": null, "p_population": null, "p_institutions": null, "p_equity": null, "dipi": null, "rank": null, "stakes_score": 72.1, "gap_rank": 43.0 }, "geometry": { "type": "Point", "coordinates": [ 116.4247876, 5.2835791 ] } },
{ "type": "Feature", "properties": { "name": "Bukit Indah", "place": "village", "pop_2km": 31, "seasonal_water_px": 0, "flood_prone": false, "rwi": -0.6695, "elevation_m": 565.0, "settlement_id": "S0691", "dl_mbps": null, "ul_mbps": null, "latency_ms": null, "n_tests": 0, "n_tiles": 0, "evidence_tier": "insufficient", "n_schools_3km": 0, "n_clinics_3km": 0, "p_connectivity": null, "p_population": null, "p_institutions": null, "p_equity": null, "dipi": null, "rank": null, "stakes_score": 44.1, "gap_rank": 208.0 }, "geometry": { "type": "Point", "coordinates": [ 116.2799224, 5.2656225 ] } },
{ "type": "Feature", "properties": { "name": "Mesej Bunang", "place": "village", "pop_2km": 0, "seasonal_water_px": 0, "flood_prone": false, "rwi": -0.609, "elevation_m": 555.0, "settlement_id": "S0692", "dl_mbps": null, "ul_mbps": null, "latency_ms": null, "n_tests": 0, "n_tiles": 0, "evidence_tier": "insufficient", "n_schools_3km": 0, "n_clinics_3km": 0, "p_connectivity": null, "p_population": null, "p_institutions": null, "p_equity": null, "dipi": null, "rank": null, "stakes_score": 28.9, "gap_rank": 222.0 }, "geometry": { "type": "Point", "coordinates": [ 116.2666274, 5.2576841 ] } },
{ "type": "Feature", "properties": { "name": "Mansiang", "place": "village", "pop_2km": 93, "seasonal_water_px": 0, "flood_prone": false, "rwi": -0.42, "elevation_m": 416.0, "settlement_id": "S0694", "dl_mbps": 9.265, "ul_mbps": 0.841, "latency_ms": 20.0, "n_tests": 1, "n_tiles": 1, "evidence_tier": "insufficient", "n_schools_3km": 0, "n_clinics_3km": 0, "p_connectivity": null, "p_population": null, "p_institutions": null, "p_equity": null, "dipi": null, "rank": null, "stakes_score": 54.7, "gap_rank": 136.0 }, "geometry": { "type": "Point", "coordinates": [ 116.228125, 5.2554901 ] } },
{ "type": "Feature", "properties": { "name": "Kilugus", "place": "village", "pop_2km": 63, "seasonal_water_px": 0, "flood_prone": false, "rwi": -0.64066666666666661, "elevation_m": 547.0, "settlement_id": "S0695", "dl_mbps": null, "ul_mbps": null, "latency_ms": null, "n_tests": 0, "n_tiles": 0, "evidence_tier": "insufficient", "n_schools_3km": 0, "n_clinics_3km": 0, "p_connectivity": null, "p_population": null, "p_institutions": null, "p_equity": null, "dipi": null, "rank": null, "stakes_score": 49.3, "gap_rank": 167.0 }, "geometry": { "type": "Point", "coordinates": [ 116.2849091, 5.2812117 ] } },
{ "type": "Feature", "properties": { "name": "Sondukut", "place": "village", "pop_2km": 90, "seasonal_water_px": 0, "flood_prone": false, "rwi": -0.66766666666666674, "elevation_m": 496.0, "settlement_id": "S0698", "dl_mbps": 6.7515, "ul_mbps": 2.084, "latency_ms": 61.0, "n_tests": 2, "n_tiles": 1, "evidence_tier": "insufficient", "n_schools_3km": 0, "n_clinics_3km": 0, "p_connectivity": null, "p_population": null, "p_institutions": null, "p_equity": null, "dipi": null, "rank": null, "stakes_score": 53.7, "gap_rank": 142.0 }, "geometry": { "type": "Point", "coordinates": [ 116.2219378, 5.2311401 ] } },
{ "type": "Feature", "properties": { "name": "Antabakan", "place": "village", "pop_2km": 493, "seasonal_water_px": 0, "flood_prone": false, "rwi": -0.565, "elevation_m": 418.0, "settlement_id": "S0711", "dl_mbps": null, "ul_mbps": null, "latency_ms": null, "n_tests": 0, "n_tiles": 0, "evidence_tier": "insufficient", "n_schools_3km": 0, "n_clinics_3km": 0, "p_connectivity": null, "p_population": null, "p_institutions": null, "p_equity": null, "dipi": null, "rank": null, "stakes_score": 69.9, "gap_rank": 56.0 }, "geometry": { "type": "Point", "coordinates": [ 116.141912, 5.1377532 ] } },
{ "type": "Feature", "properties": { "name": "Gaulan", "place": "village", "pop_2km": 542, "seasonal_water_px": 0, "flood_prone": false, "rwi": -0.263, "elevation_m": 401.0, "settlement_id": "S0718", "dl_mbps": 72.596, "ul_mbps": 9.041, "latency_ms": 39.0, "n_tests": 4, "n_tiles": 3, "evidence_tier": "insufficient", "n_schools_3km": 0, "n_clinics_3km": 0, "p_connectivity": null, "p_population": null, "p_institutions": null, "p_equity": null, "dipi": null, "rank": null, "stakes_score": 70.8, "gap_rank": 51.0 }, "geometry": { "type": "Point", "coordinates": [ 116.0534426, 5.3025712 ] } },
{ "type": "Feature", "properties": { "name": "Kaliwot", "place": "village", "pop_2km": 88, "seasonal_water_px": 0, "flood_prone": false, "rwi": -0.548, "elevation_m": 424.0, "settlement_id": "S0722", "dl_mbps": null, "ul_mbps": null, "latency_ms": null, "n_tests": 0, "n_tiles": 0, "evidence_tier": "insufficient", "n_schools_3km": 0, "n_clinics_3km": 0, "p_connectivity": null, "p_population": null, "p_institutions": null, "p_equity": null, "dipi": null, "rank": null, "stakes_score": 52.6, "gap_rank": 146.0 }, "geometry": { "type": "Point", "coordinates": [ 116.1025982, 5.2344101 ] } },
{ "type": "Feature", "properties": { "name": "Ulu Senagang", "place": "village", "pop_2km": 93, "seasonal_water_px": 0, "flood_prone": false, "rwi": -0.71933333333333327, "elevation_m": 467.0, "settlement_id": "S0727", "dl_mbps": 121.7915, "ul_mbps": 24.919, "latency_ms": 39.5, "n_tests": 2, "n_tiles": 2, "evidence_tier": "insufficient", "n_schools_3km": 0, "n_clinics_3km": 0, "p_connectivity": null, "p_population": null, "p_institutions": null, "p_equity": null, "dipi": null, "rank": null, "stakes_score": 54.7, "gap_rank": 136.0 }, "geometry": { "type": "Point", "coordinates": [ 116.0302665, 5.3443873 ] } },
{ "type": "Feature", "properties": { "name": "Kuala Tigasa", "place": "village", "pop_2km": 460, "seasonal_water_px": 0, "flood_prone": false, "rwi": -0.5945, "elevation_m": 296.0, "settlement_id": "S0728", "dl_mbps": null, "ul_mbps": null, "latency_ms": null, "n_tests": 0, "n_tiles": 0, "evidence_tier": "insufficient", "n_schools_3km": 1, "n_clinics_3km": 0, "p_connectivity": null, "p_population": null, "p_institutions": null, "p_equity": null, "dipi": null, "rank": null, "stakes_score": 89.0, "gap_rank": 9.0 }, "geometry": { "type": "Point", "coordinates": [ 116.1358732, 5.2114388 ] } },
{ "type": "Feature", "properties": { "name": "Mongitom Ulu", "place": "village", "pop_2km": 226, "seasonal_water_px": 0, "flood_prone": false, "rwi": -0.7055, "elevation_m": 685.0, "settlement_id": "S0729", "dl_mbps": 17.406, "ul_mbps": 0.32, "latency_ms": 70.0, "n_tests": 1, "n_tiles": 1, "evidence_tier": "insufficient", "n_schools_3km": 0, "n_clinics_3km": 0, "p_connectivity": null, "p_population": null, "p_institutions": null, "p_equity": null, "dipi": null, "rank": null, "stakes_score": 63.1, "gap_rank": 92.0 }, "geometry": { "type": "Point", "coordinates": [ 116.186367, 5.4910984 ] } },
{ "type": "Feature", "properties": { "name": "Belinin Division", "place": "village", "pop_2km": 111, "seasonal_water_px": 0, "flood_prone": false, "rwi": null, "elevation_m": 548.0, "settlement_id": "S0730", "dl_mbps": null, "ul_mbps": null, "latency_ms": null, "n_tests": 0, "n_tiles": 0, "evidence_tier": "insufficient", "n_schools_3km": 0, "n_clinics_3km": 0, "p_connectivity": null, "p_population": null, "p_institutions": null, "p_equity": null, "dipi": null, "rank": null, "stakes_score": 56.2, "gap_rank": 129.0 }, "geometry": { "type": "Point", "coordinates": [ 116.0789466, 5.1702445 ] } },
{ "type": "Feature", "properties": { "name": "Bandukan Ulu", "place": "village", "pop_2km": 298, "seasonal_water_px": 0, "flood_prone": false, "rwi": -0.339, "elevation_m": 806.0, "settlement_id": "S0731", "dl_mbps": null, "ul_mbps": null, "latency_ms": null, "n_tests": 0, "n_tiles": 0, "evidence_tier": "insufficient", "n_schools_3km": 0, "n_clinics_3km": 0, "p_connectivity": null, "p_population": null, "p_institutions": null, "p_equity": null, "dipi": null, "rank": null, "stakes_score": 65.6, "gap_rank": 78.0 }, "geometry": { "type": "Point", "coordinates": [ 116.1569642, 5.4716419 ] } },
{ "type": "Feature", "properties": { "name": "Tataluan", "place": "village", "pop_2km": 296, "seasonal_water_px": 0, "flood_prone": false, "rwi": -0.255, "elevation_m": 430.0, "settlement_id": "S0737", "dl_mbps": null, "ul_mbps": null, "latency_ms": null, "n_tests": 0, "n_tiles": 0, "evidence_tier": "insufficient", "n_schools_3km": 0, "n_clinics_3km": 0, "p_connectivity": null, "p_population": null, "p_institutions": null, "p_equity": null, "dipi": null, "rank": null, "stakes_score": 65.4, "gap_rank": 79.0 }, "geometry": { "type": "Point", "coordinates": [ 116.1245859, 5.1089378 ] } },
{ "type": "Feature", "properties": { "name": "Estet Sri Padasa", "place": "village", "pop_2km": 342, "seasonal_water_px": 0, "flood_prone": false, "rwi": -0.982, "elevation_m": 418.0, "settlement_id": "S0738", "dl_mbps": null, "ul_mbps": null, "latency_ms": null, "n_tests": 0, "n_tiles": 0, "evidence_tier": "insufficient", "n_schools_3km": 0, "n_clinics_3km": 0, "p_connectivity": null, "p_population": null, "p_institutions": null, "p_equity": null, "dipi": null, "rank": null, "stakes_score": 67.3, "gap_rank": 67.0 }, "geometry": { "type": "Point", "coordinates": [ 116.1279678, 5.1913399 ] } },
{ "type": "Feature", "properties": { "name": "Dimpangoh", "place": "village", "pop_2km": 1187, "seasonal_water_px": 0, "flood_prone": false, "rwi": -0.6025, "elevation_m": 433.0, "settlement_id": "S0739", "dl_mbps": null, "ul_mbps": null, "latency_ms": null, "n_tests": 0, "n_tiles": 0, "evidence_tier": "insufficient", "n_schools_3km": 0, "n_clinics_3km": 0, "p_connectivity": null, "p_population": null, "p_institutions": null, "p_equity": null, "dipi": null, "rank": null, "stakes_score": 75.1, "gap_rank": 30.0 }, "geometry": { "type": "Point", "coordinates": [ 116.1147343, 5.1542775 ] } },
{ "type": "Feature", "properties": { "name": "Ulu Keritan", "place": "village", "pop_2km": 94, "seasonal_water_px": 0, "flood_prone": false, "rwi": -0.7025, "elevation_m": 468.0, "settlement_id": "S0741", "dl_mbps": 16.513, "ul_mbps": 0.13, "latency_ms": 39.0, "n_tests": 1, "n_tiles": 1, "evidence_tier": "insufficient", "n_schools_3km": 0, "n_clinics_3km": 0, "p_connectivity": null, "p_population": null, "p_institutions": null, "p_equity": null, "dipi": null, "rank": null, "stakes_score": 55.2, "gap_rank": 135.0 }, "geometry": { "type": "Point", "coordinates": [ 116.0423502, 5.3308299 ] } },
{ "type": "Feature", "properties": { "name": "Sri Telipok Baru", "place": "village", "pop_2km": 154, "seasonal_water_px": 0, "flood_prone": false, "rwi": -0.5265, "elevation_m": 595.0, "settlement_id": "S0745", "dl_mbps": 227.07, "ul_mbps": 49.708, "latency_ms": 40.0, "n_tests": 1, "n_tiles": 1, "evidence_tier": "insufficient", "n_schools_3km": 0, "n_clinics_3km": 0, "p_connectivity": null, "p_population": null, "p_institutions": null, "p_equity": null, "dipi": null, "rank": null, "stakes_score": 59.3, "gap_rank": 115.0 }, "geometry": { "type": "Point", "coordinates": [ 116.0472387, 5.3545134 ] } },
{ "type": "Feature", "properties": { "name": "Bina Baru", "place": "village", "pop_2km": 342, "seasonal_water_px": 0, "flood_prone": false, "rwi": -0.622, "elevation_m": 445.0, "settlement_id": "S0749", "dl_mbps": null, "ul_mbps": null, "latency_ms": null, "n_tests": 0, "n_tiles": 0, "evidence_tier": "insufficient", "n_schools_3km": 0, "n_clinics_3km": 0, "p_connectivity": null, "p_population": null, "p_institutions": null, "p_equity": null, "dipi": null, "rank": null, "stakes_score": 67.3, "gap_rank": 67.0 }, "geometry": { "type": "Point", "coordinates": [ 116.1254003, 5.185274 ] } },
{ "type": "Feature", "properties": { "name": "Kompartment 149/145", "place": "village", "pop_2km": 45, "seasonal_water_px": 0, "flood_prone": false, "rwi": null, "elevation_m": 307.0, "settlement_id": "S0782", "dl_mbps": null, "ul_mbps": null, "latency_ms": null, "n_tests": 0, "n_tiles": 0, "evidence_tier": "insufficient", "n_schools_3km": 0, "n_clinics_3km": 0, "p_connectivity": null, "p_population": null, "p_institutions": null, "p_equity": null, "dipi": null, "rank": null, "stakes_score": 46.5, "gap_rank": 198.0 }, "geometry": { "type": "Point", "coordinates": [ 116.6742641, 5.2521739 ] } },
{ "type": "Feature", "properties": { "name": "Kompartment 152", "place": "village", "pop_2km": 0, "seasonal_water_px": 0, "flood_prone": false, "rwi": null, "elevation_m": 480.0, "settlement_id": "S0783", "dl_mbps": null, "ul_mbps": null, "latency_ms": null, "n_tests": 0, "n_tiles": 0, "evidence_tier": "insufficient", "n_schools_3km": 0, "n_clinics_3km": 0, "p_connectivity": null, "p_population": null, "p_institutions": null, "p_equity": null, "dipi": null, "rank": null, "stakes_score": 28.9, "gap_rank": 222.0 }, "geometry": { "type": "Point", "coordinates": [ 116.6267962, 5.2251505 ] } },
{ "type": "Feature", "properties": { "name": "Kompartment 154", "place": "village", "pop_2km": 45, "seasonal_water_px": 0, "flood_prone": false, "rwi": null, "elevation_m": 311.0, "settlement_id": "S0784", "dl_mbps": null, "ul_mbps": null, "latency_ms": null, "n_tests": 0, "n_tiles": 0, "evidence_tier": "insufficient", "n_schools_3km": 0, "n_clinics_3km": 0, "p_connectivity": null, "p_population": null, "p_institutions": null, "p_equity": null, "dipi": null, "rank": null, "stakes_score": 46.5, "gap_rank": 198.0 }, "geometry": { "type": "Point", "coordinates": [ 116.6599246, 5.2389983 ] } },
{ "type": "Feature", "properties": { "name": "Kompartment 162", "place": "village", "pop_2km": 0, "seasonal_water_px": 0, "flood_prone": false, "rwi": null, "elevation_m": 231.0, "settlement_id": "S0785", "dl_mbps": null, "ul_mbps": null, "latency_ms": null, "n_tests": 0, "n_tiles": 0, "evidence_tier": "insufficient", "n_schools_3km": 0, "n_clinics_3km": 0, "p_connectivity": null, "p_population": null, "p_institutions": null, "p_equity": null, "dipi": null, "rank": null, "stakes_score": 28.9, "gap_rank": 222.0 }, "geometry": { "type": "Point", "coordinates": [ 116.6951096, 5.2191704 ] } },
{ "type": "Feature", "properties": { "name": "Kompartment 125", "place": "village", "pop_2km": 46, "seasonal_water_px": 0, "flood_prone": false, "rwi": -0.18, "elevation_m": 523.0, "settlement_id": "S0786", "dl_mbps": null, "ul_mbps": null, "latency_ms": null, "n_tests": 0, "n_tiles": 0, "evidence_tier": "insufficient", "n_schools_3km": 0, "n_clinics_3km": 0, "p_connectivity": null, "p_population": null, "p_institutions": null, "p_equity": null, "dipi": null, "rank": null, "stakes_score": 47.1, "gap_rank": 195.0 }, "geometry": { "type": "Point", "coordinates": [ 116.6700893, 5.2914368 ] } },
{ "type": "Feature", "properties": { "name": "Kompartment 147", "place": "village", "pop_2km": 0, "seasonal_water_px": 0, "flood_prone": false, "rwi": null, "elevation_m": 376.0, "settlement_id": "S0787", "dl_mbps": null, "ul_mbps": null, "latency_ms": null, "n_tests": 0, "n_tiles": 0, "evidence_tier": "insufficient", "n_schools_3km": 0, "n_clinics_3km": 0, "p_connectivity": null, "p_population": null, "p_institutions": null, "p_equity": null, "dipi": null, "rank": null, "stakes_score": 28.9, "gap_rank": 222.0 }, "geometry": { "type": "Point", "coordinates": [ 116.6442341, 5.2443623 ] } },
{ "type": "Feature", "properties": { "name": "Pingas Camp Kompartment 144", "place": "village", "pop_2km": 46, "seasonal_water_px": 0, "flood_prone": false, "rwi": -0.18, "elevation_m": 370.0, "settlement_id": "S0788", "dl_mbps": 92.221, "ul_mbps": 46.178, "latency_ms": 15.0, "n_tests": 1, "n_tiles": 1, "evidence_tier": "insufficient", "n_schools_3km": 0, "n_clinics_3km": 0, "p_connectivity": null, "p_population": null, "p_institutions": null, "p_equity": null, "dipi": null, "rank": null, "stakes_score": 47.1, "gap_rank": 195.0 }, "geometry": { "type": "Point", "coordinates": [ 116.6667287, 5.2777254 ] } },
{ "type": "Feature", "properties": { "name": "Kompartment 82", "place": "village", "pop_2km": 122, "seasonal_water_px": 0, "flood_prone": false, "rwi": null, "elevation_m": 396.0, "settlement_id": "S0789", "dl_mbps": 92.221, "ul_mbps": 46.178, "latency_ms": 15.0, "n_tests": 1, "n_tiles": 1, "evidence_tier": "insufficient", "n_schools_3km": 0, "n_clinics_3km": 0, "p_connectivity": null, "p_population": null, "p_institutions": null, "p_equity": null, "dipi": null, "rank": null, "stakes_score": 57.4, "gap_rank": 123.0 }, "geometry": { "type": "Point", "coordinates": [ 116.6524192, 5.2982556 ] } },
{ "type": "Feature", "properties": { "name": "Kompartment 155", "place": "village", "pop_2km": 45, "seasonal_water_px": 0, "flood_prone": false, "rwi": null, "elevation_m": 274.0, "settlement_id": "S0790", "dl_mbps": null, "ul_mbps": null, "latency_ms": null, "n_tests": 0, "n_tiles": 0, "evidence_tier": "insufficient", "n_schools_3km": 0, "n_clinics_3km": 0, "p_connectivity": null, "p_population": null, "p_institutions": null, "p_equity": null, "dipi": null, "rank": null, "stakes_score": 46.5, "gap_rank": 198.0 }, "geometry": { "type": "Point", "coordinates": [ 116.6815193, 5.2390515 ] } },
{ "type": "Feature", "properties": { "name": "Kompartment 143", "place": "village", "pop_2km": 46, "seasonal_water_px": 0, "flood_prone": false, "rwi": -0.18, "elevation_m": 436.0, "settlement_id": "S0791", "dl_mbps": 92.221, "ul_mbps": 46.178, "latency_ms": 15.0, "n_tests": 1, "n_tiles": 1, "evidence_tier": "insufficient", "n_schools_3km": 0, "n_clinics_3km": 0, "p_connectivity": null, "p_population": null, "p_institutions": null, "p_equity": null, "dipi": null, "rank": null, "stakes_score": 47.1, "gap_rank": 195.0 }, "geometry": { "type": "Point", "coordinates": [ 116.670471, 5.2825763 ] } },
{ "type": "Feature", "properties": { "name": "Kompartment 123", "place": "village", "pop_2km": 0, "seasonal_water_px": 0, "flood_prone": false, "rwi": -0.18, "elevation_m": 368.0, "settlement_id": "S0793", "dl_mbps": null, "ul_mbps": null, "latency_ms": null, "n_tests": 0, "n_tiles": 0, "evidence_tier": "insufficient", "n_schools_3km": 0, "n_clinics_3km": 0, "p_connectivity": null, "p_population": null, "p_institutions": null, "p_equity": null, "dipi": null, "rank": null, "stakes_score": 28.9, "gap_rank": 222.0 }, "geometry": { "type": "Point", "coordinates": [ 116.6656873, 5.2980372 ] } },
{ "type": "Feature", "properties": { "name": "Kaimadang", "place": "village", "pop_2km": 0, "seasonal_water_px": 0, "flood_prone": false, "rwi": -0.712, "elevation_m": 444.0, "settlement_id": "S0794", "dl_mbps": 22.609, "ul_mbps": 0.944, "latency_ms": 76.0, "n_tests": 3, "n_tiles": 1, "evidence_tier": "insufficient", "n_schools_3km": 0, "n_clinics_3km": 0, "p_connectivity": null, "p_population": null, "p_institutions": null, "p_equity": null, "dipi": null, "rank": null, "stakes_score": 28.9, "gap_rank": 222.0 }, "geometry": { "type": "Point", "coordinates": [ 116.2773773, 5.3599854 ] } },
{ "type": "Feature", "properties": { "name": "Kiporing", "place": "village", "pop_2km": 61, "seasonal_water_px": 0, "flood_prone": false, "rwi": -0.6135, "elevation_m": 471.0, "settlement_id": "S0795", "dl_mbps": 22.609, "ul_mbps": 0.944, "latency_ms": 76.0, "n_tests": 3, "n_tiles": 1, "evidence_tier": "insufficient", "n_schools_3km": 0, "n_clinics_3km": 0, "p_connectivity": null, "p_population": null, "p_institutions": null, "p_equity": null, "dipi": null, "rank": null, "stakes_score": 48.7, "gap_rank": 170.0 }, "geometry": { "type": "Point", "coordinates": [ 116.257985, 5.3306312 ] } },
{ "type": "Feature", "properties": { "name": "Ulu Monsorulung", "place": "village", "pop_2km": 165, "seasonal_water_px": 0, "flood_prone": false, "rwi": -0.368, "elevation_m": 775.0, "settlement_id": "S0802", "dl_mbps": null, "ul_mbps": null, "latency_ms": null, "n_tests": 0, "n_tiles": 0, "evidence_tier": "insufficient", "n_schools_3km": 0, "n_clinics_3km": 0, "p_connectivity": null, "p_population": null, "p_institutions": null, "p_equity": null, "dipi": null, "rank": null, "stakes_score": 60.4, "gap_rank": 110.0 }, "geometry": { "type": "Point", "coordinates": [ 116.2321878, 5.5999573 ] } },
{ "type": "Feature", "properties": { "name": "Tajur", "place": "village", "pop_2km": 0, "seasonal_water_px": 0, "flood_prone": false, "rwi": null, "elevation_m": 591.0, "settlement_id": "S0806", "dl_mbps": null, "ul_mbps": null, "latency_ms": null, "n_tests": 0, "n_tiles": 0, "evidence_tier": "insufficient", "n_schools_3km": 0, "n_clinics_3km": 0, "p_connectivity": null, "p_population": null, "p_institutions": null, "p_equity": null, "dipi": null, "rank": null, "stakes_score": 28.9, "gap_rank": 222.0 }, "geometry": { "type": "Point", "coordinates": [ 116.3589258, 5.5201275 ] } },
{ "type": "Feature", "properties": { "name": "Rompon", "place": "village", "pop_2km": 859, "seasonal_water_px": 20, "flood_prone": true, "rwi": -0.4775, "elevation_m": 411.0, "settlement_id": "S0807", "dl_mbps": 216.1025, "ul_mbps": 10.9495, "latency_ms": 52.0, "n_tests": 2, "n_tiles": 1, "evidence_tier": "insufficient", "n_schools_3km": 0, "n_clinics_3km": 0, "p_connectivity": null, "p_population": null, "p_institutions": null, "p_equity": null, "dipi": null, "rank": null, "stakes_score": 74.3, "gap_rank": 34.0 }, "geometry": { "type": "Point", "coordinates": [ 116.3176526, 5.5197756 ] } },
{ "type": "Feature", "properties": { "name": "Susuon Baru", "place": "village", "pop_2km": 0, "seasonal_water_px": 0, "flood_prone": false, "rwi": -0.804, "elevation_m": 784.0, "settlement_id": "S0810", "dl_mbps": null, "ul_mbps": null, "latency_ms": null, "n_tests": 0, "n_tiles": 0, "evidence_tier": "insufficient", "n_schools_3km": 0, "n_clinics_3km": 0, "p_connectivity": null, "p_population": null, "p_institutions": null, "p_equity": null, "dipi": null, "rank": null, "stakes_score": 28.9, "gap_rank": 222.0 }, "geometry": { "type": "Point", "coordinates": [ 116.3654918, 5.5563637 ] } },
{ "type": "Feature", "properties": { "name": "Monsok Ulu", "place": "village", "pop_2km": 0, "seasonal_water_px": 0, "flood_prone": false, "rwi": -0.804, "elevation_m": 574.0, "settlement_id": "S0811", "dl_mbps": null, "ul_mbps": null, "latency_ms": null, "n_tests": 0, "n_tiles": 0, "evidence_tier": "insufficient", "n_schools_3km": 0, "n_clinics_3km": 0, "p_connectivity": null, "p_population": null, "p_institutions": null, "p_equity": null, "dipi": null, "rank": null, "stakes_score": 28.9, "gap_rank": 222.0 }, "geometry": { "type": "Point", "coordinates": [ 116.3749004, 5.558876 ] } },
{ "type": "Feature", "properties": { "name": "Monsok Tengah", "place": "village", "pop_2km": 23, "seasonal_water_px": 0, "flood_prone": false, "rwi": -0.531, "elevation_m": 573.0, "settlement_id": "S0812", "dl_mbps": null, "ul_mbps": null, "latency_ms": null, "n_tests": 0, "n_tiles": 0, "evidence_tier": "insufficient", "n_schools_3km": 0, "n_clinics_3km": 0, "p_connectivity": null, "p_population": null, "p_institutions": null, "p_equity": null, "dipi": null, "rank": null, "stakes_score": 41.8, "gap_rank": 217.0 }, "geometry": { "type": "Point", "coordinates": [ 116.358018, 5.5700501 ] } },
{ "type": "Feature", "properties": { "name": "Kitoring", "place": "village", "pop_2km": 23, "seasonal_water_px": 0, "flood_prone": false, "rwi": -0.3705, "elevation_m": 759.0, "settlement_id": "S0821", "dl_mbps": null, "ul_mbps": null, "latency_ms": null, "n_tests": 0, "n_tiles": 0, "evidence_tier": "insufficient", "n_schools_3km": 0, "n_clinics_3km": 0, "p_connectivity": null, "p_population": null, "p_institutions": null, "p_equity": null, "dipi": null, "rank": null, "stakes_score": 41.8, "gap_rank": 217.0 }, "geometry": { "type": "Point", "coordinates": [ 116.3436675, 5.5739764 ] } },
{ "type": "Feature", "properties": { "name": "Bolotikon", "place": "village", "pop_2km": 437, "seasonal_water_px": 0, "flood_prone": false, "rwi": -0.666, "elevation_m": 631.0, "settlement_id": "S0827", "dl_mbps": null, "ul_mbps": null, "latency_ms": null, "n_tests": 0, "n_tiles": 0, "evidence_tier": "insufficient", "n_schools_3km": 0, "n_clinics_3km": 0, "p_connectivity": null, "p_population": null, "p_institutions": null, "p_equity": null, "dipi": null, "rank": null, "stakes_score": 69.4, "gap_rank": 58.0 }, "geometry": { "type": "Point", "coordinates": [ 116.2711104, 5.638746 ] } },
{ "type": "Feature", "properties": { "name": "Widu", "place": "village", "pop_2km": 0, "seasonal_water_px": 0, "flood_prone": false, "rwi": -0.616, "elevation_m": 795.0, "settlement_id": "S0830", "dl_mbps": null, "ul_mbps": null, "latency_ms": null, "n_tests": 0, "n_tiles": 0, "evidence_tier": "insufficient", "n_schools_3km": 0, "n_clinics_3km": 0, "p_connectivity": null, "p_population": null, "p_institutions": null, "p_equity": null, "dipi": null, "rank": null, "stakes_score": 28.9, "gap_rank": 222.0 }, "geometry": { "type": "Point", "coordinates": [ 116.5895682, 5.8040982 ] } },
{ "type": "Feature", "properties": { "name": "Kigiwit", "place": "village", "pop_2km": 21, "seasonal_water_px": 0, "flood_prone": false, "rwi": -0.636, "elevation_m": 741.0, "settlement_id": "S0838", "dl_mbps": null, "ul_mbps": null, "latency_ms": null, "n_tests": 0, "n_tiles": 0, "evidence_tier": "insufficient", "n_schools_3km": 0, "n_clinics_3km": 0, "p_connectivity": null, "p_population": null, "p_institutions": null, "p_equity": null, "dipi": null, "rank": null, "stakes_score": 41.2, "gap_rank": 220.0 }, "geometry": { "type": "Point", "coordinates": [ 116.7264859, 5.7170949 ] } },
{ "type": "Feature", "properties": { "name": "Minduhuaon Baru", "place": "village", "pop_2km": 80, "seasonal_water_px": 18, "flood_prone": true, "rwi": -0.25433333333333336, "elevation_m": 323.0, "settlement_id": "S0842", "dl_mbps": null, "ul_mbps": null, "latency_ms": null, "n_tests": 0, "n_tiles": 0, "evidence_tier": "insufficient", "n_schools_3km": 0, "n_clinics_3km": 0, "p_connectivity": null, "p_population": null, "p_institutions": null, "p_equity": null, "dipi": null, "rank": null, "stakes_score": 51.7, "gap_rank": 152.0 }, "geometry": { "type": "Point", "coordinates": [ 116.8002752, 5.8715374 ] } },
{ "type": "Feature", "properties": { "name": "Paus", "place": "village", "pop_2km": 277, "seasonal_water_px": 25, "flood_prone": true, "rwi": -0.549, "elevation_m": 222.0, "settlement_id": "S0844", "dl_mbps": 199.833, "ul_mbps": 8.323, "latency_ms": 65.0, "n_tests": 1, "n_tiles": 1, "evidence_tier": "insufficient", "n_schools_3km": 0, "n_clinics_3km": 0, "p_connectivity": null, "p_population": null, "p_institutions": null, "p_equity": null, "dipi": null, "rank": null, "stakes_score": 64.7, "gap_rank": 85.0 }, "geometry": { "type": "Point", "coordinates": [ 116.7864316, 5.6861462 ] } },
{ "type": "Feature", "properties": { "name": "Toupos", "place": "village", "pop_2km": 24, "seasonal_water_px": 0, "flood_prone": false, "rwi": -0.084, "elevation_m": 403.0, "settlement_id": "S0853", "dl_mbps": null, "ul_mbps": null, "latency_ms": null, "n_tests": 0, "n_tiles": 0, "evidence_tier": "insufficient", "n_schools_3km": 0, "n_clinics_3km": 0, "p_connectivity": null, "p_population": null, "p_institutions": null, "p_equity": null, "dipi": null, "rank": null, "stakes_score": 42.4, "gap_rank": 215.0 }, "geometry": { "type": "Point", "coordinates": [ 116.8833001, 5.6769714 ] } },
{ "type": "Feature", "properties": { "name": "Walou", "place": "village", "pop_2km": 0, "seasonal_water_px": 0, "flood_prone": false, "rwi": -0.582, "elevation_m": 397.0, "settlement_id": "S0855", "dl_mbps": 28.838, "ul_mbps": 2.161, "latency_ms": 89.0, "n_tests": 3, "n_tiles": 2, "evidence_tier": "insufficient", "n_schools_3km": 0, "n_clinics_3km": 0, "p_connectivity": null, "p_population": null, "p_institutions": null, "p_equity": null, "dipi": null, "rank": null, "stakes_score": 28.9, "gap_rank": 222.0 }, "geometry": { "type": "Point", "coordinates": [ 116.7408226, 5.6653588 ] } },
{ "type": "Feature", "properties": { "name": "Panulangon", "place": "village", "pop_2km": 0, "seasonal_water_px": 0, "flood_prone": false, "rwi": -0.428, "elevation_m": 568.0, "settlement_id": "S0859", "dl_mbps": 2.483, "ul_mbps": 0.279, "latency_ms": 315.0, "n_tests": 2, "n_tiles": 1, "evidence_tier": "insufficient", "n_schools_3km": 0, "n_clinics_3km": 0, "p_connectivity": null, "p_population": null, "p_institutions": null, "p_equity": null, "dipi": null, "rank": null, "stakes_score": 28.9, "gap_rank": 222.0 }, "geometry": { "type": "Point", "coordinates": [ 116.7210878, 5.6603136 ] } },
{ "type": "Feature", "properties": { "name": "Mansalu", "place": "village", "pop_2km": 0, "seasonal_water_px": 0, "flood_prone": false, "rwi": -0.621, "elevation_m": 158.0, "settlement_id": "S0869", "dl_mbps": null, "ul_mbps": null, "latency_ms": null, "n_tests": 0, "n_tiles": 0, "evidence_tier": "insufficient", "n_schools_3km": 0, "n_clinics_3km": 0, "p_connectivity": null, "p_population": null, "p_institutions": null, "p_equity": null, "dipi": null, "rank": null, "stakes_score": 28.9, "gap_rank": 222.0 }, "geometry": { "type": "Point", "coordinates": [ 117.0320814, 6.0856557 ] } },
{ "type": "Feature", "properties": { "name": "Sungangon", "place": "village", "pop_2km": 52, "seasonal_water_px": 11, "flood_prone": true, "rwi": -0.15166666666666667, "elevation_m": 247.0, "settlement_id": "S0877", "dl_mbps": 60.947, "ul_mbps": 36.24, "latency_ms": 78.5, "n_tests": 3, "n_tiles": 1, "evidence_tier": "insufficient", "n_schools_3km": 0, "n_clinics_3km": 0, "p_connectivity": null, "p_population": null, "p_institutions": null, "p_equity": null, "dipi": null, "rank": null, "stakes_score": 48.0, "gap_rank": 191.0 }, "geometry": { "type": "Point", "coordinates": [ 116.8053771, 5.8622468 ] } },
{ "type": "Feature", "properties": { "name": "Bereing", "place": "village", "pop_2km": 24, "seasonal_water_px": 0, "flood_prone": false, "rwi": -0.387, "elevation_m": 506.0, "settlement_id": "S0878", "dl_mbps": 12.0085, "ul_mbps": 2.1115, "latency_ms": 80.5, "n_tests": 4, "n_tiles": 4, "evidence_tier": "insufficient", "n_schools_3km": 0, "n_clinics_3km": 0, "p_connectivity": null, "p_population": null, "p_institutions": null, "p_equity": null, "dipi": null, "rank": null, "stakes_score": 42.4, "gap_rank": 215.0 }, "geometry": { "type": "Point", "coordinates": [ 116.7861553, 5.9026773 ] } },
{ "type": "Feature", "properties": { "name": "Mapad", "place": "village", "pop_2km": 0, "seasonal_water_px": 0, "flood_prone": false, "rwi": -0.585, "elevation_m": 466.0, "settlement_id": "S0880", "dl_mbps": null, "ul_mbps": null, "latency_ms": null, "n_tests": 0, "n_tiles": 0, "evidence_tier": "insufficient", "n_schools_3km": 0, "n_clinics_3km": 0, "p_connectivity": null, "p_population": null, "p_institutions": null, "p_equity": null, "dipi": null, "rank": null, "stakes_score": 28.9, "gap_rank": 222.0 }, "geometry": { "type": "Point", "coordinates": [ 116.7159365, 5.8672493 ] } },
{ "type": "Feature", "properties": { "name": "Kampung Sedul", "place": "hamlet", "pop_2km": 123, "seasonal_water_px": 0, "flood_prone": false, "rwi": -0.213, "elevation_m": 295.0, "settlement_id": "S0884", "dl_mbps": 53.909, "ul_mbps": 15.447, "latency_ms": 41.0, "n_tests": 1, "n_tiles": 1, "evidence_tier": "insufficient", "n_schools_3km": 0, "n_clinics_3km": 0, "p_connectivity": null, "p_population": null, "p_institutions": null, "p_equity": null, "dipi": null, "rank": null, "stakes_score": 57.5, "gap_rank": 122.0 }, "geometry": { "type": "Point", "coordinates": [ 116.7685302, 5.9809394 ] } },
{ "type": "Feature", "properties": { "name": "Agan", "place": "village", "pop_2km": 0, "seasonal_water_px": 0, "flood_prone": false, "rwi": -0.511, "elevation_m": 77.0, "settlement_id": "S0901", "dl_mbps": null, "ul_mbps": null, "latency_ms": null, "n_tests": 0, "n_tiles": 0, "evidence_tier": "insufficient", "n_schools_3km": 0, "n_clinics_3km": 0, "p_connectivity": null, "p_population": null, "p_institutions": null, "p_equity": null, "dipi": null, "rank": null, "stakes_score": 28.9, "gap_rank": 222.0 }, "geometry": { "type": "Point", "coordinates": [ 117.0701728, 6.1254207 ] } },
{ "type": "Feature", "properties": { "name": "Patau", "place": "village", "pop_2km": 0, "seasonal_water_px": 0, "flood_prone": false, "rwi": null, "elevation_m": 111.0, "settlement_id": "S0911", "dl_mbps": null, "ul_mbps": null, "latency_ms": null, "n_tests": 0, "n_tiles": 0, "evidence_tier": "insufficient", "n_schools_3km": 0, "n_clinics_3km": 0, "p_connectivity": null, "p_population": null, "p_institutions": null, "p_equity": null, "dipi": null, "rank": null, "stakes_score": 28.9, "gap_rank": 222.0 }, "geometry": { "type": "Point", "coordinates": [ 116.9769462, 6.0551107 ] } },
{ "type": "Feature", "properties": { "name": "Tinindoi", "place": "village", "pop_2km": 0, "seasonal_water_px": 0, "flood_prone": false, "rwi": -0.379, "elevation_m": 224.0, "settlement_id": "S0913", "dl_mbps": null, "ul_mbps": null, "latency_ms": null, "n_tests": 0, "n_tiles": 0, "evidence_tier": "insufficient", "n_schools_3km": 0, "n_clinics_3km": 0, "p_connectivity": null, "p_population": null, "p_institutions": null, "p_equity": null, "dipi": null, "rank": null, "stakes_score": 28.9, "gap_rank": 222.0 }, "geometry": { "type": "Point", "coordinates": [ 116.9808099, 6.1512347 ] } },
{ "type": "Feature", "properties": { "name": "Sinurai", "place": "village", "pop_2km": 252, "seasonal_water_px": 72, "flood_prone": true, "rwi": -0.15733333333333333, "elevation_m": 110.0, "settlement_id": "S0923", "dl_mbps": 90.631, "ul_mbps": 13.676, "latency_ms": 57.0, "n_tests": 4, "n_tiles": 3, "evidence_tier": "insufficient", "n_schools_3km": 0, "n_clinics_3km": 0, "p_connectivity": null, "p_population": null, "p_institutions": null, "p_equity": null, "dipi": null, "rank": null, "stakes_score": 64.2, "gap_rank": 87.0 }, "geometry": { "type": "Point", "coordinates": [ 116.9619601, 6.117644 ] } },
{ "type": "Feature", "properties": { "name": "Kopuakan", "place": "village", "pop_2km": 73, "seasonal_water_px": 45, "flood_prone": true, "rwi": -0.371, "elevation_m": 150.0, "settlement_id": "S0932", "dl_mbps": null, "ul_mbps": null, "latency_ms": null, "n_tests": 0, "n_tiles": 0, "evidence_tier": "insufficient", "n_schools_3km": 0, "n_clinics_3km": 0, "p_connectivity": null, "p_population": null, "p_institutions": null, "p_equity": null, "dipi": null, "rank": null, "stakes_score": 50.5, "gap_rank": 160.0 }, "geometry": { "type": "Point", "coordinates": [ 116.9097353, 6.1740036 ] } },
{ "type": "Feature", "properties": { "name": "Garong", "place": "village", "pop_2km": 0, "seasonal_water_px": 0, "flood_prone": false, "rwi": null, "elevation_m": 238.0, "settlement_id": "S0933", "dl_mbps": null, "ul_mbps": null, "latency_ms": null, "n_tests": 0, "n_tiles": 0, "evidence_tier": "insufficient", "n_schools_3km": 0, "n_clinics_3km": 0, "p_connectivity": null, "p_population": null, "p_institutions": null, "p_equity": null, "dipi": null, "rank": null, "stakes_score": 28.9, "gap_rank": 222.0 }, "geometry": { "type": "Point", "coordinates": [ 116.9715973, 6.2312546 ] } },
{ "type": "Feature", "properties": { "name": "Pahu Sasapan", "place": "village", "pop_2km": 695, "seasonal_water_px": 0, "flood_prone": false, "rwi": -0.5095, "elevation_m": 286.0, "settlement_id": "S0935", "dl_mbps": 53.711, "ul_mbps": 11.469, "latency_ms": 58.0, "n_tests": 1, "n_tiles": 1, "evidence_tier": "insufficient", "n_schools_3km": 0, "n_clinics_3km": 0, "p_connectivity": null, "p_population": null, "p_institutions": null, "p_equity": null, "dipi": null, "rank": null, "stakes_score": 72.6, "gap_rank": 41.0 }, "geometry": { "type": "Point", "coordinates": [ 116.7745909, 6.13671 ] } },
{ "type": "Feature", "properties": { "name": "Kawasan Pertanian Kisagut", "place": "village", "pop_2km": 0, "seasonal_water_px": 0, "flood_prone": false, "rwi": null, "elevation_m": 251.0, "settlement_id": "S0937", "dl_mbps": null, "ul_mbps": null, "latency_ms": null, "n_tests": 0, "n_tiles": 0, "evidence_tier": "insufficient", "n_schools_3km": 0, "n_clinics_3km": 0, "p_connectivity": null, "p_population": null, "p_institutions": null, "p_equity": null, "dipi": null, "rank": null, "stakes_score": 28.9, "gap_rank": 222.0 }, "geometry": { "type": "Point", "coordinates": [ 116.8909304, 6.1035086 ] } },
{ "type": "Feature", "properties": { "name": "Nalumad", "place": "village", "pop_2km": 78, "seasonal_water_px": 0, "flood_prone": false, "rwi": -0.38833333333333336, "elevation_m": 331.0, "settlement_id": "S0947", "dl_mbps": null, "ul_mbps": null, "latency_ms": null, "n_tests": 0, "n_tiles": 0, "evidence_tier": "insufficient", "n_schools_3km": 1, "n_clinics_3km": 0, "p_connectivity": null, "p_population": null, "p_institutions": null, "p_equity": null, "dipi": null, "rank": null, "stakes_score": 70.9, "gap_rank": 50.0 }, "geometry": { "type": "Point", "coordinates": [ 116.7459246, 6.1000667 ] } },
{ "type": "Feature", "properties": { "name": "Dantayon", "place": "village", "pop_2km": 25, "seasonal_water_px": 0, "flood_prone": false, "rwi": -0.38833333333333336, "elevation_m": 448.0, "settlement_id": "S0948", "dl_mbps": null, "ul_mbps": null, "latency_ms": null, "n_tests": 0, "n_tiles": 0, "evidence_tier": "insufficient", "n_schools_3km": 1, "n_clinics_3km": 0, "p_connectivity": null, "p_population": null, "p_institutions": null, "p_equity": null, "dipi": null, "rank": null, "stakes_score": 62.1, "gap_rank": 99.0 }, "geometry": { "type": "Point", "coordinates": [ 116.7390666, 6.101652 ] } },
{ "type": "Feature", "properties": { "name": "Niasan", "place": "village", "pop_2km": 0, "seasonal_water_px": 0, "flood_prone": false, "rwi": -0.724, "elevation_m": 752.0, "settlement_id": "S0999", "dl_mbps": null, "ul_mbps": null, "latency_ms": null, "n_tests": 0, "n_tiles": 0, "evidence_tier": "insufficient", "n_schools_3km": 0, "n_clinics_3km": 0, "p_connectivity": null, "p_population": null, "p_institutions": null, "p_equity": null, "dipi": null, "rank": null, "stakes_score": 28.9, "gap_rank": 222.0 }, "geometry": { "type": "Point", "coordinates": [ 116.6353208, 5.8525814 ] } },
{ "type": "Feature", "properties": { "name": "Tiang Lama", "place": "village", "pop_2km": 0, "seasonal_water_px": 0, "flood_prone": false, "rwi": -0.6615, "elevation_m": 996.0, "settlement_id": "S1001", "dl_mbps": null, "ul_mbps": null, "latency_ms": null, "n_tests": 0, "n_tiles": 0, "evidence_tier": "insufficient", "n_schools_3km": 0, "n_clinics_3km": 0, "p_connectivity": null, "p_population": null, "p_institutions": null, "p_equity": null, "dipi": null, "rank": null, "stakes_score": 28.9, "gap_rank": 222.0 }, "geometry": { "type": "Point", "coordinates": [ 116.6029261, 5.7859487 ] } },
{ "type": "Feature", "properties": { "name": "Togoyog", "place": "village", "pop_2km": 0, "seasonal_water_px": 0, "flood_prone": false, "rwi": -0.619, "elevation_m": 817.0, "settlement_id": "S1009", "dl_mbps": null, "ul_mbps": null, "latency_ms": null, "n_tests": 0, "n_tiles": 0, "evidence_tier": "insufficient", "n_schools_3km": 0, "n_clinics_3km": 0, "p_connectivity": null, "p_population": null, "p_institutions": null, "p_equity": null, "dipi": null, "rank": null, "stakes_score": 28.9, "gap_rank": 222.0 }, "geometry": { "type": "Point", "coordinates": [ 116.6694741, 5.8309801 ] } },
{ "type": "Feature", "properties": { "name": "Kampung Gaur", "place": "hamlet", "pop_2km": 23, "seasonal_water_px": 0, "flood_prone": false, "rwi": -0.49133333333333334, "elevation_m": 610.0, "settlement_id": "S1012", "dl_mbps": 30.953, "ul_mbps": 13.1485, "latency_ms": 33.5, "n_tests": 4, "n_tiles": 3, "evidence_tier": "insufficient", "n_schools_3km": 1, "n_clinics_3km": 0, "p_connectivity": null, "p_population": null, "p_institutions": null, "p_equity": null, "dipi": null, "rank": null, "stakes_score": 61.3, "gap_rank": 105.0 }, "geometry": { "type": "Point", "coordinates": [ 116.6670815, 5.8697799 ] } },
{ "type": "Feature", "properties": { "name": "Kitaih", "place": "village", "pop_2km": 0, "seasonal_water_px": 0, "flood_prone": false, "rwi": -0.2795, "elevation_m": 980.0, "settlement_id": "S1013", "dl_mbps": null, "ul_mbps": null, "latency_ms": null, "n_tests": 0, "n_tiles": 0, "evidence_tier": "insufficient", "n_schools_3km": 0, "n_clinics_3km": 0, "p_connectivity": null, "p_population": null, "p_institutions": null, "p_equity": null, "dipi": null, "rank": null, "stakes_score": 28.9, "gap_rank": 222.0 }, "geometry": { "type": "Point", "coordinates": [ 116.6501005, 5.8106471 ] } },
{ "type": "Feature", "properties": { "name": "Bayag", "place": "village", "pop_2km": 0, "seasonal_water_px": 0, "flood_prone": false, "rwi": -0.809, "elevation_m": 665.0, "settlement_id": "S1014", "dl_mbps": 16.17, "ul_mbps": 14.066, "latency_ms": 48.0, "n_tests": 1, "n_tiles": 1, "evidence_tier": "insufficient", "n_schools_3km": 1, "n_clinics_3km": 0, "p_connectivity": null, "p_population": null, "p_institutions": null, "p_equity": null, "dipi": null, "rank": null, "stakes_score": 48.4, "gap_rank": 172.0 }, "geometry": { "type": "Point", "coordinates": [ 116.6582476, 5.8464074 ] } },
{ "type": "Feature", "properties": { "name": "Longut Lama", "place": "village", "pop_2km": 27, "seasonal_water_px": 0, "flood_prone": false, "rwi": -0.166, "elevation_m": 813.0, "settlement_id": "S1017", "dl_mbps": null, "ul_mbps": null, "latency_ms": null, "n_tests": 0, "n_tiles": 0, "evidence_tier": "insufficient", "n_schools_3km": 0, "n_clinics_3km": 0, "p_connectivity": null, "p_population": null, "p_institutions": null, "p_equity": null, "dipi": null, "rank": null, "stakes_score": 42.8, "gap_rank": 214.0 }, "geometry": { "type": "Point", "coordinates": [ 116.591478, 5.8442575 ] } },
{ "type": "Feature", "properties": { "name": "Torolobou", "place": "village", "pop_2km": 152, "seasonal_water_px": 0, "flood_prone": false, "rwi": -0.46, "elevation_m": 926.0, "settlement_id": "S1051", "dl_mbps": 15.079, "ul_mbps": 2.1005, "latency_ms": 65.0, "n_tests": 3, "n_tiles": 2, "evidence_tier": "insufficient", "n_schools_3km": 0, "n_clinics_3km": 0, "p_connectivity": null, "p_population": null, "p_institutions": null, "p_equity": null, "dipi": null, "rank": null, "stakes_score": 59.2, "gap_rank": 116.0 }, "geometry": { "type": "Point", "coordinates": [ 116.5096727, 5.949506 ] } },
{ "type": "Feature", "properties": { "name": "Sikalabot", "place": "village", "pop_2km": 0, "seasonal_water_px": 41, "flood_prone": true, "rwi": null, "elevation_m": 151.0, "settlement_id": "S1056", "dl_mbps": 12.465, "ul_mbps": 2.598, "latency_ms": 809.0, "n_tests": 1, "n_tiles": 1, "evidence_tier": "insufficient", "n_schools_3km": 1, "n_clinics_3km": 0, "p_connectivity": null, "p_population": null, "p_institutions": null, "p_equity": null, "dipi": null, "rank": null, "stakes_score": 48.4, "gap_rank": 172.0 }, "geometry": { "type": "Point", "coordinates": [ 116.3966688, 4.5119873 ] } },
{ "type": "Feature", "properties": { "name": "Kampung Sumantakawan", "place": "hamlet", "pop_2km": 0, "seasonal_water_px": 11, "flood_prone": true, "rwi": null, "elevation_m": 178.0, "settlement_id": "S1057", "dl_mbps": null, "ul_mbps": null, "latency_ms": null, "n_tests": 0, "n_tiles": 0, "evidence_tier": "insufficient", "n_schools_3km": 0, "n_clinics_3km": 0, "p_connectivity": null, "p_population": null, "p_institutions": null, "p_equity": null, "dipi": null, "rank": null, "stakes_score": 28.9, "gap_rank": 222.0 }, "geometry": { "type": "Point", "coordinates": [ 116.3001806, 4.5132001 ] } },
{ "type": "Feature", "properties": { "name": "Payaton", "place": "village", "pop_2km": 0, "seasonal_water_px": 0, "flood_prone": false, "rwi": null, "elevation_m": 304.0, "settlement_id": "S1058", "dl_mbps": null, "ul_mbps": null, "latency_ms": null, "n_tests": 0, "n_tiles": 0, "evidence_tier": "insufficient", "n_schools_3km": 0, "n_clinics_3km": 0, "p_connectivity": null, "p_population": null, "p_institutions": null, "p_equity": null, "dipi": null, "rank": null, "stakes_score": 28.9, "gap_rank": 222.0 }, "geometry": { "type": "Point", "coordinates": [ 116.2278355, 4.438534 ] } },
{ "type": "Feature", "properties": { "name": "Kampung Sabungo", "place": "hamlet", "pop_2km": 0, "seasonal_water_px": 0, "flood_prone": false, "rwi": null, "elevation_m": 243.0, "settlement_id": "S1061", "dl_mbps": null, "ul_mbps": null, "latency_ms": null, "n_tests": 0, "n_tiles": 0, "evidence_tier": "insufficient", "n_schools_3km": 0, "n_clinics_3km": 0, "p_connectivity": null, "p_population": null, "p_institutions": null, "p_equity": null, "dipi": null, "rank": null, "stakes_score": 28.9, "gap_rank": 222.0 }, "geometry": { "type": "Point", "coordinates": [ 116.2361497, 4.6180976 ] } },
{ "type": "Feature", "properties": { "name": "Kampung Sasalap", "place": "hamlet", "pop_2km": 0, "seasonal_water_px": 15, "flood_prone": true, "rwi": -0.379, "elevation_m": 229.0, "settlement_id": "S1062", "dl_mbps": null, "ul_mbps": null, "latency_ms": null, "n_tests": 0, "n_tiles": 0, "evidence_tier": "insufficient", "n_schools_3km": 0, "n_clinics_3km": 0, "p_connectivity": null, "p_population": null, "p_institutions": null, "p_equity": null, "dipi": null, "rank": null, "stakes_score": 28.9, "gap_rank": 222.0 }, "geometry": { "type": "Point", "coordinates": [ 116.2370054, 4.5473904 ] } },
{ "type": "Feature", "properties": { "name": "Samali", "place": "village", "pop_2km": 0, "seasonal_water_px": 14, "flood_prone": true, "rwi": -0.379, "elevation_m": 237.0, "settlement_id": "S1063", "dl_mbps": null, "ul_mbps": null, "latency_ms": null, "n_tests": 0, "n_tiles": 0, "evidence_tier": "insufficient", "n_schools_3km": 0, "n_clinics_3km": 0, "p_connectivity": null, "p_population": null, "p_institutions": null, "p_equity": null, "dipi": null, "rank": null, "stakes_score": 28.9, "gap_rank": 222.0 }, "geometry": { "type": "Point", "coordinates": [ 116.2373956, 4.5415904 ] } },
{ "type": "Feature", "properties": { "name": "Kampung Haungan", "place": "hamlet", "pop_2km": 0, "seasonal_water_px": 19, "flood_prone": true, "rwi": null, "elevation_m": 284.0, "settlement_id": "S1065", "dl_mbps": null, "ul_mbps": null, "latency_ms": null, "n_tests": 0, "n_tiles": 0, "evidence_tier": "insufficient", "n_schools_3km": 0, "n_clinics_3km": 0, "p_connectivity": null, "p_population": null, "p_institutions": null, "p_equity": null, "dipi": null, "rank": null, "stakes_score": 28.9, "gap_rank": 222.0 }, "geometry": { "type": "Point", "coordinates": [ 116.1969706, 4.5580668 ] } },
{ "type": "Feature", "properties": { "name": "Kampung Tatalaan Ulu", "place": "hamlet", "pop_2km": 0, "seasonal_water_px": 0, "flood_prone": false, "rwi": -1.156, "elevation_m": 363.0, "settlement_id": "S1075", "dl_mbps": null, "ul_mbps": null, "latency_ms": null, "n_tests": 0, "n_tiles": 0, "evidence_tier": "insufficient", "n_schools_3km": 0, "n_clinics_3km": 0, "p_connectivity": null, "p_population": null, "p_institutions": null, "p_equity": null, "dipi": null, "rank": null, "stakes_score": 28.9, "gap_rank": 222.0 }, "geometry": { "type": "Point", "coordinates": [ 116.2101493, 5.0489146 ] } },
{ "type": "Feature", "properties": { "name": "Balai Budaya Totogop", "place": "village", "pop_2km": 1480, "seasonal_water_px": 17, "flood_prone": true, "rwi": -0.233, "elevation_m": 306.0, "settlement_id": "S1077", "dl_mbps": 8.6595, "ul_mbps": 6.241, "latency_ms": 72.0, "n_tests": 2, "n_tiles": 2, "evidence_tier": "insufficient", "n_schools_3km": 0, "n_clinics_3km": 0, "p_connectivity": null, "p_population": null, "p_institutions": null, "p_equity": null, "dipi": null, "rank": null, "stakes_score": 76.0, "gap_rank": 25.0 }, "geometry": { "type": "Point", "coordinates": [ 116.175459, 5.2283683 ] } },
{ "type": "Feature", "properties": { "name": "Kampung Sendukut", "place": "hamlet", "pop_2km": 93, "seasonal_water_px": 0, "flood_prone": false, "rwi": -0.58733333333333337, "elevation_m": 440.0, "settlement_id": "S1082", "dl_mbps": 9.265, "ul_mbps": 0.841, "latency_ms": 20.0, "n_tests": 1, "n_tiles": 1, "evidence_tier": "insufficient", "n_schools_3km": 0, "n_clinics_3km": 0, "p_connectivity": null, "p_population": null, "p_institutions": null, "p_equity": null, "dipi": null, "rank": null, "stakes_score": 54.7, "gap_rank": 136.0 }, "geometry": { "type": "Point", "coordinates": [ 116.2286355, 5.253915 ] } },
{ "type": "Feature", "properties": { "name": "Kampung Tinagalan Laut", "place": "hamlet", "pop_2km": 553, "seasonal_water_px": 0, "flood_prone": false, "rwi": -0.9025, "elevation_m": 358.0, "settlement_id": "S1084", "dl_mbps": 5.395, "ul_mbps": 1.316, "latency_ms": 71.0, "n_tests": 1, "n_tiles": 1, "evidence_tier": "insufficient", "n_schools_3km": 0, "n_clinics_3km": 0, "p_connectivity": null, "p_population": null, "p_institutions": null, "p_equity": null, "dipi": null, "rank": null, "stakes_score": 71.2, "gap_rank": 48.0 }, "geometry": { "type": "Point", "coordinates": [ 116.3006846, 5.100738 ] } },
{ "type": "Feature", "properties": { "name": "Mangkubau Darat", "place": "village", "pop_2km": 0, "seasonal_water_px": 0, "flood_prone": false, "rwi": -0.29766666666666669, "elevation_m": 9.0, "settlement_id": "S1085", "dl_mbps": 2.304, "ul_mbps": 0.411, "latency_ms": 79.0, "n_tests": 4, "n_tiles": 3, "evidence_tier": "insufficient", "n_schools_3km": 0, "n_clinics_3km": 0, "p_connectivity": null, "p_population": null, "p_institutions": null, "p_equity": null, "dipi": null, "rank": null, "stakes_score": 28.9, "gap_rank": 222.0 }, "geometry": { "type": "Point", "coordinates": [ 117.1426333, 6.9546045 ] } },
{ "type": "Feature", "properties": { "name": "Serupil", "place": "village", "pop_2km": 150, "seasonal_water_px": 0, "flood_prone": false, "rwi": -0.447, "elevation_m": 30.0, "settlement_id": "S1086", "dl_mbps": null, "ul_mbps": null, "latency_ms": null, "n_tests": 0, "n_tiles": 0, "evidence_tier": "insufficient", "n_schools_3km": 0, "n_clinics_3km": 0, "p_connectivity": null, "p_population": null, "p_institutions": null, "p_equity": null, "dipi": null, "rank": null, "stakes_score": 59.0, "gap_rank": 117.0 }, "geometry": { "type": "Point", "coordinates": [ 117.1761723, 6.8976509 ] } },
{ "type": "Feature", "properties": { "name": "Mangkubau Laut", "place": "village", "pop_2km": 111, "seasonal_water_px": 84, "flood_prone": true, "rwi": -0.581, "elevation_m": 13.0, "settlement_id": "S1087", "dl_mbps": 76.6355, "ul_mbps": 18.3825, "latency_ms": 76.5, "n_tests": 2, "n_tiles": 1, "evidence_tier": "insufficient", "n_schools_3km": 0, "n_clinics_3km": 0, "p_connectivity": null, "p_population": null, "p_institutions": null, "p_equity": null, "dipi": null, "rank": null, "stakes_score": 56.2, "gap_rank": 129.0 }, "geometry": { "type": "Point", "coordinates": [ 117.1327988, 6.9959767 ] } },
{ "type": "Feature", "properties": { "name": "Tanggui", "place": "village", "pop_2km": 0, "seasonal_water_px": 0, "flood_prone": false, "rwi": -0.45466666666666661, "elevation_m": 13.0, "settlement_id": "S1088", "dl_mbps": 2.304, "ul_mbps": 0.411, "latency_ms": 79.0, "n_tests": 4, "n_tiles": 3, "evidence_tier": "insufficient", "n_schools_3km": 0, "n_clinics_3km": 0, "p_connectivity": null, "p_population": null, "p_institutions": null, "p_equity": null, "dipi": null, "rank": null, "stakes_score": 28.9, "gap_rank": 222.0 }, "geometry": { "type": "Point", "coordinates": [ 117.1379384, 6.9722254 ] } },
{ "type": "Feature", "properties": { "name": "Dallas", "place": "village", "pop_2km": 0, "seasonal_water_px": 0, "flood_prone": false, "rwi": -0.45033333333333331, "elevation_m": 36.0, "settlement_id": "S1089", "dl_mbps": 6.453, "ul_mbps": 0.837, "latency_ms": 46.0, "n_tests": 1, "n_tiles": 1, "evidence_tier": "insufficient", "n_schools_3km": 0, "n_clinics_3km": 0, "p_connectivity": null, "p_population": null, "p_institutions": null, "p_equity": null, "dipi": null, "rank": null, "stakes_score": 28.9, "gap_rank": 222.0 }, "geometry": { "type": "Point", "coordinates": [ 117.1133348, 6.9742438 ] } },
{ "type": "Feature", "properties": { "name": "Estet Kakarangan", "place": "village", "pop_2km": 0, "seasonal_water_px": 0, "flood_prone": false, "rwi": null, "elevation_m": 25.0, "settlement_id": "S1090", "dl_mbps": null, "ul_mbps": null, "latency_ms": null, "n_tests": 0, "n_tiles": 0, "evidence_tier": "insufficient", "n_schools_3km": 0, "n_clinics_3km": 0, "p_connectivity": null, "p_population": null, "p_institutions": null, "p_equity": null, "dipi": null, "rank": null, "stakes_score": 28.9, "gap_rank": 222.0 }, "geometry": { "type": "Point", "coordinates": [ 117.2052235, 6.8596406 ] } },
{ "type": "Feature", "properties": { "name": "Pituru", "place": "village", "pop_2km": 0, "seasonal_water_px": 25, "flood_prone": true, "rwi": -0.389, "elevation_m": 9.0, "settlement_id": "S1095", "dl_mbps": 99.547, "ul_mbps": 21.4925, "latency_ms": 74.0, "n_tests": 2, "n_tiles": 2, "evidence_tier": "insufficient", "n_schools_3km": 0, "n_clinics_3km": 0, "p_connectivity": null, "p_population": null, "p_institutions": null, "p_equity": null, "dipi": null, "rank": null, "stakes_score": 28.9, "gap_rank": 222.0 }, "geometry": { "type": "Point", "coordinates": [ 117.2063034, 6.7780476 ] } },
{ "type": "Feature", "properties": { "name": "Mapan-Mapan", "place": "village", "pop_2km": 193, "seasonal_water_px": 79, "flood_prone": true, "rwi": -0.367, "elevation_m": 9.0, "settlement_id": "S1096", "dl_mbps": null, "ul_mbps": null, "latency_ms": null, "n_tests": 0, "n_tiles": 0, "evidence_tier": "insufficient", "n_schools_3km": 0, "n_clinics_3km": 0, "p_connectivity": null, "p_population": null, "p_institutions": null, "p_equity": null, "dipi": null, "rank": null, "stakes_score": 61.4, "gap_rank": 101.0 }, "geometry": { "type": "Point", "coordinates": [ 117.2464376, 6.8622992 ] } },
{ "type": "Feature", "properties": { "name": "Lok Kapas", "place": "village", "pop_2km": 193, "seasonal_water_px": 43, "flood_prone": true, "rwi": -0.367, "elevation_m": 10.0, "settlement_id": "S1098", "dl_mbps": null, "ul_mbps": null, "latency_ms": null, "n_tests": 0, "n_tiles": 0, "evidence_tier": "insufficient", "n_schools_3km": 0, "n_clinics_3km": 0, "p_connectivity": null, "p_population": null, "p_institutions": null, "p_equity": null, "dipi": null, "rank": null, "stakes_score": 61.4, "gap_rank": 101.0 }, "geometry": { "type": "Point", "coordinates": [ 117.242507, 6.8677008 ] } },
{ "type": "Feature", "properties": { "name": "Mantaya", "place": "village", "pop_2km": 0, "seasonal_water_px": 0, "flood_prone": false, "rwi": -0.45466666666666661, "elevation_m": 9.0, "settlement_id": "S1099", "dl_mbps": 2.304, "ul_mbps": 0.411, "latency_ms": 79.0, "n_tests": 4, "n_tiles": 3, "evidence_tier": "insufficient", "n_schools_3km": 0, "n_clinics_3km": 0, "p_connectivity": null, "p_population": null, "p_institutions": null, "p_equity": null, "dipi": null, "rank": null, "stakes_score": 28.9, "gap_rank": 222.0 }, "geometry": { "type": "Point", "coordinates": [ 117.1409317, 6.9612125 ] } },
{ "type": "Feature", "properties": { "name": "Tanjung Malawali", "place": "village", "pop_2km": 0, "seasonal_water_px": 0, "flood_prone": false, "rwi": null, "elevation_m": 55.0, "settlement_id": "S1100", "dl_mbps": null, "ul_mbps": null, "latency_ms": null, "n_tests": 0, "n_tiles": 0, "evidence_tier": "insufficient", "n_schools_3km": 0, "n_clinics_3km": 0, "p_connectivity": null, "p_population": null, "p_institutions": null, "p_equity": null, "dipi": null, "rank": null, "stakes_score": 28.9, "gap_rank": 222.0 }, "geometry": { "type": "Point", "coordinates": [ 117.3025683, 7.0451884 ] } },
{ "type": "Feature", "properties": { "name": "Kandinga", "place": "village", "pop_2km": 193, "seasonal_water_px": 75, "flood_prone": true, "rwi": -0.367, "elevation_m": 3.0, "settlement_id": "S1101", "dl_mbps": null, "ul_mbps": null, "latency_ms": null, "n_tests": 0, "n_tiles": 0, "evidence_tier": "insufficient", "n_schools_3km": 0, "n_clinics_3km": 0, "p_connectivity": null, "p_population": null, "p_institutions": null, "p_equity": null, "dipi": null, "rank": null, "stakes_score": 61.4, "gap_rank": 101.0 }, "geometry": { "type": "Point", "coordinates": [ 117.2403773, 6.8554142 ] } },
{ "type": "Feature", "properties": { "name": "Tanjung Berungus", "place": "village", "pop_2km": 0, "seasonal_water_px": 48, "flood_prone": true, "rwi": -0.627, "elevation_m": 13.0, "settlement_id": "S1104", "dl_mbps": null, "ul_mbps": null, "latency_ms": null, "n_tests": 0, "n_tiles": 0, "evidence_tier": "insufficient", "n_schools_3km": 0, "n_clinics_3km": 0, "p_connectivity": null, "p_population": null, "p_institutions": null, "p_equity": null, "dipi": null, "rank": null, "stakes_score": 28.9, "gap_rank": 222.0 }, "geometry": { "type": "Point", "coordinates": [ 117.0320892, 6.9481337 ] } },
{ "type": "Feature", "properties": { "name": "Malubang", "place": "village", "pop_2km": 113, "seasonal_water_px": 80, "flood_prone": true, "rwi": null, "elevation_m": 11.0, "settlement_id": "S1105", "dl_mbps": null, "ul_mbps": null, "latency_ms": null, "n_tests": 0, "n_tiles": 0, "evidence_tier": "insufficient", "n_schools_3km": 0, "n_clinics_3km": 0, "p_connectivity": null, "p_population": null, "p_institutions": null, "p_equity": null, "dipi": null, "rank": null, "stakes_score": 56.8, "gap_rank": 124.0 }, "geometry": { "type": "Point", "coordinates": [ 117.0584738, 6.9627435 ] } },
{ "type": "Feature", "properties": { "name": "Tiga Tarok", "place": "village", "pop_2km": 245, "seasonal_water_px": 49, "flood_prone": true, "rwi": -0.663, "elevation_m": 7.0, "settlement_id": "S1107", "dl_mbps": null, "ul_mbps": null, "latency_ms": null, "n_tests": 0, "n_tiles": 0, "evidence_tier": "insufficient", "n_schools_3km": 0, "n_clinics_3km": 0, "p_connectivity": null, "p_population": null, "p_institutions": null, "p_equity": null, "dipi": null, "rank": null, "stakes_score": 63.8, "gap_rank": 88.0 }, "geometry": { "type": "Point", "coordinates": [ 117.0731101, 6.9803126 ] } },
{ "type": "Feature", "properties": { "name": "Pancuran", "place": "village", "pop_2km": 113, "seasonal_water_px": 69, "flood_prone": true, "rwi": null, "elevation_m": 11.0, "settlement_id": "S1108", "dl_mbps": null, "ul_mbps": null, "latency_ms": null, "n_tests": 0, "n_tiles": 0, "evidence_tier": "insufficient", "n_schools_3km": 0, "n_clinics_3km": 0, "p_connectivity": null, "p_population": null, "p_institutions": null, "p_equity": null, "dipi": null, "rank": null, "stakes_score": 56.8, "gap_rank": 124.0 }, "geometry": { "type": "Point", "coordinates": [ 117.0578355, 6.9647854 ] } },
{ "type": "Feature", "properties": { "name": "Kampung Naruntung", "place": "hamlet", "pop_2km": 432, "seasonal_water_px": 111, "flood_prone": true, "rwi": null, "elevation_m": 10.0, "settlement_id": "S1109", "dl_mbps": 1.423, "ul_mbps": 3.761, "latency_ms": 60.0, "n_tests": 1, "n_tiles": 1, "evidence_tier": "insufficient", "n_schools_3km": 0, "n_clinics_3km": 0, "p_connectivity": null, "p_population": null, "p_institutions": null, "p_equity": null, "dipi": null, "rank": null, "stakes_score": 69.0, "gap_rank": 60.0 }, "geometry": { "type": "Point", "coordinates": [ 117.1599113, 7.0024141 ] } },
{ "type": "Feature", "properties": { "name": "Kipahung", "place": "village", "pop_2km": 0, "seasonal_water_px": 0, "flood_prone": false, "rwi": -0.284, "elevation_m": 12.0, "settlement_id": "S1111", "dl_mbps": null, "ul_mbps": null, "latency_ms": null, "n_tests": 0, "n_tiles": 0, "evidence_tier": "insufficient", "n_schools_3km": 0, "n_clinics_3km": 0, "p_connectivity": null, "p_population": null, "p_institutions": null, "p_equity": null, "dipi": null, "rank": null, "stakes_score": 28.9, "gap_rank": 222.0 }, "geometry": { "type": "Point", "coordinates": [ 117.1327134, 6.920408 ] } },
{ "type": "Feature", "properties": { "name": "Suangbat", "place": "village", "pop_2km": 0, "seasonal_water_px": 14, "flood_prone": true, "rwi": -0.128, "elevation_m": 39.0, "settlement_id": "S1112", "dl_mbps": 6.453, "ul_mbps": 0.837, "latency_ms": 46.0, "n_tests": 1, "n_tiles": 1, "evidence_tier": "insufficient", "n_schools_3km": 0, "n_clinics_3km": 0, "p_connectivity": null, "p_population": null, "p_institutions": null, "p_equity": null, "dipi": null, "rank": null, "stakes_score": 28.9, "gap_rank": 222.0 }, "geometry": { "type": "Point", "coordinates": [ 117.1174777, 6.9811597 ] } },
{ "type": "Feature", "properties": { "name": "Sawangon", "place": "village", "pop_2km": 0, "seasonal_water_px": 96, "flood_prone": true, "rwi": -0.6045, "elevation_m": 11.0, "settlement_id": "S1113", "dl_mbps": null, "ul_mbps": null, "latency_ms": null, "n_tests": 0, "n_tiles": 0, "evidence_tier": "insufficient", "n_schools_3km": 0, "n_clinics_3km": 0, "p_connectivity": null, "p_population": null, "p_institutions": null, "p_equity": null, "dipi": null, "rank": null, "stakes_score": 28.9, "gap_rank": 222.0 }, "geometry": { "type": "Point", "coordinates": [ 117.0333464, 6.9306229 ] } },
{ "type": "Feature", "properties": { "name": "Ulu Angkarut", "place": "village", "pop_2km": 0, "seasonal_water_px": 0, "flood_prone": false, "rwi": null, "elevation_m": 1140.0, "settlement_id": "S1123", "dl_mbps": null, "ul_mbps": null, "latency_ms": null, "n_tests": 0, "n_tiles": 0, "evidence_tier": "insufficient", "n_schools_3km": 0, "n_clinics_3km": 0, "p_connectivity": null, "p_population": null, "p_institutions": null, "p_equity": null, "dipi": null, "rank": null, "stakes_score": 28.9, "gap_rank": 222.0 }, "geometry": { "type": "Point", "coordinates": [ 116.0516406, 4.4436134 ] } },
{ "type": "Feature", "properties": { "name": "Salang", "place": "village", "pop_2km": 0, "seasonal_water_px": 0, "flood_prone": false, "rwi": null, "elevation_m": 934.0, "settlement_id": "S1124", "dl_mbps": null, "ul_mbps": null, "latency_ms": null, "n_tests": 0, "n_tiles": 0, "evidence_tier": "insufficient", "n_schools_3km": 0, "n_clinics_3km": 0, "p_connectivity": null, "p_population": null, "p_institutions": null, "p_equity": null, "dipi": null, "rank": null, "stakes_score": 28.9, "gap_rank": 222.0 }, "geometry": { "type": "Point", "coordinates": [ 116.0150935, 4.4504276 ] } },
{ "type": "Feature", "properties": { "name": "Namalasakan Butul", "place": "village", "pop_2km": 0, "seasonal_water_px": 0, "flood_prone": false, "rwi": null, "elevation_m": 813.0, "settlement_id": "S1125", "dl_mbps": null, "ul_mbps": null, "latency_ms": null, "n_tests": 0, "n_tiles": 0, "evidence_tier": "insufficient", "n_schools_3km": 0, "n_clinics_3km": 0, "p_connectivity": null, "p_population": null, "p_institutions": null, "p_equity": null, "dipi": null, "rank": null, "stakes_score": 28.9, "gap_rank": 222.0 }, "geometry": { "type": "Point", "coordinates": [ 116.0233674, 4.4712404 ] } },
{ "type": "Feature", "properties": { "name": "Pengolobon", "place": "village", "pop_2km": 0, "seasonal_water_px": 0, "flood_prone": false, "rwi": null, "elevation_m": 1201.0, "settlement_id": "S1126", "dl_mbps": null, "ul_mbps": null, "latency_ms": null, "n_tests": 0, "n_tiles": 0, "evidence_tier": "insufficient", "n_schools_3km": 0, "n_clinics_3km": 0, "p_connectivity": null, "p_population": null, "p_institutions": null, "p_equity": null, "dipi": null, "rank": null, "stakes_score": 28.9, "gap_rank": 222.0 }, "geometry": { "type": "Point", "coordinates": [ 116.0101889, 4.5309324 ] } },
{ "type": "Feature", "properties": { "name": "Kampung Simpang Tiga", "place": "hamlet", "pop_2km": 0, "seasonal_water_px": 0, "flood_prone": false, "rwi": null, "elevation_m": 30.0, "settlement_id": "S1129", "dl_mbps": null, "ul_mbps": null, "latency_ms": null, "n_tests": 0, "n_tiles": 0, "evidence_tier": "insufficient", "n_schools_3km": 0, "n_clinics_3km": 0, "p_connectivity": null, "p_population": null, "p_institutions": null, "p_equity": null, "dipi": null, "rank": null, "stakes_score": 28.9, "gap_rank": 222.0 }, "geometry": { "type": "Point", "coordinates": [ 117.2494648, 6.5611914 ] } },
{ "type": "Feature", "properties": { "name": "Kampung Babagoh", "place": "hamlet", "pop_2km": 0, "seasonal_water_px": 25, "flood_prone": true, "rwi": -0.609, "elevation_m": 4.0, "settlement_id": "S1131", "dl_mbps": null, "ul_mbps": null, "latency_ms": null, "n_tests": 0, "n_tiles": 0, "evidence_tier": "insufficient", "n_schools_3km": 0, "n_clinics_3km": 0, "p_connectivity": null, "p_population": null, "p_institutions": null, "p_equity": null, "dipi": null, "rank": null, "stakes_score": 28.9, "gap_rank": 222.0 }, "geometry": { "type": "Point", "coordinates": [ 117.5029371, 6.5952007 ] } },
{ "type": "Feature", "properties": { "name": "Bakungan", "place": "hamlet", "pop_2km": 45, "seasonal_water_px": 66, "flood_prone": true, "rwi": null, "elevation_m": 7.0, "settlement_id": "S1132", "dl_mbps": null, "ul_mbps": null, "latency_ms": null, "n_tests": 0, "n_tiles": 0, "evidence_tier": "insufficient", "n_schools_3km": 1, "n_clinics_3km": 0, "p_connectivity": null, "p_population": null, "p_institutions": null, "p_equity": null, "dipi": null, "rank": null, "stakes_score": 66.0, "gap_rank": 75.0 }, "geometry": { "type": "Point", "coordinates": [ 118.1174268, 6.1850273 ] } },
{ "type": "Feature", "properties": { "name": null, "place": "hamlet", "pop_2km": 0, "seasonal_water_px": 160, "flood_prone": true, "rwi": -0.179, "elevation_m": 2.0, "settlement_id": "S1134", "dl_mbps": null, "ul_mbps": null, "latency_ms": null, "n_tests": 0, "n_tiles": 0, "evidence_tier": "insufficient", "n_schools_3km": 0, "n_clinics_3km": 0, "p_connectivity": null, "p_population": null, "p_institutions": null, "p_equity": null, "dipi": null, "rank": null, "stakes_score": 28.9, "gap_rank": 222.0 }, "geometry": { "type": "Point", "coordinates": [ 118.2784148, 5.8179655 ] } },
{ "type": "Feature", "properties": { "name": null, "place": "village", "pop_2km": 9, "seasonal_water_px": 0, "flood_prone": false, "rwi": -0.1855, "elevation_m": 759.0, "settlement_id": "S1196", "dl_mbps": null, "ul_mbps": null, "latency_ms": null, "n_tests": 0, "n_tiles": 0, "evidence_tier": "insufficient", "n_schools_3km": 0, "n_clinics_3km": 0, "p_connectivity": null, "p_population": null, "p_institutions": null, "p_equity": null, "dipi": null, "rank": null, "stakes_score": 41.0, "gap_rank": 221.0 }, "geometry": { "type": "Point", "coordinates": [ 115.7159811, 4.7860492 ] } },
{ "type": "Feature", "properties": { "name": "Kem Sinar 9", "place": "village", "pop_2km": 47, "seasonal_water_px": 0, "flood_prone": false, "rwi": -0.649, "elevation_m": 204.0, "settlement_id": "S1197", "dl_mbps": null, "ul_mbps": null, "latency_ms": null, "n_tests": 0, "n_tiles": 0, "evidence_tier": "insufficient", "n_schools_3km": 0, "n_clinics_3km": 0, "p_connectivity": null, "p_population": null, "p_institutions": null, "p_equity": null, "dipi": null, "rank": null, "stakes_score": 47.7, "gap_rank": 192.0 }, "geometry": { "type": "Point", "coordinates": [ 117.2092509, 6.5016492 ] } },
{ "type": "Feature", "properties": { "name": "AFC Coupe 3", "place": "village", "pop_2km": 0, "seasonal_water_px": 0, "flood_prone": false, "rwi": null, "elevation_m": 348.0, "settlement_id": "S1199", "dl_mbps": null, "ul_mbps": null, "latency_ms": null, "n_tests": 0, "n_tiles": 0, "evidence_tier": "insufficient", "n_schools_3km": 0, "n_clinics_3km": 0, "p_connectivity": null, "p_population": null, "p_institutions": null, "p_equity": null, "dipi": null, "rank": null, "stakes_score": 28.9, "gap_rank": 222.0 }, "geometry": { "type": "Point", "coordinates": [ 117.0775157, 6.5108546 ] } },
{ "type": "Feature", "properties": { "name": "Jesselton Estate", "place": "village", "pop_2km": 0, "seasonal_water_px": 0, "flood_prone": false, "rwi": null, "elevation_m": 234.0, "settlement_id": "S1200", "dl_mbps": null, "ul_mbps": null, "latency_ms": null, "n_tests": 0, "n_tiles": 0, "evidence_tier": "insufficient", "n_schools_3km": 0, "n_clinics_3km": 0, "p_connectivity": null, "p_population": null, "p_institutions": null, "p_equity": null, "dipi": null, "rank": null, "stakes_score": 28.9, "gap_rank": 222.0 }, "geometry": { "type": "Point", "coordinates": [ 117.081689, 6.4730173 ] } },
{ "type": "Feature", "properties": { "name": "AFC Coupe 8", "place": "village", "pop_2km": 0, "seasonal_water_px": 0, "flood_prone": false, "rwi": null, "elevation_m": 72.0, "settlement_id": "S1201", "dl_mbps": null, "ul_mbps": null, "latency_ms": null, "n_tests": 0, "n_tiles": 0, "evidence_tier": "insufficient", "n_schools_3km": 0, "n_clinics_3km": 0, "p_connectivity": null, "p_population": null, "p_institutions": null, "p_equity": null, "dipi": null, "rank": null, "stakes_score": 28.9, "gap_rank": 222.0 }, "geometry": { "type": "Point", "coordinates": [ 117.1686621, 6.4773921 ] } },
{ "type": "Feature", "properties": { "name": "AFC Coupe 2", "place": "village", "pop_2km": 0, "seasonal_water_px": 0, "flood_prone": false, "rwi": null, "elevation_m": 290.0, "settlement_id": "S1202", "dl_mbps": null, "ul_mbps": null, "latency_ms": null, "n_tests": 0, "n_tiles": 0, "evidence_tier": "insufficient", "n_schools_3km": 0, "n_clinics_3km": 0, "p_connectivity": null, "p_population": null, "p_institutions": null, "p_equity": null, "dipi": null, "rank": null, "stakes_score": 28.9, "gap_rank": 222.0 }, "geometry": { "type": "Point", "coordinates": [ 117.1084812, 6.4757033 ] } },
{ "type": "Feature", "properties": { "name": "Mantalang", "place": "village", "pop_2km": 0, "seasonal_water_px": 0, "flood_prone": false, "rwi": null, "elevation_m": 314.0, "settlement_id": "S1204", "dl_mbps": null, "ul_mbps": null, "latency_ms": null, "n_tests": 0, "n_tiles": 0, "evidence_tier": "insufficient", "n_schools_3km": 0, "n_clinics_3km": 0, "p_connectivity": null, "p_population": null, "p_institutions": null, "p_equity": null, "dipi": null, "rank": null, "stakes_score": 28.9, "gap_rank": 222.0 }, "geometry": { "type": "Point", "coordinates": [ 117.1012896, 6.4744786 ] } },
{ "type": "Feature", "properties": { "name": "Mangkabusu", "place": "village", "pop_2km": 132, "seasonal_water_px": 46, "flood_prone": true, "rwi": -0.8615, "elevation_m": 25.0, "settlement_id": "S1206", "dl_mbps": 48.373, "ul_mbps": 5.946, "latency_ms": 94.5, "n_tests": 4, "n_tiles": 1, "evidence_tier": "insufficient", "n_schools_3km": 0, "n_clinics_3km": 0, "p_connectivity": null, "p_population": null, "p_institutions": null, "p_equity": null, "dipi": null, "rank": null, "stakes_score": 58.4, "gap_rank": 119.0 }, "geometry": { "type": "Point", "coordinates": [ 117.0030656, 6.5692272 ] } },
{ "type": "Feature", "properties": { "name": "Lokos", "place": "village", "pop_2km": 132, "seasonal_water_px": 42, "flood_prone": true, "rwi": -0.8615, "elevation_m": 156.0, "settlement_id": "S1218", "dl_mbps": 48.373, "ul_mbps": 5.946, "latency_ms": 94.5, "n_tests": 4, "n_tiles": 1, "evidence_tier": "insufficient", "n_schools_3km": 0, "n_clinics_3km": 0, "p_connectivity": null, "p_population": null, "p_institutions": null, "p_equity": null, "dipi": null, "rank": null, "stakes_score": 58.4, "gap_rank": 119.0 }, "geometry": { "type": "Point", "coordinates": [ 116.9967224, 6.5726607 ] } },
{ "type": "Feature", "properties": { "name": "Sinanggip", "place": "village", "pop_2km": 0, "seasonal_water_px": 0, "flood_prone": false, "rwi": -0.6735, "elevation_m": 262.0, "settlement_id": "S1219", "dl_mbps": 8.034, "ul_mbps": 1.1165, "latency_ms": 59.5, "n_tests": 2, "n_tiles": 2, "evidence_tier": "insufficient", "n_schools_3km": 0, "n_clinics_3km": 0, "p_connectivity": null, "p_population": null, "p_institutions": null, "p_equity": null, "dipi": null, "rank": null, "stakes_score": 28.9, "gap_rank": 222.0 }, "geometry": { "type": "Point", "coordinates": [ 116.9869236, 6.6103905 ] } },
{ "type": "Feature", "properties": { "name": "Vunoi", "place": "village", "pop_2km": 132, "seasonal_water_px": 64, "flood_prone": true, "rwi": -0.58166666666666667, "elevation_m": 29.0, "settlement_id": "S1225", "dl_mbps": null, "ul_mbps": null, "latency_ms": null, "n_tests": 0, "n_tiles": 0, "evidence_tier": "insufficient", "n_schools_3km": 0, "n_clinics_3km": 0, "p_connectivity": null, "p_population": null, "p_institutions": null, "p_equity": null, "dipi": null, "rank": null, "stakes_score": 58.4, "gap_rank": 119.0 }, "geometry": { "type": "Point", "coordinates": [ 116.9968887, 6.5811176 ] } },
{ "type": "Feature", "properties": { "name": "Tukar", "place": "village", "pop_2km": 158, "seasonal_water_px": 0, "flood_prone": false, "rwi": -0.72433333333333338, "elevation_m": 26.0, "settlement_id": "S1234", "dl_mbps": null, "ul_mbps": null, "latency_ms": null, "n_tests": 0, "n_tiles": 0, "evidence_tier": "insufficient", "n_schools_3km": 0, "n_clinics_3km": 0, "p_connectivity": null, "p_population": null, "p_institutions": null, "p_equity": null, "dipi": null, "rank": null, "stakes_score": 59.5, "gap_rank": 114.0 }, "geometry": { "type": "Point", "coordinates": [ 117.0918455, 6.6266504 ] } },
{ "type": "Feature", "properties": { "name": "Bambangan Sook", "place": "village", "pop_2km": 0, "seasonal_water_px": 0, "flood_prone": false, "rwi": -0.82133333333333336, "elevation_m": 106.0, "settlement_id": "S1237", "dl_mbps": 23.63, "ul_mbps": 3.685, "latency_ms": 93.0, "n_tests": 3, "n_tiles": 1, "evidence_tier": "insufficient", "n_schools_3km": 0, "n_clinics_3km": 0, "p_connectivity": null, "p_population": null, "p_institutions": null, "p_equity": null, "dipi": null, "rank": null, "stakes_score": 28.9, "gap_rank": 222.0 }, "geometry": { "type": "Point", "coordinates": [ 117.0101601, 6.6388479 ] } },
{ "type": "Feature", "properties": { "name": "Mandurian Laut", "place": "village", "pop_2km": 0, "seasonal_water_px": 53, "flood_prone": true, "rwi": -0.72366666666666657, "elevation_m": 23.0, "settlement_id": "S1239", "dl_mbps": null, "ul_mbps": null, "latency_ms": null, "n_tests": 0, "n_tiles": 0, "evidence_tier": "insufficient", "n_schools_3km": 0, "n_clinics_3km": 0, "p_connectivity": null, "p_population": null, "p_institutions": null, "p_equity": null, "dipi": null, "rank": null, "stakes_score": 28.9, "gap_rank": 222.0 }, "geometry": { "type": "Point", "coordinates": [ 117.0206976, 6.629788 ] } },
{ "type": "Feature", "properties": { "name": "Kem Polai", "place": "village", "pop_2km": 0, "seasonal_water_px": 0, "flood_prone": false, "rwi": -0.56433333333333335, "elevation_m": 126.0, "settlement_id": "S1246", "dl_mbps": null, "ul_mbps": null, "latency_ms": null, "n_tests": 0, "n_tiles": 0, "evidence_tier": "insufficient", "n_schools_3km": 0, "n_clinics_3km": 0, "p_connectivity": null, "p_population": null, "p_institutions": null, "p_equity": null, "dipi": null, "rank": null, "stakes_score": 28.9, "gap_rank": 222.0 }, "geometry": { "type": "Point", "coordinates": [ 117.1017769, 6.6343091 ] } },
{ "type": "Feature", "properties": { "name": "Ulu Patian", "place": "village", "pop_2km": 86, "seasonal_water_px": 0, "flood_prone": false, "rwi": -0.6165, "elevation_m": 627.0, "settlement_id": "S1258", "dl_mbps": null, "ul_mbps": null, "latency_ms": null, "n_tests": 0, "n_tiles": 0, "evidence_tier": "insufficient", "n_schools_3km": 0, "n_clinics_3km": 0, "p_connectivity": null, "p_population": null, "p_institutions": null, "p_equity": null, "dipi": null, "rank": null, "stakes_score": 52.3, "gap_rank": 148.0 }, "geometry": { "type": "Point", "coordinates": [ 115.9701832, 4.8889332 ] } },
{ "type": "Feature", "properties": { "name": "Sumambu", "place": "village", "pop_2km": 30, "seasonal_water_px": 0, "flood_prone": false, "rwi": -0.57, "elevation_m": 698.0, "settlement_id": "S1260", "dl_mbps": null, "ul_mbps": null, "latency_ms": null, "n_tests": 0, "n_tiles": 0, "evidence_tier": "insufficient", "n_schools_3km": 0, "n_clinics_3km": 0, "p_connectivity": null, "p_population": null, "p_institutions": null, "p_equity": null, "dipi": null, "rank": null, "stakes_score": 43.9, "gap_rank": 209.0 }, "geometry": { "type": "Point", "coordinates": [ 115.9927541, 4.7707803 ] } },
{ "type": "Feature", "properties": { "name": "Tinura", "place": "village", "pop_2km": 62, "seasonal_water_px": 0, "flood_prone": false, "rwi": -0.3285, "elevation_m": 469.0, "settlement_id": "S1261", "dl_mbps": 38.605, "ul_mbps": 10.892, "latency_ms": 36.0, "n_tests": 3, "n_tiles": 1, "evidence_tier": "insufficient", "n_schools_3km": 0, "n_clinics_3km": 0, "p_connectivity": null, "p_population": null, "p_institutions": null, "p_equity": null, "dipi": null, "rank": null, "stakes_score": 49.0, "gap_rank": 168.0 }, "geometry": { "type": "Point", "coordinates": [ 115.8893519, 4.6969219 ] } },
{ "type": "Feature", "properties": { "name": "Sosopon", "place": "village", "pop_2km": 28, "seasonal_water_px": 0, "flood_prone": false, "rwi": -0.0735, "elevation_m": 548.0, "settlement_id": "S1269", "dl_mbps": 57.609, "ul_mbps": 29.02, "latency_ms": 18.0, "n_tests": 1, "n_tiles": 1, "evidence_tier": "insufficient", "n_schools_3km": 0, "n_clinics_3km": 0, "p_connectivity": null, "p_population": null, "p_institutions": null, "p_equity": null, "dipi": null, "rank": null, "stakes_score": 43.2, "gap_rank": 211.0 }, "geometry": { "type": "Point", "coordinates": [ 115.8610354, 4.7570931 ] } },
{ "type": "Feature", "properties": { "name": "Ripanon", "place": "village", "pop_2km": 0, "seasonal_water_px": 0, "flood_prone": false, "rwi": null, "elevation_m": 362.0, "settlement_id": "S1276", "dl_mbps": null, "ul_mbps": null, "latency_ms": null, "n_tests": 0, "n_tiles": 0, "evidence_tier": "insufficient", "n_schools_3km": 0, "n_clinics_3km": 0, "p_connectivity": null, "p_population": null, "p_institutions": null, "p_equity": null, "dipi": null, "rank": null, "stakes_score": 28.9, "gap_rank": 222.0 }, "geometry": { "type": "Point", "coordinates": [ 115.9132903, 4.8238348 ] } },
{ "type": "Feature", "properties": { "name": "Lohot", "place": "village", "pop_2km": 364, "seasonal_water_px": 0, "flood_prone": false, "rwi": -0.0735, "elevation_m": 471.0, "settlement_id": "S1277", "dl_mbps": 77.686, "ul_mbps": 4.337, "latency_ms": 54.0, "n_tests": 4, "n_tiles": 2, "evidence_tier": "insufficient", "n_schools_3km": 0, "n_clinics_3km": 0, "p_connectivity": null, "p_population": null, "p_institutions": null, "p_equity": null, "dipi": null, "rank": null, "stakes_score": 68.1, "gap_rank": 65.0 }, "geometry": { "type": "Point", "coordinates": [ 115.8676654, 4.7691 ] } },
{ "type": "Feature", "properties": { "name": "Titikom", "place": "village", "pop_2km": 0, "seasonal_water_px": 0, "flood_prone": false, "rwi": null, "elevation_m": 1196.0, "settlement_id": "S1280", "dl_mbps": null, "ul_mbps": null, "latency_ms": null, "n_tests": 0, "n_tiles": 0, "evidence_tier": "insufficient", "n_schools_3km": 0, "n_clinics_3km": 0, "p_connectivity": null, "p_population": null, "p_institutions": null, "p_equity": null, "dipi": null, "rank": null, "stakes_score": 28.9, "gap_rank": 222.0 }, "geometry": { "type": "Point", "coordinates": [ 116.0409093, 4.7655482 ] } },
{ "type": "Feature", "properties": { "name": "Masanoi", "place": "village", "pop_2km": 84, "seasonal_water_px": 0, "flood_prone": false, "rwi": 0.612, "elevation_m": 575.0, "settlement_id": "S1281", "dl_mbps": null, "ul_mbps": null, "latency_ms": null, "n_tests": 0, "n_tiles": 0, "evidence_tier": "insufficient", "n_schools_3km": 0, "n_clinics_3km": 0, "p_connectivity": null, "p_population": null, "p_institutions": null, "p_equity": null, "dipi": null, "rank": null, "stakes_score": 52.0, "gap_rank": 151.0 }, "geometry": { "type": "Point", "coordinates": [ 115.9558461, 4.9660872 ] } },
{ "type": "Feature", "properties": { "name": "Tilis", "place": "village", "pop_2km": 220, "seasonal_water_px": 0, "flood_prone": false, "rwi": -0.475, "elevation_m": 401.0, "settlement_id": "S1284", "dl_mbps": null, "ul_mbps": null, "latency_ms": null, "n_tests": 0, "n_tiles": 0, "evidence_tier": "insufficient", "n_schools_3km": 0, "n_clinics_3km": 0, "p_connectivity": null, "p_population": null, "p_institutions": null, "p_equity": null, "dipi": null, "rank": null, "stakes_score": 62.9, "gap_rank": 94.0 }, "geometry": { "type": "Point", "coordinates": [ 115.9005547, 4.7737699 ] } },
{ "type": "Feature", "properties": { "name": "Titiku", "place": "village", "pop_2km": 0, "seasonal_water_px": 0, "flood_prone": false, "rwi": null, "elevation_m": 1013.0, "settlement_id": "S1285", "dl_mbps": null, "ul_mbps": null, "latency_ms": null, "n_tests": 0, "n_tiles": 0, "evidence_tier": "insufficient", "n_schools_3km": 0, "n_clinics_3km": 0, "p_connectivity": null, "p_population": null, "p_institutions": null, "p_equity": null, "dipi": null, "rank": null, "stakes_score": 28.9, "gap_rank": 222.0 }, "geometry": { "type": "Point", "coordinates": [ 116.0182134, 4.7560232 ] } },
{ "type": "Feature", "properties": { "name": "Katubu", "place": "village", "pop_2km": 194, "seasonal_water_px": 0, "flood_prone": false, "rwi": -0.425, "elevation_m": 516.0, "settlement_id": "S1298", "dl_mbps": null, "ul_mbps": null, "latency_ms": null, "n_tests": 0, "n_tiles": 0, "evidence_tier": "insufficient", "n_schools_3km": 0, "n_clinics_3km": 0, "p_connectivity": null, "p_population": null, "p_institutions": null, "p_equity": null, "dipi": null, "rank": null, "stakes_score": 61.9, "gap_rank": 100.0 }, "geometry": { "type": "Point", "coordinates": [ 115.9691419, 4.8675052 ] } },
{ "type": "Feature", "properties": { "name": "Sinawangon", "place": "village", "pop_2km": 0, "seasonal_water_px": 0, "flood_prone": false, "rwi": null, "elevation_m": 1227.0, "settlement_id": "S1301", "dl_mbps": null, "ul_mbps": null, "latency_ms": null, "n_tests": 0, "n_tiles": 0, "evidence_tier": "insufficient", "n_schools_3km": 0, "n_clinics_3km": 0, "p_connectivity": null, "p_population": null, "p_institutions": null, "p_equity": null, "dipi": null, "rank": null, "stakes_score": 28.9, "gap_rank": 222.0 }, "geometry": { "type": "Point", "coordinates": [ 116.034389, 4.7568219 ] } },
{ "type": "Feature", "properties": { "name": "Aloh", "place": "village", "pop_2km": 0, "seasonal_water_px": 0, "flood_prone": false, "rwi": null, "elevation_m": 993.0, "settlement_id": "S1303", "dl_mbps": null, "ul_mbps": null, "latency_ms": null, "n_tests": 0, "n_tiles": 0, "evidence_tier": "insufficient", "n_schools_3km": 0, "n_clinics_3km": 0, "p_connectivity": null, "p_population": null, "p_institutions": null, "p_equity": null, "dipi": null, "rank": null, "stakes_score": 28.9, "gap_rank": 222.0 }, "geometry": { "type": "Point", "coordinates": [ 116.1056739, 4.831419 ] } },
{ "type": "Feature", "properties": { "name": "Bandar Fajar Harapan", "place": "town", "pop_2km": 2366, "seasonal_water_px": 0, "flood_prone": false, "rwi": -0.3085, "elevation_m": 76.0, "settlement_id": "S1322", "dl_mbps": 85.7735, "ul_mbps": 23.4325, "latency_ms": 43.0, "n_tests": 4, "n_tiles": 2, "evidence_tier": "insufficient", "n_schools_3km": 0, "n_clinics_3km": 0, "p_connectivity": null, "p_population": null, "p_institutions": null, "p_equity": null, "dipi": null, "rank": null, "stakes_score": 76.8, "gap_rank": 21.0 }, "geometry": { "type": "Point", "coordinates": [ 119.2067601, 5.2335919 ] } },
{ "type": "Feature", "properties": { "name": "Kampung Menampilik", "place": "hamlet", "pop_2km": 524, "seasonal_water_px": 59, "flood_prone": true, "rwi": null, "elevation_m": 9.0, "settlement_id": "S1358", "dl_mbps": null, "ul_mbps": null, "latency_ms": null, "n_tests": 0, "n_tiles": 0, "evidence_tier": "insufficient", "n_schools_3km": 0, "n_clinics_3km": 0, "p_connectivity": null, "p_population": null, "p_institutions": null, "p_equity": null, "dipi": null, "rank": null, "stakes_score": 70.5, "gap_rank": 54.0 }, "geometry": { "type": "Point", "coordinates": [ 118.5703486, 4.3458764 ] } },
{ "type": "Feature", "properties": { "name": "Kampung Pamaguan", "place": "hamlet", "pop_2km": 0, "seasonal_water_px": 117, "flood_prone": true, "rwi": -0.236, "elevation_m": 8.0, "settlement_id": "S1360", "dl_mbps": null, "ul_mbps": null, "latency_ms": null, "n_tests": 0, "n_tiles": 0, "evidence_tier": "insufficient", "n_schools_3km": 0, "n_clinics_3km": 0, "p_connectivity": null, "p_population": null, "p_institutions": null, "p_equity": null, "dipi": null, "rank": null, "stakes_score": 28.9, "gap_rank": 222.0 }, "geometry": { "type": "Point", "coordinates": [ 118.0563466, 5.940402 ] } },
{ "type": "Feature", "properties": { "name": "Ladang Segaliud", "place": "village", "pop_2km": 385, "seasonal_water_px": 0, "flood_prone": false, "rwi": 0.1795, "elevation_m": 18.0, "settlement_id": "S1362", "dl_mbps": 20.569, "ul_mbps": 0.9105, "latency_ms": 50.5, "n_tests": 2, "n_tiles": 1, "evidence_tier": "insufficient", "n_schools_3km": 0, "n_clinics_3km": 0, "p_connectivity": null, "p_population": null, "p_institutions": null, "p_equity": null, "dipi": null, "rank": null, "stakes_score": 68.4, "gap_rank": 63.0 }, "geometry": { "type": "Point", "coordinates": [ 117.7848788, 5.7228561 ] } },
{ "type": "Feature", "properties": { "name": "Ladang Menggaris", "place": "village", "pop_2km": 388, "seasonal_water_px": 6, "flood_prone": true, "rwi": -0.5495, "elevation_m": 15.0, "settlement_id": "S1363", "dl_mbps": 52.0335, "ul_mbps": 34.475, "latency_ms": 60.5, "n_tests": 3, "n_tiles": 2, "evidence_tier": "insufficient", "n_schools_3km": 0, "n_clinics_3km": 0, "p_connectivity": null, "p_population": null, "p_institutions": null, "p_equity": null, "dipi": null, "rank": null, "stakes_score": 68.7, "gap_rank": 62.0 }, "geometry": { "type": "Point", "coordinates": [ 117.7342929, 5.7077547 ] } },
{ "type": "Feature", "properties": { "name": "Kampung Luboh", "place": "hamlet", "pop_2km": 385, "seasonal_water_px": 124, "flood_prone": true, "rwi": -0.155, "elevation_m": 10.0, "settlement_id": "S1368", "dl_mbps": 2.44, "ul_mbps": 0.056, "latency_ms": 79.0, "n_tests": 1, "n_tiles": 1, "evidence_tier": "insufficient", "n_schools_3km": 0, "n_clinics_3km": 0, "p_connectivity": null, "p_population": null, "p_institutions": null, "p_equity": null, "dipi": null, "rank": null, "stakes_score": 68.4, "gap_rank": 63.0 }, "geometry": { "type": "Point", "coordinates": [ 118.0145731, 6.0114307 ] } },
{ "type": "Feature", "properties": { "name": "SK Nampasan, Ranau", "place": "village", "pop_2km": 23, "seasonal_water_px": 0, "flood_prone": false, "rwi": -0.666, "elevation_m": 703.0, "settlement_id": "S1369", "dl_mbps": 30.953, "ul_mbps": 13.1485, "latency_ms": 33.5, "n_tests": 4, "n_tiles": 3, "evidence_tier": "insufficient", "n_schools_3km": 1, "n_clinics_3km": 0, "p_connectivity": null, "p_population": null, "p_institutions": null, "p_equity": null, "dipi": null, "rank": null, "stakes_score": 61.3, "gap_rank": 105.0 }, "geometry": { "type": "Point", "coordinates": [ 116.6578479, 5.868349 ] } },
{ "type": "Feature", "properties": { "name": "Desa Orcid", "place": "village", "pop_2km": 417, "seasonal_water_px": 0, "flood_prone": false, "rwi": -0.28, "elevation_m": 366.0, "settlement_id": "S1371", "dl_mbps": null, "ul_mbps": null, "latency_ms": null, "n_tests": 0, "n_tiles": 0, "evidence_tier": "insufficient", "n_schools_3km": 0, "n_clinics_3km": 0, "p_connectivity": null, "p_population": null, "p_institutions": null, "p_equity": null, "dipi": null, "rank": null, "stakes_score": 68.9, "gap_rank": 61.0 }, "geometry": { "type": "Point", "coordinates": [ 116.2407374, 5.0576442 ] } },
{ "type": "Feature", "properties": { "name": "Kampung Kumansi", "place": "hamlet", "pop_2km": 514, "seasonal_water_px": 76, "flood_prone": true, "rwi": -0.373, "elevation_m": 42.0, "settlement_id": "S1429", "dl_mbps": 30.392, "ul_mbps": 1.9455, "latency_ms": 46.5, "n_tests": 3, "n_tiles": 2, "evidence_tier": "insufficient", "n_schools_3km": 0, "n_clinics_3km": 0, "p_connectivity": null, "p_population": null, "p_institutions": null, "p_equity": null, "dipi": null, "rank": null, "stakes_score": 70.3, "gap_rank": 55.0 }, "geometry": { "type": "Point", "coordinates": [ 117.0890236, 5.2775781 ] } },
{ "type": "Feature", "properties": { "name": "Kampung Tronglit", "place": "hamlet", "pop_2km": 85, "seasonal_water_px": 27, "flood_prone": true, "rwi": -0.461, "elevation_m": 3.0, "settlement_id": "S1430", "dl_mbps": null, "ul_mbps": null, "latency_ms": null, "n_tests": 0, "n_tiles": 0, "evidence_tier": "insufficient", "n_schools_3km": 0, "n_clinics_3km": 0, "p_connectivity": null, "p_population": null, "p_institutions": null, "p_equity": null, "dipi": null, "rank": null, "stakes_score": 52.2, "gap_rank": 149.0 }, "geometry": { "type": "Point", "coordinates": [ 117.9952884, 5.7439076 ] } },
{ "type": "Feature", "properties": { "name": "Kampung Kababak", "place": "hamlet", "pop_2km": 301, "seasonal_water_px": 47, "flood_prone": true, "rwi": -0.058, "elevation_m": 8.0, "settlement_id": "S1431", "dl_mbps": null, "ul_mbps": null, "latency_ms": null, "n_tests": 0, "n_tiles": 0, "evidence_tier": "insufficient", "n_schools_3km": 0, "n_clinics_3km": 0, "p_connectivity": null, "p_population": null, "p_institutions": null, "p_equity": null, "dipi": null, "rank": null, "stakes_score": 66.0, "gap_rank": 75.0 }, "geometry": { "type": "Point", "coordinates": [ 118.5026014, 4.5276344 ] } },
{ "type": "Feature", "properties": { "name": "Kampung Silawa", "place": "hamlet", "pop_2km": 878, "seasonal_water_px": 119, "flood_prone": true, "rwi": -0.042, "elevation_m": 3.0, "settlement_id": "S1432", "dl_mbps": null, "ul_mbps": null, "latency_ms": null, "n_tests": 0, "n_tiles": 0, "evidence_tier": "insufficient", "n_schools_3km": 2, "n_clinics_3km": 0, "p_connectivity": null, "p_population": null, "p_institutions": null, "p_equity": null, "dipi": null, "rank": null, "stakes_score": 97.1, "gap_rank": 1.0 }, "geometry": { "type": "Point", "coordinates": [ 118.5791731, 4.5526744 ] } },
{ "type": "Feature", "properties": { "name": "Kampung Lumanggas", "place": "hamlet", "pop_2km": 233, "seasonal_water_px": 278, "flood_prone": true, "rwi": 0.1375, "elevation_m": 10.0, "settlement_id": "S1433", "dl_mbps": null, "ul_mbps": null, "latency_ms": null, "n_tests": 0, "n_tiles": 0, "evidence_tier": "insufficient", "n_schools_3km": 1, "n_clinics_3km": 0, "p_connectivity": null, "p_population": null, "p_institutions": null, "p_equity": null, "dipi": null, "rank": null, "stakes_score": 82.9, "gap_rank": 15.0 }, "geometry": { "type": "Point", "coordinates": [ 118.5733795, 4.5492253 ] } },
{ "type": "Feature", "properties": { "name": "Kampung Rasak", "place": "hamlet", "pop_2km": 247, "seasonal_water_px": 136, "flood_prone": true, "rwi": -0.031, "elevation_m": 13.0, "settlement_id": "S1434", "dl_mbps": null, "ul_mbps": null, "latency_ms": null, "n_tests": 0, "n_tiles": 0, "evidence_tier": "insufficient", "n_schools_3km": 1, "n_clinics_3km": 0, "p_connectivity": null, "p_population": null, "p_institutions": null, "p_equity": null, "dipi": null, "rank": null, "stakes_score": 83.5, "gap_rank": 14.0 }, "geometry": { "type": "Point", "coordinates": [ 118.5320359, 4.5430409 ] } },
{ "type": "Feature", "properties": { "name": "Kampung Selakan", "place": "hamlet", "pop_2km": 0, "seasonal_water_px": 101, "flood_prone": true, "rwi": null, "elevation_m": 8.0, "settlement_id": "S1438", "dl_mbps": null, "ul_mbps": null, "latency_ms": null, "n_tests": 0, "n_tiles": 0, "evidence_tier": "insufficient", "n_schools_3km": 0, "n_clinics_3km": 0, "p_connectivity": null, "p_population": null, "p_institutions": null, "p_equity": null, "dipi": null, "rank": null, "stakes_score": 28.9, "gap_rank": 222.0 }, "geometry": { "type": "Point", "coordinates": [ 118.6947897, 4.5748288 ] } },
{ "type": "Feature", "properties": { "name": "Kampung Larapan Hujung", "place": "hamlet", "pop_2km": 645, "seasonal_water_px": 83, "flood_prone": true, "rwi": -0.042, "elevation_m": 1.0, "settlement_id": "S1439", "dl_mbps": null, "ul_mbps": null, "latency_ms": null, "n_tests": 0, "n_tiles": 0, "evidence_tier": "insufficient", "n_schools_3km": 2, "n_clinics_3km": 0, "p_connectivity": null, "p_population": null, "p_institutions": null, "p_equity": null, "dipi": null, "rank": null, "stakes_score": 95.1, "gap_rank": 5.0 }, "geometry": { "type": "Point", "coordinates": [ 118.5939145, 4.5534766 ] } },
{ "type": "Feature", "properties": { "name": "Kampung Bakong Bakong", "place": "hamlet", "pop_2km": 69, "seasonal_water_px": 32, "flood_prone": true, "rwi": -0.554, "elevation_m": 11.0, "settlement_id": "S1440", "dl_mbps": null, "ul_mbps": null, "latency_ms": null, "n_tests": 0, "n_tiles": 0, "evidence_tier": "insufficient", "n_schools_3km": 0, "n_clinics_3km": 0, "p_connectivity": null, "p_population": null, "p_institutions": null, "p_equity": null, "dipi": null, "rank": null, "stakes_score": 50.0, "gap_rank": 163.0 }, "geometry": { "type": "Point", "coordinates": [ 118.4752375, 4.5737138 ] } },
{ "type": "Feature", "properties": { "name": "Kampung Tiger", "place": "hamlet", "pop_2km": 1210, "seasonal_water_px": 3, "flood_prone": false, "rwi": -0.0555, "elevation_m": 100.0, "settlement_id": "S1445", "dl_mbps": 29.337, "ul_mbps": 4.964, "latency_ms": 45.0, "n_tests": 4, "n_tiles": 3, "evidence_tier": "insufficient", "n_schools_3km": 0, "n_clinics_3km": 0, "p_connectivity": null, "p_population": null, "p_institutions": null, "p_equity": null, "dipi": null, "rank": null, "stakes_score": 75.5, "gap_rank": 28.0 }, "geometry": { "type": "Point", "coordinates": [ 117.8187132, 4.4075531 ] } }
]
}
