{"type": "FeatureCollection", "features": [{"type": "Feature", "properties": {"facility_id": "F0000", "name": "Kinabatangan Hospital", "amenity": "hospital", "kind": "health"}, "geometry": {"type": "Point", "coordinates": [117.978518, 5.563385]}}, {"type": "Feature", "properties": {"facility_id": "F0001", "name": "Hospital Beaufort", "amenity": "hospital", "kind": "health"}, "geometry": {"type": "Point", "coordinates": [115.740593, 5.350961]}}, {"type": "Feature", "properties": {"facility_id": "F0002", "name": "S.K. Seri Manis", "amenity": "school", "kind": "school"}, "geometry": {"type": "Point", "coordinates": [117.908998, 5.897645]}}, {"type": "Feature", "properties": {"facility_id": "F0003", "name": "S.M.K. Gum Gum", "amenity": "school", "kind": "school"}, "geometry": {"type": "Point", "coordinates": [117.913522, 5.897723]}}, {"type": "Feature", "properties": {"facility_id": "F0004", "name": "S.M.K. Muhibbah", "amenity": "school", "kind": "school"}, "geometry": {"type": "Point", "coordinates": [118.072419, 5.849945]}}, {"type": "Feature", "properties": {"facility_id": "F0005", "name": "S.M. Yu Yuan \u5c71\u6253\u6839\u80b2\u6e90\u4e2d\u5b66", "amenity": "school", "kind": "school"}, "geometry": {"type": "Point", "coordinates": [118.075672, 5.855915]}}, {"type": "Feature", "properties": {"facility_id": "F0006", "name": "S.J.K. (C) Pei Yin", "amenity": "school", "kind": "school"}, "geometry": {"type": "Point", "coordinates": [118.083003, 5.830473]}}, {"type": "Feature", "properties": {"facility_id": "F0007", "name": "SMK St.Dominic", "amenity": "school", "kind": "school"}, "geometry": {"type": "Point", "coordinates": [118.315694, 5.034335]}}, {"type": "Feature", "properties": {"facility_id": "F0008", "name": "Sekolah Kebangsaan Melanta Jaya", "amenity": "school", "kind": "school"}, "geometry": {"type": "Point", "coordinates": [118.074942, 5.814891]}}, {"type": "Feature", "properties": {"facility_id": "F0009", "name": "SMK Narinang", "amenity": "school", "kind": "school"}, "geometry": {"type": "Point", "coordinates": [116.449752, 6.217785]}}, {"type": "Feature", "properties": {"facility_id": "F0010", "name": null, "amenity": "school", "kind": "school"}, "geometry": {"type": "Point", "coordinates": [116.042567, 5.895193]}}, {"type": "Feature", "properties": {"facility_id": "F0011", "name": "SK Bantayan", "amenity": "school", "kind": "school"}, "geometry": {"type": "Point", "coordinates": [116.127082, 5.956929]}}, {"type": "Feature", "properties": {"facility_id": "F0012", "name": "SM La Salle Student Activity Centre", "amenity": "school", "kind": "school"}, "geometry": {"type": "Point", "coordinates": [116.052184, 5.953329]}}, {"type": "Feature", "properties": {"facility_id": "F0013", "name": "Driving School", "amenity": "school", "kind": "school"}, "geometry": {"type": "Point", "coordinates": [116.129474, 5.963365]}}, {"type": "Feature", "properties": {"facility_id": "F0014", "name": "St John Secondary School", "amenity": "school", "kind": "school"}, "geometry": {"type": "Point", "coordinates": [116.235798, 6.180424]}}, {"type": "Feature", "properties": {"facility_id": "F0015", "name": "Clinic Dr. Elaine", "amenity": "clinic", "kind": "health"}, "geometry": {"type": "Point", "coordinates": [116.091779, 5.949238]}}, {"type": "Feature", "properties": {"facility_id": "F0016", "name": null, "amenity": "school", "kind": "school"}, "geometry": {"type": "Point", "coordinates": [116.094645, 5.971562]}}, {"type": "Feature", "properties": {"facility_id": "F0017", "name": "Taska Ceria", "amenity": "school", "kind": "school"}, "geometry": {"type": "Point", "coordinates": [116.077559, 5.967489]}}, {"type": "Feature", "properties": {"facility_id": "F0018", "name": "Sek. Keb. Pekan Papar", "amenity": "school", "kind": "school"}, "geometry": {"type": "Point", "coordinates": [115.928387, 5.733798]}}, {"type": "Feature", "properties": {"facility_id": "F0019", "name": "Sek. Men. Majakir", "amenity": "school", "kind": "school"}, "geometry": {"type": "Point", "coordinates": [115.926382, 5.732085]}}, {"type": "Feature", "properties": {"facility_id": "F0020", "name": "SRJK Cheng Hwa", "amenity": "school", "kind": "school"}, "geometry": {"type": "Point", "coordinates": [115.933241, 5.73596]}}, {"type": "Feature", "properties": {"facility_id": "F0021", "name": "Klinik Kissey", "amenity": "hospital", "kind": "health"}, "geometry": {"type": "Point", "coordinates": [116.077136, 5.928158]}}, {"type": "Feature", "properties": {"facility_id": "F0022", "name": "Klinik & Surgeri Dr. Goh", "amenity": "hospital", "kind": "health"}, "geometry": {"type": "Point", "coordinates": [116.076768, 5.927902]}}, {"type": "Feature", "properties": {"facility_id": "F0023", "name": "Klinik & Surgeri Noosob", "amenity": "hospital", "kind": "health"}, "geometry": {"type": "Point", "coordinates": [116.076792, 5.92805]}}, {"type": "Feature", "properties": {"facility_id": "F0024", "name": "Jabatan Kecemasan QEH", "amenity": "hospital", "kind": "health"}, "geometry": {"type": "Point", "coordinates": [116.072122, 5.956919]}}, {"type": "Feature", "properties": {"facility_id": "F0025", "name": "Friendly Specialists Clinic Dr Fong Dr Hsu", "amenity": "clinic", "kind": "health"}, "geometry": {"type": "Point", "coordinates": [116.076707, 5.926535]}}, {"type": "Feature", "properties": {"facility_id": "F0026", "name": "SJK (C) Hwa Shiong", "amenity": "school", "kind": "school"}, "geometry": {"type": "Point", "coordinates": [116.049586, 5.897065]}}, {"type": "Feature", "properties": {"facility_id": "F0027", "name": "Tadika Hwa Shiong", "amenity": "school", "kind": "school"}, "geometry": {"type": "Point", "coordinates": [116.04941, 5.896264]}}, {"type": "Feature", "properties": {"facility_id": "F0028", "name": "Klinik Bumiputera", "amenity": "hospital", "kind": "health"}, "geometry": {"type": "Point", "coordinates": [116.046766, 5.892368]}}, {"type": "Feature", "properties": {"facility_id": "F0029", "name": "Peak Nam Toong Kindergarden", "amenity": "school", "kind": "school"}, "geometry": {"type": "Point", "coordinates": [116.075829, 5.950005]}}, {"type": "Feature", "properties": {"facility_id": "F0030", "name": "Sekolah Menengah Teknik Beaufort", "amenity": "school", "kind": "school"}, "geometry": {"type": "Point", "coordinates": [115.719644, 5.335825]}}, {"type": "Feature", "properties": {"facility_id": "F0031", "name": "Sekolah Perhutanan Tropika Antarabangsa", "amenity": "school", "kind": "school"}, "geometry": {"type": "Point", "coordinates": [116.126408, 6.036233]}}, {"type": "Feature", "properties": {"facility_id": "F0032", "name": "SRK St Joseph Papar", "amenity": "school", "kind": "school"}, "geometry": {"type": "Point", "coordinates": [115.930701, 5.731529]}}, {"type": "Feature", "properties": {"facility_id": "F0033", "name": "SM St Joseph Papar", "amenity": "school", "kind": "school"}, "geometry": {"type": "Point", "coordinates": [115.930163, 5.731012]}}, {"type": "Feature", "properties": {"facility_id": "F0034", "name": "SRJK (C) St Joseph Papar", "amenity": "school", "kind": "school"}, "geometry": {"type": "Point", "coordinates": [115.93003, 5.73051]}}, {"type": "Feature", "properties": {"facility_id": "F0035", "name": "Hospital Daerah Papar", "amenity": "hospital", "kind": "health"}, "geometry": {"type": "Point", "coordinates": [115.92382, 5.726847]}}, {"type": "Feature", "properties": {"facility_id": "F0036", "name": "SMK Pengalat Papar", "amenity": "school", "kind": "school"}, "geometry": {"type": "Point", "coordinates": [115.951951, 5.749295]}}, {"type": "Feature", "properties": {"facility_id": "F0037", "name": "SK Meritaman", "amenity": "school", "kind": "school"}, "geometry": {"type": "Point", "coordinates": [115.55044, 5.045249]}}, {"type": "Feature", "properties": {"facility_id": "F0038", "name": "Sekolah Sandak", "amenity": "school", "kind": "school"}, "geometry": {"type": "Point", "coordinates": [118.00063, 5.898012]}}, {"type": "Feature", "properties": {"facility_id": "F0039", "name": "Klinik Kesihatan Paal", "amenity": "hospital", "kind": "health"}, "geometry": {"type": "Point", "coordinates": [115.922688, 5.004583]}}, {"type": "Feature", "properties": {"facility_id": "F0040", "name": "Sek. Keb. Paris 1", "amenity": "school", "kind": "school"}, "geometry": {"type": "Point", "coordinates": [117.952604, 5.359242]}}, {"type": "Feature", "properties": {"facility_id": "F0041", "name": "Sekolah Kebangsaan Beringgis, Papar", "amenity": "school", "kind": "school"}, "geometry": {"type": "Point", "coordinates": [115.992673, 5.787481]}}, {"type": "Feature", "properties": {"facility_id": "F0042", "name": "Sek. Keb. Buang Sayang", "amenity": "school", "kind": "school"}, "geometry": {"type": "Point", "coordinates": [115.932648, 5.742755]}}, {"type": "Feature", "properties": {"facility_id": "F0043", "name": "Sekolah Kebangsaan Pekan Tamparuli", "amenity": "school", "kind": "school"}, "geometry": {"type": "Point", "coordinates": [116.259933, 6.14246]}}, {"type": "Feature", "properties": {"facility_id": "F0044", "name": "Sek. Men. Keb. Tamparuli", "amenity": "school", "kind": "school"}, "geometry": {"type": "Point", "coordinates": [116.260951, 6.144784]}}, {"type": "Feature", "properties": {"facility_id": "F0045", "name": "SMK Kuala Penyu", "amenity": "school", "kind": "school"}, "geometry": {"type": "Point", "coordinates": [115.554076, 5.50039]}}, {"type": "Feature", "properties": {"facility_id": "F0046", "name": "Sek. Men. St. Peter Bundu", "amenity": "school", "kind": "school"}, "geometry": {"type": "Point", "coordinates": [115.569394, 5.504445]}}, {"type": "Feature", "properties": {"facility_id": "F0047", "name": "Sek. Ren. Keb. St. Peter Bundu", "amenity": "school", "kind": "school"}, "geometry": {"type": "Point", "coordinates": [115.569925, 5.505593]}}, {"type": "Feature", "properties": {"facility_id": "F0048", "name": "Sekolah Menengah Kebangsaan Beaufort", "amenity": "school", "kind": "school"}, "geometry": {"type": "Point", "coordinates": [115.730916, 5.355167]}}, {"type": "Feature", "properties": {"facility_id": "F0049", "name": "Sekolah Kebangsaan Klias Baru", "amenity": "school", "kind": "school"}, "geometry": {"type": "Point", "coordinates": [115.730757, 5.373353]}}, {"type": "Feature", "properties": {"facility_id": "F0050", "name": "SMJK Lok Yuk", "amenity": "school", "kind": "school"}, "geometry": {"type": "Point", "coordinates": [116.847054, 6.894363]}}, {"type": "Feature", "properties": {"facility_id": "F0051", "name": "Sekolah Kebangsaan Tun Datu Hj. Mustapha", "amenity": "school", "kind": "school"}, "geometry": {"type": "Point", "coordinates": [116.848441, 6.899909]}}, {"type": "Feature", "properties": {"facility_id": "F0052", "name": "Sek. Men. Keb. Segaliud", "amenity": "school", "kind": "school"}, "geometry": {"type": "Point", "coordinates": [117.783066, 5.759501]}}, {"type": "Feature", "properties": {"facility_id": "F0053", "name": "Mariano I. Loza", "amenity": "school", "kind": "school"}, "geometry": {"type": "Point", "coordinates": [116.129909, 6.043021]}}, {"type": "Feature", "properties": {"facility_id": "F0054", "name": "Tadika.", "amenity": "school", "kind": "school"}, "geometry": {"type": "Point", "coordinates": [117.940943, 5.421367]}}, {"type": "Feature", "properties": {"facility_id": "F0055", "name": "Sk.Batu Puteh.", "amenity": "school", "kind": "school"}, "geometry": {"type": "Point", "coordinates": [117.939207, 5.420534]}}, {"type": "Feature", "properties": {"facility_id": "F0056", "name": "Kelinik Kampung.", "amenity": "clinic", "kind": "health"}, "geometry": {"type": "Point", "coordinates": [117.942069, 5.422068]}}, {"type": "Feature", "properties": {"facility_id": "F0057", "name": "Hospital Semporna", "amenity": "hospital", "kind": "health"}, "geometry": {"type": "Point", "coordinates": [118.604234, 4.482915]}}, {"type": "Feature", "properties": {"facility_id": "F0058", "name": "SK. SRI GANDA", "amenity": "school", "kind": "school"}, "geometry": {"type": "Point", "coordinates": [118.560544, 5.505952]}}, {"type": "Feature", "properties": {"facility_id": "F0059", "name": "SK Pangkalan TLDM", "amenity": "school", "kind": "school"}, "geometry": {"type": "Point", "coordinates": [116.10192, 6.088463]}}, {"type": "Feature", "properties": {"facility_id": "F0060", "name": "Sekolah Rendah Kebangsaan Indarasan Laut", "amenity": "school", "kind": "school"}, "geometry": {"type": "Point", "coordinates": [116.639187, 6.763377]}}, {"type": "Feature", "properties": {"facility_id": "F0061", "name": "Giatmara Papar", "amenity": "school", "kind": "school"}, "geometry": {"type": "Point", "coordinates": [115.936092, 5.726133]}}, {"type": "Feature", "properties": {"facility_id": "F0062", "name": "St. Dominic Secondary School", "amenity": "school", "kind": "school"}, "geometry": {"type": "Point", "coordinates": [118.317077, 5.03367]}}, {"type": "Feature", "properties": {"facility_id": "F0063", "name": null, "amenity": "school", "kind": "school"}, "geometry": {"type": "Point", "coordinates": [118.291423, 5.509491]}}, {"type": "Feature", "properties": {"facility_id": "F0064", "name": "Klinik Kem PPH", "amenity": "clinic", "kind": "health"}, "geometry": {"type": "Point", "coordinates": [116.168482, 5.352882]}}, {"type": "Feature", "properties": {"facility_id": "F0065", "name": "SMJK Tinggi Kota Kinabalu \u4e9a\u5e87\u4e2d\u5b66", "amenity": "school", "kind": "school"}, "geometry": {"type": "Point", "coordinates": [116.070886, 5.945885]}}, {"type": "Feature", "properties": {"facility_id": "F0066", "name": "SMK Bengkongan", "amenity": "school", "kind": "school"}, "geometry": {"type": "Point", "coordinates": [116.717729, 6.583842]}}, {"type": "Feature", "properties": {"facility_id": "F0067", "name": null, "amenity": "hospital", "kind": "health"}, "geometry": {"type": "Point", "coordinates": [118.286981, 5.5104]}}, {"type": "Feature", "properties": {"facility_id": "F0068", "name": "KKIA Ulu dusun", "amenity": "clinic", "kind": "health"}, "geometry": {"type": "Point", "coordinates": [117.767244, 5.786545]}}, {"type": "Feature", "properties": {"facility_id": "F0069", "name": "Klinik SFI", "amenity": "clinic", "kind": "health"}, "geometry": {"type": "Point", "coordinates": [115.53716, 5.023917]}}, {"type": "Feature", "properties": {"facility_id": "F0070", "name": "Sekolah Menengah Kebangsaan Saint Paul", "amenity": "school", "kind": "school"}, "geometry": {"type": "Point", "coordinates": [115.741766, 5.350006]}}, {"type": "Feature", "properties": {"facility_id": "F0071", "name": "Poliklinik Telupid", "amenity": "clinic", "kind": "health"}, "geometry": {"type": "Point", "coordinates": [117.131372, 5.627801]}}, {"type": "Feature", "properties": {"facility_id": "F0072", "name": "Sekolah Kebangsaan Dalit", "amenity": "school", "kind": "school"}, "geometry": {"type": "Point", "coordinates": [116.125313, 5.020961]}}, {"type": "Feature", "properties": {"facility_id": "F0073", "name": "SMK Arshad", "amenity": "school", "kind": "school"}, "geometry": {"type": "Point", "coordinates": [116.424731, 6.343332]}}, {"type": "Feature", "properties": {"facility_id": "F0074", "name": "SK St. Edmund", "amenity": "school", "kind": "school"}, "geometry": {"type": "Point", "coordinates": [116.427215, 6.341348]}}, {"type": "Feature", "properties": {"facility_id": "F0075", "name": "Satu Malaysia", "amenity": "clinic", "kind": "health"}, "geometry": {"type": "Point", "coordinates": [116.069687, 5.962623]}}, {"type": "Feature", "properties": {"facility_id": "F0076", "name": "SK Bahagia", "amenity": "school", "kind": "school"}, "geometry": {"type": "Point", "coordinates": [116.441828, 5.091299]}}, {"type": "Feature", "properties": {"facility_id": "F0077", "name": "Klinik Kesihatan Sandakan", "amenity": "clinic", "kind": "health"}, "geometry": {"type": "Point", "coordinates": [118.102291, 5.861016]}}, {"type": "Feature", "properties": {"facility_id": "F0078", "name": "Klinik Desa Lagud Sebrang", "amenity": "clinic", "kind": "health"}, "geometry": {"type": "Point", "coordinates": [115.989826, 5.168994]}}, {"type": "Feature", "properties": {"facility_id": "F0079", "name": "Klinik Dr. Afifi", "amenity": "clinic", "kind": "health"}, "geometry": {"type": "Point", "coordinates": [116.662825, 5.95178]}}, {"type": "Feature", "properties": {"facility_id": "F0080", "name": "Klinik dan Surgeri Dr. Stanley Chong", "amenity": "clinic", "kind": "health"}, "geometry": {"type": "Point", "coordinates": [116.664803, 5.952167]}}, {"type": "Feature", "properties": {"facility_id": "F0081", "name": "GIAT MARA", "amenity": "school", "kind": "school"}, "geometry": {"type": "Point", "coordinates": [116.22801, 5.423379]}}, {"type": "Feature", "properties": {"facility_id": "F0082", "name": "Klinik Desa", "amenity": "clinic", "kind": "health"}, "geometry": {"type": "Point", "coordinates": [116.564153, 6.592573]}}, {"type": "Feature", "properties": {"facility_id": "F0083", "name": null, "amenity": "hospital", "kind": "health"}, "geometry": {"type": "Point", "coordinates": [116.077371, 5.985614]}}, {"type": "Feature", "properties": {"facility_id": "F0084", "name": "Gribbles Pathology", "amenity": "clinic", "kind": "health"}, "geometry": {"type": "Point", "coordinates": [118.07126, 5.852058]}}, {"type": "Feature", "properties": {"facility_id": "F0085", "name": "Sabah Science Secondary School", "amenity": "school", "kind": "school"}, "geometry": {"type": "Point", "coordinates": [116.229907, 6.17687]}}, {"type": "Feature", "properties": {"facility_id": "F0086", "name": "Sekolah Rendah Islam al-Hafidz Tuaran", "amenity": "school", "kind": "school"}, "geometry": {"type": "Point", "coordinates": [116.229893, 6.173057]}}, {"type": "Feature", "properties": {"facility_id": "F0087", "name": "Sekolah Agama Negeri Pekan Tuaran", "amenity": "school", "kind": "school"}, "geometry": {"type": "Point", "coordinates": [116.230207, 6.173229]}}, {"type": "Feature", "properties": {"facility_id": "F0088", "name": "Klinik Kesihatan Ibu dan Kanak-kanak Tuaran", "amenity": "clinic", "kind": "health"}, "geometry": {"type": "Point", "coordinates": [116.230071, 6.174154]}}, {"type": "Feature", "properties": {"facility_id": "F0089", "name": "SJK(C) Chen Sin", "amenity": "school", "kind": "school"}, "geometry": {"type": "Point", "coordinates": [116.228133, 6.174936]}}, {"type": "Feature", "properties": {"facility_id": "F0090", "name": "Klinik Lau & Choong", "amenity": "clinic", "kind": "health"}, "geometry": {"type": "Point", "coordinates": [116.073289, 5.980164]}}, {"type": "Feature", "properties": {"facility_id": "F0091", "name": "Pusat Tuisyen Era Cemerlang", "amenity": "school", "kind": "school"}, "geometry": {"type": "Point", "coordinates": [116.111827, 5.992407]}}, {"type": "Feature", "properties": {"facility_id": "F0092", "name": "Pusat Tuisyen Fokus Jaya", "amenity": "school", "kind": "school"}, "geometry": {"type": "Point", "coordinates": [116.112082, 5.992496]}}, {"type": "Feature", "properties": {"facility_id": "F0093", "name": "Klinik Dr. Mustafa", "amenity": "doctors", "kind": "health"}, "geometry": {"type": "Point", "coordinates": [116.112271, 5.992586]}}, {"type": "Feature", "properties": {"facility_id": "F0094", "name": "Klinik Tuaran", "amenity": "clinic", "kind": "health"}, "geometry": {"type": "Point", "coordinates": [116.221473, 6.146952]}}, {"type": "Feature", "properties": {"facility_id": "F0095", "name": "Klinik Kesihatan Putatan", "amenity": "clinic", "kind": "health"}, "geometry": {"type": "Point", "coordinates": [116.04661, 5.898773]}}, {"type": "Feature", "properties": {"facility_id": "F0096", "name": "SK Tiong Perungusan", "amenity": "school", "kind": "school"}, "geometry": {"type": "Point", "coordinates": [116.481188, 5.979628]}}, {"type": "Feature", "properties": {"facility_id": "F0097", "name": "Hospital Kota Kinabatangan", "amenity": "hospital", "kind": "health"}, "geometry": {"type": "Point", "coordinates": [117.850635, 5.584664]}}, {"type": "Feature", "properties": {"facility_id": "F0098", "name": "Klinik Kesihatan Bukit Garam", "amenity": "hospital", "kind": "health"}, "geometry": {"type": "Point", "coordinates": [117.840108, 5.491486]}}, {"type": "Feature", "properties": {"facility_id": "F0099", "name": "Klinik Dr. Mahen", "amenity": "doctors", "kind": "health"}, "geometry": {"type": "Point", "coordinates": [118.073416, 5.857848]}}, {"type": "Feature", "properties": {"facility_id": "F0100", "name": "Klinik Dr Agnes Lim", "amenity": "doctors", "kind": "health"}, "geometry": {"type": "Point", "coordinates": [118.073837, 5.858086]}}, {"type": "Feature", "properties": {"facility_id": "F0101", "name": "Klinik Elopura", "amenity": "doctors", "kind": "health"}, "geometry": {"type": "Point", "coordinates": [118.079345, 5.856513]}}, {"type": "Feature", "properties": {"facility_id": "F0102", "name": "Tan Specialist Clinic for Women", "amenity": "doctors", "kind": "health"}, "geometry": {"type": "Point", "coordinates": [118.077532, 5.855398]}}, {"type": "Feature", "properties": {"facility_id": "F0103", "name": "Lau Kee Oon Specialist Clinic", "amenity": "doctors", "kind": "health"}, "geometry": {"type": "Point", "coordinates": [118.077969, 5.855676]}}, {"type": "Feature", "properties": {"facility_id": "F0104", "name": "Klinik Rajadurai", "amenity": "doctors", "kind": "health"}, "geometry": {"type": "Point", "coordinates": [118.075003, 5.854658]}}, {"type": "Feature", "properties": {"facility_id": "F0105", "name": "Permai Polyclinic", "amenity": "doctors", "kind": "health"}, "geometry": {"type": "Point", "coordinates": [118.074385, 5.85486]}}, {"type": "Feature", "properties": {"facility_id": "F0106", "name": "Klinik Pergigian Dr Chong", "amenity": "doctors", "kind": "health"}, "geometry": {"type": "Point", "coordinates": [118.073129, 5.855218]}}, {"type": "Feature", "properties": {"facility_id": "F0107", "name": "Klinik Pakar Pakar Sandakan", "amenity": "clinic", "kind": "health"}, "geometry": {"type": "Point", "coordinates": [118.072797, 5.854974]}}, {"type": "Feature", "properties": {"facility_id": "F0108", "name": "KelinikTM Thian", "amenity": "doctors", "kind": "health"}, "geometry": {"type": "Point", "coordinates": [118.073633, 5.854722]}}, {"type": "Feature", "properties": {"facility_id": "F0109", "name": "Klinik Indah", "amenity": "doctors", "kind": "health"}, "geometry": {"type": "Point", "coordinates": [118.07368, 5.853805]}}, {"type": "Feature", "properties": {"facility_id": "F0110", "name": "Klinik Teh", "amenity": "doctors", "kind": "health"}, "geometry": {"type": "Point", "coordinates": [118.072471, 5.852756]}}, {"type": "Feature", "properties": {"facility_id": "F0111", "name": "Sekolah Menengah St. Francis Xavier Keningau", "amenity": "school", "kind": "school"}, "geometry": {"type": "Point", "coordinates": [116.153101, 5.331594]}}, {"type": "Feature", "properties": {"facility_id": "F0112", "name": "S.K. Muhibbah", "amenity": "school", "kind": "school"}, "geometry": {"type": "Point", "coordinates": [118.073027, 5.851478]}}, {"type": "Feature", "properties": {"facility_id": "F0113", "name": null, "amenity": "doctors", "kind": "health"}, "geometry": {"type": "Point", "coordinates": [118.052782, 5.861987]}}, {"type": "Feature", "properties": {"facility_id": "F0114", "name": "Giatmara Sandakan", "amenity": "school", "kind": "school"}, "geometry": {"type": "Point", "coordinates": [118.082162, 5.866294]}}, {"type": "Feature", "properties": {"facility_id": "F0115", "name": "SK Nangkawangan", "amenity": "school", "kind": "school"}, "geometry": {"type": "Point", "coordinates": [116.242926, 4.849355]}}, {"type": "Feature", "properties": {"facility_id": "F0116", "name": "Sekolah Kebangsaan Pulau Mantanani", "amenity": "school", "kind": "school"}, "geometry": {"type": "Point", "coordinates": [116.355244, 6.709428]}}, {"type": "Feature", "properties": {"facility_id": "F0117", "name": "Mantanani Island Football Field", "amenity": "school", "kind": "school"}, "geometry": {"type": "Point", "coordinates": [116.362198, 6.708214]}}, {"type": "Feature", "properties": {"facility_id": "F0118", "name": "Sekolah Labang", "amenity": "school", "kind": "school"}, "geometry": {"type": "Point", "coordinates": [116.595004, 4.697249]}}, {"type": "Feature", "properties": {"facility_id": "F0119", "name": "SJK (C) St Peter", "amenity": "school", "kind": "school"}, "geometry": {"type": "Point", "coordinates": [116.853881, 6.8959]}}, {"type": "Feature", "properties": {"facility_id": "F0120", "name": "SRK St Peter", "amenity": "school", "kind": "school"}, "geometry": {"type": "Point", "coordinates": [116.854325, 6.895555]}}, {"type": "Feature", "properties": {"facility_id": "F0121", "name": "St Peter High School", "amenity": "school", "kind": "school"}, "geometry": {"type": "Point", "coordinates": [116.855162, 6.895368]}}, {"type": "Feature", "properties": {"facility_id": "F0122", "name": "St Peter Sunday School", "amenity": "school", "kind": "school"}, "geometry": {"type": "Point", "coordinates": [116.853644, 6.895226]}}, {"type": "Feature", "properties": {"facility_id": "F0123", "name": "SMK Kudat II", "amenity": "school", "kind": "school"}, "geometry": {"type": "Point", "coordinates": [116.84319, 6.916338]}}, {"type": "Feature", "properties": {"facility_id": "F0124", "name": "Hospital Kudat", "amenity": "hospital", "kind": "health"}, "geometry": {"type": "Point", "coordinates": [116.83781, 6.907793]}}, {"type": "Feature", "properties": {"facility_id": "F0125", "name": "Pei Tsin High School", "amenity": "school", "kind": "school"}, "geometry": {"type": "Point", "coordinates": [116.844325, 6.905889]}}, {"type": "Feature", "properties": {"facility_id": "F0126", "name": "Klinik Lawas Cawangan Sipitang", "amenity": "clinic", "kind": "health"}, "geometry": {"type": "Point", "coordinates": [115.549843, 5.07804]}}, {"type": "Feature", "properties": {"facility_id": "F0127", "name": "Sekolah Kebangsaan Pekan Kinarut", "amenity": "school", "kind": "school"}, "geometry": {"type": "Point", "coordinates": [116.041918, 5.822104]}}, {"type": "Feature", "properties": {"facility_id": "F0128", "name": "Infapro", "amenity": "hospital", "kind": "health"}, "geometry": {"type": "Point", "coordinates": [117.857276, 4.980169]}}, {"type": "Feature", "properties": {"facility_id": "F0129", "name": "SK Kinabaan", "amenity": "school", "kind": "school"}, "geometry": {"type": "Point", "coordinates": [116.390069, 5.728555]}}, {"type": "Feature", "properties": {"facility_id": "F0130", "name": "SK BERUNGIS TUARAN", "amenity": "school", "kind": "school"}, "geometry": {"type": "Point", "coordinates": [116.218235, 6.147823]}}, {"type": "Feature", "properties": {"facility_id": "F0131", "name": "Hospital Kunak", "amenity": "hospital", "kind": "health"}, "geometry": {"type": "Point", "coordinates": [118.232033, 4.677498]}}, {"type": "Feature", "properties": {"facility_id": "F0132", "name": null, "amenity": "school", "kind": "school"}, "geometry": {"type": "Point", "coordinates": [118.578269, 4.562404]}}, {"type": "Feature", "properties": {"facility_id": "F0133", "name": "SK Salinatan", "amenity": "school", "kind": "school"}, "geometry": {"type": "Point", "coordinates": [116.276155, 4.573072]}}, {"type": "Feature", "properties": {"facility_id": "F0134", "name": "Sekolah Kuala Sibangali", "amenity": "school", "kind": "school"}, "geometry": {"type": "Point", "coordinates": [116.261665, 4.509232]}}, {"type": "Feature", "properties": {"facility_id": "F0135", "name": "Sekolah Saliliran", "amenity": "school", "kind": "school"}, "geometry": {"type": "Point", "coordinates": [116.221005, 4.405776]}}, {"type": "Feature", "properties": {"facility_id": "F0136", "name": "SK Sasandukan", "amenity": "school", "kind": "school"}, "geometry": {"type": "Point", "coordinates": [116.501165, 4.479677]}}, {"type": "Feature", "properties": {"facility_id": "F0137", "name": "Sekolah Babalitan", "amenity": "school", "kind": "school"}, "geometry": {"type": "Point", "coordinates": [116.434502, 4.450045]}}, {"type": "Feature", "properties": {"facility_id": "F0138", "name": "SK Ponontomon", "amenity": "school", "kind": "school"}, "geometry": {"type": "Point", "coordinates": [116.265103, 4.879091]}}, {"type": "Feature", "properties": {"facility_id": "F0139", "name": "Sekolah Mamagun", "amenity": "school", "kind": "school"}, "geometry": {"type": "Point", "coordinates": [116.17278, 4.876661]}}, {"type": "Feature", "properties": {"facility_id": "F0140", "name": "Klinik Desa Dalit", "amenity": "clinic", "kind": "health"}, "geometry": {"type": "Point", "coordinates": [116.123697, 5.02065]}}, {"type": "Feature", "properties": {"facility_id": "F0141", "name": "SK SINUA", "amenity": "school", "kind": "school"}, "geometry": {"type": "Point", "coordinates": [116.58026, 5.483065]}}, {"type": "Feature", "properties": {"facility_id": "F0142", "name": "Klinik Kesihatan Mansiat", "amenity": "clinic", "kind": "health"}, "geometry": {"type": "Point", "coordinates": [116.561375, 5.449726]}}, {"type": "Feature", "properties": {"facility_id": "F0143", "name": "Klinik Kesihatan Tulid", "amenity": "clinic", "kind": "health"}, "geometry": {"type": "Point", "coordinates": [116.423538, 5.326868]}}, {"type": "Feature", "properties": {"facility_id": "F0144", "name": "SMK TULID", "amenity": "school", "kind": "school"}, "geometry": {"type": "Point", "coordinates": [116.421759, 5.326249]}}, {"type": "Feature", "properties": {"facility_id": "F0145", "name": "Klinik Kesihatan Sook", "amenity": "clinic", "kind": "health"}, "geometry": {"type": "Point", "coordinates": [116.308688, 5.147923]}}, {"type": "Feature", "properties": {"facility_id": "F0146", "name": "Klinik Kesihatan Pensiangan", "amenity": "clinic", "kind": "health"}, "geometry": {"type": "Point", "coordinates": [116.312099, 4.538098]}}, {"type": "Feature", "properties": {"facility_id": "F0147", "name": "Sekolah Logongon", "amenity": "school", "kind": "school"}, "geometry": {"type": "Point", "coordinates": [116.421461, 4.499895]}}, {"type": "Feature", "properties": {"facility_id": "F0148", "name": "SK Tinanduk", "amenity": "school", "kind": "school"}, "geometry": {"type": "Point", "coordinates": [116.389579, 4.520898]}}, {"type": "Feature", "properties": {"facility_id": "F0149", "name": "Klinik Kesihatan Pagalungan", "amenity": "clinic", "kind": "health"}, "geometry": {"type": "Point", "coordinates": [116.422255, 4.500025]}}, {"type": "Feature", "properties": {"facility_id": "F0150", "name": "SK Salarom", "amenity": "school", "kind": "school"}, "geometry": {"type": "Point", "coordinates": [116.605817, 4.669446]}}, {"type": "Feature", "properties": {"facility_id": "F0151", "name": "SK Pohon Batu", "amenity": "school", "kind": "school"}, "geometry": {"type": "Point", "coordinates": [116.189841, 4.790993]}}, {"type": "Feature", "properties": {"facility_id": "F0152", "name": "SK Simatuoh", "amenity": "school", "kind": "school"}, "geometry": {"type": "Point", "coordinates": [116.556689, 4.671469]}}, {"type": "Feature", "properties": {"facility_id": "F0153", "name": "SK Saliku", "amenity": "school", "kind": "school"}, "geometry": {"type": "Point", "coordinates": [116.589741, 4.459007]}}, {"type": "Feature", "properties": {"facility_id": "F0154", "name": "Klinik Dr. Saijan", "amenity": "clinic", "kind": "health"}, "geometry": {"type": "Point", "coordinates": [116.430375, 6.356689]}}, {"type": "Feature", "properties": {"facility_id": "F0155", "name": "Klinik Komuniti Alapbana Kota Belud", "amenity": "clinic", "kind": "health"}, "geometry": {"type": "Point", "coordinates": [116.428672, 6.358946]}}, {"type": "Feature", "properties": {"facility_id": "F0156", "name": "Klinik Desa Nambayan", "amenity": "clinic", "kind": "health"}, "geometry": {"type": "Point", "coordinates": [116.343299, 5.641559]}}, {"type": "Feature", "properties": {"facility_id": "F0157", "name": "Jesselton International School", "amenity": "school", "kind": "school"}, "geometry": {"type": "Point", "coordinates": [116.110725, 5.991536]}}, {"type": "Feature", "properties": {"facility_id": "F0158", "name": "Persatuan Hemodialisis", "amenity": "clinic", "kind": "health"}, "geometry": {"type": "Point", "coordinates": [116.056291, 5.954695]}}, {"type": "Feature", "properties": {"facility_id": "F0159", "name": "Klinik Kesihatan Kg. Perancangan, Ranau", "amenity": "hospital", "kind": "health"}, "geometry": {"type": "Point", "coordinates": [116.800571, 6.073152]}}, {"type": "Feature", "properties": {"facility_id": "F0160", "name": "Sk. Sagiban Takutan, Ranau", "amenity": "school", "kind": "school"}, "geometry": {"type": "Point", "coordinates": [116.761338, 6.092186]}}, {"type": "Feature", "properties": {"facility_id": "F0161", "name": "Klinik Kesihatan Batu 7 Sandakan", "amenity": "clinic", "kind": "health"}, "geometry": {"type": "Point", "coordinates": [118.054405, 5.879649]}}, {"type": "Feature", "properties": {"facility_id": "F0162", "name": "SK KIAWAYAN", "amenity": "school", "kind": "school"}, "geometry": {"type": "Point", "coordinates": [116.325905, 5.635519]}}, {"type": "Feature", "properties": {"facility_id": "F0163", "name": "Klinik Kesihatan Ibu dan Anak Beluran", "amenity": "clinic", "kind": "health"}, "geometry": {"type": "Point", "coordinates": [117.555031, 5.892643]}}, {"type": "Feature", "properties": {"facility_id": "F0164", "name": "Sekolah Kebangsaan St. Mary Town (M)", "amenity": "school", "kind": "school"}, "geometry": {"type": "Point", "coordinates": [118.098845, 5.861606]}}, {"type": "Feature", "properties": {"facility_id": "F0165", "name": "Sekolah Kebangsaan St. Mary Convent", "amenity": "school", "kind": "school"}, "geometry": {"type": "Point", "coordinates": [118.099549, 5.861577]}}, {"type": "Feature", "properties": {"facility_id": "F0166", "name": "Sekolah Kebangsaan St. Mary Labuk", "amenity": "school", "kind": "school"}, "geometry": {"type": "Point", "coordinates": [118.098834, 5.860951]}}, {"type": "Feature", "properties": {"facility_id": "F0167", "name": "Sekolah Kebangsaan St. Francis Xavier Keningau", "amenity": "school", "kind": "school"}, "geometry": {"type": "Point", "coordinates": [116.153511, 5.330434]}}, {"type": "Feature", "properties": {"facility_id": "F0168", "name": "Klinik Kesihatan Ibu dan Anak Tenom", "amenity": "clinic", "kind": "health"}, "geometry": {"type": "Point", "coordinates": [115.943898, 5.12505]}}, {"type": "Feature", "properties": {"facility_id": "F0169", "name": "Hospital Tenom", "amenity": "hospital", "kind": "health"}, "geometry": {"type": "Point", "coordinates": [115.941266, 5.123305]}}, {"type": "Feature", "properties": {"facility_id": "F0170", "name": "KMI Tawau Medical Centre", "amenity": "hospital", "kind": "health"}, "geometry": {"type": "Point", "coordinates": [117.883692, 4.247092]}}, {"type": "Feature", "properties": {"facility_id": "F0171", "name": "Synergy Specialist Eye Centre", "amenity": "clinic", "kind": "health"}, "geometry": {"type": "Point", "coordinates": [116.107438, 5.966777]}}, {"type": "Feature", "properties": {"facility_id": "F0172", "name": "Klinik Malaysia", "amenity": "clinic", "kind": "health"}, "geometry": {"type": "Point", "coordinates": [116.107078, 5.967631]}}, {"type": "Feature", "properties": {"facility_id": "F0173", "name": "Medisinar Klinik & Surgeri Beaufort", "amenity": "clinic", "kind": "health"}, "geometry": {"type": "Point", "coordinates": [115.733407, 5.353434]}}, {"type": "Feature", "properties": {"facility_id": "F0174", "name": "Katalina Medical Clinic", "amenity": "clinic", "kind": "health"}, "geometry": {"type": "Point", "coordinates": [116.059782, 5.949363]}}, {"type": "Feature", "properties": {"facility_id": "F0175", "name": "Klinik Doctor C. H. Kong", "amenity": "doctors", "kind": "health"}, "geometry": {"type": "Point", "coordinates": [116.090278, 5.962696]}}, {"type": "Feature", "properties": {"facility_id": "F0176", "name": "Richard Wong Optometry Clinic", "amenity": "doctors", "kind": "health"}, "geometry": {"type": "Point", "coordinates": [116.089741, 5.962441]}}, {"type": "Feature", "properties": {"facility_id": "F0177", "name": "Smart Little Beans", "amenity": "school", "kind": "school"}, "geometry": {"type": "Point", "coordinates": [116.090786, 5.961922]}}, {"type": "Feature", "properties": {"facility_id": "F0178", "name": "Klinik Doctor Kheng", "amenity": "clinic", "kind": "health"}, "geometry": {"type": "Point", "coordinates": [116.08925, 5.961729]}}, {"type": "Feature", "properties": {"facility_id": "F0179", "name": "Eyescience Optometrist & Children Vision Centre", "amenity": "doctors", "kind": "health"}, "geometry": {"type": "Point", "coordinates": [116.088908, 5.9623]}}, {"type": "Feature", "properties": {"facility_id": "F0180", "name": "Klinik Desa Biau", "amenity": "clinic", "kind": "health"}, "geometry": {"type": "Point", "coordinates": [115.960539, 5.718035]}}, {"type": "Feature", "properties": {"facility_id": "F0181", "name": "SK Sacred Heart Biau", "amenity": "school", "kind": "school"}, "geometry": {"type": "Point", "coordinates": [115.960485, 5.718798]}}, {"type": "Feature", "properties": {"facility_id": "F0182", "name": "SMK ST Mary Limbahau Papar", "amenity": "school", "kind": "school"}, "geometry": {"type": "Point", "coordinates": [115.947965, 5.715988]}}, {"type": "Feature", "properties": {"facility_id": "F0183", "name": "SK St Mary Limbahau Papar", "amenity": "school", "kind": "school"}, "geometry": {"type": "Point", "coordinates": [115.948274, 5.716695]}}, {"type": "Feature", "properties": {"facility_id": "F0184", "name": "SK Tumunda Salimandut", "amenity": "school", "kind": "school"}, "geometry": {"type": "Point", "coordinates": [116.865019, 6.48719]}}, {"type": "Feature", "properties": {"facility_id": "F0185", "name": "SK Samparita", "amenity": "school", "kind": "school"}, "geometry": {"type": "Point", "coordinates": [116.940847, 6.534385]}}, {"type": "Feature", "properties": {"facility_id": "F0186", "name": "SK Temuno Teringai Darat", "amenity": "school", "kind": "school"}, "geometry": {"type": "Point", "coordinates": [116.663218, 6.669441]}}, {"type": "Feature", "properties": {"facility_id": "F0187", "name": "SK Sampir", "amenity": "school", "kind": "school"}, "geometry": {"type": "Point", "coordinates": [116.705453, 6.653768]}}, {"type": "Feature", "properties": {"facility_id": "F0188", "name": "Little Caliphs Lahad Datu", "amenity": "school", "kind": "school"}, "geometry": {"type": "Point", "coordinates": [118.291453, 5.027605]}}, {"type": "Feature", "properties": {"facility_id": "F0189", "name": "Permai Polyclinics Lahad Datu", "amenity": "clinic", "kind": "health"}, "geometry": {"type": "Point", "coordinates": [118.329999, 5.02174]}}, {"type": "Feature", "properties": {"facility_id": "F0190", "name": "SK PEKAN NABAWAN", "amenity": "school", "kind": "school"}, "geometry": {"type": "Point", "coordinates": [116.437442, 5.03844]}}, {"type": "Feature", "properties": {"facility_id": "F0191", "name": "Klinik Kesihatan Libaran Sandakan", "amenity": "clinic", "kind": "health"}, "geometry": {"type": "Point", "coordinates": [118.016499, 6.109227]}}, {"type": "Feature", "properties": {"facility_id": "F0192", "name": "Raflesia Medical Centre", "amenity": "clinic", "kind": "health"}, "geometry": {"type": "Point", "coordinates": [116.057699, 5.919095]}}, {"type": "Feature", "properties": {"facility_id": "F0193", "name": "Maktab Rendah Sains MARA Ranau", "amenity": "school", "kind": "school"}, "geometry": {"type": "Point", "coordinates": [116.682521, 5.993938]}}, {"type": "Feature", "properties": {"facility_id": "F0194", "name": "Klinik Butiza", "amenity": "clinic", "kind": "health"}, "geometry": {"type": "Point", "coordinates": [118.055357, 5.891948]}}, {"type": "Feature", "properties": {"facility_id": "F0195", "name": "Klinik Sin Onn", "amenity": "clinic", "kind": "health"}, "geometry": {"type": "Point", "coordinates": [117.904771, 4.273759]}}, {"type": "Feature", "properties": {"facility_id": "F0196", "name": "Sekolah Kebangsaan Kinabutan Besar", "amenity": "school", "kind": "school"}, "geometry": {"type": "Point", "coordinates": [117.962937, 4.254466]}}, {"type": "Feature", "properties": {"facility_id": "F0197", "name": "Pusat Hemodialisis Mawar", "amenity": "clinic", "kind": "health"}, "geometry": {"type": "Point", "coordinates": [117.925339, 4.258128]}}, {"type": "Feature", "properties": {"facility_id": "F0198", "name": "Klinik Dr. Lilian Hong", "amenity": "clinic", "kind": "health"}, "geometry": {"type": "Point", "coordinates": [117.899852, 4.260396]}}, {"type": "Feature", "properties": {"facility_id": "F0199", "name": "Sekolah Menengah Kebangsaan Beaufort II", "amenity": "school", "kind": "school"}, "geometry": {"type": "Point", "coordinates": [115.729301, 5.357077]}}, {"type": "Feature", "properties": {"facility_id": "F0200", "name": "Sekolah Kebangsaan St. Paul", "amenity": "school", "kind": "school"}, "geometry": {"type": "Point", "coordinates": [115.743607, 5.347946]}}, {"type": "Feature", "properties": {"facility_id": "F0201", "name": "Klinik Kesihatan Ibu dan Anak Heritage Beaufort", "amenity": "clinic", "kind": "health"}, "geometry": {"type": "Point", "coordinates": [115.741653, 5.348925]}}, {"type": "Feature", "properties": {"facility_id": "F0202", "name": "Medisinar Klinik & Surgeri", "amenity": "clinic", "kind": "health"}, "geometry": {"type": "Point", "coordinates": [116.070393, 5.931072]}}, {"type": "Feature", "properties": {"facility_id": "F0203", "name": "Sabah Care Specialist Clinic", "amenity": "clinic", "kind": "health"}, "geometry": {"type": "Point", "coordinates": [116.070043, 5.932216]}}, {"type": "Feature", "properties": {"facility_id": "F0204", "name": "Klinik & Surgeri Dr Khong", "amenity": "clinic", "kind": "health"}, "geometry": {"type": "Point", "coordinates": [116.07033, 5.932431]}}, {"type": "Feature", "properties": {"facility_id": "F0205", "name": "Sekolah Agama Negeri", "amenity": "school", "kind": "school"}, "geometry": {"type": "Point", "coordinates": [117.558122, 5.896081]}}, {"type": "Feature", "properties": {"facility_id": "F0206", "name": "Premier Polyclinic Kingfisher", "amenity": "clinic", "kind": "health"}, "geometry": {"type": "Point", "coordinates": [116.12072, 6.017806]}}, {"type": "Feature", "properties": {"facility_id": "F0207", "name": "Klinik Sihat", "amenity": "clinic", "kind": "health"}, "geometry": {"type": "Point", "coordinates": [116.120771, 6.017791]}}, {"type": "Feature", "properties": {"facility_id": "F0208", "name": "Poliklinik UMS", "amenity": "clinic", "kind": "health"}, "geometry": {"type": "Point", "coordinates": [116.120751, 6.017432]}}, {"type": "Feature", "properties": {"facility_id": "F0209", "name": "Sekolah Kebangsaan Umas-Umas", "amenity": "school", "kind": "school"}, "geometry": {"type": "Point", "coordinates": [117.661019, 4.474673]}}, {"type": "Feature", "properties": {"facility_id": "F0210", "name": "Sekolah Menengah Kebangsaan Umas-Umas", "amenity": "school", "kind": "school"}, "geometry": {"type": "Point", "coordinates": [117.667377, 4.470979]}}, {"type": "Feature", "properties": {"facility_id": "F0211", "name": "Sekolah Menengah Visi", "amenity": "school", "kind": "school"}, "geometry": {"type": "Point", "coordinates": [118.011344, 4.279606]}}, {"type": "Feature", "properties": {"facility_id": "F0212", "name": "Sekolah Rendah Visi", "amenity": "school", "kind": "school"}, "geometry": {"type": "Point", "coordinates": [118.012379, 4.279644]}}, {"type": "Feature", "properties": {"facility_id": "F0213", "name": "Taman Sri Stella", "amenity": "school", "kind": "school"}, "geometry": {"type": "Point", "coordinates": [117.895909, 4.281469]}}, {"type": "Feature", "properties": {"facility_id": "F0214", "name": "Sekolah Menengah St. Patrick Tawau", "amenity": "school", "kind": "school"}, "geometry": {"type": "Point", "coordinates": [117.889553, 4.278768]}}, {"type": "Feature", "properties": {"facility_id": "F0215", "name": "Sekolah Kebangsaan St. Patrick Tawau", "amenity": "school", "kind": "school"}, "geometry": {"type": "Point", "coordinates": [117.890405, 4.277504]}}, {"type": "Feature", "properties": {"facility_id": "F0216", "name": "Tawau Specialist Medical Centre", "amenity": "hospital", "kind": "health"}, "geometry": {"type": "Point", "coordinates": [117.907943, 4.251894]}}, {"type": "Feature", "properties": {"facility_id": "F0217", "name": "Sekolah Jenis Kebangsaan (Cina) Chung Hwa Sipitang", "amenity": "school", "kind": "school"}, "geometry": {"type": "Point", "coordinates": [115.551323, 5.077602]}}, {"type": "Feature", "properties": {"facility_id": "F0218", "name": "SEKOLAH AGAMA NEGERI PEKAN KUNAK, SABAH", "amenity": "school", "kind": "school"}, "geometry": {"type": "Point", "coordinates": [118.248691, 4.679906]}}, {"type": "Feature", "properties": {"facility_id": "F0219", "name": "Lot No.3, MDKNK 2336, Plaza, 91209 Kunak, Sabah", "amenity": "clinic", "kind": "health"}, "geometry": {"type": "Point", "coordinates": [118.247485, 4.683243]}}, {"type": "Feature", "properties": {"facility_id": "F0220", "name": "SEKOLAH MENENGAH KEBANGSAAN KUNAK JAYA", "amenity": "school", "kind": "school"}, "geometry": {"type": "Point", "coordinates": [118.250139, 4.678838]}}, {"type": "Feature", "properties": {"facility_id": "F0221", "name": "Klinik Dnar", "amenity": "clinic", "kind": "health"}, "geometry": {"type": "Point", "coordinates": [118.247151, 4.683187]}}, {"type": "Feature", "properties": {"facility_id": "F0222", "name": "Poliklinik Fajar Kunak", "amenity": "clinic", "kind": "health"}, "geometry": {"type": "Point", "coordinates": [118.247548, 4.683576]}}, {"type": "Feature", "properties": {"facility_id": "F0223", "name": "Sekolah Kebangsaan Pangi", "amenity": "school", "kind": "school"}, "geometry": {"type": "Point", "coordinates": [118.2833, 4.659873]}}, {"type": "Feature", "properties": {"facility_id": "F0224", "name": "KLINIK PERUMAHAN MESEJ", "amenity": "clinic", "kind": "health"}, "geometry": {"type": "Point", "coordinates": [118.291613, 4.657236]}}, {"type": "Feature", "properties": {"facility_id": "F0225", "name": "MA'AHAD TAHFIZ ASHABUL YAMIN", "amenity": "school", "kind": "school"}, "geometry": {"type": "Point", "coordinates": [118.293159, 4.649071]}}, {"type": "Feature", "properties": {"facility_id": "F0226", "name": "Sekolah Kebangsaan Kunak Jaya", "amenity": "school", "kind": "school"}, "geometry": {"type": "Point", "coordinates": [118.238259, 4.69604]}}, {"type": "Feature", "properties": {"facility_id": "F0227", "name": "KLINIK IBU DAN ANAK DAERAH KUNAK", "amenity": "clinic", "kind": "health"}, "geometry": {"type": "Point", "coordinates": [118.250171, 4.688133]}}, {"type": "Feature", "properties": {"facility_id": "F0228", "name": "SMK NABAWAN", "amenity": "school", "kind": "school"}, "geometry": {"type": "Point", "coordinates": [116.437925, 5.037883]}}, {"type": "Feature", "properties": {"facility_id": "F0229", "name": "SMKA MOHAMAD ALI RANAU, SABAH", "amenity": "school", "kind": "school"}, "geometry": {"type": "Point", "coordinates": [116.705963, 6.008384]}}, {"type": "Feature", "properties": {"facility_id": "F0230", "name": "SEKOLAH KEBANGSAAN LORMALONG", "amenity": "school", "kind": "school"}, "geometry": {"type": "Point", "coordinates": [118.203317, 4.702333]}}, {"type": "Feature", "properties": {"facility_id": "F0231", "name": "Sekolah Kebangsaan Kunak Dua", "amenity": "school", "kind": "school"}, "geometry": {"type": "Point", "coordinates": [118.229429, 4.701049]}}, {"type": "Feature", "properties": {"facility_id": "F0232", "name": "SMK Madai", "amenity": "school", "kind": "school"}, "geometry": {"type": "Point", "coordinates": [118.186552, 4.724551]}}, {"type": "Feature", "properties": {"facility_id": "F0233", "name": "SK Madai", "amenity": "school", "kind": "school"}, "geometry": {"type": "Point", "coordinates": [118.185593, 4.725433]}}, {"type": "Feature", "properties": {"facility_id": "F0234", "name": "Pusat Kesihatan Ladang Tingkayu Sime Darby", "amenity": "hospital", "kind": "health"}, "geometry": {"type": "Point", "coordinates": [118.076089, 4.716865]}}, {"type": "Feature", "properties": {"facility_id": "F0235", "name": "SEKOLAH KEBANGSAAN MOSTYN", "amenity": "school", "kind": "school"}, "geometry": {"type": "Point", "coordinates": [118.193964, 4.660788]}}, {"type": "Feature", "properties": {"facility_id": "F0236", "name": "Sekolah Kebangsaan Batu 4", "amenity": "school", "kind": "school"}, "geometry": {"type": "Point", "coordinates": [117.941912, 4.258573]}}, {"type": "Feature", "properties": {"facility_id": "F0237", "name": "Sekolah Menegah Kebangsaan Jalan Apas", "amenity": "school", "kind": "school"}, "geometry": {"type": "Point", "coordinates": [117.94343, 4.258493]}}, {"type": "Feature", "properties": {"facility_id": "F0238", "name": "Sekolah Menengah Kebangsaan Tawau II", "amenity": "school", "kind": "school"}, "geometry": {"type": "Point", "coordinates": [117.913668, 4.253878]}}, {"type": "Feature", "properties": {"facility_id": "F0239", "name": "Sekolah Kebangsaan Taman Tawau", "amenity": "school", "kind": "school"}, "geometry": {"type": "Point", "coordinates": [117.91259, 4.253629]}}, {"type": "Feature", "properties": {"facility_id": "F0240", "name": "Klinik Kesihatan Simpangan", "amenity": "clinic", "kind": "health"}, "geometry": {"type": "Point", "coordinates": [116.455136, 6.032299]}}, {"type": "Feature", "properties": {"facility_id": "F0241", "name": "Klinik Ung", "amenity": "clinic", "kind": "health"}, "geometry": {"type": "Point", "coordinates": [118.3288, 5.022964]}}, {"type": "Feature", "properties": {"facility_id": "F0242", "name": null, "amenity": "hospital", "kind": "health"}, "geometry": {"type": "Point", "coordinates": [115.74059, 5.35097]}}, {"type": "Feature", "properties": {"facility_id": "F0243", "name": "Madrasah Al Hikmah", "amenity": "school", "kind": "school"}, "geometry": {"type": "Point", "coordinates": [116.111938, 6.003493]}}, {"type": "Feature", "properties": {"facility_id": "F0244", "name": "Stairway to Hope", "amenity": "school", "kind": "school"}, "geometry": {"type": "Point", "coordinates": [116.130152, 5.999325]}}, {"type": "Feature", "properties": {"facility_id": "F0245", "name": "Klinik 1 Malaysia", "amenity": "doctors", "kind": "health"}, "geometry": {"type": "Point", "coordinates": [116.050434, 5.894533]}}, {"type": "Feature", "properties": {"facility_id": "F0246", "name": "GiatMara", "amenity": "school", "kind": "school"}, "geometry": {"type": "Point", "coordinates": [116.070641, 5.931024]}}, {"type": "Feature", "properties": {"facility_id": "F0247", "name": "SK Nampasan, Ranau", "amenity": "school", "kind": "school"}, "geometry": {"type": "Point", "coordinates": [116.657848, 5.868349]}}, {"type": "Feature", "properties": {"facility_id": "F0248", "name": "SK Pekan Kota Belud", "amenity": "school", "kind": "school"}, "geometry": {"type": "Point", "coordinates": [116.426765, 6.343908]}}, {"type": "Feature", "properties": {"facility_id": "F0249", "name": "Klinik Mutiara", "amenity": "clinic", "kind": "health"}, "geometry": {"type": "Point", "coordinates": [116.134063, 5.992806]}}, {"type": "Feature", "properties": {"facility_id": "F0250", "name": "Uni klinik", "amenity": "clinic", "kind": "health"}, "geometry": {"type": "Point", "coordinates": [116.430092, 6.357045]}}, {"type": "Feature", "properties": {"facility_id": "F0251", "name": null, "amenity": "clinic", "kind": "health"}, "geometry": {"type": "Point", "coordinates": [116.429596, 6.355798]}}, {"type": "Feature", "properties": {"facility_id": "F0252", "name": null, "amenity": "school", "kind": "school"}, "geometry": {"type": "Point", "coordinates": [116.444186, 6.359045]}}, {"type": "Feature", "properties": {"facility_id": "F0253", "name": null, "amenity": "clinic", "kind": "health"}, "geometry": {"type": "Point", "coordinates": [116.071112, 5.976612]}}, {"type": "Feature", "properties": {"facility_id": "F0254", "name": "Sekolah Kebangsaan Liau Apin-Apin", "amenity": "school", "kind": "school"}, "geometry": {"type": "Point", "coordinates": [116.228943, 5.422614]}}, {"type": "Feature", "properties": {"facility_id": "F0255", "name": "Sekolah Kebangsaan Membulu", "amenity": "school", "kind": "school"}, "geometry": {"type": "Point", "coordinates": [116.136153, 5.236152]}}, {"type": "Feature", "properties": {"facility_id": "F0256", "name": "Sekolah Kebangsaan Pulau Bait", "amenity": "school", "kind": "school"}, "geometry": {"type": "Point", "coordinates": [118.535346, 4.537546]}}, {"type": "Feature", "properties": {"facility_id": "F0257", "name": "Sekolah Kebangsaan Pulau Larapan", "amenity": "school", "kind": "school"}, "geometry": {"type": "Point", "coordinates": [118.599874, 4.557225]}}, {"type": "Feature", "properties": {"facility_id": "F0258", "name": "Queen Elizabeth Hospital", "amenity": "hospital", "kind": "health"}, "geometry": {"type": "Point", "coordinates": [116.073358, 5.956629]}}, {"type": "Feature", "properties": {"facility_id": "F0259", "name": null, "amenity": "school", "kind": "school"}, "geometry": {"type": "Point", "coordinates": [116.208515, 6.107192]}}, {"type": "Feature", "properties": {"facility_id": "F0260", "name": null, "amenity": "school", "kind": "school"}, "geometry": {"type": "Point", "coordinates": [116.210816, 6.108193]}}, {"type": "Feature", "properties": {"facility_id": "F0261", "name": null, "amenity": "school", "kind": "school"}, "geometry": {"type": "Point", "coordinates": [118.38365, 5.687452]}}, {"type": "Feature", "properties": {"facility_id": "F0262", "name": null, "amenity": "school", "kind": "school"}, "geometry": {"type": "Point", "coordinates": [118.383713, 5.687767]}}, {"type": "Feature", "properties": {"facility_id": "F0263", "name": "SRK Sacred Heart", "amenity": "school", "kind": "school"}, "geometry": {"type": "Point", "coordinates": [116.071641, 5.964656]}}, {"type": "Feature", "properties": {"facility_id": "F0264", "name": "SMK Putatan", "amenity": "school", "kind": "school"}, "geometry": {"type": "Point", "coordinates": [116.042942, 5.893573]}}, {"type": "Feature", "properties": {"facility_id": "F0265", "name": "SK PEKAN PUTATAN", "amenity": "school", "kind": "school"}, "geometry": {"type": "Point", "coordinates": [116.042381, 5.89525]}}, {"type": "Feature", "properties": {"facility_id": "F0266", "name": "SM Stella Maris (M)", "amenity": "school", "kind": "school"}, "geometry": {"type": "Point", "coordinates": [116.05094, 5.953915]}}, {"type": "Feature", "properties": {"facility_id": "F0267", "name": "Sabah Tshung Tsin Secondary School", "amenity": "school", "kind": "school"}, "geometry": {"type": "Point", "coordinates": [116.094225, 5.97287]}}, {"type": "Feature", "properties": {"facility_id": "F0268", "name": "Tadika Tze Yu", "amenity": "school", "kind": "school"}, "geometry": {"type": "Point", "coordinates": [116.07458, 5.96544]}}, {"type": "Feature", "properties": {"facility_id": "F0269", "name": "Taska Tze Yu", "amenity": "school", "kind": "school"}, "geometry": {"type": "Point", "coordinates": [116.075085, 5.966437]}}, {"type": "Feature", "properties": {"facility_id": "F0270", "name": "SM St Francis Convent", "amenity": "school", "kind": "school"}, "geometry": {"type": "Point", "coordinates": [116.076288, 5.964445]}}, {"type": "Feature", "properties": {"facility_id": "F0271", "name": null, "amenity": "school", "kind": "school"}, "geometry": {"type": "Point", "coordinates": [116.138383, 5.990936]}}, {"type": "Feature", "properties": {"facility_id": "F0272", "name": "SK Yick Nam", "amenity": "school", "kind": "school"}, "geometry": {"type": "Point", "coordinates": [116.138616, 5.990439]}}, {"type": "Feature", "properties": {"facility_id": "F0273", "name": "SK Yick Nam", "amenity": "school", "kind": "school"}, "geometry": {"type": "Point", "coordinates": [116.138126, 5.991059]}}, {"type": "Feature", "properties": {"facility_id": "F0274", "name": null, "amenity": "school", "kind": "school"}, "geometry": {"type": "Point", "coordinates": [116.138219, 5.991294]}}, {"type": "Feature", "properties": {"facility_id": "F0275", "name": null, "amenity": "school", "kind": "school"}, "geometry": {"type": "Point", "coordinates": [116.138294, 5.991182]}}, {"type": "Feature", "properties": {"facility_id": "F0276", "name": "Permai Polyclinic", "amenity": "hospital", "kind": "health"}, "geometry": {"type": "Point", "coordinates": [116.089458, 5.946999]}}, {"type": "Feature", "properties": {"facility_id": "F0277", "name": null, "amenity": "school", "kind": "school"}, "geometry": {"type": "Point", "coordinates": [116.052313, 5.953101]}}, {"type": "Feature", "properties": {"facility_id": "F0278", "name": "SJK Yue Min", "amenity": "school", "kind": "school"}, "geometry": {"type": "Point", "coordinates": [116.099177, 5.917939]}}, {"type": "Feature", "properties": {"facility_id": "F0279", "name": "SMK Bahang", "amenity": "school", "kind": "school"}, "geometry": {"type": "Point", "coordinates": [116.088379, 5.924383]}}, {"type": "Feature", "properties": {"facility_id": "F0280", "name": "SM ShanToa", "amenity": "school", "kind": "school"}, "geometry": {"type": "Point", "coordinates": [116.102091, 5.982835]}}, {"type": "Feature", "properties": {"facility_id": "F0281", "name": "SRJK St James", "amenity": "school", "kind": "school"}, "geometry": {"type": "Point", "coordinates": [116.102546, 5.983623]}}, {"type": "Feature", "properties": {"facility_id": "F0282", "name": "SJK (C) Chung Hwa Likas", "amenity": "school", "kind": "school"}, "geometry": {"type": "Point", "coordinates": [116.103452, 5.98704]}}, {"type": "Feature", "properties": {"facility_id": "F0283", "name": "SK St. Agnes", "amenity": "school", "kind": "school"}, "geometry": {"type": "Point", "coordinates": [116.104838, 5.991079]}}, {"type": "Feature", "properties": {"facility_id": "F0284", "name": "S.M.K Lok Yuk", "amenity": "school", "kind": "school"}, "geometry": {"type": "Point", "coordinates": [116.099691, 5.987547]}}, {"type": "Feature", "properties": {"facility_id": "F0285", "name": "SRK Lok Yuk", "amenity": "school", "kind": "school"}, "geometry": {"type": "Point", "coordinates": [116.100612, 5.988372]}}, {"type": "Feature", "properties": {"facility_id": "F0286", "name": "Gleneagles Kota Kinabalu", "amenity": "hospital", "kind": "health"}, "geometry": {"type": "Point", "coordinates": [116.064031, 5.968282]}}, {"type": "Feature", "properties": {"facility_id": "F0287", "name": null, "amenity": "school", "kind": "school"}, "geometry": {"type": "Point", "coordinates": [116.115523, 5.986614]}}, {"type": "Feature", "properties": {"facility_id": "F0288", "name": "Klinik Kesihatan Ibu dan Anak Pekan Kota Kinabalu", "amenity": "clinic", "kind": "health"}, "geometry": {"type": "Point", "coordinates": [116.075599, 5.979902]}}, {"type": "Feature", "properties": {"facility_id": "F0289", "name": "Tadika chung Hwa likas", "amenity": "school", "kind": "school"}, "geometry": {"type": "Point", "coordinates": [116.099769, 5.98317]}}, {"type": "Feature", "properties": {"facility_id": "F0290", "name": "Hospital Kota Marudu", "amenity": "hospital", "kind": "health"}, "geometry": {"type": "Point", "coordinates": [116.773896, 6.45704]}}, {"type": "Feature", "properties": {"facility_id": "F0291", "name": "SMK Usukan", "amenity": "school", "kind": "school"}, "geometry": {"type": "Point", "coordinates": [116.387111, 6.4031]}}, {"type": "Feature", "properties": {"facility_id": "F0292", "name": "SRJK (C) Chung Hwa", "amenity": "school", "kind": "school"}, "geometry": {"type": "Point", "coordinates": [116.269439, 6.136901]}}, {"type": "Feature", "properties": {"facility_id": "F0293", "name": "SRJK (C) Lok Yuk", "amenity": "school", "kind": "school"}, "geometry": {"type": "Point", "coordinates": [116.100205, 5.986497]}}, {"type": "Feature", "properties": {"facility_id": "F0294", "name": "SMK Likas", "amenity": "school", "kind": "school"}, "geometry": {"type": "Point", "coordinates": [116.0982, 5.983129]}}, {"type": "Feature", "properties": {"facility_id": "F0295", "name": "SMK Perempuan Likas", "amenity": "school", "kind": "school"}, "geometry": {"type": "Point", "coordinates": [116.09828, 5.983831]}}, {"type": "Feature", "properties": {"facility_id": "F0296", "name": "SM Teknik Likas", "amenity": "school", "kind": "school"}, "geometry": {"type": "Point", "coordinates": [116.098413, 5.985949]}}, {"type": "Feature", "properties": {"facility_id": "F0297", "name": "Klinik Kesihatan Luyang", "amenity": "clinic", "kind": "health"}, "geometry": {"type": "Point", "coordinates": [116.091038, 5.946313]}}, {"type": "Feature", "properties": {"facility_id": "F0298", "name": "Pusat Rawatan Warga (UMS)", "amenity": "clinic", "kind": "health"}, "geometry": {"type": "Point", "coordinates": [116.12612, 6.040949]}}, {"type": "Feature", "properties": {"facility_id": "F0299", "name": "Hospital Universiti Malaysia Sabah", "amenity": "hospital", "kind": "health"}, "geometry": {"type": "Point", "coordinates": [116.129054, 6.048946]}}, {"type": "Feature", "properties": {"facility_id": "F0300", "name": null, "amenity": "school", "kind": "school"}, "geometry": {"type": "Point", "coordinates": [116.119415, 6.033235]}}, {"type": "Feature", "properties": {"facility_id": "F0301", "name": null, "amenity": "school", "kind": "school"}, "geometry": {"type": "Point", "coordinates": [116.119487, 6.032275]}}, {"type": "Feature", "properties": {"facility_id": "F0302", "name": null, "amenity": "school", "kind": "school"}, "geometry": {"type": "Point", "coordinates": [116.119165, 6.03209]}}, {"type": "Feature", "properties": {"facility_id": "F0303", "name": null, "amenity": "school", "kind": "school"}, "geometry": {"type": "Point", "coordinates": [116.118034, 6.032762]}}, {"type": "Feature", "properties": {"facility_id": "F0304", "name": null, "amenity": "school", "kind": "school"}, "geometry": {"type": "Point", "coordinates": [116.113552, 6.033868]}}, {"type": "Feature", "properties": {"facility_id": "F0305", "name": null, "amenity": "school", "kind": "school"}, "geometry": {"type": "Point", "coordinates": [116.128757, 6.03916]}}, {"type": "Feature", "properties": {"facility_id": "F0306", "name": "Sekolah Kebangsaan Pulau Gaya", "amenity": "school", "kind": "school"}, "geometry": {"type": "Point", "coordinates": [116.060896, 6.001059]}}, {"type": "Feature", "properties": {"facility_id": "F0307", "name": "SK Nyaris-Nyaris", "amenity": "school", "kind": "school"}, "geometry": {"type": "Point", "coordinates": [115.870439, 5.542903]}}, {"type": "Feature", "properties": {"facility_id": "F0308", "name": null, "amenity": "school", "kind": "school"}, "geometry": {"type": "Point", "coordinates": [115.932993, 5.686725]}}, {"type": "Feature", "properties": {"facility_id": "F0309", "name": "Sekolah Agama Pantai Manis", "amenity": "school", "kind": "school"}, "geometry": {"type": "Point", "coordinates": [115.901075, 5.743335]}}, {"type": "Feature", "properties": {"facility_id": "F0310", "name": null, "amenity": "school", "kind": "school"}, "geometry": {"type": "Point", "coordinates": [116.033564, 5.806684]}}, {"type": "Feature", "properties": {"facility_id": "F0311", "name": "Sekolah Menengah Kebangsaan Agama Tun Datu Mustapha", "amenity": "school", "kind": "school"}, "geometry": {"type": "Point", "coordinates": [116.032385, 5.803475]}}, {"type": "Feature", "properties": {"facility_id": "F0312", "name": "SMK Kemburongoh, Ranau", "amenity": "school", "kind": "school"}, "geometry": {"type": "Point", "coordinates": [116.555374, 5.915948]}}, {"type": "Feature", "properties": {"facility_id": "F0313", "name": "Klinik Ibu dan Anak Kundasang", "amenity": "clinic", "kind": "health"}, "geometry": {"type": "Point", "coordinates": [116.578664, 5.990098]}}, {"type": "Feature", "properties": {"facility_id": "F0314", "name": "Lahad Datu Middle School \u6c99\u5df4\u62ff\u7b03\u4e2d\u5b66", "amenity": "school", "kind": "school"}, "geometry": {"type": "Point", "coordinates": [118.31168, 5.031245]}}, {"type": "Feature", "properties": {"facility_id": "F0315", "name": "Sekolah Jenis Kebangsaan (Cina) Siew Ching", "amenity": "school", "kind": "school"}, "geometry": {"type": "Point", "coordinates": [118.330341, 5.027729]}}, {"type": "Feature", "properties": {"facility_id": "F0316", "name": "Hospital Ranau", "amenity": "hospital", "kind": "health"}, "geometry": {"type": "Point", "coordinates": [116.670847, 5.954105]}}, {"type": "Feature", "properties": {"facility_id": "F0317", "name": "SK Taginambur", "amenity": "school", "kind": "school"}, "geometry": {"type": "Point", "coordinates": [116.449491, 6.229763]}}, {"type": "Feature", "properties": {"facility_id": "F0318", "name": "SMK Narinang", "amenity": "school", "kind": "school"}, "geometry": {"type": "Point", "coordinates": [116.449505, 6.217676]}}, {"type": "Feature", "properties": {"facility_id": "F0319", "name": "SK Pinolobu", "amenity": "school", "kind": "school"}, "geometry": {"type": "Point", "coordinates": [116.490597, 6.258813]}}, {"type": "Feature", "properties": {"facility_id": "F0320", "name": "Hospital Daerah Kota Belud", "amenity": "hospital", "kind": "health"}, "geometry": {"type": "Point", "coordinates": [116.425765, 6.346408]}}, {"type": "Feature", "properties": {"facility_id": "F0321", "name": "SK St. Edmund", "amenity": "school", "kind": "school"}, "geometry": {"type": "Point", "coordinates": [116.427219, 6.341375]}}, {"type": "Feature", "properties": {"facility_id": "F0322", "name": "SMK Arshad", "amenity": "school", "kind": "school"}, "geometry": {"type": "Point", "coordinates": [116.424834, 6.343202]}}, {"type": "Feature", "properties": {"facility_id": "F0323", "name": "SMK Tambulion", "amenity": "school", "kind": "school"}, "geometry": {"type": "Point", "coordinates": [116.461541, 6.331867]}}, {"type": "Feature", "properties": {"facility_id": "F0324", "name": "SK Tengkurus", "amenity": "school", "kind": "school"}, "geometry": {"type": "Point", "coordinates": [116.525257, 6.311065]}}, {"type": "Feature", "properties": {"facility_id": "F0325", "name": "Klinik Kesihatan Taginambur", "amenity": "clinic", "kind": "health"}, "geometry": {"type": "Point", "coordinates": [116.449055, 6.226518]}}, {"type": "Feature", "properties": {"facility_id": "F0326", "name": "SK Kebayau", "amenity": "school", "kind": "school"}, "geometry": {"type": "Point", "coordinates": [116.444127, 6.148022]}}, {"type": "Feature", "properties": {"facility_id": "F0327", "name": "SK Melangkap", "amenity": "school", "kind": "school"}, "geometry": {"type": "Point", "coordinates": [116.480729, 6.16768]}}, {"type": "Feature", "properties": {"facility_id": "F0328", "name": "SK Gansurai", "amenity": "school", "kind": "school"}, "geometry": {"type": "Point", "coordinates": [116.470675, 6.193316]}}, {"type": "Feature", "properties": {"facility_id": "F0329", "name": "SK Narinang", "amenity": "school", "kind": "school"}, "geometry": {"type": "Point", "coordinates": [116.446175, 6.184153]}}, {"type": "Feature", "properties": {"facility_id": "F0330", "name": "SK Kaung", "amenity": "school", "kind": "school"}, "geometry": {"type": "Point", "coordinates": [116.457941, 6.074294]}}, {"type": "Feature", "properties": {"facility_id": "F0331", "name": "SK Tamu Darat", "amenity": "school", "kind": "school"}, "geometry": {"type": "Point", "coordinates": [116.454517, 6.263728]}}, {"type": "Feature", "properties": {"facility_id": "F0332", "name": "SK Mengkulat", "amenity": "school", "kind": "school"}, "geometry": {"type": "Point", "coordinates": [116.476161, 6.246968]}}, {"type": "Feature", "properties": {"facility_id": "F0333", "name": "SK Tambatuon", "amenity": "school", "kind": "school"}, "geometry": {"type": "Point", "coordinates": [116.453004, 6.122742]}}, {"type": "Feature", "properties": {"facility_id": "F0334", "name": "SK Podos", "amenity": "school", "kind": "school"}, "geometry": {"type": "Point", "coordinates": [116.485042, 6.224922]}}, {"type": "Feature", "properties": {"facility_id": "F0335", "name": "SK Tuguson", "amenity": "school", "kind": "school"}, "geometry": {"type": "Point", "coordinates": [116.444659, 6.239397]}}, {"type": "Feature", "properties": {"facility_id": "F0336", "name": "SK Tambulion", "amenity": "school", "kind": "school"}, "geometry": {"type": "Point", "coordinates": [116.466421, 6.34222]}}, {"type": "Feature", "properties": {"facility_id": "F0337", "name": "SK Lasau Podi", "amenity": "school", "kind": "school"}, "geometry": {"type": "Point", "coordinates": [116.600872, 6.315987]}}, {"type": "Feature", "properties": {"facility_id": "F0338", "name": "SK Sayap", "amenity": "school", "kind": "school"}, "geometry": {"type": "Point", "coordinates": [116.556329, 6.205444]}}, {"type": "Feature", "properties": {"facility_id": "F0339", "name": "SK Terintidon", "amenity": "school", "kind": "school"}, "geometry": {"type": "Point", "coordinates": [116.540966, 6.239086]}}, {"type": "Feature", "properties": {"facility_id": "F0340", "name": "SK Nahaba", "amenity": "school", "kind": "school"}, "geometry": {"type": "Point", "coordinates": [116.515609, 6.293441]}}, {"type": "Feature", "properties": {"facility_id": "F0341", "name": "SK Rosok", "amenity": "school", "kind": "school"}, "geometry": {"type": "Point", "coordinates": [116.532267, 6.396171]}}, {"type": "Feature", "properties": {"facility_id": "F0342", "name": "SK Bangkahak Baru", "amenity": "school", "kind": "school"}, "geometry": {"type": "Point", "coordinates": [116.50485, 6.391924]}}, {"type": "Feature", "properties": {"facility_id": "F0343", "name": "SK Kolapis", "amenity": "school", "kind": "school"}, "geometry": {"type": "Point", "coordinates": [117.616595, 5.896031]}}, {"type": "Feature", "properties": {"facility_id": "F0344", "name": "Sekolah Kebangsaan Pekan Beluran", "amenity": "school", "kind": "school"}, "geometry": {"type": "Point", "coordinates": [117.55725, 5.89454]}}, {"type": "Feature", "properties": {"facility_id": "F0345", "name": "Hospital Beluran", "amenity": "hospital", "kind": "health"}, "geometry": {"type": "Point", "coordinates": [117.554824, 5.893689]}}, {"type": "Feature", "properties": {"facility_id": "F0346", "name": "SK Ranglalau", "amenity": "school", "kind": "school"}, "geometry": {"type": "Point", "coordinates": [116.438537, 6.307671]}}, {"type": "Feature", "properties": {"facility_id": "F0347", "name": "SK Lasau Tintapon", "amenity": "school", "kind": "school"}, "geometry": {"type": "Point", "coordinates": [116.423233, 6.287055]}}, {"type": "Feature", "properties": {"facility_id": "F0348", "name": null, "amenity": "hospital", "kind": "health"}, "geometry": {"type": "Point", "coordinates": [116.444452, 5.049932]}}, {"type": "Feature", "properties": {"facility_id": "F0349", "name": "Hospital Keningau", "amenity": "hospital", "kind": "health"}, "geometry": {"type": "Point", "coordinates": [116.181317, 5.3713]}}, {"type": "Feature", "properties": {"facility_id": "F0350", "name": "SMK Pekan Kota Belud", "amenity": "school", "kind": "school"}, "geometry": {"type": "Point", "coordinates": [116.433986, 6.356285]}}, {"type": "Feature", "properties": {"facility_id": "F0351", "name": "Sekolah Agama Negeri Pekan Kota Belud", "amenity": "school", "kind": "school"}, "geometry": {"type": "Point", "coordinates": [116.430473, 6.352512]}}, {"type": "Feature", "properties": {"facility_id": "F0352", "name": "Klinik Kesihatan Ibu dan Anak", "amenity": "clinic", "kind": "health"}, "geometry": {"type": "Point", "coordinates": [116.431483, 6.34619]}}, {"type": "Feature", "properties": {"facility_id": "F0353", "name": "SK Kinasaraban", "amenity": "school", "kind": "school"}, "geometry": {"type": "Point", "coordinates": [116.399732, 6.332058]}}, {"type": "Feature", "properties": {"facility_id": "F0354", "name": "SMK Agama Tun Said", "amenity": "school", "kind": "school"}, "geometry": {"type": "Point", "coordinates": [116.398696, 6.340812]}}, {"type": "Feature", "properties": {"facility_id": "F0355", "name": "SK Piasau", "amenity": "school", "kind": "school"}, "geometry": {"type": "Point", "coordinates": [116.439036, 6.334146]}}, {"type": "Feature", "properties": {"facility_id": "F0356", "name": "SK Kolombong", "amenity": "school", "kind": "school"}, "geometry": {"type": "Point", "coordinates": [116.130253, 5.980963]}}, {"type": "Feature", "properties": {"facility_id": "F0357", "name": "SMK Kolombong", "amenity": "school", "kind": "school"}, "geometry": {"type": "Point", "coordinates": [116.131797, 5.981061]}}, {"type": "Feature", "properties": {"facility_id": "F0358", "name": "SMK Taun Gusi II", "amenity": "school", "kind": "school"}, "geometry": {"type": "Point", "coordinates": [116.489476, 6.440429]}}, {"type": "Feature", "properties": {"facility_id": "F0359", "name": "SK Nanamun", "amenity": "school", "kind": "school"}, "geometry": {"type": "Point", "coordinates": [116.500221, 6.495911]}}, {"type": "Feature", "properties": {"facility_id": "F0360", "name": "SK Tamau", "amenity": "school", "kind": "school"}, "geometry": {"type": "Point", "coordinates": [116.417426, 6.423709]}}, {"type": "Feature", "properties": {"facility_id": "F0361", "name": "SK Kayangat", "amenity": "school", "kind": "school"}, "geometry": {"type": "Point", "coordinates": [116.373964, 6.252045]}}, {"type": "Feature", "properties": {"facility_id": "F0362", "name": "SK (C) Chung Hwa Tenghilan", "amenity": "school", "kind": "school"}, "geometry": {"type": "Point", "coordinates": [116.335235, 6.257626]}}, {"type": "Feature", "properties": {"facility_id": "F0363", "name": "SMK Tenghilan", "amenity": "school", "kind": "school"}, "geometry": {"type": "Point", "coordinates": [116.333699, 6.257978]}}, {"type": "Feature", "properties": {"facility_id": "F0364", "name": "SK St. James", "amenity": "school", "kind": "school"}, "geometry": {"type": "Point", "coordinates": [116.345512, 6.249648]}}, {"type": "Feature", "properties": {"facility_id": "F0365", "name": "SMK St. James", "amenity": "school", "kind": "school"}, "geometry": {"type": "Point", "coordinates": [116.344865, 6.249612]}}, {"type": "Feature", "properties": {"facility_id": "F0366", "name": "SK Pekan Tenghilan", "amenity": "school", "kind": "school"}, "geometry": {"type": "Point", "coordinates": [116.337491, 6.256695]}}, {"type": "Feature", "properties": {"facility_id": "F0367", "name": "SK Melangkap", "amenity": "school", "kind": "school"}, "geometry": {"type": "Point", "coordinates": [116.780261, 6.287654]}}, {"type": "Feature", "properties": {"facility_id": "F0368", "name": "SK Marak Parak", "amenity": "school", "kind": "school"}, "geometry": {"type": "Point", "coordinates": [116.737464, 6.316101]}}, {"type": "Feature", "properties": {"facility_id": "F0369", "name": "SK Sunsui", "amenity": "school", "kind": "school"}, "geometry": {"type": "Point", "coordinates": [116.771789, 6.385997]}}, {"type": "Feature", "properties": {"facility_id": "F0370", "name": "SK Pinangkau", "amenity": "school", "kind": "school"}, "geometry": {"type": "Point", "coordinates": [117.29596, 6.524634]}}, {"type": "Feature", "properties": {"facility_id": "F0371", "name": "SK Jambongan", "amenity": "school", "kind": "school"}, "geometry": {"type": "Point", "coordinates": [117.473072, 6.748824]}}, {"type": "Feature", "properties": {"facility_id": "F0372", "name": "SK Pekan Ranau", "amenity": "school", "kind": "school"}, "geometry": {"type": "Point", "coordinates": [116.669801, 5.952876]}}, {"type": "Feature", "properties": {"facility_id": "F0373", "name": "SMK Mat Salleh", "amenity": "school", "kind": "school"}, "geometry": {"type": "Point", "coordinates": [116.669645, 5.950991]}}, {"type": "Feature", "properties": {"facility_id": "F0374", "name": "SJK (C) Pai Wen", "amenity": "school", "kind": "school"}, "geometry": {"type": "Point", "coordinates": [116.665461, 5.948334]}}, {"type": "Feature", "properties": {"facility_id": "F0375", "name": "SK Bawang", "amenity": "school", "kind": "school"}, "geometry": {"type": "Point", "coordinates": [117.360322, 6.483703]}}, {"type": "Feature", "properties": {"facility_id": "F0376", "name": "SK Tanjung Nipis", "amenity": "school", "kind": "school"}, "geometry": {"type": "Point", "coordinates": [117.427746, 6.433969]}}, {"type": "Feature", "properties": {"facility_id": "F0377", "name": "SK Kabuluh", "amenity": "school", "kind": "school"}, "geometry": {"type": "Point", "coordinates": [117.386634, 6.398808]}}, {"type": "Feature", "properties": {"facility_id": "F0378", "name": "SK Sungai Sungai", "amenity": "school", "kind": "school"}, "geometry": {"type": "Point", "coordinates": [117.369637, 6.250027]}}, {"type": "Feature", "properties": {"facility_id": "F0379", "name": "SK Binsulung", "amenity": "school", "kind": "school"}, "geometry": {"type": "Point", "coordinates": [117.317275, 6.279604]}}, {"type": "Feature", "properties": {"facility_id": "F0380", "name": "SRS Datuk Simon Fung", "amenity": "school", "kind": "school"}, "geometry": {"type": "Point", "coordinates": [116.12341, 6.01869]}}, {"type": "Feature", "properties": {"facility_id": "F0381", "name": "Maktab Nasional", "amenity": "school", "kind": "school"}, "geometry": {"type": "Point", "coordinates": [116.122645, 6.018021]}}, {"type": "Feature", "properties": {"facility_id": "F0382", "name": "Klinik Kesihatan Ibu Dan Anak", "amenity": "clinic", "kind": "health"}, "geometry": {"type": "Point", "coordinates": [116.074056, 5.958773]}}, {"type": "Feature", "properties": {"facility_id": "F0383", "name": "SK Lingkabau", "amenity": "school", "kind": "school"}, "geometry": {"type": "Point", "coordinates": [117.197827, 6.166076]}}, {"type": "Feature", "properties": {"facility_id": "F0384", "name": "SK Karagasan", "amenity": "school", "kind": "school"}, "geometry": {"type": "Point", "coordinates": [117.009971, 6.114186]}}, {"type": "Feature", "properties": {"facility_id": "F0385", "name": "SMK Ulu Sugut (Malinsau)", "amenity": "school", "kind": "school"}, "geometry": {"type": "Point", "coordinates": [116.974713, 6.093635]}}, {"type": "Feature", "properties": {"facility_id": "F0386", "name": "SK Basai Baru", "amenity": "school", "kind": "school"}, "geometry": {"type": "Point", "coordinates": [117.325737, 6.057687]}}, {"type": "Feature", "properties": {"facility_id": "F0387", "name": "Sekolah Kebangsaan St. Benedict", "amenity": "school", "kind": "school"}, "geometry": {"type": "Point", "coordinates": [116.662437, 5.954725]}}, {"type": "Feature", "properties": {"facility_id": "F0388", "name": "Sekolah Menengah Kebangsaan Ranau", "amenity": "school", "kind": "school"}, "geometry": {"type": "Point", "coordinates": [116.673561, 5.974863]}}, {"type": "Feature", "properties": {"facility_id": "F0389", "name": "S.K Kilimu", "amenity": "school", "kind": "school"}, "geometry": {"type": "Point", "coordinates": [116.683504, 5.979652]}}, {"type": "Feature", "properties": {"facility_id": "F0390", "name": "Sekolah Menengah Kebangsaan Tawau", "amenity": "school", "kind": "school"}, "geometry": {"type": "Point", "coordinates": [117.889251, 4.262851]}}, {"type": "Feature", "properties": {"facility_id": "F0391", "name": "Sekolah Kebangsaan Sentosa", "amenity": "school", "kind": "school"}, "geometry": {"type": "Point", "coordinates": [117.92443, 4.273501]}}, {"type": "Feature", "properties": {"facility_id": "F0392", "name": "Sekolah Kebangsaan Kem Kabota Tawau", "amenity": "school", "kind": "school"}, "geometry": {"type": "Point", "coordinates": [117.918162, 4.262524]}}, {"type": "Feature", "properties": {"facility_id": "F0393", "name": "Sekolah Kebangsaan Bandar Tawau", "amenity": "school", "kind": "school"}, "geometry": {"type": "Point", "coordinates": [117.884723, 4.258126]}}, {"type": "Feature", "properties": {"facility_id": "F0394", "name": "Sabah Chinese High School", "amenity": "school", "kind": "school"}, "geometry": {"type": "Point", "coordinates": [117.911609, 4.261621]}}, {"type": "Feature", "properties": {"facility_id": "F0395", "name": "S.J.K.(C) Hing Hwa", "amenity": "school", "kind": "school"}, "geometry": {"type": "Point", "coordinates": [117.904962, 4.270452]}}, {"type": "Feature", "properties": {"facility_id": "F0396", "name": "Sekolah Menengah Kebangsaan Titingan", "amenity": "school", "kind": "school"}, "geometry": {"type": "Point", "coordinates": [117.908782, 4.248029]}}, {"type": "Feature", "properties": {"facility_id": "F0397", "name": "Sekolah Kebangsaan Holy Trinity", "amenity": "school", "kind": "school"}, "geometry": {"type": "Point", "coordinates": [117.891447, 4.254255]}}, {"type": "Feature", "properties": {"facility_id": "F0398", "name": "Sekolah Menengah Kebangsaan Konven St. Ursula", "amenity": "school", "kind": "school"}, "geometry": {"type": "Point", "coordinates": [117.890238, 4.254221]}}, {"type": "Feature", "properties": {"facility_id": "F0399", "name": "Sekolah Kebangsaan Kampung Titingan", "amenity": "school", "kind": "school"}, "geometry": {"type": "Point", "coordinates": [117.907696, 4.245243]}}, {"type": "Feature", "properties": {"facility_id": "F0400", "name": null, "amenity": "school", "kind": "school"}, "geometry": {"type": "Point", "coordinates": [117.912851, 4.253881]}}, {"type": "Feature", "properties": {"facility_id": "F0401", "name": "Tuaran Hospital", "amenity": "hospital", "kind": "health"}, "geometry": {"type": "Point", "coordinates": [116.219077, 6.143665]}}, {"type": "Feature", "properties": {"facility_id": "F0402", "name": "Sekolah Menengah Sains Sabah", "amenity": "school", "kind": "school"}, "geometry": {"type": "Point", "coordinates": [116.229774, 6.177133]}}, {"type": "Feature", "properties": {"facility_id": "F0403", "name": null, "amenity": "school", "kind": "school"}, "geometry": {"type": "Point", "coordinates": [116.228126, 6.174958]}}, {"type": "Feature", "properties": {"facility_id": "F0404", "name": "SMK Badin Tuaran", "amenity": "school", "kind": "school"}, "geometry": {"type": "Point", "coordinates": [116.227556, 6.176638]}}, {"type": "Feature", "properties": {"facility_id": "F0405", "name": "Kian Kok Middle School", "amenity": "school", "kind": "school"}, "geometry": {"type": "Point", "coordinates": [116.090186, 5.974135]}}, {"type": "Feature", "properties": {"facility_id": "F0406", "name": "SJK (C) St. Peter Telipok", "amenity": "school", "kind": "school"}, "geometry": {"type": "Point", "coordinates": [116.19515, 6.088713]}}, {"type": "Feature", "properties": {"facility_id": "F0407", "name": "Sekolah Menengah Kebangsaan Lohan", "amenity": "school", "kind": "school"}, "geometry": {"type": "Point", "coordinates": [116.699953, 5.995703]}}, {"type": "Feature", "properties": {"facility_id": "F0408", "name": null, "amenity": "clinic", "kind": "health"}, "geometry": {"type": "Point", "coordinates": [116.449138, 6.226688]}}, {"type": "Feature", "properties": {"facility_id": "F0409", "name": null, "amenity": "clinic", "kind": "health"}, "geometry": {"type": "Point", "coordinates": [116.448963, 6.226476]}}, {"type": "Feature", "properties": {"facility_id": "F0410", "name": "Yu Yuan Secondary School \u5c71\u6253\u6839\u80b2\u6e90\u4e2d\u5b66", "amenity": "school", "kind": "school"}, "geometry": {"type": "Point", "coordinates": [118.076039, 5.856263]}}, {"type": "Feature", "properties": {"facility_id": "F0411", "name": "Sekolah Menengah St. Michael", "amenity": "school", "kind": "school"}, "geometry": {"type": "Point", "coordinates": [118.112698, 5.840919]}}, {"type": "Feature", "properties": {"facility_id": "F0412", "name": "Sekolah Jenis Kebangsaan (Cina) Cheng Min", "amenity": "school", "kind": "school"}, "geometry": {"type": "Point", "coordinates": [118.112143, 5.83909]}}, {"type": "Feature", "properties": {"facility_id": "F0413", "name": "Sekolah Menengah Kebangsaan Sandakan", "amenity": "school", "kind": "school"}, "geometry": {"type": "Point", "coordinates": [118.107815, 5.856453]}}, {"type": "Feature", "properties": {"facility_id": "F0414", "name": "SM Tiong Hwa", "amenity": "school", "kind": "school"}, "geometry": {"type": "Point", "coordinates": [118.104863, 5.860863]}}, {"type": "Feature", "properties": {"facility_id": "F0415", "name": null, "amenity": "school", "kind": "school"}, "geometry": {"type": "Point", "coordinates": [118.099162, 5.861476]}}, {"type": "Feature", "properties": {"facility_id": "F0416", "name": "Sekolah Menengah St. Mary", "amenity": "school", "kind": "school"}, "geometry": {"type": "Point", "coordinates": [118.09947, 5.860367]}}, {"type": "Feature", "properties": {"facility_id": "F0417", "name": "Sekolah Menengah Konven St. Cecilia", "amenity": "school", "kind": "school"}, "geometry": {"type": "Point", "coordinates": [118.100748, 5.860485]}}, {"type": "Feature", "properties": {"facility_id": "F0418", "name": "SRJK (C) Chi Hwa", "amenity": "school", "kind": "school"}, "geometry": {"type": "Point", "coordinates": [118.111627, 5.859073]}}, {"type": "Feature", "properties": {"facility_id": "F0419", "name": "SK Sungai Anib", "amenity": "school", "kind": "school"}, "geometry": {"type": "Point", "coordinates": [118.115169, 5.863613]}}, {"type": "Feature", "properties": {"facility_id": "F0420", "name": "SJK (C) Cheng Ming, Keningau \u6839\u5730\u54ac\u653f\u6c11\u534e\u6587\u5c0f\u5b66", "amenity": "school", "kind": "school"}, "geometry": {"type": "Point", "coordinates": [116.149557, 5.303643]}}, {"type": "Feature", "properties": {"facility_id": "F0421", "name": "SJK (C) Yuk Kong \u6839\u5730\u54ac\u80b2\u5149\u534e\u6587\u5c0f\u5b66", "amenity": "school", "kind": "school"}, "geometry": {"type": "Point", "coordinates": [116.121082, 5.3236]}}, {"type": "Feature", "properties": {"facility_id": "F0422", "name": "Sekolah Menengah Kebangsaan Gunsanad", "amenity": "school", "kind": "school"}, "geometry": {"type": "Point", "coordinates": [116.163472, 5.338638]}}, {"type": "Feature", "properties": {"facility_id": "F0423", "name": "Sekolah Jenis Kebangsaan (Cina) Yuk Yin", "amenity": "school", "kind": "school"}, "geometry": {"type": "Point", "coordinates": [116.166143, 5.338973]}}, {"type": "Feature", "properties": {"facility_id": "F0424", "name": "Sekolah Menengah Kebangsaan Keningau II", "amenity": "school", "kind": "school"}, "geometry": {"type": "Point", "coordinates": [116.180188, 5.369535]}}, {"type": "Feature", "properties": {"facility_id": "F0425", "name": "Klinik Tamparuli", "amenity": "clinic", "kind": "health"}, "geometry": {"type": "Point", "coordinates": [116.267646, 6.135908]}}, {"type": "Feature", "properties": {"facility_id": "F0426", "name": "Hospital Duchess of Kent", "amenity": "hospital", "kind": "health"}, "geometry": {"type": "Point", "coordinates": [118.102844, 5.858466]}}, {"type": "Feature", "properties": {"facility_id": "F0427", "name": "Klinik", "amenity": "hospital", "kind": "health"}, "geometry": {"type": "Point", "coordinates": [116.325215, 6.112934]}}, {"type": "Feature", "properties": {"facility_id": "F0428", "name": "Klinik", "amenity": "hospital", "kind": "health"}, "geometry": {"type": "Point", "coordinates": [116.36439, 6.156465]}}, {"type": "Feature", "properties": {"facility_id": "F0429", "name": null, "amenity": "school", "kind": "school"}, "geometry": {"type": "Point", "coordinates": [116.405612, 6.158055]}}, {"type": "Feature", "properties": {"facility_id": "F0430", "name": null, "amenity": "school", "kind": "school"}, "geometry": {"type": "Point", "coordinates": [116.329814, 6.154295]}}, {"type": "Feature", "properties": {"facility_id": "F0431", "name": "Klinik Kesihatan Tawau", "amenity": "clinic", "kind": "health"}, "geometry": {"type": "Point", "coordinates": [117.915349, 4.260109]}}, {"type": "Feature", "properties": {"facility_id": "F0432", "name": "SJK (C) Sin Hwa, Tawau", "amenity": "school", "kind": "school"}, "geometry": {"type": "Point", "coordinates": [117.884973, 4.246065]}}, {"type": "Feature", "properties": {"facility_id": "F0433", "name": "Sekolah Jenis Kebangsaan (Cina) Pai Sheng", "amenity": "school", "kind": "school"}, "geometry": {"type": "Point", "coordinates": [118.245305, 4.682375]}}, {"type": "Feature", "properties": {"facility_id": "F0434", "name": "Papar Middle School \u6c99\u5df4\u5427\u5df4\u4e2d\u5b66", "amenity": "school", "kind": "school"}, "geometry": {"type": "Point", "coordinates": [115.933629, 5.707587]}}, {"type": "Feature", "properties": {"facility_id": "F0435", "name": "Beaufort Middle School \u6c99\u5df4\u4fdd\u4f5b\u4e2d\u5b66", "amenity": "school", "kind": "school"}, "geometry": {"type": "Point", "coordinates": [115.735585, 5.355258]}}, {"type": "Feature", "properties": {"facility_id": "F0436", "name": "Sekolah Menengah Tsung Tsin Tenom", "amenity": "school", "kind": "school"}, "geometry": {"type": "Point", "coordinates": [115.950129, 5.136305]}}, {"type": "Feature", "properties": {"facility_id": "F0437", "name": "Pei Tsin High School", "amenity": "school", "kind": "school"}, "geometry": {"type": "Point", "coordinates": [116.844327, 6.906017]}}, {"type": "Feature", "properties": {"facility_id": "F0438", "name": "Sekolah Kebangsaan Rangalau Lama", "amenity": "school", "kind": "school"}, "geometry": {"type": "Point", "coordinates": [116.268484, 6.102929]}}, {"type": "Feature", "properties": {"facility_id": "F0439", "name": "Sekolah Kebangsaan Lingga Baru", "amenity": "school", "kind": "school"}, "geometry": {"type": "Point", "coordinates": [116.304332, 6.10974]}}, {"type": "Feature", "properties": {"facility_id": "F0440", "name": "Sekolah Kebangsaan Bawang", "amenity": "school", "kind": "school"}, "geometry": {"type": "Point", "coordinates": [116.288264, 6.128952]}}, {"type": "Feature", "properties": {"facility_id": "F0441", "name": "Sekolah Kebangsaan Malangang Baru", "amenity": "school", "kind": "school"}, "geometry": {"type": "Point", "coordinates": [116.285428, 6.088407]}}, {"type": "Feature", "properties": {"facility_id": "F0442", "name": "SK Pulau Omadal", "amenity": "school", "kind": "school"}, "geometry": {"type": "Point", "coordinates": [118.75509, 4.426744]}}, {"type": "Feature", "properties": {"facility_id": "F0443", "name": null, "amenity": "school", "kind": "school"}, "geometry": {"type": "Point", "coordinates": [118.72242, 4.449615]}}, {"type": "Feature", "properties": {"facility_id": "F0444", "name": null, "amenity": "school", "kind": "school"}, "geometry": {"type": "Point", "coordinates": [118.651743, 4.458479]}}, {"type": "Feature", "properties": {"facility_id": "F0445", "name": null, "amenity": "school", "kind": "school"}, "geometry": {"type": "Point", "coordinates": [118.628989, 4.478947]}}, {"type": "Feature", "properties": {"facility_id": "F0446", "name": "Sekolah Kebangsaan Sisipan", "amenity": "school", "kind": "school"}, "geometry": {"type": "Point", "coordinates": [118.670484, 4.48563]}}, {"type": "Feature", "properties": {"facility_id": "F0447", "name": "Sekolah Kebangsaan Nunuyan Laut", "amenity": "school", "kind": "school"}, "geometry": {"type": "Point", "coordinates": [118.105235, 5.918927]}}, {"type": "Feature", "properties": {"facility_id": "F0448", "name": "Sekolah Menengah Kebangsaan Pitas", "amenity": "school", "kind": "school"}, "geometry": {"type": "Point", "coordinates": [117.02949, 6.708864]}}, {"type": "Feature", "properties": {"facility_id": "F0449", "name": "Sekolah Kebangsaan Kuala Papar", "amenity": "school", "kind": "school"}, "geometry": {"type": "Point", "coordinates": [115.912447, 5.745324]}}, {"type": "Feature", "properties": {"facility_id": "F0450", "name": "Sekolah Menengah Kebangsaan Batu Sapi", "amenity": "school", "kind": "school"}, "geometry": {"type": "Point", "coordinates": [118.062839, 5.813202]}}, {"type": "Feature", "properties": {"facility_id": "F0451", "name": "SJK (C) Yuk Choi", "amenity": "school", "kind": "school"}, "geometry": {"type": "Point", "coordinates": [118.072138, 5.847388]}}, {"type": "Feature", "properties": {"facility_id": "F0452", "name": "SK Likas", "amenity": "school", "kind": "school"}, "geometry": {"type": "Point", "coordinates": [116.112072, 5.997647]}}, {"type": "Feature", "properties": {"facility_id": "F0453", "name": "Sekolah Kebangsaan Pekan Tuaran", "amenity": "school", "kind": "school"}, "geometry": {"type": "Point", "coordinates": [116.226889, 6.179374]}}, {"type": "Feature", "properties": {"facility_id": "F0454", "name": "Sekolah Indonesia Kota Kinabalu", "amenity": "school", "kind": "school"}, "geometry": {"type": "Point", "coordinates": [116.152295, 6.079869]}}, {"type": "Feature", "properties": {"facility_id": "F0455", "name": "Klinik Kesihatan Nunuyan Laut", "amenity": "clinic", "kind": "health"}, "geometry": {"type": "Point", "coordinates": [118.10603, 5.91485]}}, {"type": "Feature", "properties": {"facility_id": "F0456", "name": "SMK Takis", "amenity": "school", "kind": "school"}, "geometry": {"type": "Point", "coordinates": [115.9317, 5.725488]}}, {"type": "Feature", "properties": {"facility_id": "F0457", "name": "Klinik Kesihatan Putatan", "amenity": "hospital", "kind": "health"}, "geometry": {"type": "Point", "coordinates": [116.046727, 5.898793]}}, {"type": "Feature", "properties": {"facility_id": "F0458", "name": "Damai Specialist Centre", "amenity": "hospital", "kind": "health"}, "geometry": {"type": "Point", "coordinates": [116.092968, 5.970391]}}, {"type": "Feature", "properties": {"facility_id": "F0459", "name": "Sekolah Menengah Kebangsaan Tambunan", "amenity": "school", "kind": "school"}, "geometry": {"type": "Point", "coordinates": [116.403376, 5.721665]}}, {"type": "Feature", "properties": {"facility_id": "F0460", "name": "SMK Perempuan", "amenity": "school", "kind": "school"}, "geometry": {"type": "Point", "coordinates": [118.060997, 5.877486]}}, {"type": "Feature", "properties": {"facility_id": "F0461", "name": "Hospital Wanita dan Kanak-Kanak Sabah", "amenity": "hospital", "kind": "health"}, "geometry": {"type": "Point", "coordinates": [116.119497, 6.013988]}}, {"type": "Feature", "properties": {"facility_id": "F0462", "name": null, "amenity": "school", "kind": "school"}, "geometry": {"type": "Point", "coordinates": [118.279881, 5.009429]}}, {"type": "Feature", "properties": {"facility_id": "F0463", "name": null, "amenity": "school", "kind": "school"}, "geometry": {"type": "Point", "coordinates": [118.282347, 5.008631]}}, {"type": "Feature", "properties": {"facility_id": "F0464", "name": "Hospital Lahad Datu", "amenity": "hospital", "kind": "health"}, "geometry": {"type": "Point", "coordinates": [118.313435, 5.026368]}}, {"type": "Feature", "properties": {"facility_id": "F0465", "name": "SMK Sepagaya", "amenity": "school", "kind": "school"}, "geometry": {"type": "Point", "coordinates": [118.297364, 5.028507]}}, {"type": "Feature", "properties": {"facility_id": "F0466", "name": "Bakungan Elementary School", "amenity": "school", "kind": "school"}, "geometry": {"type": "Point", "coordinates": [118.116255, 6.185647]}}, {"type": "Feature", "properties": {"facility_id": "F0467", "name": "Sekolah Kebangsaan Rampayan Menggatal", "amenity": "school", "kind": "school"}, "geometry": {"type": "Point", "coordinates": [116.145617, 6.032778]}}, {"type": "Feature", "properties": {"facility_id": "F0468", "name": "Hospital Tambunan", "amenity": "hospital", "kind": "health"}, "geometry": {"type": "Point", "coordinates": [116.371106, 5.682991]}}, {"type": "Feature", "properties": {"facility_id": "F0469", "name": "Sekolah Jenis Kebangsaan (Cina) Yuh Min", "amenity": "school", "kind": "school"}, "geometry": {"type": "Point", "coordinates": [116.363836, 5.668175]}}, {"type": "Feature", "properties": {"facility_id": "F0470", "name": "Sekolah Menengah Kebangsaan Nambayan", "amenity": "school", "kind": "school"}, "geometry": {"type": "Point", "coordinates": [116.350409, 5.651315]}}, {"type": "Feature", "properties": {"facility_id": "F0471", "name": "SK Pekan", "amenity": "school", "kind": "school"}, "geometry": {"type": "Point", "coordinates": [116.361728, 5.669888]}}, {"type": "Feature", "properties": {"facility_id": "F0472", "name": "Klinik Kesihatan Ibu dan Anak Tambunan", "amenity": "clinic", "kind": "health"}, "geometry": {"type": "Point", "coordinates": [116.363434, 5.669493]}}, {"type": "Feature", "properties": {"facility_id": "F0473", "name": "Sekolah Kebangsaan Kota Marudu II", "amenity": "school", "kind": "school"}, "geometry": {"type": "Point", "coordinates": [116.768397, 6.523467]}}, {"type": "Feature", "properties": {"facility_id": "F0474", "name": null, "amenity": "school", "kind": "school"}, "geometry": {"type": "Point", "coordinates": [116.762154, 6.497098]}}, {"type": "Feature", "properties": {"facility_id": "F0475", "name": null, "amenity": "school", "kind": "school"}, "geometry": {"type": "Point", "coordinates": [116.753191, 6.519793]}}, {"type": "Feature", "properties": {"facility_id": "F0476", "name": null, "amenity": "school", "kind": "school"}, "geometry": {"type": "Point", "coordinates": [116.754326, 6.519416]}}, {"type": "Feature", "properties": {"facility_id": "F0477", "name": "Sekolah Menengah Kebangsaan Telupid", "amenity": "school", "kind": "school"}, "geometry": {"type": "Point", "coordinates": [117.125339, 5.626566]}}, {"type": "Feature", "properties": {"facility_id": "F0478", "name": "Sekolah Kebangsaan Nambayan", "amenity": "school", "kind": "school"}, "geometry": {"type": "Point", "coordinates": [116.350359, 5.645848]}}, {"type": "Feature", "properties": {"facility_id": "F0479", "name": "SMK Kimanis", "amenity": "school", "kind": "school"}, "geometry": {"type": "Point", "coordinates": [115.889522, 5.598131]}}, {"type": "Feature", "properties": {"facility_id": "F0480", "name": "SK KITOU", "amenity": "school", "kind": "school"}, "geometry": {"type": "Point", "coordinates": [116.276109, 5.514213]}}, {"type": "Feature", "properties": {"facility_id": "F0481", "name": "Klinik Kesihatan Ibu dan Anak Sandakan", "amenity": "clinic", "kind": "health"}, "geometry": {"type": "Point", "coordinates": [118.113328, 5.83863]}}, {"type": "Feature", "properties": {"facility_id": "F0482", "name": "Sekolah Menengah Kebangsaan Elopura 2", "amenity": "school", "kind": "school"}, "geometry": {"type": "Point", "coordinates": [118.050461, 5.854752]}}, {"type": "Feature", "properties": {"facility_id": "F0483", "name": "Sekolah Kebangsaan Sungai Anib III", "amenity": "school", "kind": "school"}, "geometry": {"type": "Point", "coordinates": [118.051211, 5.856305]}}, {"type": "Feature", "properties": {"facility_id": "F0484", "name": "Sekolah Menengah Kebangsaan Sandakan II", "amenity": "school", "kind": "school"}, "geometry": {"type": "Point", "coordinates": [118.05276, 5.85756]}}, {"type": "Feature", "properties": {"facility_id": "F0485", "name": "Sekolah Kebangsaan St. Monica", "amenity": "school", "kind": "school"}, "geometry": {"type": "Point", "coordinates": [118.062832, 5.860053]}}, {"type": "Feature", "properties": {"facility_id": "F0486", "name": "Sekolah Kebangsaan Bandar Sandakan", "amenity": "school", "kind": "school"}, "geometry": {"type": "Point", "coordinates": [118.096638, 5.836682]}}, {"type": "Feature", "properties": {"facility_id": "F0487", "name": "Maktab Rendah Sains MARA Tun Mohammad Fuad Stephens", "amenity": "school", "kind": "school"}, "geometry": {"type": "Point", "coordinates": [118.000338, 5.909143]}}, {"type": "Feature", "properties": {"facility_id": "F0488", "name": "Sekolah Menengah Kebangsaan Beluran", "amenity": "school", "kind": "school"}, "geometry": {"type": "Point", "coordinates": [117.555683, 5.888196]}}, {"type": "Feature", "properties": {"facility_id": "F0489", "name": "Sekolah Menengah Kebangsaan Beluran II", "amenity": "school", "kind": "school"}, "geometry": {"type": "Point", "coordinates": [117.586624, 5.889786]}}, {"type": "Feature", "properties": {"facility_id": "F0490", "name": "Sekolah Kebangsaan Pekan 2 Ranau", "amenity": "school", "kind": "school"}, "geometry": {"type": "Point", "coordinates": [116.659839, 5.947943]}}, {"type": "Feature", "properties": {"facility_id": "F0491", "name": "Sekolah Menengah Agama Tambunan", "amenity": "school", "kind": "school"}, "geometry": {"type": "Point", "coordinates": [116.362881, 5.669738]}}, {"type": "Feature", "properties": {"facility_id": "F0492", "name": "Sekolah Rendah Kebangsaan St. Theresa Tambunan", "amenity": "school", "kind": "school"}, "geometry": {"type": "Point", "coordinates": [116.358606, 5.669238]}}, {"type": "Feature", "properties": {"facility_id": "F0493", "name": "Sekolah Kebangsaan Kipaku Tambunan", "amenity": "school", "kind": "school"}, "geometry": {"type": "Point", "coordinates": [116.40582, 5.73997]}}, {"type": "Feature", "properties": {"facility_id": "F0494", "name": "Sekolah Kebangsaan Pekan Keningau", "amenity": "school", "kind": "school"}, "geometry": {"type": "Point", "coordinates": [116.158859, 5.336169]}}, {"type": "Feature", "properties": {"facility_id": "F0495", "name": null, "amenity": "school", "kind": "school"}, "geometry": {"type": "Point", "coordinates": [116.153366, 5.330969]}}, {"type": "Feature", "properties": {"facility_id": "F0496", "name": "SK KINABAAN", "amenity": "school", "kind": "school"}, "geometry": {"type": "Point", "coordinates": [116.390142, 5.728427]}}, {"type": "Feature", "properties": {"facility_id": "F0497", "name": "Sekolah Kebangsaan Pekan Tenom", "amenity": "school", "kind": "school"}, "geometry": {"type": "Point", "coordinates": [115.944158, 5.127802]}}, {"type": "Feature", "properties": {"facility_id": "F0498", "name": "Sekolah Jenis Kebangsaan (Cina) Chung Hwa Tenom", "amenity": "school", "kind": "school"}, "geometry": {"type": "Point", "coordinates": [115.945505, 5.126675]}}, {"type": "Feature", "properties": {"facility_id": "F0499", "name": "Sekolah Menengah Chung Hwa Tenom (CF)", "amenity": "school", "kind": "school"}, "geometry": {"type": "Point", "coordinates": [115.946412, 5.128407]}}, {"type": "Feature", "properties": {"facility_id": "F0500", "name": "Sekolah Menengah Saint Anthony Tenom", "amenity": "school", "kind": "school"}, "geometry": {"type": "Point", "coordinates": [115.947215, 5.130239]}}, {"type": "Feature", "properties": {"facility_id": "F0501", "name": "Sekolah Jenis Kebangsaan (Cina) Tsi Sin Tenom", "amenity": "school", "kind": "school"}, "geometry": {"type": "Point", "coordinates": [115.937403, 5.108159]}}, {"type": "Feature", "properties": {"facility_id": "F0502", "name": "Sekolah Menengah Kebangsaan Chinta Mata", "amenity": "school", "kind": "school"}, "geometry": {"type": "Point", "coordinates": [115.941962, 5.096503]}}, {"type": "Feature", "properties": {"facility_id": "F0503", "name": "Sekolah Jenis Kebangsaan (Cina) Kong Min", "amenity": "school", "kind": "school"}, "geometry": {"type": "Point", "coordinates": [115.958872, 5.165695]}}, {"type": "Feature", "properties": {"facility_id": "F0504", "name": "Sekolah Menengah Kebangsaan Gunsanad II", "amenity": "school", "kind": "school"}, "geometry": {"type": "Point", "coordinates": [116.155278, 5.345897]}}, {"type": "Feature", "properties": {"facility_id": "F0505", "name": "Tadika SCA", "amenity": "school", "kind": "school"}, "geometry": {"type": "Point", "coordinates": [116.149276, 5.34214]}}, {"type": "Feature", "properties": {"facility_id": "F0506", "name": "Sekolah Kebangsaan Bulu Silou", "amenity": "school", "kind": "school"}, "geometry": {"type": "Point", "coordinates": [116.133297, 5.35088]}}, {"type": "Feature", "properties": {"facility_id": "F0507", "name": "Sekolah Menengah Ken Hwa", "amenity": "school", "kind": "school"}, "geometry": {"type": "Point", "coordinates": [116.14806, 5.353452]}}, {"type": "Feature", "properties": {"facility_id": "F0508", "name": "Sekolah Menengah Agama Negeri Keningau", "amenity": "school", "kind": "school"}, "geometry": {"type": "Point", "coordinates": [116.166922, 5.344225]}}, {"type": "Feature", "properties": {"facility_id": "F0509", "name": "Sekolah Kebangsaan Luagan Keningau", "amenity": "school", "kind": "school"}, "geometry": {"type": "Point", "coordinates": [116.185887, 5.37093]}}, {"type": "Feature", "properties": {"facility_id": "F0510", "name": "Sekolah Kebangsaan Sri Tanjung Rapat", "amenity": "school", "kind": "school"}, "geometry": {"type": "Point", "coordinates": [118.128681, 5.848605]}}, {"type": "Feature", "properties": {"facility_id": "F0511", "name": "Sekolah Jenis Kebangsaan (Cina) Syn Hua", "amenity": "school", "kind": "school"}, "geometry": {"type": "Point", "coordinates": [118.030757, 5.882869]}}, {"type": "Feature", "properties": {"facility_id": "F0512", "name": "Sekolah Jenis Kebangsaan (Cina) Tai Tong", "amenity": "school", "kind": "school"}, "geometry": {"type": "Point", "coordinates": [118.04122, 5.845717]}}, {"type": "Feature", "properties": {"facility_id": "F0513", "name": "Sekolah Agama Tun Juhar", "amenity": "school", "kind": "school"}, "geometry": {"type": "Point", "coordinates": [118.036722, 5.840252]}}, {"type": "Feature", "properties": {"facility_id": "F0514", "name": "Sekolah Kebangsaan Mawar", "amenity": "school", "kind": "school"}, "geometry": {"type": "Point", "coordinates": [118.038372, 5.840535]}}, {"type": "Feature", "properties": {"facility_id": "F0515", "name": "Sekolah Rendah Visi Sandakan", "amenity": "school", "kind": "school"}, "geometry": {"type": "Point", "coordinates": [118.046602, 5.855526]}}, {"type": "Feature", "properties": {"facility_id": "F0516", "name": "Sekolah Kebangsaan Merpati", "amenity": "school", "kind": "school"}, "geometry": {"type": "Point", "coordinates": [118.044525, 5.888263]}}, {"type": "Feature", "properties": {"facility_id": "F0517", "name": "Sekolah Menengah Kebangsaaan Merpati", "amenity": "school", "kind": "school"}, "geometry": {"type": "Point", "coordinates": [118.043749, 5.887278]}}, {"type": "Feature", "properties": {"facility_id": "F0518", "name": "Sekolah Menengah Kebangsaan Taman Fajar", "amenity": "school", "kind": "school"}, "geometry": {"type": "Point", "coordinates": [118.051282, 5.883377]}}, {"type": "Feature", "properties": {"facility_id": "F0519", "name": "Sekolah Kebangsaan Kampung Bahagia", "amenity": "school", "kind": "school"}, "geometry": {"type": "Point", "coordinates": [118.045173, 5.805103]}}, {"type": "Feature", "properties": {"facility_id": "F0520", "name": "Sekolah Kebangsaan Gas", "amenity": "school", "kind": "school"}, "geometry": {"type": "Point", "coordinates": [118.041774, 5.803572]}}, {"type": "Feature", "properties": {"facility_id": "F0521", "name": null, "amenity": "clinic", "kind": "health"}, "geometry": {"type": "Point", "coordinates": [116.343301, 5.641541]}}, {"type": "Feature", "properties": {"facility_id": "F0522", "name": "Sekolah Menengah Kebangsaan Datuk Pengiran Galpam", "amenity": "school", "kind": "school"}, "geometry": {"type": "Point", "coordinates": [118.106217, 5.854971]}}, {"type": "Feature", "properties": {"facility_id": "F0523", "name": "Sekolah Kebangsaan Malawa", "amenity": "school", "kind": "school"}, "geometry": {"type": "Point", "coordinates": [116.15325, 6.0814]}}, {"type": "Feature", "properties": {"facility_id": "F0524", "name": "Kota Kinabalu High School", "amenity": "school", "kind": "school"}, "geometry": {"type": "Point", "coordinates": [116.07122, 5.946025]}}, {"type": "Feature", "properties": {"facility_id": "F0525", "name": "Sekolah Jenis Kebangsaan (Cina) Pui Gin", "amenity": "school", "kind": "school"}, "geometry": {"type": "Point", "coordinates": [118.059493, 5.892851]}}, {"type": "Feature", "properties": {"facility_id": "F0526", "name": "Sekolah Kebangsaan Pasir Putih", "amenity": "school", "kind": "school"}, "geometry": {"type": "Point", "coordinates": [116.166351, 5.371998]}}, {"type": "Feature", "properties": {"facility_id": "F0527", "name": "Klinik Kesihatan Lahad Datu", "amenity": "clinic", "kind": "health"}, "geometry": {"type": "Point", "coordinates": [118.327027, 5.025569]}}, {"type": "Feature", "properties": {"facility_id": "F0528", "name": "Sekolah Menengah Kebangsaan Agaseh", "amenity": "school", "kind": "school"}, "geometry": {"type": "Point", "coordinates": [118.347041, 5.037132]}}, {"type": "Feature", "properties": {"facility_id": "F0529", "name": "Sekolah Kebangsaan Lahad Datu 3", "amenity": "school", "kind": "school"}, "geometry": {"type": "Point", "coordinates": [118.347097, 5.025751]}}, {"type": "Feature", "properties": {"facility_id": "F0530", "name": "Sekolah Menengah Kebangsaan Tinusa", "amenity": "school", "kind": "school"}, "geometry": {"type": "Point", "coordinates": [118.080386, 5.888938]}}, {"type": "Feature", "properties": {"facility_id": "F0531", "name": "Sekolah Kebangsaan Tinusa", "amenity": "school", "kind": "school"}, "geometry": {"type": "Point", "coordinates": [118.07938, 5.891546]}}, {"type": "Feature", "properties": {"facility_id": "F0532", "name": "Sekolah Kebangsaan Sungai Kayu", "amenity": "school", "kind": "school"}, "geometry": {"type": "Point", "coordinates": [118.054675, 5.90811]}}, {"type": "Feature", "properties": {"facility_id": "F0533", "name": "Sekolah Menengah Kebangsaann Keningau", "amenity": "school", "kind": "school"}, "geometry": {"type": "Point", "coordinates": [116.153686, 5.310284]}}, {"type": "Feature", "properties": {"facility_id": "F0534", "name": "Maktab Rendah Sains Mara Semporna", "amenity": "school", "kind": "school"}, "geometry": {"type": "Point", "coordinates": [118.544042, 4.427743]}}, {"type": "Feature", "properties": {"facility_id": "F0535", "name": "Sekolah Jenis Kebangsaan (Cina) Kung Ming Beaufort", "amenity": "school", "kind": "school"}, "geometry": {"type": "Point", "coordinates": [115.744736, 5.347043]}}, {"type": "Feature", "properties": {"facility_id": "F0536", "name": "Sekolah Kebangsaan Pekan Beaufort", "amenity": "school", "kind": "school"}, "geometry": {"type": "Point", "coordinates": [115.738262, 5.342837]}}, {"type": "Feature", "properties": {"facility_id": "F0537", "name": "Sekolah Menengah Kebangsaan Beaufort III", "amenity": "school", "kind": "school"}, "geometry": {"type": "Point", "coordinates": [115.728784, 5.337788]}}, {"type": "Feature", "properties": {"facility_id": "F0538", "name": "Sekolah Jenis Kebangsaan (Cina) Lian Hwa", "amenity": "school", "kind": "school"}, "geometry": {"type": "Point", "coordinates": [115.734984, 5.355033]}}, {"type": "Feature", "properties": {"facility_id": "F0539", "name": "Sekolah Kebangsaan Taman Rimba", "amenity": "school", "kind": "school"}, "geometry": {"type": "Point", "coordinates": [118.049386, 5.88321]}}, {"type": "Feature", "properties": {"facility_id": "F0540", "name": "Sekolah Menengah Kebangsaan Libaran", "amenity": "school", "kind": "school"}, "geometry": {"type": "Point", "coordinates": [117.980769, 5.965076]}}, {"type": "Feature", "properties": {"facility_id": "F0541", "name": "Sekolah Agama Negeri Pekan Muhibbah", "amenity": "school", "kind": "school"}, "geometry": {"type": "Point", "coordinates": [117.981388, 5.959221]}}, {"type": "Feature", "properties": {"facility_id": "F0542", "name": "SMK Datuk Peter Mojuntin", "amenity": "school", "kind": "school"}, "geometry": {"type": "Point", "coordinates": [116.086603, 5.907819]}}, {"type": "Feature", "properties": {"facility_id": "F0543", "name": "Sekolah Menengah St. Peter Telipok", "amenity": "school", "kind": "school"}, "geometry": {"type": "Point", "coordinates": [116.194751, 6.0883]}}, {"type": "Feature", "properties": {"facility_id": "F0544", "name": "Klinik Kesihatan Batu 10 Sandakan", "amenity": "clinic", "kind": "health"}, "geometry": {"type": "Point", "coordinates": [118.006984, 5.884143]}}, {"type": "Feature", "properties": {"facility_id": "F0545", "name": "Sekolah Jenis Kebangsaan (Cina) Kung Ming", "amenity": "school", "kind": "school"}, "geometry": {"type": "Point", "coordinates": [117.927051, 4.25897]}}, {"type": "Feature", "properties": {"facility_id": "F0546", "name": "Institute of Science & Management", "amenity": "school", "kind": "school"}, "geometry": {"type": "Point", "coordinates": [117.912748, 4.260805]}}, {"type": "Feature", "properties": {"facility_id": "F0547", "name": "Sekolah Menengah Kebangsaan Jambatan Putih", "amenity": "school", "kind": "school"}, "geometry": {"type": "Point", "coordinates": [117.925545, 4.276117]}}, {"type": "Feature", "properties": {"facility_id": "F0548", "name": "Hospital Tawau", "amenity": "hospital", "kind": "health"}, "geometry": {"type": "Point", "coordinates": [117.880476, 4.249696]}}, {"type": "Feature", "properties": {"facility_id": "F0549", "name": "Hospital Semporna", "amenity": "hospital", "kind": "health"}, "geometry": {"type": "Point", "coordinates": [118.604443, 4.482799]}}, {"type": "Feature", "properties": {"facility_id": "F0550", "name": "Sekolah Kebangsaan Pekan Semporna", "amenity": "school", "kind": "school"}, "geometry": {"type": "Point", "coordinates": [118.611606, 4.477663]}}, {"type": "Feature", "properties": {"facility_id": "F0551", "name": "Sekolah Jenis Kebangsaan (Cina) Nyuk Hwa", "amenity": "school", "kind": "school"}, "geometry": {"type": "Point", "coordinates": [118.605642, 4.472844]}}, {"type": "Feature", "properties": {"facility_id": "F0552", "name": "Sekolah Kebangsaan Kampung Selamat", "amenity": "school", "kind": "school"}, "geometry": {"type": "Point", "coordinates": [118.248326, 4.678075]}}, {"type": "Feature", "properties": {"facility_id": "F0553", "name": "Sekolah Menengah Kebangsaan Pekan Kunak", "amenity": "school", "kind": "school"}, "geometry": {"type": "Point", "coordinates": [118.245985, 4.68036]}}, {"type": "Feature", "properties": {"facility_id": "F0554", "name": "Sekolah Kebangsaan Kunak 1", "amenity": "school", "kind": "school"}, "geometry": {"type": "Point", "coordinates": [118.246313, 4.682535]}}, {"type": "Feature", "properties": {"facility_id": "F0555", "name": "Hospital Pitas", "amenity": "hospital", "kind": "health"}, "geometry": {"type": "Point", "coordinates": [117.028963, 6.710957]}}, {"type": "Feature", "properties": {"facility_id": "F0556", "name": "Sekolah Menengah Kebangsaan Kinabutan", "amenity": "school", "kind": "school"}, "geometry": {"type": "Point", "coordinates": [117.95526, 4.254326]}}, {"type": "Feature", "properties": {"facility_id": "F0557", "name": "SEKOLAH MENENGAH KEBANGSAAN BANDAU", "amenity": "school", "kind": "school"}, "geometry": {"type": "Point", "coordinates": [116.826188, 6.494667]}}, {"type": "Feature", "properties": {"facility_id": "F0558", "name": "SMK Kundasang Ranau, Sabah", "amenity": "school", "kind": "school"}, "geometry": {"type": "Point", "coordinates": [116.659074, 5.944245]}}, {"type": "Feature", "properties": {"facility_id": "F0559", "name": "Sekolah Jenis Kebangsaan (Cina) Yuk Chin", "amenity": "school", "kind": "school"}, "geometry": {"type": "Point", "coordinates": [117.890064, 4.275636]}}, {"type": "Feature", "properties": {"facility_id": "F0560", "name": "Sekolah Kebangsaan Kukusan", "amenity": "school", "kind": "school"}, "geometry": {"type": "Point", "coordinates": [117.892303, 4.27729]}}, {"type": "Feature", "properties": {"facility_id": "F0561", "name": "Sekolah Kebangsaan Jambatan Putih", "amenity": "school", "kind": "school"}, "geometry": {"type": "Point", "coordinates": [117.892385, 4.278498]}}, {"type": "Feature", "properties": {"facility_id": "F0562", "name": "Sekolah Kebangsaan Bahagia Tawau", "amenity": "school", "kind": "school"}, "geometry": {"type": "Point", "coordinates": [117.892255, 4.279607]}}, {"type": "Feature", "properties": {"facility_id": "F0563", "name": "Sekolah Kebangsaan Muhibbahraya", "amenity": "school", "kind": "school"}, "geometry": {"type": "Point", "coordinates": [117.88855, 4.286368]}}, {"type": "Feature", "properties": {"facility_id": "F0564", "name": null, "amenity": "school", "kind": "school"}, "geometry": {"type": "Point", "coordinates": [117.889422, 4.277607]}}, {"type": "Feature", "properties": {"facility_id": "F0565", "name": "Sekolah Menengah Kebangsaan Kuhara", "amenity": "school", "kind": "school"}, "geometry": {"type": "Point", "coordinates": [117.887884, 4.279598]}}, {"type": "Feature", "properties": {"facility_id": "F0566", "name": "Sekolah Kebangsaan Kepayan", "amenity": "school", "kind": "school"}, "geometry": {"type": "Point", "coordinates": [116.061831, 5.928545]}}, {"type": "Feature", "properties": {"facility_id": "F0567", "name": "Pondok Pesantren Nurul Ihsan", "amenity": "school", "kind": "school"}, "geometry": {"type": "Point", "coordinates": [118.080823, 5.8955]}}, {"type": "Feature", "properties": {"facility_id": "F0568", "name": "SMK Taun Gusi", "amenity": "school", "kind": "school"}, "geometry": {"type": "Point", "coordinates": [116.445407, 6.417065]}}, {"type": "Feature", "properties": {"facility_id": "F0569", "name": "SMK Abdul Rahim II", "amenity": "school", "kind": "school"}, "geometry": {"type": "Point", "coordinates": [116.840887, 6.912109]}}, {"type": "Feature", "properties": {"facility_id": "F0570", "name": "SK Pekan Kudat II", "amenity": "school", "kind": "school"}, "geometry": {"type": "Point", "coordinates": [116.841127, 6.91034]}}, {"type": "Feature", "properties": {"facility_id": "F0571", "name": "SMK Desa Kencana", "amenity": "school", "kind": "school"}, "geometry": {"type": "Point", "coordinates": [119.066289, 5.079188]}}, {"type": "Feature", "properties": {"facility_id": "F0572", "name": "Sekolah Menengah Kebangsaan Pekan Telipok", "amenity": "school", "kind": "school"}, "geometry": {"type": "Point", "coordinates": [116.181976, 6.094201]}}, {"type": "Feature", "properties": {"facility_id": "F0573", "name": "SMK Datuk Panglima Abdullah", "amenity": "school", "kind": "school"}, "geometry": {"type": "Point", "coordinates": [118.57115, 4.454005]}}, {"type": "Feature", "properties": {"facility_id": "F0574", "name": "SMK Tenom", "amenity": "school", "kind": "school"}, "geometry": {"type": "Point", "coordinates": [115.961054, 5.167717]}}, {"type": "Feature", "properties": {"facility_id": "F0575", "name": "Sekolah Binanun", "amenity": "school", "kind": "school"}, "geometry": {"type": "Point", "coordinates": [116.223302, 4.828074]}}, {"type": "Feature", "properties": {"facility_id": "F0576", "name": "Sekolah Bongkol", "amenity": "school", "kind": "school"}, "geometry": {"type": "Point", "coordinates": [117.164204, 6.827897]}}, {"type": "Feature", "properties": {"facility_id": "F0577", "name": "Sekolah Tiong Widu", "amenity": "school", "kind": "school"}, "geometry": {"type": "Point", "coordinates": [116.556053, 5.829926]}}, {"type": "Feature", "properties": {"facility_id": "F0578", "name": "Sekolah Kuala Salong", "amenity": "school", "kind": "school"}, "geometry": {"type": "Point", "coordinates": [116.456565, 4.582878]}}, {"type": "Feature", "properties": {"facility_id": "F0579", "name": "Sekolah Kebangsaan Pekan Pensiangan", "amenity": "school", "kind": "school"}, "geometry": {"type": "Point", "coordinates": [116.313706, 4.541467]}}, {"type": "Feature", "properties": {"facility_id": "F0580", "name": "Sekolah Kalampun", "amenity": "school", "kind": "school"}, "geometry": {"type": "Point", "coordinates": [116.126123, 5.068906]}}, {"type": "Feature", "properties": {"facility_id": "F0581", "name": "Sekolah Kebangsaan Kebulu", "amenity": "school", "kind": "school"}, "geometry": {"type": "Point", "coordinates": [116.231105, 5.164835]}}, {"type": "Feature", "properties": {"facility_id": "F0582", "name": "Sekolah Menengah Kebangsaan Kalabakan", "amenity": "school", "kind": "school"}, "geometry": {"type": "Point", "coordinates": [117.50123, 4.403293]}}, {"type": "Feature", "properties": {"facility_id": "F0583", "name": "Puskesmas Sebatik", "amenity": "clinic", "kind": "health"}, "geometry": {"type": "Point", "coordinates": [117.893812, 4.166042]}}, {"type": "Feature", "properties": {"facility_id": "F0584", "name": "SK Ragkam", "amenity": "school", "kind": "school"}, "geometry": {"type": "Point", "coordinates": [116.327505, 5.704426]}}, {"type": "Feature", "properties": {"facility_id": "F0585", "name": null, "amenity": "school", "kind": "school"}, "geometry": {"type": "Point", "coordinates": [116.445562, 6.362357]}}, {"type": "Feature", "properties": {"facility_id": "F0586", "name": "Sekolah Kebangsaan Kauluan", "amenity": "school", "kind": "school"}, "geometry": {"type": "Point", "coordinates": [116.237835, 6.120011]}}, {"type": "Feature", "properties": {"facility_id": "F0587", "name": "Sekolah Kebangsaan Pengiran Siti Hafsah Karambunai", "amenity": "school", "kind": "school"}, "geometry": {"type": "Point", "coordinates": [116.135042, 6.106342]}}, {"type": "Feature", "properties": {"facility_id": "F0588", "name": "KK Specialist Centre", "amenity": "hospital", "kind": "health"}, "geometry": {"type": "Point", "coordinates": [116.094883, 5.955927]}}, {"type": "Feature", "properties": {"facility_id": "F0589", "name": "Kinabalu International School", "amenity": "school", "kind": "school"}, "geometry": {"type": "Point", "coordinates": [116.108391, 5.953271]}}, {"type": "Feature", "properties": {"facility_id": "F0590", "name": "Sekolah Kebangsaan Stella Maris", "amenity": "school", "kind": "school"}, "geometry": {"type": "Point", "coordinates": [116.051664, 5.9548]}}, {"type": "Feature", "properties": {"facility_id": "F0591", "name": "SM All Saints", "amenity": "school", "kind": "school"}, "geometry": {"type": "Point", "coordinates": [116.10646, 5.991135]}}, {"type": "Feature", "properties": {"facility_id": "F0592", "name": "SJK(C) Shan Tao", "amenity": "school", "kind": "school"}, "geometry": {"type": "Point", "coordinates": [116.066979, 5.948097]}}, {"type": "Feature", "properties": {"facility_id": "F0593", "name": "Sekolah Kebangsaan Tanjung Aru 1", "amenity": "school", "kind": "school"}, "geometry": {"type": "Point", "coordinates": [116.052138, 5.948195]}}, {"type": "Feature", "properties": {"facility_id": "F0594", "name": "Sekolah Menengah Sung Siew", "amenity": "school", "kind": "school"}, "geometry": {"type": "Point", "coordinates": [118.111142, 5.844468]}}, {"type": "Feature", "properties": {"facility_id": "F0595", "name": "Sekolah Kebangsaan Tanjung Aru II", "amenity": "school", "kind": "school"}, "geometry": {"type": "Point", "coordinates": [116.052363, 5.94761]}}, {"type": "Feature", "properties": {"facility_id": "F0596", "name": "Sekolah Kebangsaan Karamunting", "amenity": "school", "kind": "school"}, "geometry": {"type": "Point", "coordinates": [118.073716, 5.812526]}}, {"type": "Feature", "properties": {"facility_id": "F0597", "name": "Institut Latihan Kementerian Kesihatan", "amenity": "school", "kind": "school"}, "geometry": {"type": "Point", "coordinates": [116.105235, 5.945419]}}, {"type": "Feature", "properties": {"facility_id": "F0598", "name": "Sekolah Kebangsaan Sembulan", "amenity": "school", "kind": "school"}, "geometry": {"type": "Point", "coordinates": [116.06581, 5.964141]}}, {"type": "Feature", "properties": {"facility_id": "F0599", "name": "Sekolah Menengah Kebangsaan Sanzac", "amenity": "school", "kind": "school"}, "geometry": {"type": "Point", "coordinates": [116.0648, 5.959778]}}, {"type": "Feature", "properties": {"facility_id": "F0600", "name": "Sekolah Menengah Kebangsaan Saint Francis Convent", "amenity": "school", "kind": "school"}, "geometry": {"type": "Point", "coordinates": [116.107865, 5.952132]}}, {"type": "Feature", "properties": {"facility_id": "F0601", "name": "National School Saint Francis Convent (M)", "amenity": "school", "kind": "school"}, "geometry": {"type": "Point", "coordinates": [116.10678, 5.952498]}}, {"type": "Feature", "properties": {"facility_id": "F0602", "name": "Health Clinic Likas", "amenity": "clinic", "kind": "health"}, "geometry": {"type": "Point", "coordinates": [116.115737, 6.000197]}}, {"type": "Feature", "properties": {"facility_id": "F0603", "name": "SK Mutiara", "amenity": "school", "kind": "school"}, "geometry": {"type": "Point", "coordinates": [116.105142, 5.970501]}}, {"type": "Feature", "properties": {"facility_id": "F0604", "name": "SMK La Salle", "amenity": "school", "kind": "school"}, "geometry": {"type": "Point", "coordinates": [116.051807, 5.953426]}}, {"type": "Feature", "properties": {"facility_id": "F0605", "name": "Sekolah Menengah Kebangsaan Taman Tun Fuad", "amenity": "school", "kind": "school"}, "geometry": {"type": "Point", "coordinates": [116.100111, 5.947508]}}]}