{"type":"FeatureCollection","features":[{"type":"Feature","properties":{"division":"West Coast","districts":"KotaKinabalu|Penampang|Putatan|Papar|Tuaran|KotaBelud|Ranau","n_districts":7,"lng":116.49809665538817,"lat":5.960581403629267},"geometry":{"type":"MultiPolygon","coordinates":[[[[115.5839,6.2044],[115.5908,6.1878],[115.5936,6.1869],[115.6022,6.1892],[115.6061,6.1936],[115.6089,6.2017],[115.6047,6.2108],[115.6036,6.2122],[115.5978,6.2122],[115.5839,6.2044]]],[[[115.8098,5.5418],[115.8143,5.5358],[115.8257,5.5309],[115.8451,5.5165],[115.851,5.5098],[115.8611,5.4608],[115.8683,5.4364],[115.8802,5.4227],[115.8864,5.4186],[115.9206,5.4152],[115.9335,5.4116],[115.9688,5.3912],[115.9802,5.38],[115.9831,5.3745],[115.9839,5.373],[115.9904,5.3803],[116.0141,5.4302],[116.0294,5.449],[116.0417,5.471],[116.0571,5.4796],[116.0765,5.4863],[116.0854,5.4914],[116.0897,5.4969],[116.0928,5.5073],[116.0887,5.5382],[116.091,5.5652],[116.1145,5.6287],[116.1279,5.6323],[116.1416,5.6301],[116.1581,5.6305],[116.1708,5.6655],[116.1796,5.6841],[116.191,5.702],[116.1957,5.7054],[116.2052,5.7047],[116.2138,5.6995],[116.2307,5.6739],[116.2421,5.6672],[116.2539,5.667],[116.259,5.6705],[116.2639,5.684],[116.2644,5.6947],[116.2744,5.7254],[116.2843,5.7371],[116.2939,5.7422],[116.3077,5.7538],[116.3229,5.7789],[116.3415,5.8303],[116.3474,5.832],[116.3513,5.8313],[116.3683,5.8208],[116.3759,5.8197],[116.3866,5.8233],[116.3945,5.8323],[116.4091,5.8593],[116.4129,5.8978],[116.4164,5.9069],[116.4251,5.9139],[116.435,5.9189],[116.4421,5.9219],[116.4494,5.9208],[116.4572,5.9199],[116.5061,5.9008],[116.5192,5.8986],[116.5455,5.8793],[116.5535,5.8773],[116.5473,5.864],[116.5464,5.8104],[116.5732,5.7929],[116.5632,5.7611],[116.579,5.7502],[116.5966,5.7226],[116.5941,5.6933],[116.586,5.6385],[116.5706,5.6004],[116.5699,5.5816],[116.5669,5.5734],[116.5542,5.5585],[116.552,5.5583],[116.5516,5.5535],[116.5564,5.5508],[116.5686,5.5511],[116.5859,5.5549],[116.6013,5.5605],[116.6295,5.5673],[116.6374,5.5654],[116.6556,5.5456],[116.6639,5.5424],[116.6742,5.5401],[116.7176,5.5368],[116.7591,5.5294],[116.7875,5.5184],[116.8124,5.5051],[116.8336,5.4987],[116.8462,5.4998],[116.8518,5.5031],[116.8523,5.5091],[116.8503,5.5138],[116.8365,5.5225],[116.832,5.528],[116.8329,5.5311],[116.8384,5.5349],[116.8591,5.5376],[116.8727,5.5462],[116.8832,5.5592],[116.8877,5.5753],[116.8865,5.6012],[116.9003,5.6299],[116.9076,5.6518],[116.9253,5.6674],[116.9686,5.6832],[116.9916,5.696],[117.0198,5.727],[117.0232,5.7359],[117.0225,5.7457],[117.0142,5.7574],[116.9923,5.7687],[116.9767,5.7804],[116.9465,5.8299],[116.9358,5.8366],[116.9017,5.8452],[116.8723,5.8576],[116.8649,5.8681],[116.8615,5.8758],[116.8625,5.8811],[116.8793,5.902],[116.8812,5.9114],[116.878,5.9195],[116.9051,5.9269],[116.9536,5.943],[116.9751,5.97],[117.0182,6.0185],[117.0344,6.04],[117.0775,6.0239],[117.1152,6.0939],[117.0829,6.1855],[117.056,6.1855],[116.9913,6.2286],[116.9859,6.261],[116.9051,6.2743],[116.9041,6.2781],[116.8745,6.2733],[116.8495,6.2657],[116.8232,6.2421],[116.809,6.2353],[116.7881,6.2293],[116.7769,6.2306],[116.7611,6.2391],[116.7511,6.2423],[116.7389,6.2441],[116.7276,6.2433],[116.7079,6.2329],[116.6862,6.2187],[116.6715,6.2169],[116.6561,6.2213],[116.6469,6.2286],[116.6273,6.2509],[116.6178,6.259],[116.6147,6.2694],[116.625,6.2814],[116.6313,6.2859],[116.638,6.2947],[116.6415,6.3042],[116.6456,6.3175],[116.6445,6.3318],[116.6426,6.3362],[116.6029,6.3457],[116.6,6.3715],[116.6039,6.3781],[116.6048,6.3991],[116.5838,6.4163],[116.5983,6.4498],[116.6031,6.4756],[116.6161,6.5128],[116.6262,6.548],[116.6353,6.5689],[116.6351,6.5772],[116.6302,6.5948],[116.6296,6.6055],[116.6371,6.6263],[116.6381,6.6339],[116.6191,6.6527],[116.61,6.6661],[116.605,6.665],[116.6024,6.6629],[116.6025,6.6606],[116.5975,6.6572],[116.5931,6.6572],[116.5903,6.6608],[116.5895,6.6585],[116.5847,6.6561],[116.5837,6.6517],[116.5803,6.6492],[116.5775,6.6492],[116.5711,6.6536],[116.5697,6.6528],[116.5744,6.6478],[116.5739,6.6452],[116.5722,6.6447],[116.5731,6.6394],[116.5703,6.6375],[116.5667,6.63],[116.5634,6.6292],[116.565,6.625],[116.5606,6.6197],[116.555,6.6161],[116.5533,6.6128],[116.5475,6.6111],[116.5464,6.6089],[116.5433,6.6078],[116.5444,6.6067],[116.5425,6.6033],[116.5447,6.6003],[116.5407,6.5832],[116.5311,6.5708],[116.5233,6.5664],[116.5225,6.5622],[116.5197,6.5589],[116.5168,6.5574],[116.5139,6.5586],[116.5142,6.5503],[116.5102,6.5462],[116.5088,6.5472],[116.5079,6.5447],[116.5061,6.5447],[116.5051,6.5408],[116.503,6.5411],[116.5034,6.5363],[116.495,6.5319],[116.4956,6.5294],[116.4989,6.5269],[116.5064,6.5272],[116.5089,6.525],[116.5092,6.5153],[116.5036,6.5047],[116.5075,6.515],[116.5078,6.5231],[116.5061,6.5258],[116.5017,6.5256],[116.4959,6.5004],[116.4914,6.4901],[116.4819,6.4781],[116.4608,6.4618],[116.4372,6.4472],[116.4267,6.4388],[116.3861,6.4144],[116.3692,6.4017],[116.3575,6.395],[116.3542,6.3964],[116.3486,6.3942],[116.3511,6.3886],[116.3489,6.3861],[116.3497,6.3803],[116.3544,6.3792],[116.3622,6.3803],[116.3658,6.3764],[116.3664,6.3708],[116.3633,6.3647],[116.3625,6.3661],[116.3647,6.3728],[116.3631,6.3769],[116.3583,6.3792],[116.3556,6.3786],[116.3589,6.3761],[116.3575,6.3747],[116.3492,6.3761],[116.3475,6.3847],[116.3394,6.3889],[116.3361,6.3881],[116.3347,6.3839],[116.3369,6.3831],[116.3378,6.3797],[116.3422,6.3778],[116.3403,6.3744],[116.3433,6.3763],[116.3456,6.3747],[116.3453,6.3711],[116.3469,6.3692],[116.3458,6.3669],[116.3439,6.3672],[116.3422,6.3642],[116.3389,6.3639],[116.3369,6.3608],[116.3347,6.3608],[116.3317,6.3644],[116.3304,6.3704],[116.3272,6.3675],[116.3253,6.3678],[116.3225,6.3725],[116.3197,6.3703],[116.3203,6.3672],[116.3186,6.3644],[116.3149,6.3634],[116.3147,6.361],[116.3097,6.3569],[116.3139,6.3572],[116.3233,6.3494],[116.3267,6.3503],[116.3272,6.3489],[116.3206,6.3444],[116.3156,6.3439],[116.3117,6.3401],[116.3128,6.339],[116.3195,6.3415],[116.3247,6.3392],[116.3267,6.34],[116.3294,6.3367],[116.3225,6.3303],[116.3103,6.3253],[116.3086,6.3228],[116.31,6.3214],[116.3125,6.3239],[116.3189,6.3233],[116.3214,6.3192],[116.3186,6.3144],[116.3222,6.3133],[116.3278,6.3142],[116.3303,6.3088],[116.3275,6.3089],[116.3267,6.3061],[116.3219,6.3069],[116.3233,6.3017],[116.3208,6.2994],[116.3153,6.2992],[116.3114,6.3022],[116.3114,6.3064],[116.3092,6.3092],[116.3081,6.3081],[116.31,6.3042],[116.3094,6.2992],[116.3025,6.2967],[116.2988,6.2972],[116.2922,6.2983],[116.2933,6.3008],[116.2953,6.3011],[116.295,6.3072],[116.2978,6.3103],[116.2967,6.3142],[116.2897,6.3196],[116.2881,6.3178],[116.2889,6.3153],[116.2867,6.3097],[116.2872,6.3069],[116.2833,6.3039],[116.2786,6.3075],[116.2764,6.3044],[116.2808,6.3],[116.2769,6.2933],[116.2697,6.2886],[116.2628,6.2881],[116.2594,6.2897],[116.2525,6.2856],[116.2442,6.2856],[116.2403,6.2811],[116.2342,6.2794],[116.2342,6.2772],[116.2294,6.2708],[116.2303,6.2689],[116.2331,6.268],[116.2322,6.2633],[116.2217,6.2536],[116.2092,6.2458],[116.2052,6.2408],[116.2061,6.2397],[116.2119,6.2417],[116.2147,6.245],[116.2178,6.2442],[116.2261,6.2461],[116.2453,6.2558],[116.2581,6.2569],[116.2617,6.2606],[116.2669,6.2619],[116.2692,6.2656],[116.2778,6.2681],[116.2817,6.2742],[116.2847,6.2761],[116.2872,6.2742],[116.2867,6.2711],[116.2914,6.2664],[116.2842,6.2606],[116.2797,6.2597],[116.275,6.2561],[116.2778,6.2525],[116.2758,6.2458],[116.2725,6.2422],[116.275,6.2406],[116.2858,6.2431],[116.2878,6.2408],[116.29,6.2431],[116.2897,6.2403],[116.2914,6.2386],[116.2844,6.2408],[116.2761,6.2397],[116.2761,6.2383],[116.2811,6.2383],[116.2847,6.2342],[116.2772,6.2253],[116.2714,6.2253],[116.2744,6.2278],[116.2742,6.2306],[116.2667,6.2292],[116.2631,6.2306],[116.2581,6.23],[116.2539,6.2261],[116.2494,6.2269],[116.2511,6.2283],[116.2547,6.2281],[116.2572,6.2317],[116.2628,6.2317],[116.2644,6.2344],[116.2561,6.2364],[116.2497,6.2469],[116.2433,6.2511],[116.2294,6.2433],[116.2033,6.2356],[116.2011,6.2364],[116.1983,6.2342],[116.2,6.2375],[116.1989,6.2383],[116.1867,6.2222],[116.1894,6.2184],[116.1872,6.2183],[116.1851,6.2212],[116.1841,6.2204],[116.1706,6.1869],[116.1617,6.1733],[116.1474,6.1608],[116.1417,6.1583],[116.1455,6.1558],[116.1462,6.1526],[116.1411,6.1439],[116.1414,6.1394],[116.1531,6.1433],[116.1639,6.1406],[116.168,6.1416],[116.1714,6.1394],[116.1781,6.1453],[116.1839,6.1431],[116.1883,6.1483],[116.1908,6.1483],[116.1922,6.1567],[116.2033,6.1658],[116.2031,6.1589],[116.2003,6.1558],[116.2003,6.1469],[116.2061,6.1408],[116.2097,6.1411],[116.2114,6.1394],[116.2103,6.1383],[116.2111,6.1361],[116.2142,6.1342],[116.2075,6.1286],[116.2058,6.1325],[116.2036,6.1297],[116.2056,6.1217],[116.2036,6.1222],[116.2,6.1325],[116.2036,6.1358],[116.2019,6.1428],[116.1961,6.1411],[116.1942,6.1422],[116.1947,6.145],[116.2006,6.1436],[116.201,6.1449],[116.1931,6.1475],[116.1883,6.1464],[116.1858,6.1422],[116.1897,6.1389],[116.1889,6.1375],[116.1853,6.1394],[116.1825,6.1358],[116.1828,6.1411],[116.1783,6.1436],[116.1733,6.1381],[116.1706,6.1375],[116.1697,6.1358],[116.1714,6.1344],[116.1733,6.1358],[116.1739,6.1333],[116.1664,6.1256],[116.1611,6.1281],[116.1603,6.1353],[116.1536,6.1408],[116.1467,6.1372],[116.14,6.1272],[116.1364,6.1269],[116.1356,6.1278],[116.1389,6.1314],[116.1358,6.1311],[116.1303,6.1231],[116.1369,6.1172],[116.1392,6.1019],[116.1414,6.0997],[116.1492,6.1033],[116.1489,6.1103],[116.1525,6.1083],[116.1544,6.1106],[116.1602,6.1045],[116.16736679192108,6.115375481446689],[116.1646,6.11],[116.1575,6.1],[116.1514,6.0981],[116.1481,6.1003],[116.1372,6.0967],[116.1367,6.1097],[116.1339,6.1178],[116.1275,6.1211],[116.1219,6.1161],[116.1177,6.1168],[116.1231,6.1203],[116.1281,6.1278],[116.1325,6.1294],[116.1331,6.1328],[116.1369,6.1356],[116.135,6.1364],[116.1367,6.1381],[116.1352,6.1388],[116.13,6.1369],[116.1169,6.1222],[116.1097,6.1169],[116.1044,6.115],[116.0994,6.1156],[116.0947,6.1206],[116.0908,6.1114],[116.0847,6.1075],[116.0886,6.1056],[116.0875,6.1017],[116.0891,6.101],[116.0906,6.0953],[116.0967,6.0952],[116.0964,6.0908],[116.1031,6.0869],[116.1019,6.0792],[116.1031,6.0783],[116.1131,6.0911],[116.1135,6.098],[116.1178,6.0981],[116.1258,6.0936],[116.1305,6.0881],[116.1269,6.0803],[116.1297,6.0761],[116.1233,6.0725],[116.1264,6.0631],[116.1392,6.0561],[116.1417,6.0603],[116.1453,6.0606],[116.1417,6.0547],[116.1294,6.0606],[116.1258,6.0564],[116.1228,6.06],[116.1181,6.0594],[116.1097,6.0506],[116.1119,6.0439],[116.1108,6.0389],[116.1122,6.0358],[116.1097,6.0319],[116.109,6.0268],[116.1065,6.0264],[116.1092,6.0222],[116.1095,6.0147],[116.1126,6.0135],[116.1158,6.0158],[116.1144,6.0131],[116.1106,6.0114],[116.1093,5.9983],[116.0983,5.9914],[116.0925,5.9931],[116.0894,5.9983],[116.0828,5.9959],[116.0711,5.9828],[116.0715,5.9811],[116.0692,5.9793],[116.0665,5.9728],[116.0647,5.9728],[116.0647,5.9775],[116.0628,5.9792],[116.0586,5.9775],[116.0564,5.9692],[116.0528,5.9639],[116.0554,5.9615],[116.0553,5.9594],[116.0528,5.9596],[116.0466,5.9561],[116.0418,5.9574],[116.0406,5.9564],[116.0464,5.9447],[116.0467,5.9331],[116.0442,5.9267],[116.0453,5.9239],[116.0444,5.9189],[116.04544129353233,5.9198119402985085],[116.0439,5.9175],[116.0424,5.9105],[116.0328,5.8979],[116.0375,5.8958],[116.0377,5.8933],[116.04,5.8925],[116.0452,5.8773],[116.0484,5.8762],[116.0461,5.8785],[116.0467,5.8806],[116.048,5.8784],[116.05,5.8797],[116.0511,5.8764],[116.0506,5.8717],[116.0476,5.8692],[116.0436,5.8606],[116.04287605732262,5.847026074799022],[116.0394,5.8456],[116.0328,5.8366],[116.035,5.8341],[116.0386,5.8381],[116.0353,5.8315],[116.0231,5.8264],[116.0114,5.8244],[116.0092,5.8222],[116.0056,5.8142],[116.0047,5.8039],[115.9942,5.7979],[115.9894,5.7921],[115.9791,5.7845],[115.9769,5.7833],[115.975,5.7861],[115.9731,5.7856],[115.9715,5.7811],[115.9507,5.771],[115.9489,5.7683],[115.9528,5.7706],[115.9567,5.7681],[115.9528,5.7697],[115.9487,5.7665],[115.9456,5.7679],[115.9312,5.7611],[115.9082,5.7536],[115.9135,5.7484],[115.9183,5.7489],[115.9223,5.7451],[115.9305,5.7419],[115.9345,5.7347],[115.9314,5.7396],[115.9209,5.7442],[115.9182,5.7471],[115.9132,5.7475],[115.9072,5.7524],[115.903,5.7513],[115.895,5.7318],[115.8981,5.6964],[115.8961,5.6933],[115.8964,5.6869],[115.8931,5.6733],[115.8936,5.6661],[115.888,5.6525],[115.8889,5.65],[115.8867,5.6403],[115.8841,5.6362],[115.8862,5.6313],[115.8838,5.6259],[115.8862,5.625],[115.8862,5.6226],[115.8825,5.6114],[115.8758,5.5997],[115.8756,5.5903],[115.8733,5.5828],[115.86,5.5692],[115.8492,5.5611],[115.8339,5.5517],[115.8214,5.5478],[115.8098,5.5418]],[[116.06371818181819,5.839789393939394],[116.0662,5.8391],[116.06774749628161,5.8383623450669315],[116.06371818181819,5.839789393939394]],[[116.26531433491175,5.917500645716745],[116.2769,5.8925],[116.2681,5.9094],[116.26531433491175,5.917500645716745]],[[116.2768,5.8641],[116.29880595316261,5.856247253228277],[116.2936,5.8574],[116.2768,5.8641]],[[116.30816386651327,5.854175143843492],[116.3168,5.8526],[116.31919488613663,5.851732560926888],[116.30816386651327,5.854175143843492]],[[116.457,5.9262],[116.4861,5.9608],[116.4663,5.9364],[116.457,5.9262]],[[116.5968,6.1289],[116.5987,6.1657],[116.6,6.1721],[116.5968,6.1289]]],[[[115.9944,5.9711],[115.9975,5.9714],[116.0003,5.9742],[116.0085,5.9746],[116.0061,5.9771],[115.9994,5.9775],[115.9953,5.9739],[115.9944,5.9711]]],[[[116.0039,6.0111],[116.005,6.0067],[116.0066,6.0081],[116.0092,6.0075],[116.0094,6.0095],[116.0072,6.0117],[116.005,6.0125],[116.0039,6.0111]]],[[[116.005,6.0231],[116.008,6.0196],[116.0072,6.0139],[116.0091,6.0117],[116.0108,6.0125],[116.0151,6.0105],[116.018,6.0134],[116.02,6.0104],[116.0204,6.0125],[116.0227,6.0128],[116.0249,6.0059],[116.0264,6.006],[116.0266,6.0098],[116.0287,6.0116],[116.0318,6.0113],[116.0321,6.0068],[116.0347,6.0077],[116.0383,6.0065],[116.038,6.0084],[116.041,6.008],[116.0417,6.0055],[116.039,6.0042],[116.0371,5.9992],[116.0417,5.9917],[116.0491,5.9983],[116.0521,6.003],[116.0558,6.0017],[116.0547,5.9995],[116.0571,5.9982],[116.0562,5.9938],[116.0575,5.9929],[116.0613,5.9933],[116.0594,5.9979],[116.0648,5.9954],[116.0673,6.0001],[116.0602,6.0022],[116.0627,6.0103],[116.0642,6.0105],[116.0636,6.0178],[116.0594,6.014],[116.0605,6.0122],[116.0567,6.0072],[116.0519,6.0078],[116.0508,6.0133],[116.0461,6.0133],[116.0461,6.0159],[116.0519,6.0261],[116.05,6.0286],[116.0511,6.032],[116.0427,6.0319],[116.0406,6.0266],[116.0356,6.0267],[116.0316,6.0245],[116.0298,6.0251],[116.0311,6.0283],[116.028,6.0289],[116.0273,6.0344],[116.0222,6.0283],[116.0195,6.028],[116.0175,6.0309],[116.0178,6.0425],[116.0153,6.0433],[116.0145,6.0444],[116.0114,6.0422],[116.005,6.0252],[116.005,6.0231]]],[[[116.0117,5.8375],[116.0139,5.8358],[116.0153,5.8369],[116.013,5.84],[116.0117,5.8375]]],[[[116.0129,5.9645],[116.0138,5.9646],[116.0151,5.9663],[116.013,5.9678],[116.0129,5.9645]]],[[[116.0405,5.864],[116.042,5.861],[116.0438,5.8646],[116.0425,5.87],[116.045,5.8739],[116.0416,5.8697],[116.0405,5.864]]],[[[116.045,5.8695],[116.0464,5.8698],[116.0481,5.8734],[116.0469,5.8737],[116.045,5.8695]]],[[[116.0675,6.0583],[116.075,6.0614],[116.0761,6.065],[116.0794,6.0681],[116.0789,6.0733],[116.0797,6.0772],[116.0742,6.0736],[116.0694,6.0753],[116.0722,6.0708],[116.0697,6.0681],[116.0703,6.0631],[116.0675,6.0583]]],[[[116.0792,5.9958],[116.0806,5.9945],[116.0819,5.9981],[116.0807,5.9982],[116.0792,5.9958]]],[[[116.087,6.0792],[116.0877,6.0778],[116.089,6.0804],[116.0877,6.0803],[116.087,6.0792]]],[[[116.0924,6.084],[116.0933,6.0836],[116.0946,6.0858],[116.0929,6.0855],[116.0924,6.084]]],[[[116.1572,6.1389],[116.1608,6.1369],[116.1647,6.1378],[116.1639,6.1389],[116.16,6.1394],[116.1572,6.1389]]],[[[116.2693,6.2435],[116.2694,6.2426],[116.2712,6.2415],[116.2713,6.2424],[116.2693,6.2435]]]]}},{"type":"Feature","properties":{"division":"Kudat","districts":"Kudat|KotaMarudu|Pitas","n_districts":3,"lng":116.91230811822417,"lat":6.608632665566762},"geometry":{"type":"MultiPolygon","coordinates":[[[[116.3031,6.7119],[116.3064,6.7097],[116.3208,6.7058],[116.3178,6.7089],[116.3044,6.7131],[116.3031,6.7119]]],[[[116.3258,6.3958],[116.3353,6.3906],[116.3383,6.3964],[116.3411,6.3978],[116.3411,6.4008],[116.3403,6.4022],[116.3372,6.4022],[116.3319,6.3964],[116.3267,6.3975],[116.3258,6.3958]]],[[[116.3386,6.7169],[116.3433,6.7156],[116.3447,6.7092],[116.3522,6.7081],[116.3583,6.705],[116.3633,6.7056],[116.3703,6.7092],[116.3692,6.7103],[116.3658,6.7086],[116.3578,6.7144],[116.3489,6.7158],[116.3483,6.7183],[116.3469,6.7206],[116.3386,6.7169]]],[[[116.3649,6.3758],[116.3651,6.3736],[116.3656,6.3737],[116.3653,6.3758],[116.3649,6.3758]]],[[[116.5838,6.4163],[116.6048,6.3991],[116.6039,6.3781],[116.6,6.3715],[116.6029,6.3457],[116.6426,6.3362],[116.6445,6.3318],[116.6456,6.3175],[116.638,6.2947],[116.6313,6.2859],[116.625,6.2814],[116.6147,6.2694],[116.6178,6.259],[116.6273,6.2509],[116.6469,6.2286],[116.6561,6.2213],[116.6715,6.2169],[116.6862,6.2187],[116.7079,6.2329],[116.7276,6.2433],[116.7389,6.2441],[116.7511,6.2423],[116.7611,6.2391],[116.7769,6.2306],[116.7881,6.2293],[116.809,6.2353],[116.8232,6.2421],[116.8495,6.2657],[116.8745,6.2733],[116.8957,6.2758],[116.9079,6.2796],[116.9356,6.3168],[116.9642,6.318],[117.0082,6.3382],[117.0297,6.3326],[117.072,6.3152],[117.0987,6.319],[117.0873,6.4057],[117.0901,6.41],[117.0806,6.4229],[117.07064503944822,6.429551130849005],[117.095,6.4572],[117.1141,6.4584],[117.1343,6.4644],[117.1272,6.4774],[117.1088,6.4981],[117.1083,6.4966],[117.0974,6.5238],[117.1093,6.5286],[117.1209,6.5286],[117.1332,6.5452],[117.1439,6.5537],[117.1594,6.5574],[117.1773,6.5593],[117.2114,6.5603],[117.2301,6.565],[117.2495,6.5751],[117.2669,6.5931],[117.2746,6.6055],[117.2872,6.632],[117.2858,6.6371],[117.2875,6.6404],[117.284,6.6412],[117.2825,6.6433],[117.2808,6.6512],[117.281,6.6535],[117.285,6.6558],[117.2836,6.66],[117.2858,6.6625],[117.2828,6.6619],[117.2703,6.6769],[117.2697,6.6855],[117.2647,6.7011],[117.2686,6.7042],[117.2719,6.7097],[117.2742,6.7089],[117.2824,6.7148],[117.285,6.7195],[117.285,6.7259],[117.2814,6.732],[117.274,6.7305],[117.2588,6.7159],[117.2476,6.7131],[117.2386,6.6953],[117.2389,6.6894],[117.238,6.6897],[117.2373,6.6942],[117.244,6.7074],[117.2432,6.7108],[117.2392,6.7143],[117.2444,6.7126],[117.2582,6.7179],[117.2738,6.7363],[117.2744,6.7403],[117.2697,6.7433],[117.2631,6.7436],[117.2639,6.7458],[117.2625,6.7483],[117.2553,6.7506],[117.2504,6.7572],[117.2462,6.7594],[117.2452,6.7653],[117.2419,6.7683],[117.2428,6.7722],[117.2408,6.7731],[117.2419,6.7747],[117.2402,6.7755],[117.2403,6.7782],[117.2428,6.7808],[117.242,6.7843],[117.248,6.7872],[117.2458,6.7894],[117.2433,6.7886],[117.2394,6.7906],[117.235,6.8052],[117.2331,6.8053],[117.229,6.7981],[117.2193,6.7942],[117.2204,6.7959],[117.2266,6.798],[117.2309,6.8024],[117.2256,6.8084],[117.222,6.818],[117.2193,6.8172],[117.2161,6.8114],[117.215,6.8122],[117.2186,6.8214],[117.2301,6.8276],[117.2325,6.8317],[117.2358,6.8322],[117.2297,6.8419],[117.2325,6.8489],[117.2372,6.8539],[117.2442,6.8539],[117.2464,6.8586],[117.2538,6.8649],[117.2541,6.8707],[117.2523,6.8739],[117.2452,6.8712],[117.2423,6.8752],[117.2458,6.8811],[117.2524,6.8837],[117.2583,6.8908],[117.2585,6.8983],[117.2567,6.9008],[117.2553,6.9117],[117.2514,6.9183],[117.25,6.9219],[117.2511,6.9244],[117.2486,6.9283],[117.2489,6.931],[117.2537,6.9373],[117.2539,6.9408],[117.2502,6.9448],[117.2413,6.9433],[117.2347,6.9464],[117.2258,6.9444],[117.2147,6.9469],[117.2066,6.9547],[117.1973,6.9567],[117.1921,6.9615],[117.19,6.9722],[117.1808,6.9844],[117.1794,6.9891],[117.1802,6.9924],[117.1711,6.9913],[117.1683,6.9925],[117.1531,7.0128],[117.1331,7.0122],[117.1275,7.0075],[117.1308,6.9953],[117.1344,6.9914],[117.1319,6.9836],[117.1308,6.9886],[117.1283,6.9908],[117.1219,6.9864],[117.1164,6.9925],[117.1139,6.9919],[117.1011,6.9975],[117.0933,6.9933],[117.0897,6.9936],[117.0736,6.9853],[117.0719,6.9833],[117.0726,6.9801],[117.0688,6.9754],[117.0627,6.9765],[117.0594,6.9751],[117.0564,6.9633],[117.0594,6.96],[117.06,6.9553],[117.0706,6.9481],[117.0742,6.9497],[117.0849,6.9489],[117.0853,6.9459],[117.0819,6.945],[117.0802,6.9401],[117.0764,6.9408],[117.0719,6.935],[117.07,6.9361],[117.0644,6.9342],[117.0533,6.935],[117.0506,6.9394],[117.0508,6.945],[117.0378,6.9525],[117.0317,6.9486],[117.0282,6.9352],[117.0261,6.9342],[117.0318,6.9316],[117.0353,6.9261],[117.0333,6.9167],[117.0347,6.9089],[117.0322,6.9022],[117.0319,6.8917],[117.0369,6.8911],[117.0392,6.8889],[117.0433,6.8894],[117.0562,6.8769],[117.0574,6.8737],[117.0572,6.8622],[117.0544,6.8539],[117.0514,6.85],[117.0506,6.8439],[117.0528,6.8422],[117.0597,6.8436],[117.0675,6.8428],[117.0858,6.8239],[117.0881,6.8175],[117.0933,6.8119],[117.1006,6.8117],[117.1044,6.8158],[117.1022,6.8111],[117.0944,6.8089],[117.0989,6.8031],[117.0978,6.8011],[117.0936,6.8083],[117.0881,6.8136],[117.0836,6.8239],[117.0783,6.8261],[117.0656,6.8408],[117.0628,6.8381],[117.0647,6.8261],[117.0622,6.8242],[117.0589,6.8269],[117.0567,6.8264],[117.0525,6.8197],[117.0519,6.8131],[117.0556,6.8083],[117.056,6.805],[117.0536,6.8008],[117.0511,6.8003],[117.0547,6.8075],[117.0511,6.8122],[117.0503,6.8172],[117.0561,6.8275],[117.0594,6.8283],[117.0631,6.8261],[117.0608,6.8358],[117.0594,6.8386],[117.0431,6.8358],[117.0331,6.8283],[117.0322,6.8294],[117.0369,6.8328],[117.0367,6.8358],[117.0344,6.8362],[117.0239,6.8236],[117.0286,6.8175],[117.0344,6.8008],[117.0322,6.8022],[117.0306,6.8092],[117.0267,6.815],[117.0239,6.8108],[117.0239,6.8064],[117.0203,6.8036],[117.0129,6.7879],[116.9956,6.7778],[116.9936,6.7725],[116.9961,6.7654],[116.9915,6.7543],[116.9948,6.7526],[117.0003,6.7531],[116.9959,6.7605],[116.9975,6.7632],[117.0017,6.7639],[117.007,6.7567],[117.0081,6.7503],[117.0133,6.7461],[117.0306,6.7442],[117.0344,6.7464],[117.0419,6.7428],[117.0539,6.7464],[117.0553,6.7456],[117.0428,6.7411],[117.0344,6.745],[117.0304,6.7432],[117.0167,6.7439],[117.0075,6.7481],[117.0039,6.7594],[117.0017,6.7619],[117,6.7625],[116.9973,6.7604],[116.9981,6.7576],[117.0026,6.755],[117.0021,6.7519],[117,6.7508],[116.9912,6.752],[116.9895,6.7546],[116.9899,6.7576],[116.988,6.7575],[116.9759,6.7444],[116.9737,6.7382],[116.9753,6.7327],[116.984,6.7207],[116.9872,6.7217],[116.9826,6.7162],[116.9825,6.7089],[116.98,6.7059],[116.9811,6.7028],[116.9761,6.6983],[116.9676,6.6945],[116.9645,6.6963],[116.9563,6.6861],[116.952,6.6845],[116.9459,6.6854],[116.9419,6.6808],[116.9413,6.6776],[116.9393,6.6777],[116.935,6.6736],[116.9339,6.6669],[116.9302,6.6642],[116.921,6.6633],[116.9148,6.6646],[116.9098,6.6624],[116.9009,6.6515],[116.8961,6.6499],[116.8919,6.638],[116.8875,6.6403],[116.8872,6.6338],[116.8836,6.6334],[116.8835,6.6301],[116.8801,6.6272],[116.8772,6.6211],[116.863,6.6177],[116.859,6.6168],[116.8561,6.6125],[116.8573,6.6106],[116.8597,6.6109],[116.8608,6.6077],[116.8543,6.6005],[116.8537,6.5812],[116.8517,6.5808],[116.8511,6.5779],[116.8467,6.5767],[116.843,6.5794],[116.8414,6.5758],[116.8394,6.5789],[116.8357,6.575],[116.8324,6.5792],[116.8289,6.58],[116.8289,6.57],[116.8269,6.5691],[116.8272,6.5639],[116.8267,6.5708],[116.8221,6.578],[116.8176,6.5708],[116.8156,6.5708],[116.8169,6.5672],[116.8211,6.5647],[116.8208,6.5636],[116.8142,6.5689],[116.8143,6.5658],[116.8118,6.5676],[116.8106,6.5647],[116.8049,6.5648],[116.8019,6.5672],[116.7997,6.5639],[116.8006,6.5592],[116.7992,6.5556],[116.7978,6.5667],[116.7942,6.5629],[116.7918,6.5645],[116.7892,6.5708],[116.7858,6.5725],[116.7876,6.5768],[116.7853,6.5764],[116.7831,6.5706],[116.78,6.5746],[116.7806,6.5711],[116.7778,6.5724],[116.7776,6.5698],[116.7752,6.5695],[116.7739,6.5742],[116.7744,6.5853],[116.7709,6.5828],[116.7642,6.5653],[116.7639,6.5689],[116.7674,6.5768],[116.7646,6.5759],[116.7621,6.5788],[116.755,6.5778],[116.7433,6.5711],[116.7394,6.5714],[116.755,6.5789],[116.7583,6.5828],[116.7532,6.5877],[116.7558,6.5936],[116.7508,6.5906],[116.75,6.5925],[116.7542,6.5944],[116.7569,6.6003],[116.7558,6.6019],[116.7564,6.6106],[116.7586,6.618],[116.756,6.6293],[116.7625,6.6399],[116.7705,6.6469],[116.7761,6.6539],[116.7778,6.6539],[116.7783,6.6586],[116.7744,6.6617],[116.7753,6.6625],[116.7778,6.6611],[116.7814,6.6633],[116.7812,6.6652],[116.7844,6.6647],[116.7894,6.6684],[116.7907,6.6809],[116.795,6.6891],[116.7979,6.6914],[116.8023,6.7035],[116.8096,6.7099],[116.811,6.7171],[116.818,6.7327],[116.8372,6.748],[116.8474,6.7623],[116.8499,6.7694],[116.8574,6.7706],[116.8592,6.7736],[116.8517,6.7927],[116.8517,6.8016],[116.8547,6.8083],[116.8542,6.8157],[116.8572,6.8192],[116.8683,6.8236],[116.8644,6.8272],[116.8614,6.8217],[116.8517,6.8239],[116.8483,6.8298],[116.8394,6.8378],[116.8386,6.8418],[116.8422,6.8458],[116.8575,6.8544],[116.8581,6.8564],[116.8553,6.8589],[116.8452,6.8564],[116.8383,6.8573],[116.8309,6.8625],[116.8239,6.8592],[116.8199,6.8611],[116.8098,6.8611],[116.8039,6.8517],[116.7984,6.8514],[116.7965,6.8527],[116.8,6.8586],[116.7968,6.8609],[116.7989,6.8651],[116.7892,6.8653],[116.7875,6.8667],[116.7878,6.8689],[116.7937,6.8722],[116.7867,6.88],[116.7878,6.8855],[116.7922,6.8845],[116.7963,6.8795],[116.8029,6.8758],[116.8031,6.8723],[116.8106,6.8701],[116.8148,6.8726],[116.814,6.8769],[116.8211,6.8792],[116.819,6.8867],[116.8264,6.8905],[116.8301,6.8892],[116.8332,6.8904],[116.8389,6.8846],[116.8403,6.8802],[116.8448,6.8795],[116.8505,6.8753],[116.8534,6.8778],[116.8589,6.8772],[116.8604,6.8785],[116.8617,6.8882],[116.8569,6.8883],[116.8597,6.8906],[116.8604,6.8946],[116.8563,6.8956],[116.8536,6.8987],[116.8494,6.9106],[116.837,6.9332],[116.8363,6.9389],[116.8407,6.9457],[116.8404,6.9476],[116.8383,6.9519],[116.8323,6.9577],[116.8319,6.9623],[116.8288,6.9675],[116.8214,6.9681],[116.8131,6.9725],[116.8086,6.9711],[116.8059,6.9751],[116.8008,6.9775],[116.7997,6.9828],[116.8011,6.9847],[116.7938,6.9917],[116.7898,7.0014],[116.7842,7.0036],[116.7789,7.0089],[116.7781,7.0128],[116.7603,7.0275],[116.7539,7.0356],[116.7464,7.0353],[116.7422,7.0375],[116.7453,7.0289],[116.7422,7.0206],[116.7378,7.0158],[116.7322,7.0156],[116.7303,7.0122],[116.7269,7.0128],[116.7258,7.0114],[116.7308,7.0083],[116.7314,7.0056],[116.7286,7],[116.7292,6.9964],[116.7264,6.9931],[116.7272,6.99],[116.7244,6.9872],[116.7242,6.9814],[116.7203,6.9781],[116.7267,6.9739],[116.7253,6.9711],[116.7217,6.9736],[116.7203,6.9725],[116.725,6.9669],[116.7221,6.9638],[116.7147,6.9608],[116.7039,6.9599],[116.7017,6.9536],[116.7042,6.9492],[116.7081,6.9489],[116.7058,6.9296],[116.7001,6.9189],[116.6947,6.9136],[116.6817,6.8864],[116.6686,6.8742],[116.6611,6.87],[116.6397,6.8639],[116.6425,6.8586],[116.6419,6.8436],[116.6439,6.8375],[116.6525,6.8297],[116.6569,6.8306],[116.6608,6.8275],[116.6622,6.8306],[116.6661,6.8292],[116.6703,6.8208],[116.66,6.8167],[116.6594,6.815],[116.6506,6.8147],[116.6444,6.8042],[116.6431,6.8003],[116.6436,6.7953],[116.6397,6.7881],[116.633,6.7845],[116.6292,6.7867],[116.6282,6.7855],[116.6306,6.7825],[116.6267,6.7822],[116.6264,6.7792],[116.6283,6.78],[116.6294,6.7789],[116.6374,6.7625],[116.6347,6.7622],[116.6317,6.7578],[116.6311,6.7525],[116.635,6.7514],[116.6375,6.7439],[116.6433,6.7375],[116.6453,6.7261],[116.6453,6.7167],[116.6428,6.7078],[116.6325,6.6961],[116.6292,6.6889],[116.6289,6.6867],[116.6242,6.6817],[116.6233,6.6775],[116.6189,6.6742],[116.6192,6.6717],[116.6153,6.6678],[116.61,6.6661],[116.6191,6.6527],[116.6381,6.6339],[116.6371,6.6263],[116.6296,6.6055],[116.6302,6.5948],[116.6351,6.5772],[116.6353,6.5689],[116.6262,6.548],[116.6161,6.5128],[116.6031,6.4756],[116.5983,6.4498],[116.5838,6.4163]]],[[[116.7606,6.58],[116.7653,6.5806],[116.7678,6.5825],[116.7628,6.5842],[116.7653,6.5875],[116.7647,6.5892],[116.7631,6.5911],[116.7611,6.5903],[116.7606,6.58]]],[[[116.7986,6.5683],[116.7994,6.5658],[116.8014,6.5689],[116.7994,6.5706],[116.7986,6.5683]]],[[[116.8255,6.5758],[116.8264,6.5742],[116.8281,6.5747],[116.8267,6.5794],[116.8258,6.5789],[116.8255,6.5758]]],[[[116.8425,7.205],[116.8443,7.2028],[116.8459,7.2058],[116.8434,7.2066],[116.8425,7.205]]],[[[116.8528,7.1983],[116.8547,7.1961],[116.8586,7.1965],[116.8599,7.1953],[116.8592,7.1931],[116.8617,7.1919],[116.8681,7.1975],[116.8731,7.1989],[116.8756,7.2031],[116.885,7.2025],[116.8903,7.1989],[116.8908,7.2006],[116.8864,7.2053],[116.8947,7.2092],[116.8958,7.2122],[116.8869,7.2178],[116.8872,7.2217],[116.8853,7.2236],[116.8819,7.2211],[116.8819,7.2192],[116.8717,7.2147],[116.8694,7.2156],[116.8683,7.22],[116.8756,7.2264],[116.8842,7.2286],[116.8881,7.2267],[116.8919,7.2272],[116.8944,7.2231],[116.8978,7.2242],[116.9015,7.2278],[116.9022,7.2325],[116.9004,7.2368],[116.9031,7.2389],[116.9094,7.2369],[116.9125,7.2392],[116.9172,7.2394],[116.9308,7.2328],[116.9389,7.2375],[116.9411,7.2428],[116.9425,7.24],[116.9461,7.2406],[116.9537,7.249],[116.9564,7.2496],[116.9706,7.2456],[116.9789,7.2408],[116.9875,7.2435],[116.9853,7.2531],[116.9814,7.2611],[116.9744,7.2681],[116.9703,7.2675],[116.9664,7.2719],[116.965,7.2775],[116.9676,7.2917],[116.9772,7.3017],[116.9775,7.3058],[116.98,7.3078],[116.9978,7.3019],[116.9986,7.3],[116.9933,7.2953],[116.9925,7.2883],[117.0014,7.2797],[117.0172,7.2725],[117.0214,7.2728],[117.0239,7.2783],[117.0167,7.2944],[117.0222,7.3208],[117.0178,7.3311],[117.0175,7.3364],[117.0133,7.3481],[117.01,7.3539],[117.0053,7.3569],[117,7.3572],[116.9981,7.3528],[116.9917,7.3458],[116.9894,7.34],[116.9894,7.3294],[116.9858,7.3231],[116.9814,7.3192],[116.9606,7.3122],[116.9508,7.3022],[116.9433,7.3008],[116.9397,7.2967],[116.9325,7.2922],[116.9258,7.2911],[116.9217,7.2925],[116.9186,7.2956],[116.9189,7.3],[116.9144,7.3014],[116.9119,7.3],[116.91,7.3008],[116.9075,7.2947],[116.8992,7.2878],[116.8868,7.2888],[116.8817,7.2769],[116.8786,7.2747],[116.8808,7.2731],[116.8811,7.2672],[116.8731,7.2583],[116.8714,7.2508],[116.8658,7.2428],[116.8664,7.23],[116.8606,7.2108],[116.8538,7.2037],[116.8528,7.1983]]],[[[116.8606,7.19],[116.8611,7.1889],[116.8629,7.1905],[116.8614,7.1909],[116.8606,7.19]]],[[[117.0239,7.0733],[117.0258,7.0731],[117.03,7.0753],[117.0297,7.0764],[117.0269,7.0769],[117.0239,7.0733]]],[[[117.0372,7.0883],[117.0458,7.08],[117.0475,7.0792],[117.0542,7.0814],[117.0586,7.0844],[117.0589,7.0864],[117.0542,7.0908],[117.0469,7.0914],[117.0425,7.0928],[117.0372,7.0883]]],[[[117.0467,7.3386],[117.0481,7.3378],[117.0494,7.3403],[117.0478,7.3464],[117.0469,7.3444],[117.0469,7.3414],[117.0467,7.3386]]],[[[117.05,7.1008],[117.0506,7.1008],[117.0522,7.1028],[117.05,7.1031],[117.05,7.1008]]],[[[117.0522,7.1908],[117.0544,7.1831],[117.0625,7.1819],[117.0586,7.1767],[117.0605,7.1744],[117.0747,7.1756],[117.0736,7.1689],[117.0703,7.1669],[117.0692,7.1642],[117.0656,7.1636],[117.0628,7.1589],[117.0628,7.1536],[117.0661,7.1494],[117.0631,7.1444],[117.0636,7.135],[117.0586,7.1286],[117.0606,7.1258],[117.0642,7.1269],[117.0675,7.1222],[117.0756,7.1181],[117.0767,7.1108],[117.0725,7.1025],[117.0733,7.1008],[117.075,7.1003],[117.0786,7.1025],[117.0925,7.1186],[117.0936,7.1247],[117.0883,7.1281],[117.0911,7.1331],[117.0897,7.1386],[117.0967,7.1383],[117.1042,7.1414],[117.1119,7.1478],[117.1133,7.1508],[117.1264,7.1564],[117.1333,7.1619],[117.1375,7.1625],[117.1508,7.1756],[117.1581,7.1792],[117.1658,7.1794],[117.1725,7.1858],[117.1761,7.1856],[117.1853,7.1894],[117.1897,7.1881],[117.1928,7.185],[117.2042,7.1861],[117.2128,7.1892],[117.2147,7.1847],[117.2208,7.1844],[117.2261,7.1911],[117.2289,7.2006],[117.2369,7.2086],[117.2364,7.2117],[117.2378,7.2139],[117.2367,7.2158],[117.2397,7.2169],[117.2403,7.2131],[117.2428,7.2119],[117.2458,7.2203],[117.2453,7.2225],[117.2467,7.2239],[117.2489,7.2231],[117.2517,7.2258],[117.2481,7.2169],[117.2464,7.2072],[117.2472,7.1986],[117.2408,7.1856],[117.2458,7.1825],[117.2525,7.1861],[117.2567,7.1864],[117.2606,7.1897],[117.2589,7.1956],[117.2558,7.1981],[117.2603,7.2006],[117.2628,7.2072],[117.2686,7.2094],[117.2725,7.2136],[117.2781,7.2236],[117.2761,7.2261],[117.2833,7.2325],[117.2772,7.2367],[117.2783,7.2381],[117.2814,7.2372],[117.2806,7.24],[117.2828,7.2467],[117.2814,7.2489],[117.2778,7.2497],[117.2756,7.2447],[117.2719,7.2444],[117.2689,7.2464],[117.2636,7.2447],[117.2619,7.2461],[117.2603,7.2539],[117.2694,7.2592],[117.2753,7.2606],[117.2778,7.2631],[117.2764,7.2661],[117.2742,7.2667],[117.2658,7.2647],[117.2622,7.2694],[117.2628,7.2761],[117.2678,7.2819],[117.2744,7.2942],[117.2742,7.3028],[117.2789,7.3072],[117.2788,7.3089],[117.2836,7.3078],[117.2856,7.3117],[117.2939,7.3172],[117.2956,7.3256],[117.2897,7.3314],[117.2894,7.3364],[117.2853,7.3386],[117.2825,7.3483],[117.2772,7.3531],[117.2725,7.3503],[117.2619,7.3508],[117.2411,7.3592],[117.2347,7.3633],[117.2169,7.36],[117.2078,7.3561],[117.2025,7.3511],[117.1972,7.3525],[117.1911,7.3578],[117.1906,7.3606],[117.1828,7.3592],[117.1794,7.3561],[117.1806,7.3522],[117.1758,7.3506],[117.1719,7.3447],[117.1658,7.3417],[117.1578,7.3439],[117.1539,7.3489],[117.1556,7.3506],[117.1514,7.3528],[117.1475,7.3486],[117.1489,7.3464],[117.1444,7.3364],[117.14,7.3353],[117.1356,7.3292],[117.13,7.3297],[117.1325,7.3242],[117.1228,7.3153],[117.1183,7.3139],[117.1147,7.3181],[117.1106,7.3106],[117.1064,7.3092],[117.1019,7.3131],[117.1006,7.3111],[117.0989,7.3128],[117.0964,7.3114],[117.095,7.313],[117.09,7.3119],[117.0867,7.31],[117.0867,7.3033],[117.0822,7.3019],[117.0806,7.3056],[117.0753,7.3058],[117.0739,7.3006],[117.0714,7.3006],[117.0678,7.2953],[117.0608,7.2925],[117.0692,7.2608],[117.0658,7.2542],[117.0664,7.2469],[117.0589,7.2369],[117.0597,7.2247],[117.0567,7.2197],[117.0569,7.2167],[117.055,7.2144],[117.0542,7.2094],[117.0594,7.2072],[117.0636,7.2083],[117.0658,7.2061],[117.0633,7.2022],[117.0639,7.1994],[117.0586,7.1986],[117.0522,7.1908]]],[[[117.0858,7.1031],[117.0894,7.1008],[117.0953,7.1056],[117.0956,7.1075],[117.0933,7.1089],[117.0903,7.1078],[117.0858,7.1031]]],[[[117.0967,7.1292],[117.0972,7.1256],[117.1042,7.1258],[117.1122,7.1317],[117.1136,7.1333],[117.1111,7.1356],[117.1,7.1319],[117.0967,7.1292]]],[[[117.1161,7.1356],[117.1211,7.1322],[117.1272,7.1367],[117.1336,7.1369],[117.1347,7.1344],[117.1303,7.1331],[117.1289,7.1311],[117.1319,7.1258],[117.1356,7.1239],[117.1369,7.1256],[117.1414,7.125],[117.1442,7.1289],[117.1444,7.1322],[117.1511,7.1397],[117.1497,7.1414],[117.1461,7.1417],[117.15,7.1478],[117.1456,7.1511],[117.1475,7.1536],[117.1497,7.1553],[117.1489,7.1567],[117.138,7.1542],[117.1289,7.1433],[117.1194,7.1419],[117.1161,7.1356]]],[[[117.1256,7.3294],[117.1261,7.3289],[117.1292,7.3317],[117.1294,7.3331],[117.127,7.3331],[117.1256,7.3294]]],[[[117.1489,7.1628],[117.1517,7.16],[117.1608,7.1639],[117.1589,7.1675],[117.1558,7.1683],[117.1525,7.1694],[117.1497,7.1667],[117.1489,7.1628]]],[[[117.1608,7.1508],[117.1639,7.1478],[117.1717,7.1492],[117.175,7.1553],[117.1833,7.1606],[117.1878,7.1606],[117.1903,7.1572],[117.1994,7.1606],[117.2025,7.1639],[117.2017,7.1661],[117.2042,7.1708],[117.2019,7.1731],[117.2047,7.175],[117.1997,7.1756],[117.1956,7.1797],[117.1828,7.1736],[117.1706,7.1711],[117.1658,7.1658],[117.1667,7.1597],[117.1608,7.1508]]],[[[117.1945,6.9763],[117.2016,6.9711],[117.2049,6.9715],[117.2091,6.977],[117.2073,6.9796],[117.2001,6.9813],[117.1945,6.9763]]],[[[117.2,7.1844],[117.2017,7.1817],[117.2035,7.1827],[117.2039,7.185],[117.2,7.1844]]],[[[117.2126,7.1808],[117.2135,7.1773],[117.2147,7.1787],[117.2148,7.1815],[117.2126,7.1808]]],[[[117.2133,7.1736],[117.2142,7.1722],[117.2169,7.1731],[117.2178,7.1742],[117.2161,7.1753],[117.2133,7.1736]]],[[[117.225,7.185],[117.2269,7.1839],[117.2278,7.1853],[117.2264,7.1861],[117.225,7.185]]],[[[117.2297,7.3756],[117.2317,7.3758],[117.2322,7.375],[117.2356,7.3789],[117.2353,7.3806],[117.2308,7.3786],[117.2297,7.3756]]],[[[117.2469,6.8406],[117.2488,6.8406],[117.2494,6.8414],[117.2486,6.8428],[117.2469,6.8406]]],[[[117.2558,7.0714],[117.2572,7.0708],[117.2622,7.0722],[117.2631,7.0731],[117.2608,7.0747],[117.2558,7.0714]]],[[[117.2564,6.8227],[117.2598,6.8211],[117.2609,6.8174],[117.2635,6.8159],[117.2677,6.8216],[117.2789,6.8262],[117.2864,6.8325],[117.2888,6.8392],[117.288,6.8408],[117.2746,6.8352],[117.2662,6.8278],[117.2571,6.8244],[117.2564,6.8227]]],[[[117.2565,6.8031],[117.2614,6.8074],[117.2614,6.8097],[117.2566,6.8096],[117.2565,6.8031]]],[[[117.2611,7.0608],[117.2628,7.0553],[117.2678,7.0544],[117.2728,7.0564],[117.2811,7.0483],[117.2783,7.0472],[117.2711,7.0483],[117.2683,7.0522],[117.2661,7.0525],[117.2628,7.0492],[117.2647,7.0422],[117.2714,7.0422],[117.2736,7.0397],[117.2778,7.0431],[117.2781,7.0386],[117.2817,7.0378],[117.28,7.0353],[117.2814,7.0275],[117.2872,7.0219],[117.2917,7.0225],[117.2986,7.0158],[117.305,7.0144],[117.3222,7.0244],[117.3217,7.03],[117.3175,7.0358],[117.3181,7.0372],[117.3203,7.0378],[117.3242,7.0356],[117.3278,7.0317],[117.333,7.0317],[117.3347,7.035],[117.3408,7.0386],[117.3458,7.0378],[117.3472,7.0389],[117.3433,7.0431],[117.3483,7.0486],[117.3444,7.05],[117.3389,7.0564],[117.3329,7.0586],[117.3342,7.0633],[117.3311,7.0672],[117.3247,7.0706],[117.3203,7.0653],[117.315,7.0658],[117.3142,7.0667],[117.3164,7.0719],[117.3125,7.0725],[117.3056,7.0772],[117.3014,7.0792],[117.3,7.0783],[117.3025,7.0706],[117.3,7.0714],[117.2967,7.0692],[117.2917,7.07],[117.2889,7.0683],[117.2881,7.0694],[117.2911,7.0716],[117.2908,7.075],[117.2892,7.0761],[117.2806,7.0772],[117.2728,7.0739],[117.2694,7.0744],[117.2667,7.0706],[117.2686,7.0664],[117.2636,7.0644],[117.2611,7.0608]]],[[[117.2653,6.8099],[117.2681,6.805],[117.2707,6.8062],[117.2715,6.809],[117.2662,6.8121],[117.2653,6.8099]]],[[[117.2692,7.0758],[117.2717,7.0758],[117.2756,7.0794],[117.2781,7.0789],[117.2808,7.0819],[117.2819,7.0875],[117.2825,7.0894],[117.2808,7.0908],[117.2772,7.0894],[117.2703,7.0803],[117.2692,7.0758]]],[[[117.2711,7.2822],[117.2735,7.2821],[117.2733,7.284],[117.2711,7.2841],[117.2711,7.2822]]],[[[117.2739,7.2872],[117.2753,7.2857],[117.2766,7.2867],[117.2747,7.288],[117.2739,7.2872]]],[[[117.2751,6.7328],[117.2804,6.7335],[117.281,6.7387],[117.2779,6.7384],[117.2751,6.7328]]],[[[117.2828,7.2852],[117.283,7.2848],[117.2844,7.2848],[117.284,7.2862],[117.2828,7.2852]]],[[[117.2833,7.2742],[117.2872,7.2753],[117.2892,7.2797],[117.2917,7.2789],[117.2919,7.2808],[117.2933,7.2825],[117.2922,7.2836],[117.2875,7.2817],[117.2833,7.2742]]],[[[117.285,7.2369],[117.2864,7.2342],[117.2886,7.2353],[117.2867,7.2389],[117.285,7.2369]]],[[[117.2858,7.2933],[117.2869,7.2872],[117.2903,7.285],[117.2953,7.2878],[117.2942,7.2958],[117.2997,7.2992],[117.2975,7.3061],[117.2947,7.3064],[117.2903,7.3036],[117.2883,7.2956],[117.2858,7.2933]]],[[[117.2878,7.2722],[117.2911,7.2725],[117.2928,7.2742],[117.2922,7.2758],[117.2894,7.2767],[117.2878,7.2722]]],[[[117.2883,7.2375],[117.2892,7.2361],[117.2906,7.2378],[117.289,7.2385],[117.2883,7.2375]]],[[[117.2914,7.2272],[117.2939,7.2211],[117.3053,7.2183],[117.3028,7.2069],[117.3042,7.2039],[117.3083,7.2036],[117.3119,7.2078],[117.3094,7.2108],[117.3103,7.2175],[117.3156,7.2228],[117.315,7.2256],[117.3219,7.2364],[117.3219,7.2419],[117.3206,7.2439],[117.318,7.2442],[117.3128,7.2414],[117.305,7.2417],[117.2978,7.2314],[117.2914,7.2272]]],[[[117.2942,7.2856],[117.2953,7.2844],[117.2972,7.2858],[117.2967,7.2869],[117.2942,7.2856]]],[[[117.3014,7.2631],[117.3025,7.2614],[117.3028,7.2656],[117.3017,7.2647],[117.3014,7.2631]]],[[[117.3047,7.2578],[117.3067,7.2589],[117.3061,7.2625],[117.305,7.2611],[117.3047,7.2594],[117.3047,7.2578]]],[[[117.3078,7.2631],[117.3103,7.2578],[117.3131,7.2581],[117.3167,7.2617],[117.3145,7.265],[117.3139,7.2642],[117.3119,7.2622],[117.3097,7.2656],[117.3078,7.2631]]],[[[117.3081,7.2689],[117.3086,7.2669],[117.3114,7.2683],[117.31,7.2706],[117.3081,7.2689]]],[[[117.3131,7.3175],[117.3145,7.3153],[117.3161,7.3167],[117.3144,7.3183],[117.3131,7.3175]]],[[[117.3181,7.2233],[117.3211,7.2203],[117.3297,7.2214],[117.3336,7.22],[117.3375,7.2236],[117.3392,7.2269],[117.3383,7.2292],[117.3347,7.2325],[117.33,7.23],[117.3261,7.23],[117.3236,7.2325],[117.3186,7.2283],[117.3181,7.2233]]],[[[117.3189,7.3214],[117.3208,7.32],[117.3225,7.3222],[117.3203,7.3239],[117.3189,7.3214]]],[[[117.3192,7.1992],[117.3261,7.1967],[117.33,7.1981],[117.3317,7.1964],[117.3397,7.1975],[117.3419,7.1961],[117.3439,7.1994],[117.3406,7.2017],[117.3383,7.2008],[117.3336,7.2022],[117.3294,7.2061],[117.3231,7.2058],[117.3192,7.1992]]],[[[117.325,7.3711],[117.3261,7.3692],[117.3281,7.3689],[117.3289,7.3697],[117.3275,7.3711],[117.325,7.3711]]],[[[117.3286,7.34],[117.3289,7.3322],[117.3317,7.3339],[117.3314,7.3378],[117.3286,7.34]]],[[[117.333,6.9308],[117.3331,6.93],[117.3368,6.9285],[117.3408,6.9286],[117.3363,6.9318],[117.333,6.9308]]],[[[117.3333,7.2369],[117.3353,7.2342],[117.3392,7.2347],[117.3386,7.2367],[117.3333,7.2369]]],[[[117.3344,7.2686],[117.3358,7.2639],[117.3419,7.2603],[117.3458,7.2653],[117.3461,7.2681],[117.3408,7.2725],[117.3361,7.2728],[117.3344,7.2686]]],[[[117.4055,6.9314],[117.4059,6.9296],[117.4067,6.9298],[117.4068,6.9311],[117.4055,6.9314]]],[[[117.4675,6.8911],[117.4696,6.8851],[117.4763,6.8817],[117.4811,6.8838],[117.4822,6.8882],[117.4805,6.8911],[117.4766,6.8927],[117.4694,6.8938],[117.4675,6.8911]]]]}},{"type":"Feature","properties":{"division":"Interior","districts":"Beaufort|KualaPenyu|Sipitang|Tenom|Nabawan|Keningau|Tambunan","n_districts":7,"lng":116.14238591328854,"lat":4.944182102055998},"geometry":{"type":"MultiPolygon","coordinates":[[[[115.3072,5.2696],[115.3081,5.2671],[115.317,5.2671],[115.3227,5.2652],[115.3262,5.2639],[115.3284,5.2766],[115.3145,5.2811],[115.31,5.2769],[115.3072,5.2696]]],[[[115.3399,5.2967],[115.3536,5.2942],[115.366,5.2957],[115.3709,5.2987],[115.375,5.3025],[115.3767,5.3094],[115.3794,5.3136],[115.3802,5.3221],[115.3852,5.3263],[115.3907,5.3267],[115.3934,5.3293],[115.3935,5.3413],[115.4076,5.3666],[115.4128,5.3706],[115.4211,5.3738],[115.4294,5.3729],[115.433,5.374],[115.4431,5.3872],[115.4453,5.3872],[115.4342,5.3722],[115.4383,5.3717],[115.4461,5.3742],[115.4624,5.3694],[115.4748,5.371],[115.4781,5.3783],[115.484,5.3779],[115.4882,5.3846],[115.4927,5.3872],[115.4951,5.3865],[115.4975,5.3825],[115.5083,5.3908],[115.5228,5.3894],[115.5241,5.392],[115.5206,5.3972],[115.5209,5.407],[115.5232,5.4088],[115.527,5.4065],[115.5305,5.4076],[115.5286,5.4192],[115.5306,5.4208],[115.5359,5.4207],[115.5371,5.4285],[115.543,5.4278],[115.5538,5.4315],[115.558,5.4279],[115.5608,5.4298],[115.5597,5.4273],[115.5575,5.4272],[115.5536,5.4306],[115.5438,5.427],[115.5383,5.4278],[115.5369,5.42],[115.5294,5.4186],[115.5317,5.4072],[115.5278,5.4051],[115.5217,5.4072],[115.5213,5.398],[115.5252,5.3937],[115.5245,5.3896],[115.5218,5.3879],[115.5079,5.3894],[115.4969,5.3806],[115.4925,5.3858],[115.487,5.3807],[115.4852,5.3758],[115.4789,5.3772],[115.4775,5.3716],[115.4743,5.3693],[115.4602,5.3678],[115.4444,5.3725],[115.4377,5.3698],[115.424,5.3708],[115.4168,5.3686],[115.4091,5.3618],[115.4047,5.3511],[115.3964,5.3406],[115.3961,5.3369],[115.3986,5.3339],[115.4033,5.3361],[115.4017,5.3322],[115.3986,5.3306],[115.3911,5.3083],[115.385,5.3031],[115.3789,5.2939],[115.4017,5.2814],[115.3972,5.295],[115.3986,5.3031],[115.4039,5.3097],[115.4081,5.3114],[115.4125,5.3089],[115.4136,5.3131],[115.4139,5.3084],[115.4045,5.3084],[115.3997,5.3028],[115.3992,5.2986],[115.3998,5.2911],[115.4031,5.2833],[115.4064,5.2811],[115.4064,5.2764],[115.4131,5.2711],[115.4144,5.2733],[115.4135,5.2806],[115.4205,5.2856],[115.4259,5.2988],[115.4292,5.3006],[115.4329,5.2979],[115.4353,5.2984],[115.4456,5.3107],[115.4439,5.3178],[115.4484,5.3178],[115.4442,5.3217],[115.4442,5.3239],[115.455,5.3228],[115.4539,5.3267],[115.4561,5.3309],[115.4662,5.329],[115.4678,5.3243],[115.4706,5.325],[115.4703,5.3275],[115.4722,5.3238],[115.4673,5.3228],[115.4651,5.3283],[115.4558,5.3297],[115.4558,5.3217],[115.4512,5.3214],[115.4451,5.3233],[115.4455,5.3214],[115.4502,5.3184],[115.449,5.3165],[115.4455,5.3158],[115.4469,5.3104],[115.4357,5.2974],[115.4269,5.2983],[115.4225,5.2878],[115.4275,5.2817],[115.4294,5.2753],[115.4354,5.2726],[115.4349,5.2668],[115.4367,5.265],[115.4401,5.2692],[115.4463,5.2716],[115.4483,5.2753],[115.4528,5.2781],[115.454,5.2876],[115.465,5.2958],[115.4656,5.3017],[115.4672,5.3039],[115.4778,5.3015],[115.481,5.2963],[115.4787,5.2946],[115.4773,5.3005],[115.467,5.3028],[115.4664,5.2956],[115.4546,5.2865],[115.4554,5.2802],[115.45,5.2745],[115.4482,5.27],[115.4422,5.2692],[115.4402,5.264],[115.4361,5.2614],[115.4278,5.2614],[115.4264,5.26],[115.4297,5.2558],[115.4289,5.2531],[115.4306,5.2511],[115.4339,5.2531],[115.4488,5.2542],[115.4346,5.2529],[115.4375,5.2478],[115.4422,5.2464],[115.4447,5.2489],[115.4425,5.2458],[115.4433,5.2425],[115.4417,5.2392],[115.445,5.2383],[115.4492,5.2401],[115.4508,5.2374],[115.4538,5.2372],[115.4572,5.2344],[115.4643,5.2355],[115.4694,5.2328],[115.4728,5.2353],[115.4744,5.2417],[115.4786,5.2472],[115.4792,5.2533],[115.4811,5.2546],[115.4806,5.2478],[115.4764,5.2428],[115.4736,5.2339],[115.4697,5.2311],[115.4697,5.2267],[115.4765,5.2231],[115.4827,5.2223],[115.4837,5.2184],[115.4897,5.2155],[115.492,5.2097],[115.4967,5.2056],[115.5066,5.2075],[115.508,5.2052],[115.5107,5.2079],[115.5178,5.2044],[115.5186,5.2006],[115.5166,5.1968],[115.5187,5.1969],[115.5247,5.2024],[115.5267,5.2081],[115.5264,5.2028],[115.522,5.1987],[115.5226,5.1965],[115.5313,5.2],[115.537,5.2005],[115.5373,5.2024],[115.5408,5.2025],[115.5425,5.1997],[115.5456,5.2046],[115.5466,5.201],[115.5507,5.2033],[115.5521,5.2017],[115.5534,5.2028],[115.5483,5.1939],[115.5494,5.1912],[115.5528,5.1896],[115.5489,5.1853],[115.5497,5.183],[115.561,5.1907],[115.5625,5.2042],[115.5639,5.1986],[115.5626,5.1899],[115.5644,5.1898],[115.567,5.1971],[115.5686,5.1987],[115.5689,5.1964],[115.5704,5.1962],[115.5733,5.204],[115.5803,5.2142],[115.5804,5.2187],[115.5773,5.221],[115.5807,5.2192],[115.5825,5.2199],[115.5816,5.2232],[115.5733,5.2267],[115.5678,5.2266],[115.5786,5.2279],[115.5789,5.2295],[115.5821,5.2256],[115.5844,5.2253],[115.59,5.2381],[115.5828,5.2409],[115.58,5.2461],[115.5806,5.2478],[115.5851,5.2408],[115.5892,5.2407],[115.5913,5.2379],[115.5873,5.2304],[115.5881,5.2271],[115.5963,5.2235],[115.5981,5.22],[115.6019,5.2197],[115.6131,5.2303],[115.6147,5.2292],[115.6089,5.2231],[115.5913,5.2137],[115.5879,5.2087],[115.5883,5.2014],[115.5897,5.1994],[115.5919,5.1997],[115.5883,5.1939],[115.5886,5.1906],[115.5947,5.1869],[115.5948,5.1853],[115.5907,5.1843],[115.5909,5.1807],[115.5783,5.1795],[115.5732,5.1867],[115.57,5.1778],[115.5716,5.1705],[115.5711,5.1611],[115.5669,5.1553],[115.5609,5.1516],[115.5525,5.14],[115.5539,5.1319],[115.5525,5.1269],[115.5549,5.1145],[115.5525,5.0944],[115.5469,5.0728],[115.5397,5.0668],[115.5343,5.068],[115.5329,5.071],[115.5325,5.0654],[115.5272,5.0512],[115.5246,5.0473],[115.5176,5.0434],[115.5157,5.038],[115.5136,5.0374],[115.5113,5.0289],[115.4916,5.0248],[115.4858,5.0281],[115.4852,5.025],[115.4794,5.0194],[115.4691,5.0146],[115.4639,5.0152],[115.4602,4.9944],[115.4547,4.9857],[115.4801,4.9734],[115.5026,4.9674],[115.5131,4.9693],[115.521,4.9727],[115.5353,4.9825],[115.5621,4.996],[115.6126,5.0022],[115.6236,4.9993],[115.6306,4.9924],[115.6337,4.9834],[115.6348,4.9673],[115.6369,4.9613],[115.6357,4.9488],[115.6475,4.9208],[115.6528,4.886],[115.6659,4.8392],[115.6648,4.7907],[115.6605,4.7823],[115.6505,4.7769],[115.6439,4.7672],[115.6202,4.7144],[115.6098,4.6847],[115.6002,4.6728],[115.5815,4.6576],[115.5728,4.6483],[115.5684,4.6422],[115.5662,4.633],[115.5624,4.6271],[115.5594,4.617],[115.5598,4.6093],[115.5633,4.5998],[115.5773,4.5777],[115.5816,4.5733],[115.58,4.5551],[115.5809,4.5473],[115.5899,4.5322],[115.5914,4.527],[115.5924,4.516],[115.5907,4.5111],[115.5822,4.5023],[115.5767,4.4997],[115.5747,4.492],[115.5751,4.4867],[115.5828,4.4772],[115.593,4.4588],[115.6066,4.4275],[115.605,4.4105],[115.599,4.3903],[115.6004,4.3754],[115.6039,4.3708],[115.6172,4.3624],[115.6216,4.3569],[115.6283,4.3543],[115.6504,4.3508],[115.6594,4.3471],[115.6674,4.3402],[115.675,4.3307],[115.6797,4.3178],[115.6803,4.2976],[115.6554,4.251],[115.6459,4.189],[115.6597,4.1395],[115.6684,4.1323],[115.6842,4.1259],[115.689,4.1563],[115.7062,4.1908],[115.7085,4.1933],[115.7187,4.1938],[115.7269,4.1886],[115.7323,4.1924],[115.7395,4.2072],[115.7434,4.2097],[115.751,4.2112],[115.7565,4.2178],[115.7569,4.2227],[115.7589,4.2241],[115.7592,4.2289],[115.7636,4.2335],[115.7648,4.2406],[115.7691,4.2347],[115.7738,4.243],[115.7885,4.2407],[115.791,4.2381],[115.7957,4.2376],[115.7981,4.2264],[115.8016,4.2198],[115.8051,4.2235],[115.8106,4.2218],[115.818,4.2219],[115.8266,4.2263],[115.8325,4.2355],[115.8345,4.2579],[115.8369,4.2615],[115.8431,4.2652],[115.8388,4.2668],[115.8492,4.2731],[115.8491,4.2785],[115.8512,4.2805],[115.8595,4.2794],[115.8636,4.2854],[115.8695,4.2852],[115.8708,4.2892],[115.874,4.2901],[115.8785,4.2951],[115.8773,4.3033],[115.8708,4.3162],[115.8704,4.3241],[115.8794,4.3825],[115.8843,4.3883],[115.8903,4.3907],[115.88992490814884,4.393021771078662],[115.892,4.3923],[115.89286086956521,4.392960869565218],[115.89,4.3901],[115.9028,4.3905],[115.9099,4.3882],[115.9152,4.3774],[115.9151,4.371],[115.9201,4.3671],[115.9219,4.3617],[115.9301,4.3536],[115.9645,4.3536],[115.9999,4.3478],[116.0037,4.3433],[116.0073,4.335],[116.014,4.336],[116.0193,4.3331],[116.0269,4.3322],[116.0311,4.328],[116.0307,4.3222],[116.0334,4.3187],[116.0316,4.3],[116.0342,4.295],[116.0589,4.2813],[116.0704,4.2721],[116.0793,4.2712],[116.0844,4.2766],[116.1045,4.3169],[116.116,4.3328],[116.119,4.3341],[116.1287,4.33],[116.1325,4.33],[116.143,4.3391],[116.1561,4.3402],[116.1623,4.3563],[116.1641,4.3771],[116.1661,4.3815],[116.1702,4.3843],[116.1797,4.3806],[116.1871,4.3809],[116.1984,4.3774],[116.2011,4.3732],[116.2046,4.3739],[116.2118,4.38],[116.218,4.3815],[116.2342,4.377],[116.254,4.3755],[116.2621,4.3614],[116.2775,4.3615],[116.2798,4.3597],[116.2933,4.372],[116.3051,4.3685],[116.3114,4.3691],[116.3368,4.3819],[116.3526,4.3847],[116.368,4.378],[116.3789,4.3758],[116.3818,4.3687],[116.382,4.3628],[116.3842,4.3601],[116.3889,4.3587],[116.3914,4.3605],[116.3908,4.3585],[116.4008,4.3563],[116.4076,4.3443],[116.4175,4.3342],[116.4194,4.3295],[116.4188,4.3267],[116.4283,4.3275],[116.4317,4.3209],[116.4338,4.2972],[116.4392,4.289],[116.4433,4.2882],[116.4493,4.2905],[116.4519,4.2954],[116.4582,4.2964],[116.4597,4.2946],[116.4629,4.2943],[116.4706,4.3],[116.4794,4.3034],[116.483,4.3092],[116.4825,4.316],[116.4884,4.3208],[116.4863,4.3295],[116.4886,4.3323],[116.4912,4.3325],[116.5046,4.3217],[116.5141,4.3208],[116.5308,4.3233],[116.5359,4.3212],[116.5391,4.3265],[116.5398,4.3343],[116.5385,4.3379],[116.531,4.3451],[116.5302,4.349],[116.5346,4.3667],[116.5412,4.3761],[116.5636,4.3905],[116.5639,4.3998],[116.5656,4.403],[116.5685,4.4033],[116.5823,4.3771],[116.5887,4.3731],[116.5989,4.3743],[116.5988,4.372],[116.6042,4.3715],[116.6101,4.366],[116.6127,4.3595],[116.6152,4.3403],[116.6169,4.3357],[116.6212,4.332],[116.6267,4.3312],[116.6496,4.3354],[116.6568,4.339],[116.6572,4.3409],[116.6642,4.3459],[116.6681,4.3456],[116.6817,4.3377],[116.6981,4.3365],[116.7027,4.3324],[116.7055,4.3332],[116.7098,4.3412],[116.7183,4.3458],[116.7276,4.3485],[116.7324,4.352],[116.7353,4.3602],[116.7396,4.366],[116.7436,4.3804],[116.749,4.3819],[116.7543,4.3792],[116.7677,4.3667],[116.7785,4.3531],[116.784,4.3422],[116.7896,4.3374],[116.7977,4.3384],[116.8082,4.3438],[116.8163,4.3394],[116.8291,4.3264],[116.8434,4.3262],[116.8475,4.3305],[116.8531,4.3327],[116.8652,4.3345],[116.8722,4.3376],[116.9005,4.3612],[116.9058,4.3638],[116.9105,4.3642],[116.9247,4.3548],[116.9412,4.3544],[116.9473,4.3519],[116.9526,4.3603],[116.9642,4.3718],[116.9761,4.3776],[116.9871,4.3805],[117.0171,4.3778],[117.0283,4.3817],[117.0339,4.3864],[117.0386,4.3939],[117.0422,4.4015],[117.0424,4.4084],[117.0406,4.4172],[117.0322,4.4315],[117.0294,4.4428],[117.0329,4.4507],[117.0458,4.4696],[117.0613,4.4878],[117.0421,4.5107],[117.0171,4.5363],[117.007,4.5442],[116.9984,4.5477],[116.969,4.5517],[116.9414,4.5524],[116.9174,4.5572],[116.9122,4.56],[116.9102,4.5656],[116.8889,4.5929],[116.8803,4.6079],[116.874,4.6114],[116.8686,4.6121],[116.8503,4.61],[116.839,4.6116],[116.8325,4.6181],[116.8329,4.6264],[116.8358,4.6313],[116.8646,4.6521],[116.8773,4.6652],[116.8761,4.6802],[116.8806,4.6886],[116.8868,4.6952],[116.8937,4.7108],[116.8914,4.7197],[116.8832,4.7263],[116.8611,4.7263],[116.8436,4.7323],[116.8403,4.7374],[116.8394,4.7428],[116.8435,4.7601],[116.848,4.768],[116.8491,4.7764],[116.8473,4.7831],[116.8411,4.7905],[116.825,4.8041],[116.8167,4.8068],[116.8076,4.8074],[116.7669,4.7965],[116.7608,4.7976],[116.7326,4.8106],[116.7218,4.8115],[116.7082,4.8081],[116.6911,4.7986],[116.6805,4.7885],[116.6657,4.7668],[116.6481,4.7488],[116.6371,4.7437],[116.6251,4.7408],[116.6135,4.7447],[116.6025,4.7407],[116.5958,4.7429],[116.5844,4.7593],[116.5799,4.7685],[116.5775,4.7799],[116.5775,4.7941],[116.5802,4.8085],[116.5722,4.8143],[116.5424,4.8441],[116.532,4.9022],[116.535,4.9319],[116.5231,4.9721],[116.5498,4.9927],[116.5498,5.0048],[116.5446,5.0326],[116.541,5.0444],[116.5357,5.0539],[116.5124,5.0853],[116.5099,5.0957],[116.4819,5.1314],[116.4698,5.1481],[116.4635,5.162],[116.4573,5.1882],[116.4588,5.2],[116.4629,5.2123],[116.4826,5.2363],[116.5097,5.256],[116.5304,5.2669],[116.544,5.2792],[116.548,5.2865],[116.5599,5.2964],[116.5754,5.304],[116.5847,5.313],[116.4259,5.5114],[116.4386,5.5235],[116.452,5.5304],[116.4819,5.541],[116.5453,5.5577],[116.5542,5.5585],[116.5669,5.5734],[116.5699,5.5816],[116.5706,5.6004],[116.586,5.6385],[116.5941,5.6933],[116.5966,5.7226],[116.579,5.7502],[116.5632,5.7611],[116.5732,5.7929],[116.5464,5.8104],[116.5473,5.864],[116.5535,5.8773],[116.5455,5.8793],[116.5192,5.8986],[116.4986,5.9032],[116.4572,5.9199],[116.4421,5.9219],[116.4251,5.9139],[116.4164,5.9069],[116.4129,5.8978],[116.4091,5.8593],[116.3945,5.8323],[116.3866,5.8233],[116.3759,5.8197],[116.3683,5.8208],[116.3513,5.8313],[116.3474,5.832],[116.3415,5.8303],[116.3229,5.7789],[116.3161,5.7658],[116.3077,5.7538],[116.2939,5.7422],[116.2843,5.7371],[116.2744,5.7254],[116.2678,5.7077],[116.2644,5.6947],[116.2639,5.684],[116.259,5.6705],[116.2539,5.667],[116.2487,5.6663],[116.2421,5.6672],[116.2369,5.6699],[116.2307,5.6739],[116.2138,5.6995],[116.2052,5.7047],[116.1957,5.7054],[116.191,5.702],[116.1796,5.6841],[116.1708,5.6655],[116.1581,5.6305],[116.15831787709497,5.630471508379888],[116.1416,5.6301],[116.1279,5.6323],[116.1145,5.6287],[116.091,5.5652],[116.0887,5.5382],[116.0928,5.5073],[116.0897,5.4969],[116.0854,5.4914],[116.0765,5.4863],[116.0571,5.4796],[116.0417,5.471],[116.0294,5.449],[116.0141,5.4302],[115.9927,5.3854],[115.9904,5.3803],[115.9839,5.373],[115.9802,5.38],[115.9688,5.3912],[115.9335,5.4116],[115.9206,5.4152],[115.8864,5.4186],[115.8802,5.4227],[115.8683,5.4364],[115.8611,5.4608],[115.851,5.5098],[115.8451,5.5165],[115.8257,5.5309],[115.8143,5.5358],[115.8098,5.5418],[115.7927,5.535],[115.7891,5.5358],[115.7799,5.5329],[115.7629,5.5306],[115.7393,5.5308],[115.6961,5.5345],[115.6741,5.5383],[115.66,5.5408],[115.66,5.5389],[115.6642,5.5378],[115.6608,5.5369],[115.658,5.5409],[115.6402,5.5459],[115.6168,5.5584],[115.6048,5.5704],[115.6,5.5693],[115.5901,5.5538],[115.6013,5.5417],[115.6039,5.5339],[115.6092,5.5275],[115.6081,5.5222],[115.6047,5.5203],[115.6013,5.5233],[115.5997,5.5228],[115.6,5.5258],[115.5855,5.5373],[115.5853,5.5445],[115.5886,5.5576],[115.5942,5.5651],[115.6069,5.5769],[115.6109,5.5935],[115.6163,5.6032],[115.62,5.6059],[115.6207,5.6108],[115.62,5.6181],[115.617,5.6237],[115.6097,5.6244],[115.6006,5.6312],[115.593,5.63],[115.5899,5.623],[115.5912,5.6207],[115.5902,5.6179],[115.587,5.6159],[115.5841,5.6059],[115.5789,5.5978],[115.5769,5.5885],[115.5705,5.5796],[115.5631,5.5752],[115.5628,5.5672],[115.5581,5.5561],[115.5452,5.5398],[115.5029,5.5094],[115.4895,5.4945],[115.4784,5.4873],[115.4641,5.4695],[115.4477,5.4538],[115.4352,5.4361],[115.4229,5.4242],[115.4053,5.4131],[115.3851,5.411],[115.3751,5.4043],[115.3651,5.3866],[115.3685,5.3814],[115.3706,5.3682],[115.3694,5.3577],[115.3623,5.3469],[115.3648,5.3384],[115.3627,5.3248],[115.3561,5.3178],[115.354,5.31],[115.344,5.3033],[115.3401,5.2995],[115.3399,5.2967]],[[115.6746,5.5108],[115.672,5.5079],[115.6700609375,5.5075578125],[115.6746,5.5108]],[[115.6741,5.5383],[115.6756,5.5227],[115.6746,5.5108],[115.6752,5.5185],[115.6741,5.5383]],[[115.643,5.5116],[115.66584620481927,5.506814036144578],[115.6652,5.5067],[115.643,5.5116]],[[115.7453,5.0619],[115.7756,5.0642],[115.8013,5.0656],[115.7453,5.0619]],[[115.8135,5.0569],[115.8267,5.0482],[115.82964881649872,5.045141153034919],[115.8135,5.0569]],[[115.8277,4.8952],[115.82784653567735,4.897476938986556],[115.82793315508022,4.893990508021391],[115.8277,4.8952]],[[115.82872560724579,4.889879662412516],[115.8327,4.8821],[115.8293,4.8869],[115.82872560724579,4.889879662412516]],[[115.83921932011332,5.035213541076487],[115.8401,5.0343],[115.84070103626944,5.0332782383419685],[115.83921932011332,5.035213541076487]],[[115.8394,4.6422],[115.8404,4.6475],[115.83986260942059,4.6398421842434345],[115.8394,4.6422]],[[115.90113548806941,4.399313101952278],[115.9118,4.4075],[115.9169,4.4097],[115.90113548806941,4.399313101952278]],[[116.1079,4.6802],[116.1095,4.6856],[116.11110417287631,4.687800596125186],[116.1079,4.6802]],[[116.11480483870967,4.692877150537634],[116.1173,4.6963],[116.1326,4.7098],[116.11480483870967,4.692877150537634]],[[116.1783,5.6228],[116.19247333333334,5.605269824561404],[116.1884,5.6087],[116.1783,5.6228]]],[[[115.3497,5.2896],[115.3507,5.2871],[115.3526,5.2852],[115.3526,5.2877],[115.3497,5.2896]]],[[[115.3796,5.3039],[115.3812,5.302],[115.3827,5.3055],[115.3799,5.3055],[115.3796,5.3039]]],[[[115.3815,5.309],[115.3853,5.3087],[115.3885,5.3106],[115.3923,5.3246],[115.3821,5.3195],[115.3815,5.309]]]]}},{"type":"Feature","properties":{"division":"Sandakan","districts":"Sandakan|Beluran|Kinabatangan|Tongod","n_districts":4,"lng":117.49576498004794,"lat":5.512197913212722},"geometry":{"type":"MultiPolygon","coordinates":[[[[116.4259,5.5114],[116.5847,5.313],[116.5754,5.304],[116.5599,5.2964],[116.548,5.2865],[116.544,5.2792],[116.5304,5.2669],[116.5097,5.256],[116.4826,5.2363],[116.4629,5.2123],[116.4588,5.2],[116.4573,5.1882],[116.4635,5.162],[116.4698,5.1481],[116.5099,5.0957],[116.5124,5.0853],[116.5303,5.0617],[116.541,5.0444],[116.5473,5.0205],[116.5498,5.0048],[116.5498,4.9927],[116.5231,4.9721],[116.535,4.9319],[116.532,4.9022],[116.5424,4.8441],[116.5722,4.8143],[116.5802,4.8085],[116.5775,4.7941],[116.5775,4.7799],[116.5799,4.7685],[116.5844,4.7593],[116.5958,4.7429],[116.6025,4.7407],[116.6135,4.7447],[116.6251,4.7408],[116.6371,4.7437],[116.6481,4.7488],[116.6657,4.7668],[116.6805,4.7885],[116.6911,4.7986],[116.7082,4.8081],[116.7218,4.8115],[116.7326,4.8106],[116.7608,4.7976],[116.7669,4.7965],[116.8076,4.8074],[116.8167,4.8068],[116.825,4.8041],[116.8411,4.7905],[116.8473,4.7831],[116.8491,4.7764],[116.848,4.768],[116.8435,4.7601],[116.8394,4.7428],[116.8403,4.7374],[116.8436,4.7323],[116.8611,4.7263],[116.8832,4.7263],[116.8914,4.7197],[116.8937,4.7108],[116.8868,4.6952],[116.8806,4.6886],[116.8761,4.6802],[116.8773,4.6652],[116.8646,4.6521],[116.8358,4.6313],[116.8329,4.6264],[116.8325,4.6181],[116.839,4.6116],[116.8503,4.61],[116.8686,4.6121],[116.874,4.6114],[116.8803,4.6079],[116.8889,4.5929],[116.9102,4.5656],[116.9122,4.56],[116.9174,4.5572],[116.9414,4.5524],[116.969,4.5517],[116.9984,4.5477],[117.007,4.5442],[117.0171,4.5363],[117.0421,4.5107],[117.0613,4.4878],[117.0701,4.5059],[117.0874,4.5272],[117.1018,4.5359],[117.1224,4.5381],[117.1351,4.5414],[117.1386,4.544],[117.1395,4.5468],[117.1397,4.5501],[117.1148,4.5761],[117.1026,4.5948],[117.0962,4.6009],[117.0902,4.603],[117.0788,4.6018],[117.0733,4.6155],[117.0774,4.6555],[117.085,4.6838],[117.0869,4.7031],[117.0899,4.7075],[117.1116,4.7016],[117.1226,4.7015],[117.1505,4.706],[117.1651,4.7038],[117.1829,4.6896],[117.2006,4.6847],[117.2162,4.6909],[117.244,4.6969],[117.2637,4.7089],[117.2788,4.722],[117.2817,4.7348],[117.281,4.7594],[117.2838,4.7615],[117.2966,4.7564],[117.3004,4.7657],[117.3054,4.7723],[117.3146,4.7712],[117.322,4.7668],[117.3435,4.7433],[117.3507,4.7385],[117.3552,4.7365],[117.3672,4.7361],[117.3744,4.7233],[117.3777,4.7134],[117.3897,4.6966],[117.4034,4.6841],[117.4138,4.6793],[117.4376,4.6786],[117.443,4.6825],[117.4501,4.697],[117.4798,4.7219],[117.4851,4.7294],[117.4878,4.7387],[117.4692,4.7725],[117.4649,4.7851],[117.4665,4.7949],[117.4702,4.8051],[117.4812,4.8187],[117.4838,4.8259],[117.4841,4.8502],[117.4878,4.8589],[117.5111,4.8643],[117.5207,4.8698],[117.5268,4.8782],[117.5286,4.8905],[117.5224,4.913],[117.5142,4.9319],[117.5137,4.9426],[117.5155,4.9547],[117.5498,4.985],[117.5561,4.9869],[117.5634,4.986],[117.5736,4.9802],[117.5784,4.98],[117.5827,4.9819],[117.5923,5.0012],[117.6037,5.0119],[117.6104,5.0154],[117.6572,5.0298],[117.6887,5.0431],[117.6941,5.0505],[117.6965,5.0608],[117.701,5.1014],[117.7108,5.1279],[117.7248,5.1537],[117.7373,5.1698],[117.7793,5.2165],[117.7858,5.2268],[117.7954,5.231],[117.8086,5.2339],[117.8234,5.2314],[117.837,5.2267],[117.8587,5.2145],[117.8658,5.2127],[117.8945,5.1994],[117.9524,5.1838],[118.1646,5.2157],[118.1628,5.2146],[118.2547,5.2255],[118.3099,5.2531],[118.3465,5.2984],[119.2474,5.2696],[119.2483,5.2726],[119.2542,5.2752],[119.2564,5.2779],[119.2559,5.2884],[119.2622,5.2994],[119.2647,5.31],[119.2626,5.316],[119.2628,5.3229],[119.2556,5.345],[119.2572,5.3486],[119.2553,5.3536],[119.2567,5.3592],[119.2511,5.3664],[119.2522,5.3686],[119.2494,5.3694],[119.2479,5.3714],[119.2488,5.3731],[119.2464,5.3737],[119.2479,5.3761],[119.2435,5.3816],[119.241,5.3886],[119.2292,5.4006],[119.2242,5.4084],[119.2135,5.4184],[119.2126,5.421],[119.2049,5.4274],[119.2003,5.429],[119.1947,5.434],[119.1863,5.4358],[119.1589,5.45],[119.1491,5.4509],[119.1424,5.448],[119.1366,5.4416],[119.1096,5.4362],[119.1043,5.4278],[119.1043,5.4197],[119.103,5.4149],[119.1002,5.4121],[119.082,5.404],[119.0603,5.4009],[119.0489,5.4009],[119.0122,5.4075],[118.9664,5.4261],[118.9599,5.4271],[118.9572,5.4297],[118.9442,5.4314],[118.9408,5.4233],[118.945,5.4167],[118.9444,5.4067],[118.9461,5.4044],[118.9472,5.405],[118.9475,5.4022],[118.95,5.3997],[118.9475,5.3933],[118.9481,5.3858],[118.9492,5.3853],[118.9511,5.3879],[118.9561,5.3844],[118.9672,5.3822],[118.9781,5.39],[118.9872,5.3897],[118.9975,5.3939],[118.9983,5.3908],[118.9758,5.3869],[118.9708,5.3814],[118.9708,5.3771],[118.9683,5.38],[118.9617,5.3797],[118.9525,5.3828],[118.9461,5.3814],[118.9364,5.3839],[118.9336,5.3778],[118.9217,5.3744],[118.9133,5.3756],[118.9108,5.3728],[118.9078,5.3767],[118.9053,5.3747],[118.8914,5.3806],[118.8861,5.3803],[118.8836,5.3831],[118.8769,5.3775],[118.8668,5.3829],[118.8617,5.3769],[118.8569,5.3825],[118.8525,5.3803],[118.8492,5.3817],[118.8472,5.3881],[118.8517,5.3814],[118.8583,5.3833],[118.8619,5.3781],[118.8667,5.3842],[118.8704,5.3834],[118.8739,5.3797],[118.8772,5.3789],[118.8794,5.3808],[118.8792,5.3844],[118.8817,5.3875],[118.8931,5.3939],[118.8975,5.3989],[118.8939,5.4042],[118.8928,5.41],[118.8861,5.4097],[118.8822,5.4136],[118.8831,5.4175],[118.8808,5.4203],[118.8717,5.4197],[118.868,5.4215],[118.8639,5.4206],[118.8662,5.4221],[118.8697,5.4236],[118.8717,5.4208],[118.8825,5.4206],[118.8847,5.4183],[118.8847,5.4136],[118.8864,5.4114],[118.8931,5.4131],[118.8958,5.4092],[118.8958,5.4047],[118.9022,5.4014],[118.9192,5.4039],[118.9281,5.4158],[118.935,5.4175],[118.9217,5.4378],[118.9075,5.4492],[118.8936,5.4572],[118.8697,5.4672],[118.8508,5.4786],[118.8489,5.4792],[118.8456,5.4764],[118.8431,5.4803],[118.8433,5.4844],[118.8378,5.4908],[118.8192,5.5052],[118.8085,5.5094],[118.8078,5.5075],[118.8103,5.5003],[118.8125,5.4839],[118.8122,5.4592],[118.8139,5.4572],[118.8208,5.4561],[118.8261,5.4489],[118.8286,5.4485],[118.8219,5.4461],[118.8236,5.45],[118.8189,5.4556],[118.8142,5.4542],[118.81,5.4553],[118.8089,5.4539],[118.8089,5.4489],[118.8136,5.4392],[118.8133,5.4269],[118.8092,5.4167],[118.8106,5.4137],[118.815,5.4122],[118.8124,5.4094],[118.8086,5.4144],[118.8025,5.415],[118.7997,5.4133],[118.8014,5.4161],[118.8,5.4194],[118.79,5.4264],[118.7883,5.4256],[118.7889,5.4206],[118.7858,5.4111],[118.7872,5.4258],[118.7886,5.4278],[118.8031,5.4192],[118.8056,5.4189],[118.8097,5.4214],[118.8114,5.4272],[118.8109,5.4397],[118.8064,5.4414],[118.8022,5.4358],[118.8002,5.4381],[118.7985,5.4478],[118.8014,5.4542],[118.8003,5.4572],[118.7992,5.4571],[118.7989,5.4539],[118.7961,5.4522],[118.7889,5.4531],[118.7825,5.4553],[118.7806,5.4614],[118.7772,5.4569],[118.7733,5.4572],[118.7711,5.4547],[118.7706,5.4558],[118.7722,5.4592],[118.7772,5.4583],[118.7806,5.4628],[118.7831,5.4608],[118.7844,5.4553],[118.7951,5.4528],[118.7979,5.4539],[118.7978,5.4628],[118.7997,5.4683],[118.7989,5.4806],[118.7961,5.4819],[118.7947,5.4881],[118.7922,5.4903],[118.79,5.49],[118.7844,5.4853],[118.7828,5.4831],[118.7836,5.4756],[118.7817,5.4728],[118.7828,5.4792],[118.7806,5.4811],[118.7872,5.4906],[118.7914,5.4917],[118.795,5.4897],[118.7967,5.4836],[118.7989,5.4814],[118.8047,5.4914],[118.805,5.5008],[118.7956,5.5133],[118.7792,5.5275],[118.7739,5.5306],[118.7619,5.5336],[118.7579,5.5341],[118.7555,5.5308],[118.7536,5.5347],[118.7094,5.5642],[118.6908,5.5833],[118.6522,5.6306],[118.6428,5.6389],[118.6305,5.6439],[118.6183,5.6417],[118.6044,5.6289],[118.5932,5.6233],[118.5864,5.5994],[118.5869,5.5975],[118.5911,5.5987],[118.5858,5.5933],[118.5842,5.5814],[118.5853,5.5789],[118.5894,5.5783],[118.585,5.575],[118.5833,5.5681],[118.5944,5.5592],[118.5956,5.5547],[118.5997,5.5531],[118.5933,5.5492],[118.5947,5.5525],[118.5917,5.5589],[118.5864,5.5631],[118.5769,5.5575],[118.5689,5.5492],[118.5728,5.5428],[118.5691,5.5381],[118.5707,5.545],[118.5669,5.5461],[118.5642,5.5444],[118.5647,5.5339],[118.5628,5.5303],[118.5634,5.5279],[118.5589,5.5222],[118.5611,5.5181],[118.5525,5.5185],[118.5551,5.521],[118.5519,5.5256],[118.5467,5.5269],[118.545,5.5256],[118.5381,5.5322],[118.5319,5.53],[118.5278,5.5311],[118.5225,5.5272],[118.5251,5.5336],[118.5269,5.5319],[118.5392,5.5344],[118.5489,5.5342],[118.5519,5.5367],[118.5475,5.5397],[118.5472,5.5417],[118.5495,5.5445],[118.5492,5.5492],[118.5553,5.5675],[118.5456,5.5856],[118.5428,5.5883],[118.5356,5.5897],[118.5281,5.595],[118.5242,5.5956],[118.5189,5.5933],[118.5117,5.5833],[118.5061,5.5797],[118.4997,5.5792],[118.4953,5.5814],[118.4868,5.5808],[118.48,5.59],[118.4703,5.5922],[118.4629,5.602],[118.4719,5.5931],[118.4806,5.5914],[118.4843,5.5967],[118.4831,5.5892],[118.4867,5.5839],[118.4964,5.5844],[118.5028,5.5825],[118.5075,5.5831],[118.5144,5.5925],[118.5194,5.5964],[118.525,5.5978],[118.5328,5.5956],[118.5339,5.5969],[118.5322,5.5997],[118.5347,5.5994],[118.5486,5.5889],[118.5593,5.571],[118.5625,5.5692],[118.57,5.5803],[118.5736,5.5897],[118.5733,5.5964],[118.5686,5.6094],[118.5706,5.6283],[118.5778,5.6281],[118.5822,5.6261],[118.5842,5.6269],[118.5847,5.6292],[118.5964,5.6411],[118.6014,5.6417],[118.6053,5.6444],[118.6056,5.6481],[118.6031,5.6528],[118.5758,5.6842],[118.5696,5.6852],[118.5608,5.6817],[118.5583,5.6836],[118.5589,5.69],[118.55,5.6975],[118.5044,5.7297],[118.4869,5.7386],[118.485,5.7344],[118.4881,5.7256],[118.4863,5.7216],[118.4872,5.7172],[118.486,5.7136],[118.4907,5.7099],[118.4862,5.7115],[118.4852,5.7136],[118.4865,5.718],[118.4852,5.7207],[118.4867,5.7256],[118.4836,5.7353],[118.4797,5.7406],[118.4794,5.7481],[118.47,5.7553],[118.4647,5.7581],[118.4592,5.7565],[118.4597,5.7594],[118.4464,5.7669],[118.4422,5.7661],[118.439,5.76],[118.4408,5.7692],[118.4375,5.7722],[118.4142,5.7839],[118.4101,5.7801],[118.4094,5.7844],[118.4069,5.7878],[118.3911,5.795],[118.3897,5.7944],[118.3894,5.7908],[118.3942,5.7903],[118.3953,5.7881],[118.3933,5.7814],[118.3903,5.78],[118.3897,5.7739],[118.3892,5.7794],[118.3925,5.7825],[118.3939,5.7886],[118.3889,5.7903],[118.3878,5.7989],[118.3505,5.8273],[118.3471,5.8276],[118.3453,5.825],[118.345,5.815],[118.3467,5.8061],[118.3542,5.8003],[118.3714,5.7917],[118.3739,5.7869],[118.3739,5.7833],[118.3689,5.7722],[118.3733,5.7614],[118.3708,5.7583],[118.3664,5.7589],[118.3619,5.7683],[118.3603,5.755],[118.3534,5.7471],[118.3583,5.7453],[118.365,5.75],[118.3708,5.7469],[118.3697,5.7406],[118.3675,5.7394],[118.3683,5.7458],[118.3647,5.7483],[118.3572,5.7436],[118.3522,5.7469],[118.3531,5.7497],[118.3582,5.7536],[118.3596,5.7566],[118.3589,5.7678],[118.3603,5.77],[118.3647,5.7686],[118.3681,5.7594],[118.3719,5.7614],[118.3678,5.7672],[118.3669,5.7728],[118.3719,5.7872],[118.3683,5.7908],[118.3539,5.7978],[118.3508,5.7897],[118.3461,5.7883],[118.35,5.7831],[118.3522,5.7713],[118.3506,5.7792],[118.3464,5.7736],[118.345,5.7761],[118.3386,5.7761],[118.3369,5.7689],[118.3367,5.7758],[118.3386,5.7778],[118.3444,5.7786],[118.3369,5.7925],[118.3359,5.7973],[118.3317,5.7994],[118.3309,5.8024],[118.3244,5.8022],[118.3147,5.7989],[118.3089,5.7989],[118.3067,5.7964],[118.305,5.7914],[118.3089,5.7853],[118.3083,5.7806],[118.3111,5.7761],[118.3067,5.7656],[118.3052,5.7666],[118.3103,5.7765],[118.3074,5.7804],[118.3069,5.7839],[118.3014,5.7864],[118.2972,5.785],[118.2939,5.7786],[118.2914,5.7783],[118.2861,5.7814],[118.2908,5.7756],[118.2847,5.7717],[118.285,5.7664],[118.2831,5.7644],[118.2838,5.7681],[118.2822,5.7714],[118.2897,5.7753],[118.2847,5.7792],[118.2861,5.7831],[118.2936,5.78],[118.2953,5.7864],[118.3019,5.7914],[118.3028,5.7972],[118.3056,5.8011],[118.3286,5.8056],[118.3319,5.8086],[118.3314,5.8117],[118.3272,5.8172],[118.3147,5.8214],[118.3108,5.8189],[118.3072,5.8189],[118.2792,5.8219],[118.2761,5.8203],[118.2758,5.8144],[118.2736,5.8111],[118.2597,5.8083],[118.2572,5.8064],[118.2633,5.7989],[118.2614,5.7961],[118.2547,5.7964],[118.2473,5.7928],[118.2419,5.7989],[118.2478,5.7933],[118.2538,5.7969],[118.2619,5.7978],[118.2575,5.8017],[118.2556,5.8064],[118.2603,5.8103],[118.27,5.8114],[118.2731,5.8133],[118.2725,5.8239],[118.27,5.8281],[118.265,5.8314],[118.2372,5.8417],[118.23,5.8306],[118.2228,5.8233],[118.2156,5.8189],[118.2108,5.8169],[118.1967,5.8183],[118.1906,5.8139],[118.1861,5.8128],[118.1828,5.8075],[118.1797,5.8097],[118.1653,5.807],[118.1601,5.8045],[118.1551,5.8049],[118.1461,5.7967],[118.1467,5.7931],[118.1494,5.7921],[118.15,5.7892],[118.16,5.7775],[118.1678,5.78],[118.1734,5.7843],[118.1781,5.783],[118.1736,5.7833],[118.17,5.7797],[118.1723,5.775],[118.1678,5.7789],[118.1656,5.7783],[118.1542,5.7669],[118.1556,5.7653],[118.1607,5.7667],[118.1581,5.7631],[118.1622,5.7572],[118.1617,5.7536],[118.1661,5.7492],[118.1706,5.7472],[118.1875,5.7472],[118.1905,5.7436],[118.1861,5.7386],[118.1879,5.7412],[118.1824,5.7406],[118.1861,5.7442],[118.1856,5.7461],[118.1725,5.745],[118.1611,5.7483],[118.1544,5.7425],[118.1453,5.7392],[118.1353,5.7422],[118.1261,5.7278],[118.1283,5.7233],[118.1317,5.7211],[118.1294,5.7197],[118.1317,5.7128],[118.1372,5.7129],[118.1336,5.7106],[118.1356,5.7075],[118.1414,5.7044],[118.1442,5.7008],[118.1503,5.6983],[118.1597,5.6986],[118.1617,5.7003],[118.1634,5.6969],[118.1478,5.6969],[118.147,5.6853],[118.1447,5.6864],[118.1431,5.6847],[118.1519,5.6797],[118.1619,5.679],[118.1546,5.6774],[118.1544,5.6785],[118.1511,5.6783],[118.1433,5.6822],[118.1364,5.6825],[118.1317,5.6803],[118.1301,5.6769],[118.1278,5.6775],[118.1242,5.6733],[118.1286,5.6681],[118.1322,5.6561],[118.1389,5.6503],[118.1408,5.6458],[118.1453,5.6472],[118.1442,5.6447],[118.1403,5.6444],[118.1364,5.6511],[118.1346,5.6512],[118.1341,5.6493],[118.1289,5.6625],[118.1192,5.6694],[118.1175,5.6758],[118.1189,5.6844],[118.1158,5.6906],[118.1103,5.6878],[118.1085,5.6885],[118.1075,5.6869],[118.1094,5.67],[118.1074,5.6727],[118.1081,5.6776],[118.1047,5.6869],[118.1083,5.6917],[118.1142,5.6925],[118.1155,5.6961],[118.1127,5.7063],[118.1108,5.7064],[118.1092,5.7041],[118.1067,5.7083],[118.1022,5.7078],[118.1025,5.7106],[118.1008,5.7119],[118.0975,5.7111],[118.0939,5.7075],[118.095,5.7058],[118.0962,5.7064],[118.0965,5.7037],[118.0858,5.6967],[118.0814,5.6964],[118.0802,5.6919],[118.0776,5.6946],[118.0782,5.6985],[118.0767,5.699],[118.0769,5.7008],[118.0669,5.6972],[118.0567,5.6808],[118.0556,5.6825],[118.0619,5.6911],[118.0631,5.6956],[118.0717,5.7028],[118.065,5.7042],[118.0672,5.7081],[118.0672,5.7211],[118.0619,5.7197],[118.0572,5.7214],[118.0544,5.7183],[118.0494,5.7189],[118.0453,5.7153],[118.0397,5.7153],[118.0325,5.7114],[118.0308,5.7097],[118.0317,5.7089],[118.0358,5.7083],[118.0292,5.7061],[118.0283,5.7028],[118.0219,5.6964],[118.0183,5.6869],[118.0172,5.6897],[118.0197,5.6944],[118.0128,5.6958],[118.0081,5.6942],[118.0072,5.6917],[117.9995,5.6847],[117.9997,5.6794],[117.9981,5.6822],[117.9947,5.6824],[117.9983,5.6769],[117.9938,5.6803],[117.9906,5.6796],[117.9864,5.6703],[117.9783,5.6653],[117.9775,5.6592],[117.9767,5.6647],[117.9856,5.6719],[117.988,5.6819],[117.9763,5.6772],[117.9714,5.6775],[117.968,5.6805],[117.9648,5.6807],[117.964,5.6787],[117.9667,5.6737],[117.9654,5.6728],[117.9621,5.6794],[117.9528,5.6792],[117.9447,5.665],[117.9486,5.6556],[117.9514,5.6539],[117.9506,5.6525],[117.9475,5.6544],[117.9419,5.6647],[117.9354,5.6618],[117.9422,5.6669],[117.9436,5.6716],[117.9416,5.6739],[117.9361,5.6744],[117.9253,5.6711],[117.922,5.667],[117.9177,5.6677],[117.9167,5.672],[117.9192,5.6676],[117.9215,5.668],[117.9267,5.6736],[117.9428,5.6783],[117.9468,5.6844],[117.9547,5.6895],[117.9527,5.6916],[117.9458,5.6925],[117.9419,5.6911],[117.9392,5.6875],[117.9367,5.6864],[117.9344,5.6875],[117.9326,5.6854],[117.9333,5.69],[117.9369,5.6878],[117.9392,5.6894],[117.935,5.6959],[117.9303,5.696],[117.9367,5.6978],[117.9366,5.704],[117.9346,5.7066],[117.9381,5.7112],[117.9378,5.7155],[117.9217,5.7116],[117.9163,5.7083],[117.9155,5.7043],[117.9141,5.7058],[117.9147,5.7074],[117.9166,5.7104],[117.9242,5.7148],[117.9274,5.715],[117.9322,5.7196],[117.9365,5.7189],[117.9398,5.7203],[117.9457,5.7189],[117.9498,5.7248],[117.9464,5.7333],[117.9285,5.7366],[117.9219,5.7397],[117.9156,5.7364],[117.9122,5.7397],[117.9092,5.7403],[117.9044,5.7455],[117.8976,5.7414],[117.8923,5.7408],[117.8871,5.7462],[117.898,5.743],[117.9021,5.7474],[117.9068,5.7484],[117.9101,5.7513],[117.9132,5.7575],[117.9112,5.7591],[117.9078,5.7594],[117.9042,5.7572],[117.8958,5.7557],[117.8864,5.7638],[117.8827,5.7611],[117.8787,5.7604],[117.8783,5.7583],[117.8736,5.7573],[117.8779,5.7592],[117.878,5.7615],[117.8816,5.7615],[117.8858,5.7648],[117.8938,5.7605],[117.8965,5.7682],[117.9096,5.774],[117.9067,5.777],[117.9053,5.7816],[117.8968,5.7877],[117.8983,5.7901],[117.8968,5.7911],[117.8911,5.7925],[117.879,5.7879],[117.8889,5.7931],[117.8847,5.7978],[117.8794,5.7994],[117.8799,5.8011],[117.8844,5.7997],[117.8912,5.7944],[117.8975,5.7932],[117.9085,5.7934],[117.9117,5.7986],[117.9161,5.8008],[117.9328,5.7958],[117.9348,5.7967],[117.9375,5.7942],[117.9544,5.794],[117.9606,5.7959],[117.9616,5.7979],[117.9598,5.8],[117.9554,5.7992],[117.9578,5.8017],[117.9519,5.8044],[117.9508,5.8153],[117.9522,5.815],[117.9531,5.8075],[117.9552,5.8051],[117.9575,5.8053],[117.9579,5.8075],[117.962,5.8079],[117.9639,5.8118],[117.9625,5.8172],[117.9578,5.8225],[117.9614,5.8206],[117.9656,5.8139],[117.9651,5.805],[117.9713,5.8036],[117.9757,5.8066],[117.9704,5.814],[117.9775,5.8064],[117.9895,5.8047],[117.9962,5.8071],[118.0053,5.8158],[118.0069,5.8278],[118.0175,5.8444],[118.0089,5.8567],[118.0147,5.8528],[118.015,5.8492],[118.0186,5.8439],[118.0078,5.8256],[118.0086,5.8169],[118.0072,5.8039],[118.0086,5.8028],[118.014,5.8091],[118.0175,5.7919],[118.0197,5.7903],[118.0249,5.7916],[118.0308,5.7889],[118.0388,5.7956],[118.0422,5.7972],[118.0447,5.7961],[118.0486,5.7994],[118.0503,5.7986],[118.054,5.8015],[118.0542,5.8042],[118.0581,5.8064],[118.0644,5.805],[118.0656,5.8072],[118.0712,5.8062],[118.0789,5.8081],[118.0844,5.8164],[118.0831,5.8247],[118.0847,5.8281],[118.095,5.831],[118.095,5.8339],[118.0967,5.8319],[118.1013,5.8338],[118.1031,5.8325],[118.1078,5.8364],[118.117,5.8368],[118.1236,5.8397],[118.1308,5.8464],[118.1333,5.8514],[118.1311,5.8556],[118.1211,5.8658],[118.1145,5.8697],[118.1136,5.8722],[118.1048,5.8697],[118.1033,5.8758],[118.0981,5.8794],[118.0922,5.8783],[118.0969,5.8817],[118.0981,5.8869],[118.0919,5.8992],[118.0947,5.8989],[118.1,5.9017],[118.1014,5.9044],[118.0989,5.9089],[118.0947,5.9089],[118.0868,5.9036],[118.081,5.9033],[118.0678,5.9136],[118.0597,5.9178],[118.0592,5.9222],[118.0572,5.9242],[118.0503,5.9247],[118.045,5.9292],[118.0328,5.9144],[118.0339,5.9133],[118.0325,5.9122],[118.0306,5.9133],[118.0278,5.9108],[118.0369,5.9197],[118.0439,5.9303],[118.0503,5.9269],[118.0539,5.9278],[118.0542,5.9381],[118.0511,5.9403],[118.0447,5.9411],[118.0431,5.9431],[118.0414,5.9456],[118.0414,5.95],[118.0361,5.9567],[118.0372,5.9608],[118.0386,5.9606],[118.0375,5.9567],[118.0431,5.9492],[118.0436,5.9442],[118.0475,5.9417],[118.0508,5.9425],[118.0561,5.9397],[118.0586,5.9406],[118.0689,5.9511],[118.0694,5.9586],[118.0605,5.9653],[118.0525,5.9744],[118.0411,5.9897],[118.0356,6],[118.0347,6.0058],[118.0397,6.0083],[118.0433,6.0131],[118.0414,6.0178],[118.0425,6.0192],[118.0417,6.0233],[118.0472,6.0311],[118.0461,6.0358],[118.0439,6.0372],[118.0411,6.0364],[118.0319,6.03],[118.0247,6.0272],[118.0192,6.0285],[118.0141,6.0265],[118.0147,6.0319],[118.0119,6.0321],[118.0136,6.0372],[118.0103,6.0533],[118.0114,6.0592],[117.9918,6.0612],[117.9846,6.0656],[117.9828,6.0689],[117.9808,6.0675],[117.9819,6.065],[117.9807,6.0621],[117.9747,6.0572],[117.9714,6.0572],[117.9694,6.0553],[117.9733,6.0464],[117.9703,6.043],[117.9685,6.0369],[117.9637,6.0356],[117.9605,6.0311],[117.9554,6.0305],[117.9534,6.0257],[117.9537,6.0214],[117.9519,6.0197],[117.94,6.0172],[117.9261,6.0003],[117.9133,5.9947],[117.9117,5.9964],[117.9091,5.9957],[117.9081,5.9903],[117.8983,5.9792],[117.9014,5.9736],[117.9061,5.97],[117.9144,5.9692],[117.9197,5.965],[117.9231,5.9674],[117.9197,5.9636],[117.9147,5.9667],[117.9133,5.965],[117.9178,5.9556],[117.9153,5.9472],[117.9185,5.9437],[117.924,5.9424],[117.9244,5.94],[117.9175,5.943],[117.9144,5.9464],[117.9136,5.9483],[117.9161,5.9556],[117.9128,5.9628],[117.9087,5.9673],[117.905,5.9661],[117.8955,5.9517],[117.8869,5.9464],[117.8778,5.9433],[117.8664,5.9428],[117.8458,5.9364],[117.8247,5.9356],[117.7714,5.9403],[117.7589,5.9397],[117.7572,5.9383],[117.7572,5.9275],[117.7611,5.92],[117.7675,5.9161],[117.7722,5.9076],[117.775,5.8947],[117.7743,5.8861],[117.7787,5.8695],[117.7825,5.8689],[117.7856,5.8728],[117.7797,5.8786],[117.7783,5.8822],[117.787,5.8968],[117.7975,5.9037],[117.7997,5.8986],[117.7992,5.8978],[117.7964,5.9008],[117.7925,5.8992],[117.7878,5.895],[117.7806,5.8844],[117.7807,5.8808],[117.7844,5.8794],[117.7881,5.8739],[117.7872,5.8703],[117.7822,5.8644],[117.7786,5.8633],[117.7756,5.8664],[117.7731,5.8644],[117.7653,5.865],[117.763,5.863],[117.7603,5.8511],[117.7617,5.845],[117.7673,5.8373],[117.7663,5.8308],[117.7663,5.838],[117.7592,5.8478],[117.7603,5.8594],[117.7617,5.865],[117.7709,5.8673],[117.7744,5.87],[117.7694,5.8764],[117.7675,5.8889],[117.7689,5.9003],[117.765,5.9044],[117.755,5.9044],[117.7514,5.9003],[117.7408,5.8994],[117.7372,5.8969],[117.7336,5.8986],[117.7272,5.8972],[117.7189,5.8986],[117.7122,5.8967],[117.7108,5.8994],[117.7064,5.8989],[117.6889,5.9075],[117.6769,5.9092],[117.6678,5.9069],[117.6534,5.8964],[117.6675,5.9067],[117.6583,5.9028],[117.62,5.8936],[117.6147,5.8869],[117.6183,5.8789],[117.6176,5.8773],[117.6156,5.875],[117.6083,5.8731],[117.5968,5.8793],[117.6069,5.875],[117.6162,5.8781],[117.6128,5.8836],[117.6128,5.8875],[117.6147,5.8919],[117.6203,5.8967],[117.6081,5.9033],[117.6033,5.905],[117.5914,5.9056],[117.5694,5.8997],[117.5551,5.8983],[117.5392,5.8906],[117.5011,5.8811],[117.4933,5.8742],[117.4908,5.8669],[117.4878,5.8639],[117.4789,5.8639],[117.4668,5.859],[117.4661,5.8505],[117.4617,5.8472],[117.4657,5.8517],[117.4656,5.8593],[117.4682,5.8609],[117.4686,5.864],[117.4711,5.8656],[117.4742,5.8714],[117.4842,5.8828],[117.4903,5.8864],[117.499,5.8883],[117.5006,5.8934],[117.5028,5.8932],[117.5023,5.8901],[117.5061,5.8877],[117.5225,5.8933],[117.555,5.9114],[117.5837,5.9249],[117.5739,5.9356],[117.5706,5.9253],[117.5675,5.9247],[117.5644,5.9283],[117.5647,5.936],[117.5623,5.941],[117.5619,5.952],[117.564,5.9588],[117.5677,5.9603],[117.5712,5.9586],[117.5738,5.9456],[117.5779,5.9446],[117.5797,5.9461],[117.5803,5.9622],[117.5845,5.9756],[117.5903,5.9775],[117.5972,5.9725],[117.6036,5.9731],[117.6132,5.9791],[117.6287,5.994],[117.6287,5.9981],[117.6245,6.0019],[117.6239,6.0081],[117.6264,6.0176],[117.6286,6.0206],[117.6284,6.0238],[117.6247,6.0267],[117.6245,6.0339],[117.6196,6.0416],[117.6145,6.0407],[117.6108,6.0303],[117.6053,6.0256],[117.5945,6.0266],[117.588,6.0234],[117.5793,6.0272],[117.5756,6.011],[117.5733,6.0082],[117.568,6.0065],[117.573,6.0019],[117.5696,5.9974],[117.5714,6.0025],[117.5669,6.0034],[117.5664,6.0064],[117.5742,6.0114],[117.5776,6.03],[117.58,6.03],[117.5866,6.0256],[117.5984,6.0297],[117.6067,6.0292],[117.6083,6.0306],[117.6092,6.0381],[117.6146,6.0436],[117.62,6.0442],[117.6287,6.0382],[117.6348,6.0461],[117.644,6.0544],[117.6456,6.0522],[117.6517,6.0519],[117.6563,6.055],[117.6586,6.0616],[117.6563,6.074],[117.651,6.0766],[117.6472,6.09],[117.64,6.104],[117.6266,6.1008],[117.6128,6.095],[117.6108,6.0907],[117.6106,6.0834],[117.6172,6.0671],[117.6166,6.0599],[117.6077,6.0528],[117.5922,6.0519],[117.5894,6.0505],[117.5682,6.0269],[117.5606,6.0214],[117.5551,6.01],[117.5539,6.0018],[117.5556,5.9937],[117.5544,5.9886],[117.5468,5.9792],[117.5415,5.9772],[117.5339,5.9769],[117.5306,5.9735],[117.5311,5.9777],[117.5242,5.9803],[117.5217,5.9744],[117.5172,5.9714],[117.5047,5.9662],[117.502,5.967],[117.5011,5.9696],[117.5066,5.9855],[117.5067,5.9961],[117.5008,6.0105],[117.4933,6.0103],[117.4869,6.0136],[117.5011,6.0114],[117.5072,5.9997],[117.5086,5.9905],[117.5072,5.979],[117.5033,5.9739],[117.5031,5.9678],[117.5178,5.9733],[117.5242,5.9817],[117.5289,5.9819],[117.5378,5.9794],[117.5439,5.9804],[117.5487,5.9848],[117.5536,5.9931],[117.5525,6.0006],[117.5503,6.0038],[117.5498,6.0136],[117.5576,6.0255],[117.5692,6.0345],[117.5798,6.0499],[117.5877,6.0575],[117.5931,6.06],[117.6076,6.0603],[117.6111,6.0625],[117.6119,6.0642],[117.609,6.0677],[117.605,6.0787],[117.6048,6.0883],[117.6103,6.1003],[117.6083,6.0997],[117.6061,6.0958],[117.6069,6.0999],[117.6116,6.1033],[117.621,6.1064],[117.6192,6.1104],[117.6158,6.1125],[117.6203,6.1108],[117.6233,6.1069],[117.6258,6.1067],[117.6331,6.1119],[117.635,6.1156],[117.6325,6.1186],[117.6267,6.12],[117.6258,6.1233],[117.6153,6.1325],[117.615,6.1358],[117.6097,6.1439],[117.6036,6.1436],[117.5989,6.1389],[117.5938,6.1398],[117.593,6.1375],[117.5928,6.1412],[117.598,6.1402],[117.6031,6.1447],[117.6119,6.1461],[117.6078,6.1556],[117.6069,6.1647],[117.5883,6.1725],[117.5836,6.1625],[117.5761,6.1547],[117.5516,6.1482],[117.5485,6.1492],[117.5474,6.1525],[117.5449,6.1541],[117.5356,6.152],[117.532,6.1545],[117.5306,6.1594],[117.5335,6.1613],[117.5314,6.1572],[117.5358,6.1528],[117.5445,6.1554],[117.552,6.1498],[117.5692,6.1601],[117.5785,6.1615],[117.5819,6.1634],[117.5801,6.1667],[117.5841,6.1748],[117.5775,6.1772],[117.5733,6.1842],[117.5715,6.1834],[117.5696,6.1781],[117.5656,6.1758],[117.5588,6.177],[117.5539,6.1797],[117.5558,6.1808],[117.5627,6.1778],[117.568,6.1783],[117.5681,6.1845],[117.5699,6.1879],[117.5675,6.1949],[117.5711,6.1906],[117.5708,6.188],[117.5767,6.1861],[117.5825,6.178],[117.5905,6.1851],[117.5925,6.1907],[117.6042,6.2011],[117.6078,6.2108],[117.605,6.2199],[117.6008,6.2222],[117.5917,6.22],[117.5896,6.2154],[117.5889,6.2072],[117.5839,6.2033],[117.5796,6.207],[117.5766,6.2133],[117.5711,6.2178],[117.5689,6.2161],[117.5698,6.2086],[117.5676,6.2071],[117.5655,6.2088],[117.5686,6.2089],[117.5678,6.2169],[117.5717,6.2192],[117.5776,6.2139],[117.5821,6.2061],[117.5862,6.2061],[117.5881,6.2096],[117.5889,6.2198],[117.5942,6.2239],[117.5956,6.2286],[117.6,6.2328],[117.5961,6.2383],[117.6014,6.2331],[117.595,6.2242],[117.6015,6.2245],[117.6082,6.2212],[117.6142,6.213],[117.6197,6.2123],[117.6262,6.2171],[117.6287,6.2159],[117.6317,6.2182],[117.6327,6.2225],[117.6294,6.2308],[117.6178,6.2369],[117.6164,6.2358],[117.6157,6.2387],[117.611,6.2387],[117.6091,6.2409],[117.61,6.2425],[117.6121,6.2395],[117.6161,6.24],[117.6246,6.2345],[117.6332,6.232],[117.6397,6.232],[117.6425,6.234],[117.643,6.2361],[117.6399,6.2399],[117.6434,6.2367],[117.6436,6.2403],[117.6422,6.2417],[117.6453,6.2408],[117.6467,6.2419],[117.6475,6.2469],[117.6381,6.2578],[117.6314,6.2542],[117.6269,6.2575],[117.6312,6.2551],[117.6383,6.26],[117.636,6.2629],[117.6301,6.2649],[117.63,6.2715],[117.6308,6.2656],[117.6358,6.2647],[117.6411,6.2569],[117.6467,6.2519],[117.6535,6.237],[117.6566,6.2376],[117.6619,6.2424],[117.6559,6.2515],[117.6553,6.2553],[117.6654,6.2706],[117.664,6.2727],[117.6527,6.2726],[117.6483,6.2747],[117.6483,6.2808],[117.6528,6.2843],[117.6461,6.2892],[117.6442,6.2953],[117.6503,6.3033],[117.6528,6.3032],[117.6465,6.2959],[117.6468,6.2917],[117.6488,6.2898],[117.6597,6.2889],[117.6567,6.2872],[117.6511,6.2756],[117.6617,6.2767],[117.6675,6.2711],[117.6653,6.2633],[117.6575,6.255],[117.6611,6.2478],[117.6733,6.2414],[117.68,6.2403],[117.6828,6.2358],[117.6872,6.2367],[117.6967,6.235],[117.6994,6.2308],[117.7022,6.2297],[117.7069,6.2303],[117.7114,6.2369],[117.7181,6.2431],[117.7228,6.2508],[117.7219,6.2564],[117.7201,6.2542],[117.7167,6.2625],[117.71,6.2594],[117.7039,6.2656],[117.7014,6.2653],[117.7042,6.2733],[117.7036,6.2772],[117.7014,6.2797],[117.6922,6.2822],[117.6867,6.2892],[117.6831,6.2828],[117.6792,6.2847],[117.6796,6.2887],[117.6756,6.2875],[117.6719,6.2828],[117.6697,6.2822],[117.6678,6.2838],[117.6722,6.2842],[117.6747,6.2883],[117.6786,6.29],[117.6803,6.2892],[117.6806,6.2847],[117.6828,6.2839],[117.685,6.2902],[117.6917,6.2906],[117.6914,6.2947],[117.6946,6.299],[117.6908,6.2875],[117.6934,6.2833],[117.6986,6.2828],[117.7036,6.2798],[117.7054,6.2766],[117.7073,6.2643],[117.711,6.2614],[117.7197,6.2732],[117.7258,6.2761],[117.7311,6.2817],[117.7256,6.2914],[117.7257,6.2942],[117.73,6.2992],[117.728,6.3021],[117.7232,6.3027],[117.7153,6.2967],[117.7075,6.297],[117.7059,6.299],[117.7068,6.3026],[117.6989,6.3089],[117.6997,6.3111],[117.7006,6.3081],[117.7069,6.3042],[117.7081,6.2986],[117.7103,6.2989],[117.7144,6.3042],[117.7125,6.3111],[117.7103,6.305],[117.7089,6.3087],[117.7124,6.3123],[117.7147,6.3108],[117.7155,6.3048],[117.7133,6.2984],[117.7159,6.2983],[117.7244,6.3047],[117.7319,6.3015],[117.731,6.3185],[117.7232,6.34],[117.7193,6.3432],[117.7175,6.3419],[117.7222,6.3303],[117.7186,6.3222],[117.7165,6.3209],[117.7149,6.3227],[117.7126,6.3312],[117.7089,6.3256],[117.7056,6.3256],[117.7047,6.3272],[117.7083,6.3264],[117.7106,6.3317],[117.7128,6.3328],[117.7149,6.3303],[117.7169,6.3222],[117.7208,6.3283],[117.7208,6.3322],[117.7169,6.3378],[117.7167,6.3422],[117.7142,6.3469],[117.7014,6.3464],[117.6972,6.3522],[117.6969,6.3586],[117.6954,6.3586],[117.6947,6.3564],[117.6931,6.3572],[117.6942,6.3596],[117.6977,6.3591],[117.6981,6.3531],[117.7033,6.3473],[117.7113,6.3488],[117.7175,6.3459],[117.7188,6.3472],[117.7188,6.353],[117.7213,6.3582],[117.7208,6.3685],[117.7231,6.3877],[117.7253,6.3945],[117.7217,6.3991],[117.7221,6.4067],[117.711,6.414],[117.7065,6.4141],[117.7026,6.4087],[117.6986,6.4094],[117.695,6.4039],[117.6947,6.3997],[117.6989,6.3953],[117.6968,6.3866],[117.6947,6.3856],[117.6928,6.3872],[117.6925,6.3947],[117.6891,6.3935],[117.6877,6.3907],[117.6873,6.3923],[117.6892,6.395],[117.6939,6.3967],[117.6951,6.3951],[117.6933,6.3897],[117.6944,6.3869],[117.6958,6.3872],[117.6975,6.3952],[117.6936,6.3989],[117.6928,6.4019],[117.6969,6.4097],[117.7024,6.4109],[117.7053,6.415],[117.7097,6.4158],[117.7158,6.4121],[117.7242,6.41],[117.7297,6.4044],[117.7303,6.3877],[117.732,6.3889],[117.7374,6.404],[117.7422,6.4261],[117.7377,6.4283],[117.7326,6.4337],[117.717,6.4336],[117.7089,6.4366],[117.704,6.4366],[117.6991,6.4338],[117.6967,6.4303],[117.6952,6.4191],[117.6905,6.4143],[117.6869,6.4153],[117.6746,6.4378],[117.683,6.4272],[117.6854,6.4205],[117.6882,6.4187],[117.6944,6.4223],[117.6959,6.4325],[117.6994,6.4361],[117.7049,6.4381],[117.7183,6.4378],[117.7214,6.4389],[117.7262,6.4446],[117.7123,6.451],[117.6906,6.4727],[117.6858,6.4686],[117.6781,6.4675],[117.6825,6.4631],[117.6813,6.4582],[117.6808,6.4639],[117.6704,6.4716],[117.6675,6.4718],[117.6684,6.4628],[117.6742,6.4594],[117.675,6.457],[117.6681,6.4553],[117.6641,6.4517],[117.6675,6.4564],[117.674,6.4576],[117.667,6.4622],[117.6655,6.4703],[117.6668,6.4729],[117.6778,6.4692],[117.6832,6.471],[117.6767,6.4783],[117.6701,6.4807],[117.6668,6.4857],[117.6613,6.4898],[117.6567,6.499],[117.6553,6.4981],[117.655,6.4932],[117.6504,6.4876],[117.6558,6.4768],[117.6544,6.4704],[117.6498,6.4683],[117.639,6.4743],[117.6364,6.4724],[117.6361,6.4697],[117.6414,6.4658],[117.6356,6.4678],[117.6355,6.4732],[117.6386,6.4757],[117.6436,6.4744],[117.6502,6.4698],[117.6539,6.472],[117.6541,6.4761],[117.6498,6.483],[117.6491,6.4873],[117.6537,6.496],[117.6528,6.4972],[117.6483,6.4967],[117.6379,6.5027],[117.6307,6.5115],[117.6248,6.5121],[117.6142,6.5081],[117.6056,6.5092],[117.603,6.5071],[117.5978,6.4969],[117.6142,6.478],[117.6108,6.4725],[117.6128,6.4686],[117.6106,6.4678],[117.6114,6.47],[117.6097,6.4722],[117.6115,6.477],[117.5994,6.4739],[117.5911,6.4767],[117.5878,6.4819],[117.5856,6.4817],[117.5817,6.4775],[117.5919,6.4639],[117.5906,6.46],[117.5886,6.4594],[117.5908,6.4633],[117.5844,6.47],[117.5797,6.4778],[117.5833,6.4825],[117.5875,6.4833],[117.5947,6.4769],[117.5992,6.4756],[117.6108,6.4787],[117.5964,6.4956],[117.5962,6.5004],[117.6006,6.5101],[117.5929,6.5167],[117.5696,6.5276],[117.5663,6.5316],[117.5621,6.5333],[117.5586,6.5383],[117.5558,6.5389],[117.5544,6.5375],[117.5567,6.5262],[117.5553,6.5233],[117.5537,6.5243],[117.5554,6.5249],[117.554,6.5358],[117.5454,6.5374],[117.5408,6.5323],[117.538,6.5321],[117.5447,6.538],[117.5522,6.5369],[117.5583,6.5517],[117.5522,6.555],[117.5429,6.5557],[117.5419,6.5618],[117.5436,6.5642],[117.543,6.5682],[117.5337,6.5738],[117.5352,6.58],[117.531,6.593],[117.5289,6.595],[117.5245,6.595],[117.5264,6.6028],[117.5222,6.6164],[117.5239,6.6217],[117.5233,6.6292],[117.5217,6.6311],[117.513,6.6244],[117.5049,6.6085],[117.4989,6.5992],[117.4925,6.5928],[117.481,6.5731],[117.481,6.5696],[117.4849,6.5628],[117.4844,6.5589],[117.4912,6.5524],[117.4842,6.5575],[117.4824,6.5659],[117.4784,6.5645],[117.4728,6.5547],[117.4737,6.5508],[117.4805,6.5439],[117.4816,6.5371],[117.478,6.5239],[117.4744,6.5206],[117.4667,6.5186],[117.4659,6.5149],[117.4764,6.4986],[117.4833,6.4969],[117.4717,6.4964],[117.4739,6.4892],[117.4703,6.4872],[117.4633,6.4889],[117.4728,6.4897],[117.4703,6.4956],[117.4667,6.4964],[117.4731,6.4981],[117.4742,6.5003],[117.4656,6.5088],[117.4636,6.5162],[117.4656,6.5193],[117.4751,6.5236],[117.4772,6.5261],[117.4789,6.5406],[117.4769,6.5442],[117.4747,6.5428],[117.4654,6.5474],[117.4628,6.5468],[117.4616,6.5363],[117.4569,6.5297],[117.4581,6.5223],[117.4532,6.5148],[117.4586,6.5072],[117.4574,6.5032],[117.4572,6.5067],[117.4518,6.514],[117.4564,6.5217],[117.4527,6.5283],[117.4602,6.5376],[117.4625,6.5512],[117.4614,6.5592],[117.4492,6.5556],[117.4445,6.5572],[117.4294,6.5542],[117.4235,6.5448],[117.4314,6.5403],[117.4298,6.5365],[117.4314,6.5358],[117.4229,6.5348],[117.4158,6.5374],[117.4138,6.5354],[117.4116,6.536],[117.4157,6.5389],[117.424,6.5361],[117.4279,6.5365],[117.4298,6.5387],[117.4294,6.5405],[117.4254,6.5416],[117.422,6.5448],[117.4264,6.5534],[117.4252,6.5565],[117.4239,6.5555],[117.4237,6.5599],[117.4211,6.5616],[117.413,6.5601],[117.4054,6.5639],[117.402,6.568],[117.4015,6.5722],[117.3994,6.5747],[117.3915,6.5722],[117.3857,6.575],[117.3819,6.5541],[117.3779,6.547],[117.3752,6.5458],[117.3804,6.5542],[117.3833,6.5644],[117.3825,6.5733],[117.3836,6.5756],[117.3869,6.5767],[117.3928,6.5736],[117.4,6.5825],[117.3942,6.5897],[117.3964,6.5956],[117.3953,6.5989],[117.39,6.5972],[117.3876,6.5937],[117.3897,6.5997],[117.3881,6.6033],[117.3794,6.6048],[117.3764,6.6108],[117.3722,6.6069],[117.3667,6.6064],[117.3628,6.6075],[117.3617,6.6111],[117.3522,6.5981],[117.3497,6.5961],[117.3447,6.5978],[117.3431,6.5964],[117.3467,6.5867],[117.3556,6.5786],[117.3572,6.575],[117.3458,6.5861],[117.3414,6.5964],[117.3428,6.5992],[117.3503,6.5983],[117.3581,6.6072],[117.3594,6.6144],[117.3575,6.6142],[117.3544,6.6192],[117.3528,6.6192],[117.3511,6.6175],[117.3514,6.6151],[117.3492,6.615],[117.3453,6.6108],[117.3336,6.6067],[117.3283,6.6114],[117.3222,6.6217],[117.3247,6.6106],[117.3289,6.6039],[117.3236,6.6103],[117.3197,6.6206],[117.3175,6.6178],[117.3179,6.6147],[117.3163,6.615],[117.3144,6.6108],[117.311,6.6085],[117.3061,6.6094],[117.3022,6.6128],[117.295,6.6131],[117.2912,6.6169],[117.2897,6.622],[117.2911,6.6286],[117.2887,6.6308],[117.2872,6.632],[117.2746,6.6055],[117.2669,6.5931],[117.2495,6.5751],[117.2301,6.565],[117.2114,6.5603],[117.1773,6.5593],[117.1594,6.5574],[117.1439,6.5537],[117.1332,6.5452],[117.1209,6.5286],[117.1093,6.5286],[117.0974,6.5238],[117.1083,6.4966],[117.1088,6.4981],[117.1272,6.4774],[117.1343,6.4644],[117.1141,6.4584],[117.095,6.4572],[117.0706,6.4295],[117.0806,6.4229],[117.0901,6.41],[117.0873,6.4057],[117.0987,6.319],[117.072,6.3152],[117.0297,6.3326],[117.0082,6.3382],[116.9642,6.318],[116.9356,6.3168],[116.9079,6.2796],[116.9041,6.2781],[116.9051,6.2743],[116.9859,6.261],[116.9913,6.2286],[117.056,6.1855],[117.0829,6.1855],[117.1152,6.0939],[117.0775,6.0239],[117.0344,6.04],[117.0182,6.0185],[116.9751,5.97],[116.9536,5.943],[116.9051,5.9269],[116.878,5.9195],[116.8812,5.9114],[116.8793,5.902],[116.8655,5.8857],[116.8625,5.8811],[116.8615,5.8758],[116.8649,5.8681],[116.8723,5.8576],[116.9017,5.8452],[116.9358,5.8366],[116.9465,5.8299],[116.9767,5.7804],[116.9923,5.7687],[117.0142,5.7574],[117.0225,5.7457],[117.0232,5.7359],[117.0198,5.727],[116.9916,5.696],[116.9686,5.6832],[116.9253,5.6674],[116.9076,5.6518],[116.9035,5.64],[116.9003,5.6299],[116.8865,5.6012],[116.8877,5.5753],[116.8832,5.5592],[116.8727,5.5462],[116.8591,5.5376],[116.8384,5.5349],[116.8329,5.5311],[116.832,5.528],[116.8365,5.5225],[116.8503,5.5138],[116.8523,5.5091],[116.8518,5.5031],[116.8462,5.4998],[116.8336,5.4987],[116.8124,5.5051],[116.7875,5.5184],[116.7591,5.5294],[116.7176,5.5368],[116.6742,5.5401],[116.6639,5.5424],[116.6556,5.5456],[116.6374,5.5654],[116.6295,5.5673],[116.5686,5.5511],[116.5564,5.5508],[116.5516,5.5535],[116.552,5.5583],[116.5453,5.5577],[116.4819,5.541],[116.452,5.5304],[116.4386,5.5235],[116.4259,5.5114]],[[118.3522,5.7713],[118.3484,5.7577],[118.34706355616545,5.756431346794746],[118.3522,5.7713]],[[117.39,5.5335],[117.48021562516936,5.563633878922552],[117.4799,5.5635],[117.39,5.5335]],[[117.6276,5.8501],[117.6344,5.8432],[117.63593904235728,5.840569665877401],[117.6276,5.8501]],[[117.628,5.8649],[117.6327,5.8738],[117.63656998218528,5.878025197941409],[117.628,5.8649]],[[117.6317273164038,5.627900686341892],[117.732018245497,5.6708649766511],[117.73201825866786,5.67086491199412],[117.6487,5.6351],[117.6317273164038,5.627900686341892]],[[117.73212656826568,5.670333210332115],[117.7336,5.6631],[117.7324,5.6645],[117.73212656826568,5.670333210332115]],[[117.9207,5.5761],[117.9397,5.5601],[117.9312,5.5661],[117.9207,5.5761]],[[117.9207,5.5761],[117.9212,5.5817],[117.9243,5.5893],[117.9207,5.5761]],[[118.0257,5.5323],[118.047,5.5291],[118.05109165739711,5.527996329254727],[118.0257,5.5323]],[[118.3261,5.739],[118.34022658536585,5.749941178861788],[118.3346,5.7446],[118.3261,5.739]]],[[[117.3254,6.6584],[117.3277,6.6537],[117.3361,6.6472],[117.3453,6.6369],[117.3587,6.6345],[117.3676,6.6356],[117.3811,6.6327],[117.3856,6.6272],[117.3933,6.6253],[117.3991,6.6186],[117.4131,6.6256],[117.4304,6.6234],[117.4528,6.6389],[117.47,6.6402],[117.4745,6.6444],[117.4769,6.6428],[117.4807,6.6431],[117.4852,6.6467],[117.4887,6.6469],[117.4929,6.6527],[117.5014,6.6567],[117.5105,6.6699],[117.5111,6.6769],[117.5092,6.6839],[117.5102,6.6902],[117.505,6.6982],[117.4942,6.7092],[117.4933,6.7144],[117.4892,6.7228],[117.4811,6.7306],[117.4753,6.7444],[117.4766,6.7489],[117.4744,6.7553],[117.4719,6.7583],[117.47,6.758],[117.4591,6.7497],[117.4465,6.7469],[117.4354,6.7484],[117.4305,6.7508],[117.4258,6.7501],[117.4174,6.7545],[117.4033,6.7494],[117.3904,6.7419],[117.3864,6.7335],[117.3918,6.7262],[117.3915,6.7192],[117.394,6.7134],[117.4025,6.7125],[117.4132,6.7063],[117.4158,6.7069],[117.4202,6.7049],[117.4234,6.7058],[117.4356,6.6933],[117.4419,6.6956],[117.4444,6.6981],[117.447,6.6972],[117.4342,6.6901],[117.4319,6.6903],[117.425,6.6861],[117.4214,6.6808],[117.4153,6.6786],[117.4131,6.675],[117.4069,6.6733],[117.3936,6.6764],[117.3839,6.6806],[117.3722,6.6808],[117.3692,6.6825],[117.361,6.6814],[117.3547,6.6824],[117.3503,6.6795],[117.3389,6.6774],[117.3311,6.673],[117.326,6.666],[117.3254,6.6584]]],[[[117.3568,6.6177],[117.3578,6.6153],[117.3589,6.6169],[117.3581,6.6181],[117.3568,6.6177]]],[[[117.3607,6.6217],[117.3617,6.6179],[117.3624,6.6158],[117.3628,6.6189],[117.3611,6.6221],[117.3607,6.6217]]],[[[117.385,6.6106],[117.3856,6.6086],[117.3894,6.6094],[117.3881,6.6125],[117.385,6.6119],[117.385,6.6106]]],[[[117.3983,6.5958],[117.3992,6.5942],[117.4053,6.6011],[117.4044,6.6083],[117.4022,6.6108],[117.4006,6.6061],[117.4011,6.6008],[117.3983,6.5958]]],[[[117.4006,6.5772],[117.4039,6.5792],[117.4039,6.5825],[117.4025,6.5817],[117.4017,6.5797],[117.4006,6.5772]]],[[[117.4625,6.5681],[117.4639,6.5672],[117.465,6.5692],[117.4642,6.5711],[117.4625,6.5681]]],[[[117.4689,6.5696],[117.4707,6.5687],[117.4733,6.5708],[117.4732,6.5749],[117.4709,6.5744],[117.4689,6.5696]]],[[[117.4756,5.8647],[117.4881,5.8658],[117.4944,5.8792],[117.4936,5.8806],[117.485,5.8775],[117.4781,5.8706],[117.4756,5.8647]]],[[[117.5656,5.9455],[117.5683,5.9364],[117.5661,5.9283],[117.5675,5.9267],[117.5697,5.9267],[117.5701,5.9333],[117.5722,5.9375],[117.5743,5.9379],[117.5778,5.9365],[117.5869,5.9264],[117.5868,5.9232],[117.5957,5.9192],[117.6246,5.9206],[117.6296,5.9222],[117.6384,5.9333],[117.6336,5.9378],[117.6411,5.9358],[117.6486,5.94],[117.6531,5.9443],[117.6574,5.9548],[117.6672,5.9628],[117.6817,5.9694],[117.6786,5.985],[117.6783,6],[117.6714,6.0047],[117.6636,6.0025],[117.6619,6.0047],[117.6561,6.0044],[117.6519,6.0017],[117.6436,6.003],[117.6383,5.9994],[117.6348,5.9929],[117.6373,5.9997],[117.6411,6.0035],[117.6457,6.0045],[117.652,6.0031],[117.6563,6.007],[117.6535,6.0183],[117.6469,6.0234],[117.6431,6.0254],[117.6381,6.0236],[117.6339,6.0128],[117.6294,6.0064],[117.6322,5.9969],[117.6316,5.992],[117.62,5.9785],[117.6073,5.9703],[117.6017,5.9692],[117.5966,5.9697],[117.5889,5.9742],[117.5858,5.9736],[117.5803,5.9439],[117.577,5.9426],[117.5733,5.9439],[117.571,5.9476],[117.5705,5.9561],[117.5682,5.9577],[117.5664,5.9572],[117.5656,5.9455]]],[[[117.5677,5.9128],[117.5732,5.9108],[117.5829,5.9169],[117.5777,5.9178],[117.5677,5.9128]]],[[[117.5879,6.1783],[117.5955,6.1795],[117.6055,6.1785],[117.6065,6.1791],[117.5964,6.1849],[117.5934,6.1842],[117.5879,6.1783]]],[[[117.6364,5.92],[117.6421,5.9183],[117.6521,5.92],[117.6539,5.9224],[117.6503,5.925],[117.6525,5.9306],[117.6483,5.9317],[117.6423,5.9301],[117.6364,5.92]]],[[[117.6372,6.2169],[117.6389,6.2161],[117.6394,6.212],[117.6448,6.2059],[117.6498,6.208],[117.6577,6.2288],[117.6531,6.2322],[117.6478,6.2328],[117.6433,6.2297],[117.6416,6.2231],[117.6372,6.2169]]],[[[117.6525,5.9189],[117.655,5.9178],[117.6581,5.9186],[117.6572,5.9197],[117.6591,5.9227],[117.6525,5.9189]]],[[[117.6636,5.9444],[117.6642,5.9419],[117.6767,5.9411],[117.6808,5.9464],[117.681,5.9507],[117.6836,5.9561],[117.6853,5.9572],[117.6916,5.9576],[117.6956,5.9603],[117.7058,5.975],[117.715,5.9828],[117.7172,5.9908],[117.7172,5.9994],[117.7131,6.0078],[117.7106,6.0175],[117.7161,6.0142],[117.7239,6.0208],[117.7247,6.0331],[117.7228,6.0356],[117.7197,6.0364],[117.7169,6.0372],[117.7128,6.0342],[117.7056,6.0358],[117.6981,6.0303],[117.6969,6.0247],[117.7027,6.0199],[117.6972,6.02],[117.6958,6.0119],[117.6904,6.0113],[117.6892,6.0095],[117.6906,6.0043],[117.6851,5.9853],[117.6875,5.9775],[117.6881,5.9683],[117.6819,5.9603],[117.6678,5.9533],[117.6636,5.9444]]],[[[117.6815,5.9473],[117.6842,5.9433],[117.6894,5.9439],[117.6972,5.9544],[117.6981,5.9581],[117.6856,5.9566],[117.6829,5.9537],[117.6815,5.9473]]],[[[117.6876,6.4178],[117.6888,6.4163],[117.6912,6.4163],[117.6929,6.4198],[117.6876,6.4178]]],[[[117.6927,6.0377],[117.6943,6.0348],[117.6958,6.0369],[117.698,6.0375],[117.6979,6.0423],[117.6996,6.0456],[117.6971,6.0491],[117.6948,6.0476],[117.6927,6.0377]]],[[[117.7177,6.5512],[117.7178,6.5483],[117.7198,6.5467],[117.7209,6.5502],[117.7177,6.5512]]],[[[117.721,6.2284],[117.7239,6.2251],[117.7281,6.2309],[117.7284,6.247],[117.7307,6.2558],[117.7256,6.2697],[117.7233,6.2714],[117.7266,6.254],[117.7222,6.2423],[117.7244,6.2377],[117.724,6.2326],[117.721,6.2284]]],[[[117.723,6.3996],[117.7256,6.3955],[117.7278,6.3946],[117.7291,6.3993],[117.7267,6.4047],[117.7239,6.4058],[117.723,6.3996]]],[[[117.7244,6.4374],[117.7251,6.4362],[117.7297,6.4364],[117.7311,6.4418],[117.727,6.4423],[117.7244,6.4374]]],[[[117.7264,6.3903],[117.7281,6.3908],[117.7283,6.3919],[117.7269,6.3928],[117.7264,6.3903]]],[[[117.7656,6.6125],[117.7672,6.6108],[117.7689,6.6117],[117.7669,6.6131],[117.7656,6.6125]]],[[[117.8953,5.7571],[117.9036,5.7581],[117.9086,5.7631],[117.92,5.7694],[117.9192,5.7728],[117.9147,5.7731],[117.8983,5.7672],[117.8953,5.7633],[117.8953,5.7571]]],[[[117.9073,5.7452],[117.9103,5.7433],[117.9241,5.7447],[117.9254,5.7451],[117.9243,5.7468],[117.9197,5.7489],[117.9073,5.7452]]],[[[117.9106,5.7914],[117.9119,5.7894],[117.9144,5.7883],[117.9181,5.7906],[117.9178,5.7975],[117.9139,5.7964],[117.9106,5.7914]]],[[[117.9142,5.7864],[117.9153,5.7831],[117.9233,5.7783],[117.9358,5.7776],[117.9417,5.7789],[117.947,5.7767],[117.9536,5.7697],[117.9633,5.748],[117.9719,5.7425],[117.9841,5.7445],[118.0014,5.7419],[118.0058,5.7486],[118.0144,5.7553],[118.0142,5.7597],[118.0169,5.7681],[118.0153,5.7742],[118.0078,5.7717],[118.005,5.7769],[118,5.7744],[117.9931,5.7783],[117.9919,5.7764],[117.9886,5.7801],[117.9908,5.7849],[117.9808,5.7744],[117.9808,5.7774],[117.9855,5.7816],[117.9789,5.7878],[117.9721,5.7877],[117.9683,5.7861],[117.9703,5.7889],[117.9392,5.7892],[117.9217,5.7966],[117.9189,5.7969],[117.9195,5.7908],[117.9142,5.7864]]],[[[117.9167,6.5064],[117.9179,6.5049],[117.9189,6.5078],[117.917,6.5076],[117.9167,6.5064]]],[[[117.9229,5.7557],[117.9241,5.7545],[117.9265,5.7538],[117.9272,5.7556],[117.9229,5.7557]]],[[[117.9356,5.7656],[117.9407,5.7614],[117.9433,5.7615],[117.9444,5.7675],[117.9413,5.77],[117.9364,5.7689],[117.9356,5.7656]]],[[[117.9423,5.6761],[117.9436,5.6745],[117.9468,5.6738],[117.9473,5.6779],[117.9423,5.6761]]],[[[117.9567,5.735],[117.9591,5.7333],[117.9628,5.7356],[117.9589,5.7375],[117.9567,5.735]]],[[[117.9624,6.0694],[117.9629,6.0682],[117.9645,6.0695],[117.9638,6.0719],[117.9629,6.0711],[117.9624,6.0694]]],[[[117.9711,5.7908],[117.9722,5.7889],[117.9794,5.79],[117.9807,5.7922],[117.9711,5.7908]]],[[[118.0095,6.1128],[118.0136,6.1083],[118.0214,6.1094],[118.0317,6.1192],[118.0278,6.1225],[118.0228,6.1239],[118.0189,6.1225],[118.0169,6.12],[118.0181,6.1169],[118.0095,6.1128]]],[[[118.0122,6.0599],[118.0129,6.0597],[118.0137,6.0611],[118.0126,6.0615],[118.0122,6.0599]]],[[[118.019,5.757],[118.0192,5.756],[118.0205,5.756],[118.0208,5.7585],[118.019,5.757]]],[[[118.0256,6.1253],[118.0264,6.1244],[118.0281,6.1272],[118.0258,6.1269],[118.0256,6.1253]]],[[[118.0467,6.1236],[118.0481,6.1228],[118.0494,6.1242],[118.0483,6.1253],[118.0467,6.1236]]],[[[118.0522,6.1492],[118.0528,6.1475],[118.0547,6.1511],[118.0533,6.1511],[118.0522,6.1492]]],[[[118.059,6.177],[118.0594,6.1742],[118.0601,6.1723],[118.0616,6.1744],[118.0606,6.1774],[118.059,6.177]]],[[[118.0646,6.228],[118.0657,6.2281],[118.0695,6.231],[118.0724,6.2322],[118.0699,6.236],[118.0646,6.228]]],[[[118.0704,6.282],[118.0728,6.2806],[118.0784,6.2817],[118.0819,6.2829],[118.083,6.2854],[118.0819,6.2892],[118.0794,6.2908],[118.077,6.2899],[118.075,6.2858],[118.0704,6.282]]],[[[118.0806,5.8086],[118.0808,5.8077],[118.0828,5.8081],[118.0829,5.8088],[118.0806,5.8086]]],[[[118.0839,5.7725],[118.085,5.7709],[118.0857,5.772],[118.0846,5.7737],[118.0839,5.7725]]],[[[118.089,5.7704],[118.0917,5.7697],[118.0932,5.7662],[118.0981,5.7697],[118.1078,5.7698],[118.1179,5.7734],[118.121,5.7772],[118.1213,5.7805],[118.1195,5.7814],[118.1153,5.7803],[118.1043,5.7816],[118.0993,5.7842],[118.098,5.7827],[118.0956,5.7841],[118.0931,5.7835],[118.089,5.7704]]],[[[118.0919,5.7397],[118.0939,5.7389],[118.0958,5.7403],[118.0928,5.7411],[118.0919,5.7397]]],[[[118.1007,5.9226],[118.1044,5.9167],[118.1036,5.9134],[118.1131,5.9164],[118.115,5.9214],[118.1117,5.926],[118.1073,5.9278],[118.1046,5.9265],[118.1041,5.9237],[118.1007,5.9226]]],[[[118.102,5.7242],[118.1025,5.7208],[118.1039,5.7197],[118.1063,5.7218],[118.1035,5.7254],[118.102,5.7242]]],[[[118.109,6.1673],[118.1095,6.1655],[118.1113,6.1656],[118.1115,6.1676],[118.109,6.1673]]],[[[118.1093,5.7221],[118.1103,5.7192],[118.1134,5.7192],[118.1162,5.7227],[118.1136,5.7244],[118.1111,5.7239],[118.1093,5.7221]]],[[[118.1144,6.1853],[118.1178,6.1833],[118.1219,6.185],[118.1242,6.1875],[118.1225,6.1906],[118.1186,6.19],[118.1144,6.1853]]],[[[118.1147,5.7039],[118.1156,5.7017],[118.1175,5.6983],[118.1189,5.7081],[118.1161,5.7075],[118.1167,5.7056],[118.1147,5.7039]]],[[[118.1294,5.7486],[118.1305,5.7422],[118.1347,5.7428],[118.1414,5.7494],[118.1406,5.7508],[118.1347,5.7517],[118.1308,5.7519],[118.1294,5.7486]]],[[[118.13,5.7075],[118.1306,5.7056],[118.1333,5.7042],[118.1334,5.7075],[118.13,5.7075]]],[[[118.1379,5.8776],[118.1412,5.8702],[118.1401,5.8649],[118.1428,5.8569],[118.1441,5.8558],[118.1461,5.8581],[118.1461,5.8608],[118.1488,5.8624],[118.1505,5.8673],[118.1453,5.8796],[118.1457,5.8828],[118.1395,5.8888],[118.1422,5.8834],[118.1379,5.8776]]],[[[118.1484,6.2056],[118.1493,6.2037],[118.151,6.2044],[118.1496,6.2067],[118.1484,6.2056]]],[[[118.1508,5.8239],[118.1511,5.8222],[118.1597,5.8158],[118.1711,5.8139],[118.1756,5.8117],[118.1847,5.8164],[118.1883,5.8161],[118.197,5.8206],[118.2011,5.8208],[118.2033,5.8231],[118.2061,5.8197],[118.2119,5.82],[118.2214,5.8253],[118.23,5.8333],[118.2297,5.8381],[118.2244,5.8436],[118.1947,5.8519],[118.1769,5.8525],[118.1687,5.8492],[118.1586,5.8394],[118.1558,5.8347],[118.1561,5.8294],[118.1508,5.8239]]],[[[118.1536,5.8125],[118.1554,5.8103],[118.1575,5.8121],[118.1556,5.8158],[118.1536,5.8183],[118.1536,5.8125]]],[[[118.1564,6.2017],[118.1586,6.2039],[118.1581,6.2056],[118.1567,6.2039],[118.1564,6.2017]]],[[[118.3081,6.0721],[118.3093,6.0707],[118.3176,6.0739],[118.3185,6.0782],[118.3211,6.0808],[118.3195,6.0867],[118.3137,6.0848],[118.3138,6.0819],[118.309,6.0769],[118.3081,6.0721]]],[[[118.3439,5.795],[118.3456,5.7903],[118.3478,5.7914],[118.3478,5.7942],[118.3444,5.7979],[118.3439,5.795]]],[[[118.4443,6.1048],[118.4455,6.101],[118.4495,6.1009],[118.4503,6.1066],[118.4443,6.1048]]],[[[118.7997,5.4652],[118.8,5.4639],[118.8019,5.4633],[118.8006,5.4658],[118.7997,5.4652]]],[[[118.8014,5.4778],[118.8033,5.4708],[118.8056,5.4692],[118.8069,5.4711],[118.8086,5.4786],[118.8069,5.4828],[118.8014,5.4778]]],[[[118.8983,5.3861],[118.9094,5.3781],[118.9253,5.3772],[118.9289,5.3786],[118.9364,5.3864],[118.9436,5.3867],[118.9449,5.3985],[118.9358,5.3969],[118.9286,5.3989],[118.9239,5.3994],[118.9161,5.3964],[118.9131,5.3881],[118.9089,5.3894],[118.9008,5.3892],[118.8983,5.3861]]],[[[119.1003,5.4483],[119.1031,5.4403],[119.1128,5.4381],[119.1208,5.44],[119.13,5.445],[119.1367,5.4453],[119.1406,5.4497],[119.1478,5.4522],[119.1519,5.4569],[119.1492,5.4583],[119.1475,5.4567],[119.1467,5.4594],[119.1394,5.4622],[119.1289,5.4625],[119.1217,5.46],[119.1144,5.4619],[119.1061,5.4583],[119.1003,5.4483]]]]}},{"type":"Feature","properties":{"division":"Tawau","districts":"Tawau|LahadDatu|Semporna|Kunak","n_districts":4,"lng":118.02208257945567,"lat":4.765644666793081},"geometry":{"type":"MultiPolygon","coordinates":[[[[116.9473,4.3519],[116.9553,4.3411],[116.9649,4.3372],[117,4.3396],[117.0046,4.3363],[117.0066,4.3321],[117.0062,4.3213],[117.0102,4.3209],[117.012,4.3188],[117.0182,4.3167],[117.0248,4.3203],[117.0328,4.3374],[117.0374,4.3413],[117.0446,4.3437],[117.0852,4.3334],[117.0945,4.3357],[117.1068,4.3331],[117.1155,4.3351],[117.1197,4.34],[117.1301,4.3425],[117.1325,4.3444],[117.1425,4.3435],[117.1443,4.3461],[117.1433,4.351],[117.147,4.351],[117.1507,4.3535],[117.1583,4.3529],[117.1586,4.3502],[117.1614,4.3483],[117.1612,4.3462],[117.1666,4.3458],[117.1646,4.3433],[117.1704,4.3366],[117.1773,4.3357],[117.1901,4.3383],[117.1982,4.3355],[117.2031,4.3359],[117.2129,4.3441],[117.2126,4.3526],[117.2133,4.3543],[117.2157,4.3548],[117.2174,4.3585],[117.2287,4.3623],[117.248,4.3725],[117.2499,4.3708],[117.2499,4.3641],[117.2572,4.3592],[117.2625,4.3583],[117.2689,4.3515],[117.2702,4.3474],[117.2736,4.3452],[117.2741,4.3414],[117.2855,4.3326],[117.286,4.3221],[117.2911,4.3134],[117.2959,4.3095],[117.3039,4.3104],[117.3081,4.3091],[117.3093,4.3029],[117.3132,4.2997],[117.3173,4.2999],[117.3193,4.3036],[117.3211,4.3037],[117.333,4.2959],[117.3389,4.2938],[117.3436,4.289],[117.3455,4.2914],[117.3486,4.2889],[117.3622,4.2871],[117.3644,4.2854],[117.3709,4.286],[117.3726,4.2844],[117.3737,4.2724],[117.3759,4.2687],[117.3812,4.2659],[117.3836,4.2606],[117.3888,4.2572],[117.3959,4.2585],[117.4123,4.25],[117.4126,4.2459],[117.41,4.2418],[117.4121,4.2372],[117.4201,4.2341],[117.423,4.2358],[117.4242,4.233],[117.4297,4.2297],[117.4298,4.2255],[117.4245,4.2219],[117.4277,4.2178],[117.4288,4.2123],[117.4339,4.2082],[117.4375,4.2075],[117.4422,4.2014],[117.4412,4.1952],[117.4434,4.1909],[117.4467,4.1894],[117.4495,4.1907],[117.4506,4.1881],[117.4578,4.1818],[117.4594,4.1777],[117.462,4.1782],[117.466,4.1742],[117.4723,4.1726],[117.4791,4.1685],[117.4806,4.1699],[117.4836,4.1681],[117.4867,4.1731],[117.4901,4.1744],[117.4938,4.171],[117.4965,4.1717],[117.5073,4.173],[117.5231,4.1647],[117.5292,4.1636],[117.5322,4.1655],[117.5351,4.1723],[117.5331,4.1714],[117.5308,4.1725],[117.535,4.1739],[117.5405,4.1868],[117.5388,4.1907],[117.5321,4.1953],[117.5261,4.1922],[117.5183,4.1939],[117.5128,4.1928],[117.5125,4.1942],[117.5161,4.195],[117.5278,4.1936],[117.5314,4.1964],[117.5176,4.2044],[117.51,4.2054],[117.5064,4.2033],[117.5025,4.2072],[117.4983,4.2086],[117.4981,4.2122],[117.4997,4.2092],[117.5033,4.2081],[117.5064,4.2047],[117.5092,4.2069],[117.5137,4.2071],[117.5373,4.1966],[117.5373,4.2038],[117.5394,4.2081],[117.5362,4.2105],[117.5236,4.2064],[117.5194,4.2078],[117.5119,4.2225],[117.51,4.2236],[117.505,4.2203],[117.4969,4.225],[117.4944,4.2211],[117.485,4.2206],[117.4839,4.2181],[117.4867,4.2139],[117.4858,4.2128],[117.4828,4.2197],[117.4853,4.2219],[117.4928,4.2225],[117.4967,4.2264],[117.5044,4.2217],[117.5094,4.2253],[117.5139,4.2222],[117.5197,4.2094],[117.525,4.2081],[117.535,4.2128],[117.5336,4.2189],[117.5361,4.2275],[117.5319,4.2358],[117.5331,4.2385],[117.5319,4.2406],[117.5186,4.2508],[117.5111,4.2494],[117.5097,4.2428],[117.5078,4.2408],[117.4997,4.2408],[117.4919,4.2456],[117.4914,4.2422],[117.4936,4.2386],[117.4911,4.2361],[117.4819,4.2339],[117.4794,4.2411],[117.4767,4.2428],[117.4731,4.2361],[117.4675,4.2357],[117.4719,4.2369],[117.4767,4.2447],[117.4814,4.2425],[117.4825,4.235],[117.4922,4.2389],[117.4894,4.2428],[117.4914,4.2467],[117.5017,4.2422],[117.5081,4.2431],[117.5085,4.2502],[117.4972,4.2631],[117.4945,4.2648],[117.4883,4.2586],[117.4836,4.2581],[117.4814,4.2594],[117.4764,4.2694],[117.4781,4.2692],[117.4825,4.2603],[117.4861,4.2594],[117.4939,4.2656],[117.4948,4.2689],[117.5072,4.2531],[117.5185,4.2536],[117.5383,4.2417],[117.5592,4.2583],[117.5512,4.2671],[117.5518,4.2744],[117.5458,4.2808],[117.545,4.2902],[117.5417,4.2958],[117.5452,4.3021],[117.5445,4.307],[117.547,4.3119],[117.5527,4.3183],[117.5575,4.3186],[117.5578,4.32],[117.555,4.3239],[117.5494,4.3267],[117.5508,4.3319],[117.5436,4.3314],[117.5419,4.3344],[117.5453,4.3322],[117.5506,4.3333],[117.5536,4.3319],[117.5517,4.3267],[117.5581,4.3225],[117.562,4.3117],[117.5665,4.3089],[117.5691,4.3105],[117.5713,4.3149],[117.5746,4.3165],[117.5818,4.3142],[117.5871,4.3143],[117.6022,4.3184],[117.5986,4.3218],[117.5877,4.3185],[117.5838,4.3215],[117.5784,4.3338],[117.5797,4.3343],[117.5822,4.3308],[117.5864,4.321],[117.5893,4.3201],[117.5946,4.3247],[117.5911,4.3375],[117.5875,4.3392],[117.5906,4.3397],[117.5959,4.3244],[117.6004,4.3262],[117.6065,4.3199],[117.6098,4.3093],[117.6137,4.3032],[117.6182,4.3017],[117.6213,4.3034],[117.6239,4.3078],[117.623,4.3146],[117.6277,4.3334],[117.628,4.3481],[117.6182,4.3621],[117.6103,4.3528],[117.6114,4.3481],[117.6103,4.3458],[117.6094,4.3514],[117.6073,4.3529],[117.6039,4.353],[117.6017,4.3508],[117.6031,4.353],[117.6019,4.3523],[117.5989,4.3469],[117.5944,4.3489],[117.5958,4.3497],[117.5989,4.3483],[117.6017,4.3536],[117.5946,4.3669],[117.5968,4.3683],[117.6019,4.3667],[117.6033,4.3683],[117.5981,4.3761],[117.5961,4.3871],[117.579,4.3809],[117.5719,4.3753],[117.5725,4.3714],[117.5772,4.3681],[117.5747,4.3608],[117.5725,4.3594],[117.5647,4.3597],[117.5589,4.3561],[117.5506,4.3592],[117.5494,4.3575],[117.5503,4.3539],[117.5472,4.3508],[117.5439,4.3533],[117.5419,4.3592],[117.5358,4.3586],[117.5344,4.3597],[117.5375,4.3656],[117.5358,4.3692],[117.5278,4.355],[117.525,4.355],[117.5214,4.3586],[117.5214,4.3608],[117.5231,4.3619],[117.525,4.3597],[117.5261,4.3606],[117.5267,4.3697],[117.5283,4.3678],[117.5272,4.36],[117.5253,4.3583],[117.5219,4.36],[117.5258,4.3564],[117.5278,4.3564],[117.5358,4.3708],[117.5403,4.3658],[117.5358,4.3603],[117.5419,4.3606],[117.5467,4.3522],[117.5486,4.3528],[117.5481,4.3572],[117.5508,4.3606],[117.5586,4.3575],[117.5642,4.3611],[117.5733,4.3617],[117.5756,4.3683],[117.5717,4.3703],[117.5706,4.3753],[117.5767,4.3819],[117.5683,4.3897],[117.5658,4.3903],[117.5669,4.3914],[117.5694,4.3906],[117.5775,4.3825],[117.58,4.3847],[117.5773,4.392],[117.5749,4.3938],[117.5652,4.3951],[117.5653,4.4064],[117.5567,4.4039],[117.5628,4.4086],[117.5664,4.4072],[117.5672,4.396],[117.5769,4.3947],[117.5821,4.3864],[117.5866,4.3889],[117.5888,4.3922],[117.5889,4.3999],[117.5745,4.4101],[117.5697,4.418],[117.5773,4.4093],[117.5817,4.4086],[117.5833,4.4125],[117.5892,4.4172],[117.5897,4.4203],[117.5819,4.4231],[117.5806,4.4261],[117.5914,4.42],[117.5825,4.4083],[117.5916,4.4034],[117.5976,4.3967],[117.6051,4.3942],[117.6222,4.3975],[117.6223,4.4008],[117.6109,4.4051],[117.5979,4.407],[117.5894,4.4142],[117.5928,4.4203],[117.5925,4.4228],[117.5894,4.4256],[117.5919,4.4292],[117.5889,4.4325],[117.5889,4.4378],[117.5839,4.4419],[117.5806,4.4475],[117.5808,4.45],[117.5839,4.4528],[117.5847,4.4519],[117.5819,4.4472],[117.5836,4.4439],[117.59,4.4383],[117.5906,4.4331],[117.5931,4.4292],[117.5906,4.4258],[117.5942,4.4228],[117.5919,4.4133],[117.5942,4.4133],[117.5996,4.4079],[117.6011,4.4142],[117.6077,4.4166],[117.6108,4.4159],[117.6117,4.4178],[117.6108,4.4234],[117.6069,4.4207],[117.6039,4.4215],[117.6036,4.4281],[117.6072,4.4347],[117.6006,4.4386],[117.5997,4.4414],[117.6086,4.435],[117.6053,4.4281],[117.6053,4.423],[117.6101,4.4252],[117.6125,4.4243],[117.6159,4.4126],[117.6186,4.41],[117.6325,4.4228],[117.642,4.4208],[117.6458,4.423],[117.6484,4.4361],[117.6565,4.442],[117.6592,4.4413],[117.6532,4.4375],[117.6494,4.4311],[117.6626,4.4327],[117.6756,4.424],[117.6761,4.4309],[117.678,4.4338],[117.6775,4.425],[117.6814,4.4114],[117.6774,4.4011],[117.6729,4.3974],[117.6728,4.3944],[117.6772,4.3933],[117.6911,4.3779],[117.7014,4.3758],[117.7033,4.3734],[117.707,4.3723],[117.7111,4.3817],[117.7029,4.3926],[117.7007,4.4013],[117.7016,4.4029],[117.7018,4.398],[117.7045,4.3913],[117.7125,4.3825],[117.71,4.375],[117.7145,4.3676],[117.7144,4.3612],[117.7188,4.3562],[117.7238,4.3554],[117.731,4.357],[117.7342,4.36],[117.7332,4.3765],[117.7256,4.3897],[117.7175,4.3922],[117.7144,4.3958],[117.7117,4.4047],[117.7115,4.414],[117.7081,4.4227],[117.704,4.4268],[117.707,4.4318],[117.7052,4.4266],[117.7089,4.423],[117.7135,4.4127],[117.7133,4.4056],[117.7169,4.3942],[117.7194,4.3928],[117.7213,4.3945],[117.7262,4.3924],[117.7344,4.3808],[117.7366,4.3718],[117.7375,4.3559],[117.7435,4.3528],[117.7475,4.3531],[117.7497,4.3583],[117.7478,4.3656],[117.7489,4.3661],[117.7514,4.3583],[117.7485,4.3517],[117.7548,4.3398],[117.7603,4.3339],[117.7878,4.3274],[117.7985,4.332],[117.7996,4.3352],[117.7957,4.3394],[117.7878,4.3422],[117.7647,4.342],[117.7612,4.3436],[117.7585,4.3505],[117.7603,4.355],[117.7586,4.3619],[117.7619,4.3678],[117.7614,4.3717],[117.7633,4.3746],[117.7633,4.3686],[117.76,4.3617],[117.762,4.3465],[117.7644,4.3434],[117.7681,4.3455],[117.7831,4.3461],[117.7968,4.3427],[117.7991,4.3469],[117.8065,4.3484],[117.8075,4.3502],[117.8055,4.3567],[117.8016,4.3619],[117.7969,4.3647],[117.7972,4.3675],[117.7997,4.3697],[117.7981,4.3656],[117.8043,4.3613],[117.8094,4.352],[117.8075,4.3474],[117.8012,4.3448],[117.8003,4.3417],[117.8048,4.3246],[117.8107,4.3181],[117.8101,4.3135],[117.8123,4.308],[117.8157,4.3051],[117.8261,4.3075],[117.8347,4.304],[117.84,4.2961],[117.8549,4.2891],[117.8597,4.2851],[117.8595,4.2831],[117.8564,4.2825],[117.8569,4.2803],[117.8542,4.275],[117.8577,4.2737],[117.8617,4.2773],[117.8645,4.277],[117.8681,4.2679],[117.8719,4.2645],[117.8665,4.2583],[117.8697,4.2587],[117.8721,4.2571],[117.8736,4.2532],[117.8767,4.253],[117.8775,4.2493],[117.8753,4.2472],[117.8786,4.2432],[117.8871,4.2389],[117.8961,4.2425],[117.8988,4.239],[117.9014,4.2384],[117.9064,4.2395],[117.9194,4.2469],[117.9262,4.2485],[117.9317,4.2477],[117.9378,4.2434],[117.9472,4.242],[117.9498,4.243],[117.9552,4.2392],[117.9666,4.2358],[117.97,4.2285],[117.9787,4.2231],[117.9867,4.2226],[117.9914,4.2241],[117.996,4.2218],[118.0034,4.2244],[118.0104,4.2294],[118.0178,4.2317],[118.0233,4.2361],[118.0333,4.2386],[118.0497,4.2469],[118.0769,4.2544],[118.0981,4.2711],[118.1153,4.2815],[118.1386,4.2889],[118.1551,4.2915],[118.1577,4.2901],[118.1598,4.2948],[118.1749,4.2981],[118.1756,4.3039],[118.1806,4.3067],[118.1869,4.3072],[118.1953,4.305],[118.196,4.3073],[118.1921,4.3135],[118.1933,4.3269],[118.1908,4.3292],[118.1795,4.3303],[118.1784,4.3327],[118.18,4.3364],[118.1814,4.3356],[118.1794,4.3328],[118.18,4.3308],[118.1894,4.3306],[118.1939,4.3278],[118.1947,4.325],[118.1931,4.3147],[118.1985,4.311],[118.2,4.3056],[118.195,4.3033],[118.1783,4.3044],[118.1767,4.3008],[118.1789,4.2967],[118.1867,4.291],[118.188,4.2932],[118.1956,4.291],[118.2133,4.2963],[118.2168,4.294],[118.2213,4.2942],[118.2258,4.2923],[118.2267,4.294],[118.2225,4.2984],[118.224,4.3028],[118.2322,4.3089],[118.2463,4.314],[118.2523,4.3182],[118.2688,4.3198],[118.2768,4.3227],[118.3022,4.3264],[118.3081,4.3253],[118.3113,4.3269],[118.3133,4.3233],[118.3251,4.3251],[118.3291,4.3309],[118.3372,4.3369],[118.3403,4.3469],[118.3367,4.3547],[118.3264,4.3527],[118.3194,4.3575],[118.3169,4.3675],[118.3119,4.3739],[118.3083,4.3861],[118.3039,4.3925],[118.2983,4.3967],[118.2953,4.3964],[118.2914,4.3931],[118.2906,4.3939],[118.2928,4.3969],[118.2975,4.3981],[118.3056,4.3931],[118.3149,4.3757],[118.3306,4.365],[118.3383,4.3636],[118.3428,4.3606],[118.3497,4.345],[118.3556,4.3406],[118.3668,4.3461],[118.3783,4.3464],[118.3841,4.3441],[118.3903,4.3311],[118.3991,4.329],[118.4079,4.3303],[118.4106,4.3286],[118.4125,4.3248],[118.419,4.331],[118.4232,4.3317],[118.4217,4.3365],[118.4274,4.3428],[118.4459,4.3444],[118.4467,4.3464],[118.4539,4.3502],[118.4852,4.36],[118.503,4.3615],[118.508,4.358],[118.5098,4.3547],[118.5266,4.3501],[118.5295,4.3518],[118.5444,4.3498],[118.5517,4.3511],[118.5519,4.3541],[118.546,4.3657],[118.5473,4.3685],[118.5453,4.3729],[118.5473,4.3786],[118.5544,4.384],[118.5554,4.3826],[118.5515,4.3771],[118.5525,4.3735],[118.5557,4.3704],[118.5612,4.371],[118.5705,4.3772],[118.5715,4.3823],[118.5753,4.3822],[118.58,4.3853],[118.5882,4.3969],[118.5959,4.3993],[118.5914,4.4088],[118.5851,4.4156],[118.5753,4.4208],[118.5718,4.4263],[118.5728,4.43],[118.5789,4.4264],[118.5866,4.4274],[118.5914,4.444],[118.5923,4.4416],[118.5911,4.4401],[118.5953,4.4265],[118.5998,4.4239],[118.6034,4.4263],[118.6043,4.4221],[118.6028,4.4117],[118.6047,4.4059],[118.6096,4.403],[118.6132,4.4031],[118.6192,4.4065],[118.6211,4.4119],[118.6207,4.4163],[118.6255,4.4226],[118.6294,4.4239],[118.6293,4.4266],[118.6383,4.4358],[118.6422,4.4364],[118.6416,4.4384],[118.6438,4.4417],[118.6423,4.4473],[118.6356,4.4542],[118.6315,4.4556],[118.6287,4.4521],[118.6258,4.4542],[118.6211,4.4502],[118.6169,4.4528],[118.6237,4.4573],[118.6266,4.4623],[118.6236,4.4655],[118.6203,4.4638],[118.6235,4.4682],[118.6222,4.4731],[118.6153,4.4783],[118.6175,4.4786],[118.6174,4.4804],[118.6125,4.481],[118.6083,4.4844],[118.605,4.49],[118.6028,4.4906],[118.6017,4.4967],[118.6017,4.4939],[118.5986,4.4936],[118.6022,4.4837],[118.5999,4.4825],[118.5989,4.4844],[118.5949,4.4845],[118.5956,4.49],[118.5932,4.4941],[118.5855,4.4972],[118.5834,4.497],[118.5806,4.4928],[118.5832,4.4869],[118.5713,4.4891],[118.575,4.4978],[118.5846,4.5047],[118.5911,4.5058],[118.5941,4.5085],[118.5951,4.5104],[118.5933,4.5106],[118.5922,4.514],[118.584,4.5129],[118.5834,4.5149],[118.5862,4.5159],[118.5847,4.5175],[118.574,4.5166],[118.5733,4.5203],[118.5704,4.5215],[118.5661,4.5206],[118.5643,4.5176],[118.5634,4.5221],[118.5431,4.5253],[118.5323,4.5234],[118.5184,4.504],[118.5158,4.5033],[118.5099,4.4955],[118.5046,4.4857],[118.5058,4.4811],[118.5016,4.4807],[118.4942,4.4825],[118.4917,4.4811],[118.4902,4.4625],[118.4997,4.4429],[118.5044,4.4374],[118.503,4.4371],[118.4878,4.4625],[118.4887,4.4835],[118.485,4.4939],[118.4781,4.5011],[118.4732,4.5094],[118.4586,4.512],[118.4547,4.5139],[118.4503,4.5203],[118.4463,4.5212],[118.4431,4.5247],[118.4399,4.5248],[118.4401,4.5386],[118.4436,4.5292],[118.4475,4.53],[118.4506,4.5333],[118.46,4.53],[118.4644,4.525],[118.4681,4.525],[118.476,4.529],[118.4778,4.5383],[118.4853,4.5519],[118.4878,4.5614],[118.4842,4.5683],[118.4786,4.5708],[118.4753,4.5747],[118.4691,4.5706],[118.462,4.5693],[118.4542,4.5811],[118.4461,4.5897],[118.44,4.5908],[118.4358,4.5947],[118.434,4.601],[118.4242,4.6017],[118.4181,4.6],[118.415,4.5964],[118.4117,4.5847],[118.4075,4.5814],[118.4053,4.5769],[118.4061,4.5697],[118.4033,4.5775],[118.3947,4.5783],[118.4,4.5786],[118.4019,4.5806],[118.3961,4.5911],[118.39,4.5947],[118.3879,4.5899],[118.386,4.5909],[118.3837,4.5968],[118.3818,4.5962],[118.3805,4.5997],[118.3695,4.6113],[118.3711,4.6242],[118.3692,4.6283],[118.3572,4.6331],[118.3528,4.6331],[118.3436,4.6283],[118.3319,4.6267],[118.3203,4.6306],[118.3125,4.6289],[118.305,4.6297],[118.3003,4.6411],[118.3028,4.6439],[118.3044,4.6494],[118.3041,4.6545],[118.3026,4.656],[118.2933,4.6572],[118.2878,4.6611],[118.2762,4.6593],[118.2756,4.6604],[118.2722,4.6581],[118.2699,4.6588],[118.269,4.6612],[118.2661,4.661],[118.2629,4.6687],[118.2633,4.6745],[118.2576,4.6775],[118.2559,4.685],[118.2578,4.6884],[118.2567,4.6908],[118.2468,4.6904],[118.2475,4.6939],[118.2452,4.6931],[118.2446,4.6978],[118.2423,4.7009],[118.2386,4.7015],[118.2361,4.7041],[118.2325,4.7034],[118.2304,4.7058],[118.2267,4.7061],[118.2233,4.7121],[118.225,4.7171],[118.2284,4.7201],[118.2274,4.7236],[118.2204,4.7249],[118.2161,4.7275],[118.2141,4.7267],[118.2126,4.7308],[118.21,4.729],[118.2071,4.7293],[118.2071,4.7313],[118.2099,4.7319],[118.2115,4.7349],[118.2141,4.7335],[118.2145,4.7352],[118.212,4.7363],[118.2059,4.7449],[118.203,4.7504],[118.2025,4.7558],[118.1942,4.7628],[118.1969,4.7668],[118.1994,4.7795],[118.197,4.7855],[118.1962,4.795],[118.1897,4.8078],[118.1781,4.8134],[118.172,4.8189],[118.1661,4.8319],[118.1681,4.8372],[118.1642,4.8394],[118.1567,4.8406],[118.1539,4.8403],[118.1508,4.8372],[118.1469,4.8389],[118.1445,4.838],[118.1411,4.8406],[118.1314,4.8402],[118.1335,4.8452],[118.1331,4.8486],[118.1344,4.8492],[118.1311,4.8556],[118.1334,4.8622],[118.1301,4.8648],[118.1248,4.8732],[118.1244,4.8822],[118.1269,4.8792],[118.1319,4.8792],[118.1372,4.8822],[118.1408,4.8809],[118.1431,4.8837],[118.1505,4.8876],[118.1529,4.8857],[118.1514,4.8818],[118.1566,4.8785],[118.1596,4.882],[118.1584,4.8875],[118.1666,4.9047],[118.1637,4.908],[118.1642,4.9105],[118.1725,4.9141],[118.1723,4.909],[118.1742,4.9079],[118.1759,4.9128],[118.1803,4.9141],[118.1806,4.9159],[118.1833,4.917],[118.1857,4.9162],[118.1869,4.9194],[118.1935,4.9215],[118.1954,4.9258],[118.1888,4.9249],[118.1898,4.9278],[118.1869,4.927],[118.1842,4.9289],[118.1845,4.9341],[118.1894,4.9372],[118.1933,4.9443],[118.1966,4.9417],[118.1957,4.9483],[118.2028,4.9474],[118.204,4.9484],[118.2046,4.9539],[118.2103,4.9611],[118.2117,4.9617],[118.215,4.9583],[118.2184,4.958],[118.2243,4.9615],[118.2257,4.9648],[118.23,4.9627],[118.2315,4.9657],[118.2342,4.9656],[118.2342,4.9692],[118.2387,4.9712],[118.2337,4.9735],[118.2362,4.9767],[118.2449,4.9698],[118.2505,4.9693],[118.2514,4.9714],[118.2542,4.9704],[118.2577,4.9729],[118.2594,4.9685],[118.2637,4.968],[118.2659,4.966],[118.2693,4.9667],[118.2733,4.9637],[118.2816,4.9625],[118.2836,4.9638],[118.2823,4.9663],[118.2848,4.9708],[118.2845,4.9798],[118.2899,4.9897],[118.2904,4.9844],[118.2926,4.9819],[118.2911,4.9797],[118.2917,4.9723],[118.2955,4.9699],[118.2943,4.9654],[118.2908,4.963],[118.3037,4.9605],[118.3049,4.968],[118.3111,4.9721],[118.31,4.9761],[118.3111,4.9788],[118.3097,4.9805],[118.3134,4.982],[118.3152,4.985],[118.3095,4.9894],[118.3125,4.9939],[118.3121,4.9973],[118.3171,4.9984],[118.3158,5.0047],[118.3206,5.01],[118.32,5.0139],[118.3211,5.0147],[118.3225,5.0133],[118.3289,5.0203],[118.3403,5.0222],[118.3417,5.0189],[118.3458,5.02],[118.3558,5.0181],[118.3583,5.0194],[118.3686,5.0183],[118.3717,5.0194],[118.3767,5.0169],[118.3808,5.0178],[118.3822,5.0197],[118.38,5.0257],[118.3872,5.0233],[118.3955,5.0178],[118.3989,5.0186],[118.4033,5.0164],[118.4081,5.0175],[118.4097,5.0142],[118.4158,5.0092],[118.4258,5.0092],[118.4281,5.0064],[118.4317,5.0058],[118.4322,5.0017],[118.4331,5.0008],[118.4353,5.0025],[118.4388,4.9975],[118.4433,4.9972],[118.4509,4.9862],[118.45,4.9846],[118.4447,4.9844],[118.4505,4.9789],[118.4485,4.97],[118.4457,4.9692],[118.4472,4.9661],[118.4444,4.9642],[118.4448,4.9629],[118.4473,4.9623],[118.4508,4.9645],[118.4558,4.9753],[118.4608,4.9813],[118.4537,4.9646],[118.4545,4.96],[118.4483,4.9548],[118.4507,4.9503],[118.4585,4.9453],[118.4678,4.9332],[118.4668,4.9285],[118.4694,4.9282],[118.4689,4.9247],[118.4707,4.9228],[118.4747,4.9241],[118.4861,4.9223],[118.4922,4.9242],[118.4953,4.935],[118.4921,4.9351],[118.4909,4.9368],[118.4925,4.9422],[118.4923,4.9369],[118.4964,4.9347],[118.4939,4.93],[118.4961,4.9233],[118.5022,4.9243],[118.5154,4.9227],[118.5222,4.9286],[118.5216,4.9315],[118.5264,4.9298],[118.5337,4.9411],[118.541,4.9468],[118.5417,4.9515],[118.5456,4.9533],[118.5505,4.961],[118.5538,4.9579],[118.558,4.9586],[118.5614,4.954],[118.5661,4.9528],[118.5691,4.9496],[118.5733,4.9593],[118.5815,4.9522],[118.5856,4.9511],[118.5872,4.9549],[118.5836,4.9611],[118.585,4.9625],[118.5892,4.9531],[118.5948,4.949],[118.5971,4.9488],[118.5999,4.9512],[118.6025,4.9505],[118.6071,4.9437],[118.614,4.9448],[118.6176,4.9472],[118.6219,4.9469],[118.6319,4.9401],[118.6342,4.9421],[118.6382,4.9398],[118.6411,4.9411],[118.6421,4.9387],[118.6447,4.9376],[118.6477,4.9394],[118.6493,4.9386],[118.6517,4.941],[118.6527,4.9392],[118.6506,4.9333],[118.6529,4.9317],[118.6599,4.9345],[118.6593,4.9383],[118.6626,4.9395],[118.6649,4.9384],[118.6669,4.9334],[118.6706,4.9336],[118.6733,4.9361],[118.6748,4.934],[118.6787,4.9337],[118.6806,4.9365],[118.6789,4.9372],[118.6778,4.9357],[118.678,4.9389],[118.6836,4.943],[118.6878,4.9433],[118.6888,4.9481],[118.6936,4.9464],[118.6996,4.947],[118.702,4.9489],[118.7017,4.9514],[118.7088,4.9492],[118.7186,4.9521],[118.7218,4.9455],[118.7265,4.9472],[118.7284,4.9504],[118.7317,4.9461],[118.7379,4.9505],[118.7417,4.9478],[118.744,4.9479],[118.7499,4.9502],[118.7514,4.9524],[118.7561,4.9525],[118.7591,4.9569],[118.7613,4.9566],[118.7695,4.9628],[118.7743,4.9637],[118.7751,4.9671],[118.8047,4.9838],[118.8122,4.9861],[118.8169,4.9857],[118.8249,4.9908],[118.838,4.9939],[118.8522,4.9939],[118.8553,4.9956],[118.8619,4.9925],[118.8618,4.9944],[118.8831,5.0147],[118.8931,5.0222],[118.9159,5.0311],[118.9253,5.0369],[118.9453,5.0408],[118.9614,5.0467],[118.9742,5.0481],[118.9967,5.0556],[119.0128,5.0563],[119.0352,5.0626],[119.0427,5.0611],[119.0544,5.0678],[119.0899,5.0766],[119.1428,5.0998],[119.1607,5.1041],[119.1697,5.1089],[119.2095,5.14],[119.2119,5.1408],[119.2143,5.1394],[119.2159,5.148],[119.2203,5.1493],[119.2332,5.1627],[119.2358,5.1689],[119.2397,5.1717],[119.2392,5.1737],[119.2461,5.1808],[119.2447,5.1848],[119.2455,5.1877],[119.2481,5.1883],[119.2553,5.1945],[119.2606,5.202],[119.2672,5.2078],[119.2667,5.2103],[119.2633,5.2114],[119.2654,5.2132],[119.2656,5.2242],[119.2601,5.2307],[119.2625,5.24],[119.2636,5.2361],[119.2611,5.23],[119.2653,5.2264],[119.2694,5.23],[119.2697,5.2342],[119.2672,5.2431],[119.2642,5.2461],[119.2586,5.2456],[119.2554,5.2414],[119.2508,5.2447],[119.2544,5.2503],[119.247,5.2615],[119.2474,5.2696],[118.3465,5.2984],[118.3099,5.2531],[118.2547,5.2255],[118.1628,5.2146],[118.1646,5.2157],[117.9524,5.1838],[117.8945,5.1994],[117.8658,5.2127],[117.8587,5.2145],[117.837,5.2267],[117.8234,5.2314],[117.8086,5.2339],[117.7954,5.231],[117.7858,5.2268],[117.7793,5.2165],[117.7373,5.1698],[117.7248,5.1537],[117.7108,5.1279],[117.701,5.1014],[117.6965,5.0608],[117.6941,5.0505],[117.6887,5.0431],[117.6572,5.0298],[117.6104,5.0154],[117.6037,5.0119],[117.5923,5.0012],[117.5853,4.9855],[117.5827,4.9819],[117.5784,4.98],[117.5736,4.9802],[117.5634,4.986],[117.5561,4.9869],[117.5522,4.9857],[117.5399,4.9774],[117.5154,4.9546],[117.5137,4.9426],[117.5142,4.9319],[117.5224,4.913],[117.5286,4.8905],[117.5268,4.8782],[117.5207,4.8698],[117.5111,4.8643],[117.4878,4.8589],[117.4841,4.8502],[117.4838,4.8259],[117.4812,4.8187],[117.4702,4.8051],[117.4649,4.7851],[117.4733,4.7641],[117.4878,4.7387],[117.4851,4.7294],[117.4798,4.7219],[117.4501,4.697],[117.443,4.6825],[117.4376,4.6786],[117.433,4.678],[117.4138,4.6793],[117.4034,4.6841],[117.3897,4.6966],[117.3777,4.7134],[117.3744,4.7233],[117.3672,4.7361],[117.3552,4.7365],[117.3507,4.7385],[117.3435,4.7433],[117.322,4.7668],[117.3146,4.7712],[117.3089,4.7721],[117.3054,4.7723],[117.303,4.7704],[117.2966,4.7564],[117.2949,4.756],[117.2865,4.7609],[117.2821,4.7613],[117.2806,4.7508],[117.2817,4.7348],[117.2788,4.722],[117.2637,4.7089],[117.244,4.6969],[117.2162,4.6909],[117.2006,4.6847],[117.1829,4.6896],[117.1651,4.7038],[117.1505,4.706],[117.1226,4.7015],[117.1116,4.7016],[117.0899,4.7075],[117.0869,4.7031],[117.085,4.6838],[117.0774,4.6555],[117.0733,4.6155],[117.0788,4.6018],[117.0902,4.603],[117.0962,4.6009],[117.1026,4.5948],[117.1148,4.5761],[117.1397,4.5501],[117.1386,4.544],[117.1295,4.5394],[117.1018,4.5359],[117.0874,4.5272],[117.0701,4.5059],[117.0613,4.4878],[117.0458,4.4696],[117.0329,4.4507],[117.0294,4.4428],[117.0295,4.4396],[117.0356,4.4243],[117.0406,4.4172],[117.0424,4.4084],[117.0422,4.4015],[117.0339,4.3864],[117.0283,4.3817],[117.0171,4.3778],[116.9871,4.3805],[116.9761,4.3776],[116.9642,4.3718],[116.9526,4.3603],[116.9473,4.3519]],[[118.3026,4.656],[118.2843,4.6415],[118.2923,4.6485],[118.3026,4.656]],[[117.7419,4.7701],[117.746,4.759],[117.7614,4.7282],[117.7482,4.753],[117.7419,4.7701]],[[117.8427,4.6004],[117.85149208633094,4.597527338129496],[117.8471,4.5982],[117.8427,4.6004]],[[118.231,4.5594],[118.24224654193117,4.5594820915469425],[118.2355,4.5585],[118.231,4.5594]],[[118.2469163898917,4.548497111913357],[118.2476,4.5522],[118.24867763012182,4.554704761904762],[118.2469163898917,4.548497111913357]],[[118.2514,4.5643],[118.2567,4.5708],[118.2633,4.5766],[118.2514,4.5643]]],[[[117.5336,4.235],[117.5375,4.2275],[117.5356,4.2203],[117.5364,4.2139],[117.545,4.2072],[117.5483,4.2067],[117.5483,4.2211],[117.5517,4.225],[117.5556,4.2258],[117.5614,4.2231],[117.5739,4.2092],[117.5958,4.2003],[117.6031,4.2],[117.6078,4.2108],[117.6081,4.2164],[117.6064,4.2197],[117.5972,4.2294],[117.5822,4.2375],[117.565,4.2536],[117.5592,4.2533],[117.5517,4.2486],[117.5422,4.2397],[117.535,4.2381],[117.5336,4.235]]],[[[117.5395,4.2033],[117.5444,4.1883],[117.5426,4.1743],[117.5447,4.17],[117.55,4.1704],[117.5536,4.1759],[117.556,4.1756],[117.5628,4.1806],[117.57,4.1826],[117.5786,4.1824],[117.5893,4.1787],[117.6038,4.1675],[117.6139,4.1627],[117.6179,4.1586],[117.6221,4.1598],[117.6232,4.1691],[117.6139,4.1861],[117.6119,4.1862],[117.6093,4.19],[117.6058,4.1898],[117.6011,4.1953],[117.586,4.1995],[117.5733,4.2061],[117.568,4.2103],[117.5623,4.2185],[117.5565,4.2228],[117.5521,4.2222],[117.5523,4.2088],[117.551,4.2048],[117.5468,4.2037],[117.5413,4.2061],[117.5395,4.2033]]],[[[117.5436,4.2964],[117.5469,4.2897],[117.5464,4.2822],[117.5528,4.2764],[117.5525,4.2678],[117.56,4.2592],[117.5678,4.2572],[117.5861,4.2406],[117.6053,4.2311],[117.6167,4.2275],[117.6328,4.2436],[117.6511,4.2531],[117.6517,4.2569],[117.6475,4.2714],[117.6428,4.2764],[117.6372,4.2789],[117.6214,4.2817],[117.615,4.2817],[117.6078,4.2783],[117.6036,4.2789],[117.5733,4.3036],[117.5605,4.3078],[117.5553,4.3044],[117.5583,4.3078],[117.5578,4.3106],[117.555,4.3158],[117.5469,4.3075],[117.5467,4.3006],[117.5436,4.2964]]],[[[117.5711,4.3089],[117.59,4.295],[117.6031,4.2825],[117.6072,4.2822],[117.6186,4.2861],[117.6283,4.2861],[117.6439,4.2819],[117.6564,4.2753],[117.6581,4.2761],[117.6567,4.2817],[117.6458,4.2928],[117.64,4.2961],[117.6333,4.2947],[117.6281,4.2967],[117.6186,4.2947],[117.6139,4.2953],[117.6103,4.3006],[117.605,4.3022],[117.6033,4.3114],[117.6014,4.3158],[117.5883,4.3119],[117.5814,4.3119],[117.5742,4.3142],[117.5711,4.3089]]],[[[117.5961,4.3658],[117.6014,4.3569],[117.6053,4.355],[117.61,4.3581],[117.6103,4.3644],[117.6086,4.3661],[117.6053,4.3678],[117.6022,4.3653],[117.5961,4.3658]]],[[[117.6008,4.4107],[117.6189,4.4061],[117.6283,4.3975],[117.6294,4.4011],[117.6261,4.4081],[117.6175,4.4086],[117.6106,4.4139],[117.6026,4.414],[117.6008,4.4107]]],[[[117.6284,4.1963],[117.6287,4.1924],[117.6293,4.1941],[117.6287,4.1963],[117.6284,4.1963]]],[[[117.6285,4.2018],[117.6354,4.1849],[117.6448,4.1905],[117.6428,4.1928],[117.6888,4.1645],[117.901,4.1645],[117.885,4.1851],[117.8209,4.1961],[117.7922,4.216],[117.78,4.2193],[117.7789,4.2403],[117.7524,4.2602],[117.6883,4.2646],[117.6706,4.2569],[117.6485,4.2359],[117.6308,4.2249],[117.6285,4.2018]]],[[[117.6292,4.4114],[117.6297,4.4067],[117.6347,4.3989],[117.6397,4.4031],[117.6475,4.4144],[117.6389,4.4178],[117.6342,4.4172],[117.6292,4.4114]]],[[[117.6294,4.3911],[117.6328,4.385],[117.6378,4.3828],[117.6383,4.3844],[117.6461,4.3853],[117.655,4.3961],[117.6561,4.4019],[117.6517,4.4117],[117.6489,4.4136],[117.6383,4.3983],[117.6347,4.3972],[117.6322,4.3994],[117.63,4.3992],[117.6294,4.3911]]],[[[117.6478,4.4269],[117.6511,4.4231],[117.6508,4.4197],[117.6694,4.4044],[117.6717,4.4067],[117.6714,4.4138],[117.6675,4.4139],[117.6678,4.4149],[117.6715,4.4152],[117.672,4.41],[117.6736,4.4086],[117.6764,4.4094],[117.6794,4.4139],[117.6767,4.42],[117.6644,4.4297],[117.6494,4.4303],[117.6478,4.4269]]],[[[118.1699,4.9019],[118.1714,4.9006],[118.1736,4.9058],[118.1728,4.9071],[118.1712,4.9062],[118.1699,4.9019]]],[[[118.2006,4.9304],[118.2009,4.9241],[118.2037,4.9246],[118.2031,4.9314],[118.2006,4.9304]]],[[[118.2083,4.7312],[118.209,4.7298],[118.2103,4.7303],[118.2104,4.7309],[118.2083,4.7312]]],[[[118.2093,4.9411],[118.2099,4.9396],[118.2116,4.9385],[118.2127,4.94],[118.2108,4.942],[118.2093,4.9411]]],[[[118.2167,4.94],[118.2237,4.9329],[118.2234,4.9369],[118.22,4.9397],[118.2167,4.94]]],[[[118.2261,4.9322],[118.2267,4.9311],[118.2283,4.9305],[118.2292,4.9325],[118.2261,4.9322]]],[[[118.229,4.7276],[118.2291,4.7268],[118.2299,4.7256],[118.2302,4.7287],[118.229,4.7276]]],[[[118.2309,4.9288],[118.2347,4.9242],[118.2358,4.9256],[118.2332,4.9332],[118.2309,4.9288]]],[[[118.2352,4.9673],[118.2358,4.9653],[118.237,4.9656],[118.2373,4.9668],[118.2352,4.9673]]],[[[118.2516,4.9476],[118.2576,4.9433],[118.2593,4.943],[118.2593,4.9449],[118.2583,4.9476],[118.2516,4.9476]]],[[[118.2661,4.9219],[118.2667,4.921],[118.2676,4.9231],[118.2664,4.9231],[118.2661,4.9219]]],[[[118.2741,4.8209],[118.2897,4.8125],[118.2911,4.8153],[118.2861,4.8189],[118.2822,4.8194],[118.2769,4.8231],[118.2753,4.8231],[118.2741,4.8209]]],[[[118.2835,4.9659],[118.2901,4.9637],[118.2908,4.9651],[118.2869,4.9702],[118.2835,4.9659]]],[[[118.285,4.7854],[118.2885,4.7856],[118.2893,4.7835],[118.2936,4.7882],[118.2938,4.7917],[118.289,4.7912],[118.289,4.7872],[118.285,4.7854]]],[[[118.2903,4.9814],[118.2913,4.981],[118.2918,4.9822],[118.2907,4.9825],[118.2903,4.9814]]],[[[118.2942,4.9518],[118.2945,4.9499],[118.2965,4.9502],[118.2955,4.9522],[118.2942,4.9518]]],[[[118.2976,4.9501],[118.2984,4.9486],[118.2988,4.9532],[118.2977,4.9523],[118.2976,4.9501]]],[[[118.2986,4.9456],[118.2992,4.9446],[118.3015,4.9435],[118.2998,4.9472],[118.2986,4.9456]]],[[[118.3028,4.7697],[118.3059,4.7689],[118.3117,4.7753],[118.3036,4.7733],[118.3028,4.7697]]],[[[118.3031,4.7977],[118.3101,4.7959],[118.3154,4.7987],[118.32,4.7992],[118.3262,4.7975],[118.3267,4.7998],[118.3209,4.8059],[118.313,4.8094],[118.3092,4.8098],[118.3106,4.8082],[118.3091,4.8047],[118.3111,4.8028],[118.3084,4.8001],[118.3099,4.7984],[118.3037,4.7991],[118.3031,4.7977]]],[[[118.3036,4.9586],[118.305,4.9558],[118.3039,4.9522],[118.3078,4.9519],[118.3122,4.9486],[118.3183,4.9509],[118.3198,4.953],[118.3208,4.951],[118.3228,4.9522],[118.328,4.9501],[118.3314,4.9536],[118.3467,4.9586],[118.3608,4.9669],[118.3772,4.9719],[118.3828,4.9747],[118.3864,4.9786],[118.3833,4.9819],[118.3778,4.9819],[118.3669,4.978],[118.3649,4.9814],[118.3629,4.9808],[118.3656,4.978],[118.3625,4.9761],[118.3605,4.9792],[118.3579,4.9782],[118.3577,4.9818],[118.3591,4.9828],[118.3579,4.9843],[118.3592,4.9856],[118.3556,4.9858],[118.3528,4.9816],[118.3537,4.9836],[118.3514,4.9864],[118.3458,4.9772],[118.3448,4.9845],[118.3428,4.9822],[118.3416,4.9831],[118.3458,4.9878],[118.3411,4.99],[118.3461,4.99],[118.3453,4.9914],[118.3389,4.9919],[118.3353,4.9903],[118.3333,4.9917],[118.3317,4.99],[118.3252,4.9892],[118.3272,4.9867],[118.3244,4.9858],[118.3225,4.9819],[118.3235,4.9796],[118.3269,4.9796],[118.3247,4.9767],[118.3283,4.9733],[118.3284,4.9713],[118.335,4.9706],[118.3358,4.9675],[118.3331,4.9658],[118.3258,4.9675],[118.3214,4.9636],[118.3193,4.9635],[118.3155,4.9663],[118.3178,4.9725],[118.3139,4.9747],[118.3105,4.9697],[118.3108,4.9675],[118.3053,4.9627],[118.3036,4.9586]]],[[[118.3047,4.95],[118.3092,4.9466],[118.3102,4.9484],[118.3087,4.9496],[118.3047,4.95]]],[[[118.3064,4.9667],[118.3082,4.9662],[118.3087,4.9676],[118.3064,4.9686],[118.3064,4.9667]]],[[[118.3088,4.7855],[118.3103,4.7829],[118.3135,4.7843],[118.3128,4.7897],[118.3114,4.7903],[118.3088,4.7855]]],[[[118.3128,4.9889],[118.3147,4.9872],[118.3158,4.9892],[118.3145,4.9899],[118.3128,4.9889]]],[[[118.3153,4.3714],[118.3178,4.3678],[118.3192,4.3597],[118.3219,4.3564],[118.3261,4.3536],[118.3328,4.3567],[118.3369,4.3561],[118.3433,4.3478],[118.3456,4.3486],[118.3394,4.3603],[118.3278,4.3647],[118.3186,4.3719],[118.3158,4.3725],[118.3153,4.3714]]],[[[118.3153,4.9764],[118.3186,4.9725],[118.3225,4.9731],[118.3198,4.9747],[118.317,4.9769],[118.3153,4.9764]]],[[[118.3206,4.9481],[118.322,4.9478],[118.3234,4.9493],[118.323,4.9498],[118.3206,4.9481]]],[[[118.3207,4.6566],[118.325,4.6525],[118.3423,4.6448],[118.3518,4.6436],[118.3658,4.648],[118.3714,4.6477],[118.3789,4.6443],[118.3809,4.6414],[118.3903,4.6405],[118.408,4.6333],[118.4118,4.6294],[118.4171,4.6322],[118.4226,4.6318],[118.4265,4.6284],[118.4386,4.6289],[118.4444,4.6228],[118.4442,4.6195],[118.4483,4.6139],[118.4476,4.6087],[118.4512,4.6091],[118.4541,4.6115],[118.4604,4.6064],[118.4667,4.606],[118.471,4.6136],[118.4755,4.6169],[118.4793,4.6174],[118.4885,4.6108],[118.4943,4.6094],[118.4999,4.605],[118.5049,4.6036],[118.5149,4.5962],[118.5328,4.5966],[118.5339,4.6014],[118.5293,4.6052],[118.5309,4.6104],[118.5363,4.6161],[118.5417,4.6169],[118.5447,4.6139],[118.5428,4.6097],[118.5492,4.5956],[118.5494,4.5914],[118.5519,4.5886],[118.5553,4.5908],[118.558,4.5956],[118.5604,4.6114],[118.5653,4.6184],[118.5702,4.6216],[118.5785,4.6196],[118.5854,4.6246],[118.5872,4.6297],[118.5865,4.6337],[118.5844,4.636],[118.579,4.6387],[118.5739,4.639],[118.572,4.6411],[118.57,4.6386],[118.5681,4.6388],[118.565,4.6435],[118.5517,4.6478],[118.5475,4.655],[118.5408,4.6569],[118.5394,4.6556],[118.5408,4.6522],[118.5394,4.6497],[118.5328,4.6453],[118.5258,4.6483],[118.5192,4.6489],[118.5206,4.6553],[118.5161,4.6608],[118.5142,4.6618],[118.5115,4.6598],[118.508,4.661],[118.5053,4.6547],[118.5072,4.6508],[118.5064,4.6461],[118.5014,4.6411],[118.4965,4.6412],[118.4939,4.6493],[118.4947,4.6589],[118.4921,4.6618],[118.4889,4.6594],[118.484,4.6695],[118.4862,4.6745],[118.4895,4.675],[118.4896,4.6771],[118.485,4.6756],[118.4811,4.6776],[118.4775,4.6752],[118.473,4.6768],[118.4696,4.6818],[118.4665,4.6823],[118.4633,4.6875],[118.466,4.6941],[118.4608,4.7],[118.447,4.6989],[118.4415,4.6896],[118.4392,4.6872],[118.4372,4.6911],[118.4353,4.683],[118.4312,4.6838],[118.4294,4.6797],[118.4272,4.6806],[118.4264,4.6836],[118.4233,4.6828],[118.4249,4.6795],[118.4236,4.6761],[118.4269,4.6769],[118.4271,4.6733],[118.4299,4.673],[118.4327,4.6699],[118.4296,4.6633],[118.4156,4.6639],[118.4056,4.6609],[118.4004,4.6665],[118.3964,4.6624],[118.3903,4.6658],[118.3706,4.6622],[118.3541,4.6672],[118.3436,4.6675],[118.34,4.6656],[118.3406,4.6636],[118.3378,4.6658],[118.3281,4.6633],[118.3207,4.6566]]],[[[118.3294,4.9906],[118.3319,4.9911],[118.3314,4.9925],[118.3294,4.9925],[118.3294,4.9906]]],[[[118.3295,4.6421],[118.3317,4.6391],[118.3361,4.6386],[118.3377,4.643],[118.3307,4.6467],[118.3295,4.6421]]],[[[118.3319,4.3286],[118.3403,4.3222],[118.3472,4.3228],[118.3511,4.3144],[118.3536,4.3139],[118.3606,4.3197],[118.3522,4.3297],[118.3511,4.3389],[118.3433,4.3422],[118.3394,4.3422],[118.3378,4.3364],[118.333,4.3322],[118.3319,4.3286]]],[[[118.3461,4.6389],[118.3472,4.6389],[118.3478,4.6408],[118.3461,4.6413],[118.3461,4.6389]]],[[[118.3578,4.8071],[118.36,4.8022],[118.3656,4.8008],[118.373,4.7953],[118.3721,4.7898],[118.3696,4.7881],[118.3724,4.7868],[118.3736,4.7836],[118.3745,4.7877],[118.3779,4.7889],[118.379,4.7933],[118.3819,4.7943],[118.3836,4.7894],[118.3806,4.7853],[118.3812,4.7818],[118.3786,4.7808],[118.3797,4.7797],[118.3897,4.7894],[118.4002,4.7877],[118.4039,4.7911],[118.4058,4.79],[118.4058,4.7869],[118.4117,4.7872],[118.4144,4.7808],[118.4178,4.7836],[118.4139,4.7903],[118.4072,4.7911],[118.3986,4.8001],[118.3783,4.8061],[118.3728,4.8017],[118.3653,4.8036],[118.3596,4.8079],[118.3578,4.8071]]],[[[118.3644,4.7088],[118.3645,4.7047],[118.3969,4.7042],[118.3888,4.7011],[118.3912,4.6985],[118.3937,4.7008],[118.3972,4.7001],[118.3963,4.6962],[118.4017,4.693],[118.4048,4.6951],[118.4061,4.7008],[118.41,4.7014],[118.4107,4.6965],[118.4074,4.6935],[118.4078,4.6912],[118.414,4.6891],[118.4175,4.6903],[118.4168,4.6872],[118.4198,4.6873],[118.4228,4.6844],[118.4263,4.6877],[118.4208,4.6897],[118.425,4.6914],[118.4296,4.6907],[118.4319,4.6928],[118.4315,4.6965],[118.4213,4.6978],[118.417,4.7055],[118.4116,4.7083],[118.4117,4.7108],[118.4067,4.7083],[118.3978,4.7097],[118.3644,4.7088]]],[[[118.3678,4.9804],[118.3698,4.9804],[118.3699,4.9816],[118.3688,4.9816],[118.3678,4.9804]]],[[[118.3751,4.6722],[118.3757,4.6703],[118.3777,4.6686],[118.3755,4.6728],[118.3751,4.6722]]],[[[118.3801,4.7636],[118.3858,4.7599],[118.3869,4.7562],[118.3907,4.7563],[118.3919,4.7589],[118.3913,4.7637],[118.3844,4.7761],[118.3831,4.7775],[118.3811,4.7764],[118.385,4.7706],[118.3801,4.7636]]],[[[118.4463,4.5259],[118.4722,4.5123],[118.4776,4.5048],[118.4796,4.5095],[118.4829,4.5101],[118.4806,4.5095],[118.4783,4.5038],[118.5031,4.4899],[118.5139,4.5025],[118.4886,4.5145],[118.4851,4.5112],[118.4857,4.5135],[118.4823,4.5179],[118.4769,4.5199],[118.4783,4.5268],[118.476,4.5274],[118.4665,4.5224],[118.4504,4.5301],[118.4463,4.5259]]],[[[118.447,4.7092],[118.4502,4.7051],[118.4545,4.707],[118.4575,4.7037],[118.4611,4.706],[118.463,4.7049],[118.4632,4.709],[118.4689,4.7157],[118.473,4.7156],[118.4775,4.7194],[118.4657,4.7188],[118.4592,4.7259],[118.4596,4.7209],[118.4561,4.7201],[118.4525,4.7214],[118.4492,4.7188],[118.447,4.7092]]],[[[118.4508,4.3144],[118.4644,4.2846],[118.4768,4.2901],[118.461,4.3191],[118.4557,4.3172],[118.4546,4.3188],[118.4546,4.3171],[118.4508,4.3144]]],[[[118.4723,4.5858],[118.4755,4.5778],[118.4893,4.5659],[118.491,4.5895],[118.4929,4.5896],[118.4931,4.5869],[118.4935,4.5795],[118.4996,4.5787],[118.5059,4.5978],[118.4961,4.6037],[118.4902,4.5949],[118.4871,4.5951],[118.4851,4.5935],[118.4863,4.5926],[118.4723,4.5858]]],[[[118.4786,4.5219],[118.4797,4.52],[118.4922,4.5142],[118.5014,4.5136],[118.5042,4.5158],[118.5033,4.5322],[118.5058,4.5472],[118.5047,4.5517],[118.5011,4.5547],[118.4953,4.5558],[118.4914,4.5531],[118.4844,4.5375],[118.4797,4.5308],[118.4786,4.5219]]],[[[118.4848,4.7608],[118.4869,4.7604],[118.4879,4.7613],[118.4858,4.7623],[118.4848,4.7608]]],[[[118.4891,4.7536],[118.4896,4.7515],[118.4923,4.7526],[118.4907,4.7546],[118.4891,4.7536]]],[[[118.4919,4.4881],[118.4923,4.483],[118.5014,4.4815],[118.5014,4.4856],[118.4992,4.4881],[118.4919,4.4881]]],[[[118.4921,4.5572],[118.4937,4.5564],[118.4994,4.5689],[118.5025,4.5676],[118.512,4.5414],[118.5386,4.5565],[118.5096,4.5682],[118.5097,4.5714],[118.509,4.5726],[118.5178,4.5807],[118.516,4.5824],[118.5077,4.574],[118.5036,4.5772],[118.4939,4.5775],[118.4944,4.5722],[118.4984,4.5694],[118.4921,4.5572]]],[[[118.5046,4.589],[118.5057,4.5892],[118.5057,4.5901],[118.5062,4.5912],[118.5046,4.589]]],[[[118.5147,4.7452],[118.5157,4.7437],[118.5189,4.7461],[118.5174,4.7494],[118.5161,4.7494],[118.5147,4.7452]]],[[[118.5165,4.587],[118.5203,4.5794],[118.5208,4.5822],[118.5197,4.585],[118.5186,4.5869],[118.5165,4.587]]],[[[118.5197,4.5391],[118.521,4.5339],[118.5234,4.5323],[118.5282,4.5322],[118.5485,4.5386],[118.5576,4.5392],[118.56,4.5428],[118.5544,4.5486],[118.5645,4.5505],[118.571,4.5482],[118.5778,4.5495],[118.5797,4.5521],[118.579,4.5652],[118.5813,4.5724],[118.5819,4.578],[118.5785,4.5787],[118.5766,4.5756],[118.5735,4.5753],[118.5743,4.5734],[118.5727,4.5728],[118.5753,4.5706],[118.5733,4.5677],[118.5753,4.5604],[118.5711,4.565],[118.5686,4.5642],[118.5653,4.5661],[118.5659,4.5623],[118.5515,4.5536],[118.5354,4.5489],[118.5336,4.5469],[118.5344,4.545],[118.5293,4.5461],[118.5228,4.5425],[118.5197,4.5391]]],[[[118.5397,4.6619],[118.5406,4.6597],[118.5417,4.6602],[118.5438,4.661],[118.5428,4.6647],[118.5397,4.6619]]],[[[118.5633,4.6011],[118.5653,4.6],[118.5656,4.6019],[118.5633,4.6014],[118.5633,4.6011]]],[[[118.5639,4.3392],[118.5647,4.3376],[118.5705,4.3417],[118.571,4.3466],[118.5694,4.3467],[118.5639,4.3392]]],[[[118.5778,4.4892],[118.5798,4.4882],[118.5803,4.4897],[118.5784,4.4914],[118.5778,4.4892]]],[[[118.5822,4.3556],[118.5838,4.354],[118.5957,4.3582],[118.5964,4.3613],[118.5929,4.3655],[118.5822,4.3556]]],[[[118.5928,4.5543],[118.5929,4.5526],[118.6027,4.5555],[118.6092,4.555],[118.6133,4.5596],[118.6122,4.5641],[118.61,4.5668],[118.6038,4.5653],[118.5976,4.5557],[118.5928,4.5543]]],[[[118.5975,4.3712],[118.5978,4.3683],[118.6003,4.3671],[118.6044,4.3695],[118.6052,4.3717],[118.5998,4.3734],[118.5975,4.3712]]],[[[118.5977,4.4977],[118.5993,4.4971],[118.5994,4.4995],[118.5978,4.499],[118.5977,4.4977]]],[[[118.6253,4.4842],[118.6278,4.4764],[118.6294,4.4756],[118.6303,4.4767],[118.6325,4.4736],[118.6319,4.4719],[118.6383,4.4658],[118.6372,4.4633],[118.6459,4.4596],[118.6522,4.4519],[118.6547,4.4519],[118.6536,4.45],[118.6556,4.45],[118.6536,4.4475],[118.6569,4.4417],[118.6544,4.4394],[118.6528,4.4325],[118.6494,4.4294],[118.6511,4.4281],[118.6428,4.4214],[118.6436,4.4153],[118.6467,4.4158],[118.6497,4.4139],[118.6514,4.4161],[118.6558,4.4169],[118.6575,4.4194],[118.6589,4.4189],[118.6622,4.4244],[118.6644,4.4253],[118.6672,4.4236],[118.6686,4.4262],[118.6726,4.426],[118.6853,4.4397],[118.6836,4.4422],[118.6872,4.4408],[118.6875,4.4424],[118.6925,4.4422],[118.6972,4.44],[118.7108,4.4377],[118.7125,4.4358],[118.7214,4.4356],[118.7253,4.4403],[118.7331,4.4397],[118.7375,4.4422],[118.74,4.4419],[118.7544,4.4561],[118.7447,4.4575],[118.7431,4.4669],[118.7397,4.47],[118.7325,4.471],[118.7381,4.4683],[118.7403,4.4653],[118.7401,4.4508],[118.7378,4.4544],[118.7355,4.4505],[118.7329,4.4519],[118.7344,4.4542],[118.7331,4.4608],[118.7308,4.4625],[118.7306,4.4592],[118.7294,4.4617],[118.7203,4.4639],[118.7178,4.4719],[118.7144,4.4717],[118.7132,4.468],[118.7089,4.4686],[118.7028,4.4736],[118.6936,4.4711],[118.6922,4.4744],[118.6894,4.4736],[118.6895,4.4786],[118.6867,4.4781],[118.6861,4.4797],[118.6843,4.4796],[118.685,4.4817],[118.6829,4.482],[118.6842,4.4861],[118.6811,4.4911],[118.68,4.4919],[118.6764,4.4897],[118.675,4.4911],[118.6728,4.4906],[118.6736,4.4942],[118.6725,4.4956],[118.6508,4.4914],[118.6422,4.4952],[118.6394,4.4976],[118.6292,4.4997],[118.6281,4.4975],[118.63,4.4953],[118.627,4.4956],[118.6264,4.4933],[118.6353,4.4926],[118.6383,4.4883],[118.6375,4.4867],[118.6361,4.4881],[118.6357,4.4863],[118.6329,4.4869],[118.6334,4.485],[118.6292,4.4869],[118.6297,4.4836],[118.6267,4.4853],[118.6253,4.4842]]],[[[118.627,4.2473],[118.6298,4.2441],[118.6325,4.2431],[118.6335,4.2457],[118.6282,4.2489],[118.627,4.2473]]],[[[118.6271,4.1168],[118.6275,4.1139],[118.6291,4.112],[118.6306,4.1139],[118.6289,4.1175],[118.6271,4.1168]]],[[[118.6326,4.2533],[118.6336,4.2531],[118.6339,4.2542],[118.6329,4.2543],[118.6326,4.2533]]],[[[118.6473,4.3836],[118.6512,4.3828],[118.6582,4.3842],[118.6636,4.3874],[118.6638,4.3907],[118.6601,4.3922],[118.6535,4.3916],[118.6498,4.3889],[118.6473,4.3836]]],[[[118.6573,4.6511],[118.6577,4.6489],[118.6593,4.6523],[118.6585,4.6525],[118.6573,4.6511]]],[[[118.6593,4.5559],[118.6613,4.5551],[118.6694,4.5608],[118.6663,4.5627],[118.6621,4.5623],[118.6593,4.5559]]],[[[118.6631,4.4217],[118.665,4.4225],[118.6644,4.4235],[118.6631,4.4231],[118.6631,4.4217]]],[[[118.6778,4.4947],[118.6796,4.4929],[118.6803,4.4939],[118.6786,4.4956],[118.6778,4.4947]]],[[[118.6831,4.4911],[118.6833,4.4894],[118.6851,4.4876],[118.6855,4.4889],[118.6831,4.4911]]],[[[118.6858,4.4875],[118.6862,4.4864],[118.6878,4.4867],[118.6869,4.488],[118.6858,4.4875]]],[[[118.6865,4.6033],[118.6868,4.6011],[118.6892,4.6026],[118.6896,4.6062],[118.6874,4.6083],[118.6869,4.6079],[118.6865,4.6033]]],[[[118.6892,4.4889],[118.6919,4.485],[118.695,4.4878],[118.693,4.4889],[118.6892,4.4889]]],[[[118.6942,4.574],[118.6977,4.5736],[118.7,4.5777],[118.6958,4.5792],[118.6942,4.574]]],[[[118.7151,4.4822],[118.7164,4.4814],[118.7175,4.4831],[118.7161,4.4833],[118.7151,4.4822]]],[[[118.7187,4.596],[118.7224,4.5965],[118.7217,4.6013],[118.7187,4.5988],[118.7187,4.596]]],[[[118.7217,4.6056],[118.7228,4.6025],[118.725,4.6025],[118.7289,4.6064],[118.7358,4.6094],[118.7394,4.6139],[118.7444,4.6167],[118.7464,4.6233],[118.7486,4.6241],[118.7601,4.617],[118.7663,4.6176],[118.768,4.6165],[118.7328,4.6013],[118.7479,4.5853],[118.7715,4.6093],[118.7731,4.6078],[118.7761,4.6086],[118.7822,4.6136],[118.7764,4.6178],[118.7753,4.6231],[118.7708,4.6265],[118.754,4.6289],[118.7531,4.6306],[118.7501,4.631],[118.7447,4.6278],[118.7397,4.6286],[118.7342,4.6256],[118.7272,4.6186],[118.7217,4.6056]]],[[[118.7522,4.4275],[118.7563,4.4217],[118.7608,4.4204],[118.7607,4.4185],[118.7573,4.4154],[118.7624,4.4158],[118.7644,4.42],[118.7684,4.4221],[118.7683,4.4239],[118.7578,4.4278],[118.7522,4.4275]]],[[[118.7662,4.5999],[118.7663,4.5975],[118.7818,4.598],[118.7797,4.5917],[118.7801,4.5874],[118.7841,4.5861],[118.7888,4.5877],[118.7911,4.595],[118.7918,4.6001],[118.7941,4.6035],[118.7891,4.6091],[118.7841,4.6109],[118.7828,4.6128],[118.7811,4.6076],[118.7816,4.6],[118.7662,4.5999]]],[[[118.7914,4.6351],[118.7927,4.6335],[118.7941,4.6346],[118.7923,4.6365],[118.7914,4.6351]]],[[[118.8406,4.5329],[118.8496,4.5248],[118.8523,4.5242],[118.8552,4.5257],[118.8474,4.5314],[118.8406,4.5329]]],[[[118.8534,4.3066],[118.8559,4.3023],[118.8586,4.3038],[118.8626,4.3061],[118.8597,4.3091],[118.8594,4.3131],[118.8534,4.3066]]],[[[118.8617,4.5965],[118.8628,4.5932],[118.8677,4.5934],[118.8666,4.5973],[118.8637,4.5996],[118.8617,4.5965]]],[[[118.8672,4.3127],[118.8707,4.3106],[118.8745,4.3108],[118.8759,4.3137],[118.875,4.316],[118.8699,4.318],[118.8672,4.3127]]],[[[118.9142,4.5783],[118.9166,4.5773],[118.9152,4.5838],[118.9142,4.5829],[118.9142,4.5783]]],[[[118.9199,4.5577],[118.9202,4.5556],[118.9207,4.5529],[118.9211,4.5525],[118.9199,4.5577]]],[[[118.9321,4.4763],[118.9323,4.4728],[118.9377,4.4688],[118.9394,4.467],[118.9372,4.4723],[118.9321,4.4763]]],[[[118.9449,4.5893],[118.9456,4.5878],[118.9461,4.5911],[118.9454,4.5913],[118.9449,4.5893]]],[[[118.9467,4.5781],[118.9489,4.5728],[118.9506,4.5708],[118.9502,4.5766],[118.9468,4.5824],[118.9467,4.5781]]],[[[119.0302,4.7103],[119.0308,4.7089],[119.0322,4.7078],[119.0331,4.7089],[119.0311,4.7119],[119.0302,4.7103]]],[[[119.1453,4.7214],[119.1458,4.7194],[119.1475,4.7167],[119.1469,4.7222],[119.1453,4.7214]]],[[[119.2058,4.6697],[119.2069,4.6683],[119.2083,4.6689],[119.2078,4.6708],[119.2058,4.6697]]],[[[119.2342,4.7267],[119.2364,4.7258],[119.2369,4.7256],[119.2389,4.7275],[119.2342,4.7267]]],[[[119.2444,4.7719],[119.2464,4.7714],[119.2464,4.7736],[119.2447,4.7736],[119.2444,4.7719]]]]}}]}