{"type": "FeatureCollection", "note": "Crowdsourced cell records from OpenCelliD. Incomplete by construction. An area with no record has not been surveyed, which is not the same as an area with no tower. Never used as evidence of poor service.", "source": "OpenCelliD, MCC 502, Sabah extract", "licence": "CC BY-SA 4.0", "features": [{"type": "Feature", "geometry": {"type": "Point", "coordinates": [116.4214, 6.087]}, "properties": {"radio": "GSM", "net": 19, "samples": 30, "range_m": 5296, "updated": 2026}}, {"type": "Feature", "geometry": {"type": "Point", "coordinates": [118.0847, 5.8607]}, "properties": {"radio": "LTE", "net": 12, "samples": 5, "range_m": 1000, "updated": 2025}}, {"type": "Feature", "geometry": {"type": "Point", "coordinates": [116.1579, 6.0817]}, "properties": {"radio": "LTE", "net": 16, "samples": 40, "range_m": 1350, "updated": 2026}}, {"type": "Feature", "geometry": {"type": "Point", "coordinates": [116.2052, 6.103]}, "properties": {"radio": "LTE", "net": 16, "samples": 20, "range_m": 1319, "updated": 2026}}, {"type": "Feature", "geometry": {"type": "Point", "coordinates": [116.2043, 6.1016]}, "properties": {"radio": "LTE", "net": 16, "samples": 12, "range_m": 1083, "updated": 2026}}, {"type": "Feature", "geometry": {"type": "Point", "coordinates": [116.2042, 6.1016]}, "properties": {"radio": "LTE", "net": 16, "samples": 16, "range_m": 1245, "updated": 2026}}, {"type": "Feature", "geometry": {"type": "Point", "coordinates": [116.2078, 6.1068]}, "properties": {"radio": "LTE", "net": 16, "samples": 11, "range_m": 1000, "updated": 2026}}, {"type": "Feature", "geometry": {"type": "Point", "coordinates": [116.2066, 6.1064]}, "properties": {"radio": "LTE", "net": 16, "samples": 18, "range_m": 1000, "updated": 2026}}, {"type": "Feature", "geometry": {"type": "Point", "coordinates": [116.1829, 6.0952]}, "properties": {"radio": "LTE", "net": 16, "samples": 4, "range_m": 1000, "updated": 2026}}, {"type": "Feature", "geometry": {"type": "Point", "coordinates": [116.1768, 6.0887]}, "properties": {"radio": "LTE", "net": 16, "samples": 7, "range_m": 1000, "updated": 2026}}, {"type": "Feature", "geometry": {"type": "Point", "coordinates": [116.1828, 6.0923]}, "properties": {"radio": "LTE", "net": 16, "samples": 5, "range_m": 1000, "updated": 2026}}, {"type": "Feature", "geometry": {"type": "Point", "coordinates": [116.1976, 6.0925]}, "properties": {"radio": "LTE", "net": 16, "samples": 17, "range_m": 1000, "updated": 2026}}, {"type": "Feature", "geometry": {"type": "Point", "coordinates": [116.073, 5.9583]}, "properties": {"radio": "LTE", "net": 16, "samples": 6, "range_m": 1000, "updated": 2026}}, {"type": "Feature", "geometry": {"type": "Point", "coordinates": [116.0754, 5.9669]}, "properties": {"radio": "LTE", "net": 16, "samples": 7, "range_m": 1000, "updated": 2026}}, {"type": "Feature", "geometry": {"type": "Point", "coordinates": [116.0758, 5.9673]}, "properties": {"radio": "LTE", "net": 16, "samples": 10, "range_m": 1000, "updated": 2026}}, {"type": "Feature", "geometry": {"type": "Point", "coordinates": [116.0749, 5.9619]}, "properties": {"radio": "LTE", "net": 16, "samples": 6, "range_m": 1000, "updated": 2026}}, {"type": "Feature", "geometry": {"type": "Point", "coordinates": [116.0725, 5.9588]}, "properties": {"radio": "LTE", "net": 16, "samples": 13, "range_m": 1000, "updated": 2026}}, {"type": "Feature", "geometry": {"type": "Point", "coordinates": [116.0732, 5.9587]}, "properties": {"radio": "LTE", "net": 16, "samples": 3, "range_m": 1000, "updated": 2026}}, {"type": "Feature", "geometry": {"type": "Point", "coordinates": [116.0854, 5.9946]}, "properties": {"radio": "LTE", "net": 16, "samples": 3, "range_m": 1000, "updated": 2026}}, {"type": "Feature", "geometry": {"type": "Point", "coordinates": [116.0736, 5.958]}, "properties": {"radio": "LTE", "net": 16, "samples": 1, "range_m": 1000, "updated": 2025}}, {"type": "Feature", "geometry": {"type": "Point", "coordinates": [116.3561, 5.6768]}, "properties": {"radio": "LTE", "net": 18, "samples": 2, "range_m": 1000, "updated": 2025}}, {"type": "Feature", "geometry": {"type": "Point", "coordinates": [116.3554, 5.6777]}, "properties": {"radio": "LTE", "net": 18, "samples": 2, "range_m": 1000, "updated": 2025}}, {"type": "Feature", "geometry": {"type": "Point", "coordinates": [116.0763, 5.9328]}, "properties": {"radio": "LTE", "net": 16, "samples": 1, "range_m": 1000, "updated": 2025}}, {"type": "Feature", "geometry": {"type": "Point", "coordinates": [118.4171, 5.1379]}, "properties": {"radio": "LTE", "net": 19, "samples": 1, "range_m": 1000, "updated": 2025}}, {"type": "Feature", "geometry": {"type": "Point", "coordinates": [116.0675, 5.971]}, "properties": {"radio": "LTE", "net": 19, "samples": 1, "range_m": 1000, "updated": 2025}}, {"type": "Feature", "geometry": {"type": "Point", "coordinates": [116.0943, 5.3313]}, "properties": {"radio": "LTE", "net": 18, "samples": 7, "range_m": 1000, "updated": 2025}}, {"type": "Feature", "geometry": {"type": "Point", "coordinates": [116.0877, 5.3275]}, "properties": {"radio": "GSM", "net": 18, "samples": 6, "range_m": 1000, "updated": 2025}}, {"type": "Feature", "geometry": {"type": "Point", "coordinates": [116.0745, 5.3142]}, "properties": {"radio": "GSM", "net": 13, "samples": 22, "range_m": 2272, "updated": 2025}}, {"type": "Feature", "geometry": {"type": "Point", "coordinates": [116.0677, 5.307]}, "properties": {"radio": "GSM", "net": 13, "samples": 27, "range_m": 2128, "updated": 2025}}, {"type": "Feature", "geometry": {"type": "Point", "coordinates": [116.0621, 5.3043]}, "properties": {"radio": "GSM", "net": 13, "samples": 50, "range_m": 2631, "updated": 2025}}, {"type": "Feature", "geometry": {"type": "Point", "coordinates": [116.0607, 5.3019]}, "properties": {"radio": "LTE", "net": 18, "samples": 34, "range_m": 2460, "updated": 2025}}, {"type": "Feature", "geometry": {"type": "Point", "coordinates": [116.0641, 5.3013]}, "properties": {"radio": "GSM", "net": 13, "samples": 10, "range_m": 1000, "updated": 2025}}, {"type": "Feature", "geometry": {"type": "Point", "coordinates": [116.0474, 5.2958]}, "properties": {"radio": "GSM", "net": 13, "samples": 45, "range_m": 2019, "updated": 2025}}, {"type": "Feature", "geometry": {"type": "Point", "coordinates": [116.0511, 5.2979]}, "properties": {"radio": "GSM", "net": 13, "samples": 18, "range_m": 2006, "updated": 2025}}, {"type": "Feature", "geometry": {"type": "Point", "coordinates": [116.0444, 5.2949]}, "properties": {"radio": "LTE", "net": 18, "samples": 10, "range_m": 1000, "updated": 2025}}, {"type": "Feature", "geometry": {"type": "Point", "coordinates": [116.0332, 5.2895]}, "properties": {"radio": "GSM", "net": 13, "samples": 6, "range_m": 1000, "updated": 2025}}, {"type": "Feature", "geometry": {"type": "Point", "coordinates": [116.0295, 5.2861]}, "properties": {"radio": "LTE", "net": 18, "samples": 11, "range_m": 1000, "updated": 2025}}, {"type": "Feature", "geometry": {"type": "Point", "coordinates": [116.0142, 5.285]}, "properties": {"radio": "GSM", "net": 158, "samples": 16, "range_m": 1280, "updated": 2025}}, {"type": "Feature", "geometry": {"type": "Point", "coordinates": [116.0223, 5.2879]}, "properties": {"radio": "GSM", "net": 158, "samples": 7, "range_m": 1000, "updated": 2025}}, {"type": "Feature", "geometry": {"type": "Point", "coordinates": [116.0223, 5.2879]}, "properties": {"radio": "GSM", "net": 158, "samples": 7, "range_m": 1000, "updated": 2025}}, {"type": "Feature", "geometry": {"type": "Point", "coordinates": [116.0206, 5.2896]}, "properties": {"radio": "GSM", "net": 18, "samples": 10, "range_m": 1000, "updated": 2025}}, {"type": "Feature", "geometry": {"type": "Point", "coordinates": [116.0185, 5.2908]}, "properties": {"radio": "LTE", "net": 158, "samples": 3, "range_m": 1000, "updated": 2025}}, {"type": "Feature", "geometry": {"type": "Point", "coordinates": [116.0114, 5.2846]}, "properties": {"radio": "LTE", "net": 18, "samples": 31, "range_m": 2233, "updated": 2025}}, {"type": "Feature", "geometry": {"type": "Point", "coordinates": [116.0097, 5.2823]}, "properties": {"radio": "LTE", "net": 18, "samples": 15, "range_m": 1791, "updated": 2025}}, {"type": "Feature", "geometry": {"type": "Point", "coordinates": [116.0105, 5.2857]}, "properties": {"radio": "LTE", "net": 18, "samples": 7, "range_m": 1000, "updated": 2025}}, {"type": "Feature", "geometry": {"type": "Point", "coordinates": [116.0089, 5.2733]}, "properties": {"radio": "LTE", "net": 18, "samples": 8, "range_m": 1098, "updated": 2025}}, {"type": "Feature", "geometry": {"type": "Point", "coordinates": [116.0059, 5.2792]}, "properties": {"radio": "GSM", "net": 158, "samples": 7, "range_m": 1000, "updated": 2025}}, {"type": "Feature", "geometry": {"type": "Point", "coordinates": [116.006, 5.2735]}, "properties": {"radio": "GSM", "net": 158, "samples": 10, "range_m": 1525, "updated": 2025}}, {"type": "Feature", "geometry": {"type": "Point", "coordinates": [116.0047, 5.2768]}, "properties": {"radio": "LTE", "net": 18, "samples": 4, "range_m": 1000, "updated": 2025}}, {"type": "Feature", "geometry": {"type": "Point", "coordinates": [116.0063, 5.272]}, "properties": {"radio": "LTE", "net": 18, "samples": 11, "range_m": 1000, "updated": 2025}}, {"type": "Feature", "geometry": {"type": "Point", "coordinates": [116.0067, 5.2687]}, "properties": {"radio": "LTE", "net": 18, "samples": 4, "range_m": 1000, "updated": 2025}}, {"type": "Feature", "geometry": {"type": "Point", "coordinates": [116.0069, 5.2609]}, "properties": {"radio": "GSM", "net": 18, "samples": 7, "range_m": 1000, "updated": 2025}}, {"type": "Feature", "geometry": {"type": "Point", "coordinates": [116.0073, 5.2615]}, "properties": {"radio": "GSM", "net": 18, "samples": 4, "range_m": 1000, "updated": 2025}}, {"type": "Feature", "geometry": {"type": "Point", "coordinates": [116.0054, 5.2533]}, "properties": {"radio": "LTE", "net": 18, "samples": 16, "range_m": 1000, "updated": 2025}}, {"type": "Feature", "geometry": {"type": "Point", "coordinates": [116.0061, 5.2531]}, "properties": {"radio": "LTE", "net": 18, "samples": 4, "range_m": 1000, "updated": 2025}}, {"type": "Feature", "geometry": {"type": "Point", "coordinates": [116.0042, 5.2489]}, "properties": {"radio": "LTE", "net": 18, "samples": 6, "range_m": 1000, "updated": 2025}}, {"type": "Feature", "geometry": {"type": "Point", "coordinates": [115.9991, 5.2401]}, "properties": {"radio": "LTE", "net": 18, "samples": 14, "range_m": 1000, "updated": 2025}}, {"type": "Feature", "geometry": {"type": "Point", "coordinates": [115.9966, 5.2364]}, "properties": {"radio": "LTE", "net": 18, "samples": 12, "range_m": 1000, "updated": 2025}}, {"type": "Feature", "geometry": {"type": "Point", "coordinates": [115.9859, 5.2203]}, "properties": {"radio": "LTE", "net": 18, "samples": 50, "range_m": 1460, "updated": 2025}}, {"type": "Feature", "geometry": {"type": "Point", "coordinates": [115.9803, 5.2092]}, "properties": {"radio": "LTE", "net": 18, "samples": 4, "range_m": 1000, "updated": 2025}}, {"type": "Feature", "geometry": {"type": "Point", "coordinates": [115.9689, 5.1823]}, "properties": {"radio": "LTE", "net": 18, "samples": 20, "range_m": 3052, "updated": 2025}}, {"type": "Feature", "geometry": {"type": "Point", "coordinates": [115.9771, 5.1966]}, "properties": {"radio": "LTE", "net": 18, "samples": 17, "range_m": 1000, "updated": 2025}}, {"type": "Feature", "geometry": {"type": "Point", "coordinates": [115.9747, 5.1876]}, "properties": {"radio": "LTE", "net": 18, "samples": 17, "range_m": 1000, "updated": 2025}}, {"type": "Feature", "geometry": {"type": "Point", "coordinates": [115.9718, 5.18]}, "properties": {"radio": "LTE", "net": 18, "samples": 16, "range_m": 1000, "updated": 2025}}, {"type": "Feature", "geometry": {"type": "Point", "coordinates": [115.9598, 5.1659]}, "properties": {"radio": "LTE", "net": 18, "samples": 8, "range_m": 1000, "updated": 2025}}, {"type": "Feature", "geometry": {"type": "Point", "coordinates": [115.9599, 5.1631]}, "properties": {"radio": "LTE", "net": 18, "samples": 11, "range_m": 1000, "updated": 2025}}, {"type": "Feature", "geometry": {"type": "Point", "coordinates": [115.9595, 5.1577]}, "properties": {"radio": "LTE", "net": 18, "samples": 4, "range_m": 1000, "updated": 2025}}, {"type": "Feature", "geometry": {"type": "Point", "coordinates": [115.9564, 5.1515]}, "properties": {"radio": "LTE", "net": 18, "samples": 11, "range_m": 1000, "updated": 2025}}, {"type": "Feature", "geometry": {"type": "Point", "coordinates": [115.9584, 5.1516]}, "properties": {"radio": "LTE", "net": 18, "samples": 7, "range_m": 1000, "updated": 2025}}, {"type": "Feature", "geometry": {"type": "Point", "coordinates": [115.9574, 5.1495]}, "properties": {"radio": "LTE", "net": 18, "samples": 3, "range_m": 1000, "updated": 2025}}, {"type": "Feature", "geometry": {"type": "Point", "coordinates": [115.9503, 5.1492]}, "properties": {"radio": "LTE", "net": 18, "samples": 20, "range_m": 1000, "updated": 2025}}, {"type": "Feature", "geometry": {"type": "Point", "coordinates": [116.1416, 5.3223]}, "properties": {"radio": "LTE", "net": 18, "samples": 3, "range_m": 1000, "updated": 2025}}, {"type": "Feature", "geometry": {"type": "Point", "coordinates": [116.1432, 5.3259]}, "properties": {"radio": "LTE", "net": 18, "samples": 17, "range_m": 1000, "updated": 2025}}, {"type": "Feature", "geometry": {"type": "Point", "coordinates": [116.1433, 5.3327]}, "properties": {"radio": "LTE", "net": 18, "samples": 8, "range_m": 1000, "updated": 2025}}, {"type": "Feature", "geometry": {"type": "Point", "coordinates": [116.1125, 5.3846]}, "properties": {"radio": "LTE", "net": 18, "samples": 40, "range_m": 6691, "updated": 2025}}, {"type": "Feature", "geometry": {"type": "Point", "coordinates": [116.1468, 5.3344]}, "properties": {"radio": "LTE", "net": 18, "samples": 10, "range_m": 1000, "updated": 2025}}, {"type": "Feature", "geometry": {"type": "Point", "coordinates": [116.1286, 5.3505]}, "properties": {"radio": "LTE", "net": 18, "samples": 41, "range_m": 1455, "updated": 2025}}, {"type": "Feature", "geometry": {"type": "Point", "coordinates": [116.1295, 5.3615]}, "properties": {"radio": "LTE", "net": 18, "samples": 4, "range_m": 1000, "updated": 2025}}, {"type": "Feature", "geometry": {"type": "Point", "coordinates": [116.1288, 5.3632]}, "properties": {"radio": "LTE", "net": 18, "samples": 4, "range_m": 1000, "updated": 2025}}, {"type": "Feature", "geometry": {"type": "Point", "coordinates": [116.1037, 5.3914]}, "properties": {"radio": "LTE", "net": 18, "samples": 10, "range_m": 2904, "updated": 2025}}, {"type": "Feature", "geometry": {"type": "Point", "coordinates": [116.1256, 5.3757]}, "properties": {"radio": "LTE", "net": 18, "samples": 9, "range_m": 5511, "updated": 2025}}, {"type": "Feature", "geometry": {"type": "Point", "coordinates": [116.1149, 5.3896]}, "properties": {"radio": "LTE", "net": 18, "samples": 10, "range_m": 1710, "updated": 2025}}, {"type": "Feature", "geometry": {"type": "Point", "coordinates": [116.1193, 5.3896]}, "properties": {"radio": "LTE", "net": 18, "samples": 10, "range_m": 1201, "updated": 2025}}, {"type": "Feature", "geometry": {"type": "Point", "coordinates": [116.1227, 5.3803]}, "properties": {"radio": "LTE", "net": 18, "samples": 2, "range_m": 1000, "updated": 2025}}, {"type": "Feature", "geometry": {"type": "Point", "coordinates": [116.1209, 5.386]}, "properties": {"radio": "LTE", "net": 18, "samples": 5, "range_m": 1000, "updated": 2025}}, {"type": "Feature", "geometry": {"type": "Point", "coordinates": [116.1216, 5.3844]}, "properties": {"radio": "LTE", "net": 18, "samples": 3, "range_m": 1000, "updated": 2025}}, {"type": "Feature", "geometry": {"type": "Point", "coordinates": [116.122, 5.3868]}, "properties": {"radio": "LTE", "net": 18, "samples": 3, "range_m": 1000, "updated": 2025}}, {"type": "Feature", "geometry": {"type": "Point", "coordinates": [116.1116, 5.3949]}, "properties": {"radio": "LTE", "net": 18, "samples": 10, "range_m": 1206, "updated": 2025}}, {"type": "Feature", "geometry": {"type": "Point", "coordinates": [116.1183, 5.3922]}, "properties": {"radio": "LTE", "net": 18, "samples": 2, "range_m": 1000, "updated": 2025}}, {"type": "Feature", "geometry": {"type": "Point", "coordinates": [116.1173, 5.3921]}, "properties": {"radio": "LTE", "net": 18, "samples": 3, "range_m": 1000, "updated": 2025}}, {"type": "Feature", "geometry": {"type": "Point", "coordinates": [116.179, 5.3765]}, "properties": {"radio": "LTE", "net": 18, "samples": 26, "range_m": 7201, "updated": 2025}}, {"type": "Feature", "geometry": {"type": "Point", "coordinates": [116.1137, 5.3927]}, "properties": {"radio": "LTE", "net": 18, "samples": 3, "range_m": 1000, "updated": 2025}}, {"type": "Feature", "geometry": {"type": "Point", "coordinates": [116.1064, 5.3997]}, "properties": {"radio": "LTE", "net": 18, "samples": 3, "range_m": 1000, "updated": 2025}}, {"type": "Feature", "geometry": {"type": "Point", "coordinates": [116.0987, 5.3992]}, "properties": {"radio": "LTE", "net": 18, "samples": 18, "range_m": 1000, "updated": 2025}}, {"type": "Feature", "geometry": {"type": "Point", "coordinates": [116.0793, 5.4426]}, "properties": {"radio": "LTE", "net": 18, "samples": 50, "range_m": 3286, "updated": 2025}}, {"type": "Feature", "geometry": {"type": "Point", "coordinates": [116.0959, 5.4008]}, "properties": {"radio": "LTE", "net": 18, "samples": 3, "range_m": 1000, "updated": 2025}}, {"type": "Feature", "geometry": {"type": "Point", "coordinates": [116.0914, 5.4182]}, "properties": {"radio": "LTE", "net": 18, "samples": 17, "range_m": 3955, "updated": 2025}}, {"type": "Feature", "geometry": {"type": "Point", "coordinates": [116.0742, 5.4476]}, "properties": {"radio": "LTE", "net": 18, "samples": 32, "range_m": 4311, "updated": 2025}}, {"type": "Feature", "geometry": {"type": "Point", "coordinates": [116.0729, 5.4538]}, "properties": {"radio": "LTE", "net": 18, "samples": 50, "range_m": 3772, "updated": 2025}}, {"type": "Feature", "geometry": {"type": "Point", "coordinates": [116.0416, 5.4618]}, "properties": {"radio": "LTE", "net": 18, "samples": 29, "range_m": 1873, "updated": 2025}}, {"type": "Feature", "geometry": {"type": "Point", "coordinates": [116.0291, 5.4849]}, "properties": {"radio": "LTE", "net": 18, "samples": 22, "range_m": 3438, "updated": 2025}}, {"type": "Feature", "geometry": {"type": "Point", "coordinates": [116.0515, 5.4686]}, "properties": {"radio": "LTE", "net": 18, "samples": 6, "range_m": 1000, "updated": 2025}}, {"type": "Feature", "geometry": {"type": "Point", "coordinates": [116.0408, 5.4586]}, "properties": {"radio": "LTE", "net": 18, "samples": 4, "range_m": 1000, "updated": 2025}}, {"type": "Feature", "geometry": {"type": "Point", "coordinates": [116.0106, 5.499]}, "properties": {"radio": "GSM", "net": 18, "samples": 24, "range_m": 6196, "updated": 2025}}, {"type": "Feature", "geometry": {"type": "Point", "coordinates": [115.9595, 5.6069]}, "properties": {"radio": "GSM", "net": 18, "samples": 50, "range_m": 1076, "updated": 2025}}, {"type": "Feature", "geometry": {"type": "Point", "coordinates": [116.0279, 5.4577]}, "properties": {"radio": "LTE", "net": 18, "samples": 11, "range_m": 1000, "updated": 2025}}, {"type": "Feature", "geometry": {"type": "Point", "coordinates": [116.024, 5.4595]}, "properties": {"radio": "LTE", "net": 18, "samples": 6, "range_m": 1000, "updated": 2025}}, {"type": "Feature", "geometry": {"type": "Point", "coordinates": [116.0144, 5.4859]}, "properties": {"radio": "LTE", "net": 18, "samples": 35, "range_m": 3884, "updated": 2025}}, {"type": "Feature", "geometry": {"type": "Point", "coordinates": [116.0159, 5.4802]}, "properties": {"radio": "LTE", "net": 18, "samples": 5, "range_m": 1000, "updated": 2025}}, {"type": "Feature", "geometry": {"type": "Point", "coordinates": [115.9773, 5.5606]}, "properties": {"radio": "GSM", "net": 18, "samples": 21, "range_m": 2228, "updated": 2025}}, {"type": "Feature", "geometry": {"type": "Point", "coordinates": [116.0143, 5.4952]}, "properties": {"radio": "LTE", "net": 18, "samples": 5, "range_m": 1000, "updated": 2025}}, {"type": "Feature", "geometry": {"type": "Point", "coordinates": [116.0137, 5.4974]}, "properties": {"radio": "LTE", "net": 18, "samples": 6, "range_m": 1000, "updated": 2025}}, {"type": "Feature", "geometry": {"type": "Point", "coordinates": [116.01, 5.5103]}, "properties": {"radio": "LTE", "net": 18, "samples": 10, "range_m": 1321, "updated": 2025}}, {"type": "Feature", "geometry": {"type": "Point", "coordinates": [116.0076, 5.5129]}, "properties": {"radio": "LTE", "net": 18, "samples": 13, "range_m": 1262, "updated": 2025}}, {"type": "Feature", "geometry": {"type": "Point", "coordinates": [116.0083, 5.5055]}, "properties": {"radio": "LTE", "net": 18, "samples": 4, "range_m": 1000, "updated": 2025}}, {"type": "Feature", "geometry": {"type": "Point", "coordinates": [116.0071, 5.5109]}, "properties": {"radio": "GSM", "net": 158, "samples": 20, "range_m": 1000, "updated": 2025}}, {"type": "Feature", "geometry": {"type": "Point", "coordinates": [115.9996, 5.5248]}, "properties": {"radio": "GSM", "net": 158, "samples": 24, "range_m": 2262, "updated": 2025}}, {"type": "Feature", "geometry": {"type": "Point", "coordinates": [116.0058, 5.5138]}, "properties": {"radio": "GSM", "net": 158, "samples": 7, "range_m": 1000, "updated": 2025}}, {"type": "Feature", "geometry": {"type": "Point", "coordinates": [116.0058, 5.5138]}, "properties": {"radio": "GSM", "net": 158, "samples": 7, "range_m": 1000, "updated": 2025}}, {"type": "Feature", "geometry": {"type": "Point", "coordinates": [116.0058, 5.5138]}, "properties": {"radio": "GSM", "net": 158, "samples": 7, "range_m": 1000, "updated": 2025}}, {"type": "Feature", "geometry": {"type": "Point", "coordinates": [116.0058, 5.5138]}, "properties": {"radio": "GSM", "net": 158, "samples": 7, "range_m": 1000, "updated": 2025}}, {"type": "Feature", "geometry": {"type": "Point", "coordinates": [116.0057, 5.5146]}, "properties": {"radio": "LTE", "net": 18, "samples": 4, "range_m": 1000, "updated": 2025}}, {"type": "Feature", "geometry": {"type": "Point", "coordinates": [116.0052, 5.5216]}, "properties": {"radio": "LTE", "net": 18, "samples": 2, "range_m": 1000, "updated": 2025}}, {"type": "Feature", "geometry": {"type": "Point", "coordinates": [115.9923, 5.5384]}, "properties": {"radio": "GSM", "net": 158, "samples": 12, "range_m": 1000, "updated": 2025}}, {"type": "Feature", "geometry": {"type": "Point", "coordinates": [115.9923, 5.5384]}, "properties": {"radio": "GSM", "net": 158, "samples": 12, "range_m": 1000, "updated": 2025}}, {"type": "Feature", "geometry": {"type": "Point", "coordinates": [115.9906, 5.5394]}, "properties": {"radio": "GSM", "net": 158, "samples": 3, "range_m": 1000, "updated": 2025}}, {"type": "Feature", "geometry": {"type": "Point", "coordinates": [115.9818, 5.5438]}, "properties": {"radio": "GSM", "net": 18, "samples": 5, "range_m": 1000, "updated": 2025}}, {"type": "Feature", "geometry": {"type": "Point", "coordinates": [115.9601, 5.6071]}, "properties": {"radio": "GSM", "net": 18, "samples": 47, "range_m": 1431, "updated": 2025}}, {"type": "Feature", "geometry": {"type": "Point", "coordinates": [115.9611, 5.6022]}, "properties": {"radio": "GSM", "net": 18, "samples": 21, "range_m": 1000, "updated": 2025}}, {"type": "Feature", "geometry": {"type": "Point", "coordinates": [115.9582, 5.6192]}, "properties": {"radio": "LTE", "net": 18, "samples": 14, "range_m": 1000, "updated": 2025}}, {"type": "Feature", "geometry": {"type": "Point", "coordinates": [115.9583, 5.6235]}, "properties": {"radio": "LTE", "net": 18, "samples": 6, "range_m": 1000, "updated": 2025}}, {"type": "Feature", "geometry": {"type": "Point", "coordinates": [115.9562, 5.6367]}, "properties": {"radio": "LTE", "net": 18, "samples": 18, "range_m": 1292, "updated": 2025}}, {"type": "Feature", "geometry": {"type": "Point", "coordinates": [115.9561, 5.6273]}, "properties": {"radio": "LTE", "net": 18, "samples": 16, "range_m": 1000, "updated": 2025}}, {"type": "Feature", "geometry": {"type": "Point", "coordinates": [115.957, 5.6309]}, "properties": {"radio": "LTE", "net": 18, "samples": 3, "range_m": 1000, "updated": 2025}}, {"type": "Feature", "geometry": {"type": "Point", "coordinates": [115.9538, 5.6519]}, "properties": {"radio": "LTE", "net": 18, "samples": 36, "range_m": 931, "updated": 2025}}, {"type": "Feature", "geometry": {"type": "Point", "coordinates": [115.9473, 5.6689]}, "properties": {"radio": "LTE", "net": 18, "samples": 8, "range_m": 1740, "updated": 2025}}, {"type": "Feature", "geometry": {"type": "Point", "coordinates": [115.9504, 5.6752]}, "properties": {"radio": "LTE", "net": 18, "samples": 21, "range_m": 1695, "updated": 2025}}, {"type": "Feature", "geometry": {"type": "Point", "coordinates": [115.9437, 5.6865]}, "properties": {"radio": "LTE", "net": 18, "samples": 20, "range_m": 1559, "updated": 2025}}, {"type": "Feature", "geometry": {"type": "Point", "coordinates": [115.9348, 5.688]}, "properties": {"radio": "LTE", "net": 18, "samples": 17, "range_m": 1000, "updated": 2025}}, {"type": "Feature", "geometry": {"type": "Point", "coordinates": [115.938, 5.6992]}, "properties": {"radio": "LTE", "net": 18, "samples": 32, "range_m": 1065, "updated": 2025}}, {"type": "Feature", "geometry": {"type": "Point", "coordinates": [115.9524, 5.6987]}, "properties": {"radio": "LTE", "net": 18, "samples": 27, "range_m": 1063, "updated": 2025}}, {"type": "Feature", "geometry": {"type": "Point", "coordinates": [115.9692, 5.696]}, "properties": {"radio": "LTE", "net": 18, "samples": 47, "range_m": 2540, "updated": 2025}}, {"type": "Feature", "geometry": {"type": "Point", "coordinates": [115.962, 5.6937]}, "properties": {"radio": "LTE", "net": 18, "samples": 16, "range_m": 1000, "updated": 2025}}, {"type": "Feature", "geometry": {"type": "Point", "coordinates": [115.9984, 5.6902]}, "properties": {"radio": "LTE", "net": 18, "samples": 22, "range_m": 1000, "updated": 2025}}, {"type": "Feature", "geometry": {"type": "Point", "coordinates": [116.0064, 5.6893]}, "properties": {"radio": "LTE", "net": 18, "samples": 6, "range_m": 1000, "updated": 2025}}, {"type": "Feature", "geometry": {"type": "Point", "coordinates": [116.0101, 5.6989]}, "properties": {"radio": "LTE", "net": 18, "samples": 31, "range_m": 975, "updated": 2025}}, {"type": "Feature", "geometry": {"type": "Point", "coordinates": [116.0137, 5.7139]}, "properties": {"radio": "LTE", "net": 18, "samples": 17, "range_m": 1133, "updated": 2025}}, {"type": "Feature", "geometry": {"type": "Point", "coordinates": [116.0119, 5.7155]}, "properties": {"radio": "LTE", "net": 18, "samples": 11, "range_m": 1000, "updated": 2025}}, {"type": "Feature", "geometry": {"type": "Point", "coordinates": [116.0144, 5.719]}, "properties": {"radio": "LTE", "net": 18, "samples": 6, "range_m": 1000, "updated": 2025}}, {"type": "Feature", "geometry": {"type": "Point", "coordinates": [116.0166, 5.7201]}, "properties": {"radio": "LTE", "net": 18, "samples": 5, "range_m": 1000, "updated": 2025}}, {"type": "Feature", "geometry": {"type": "Point", "coordinates": [116.0248, 5.7285]}, "properties": {"radio": "LTE", "net": 18, "samples": 18, "range_m": 1000, "updated": 2025}}, {"type": "Feature", "geometry": {"type": "Point", "coordinates": [116.0282, 5.7392]}, "properties": {"radio": "LTE", "net": 18, "samples": 11, "range_m": 1000, "updated": 2025}}, {"type": "Feature", "geometry": {"type": "Point", "coordinates": [116.0309, 5.7487]}, "properties": {"radio": "LTE", "net": 18, "samples": 26, "range_m": 782, "updated": 2025}}, {"type": "Feature", "geometry": {"type": "Point", "coordinates": [116.033, 5.7573]}, "properties": {"radio": "LTE", "net": 18, "samples": 11, "range_m": 1000, "updated": 2025}}, {"type": "Feature", "geometry": {"type": "Point", "coordinates": [116.028, 5.7645]}, "properties": {"radio": "LTE", "net": 18, "samples": 17, "range_m": 1000, "updated": 2025}}, {"type": "Feature", "geometry": {"type": "Point", "coordinates": [116.0272, 5.7787]}, "properties": {"radio": "LTE", "net": 18, "samples": 21, "range_m": 1000, "updated": 2025}}, {"type": "Feature", "geometry": {"type": "Point", "coordinates": [116.0325, 5.7864]}, "properties": {"radio": "LTE", "net": 18, "samples": 16, "range_m": 1000, "updated": 2025}}, {"type": "Feature", "geometry": {"type": "Point", "coordinates": [116.0321, 5.7914]}, "properties": {"radio": "LTE", "net": 18, "samples": 6, "range_m": 1000, "updated": 2025}}, {"type": "Feature", "geometry": {"type": "Point", "coordinates": [116.0317, 5.7941]}, "properties": {"radio": "LTE", "net": 18, "samples": 6, "range_m": 1000, "updated": 2025}}, {"type": "Feature", "geometry": {"type": "Point", "coordinates": [116.0325, 5.7968]}, "properties": {"radio": "LTE", "net": 18, "samples": 6, "range_m": 1000, "updated": 2025}}, {"type": "Feature", "geometry": {"type": "Point", "coordinates": [116.0337, 5.7994]}, "properties": {"radio": "LTE", "net": 18, "samples": 6, "range_m": 1000, "updated": 2025}}, {"type": "Feature", "geometry": {"type": "Point", "coordinates": [116.0353, 5.8047]}, "properties": {"radio": "LTE", "net": 18, "samples": 16, "range_m": 1000, "updated": 2025}}, {"type": "Feature", "geometry": {"type": "Point", "coordinates": [116.0376, 5.8095]}, "properties": {"radio": "LTE", "net": 18, "samples": 6, "range_m": 1000, "updated": 2025}}, {"type": "Feature", "geometry": {"type": "Point", "coordinates": [116.0397, 5.8111]}, "properties": {"radio": "LTE", "net": 18, "samples": 6, "range_m": 1000, "updated": 2025}}, {"type": "Feature", "geometry": {"type": "Point", "coordinates": [116.0463, 5.8137]}, "properties": {"radio": "LTE", "net": 18, "samples": 16, "range_m": 1000, "updated": 2025}}, {"type": "Feature", "geometry": {"type": "Point", "coordinates": [116.0493, 5.821]}, "properties": {"radio": "LTE", "net": 18, "samples": 21, "range_m": 1000, "updated": 2025}}, {"type": "Feature", "geometry": {"type": "Point", "coordinates": [116.0504, 5.8275]}, "properties": {"radio": "LTE", "net": 18, "samples": 11, "range_m": 1000, "updated": 2025}}, {"type": "Feature", "geometry": {"type": "Point", "coordinates": [116.0508, 5.8341]}, "properties": {"radio": "LTE", "net": 18, "samples": 10, "range_m": 1000, "updated": 2025}}, {"type": "Feature", "geometry": {"type": "Point", "coordinates": [116.049, 5.8397]}, "properties": {"radio": "LTE", "net": 18, "samples": 13, "range_m": 1000, "updated": 2025}}, {"type": "Feature", "geometry": {"type": "Point", "coordinates": [116.046, 5.8424]}, "properties": {"radio": "LTE", "net": 18, "samples": 7, "range_m": 1000, "updated": 2025}}, {"type": "Feature", "geometry": {"type": "Point", "coordinates": [116.0448, 5.8446]}, "properties": {"radio": "LTE", "net": 18, "samples": 4, "range_m": 1000, "updated": 2025}}, {"type": "Feature", "geometry": {"type": "Point", "coordinates": [116.0436, 5.8473]}, "properties": {"radio": "LTE", "net": 18, "samples": 9, "range_m": 1000, "updated": 2025}}, {"type": "Feature", "geometry": {"type": "Point", "coordinates": [116.0427, 5.8523]}, "properties": {"radio": "LTE", "net": 18, "samples": 10, "range_m": 1000, "updated": 2025}}, {"type": "Feature", "geometry": {"type": "Point", "coordinates": [116.0448, 5.8599]}, "properties": {"radio": "LTE", "net": 18, "samples": 23, "range_m": 1000, "updated": 2025}}, {"type": "Feature", "geometry": {"type": "Point", "coordinates": [116.0477, 5.8653]}, "properties": {"radio": "LTE", "net": 18, "samples": 5, "range_m": 1000, "updated": 2025}}, {"type": "Feature", "geometry": {"type": "Point", "coordinates": [116.0497, 5.8705]}, "properties": {"radio": "LTE", "net": 18, "samples": 16, "range_m": 1000, "updated": 2025}}, {"type": "Feature", "geometry": {"type": "Point", "coordinates": [116.051, 5.8746]}, "properties": {"radio": "LTE", "net": 18, "samples": 7, "range_m": 1000, "updated": 2025}}, {"type": "Feature", "geometry": {"type": "Point", "coordinates": [116.0502, 5.8792]}, "properties": {"radio": "LTE", "net": 18, "samples": 5, "range_m": 1000, "updated": 2025}}, {"type": "Feature", "geometry": {"type": "Point", "coordinates": [116.0493, 5.8833]}, "properties": {"radio": "LTE", "net": 18, "samples": 14, "range_m": 1000, "updated": 2025}}, {"type": "Feature", "geometry": {"type": "Point", "coordinates": [116.0491, 5.8873]}, "properties": {"radio": "LTE", "net": 18, "samples": 4, "range_m": 1000, "updated": 2025}}, {"type": "Feature", "geometry": {"type": "Point", "coordinates": [116.0486, 5.8904]}, "properties": {"radio": "LTE", "net": 18, "samples": 11, "range_m": 1000, "updated": 2025}}, {"type": "Feature", "geometry": {"type": "Point", "coordinates": [116.0486, 5.8945]}, "properties": {"radio": "LTE", "net": 18, "samples": 3, "range_m": 1000, "updated": 2025}}, {"type": "Feature", "geometry": {"type": "Point", "coordinates": [116.0487, 5.8957]}, "properties": {"radio": "LTE", "net": 18, "samples": 3, "range_m": 1000, "updated": 2025}}, {"type": "Feature", "geometry": {"type": "Point", "coordinates": [116.0489, 5.8968]}, "properties": {"radio": "LTE", "net": 18, "samples": 3, "range_m": 1000, "updated": 2025}}, {"type": "Feature", "geometry": {"type": "Point", "coordinates": [118.0841, 5.8619]}, "properties": {"radio": "LTE", "net": 19, "samples": 1, "range_m": 1000, "updated": 2025}}, {"type": "Feature", "geometry": {"type": "Point", "coordinates": [116.364, 5.6688]}, "properties": {"radio": "LTE", "net": 19, "samples": 2, "range_m": 1000, "updated": 2025}}, {"type": "Feature", "geometry": {"type": "Point", "coordinates": [116.3629, 5.6674]}, "properties": {"radio": "LTE", "net": 18, "samples": 17, "range_m": 1000, "updated": 2025}}, {"type": "Feature", "geometry": {"type": "Point", "coordinates": [116.3631, 5.6681]}, "properties": {"radio": "LTE", "net": 19, "samples": 9, "range_m": 1000, "updated": 2025}}, {"type": "Feature", "geometry": {"type": "Point", "coordinates": [116.3626, 5.666]}, "properties": {"radio": "LTE", "net": 19, "samples": 4, "range_m": 1000, "updated": 2025}}, {"type": "Feature", "geometry": {"type": "Point", "coordinates": [116.3611, 5.6648]}, "properties": {"radio": "LTE", "net": 19, "samples": 5, "range_m": 1000, "updated": 2025}}, {"type": "Feature", "geometry": {"type": "Point", "coordinates": [116.357, 5.661]}, "properties": {"radio": "LTE", "net": 18, "samples": 24, "range_m": 1000, "updated": 2025}}, {"type": "Feature", "geometry": {"type": "Point", "coordinates": [116.3555, 5.6594]}, "properties": {"radio": "LTE", "net": 19, "samples": 29, "range_m": 775, "updated": 2025}}, {"type": "Feature", "geometry": {"type": "Point", "coordinates": [116.3555, 5.6584]}, "properties": {"radio": "LTE", "net": 19, "samples": 3, "range_m": 1000, "updated": 2025}}, {"type": "Feature", "geometry": {"type": "Point", "coordinates": [116.3536, 5.6568]}, "properties": {"radio": "LTE", "net": 18, "samples": 8, "range_m": 1000, "updated": 2025}}, {"type": "Feature", "geometry": {"type": "Point", "coordinates": [116.2911, 5.5802]}, "properties": {"radio": "LTE", "net": 18, "samples": 10, "range_m": 10556, "updated": 2025}}, {"type": "Feature", "geometry": {"type": "Point", "coordinates": [116.3495, 5.6522]}, "properties": {"radio": "LTE", "net": 19, "samples": 10, "range_m": 1000, "updated": 2025}}, {"type": "Feature", "geometry": {"type": "Point", "coordinates": [116.3444, 5.6449]}, "properties": {"radio": "LTE", "net": 18, "samples": 40, "range_m": 1072, "updated": 2025}}, {"type": "Feature", "geometry": {"type": "Point", "coordinates": [116.344, 5.644]}, "properties": {"radio": "LTE", "net": 19, "samples": 27, "range_m": 1112, "updated": 2025}}, {"type": "Feature", "geometry": {"type": "Point", "coordinates": [116.3385, 5.6365]}, "properties": {"radio": "LTE", "net": 19, "samples": 17, "range_m": 1000, "updated": 2025}}, {"type": "Feature", "geometry": {"type": "Point", "coordinates": [116.3328, 5.6281]}, "properties": {"radio": "LTE", "net": 18, "samples": 39, "range_m": 1167, "updated": 2025}}, {"type": "Feature", "geometry": {"type": "Point", "coordinates": [116.3312, 5.6259]}, "properties": {"radio": "LTE", "net": 19, "samples": 28, "range_m": 734, "updated": 2025}}, {"type": "Feature", "geometry": {"type": "Point", "coordinates": [116.3267, 5.6197]}, "properties": {"radio": "LTE", "net": 18, "samples": 4, "range_m": 1000, "updated": 2025}}, {"type": "Feature", "geometry": {"type": "Point", "coordinates": [116.3267, 5.6197]}, "properties": {"radio": "LTE", "net": 19, "samples": 4, "range_m": 1000, "updated": 2025}}, {"type": "Feature", "geometry": {"type": "Point", "coordinates": [116.324, 5.6178]}, "properties": {"radio": "LTE", "net": 18, "samples": 11, "range_m": 1000, "updated": 2025}}, {"type": "Feature", "geometry": {"type": "Point", "coordinates": [116.324, 5.6178]}, "properties": {"radio": "LTE", "net": 19, "samples": 11, "range_m": 1000, "updated": 2025}}, {"type": "Feature", "geometry": {"type": "Point", "coordinates": [116.3198, 5.6165]}, "properties": {"radio": "LTE", "net": 18, "samples": 10, "range_m": 1000, "updated": 2025}}, {"type": "Feature", "geometry": {"type": "Point", "coordinates": [116.3198, 5.6165]}, "properties": {"radio": "LTE", "net": 19, "samples": 10, "range_m": 1000, "updated": 2025}}, {"type": "Feature", "geometry": {"type": "Point", "coordinates": [116.3163, 5.6164]}, "properties": {"radio": "LTE", "net": 18, "samples": 6, "range_m": 1000, "updated": 2025}}, {"type": "Feature", "geometry": {"type": "Point", "coordinates": [116.3163, 5.6164]}, "properties": {"radio": "LTE", "net": 19, "samples": 6, "range_m": 1000, "updated": 2025}}, {"type": "Feature", "geometry": {"type": "Point", "coordinates": [116.3122, 5.6148]}, "properties": {"radio": "LTE", "net": 18, "samples": 14, "range_m": 1000, "updated": 2025}}, {"type": "Feature", "geometry": {"type": "Point", "coordinates": [116.3122, 5.6148]}, "properties": {"radio": "LTE", "net": 19, "samples": 14, "range_m": 1000, "updated": 2025}}, {"type": "Feature", "geometry": {"type": "Point", "coordinates": [116.3102, 5.6113]}, "properties": {"radio": "LTE", "net": 18, "samples": 7, "range_m": 1000, "updated": 2025}}, {"type": "Feature", "geometry": {"type": "Point", "coordinates": [116.3074, 5.6094]}, "properties": {"radio": "LTE", "net": 19, "samples": 24, "range_m": 1000, "updated": 2025}}, {"type": "Feature", "geometry": {"type": "Point", "coordinates": [116.3057, 5.6025]}, "properties": {"radio": "LTE", "net": 19, "samples": 8, "range_m": 1000, "updated": 2025}}, {"type": "Feature", "geometry": {"type": "Point", "coordinates": [116.2987, 5.5969]}, "properties": {"radio": "LTE", "net": 19, "samples": 41, "range_m": 859, "updated": 2025}}, {"type": "Feature", "geometry": {"type": "Point", "coordinates": [116.2991, 5.5966]}, "properties": {"radio": "LTE", "net": 18, "samples": 17, "range_m": 1000, "updated": 2025}}, {"type": "Feature", "geometry": {"type": "Point", "coordinates": [116.2967, 5.5918]}, "properties": {"radio": "LTE", "net": 18, "samples": 11, "range_m": 1000, "updated": 2025}}, {"type": "Feature", "geometry": {"type": "Point", "coordinates": [116.2862, 5.5772]}, "properties": {"radio": "LTE", "net": 18, "samples": 50, "range_m": 1500, "updated": 2025}}, {"type": "Feature", "geometry": {"type": "Point", "coordinates": [116.2875, 5.5762]}, "properties": {"radio": "LTE", "net": 19, "samples": 19, "range_m": 1756, "updated": 2025}}, {"type": "Feature", "geometry": {"type": "Point", "coordinates": [116.2914, 5.5824]}, "properties": {"radio": "LTE", "net": 19, "samples": 4, "range_m": 1000, "updated": 2025}}, {"type": "Feature", "geometry": {"type": "Point", "coordinates": [116.2852, 5.5776]}, "properties": {"radio": "LTE", "net": 19, "samples": 31, "range_m": 768, "updated": 2025}}, {"type": "Feature", "geometry": {"type": "Point", "coordinates": [116.2824, 5.5687]}, "properties": {"radio": "LTE", "net": 19, "samples": 11, "range_m": 1000, "updated": 2025}}, {"type": "Feature", "geometry": {"type": "Point", "coordinates": [116.2762, 5.5516]}, "properties": {"radio": "LTE", "net": 18, "samples": 16, "range_m": 1771, "updated": 2025}}, {"type": "Feature", "geometry": {"type": "Point", "coordinates": [116.2753, 5.5568]}, "properties": {"radio": "LTE", "net": 18, "samples": 19, "range_m": 1000, "updated": 2025}}, {"type": "Feature", "geometry": {"type": "Point", "coordinates": [116.2763, 5.5601]}, "properties": {"radio": "LTE", "net": 19, "samples": 22, "range_m": 1000, "updated": 2025}}, {"type": "Feature", "geometry": {"type": "Point", "coordinates": [116.2728, 5.556]}, "properties": {"radio": "LTE", "net": 18, "samples": 5, "range_m": 1000, "updated": 2025}}, {"type": "Feature", "geometry": {"type": "Point", "coordinates": [116.2728, 5.556]}, "properties": {"radio": "LTE", "net": 19, "samples": 5, "range_m": 1000, "updated": 2025}}, {"type": "Feature", "geometry": {"type": "Point", "coordinates": [116.2752, 5.5377]}, "properties": {"radio": "LTE", "net": 18, "samples": 21, "range_m": 1948, "updated": 2025}}, {"type": "Feature", "geometry": {"type": "Point", "coordinates": [116.2721, 5.5526]}, "properties": {"radio": "LTE", "net": 19, "samples": 11, "range_m": 1000, "updated": 2025}}, {"type": "Feature", "geometry": {"type": "Point", "coordinates": [116.2721, 5.5515]}, "properties": {"radio": "LTE", "net": 18, "samples": 6, "range_m": 1000, "updated": 2025}}, {"type": "Feature", "geometry": {"type": "Point", "coordinates": [116.2759, 5.535]}, "properties": {"radio": "LTE", "net": 19, "samples": 40, "range_m": 1660, "updated": 2025}}, {"type": "Feature", "geometry": {"type": "Point", "coordinates": [116.2739, 5.545]}, "properties": {"radio": "LTE", "net": 18, "samples": 6, "range_m": 1000, "updated": 2025}}, {"type": "Feature", "geometry": {"type": "Point", "coordinates": [116.2785, 5.5293]}, "properties": {"radio": "LTE", "net": 18, "samples": 5, "range_m": 1000, "updated": 2025}}, {"type": "Feature", "geometry": {"type": "Point", "coordinates": [116.2783, 5.5274]}, "properties": {"radio": "LTE", "net": 18, "samples": 5, "range_m": 1000, "updated": 2025}}, {"type": "Feature", "geometry": {"type": "Point", "coordinates": [116.276, 5.5145]}, "properties": {"radio": "LTE", "net": 18, "samples": 11, "range_m": 1328, "updated": 2025}}, {"type": "Feature", "geometry": {"type": "Point", "coordinates": [116.2752, 5.5175]}, "properties": {"radio": "LTE", "net": 18, "samples": 31, "range_m": 914, "updated": 2025}}, {"type": "Feature", "geometry": {"type": "Point", "coordinates": [116.2784, 5.504]}, "properties": {"radio": "LTE", "net": 19, "samples": 50, "range_m": 1782, "updated": 2025}}, {"type": "Feature", "geometry": {"type": "Point", "coordinates": [116.2785, 5.502]}, "properties": {"radio": "GSM", "net": 18, "samples": 11, "range_m": 1000, "updated": 2025}}, {"type": "Feature", "geometry": {"type": "Point", "coordinates": [116.2819, 5.477]}, "properties": {"radio": "LTE", "net": 19, "samples": 21, "range_m": 1153, "updated": 2025}}, {"type": "Feature", "geometry": {"type": "Point", "coordinates": [116.2812, 5.4755]}, "properties": {"radio": "LTE", "net": 18, "samples": 23, "range_m": 1000, "updated": 2025}}, {"type": "Feature", "geometry": {"type": "Point", "coordinates": [116.2827, 5.4772]}, "properties": {"radio": "LTE", "net": 18, "samples": 11, "range_m": 1000, "updated": 2025}}, {"type": "Feature", "geometry": {"type": "Point", "coordinates": [116.2764, 5.4698]}, "properties": {"radio": "LTE", "net": 18, "samples": 4, "range_m": 1000, "updated": 2025}}, {"type": "Feature", "geometry": {"type": "Point", "coordinates": [116.2698, 5.4671]}, "properties": {"radio": "LTE", "net": 19, "samples": 31, "range_m": 879, "updated": 2025}}, {"type": "Feature", "geometry": {"type": "Point", "coordinates": [116.2574, 5.4572]}, "properties": {"radio": "LTE", "net": 18, "samples": 28, "range_m": 1294, "updated": 2025}}, {"type": "Feature", "geometry": {"type": "Point", "coordinates": [116.2552, 5.4547]}, "properties": {"radio": "LTE", "net": 19, "samples": 30, "range_m": 1159, "updated": 2025}}, {"type": "Feature", "geometry": {"type": "Point", "coordinates": [116.2505, 5.4492]}, "properties": {"radio": "LTE", "net": 18, "samples": 6, "range_m": 1000, "updated": 2025}}, {"type": "Feature", "geometry": {"type": "Point", "coordinates": [116.2297, 5.4246]}, "properties": {"radio": "LTE", "net": 18, "samples": 47, "range_m": 3617, "updated": 2025}}, {"type": "Feature", "geometry": {"type": "Point", "coordinates": [116.2497, 5.4483]}, "properties": {"radio": "LTE", "net": 19, "samples": 3, "range_m": 1000, "updated": 2025}}, {"type": "Feature", "geometry": {"type": "Point", "coordinates": [116.2466, 5.4446]}, "properties": {"radio": "LTE", "net": 18, "samples": 18, "range_m": 1000, "updated": 2025}}, {"type": "Feature", "geometry": {"type": "Point", "coordinates": [116.2466, 5.4446]}, "properties": {"radio": "LTE", "net": 19, "samples": 18, "range_m": 1000, "updated": 2025}}, {"type": "Feature", "geometry": {"type": "Point", "coordinates": [116.2402, 5.437]}, "properties": {"radio": "LTE", "net": 18, "samples": 23, "range_m": 1000, "updated": 2025}}, {"type": "Feature", "geometry": {"type": "Point", "coordinates": [116.2402, 5.437]}, "properties": {"radio": "LTE", "net": 19, "samples": 23, "range_m": 1000, "updated": 2025}}, {"type": "Feature", "geometry": {"type": "Point", "coordinates": [116.2352, 5.4311]}, "properties": {"radio": "LTE", "net": 19, "samples": 7, "range_m": 1000, "updated": 2025}}, {"type": "Feature", "geometry": {"type": "Point", "coordinates": [116.2326, 5.4281]}, "properties": {"radio": "LTE", "net": 19, "samples": 8, "range_m": 1000, "updated": 2025}}, {"type": "Feature", "geometry": {"type": "Point", "coordinates": [116.2264, 5.4208]}, "properties": {"radio": "LTE", "net": 19, "samples": 31, "range_m": 916, "updated": 2025}}, {"type": "Feature", "geometry": {"type": "Point", "coordinates": [116.2193, 5.4123]}, "properties": {"radio": "LTE", "net": 18, "samples": 11, "range_m": 1000, "updated": 2025}}, {"type": "Feature", "geometry": {"type": "Point", "coordinates": [116.2193, 5.4123]}, "properties": {"radio": "LTE", "net": 19, "samples": 11, "range_m": 1000, "updated": 2025}}, {"type": "Feature", "geometry": {"type": "Point", "coordinates": [116.1988, 5.3881]}, "properties": {"radio": "LTE", "net": 18, "samples": 44, "range_m": 3226, "updated": 2025}}, {"type": "Feature", "geometry": {"type": "Point", "coordinates": [116.2007, 5.3903]}, "properties": {"radio": "LTE", "net": 19, "samples": 47, "range_m": 2902, "updated": 2025}}, {"type": "Feature", "geometry": {"type": "Point", "coordinates": [116.2081, 5.3992]}, "properties": {"radio": "LTE", "net": 18, "samples": 31, "range_m": 1236, "updated": 2025}}, {"type": "Feature", "geometry": {"type": "Point", "coordinates": [116.2098, 5.4011]}, "properties": {"radio": "LTE", "net": 19, "samples": 16, "range_m": 1000, "updated": 2025}}, {"type": "Feature", "geometry": {"type": "Point", "coordinates": [116.2058, 5.3964]}, "properties": {"radio": "LTE", "net": 19, "samples": 4, "range_m": 1000, "updated": 2025}}, {"type": "Feature", "geometry": {"type": "Point", "coordinates": [116.2047, 5.3951]}, "properties": {"radio": "LTE", "net": 19, "samples": 4, "range_m": 1000, "updated": 2025}}, {"type": "Feature", "geometry": {"type": "Point", "coordinates": [116.2038, 5.3941]}, "properties": {"radio": "LTE", "net": 19, "samples": 3, "range_m": 1000, "updated": 2025}}, {"type": "Feature", "geometry": {"type": "Point", "coordinates": [116.2032, 5.3933]}, "properties": {"radio": "LTE", "net": 19, "samples": 2, "range_m": 1000, "updated": 2025}}, {"type": "Feature", "geometry": {"type": "Point", "coordinates": [116.2022, 5.3921]}, "properties": {"radio": "LTE", "net": 19, "samples": 6, "range_m": 1000, "updated": 2025}}, {"type": "Feature", "geometry": {"type": "Point", "coordinates": [116.2017, 5.3916]}, "properties": {"radio": "LTE", "net": 18, "samples": 3, "range_m": 1000, "updated": 2025}}, {"type": "Feature", "geometry": {"type": "Point", "coordinates": [116.1872, 5.3744]}, "properties": {"radio": "LTE", "net": 19, "samples": 23, "range_m": 1000, "updated": 2025}}, {"type": "Feature", "geometry": {"type": "Point", "coordinates": [116.1802, 5.3661]}, "properties": {"radio": "LTE", "net": 18, "samples": 26, "range_m": 631, "updated": 2025}}, {"type": "Feature", "geometry": {"type": "Point", "coordinates": [116.1802, 5.3661]}, "properties": {"radio": "LTE", "net": 19, "samples": 26, "range_m": 631, "updated": 2025}}, {"type": "Feature", "geometry": {"type": "Point", "coordinates": [116.1736, 5.3583]}, "properties": {"radio": "LTE", "net": 18, "samples": 22, "range_m": 1000, "updated": 2025}}, {"type": "Feature", "geometry": {"type": "Point", "coordinates": [116.1736, 5.3583]}, "properties": {"radio": "LTE", "net": 19, "samples": 22, "range_m": 1000, "updated": 2025}}, {"type": "Feature", "geometry": {"type": "Point", "coordinates": [116.1641, 5.3471]}, "properties": {"radio": "LTE", "net": 18, "samples": 22, "range_m": 1000, "updated": 2025}}, {"type": "Feature", "geometry": {"type": "Point", "coordinates": [116.1641, 5.3471]}, "properties": {"radio": "LTE", "net": 19, "samples": 22, "range_m": 1000, "updated": 2025}}, {"type": "Feature", "geometry": {"type": "Point", "coordinates": [116.1678, 5.3515]}, "properties": {"radio": "LTE", "net": 18, "samples": 4, "range_m": 1000, "updated": 2025}}, {"type": "Feature", "geometry": {"type": "Point", "coordinates": [116.1678, 5.3515]}, "properties": {"radio": "LTE", "net": 19, "samples": 4, "range_m": 1000, "updated": 2025}}, {"type": "Feature", "geometry": {"type": "Point", "coordinates": [116.157, 5.3383]}, "properties": {"radio": "LTE", "net": 18, "samples": 13, "range_m": 1000, "updated": 2025}}, {"type": "Feature", "geometry": {"type": "Point", "coordinates": [116.157, 5.3383]}, "properties": {"radio": "LTE", "net": 19, "samples": 13, "range_m": 1000, "updated": 2025}}, {"type": "Feature", "geometry": {"type": "Point", "coordinates": [116.1539, 5.3335]}, "properties": {"radio": "LTE", "net": 18, "samples": 9, "range_m": 1000, "updated": 2025}}, {"type": "Feature", "geometry": {"type": "Point", "coordinates": [116.1536, 5.3335]}, "properties": {"radio": "LTE", "net": 19, "samples": 10, "range_m": 1000, "updated": 2025}}, {"type": "Feature", "geometry": {"type": "Point", "coordinates": [116.1519, 5.3322]}, "properties": {"radio": "LTE", "net": 18, "samples": 6, "range_m": 1000, "updated": 2025}}, {"type": "Feature", "geometry": {"type": "Point", "coordinates": [116.1519, 5.3322]}, "properties": {"radio": "LTE", "net": 19, "samples": 6, "range_m": 1000, "updated": 2025}}, {"type": "Feature", "geometry": {"type": "Point", "coordinates": [116.1507, 5.3343]}, "properties": {"radio": "LTE", "net": 19, "samples": 8, "range_m": 1000, "updated": 2025}}, {"type": "Feature", "geometry": {"type": "Point", "coordinates": [116.1509, 5.3331]}, "properties": {"radio": "LTE", "net": 19, "samples": 2, "range_m": 1000, "updated": 2025}}, {"type": "Feature", "geometry": {"type": "Point", "coordinates": [116.1506, 5.3331]}, "properties": {"radio": "LTE", "net": 18, "samples": 1, "range_m": 1000, "updated": 2025}}, {"type": "Feature", "geometry": {"type": "Point", "coordinates": [116.1503, 5.3337]}, "properties": {"radio": "LTE", "net": 18, "samples": 5, "range_m": 1000, "updated": 2025}}, {"type": "Feature", "geometry": {"type": "Point", "coordinates": [116.1506, 5.3331]}, "properties": {"radio": "LTE", "net": 152, "samples": 1, "range_m": 1000, "updated": 2025}}, {"type": "Feature", "geometry": {"type": "Point", "coordinates": [116.151, 5.333]}, "properties": {"radio": "LTE", "net": 19, "samples": 1, "range_m": 1000, "updated": 2025}}, {"type": "Feature", "geometry": {"type": "Point", "coordinates": [116.15, 5.3347]}, "properties": {"radio": "LTE", "net": 19, "samples": 7, "range_m": 1000, "updated": 2025}}, {"type": "Feature", "geometry": {"type": "Point", "coordinates": [116.15, 5.3353]}, "properties": {"radio": "LTE", "net": 18, "samples": 5, "range_m": 1000, "updated": 2025}}, {"type": "Feature", "geometry": {"type": "Point", "coordinates": [116.1507, 5.3359]}, "properties": {"radio": "LTE", "net": 18, "samples": 1, "range_m": 1000, "updated": 2025}}, {"type": "Feature", "geometry": {"type": "Point", "coordinates": [116.124, 6.0236]}, "properties": {"radio": "LTE", "net": 152, "samples": 1, "range_m": 1000, "updated": 2025}}, {"type": "Feature", "geometry": {"type": "Point", "coordinates": [117.5414, 5.8916]}, "properties": {"radio": "GSM", "net": 158, "samples": 1, "range_m": 1000, "updated": 2026}}, {"type": "Feature", "geometry": {"type": "Point", "coordinates": [117.5414, 5.8916]}, "properties": {"radio": "LTE", "net": 16, "samples": 1, "range_m": 1000, "updated": 2026}}, {"type": "Feature", "geometry": {"type": "Point", "coordinates": [117.5413, 5.8915]}, "properties": {"radio": "LTE", "net": 16, "samples": 1, "range_m": 1000, "updated": 2026}}, {"type": "Feature", "geometry": {"type": "Point", "coordinates": [116.2077, 6.1073]}, "properties": {"radio": "LTE", "net": 16, "samples": 1, "range_m": 1000, "updated": 2026}}, {"type": "Feature", "geometry": {"type": "Point", "coordinates": [116.2047, 6.1052]}, "properties": {"radio": "LTE", "net": 16, "samples": 9, "range_m": 1000, "updated": 2026}}, {"type": "Feature", "geometry": {"type": "Point", "coordinates": [116.2058, 6.1054]}, "properties": {"radio": "LTE", "net": 16, "samples": 4, "range_m": 1000, "updated": 2026}}, {"type": "Feature", "geometry": {"type": "Point", "coordinates": [116.2038, 6.1025]}, "properties": {"radio": "LTE", "net": 16, "samples": 3, "range_m": 1000, "updated": 2026}}, {"type": "Feature", "geometry": {"type": "Point", "coordinates": [116.2031, 6.1008]}, "properties": {"radio": "LTE", "net": 16, "samples": 5, "range_m": 1000, "updated": 2026}}, {"type": "Feature", "geometry": {"type": "Point", "coordinates": [116.2003, 6.0954]}, "properties": {"radio": "LTE", "net": 16, "samples": 3, "range_m": 1000, "updated": 2026}}, {"type": "Feature", "geometry": {"type": "Point", "coordinates": [116.1989, 6.0934]}, "properties": {"radio": "LTE", "net": 16, "samples": 3, "range_m": 1000, "updated": 2026}}, {"type": "Feature", "geometry": {"type": "Point", "coordinates": [116.1976, 6.0922]}, "properties": {"radio": "LTE", "net": 16, "samples": 3, "range_m": 1000, "updated": 2026}}, {"type": "Feature", "geometry": {"type": "Point", "coordinates": [116.1972, 6.0921]}, "properties": {"radio": "LTE", "net": 16, "samples": 6, "range_m": 1000, "updated": 2026}}, {"type": "Feature", "geometry": {"type": "Point", "coordinates": [116.2013, 6.0977]}, "properties": {"radio": "LTE", "net": 16, "samples": 1, "range_m": 1000, "updated": 2026}}, {"type": "Feature", "geometry": {"type": "Point", "coordinates": [116.2018, 6.1006]}, "properties": {"radio": "LTE", "net": 16, "samples": 2, "range_m": 1000, "updated": 2026}}, {"type": "Feature", "geometry": {"type": "Point", "coordinates": [116.1939, 6.1053]}, "properties": {"radio": "LTE", "net": 16, "samples": 2, "range_m": 1000, "updated": 2026}}, {"type": "Feature", "geometry": {"type": "Point", "coordinates": [116.1934, 6.1056]}, "properties": {"radio": "LTE", "net": 16, "samples": 1, "range_m": 1000, "updated": 2026}}, {"type": "Feature", "geometry": {"type": "Point", "coordinates": [116.1879, 6.1076]}, "properties": {"radio": "LTE", "net": 16, "samples": 6, "range_m": 1000, "updated": 2026}}, {"type": "Feature", "geometry": {"type": "Point", "coordinates": [116.1848, 6.1043]}, "properties": {"radio": "LTE", "net": 16, "samples": 2, "range_m": 1000, "updated": 2026}}, {"type": "Feature", "geometry": {"type": "Point", "coordinates": [116.182, 6.1]}, "properties": {"radio": "LTE", "net": 16, "samples": 6, "range_m": 1000, "updated": 2026}}, {"type": "Feature", "geometry": {"type": "Point", "coordinates": [116.1826, 6.093]}, "properties": {"radio": "LTE", "net": 16, "samples": 2, "range_m": 1000, "updated": 2026}}, {"type": "Feature", "geometry": {"type": "Point", "coordinates": [116.1826, 6.0928]}, "properties": {"radio": "LTE", "net": 16, "samples": 3, "range_m": 1000, "updated": 2026}}, {"type": "Feature", "geometry": {"type": "Point", "coordinates": [116.173, 6.084]}, "properties": {"radio": "LTE", "net": 16, "samples": 3, "range_m": 1000, "updated": 2026}}, {"type": "Feature", "geometry": {"type": "Point", "coordinates": [116.1714, 6.0828]}, "properties": {"radio": "LTE", "net": 16, "samples": 6, "range_m": 1000, "updated": 2026}}, {"type": "Feature", "geometry": {"type": "Point", "coordinates": [116.1662, 6.0826]}, "properties": {"radio": "LTE", "net": 16, "samples": 2, "range_m": 1000, "updated": 2026}}, {"type": "Feature", "geometry": {"type": "Point", "coordinates": [116.1653, 6.083]}, "properties": {"radio": "LTE", "net": 16, "samples": 4, "range_m": 1000, "updated": 2026}}, {"type": "Feature", "geometry": {"type": "Point", "coordinates": [116.1622, 6.0843]}, "properties": {"radio": "LTE", "net": 16, "samples": 2, "range_m": 1000, "updated": 2026}}, {"type": "Feature", "geometry": {"type": "Point", "coordinates": [116.1554, 6.088]}, "properties": {"radio": "LTE", "net": 16, "samples": 2, "range_m": 1000, "updated": 2026}}, {"type": "Feature", "geometry": {"type": "Point", "coordinates": [116.1553, 6.088]}, "properties": {"radio": "LTE", "net": 16, "samples": 4, "range_m": 1000, "updated": 2026}}, {"type": "Feature", "geometry": {"type": "Point", "coordinates": [116.5826, 5.9756]}, "properties": {"radio": "LTE", "net": 19, "samples": 8, "range_m": 1000, "updated": 2026}}, {"type": "Feature", "geometry": {"type": "Point", "coordinates": [116.584, 5.9768]}, "properties": {"radio": "LTE", "net": 19, "samples": 31, "range_m": 4750, "updated": 2026}}, {"type": "Feature", "geometry": {"type": "Point", "coordinates": [116.5838, 5.9753]}, "properties": {"radio": "LTE", "net": 19, "samples": 1, "range_m": 1000, "updated": 2026}}, {"type": "Feature", "geometry": {"type": "Point", "coordinates": [116.5854, 5.9831]}, "properties": {"radio": "LTE", "net": 19, "samples": 21, "range_m": 2838, "updated": 2026}}, {"type": "Feature", "geometry": {"type": "Point", "coordinates": [116.5741, 5.978]}, "properties": {"radio": "LTE", "net": 19, "samples": 18, "range_m": 5567, "updated": 2026}}, {"type": "Feature", "geometry": {"type": "Point", "coordinates": [116.5835, 5.9729]}, "properties": {"radio": "LTE", "net": 19, "samples": 2, "range_m": 1000, "updated": 2026}}, {"type": "Feature", "geometry": {"type": "Point", "coordinates": [116.5526, 5.9928]}, "properties": {"radio": "LTE", "net": 19, "samples": 13, "range_m": 4017, "updated": 2026}}, {"type": "Feature", "geometry": {"type": "Point", "coordinates": [116.5826, 5.9737]}, "properties": {"radio": "LTE", "net": 19, "samples": 13, "range_m": 1000, "updated": 2026}}, {"type": "Feature", "geometry": {"type": "Point", "coordinates": [116.5824, 5.9726]}, "properties": {"radio": "LTE", "net": 19, "samples": 3, "range_m": 1000, "updated": 2026}}, {"type": "Feature", "geometry": {"type": "Point", "coordinates": [116.5818, 5.9724]}, "properties": {"radio": "GSM", "net": 19, "samples": 2, "range_m": 1000, "updated": 2026}}, {"type": "Feature", "geometry": {"type": "Point", "coordinates": [116.5574, 5.9903]}, "properties": {"radio": "LTE", "net": 16, "samples": 11, "range_m": 3428, "updated": 2026}}, {"type": "Feature", "geometry": {"type": "Point", "coordinates": [116.5811, 5.9735]}, "properties": {"radio": "LTE", "net": 16, "samples": 4, "range_m": 1000, "updated": 2026}}, {"type": "Feature", "geometry": {"type": "Point", "coordinates": [116.5811, 5.9736]}, "properties": {"radio": "LTE", "net": 19, "samples": 14, "range_m": 1000, "updated": 2026}}, {"type": "Feature", "geometry": {"type": "Point", "coordinates": [116.5812, 5.9746]}, "properties": {"radio": "LTE", "net": 16, "samples": 9, "range_m": 1000, "updated": 2026}}, {"type": "Feature", "geometry": {"type": "Point", "coordinates": [116.5968, 5.9772]}, "properties": {"radio": "LTE", "net": 16, "samples": 26, "range_m": 3950, "updated": 2026}}, {"type": "Feature", "geometry": {"type": "Point", "coordinates": [116.5866, 5.9775]}, "properties": {"radio": "LTE", "net": 19, "samples": 28, "range_m": 1075, "updated": 2026}}, {"type": "Feature", "geometry": {"type": "Point", "coordinates": [116.587, 5.9781]}, "properties": {"radio": "LTE", "net": 16, "samples": 46, "range_m": 1112, "updated": 2026}}, {"type": "Feature", "geometry": {"type": "Point", "coordinates": [116.5676, 5.9818]}, "properties": {"radio": "LTE", "net": 19, "samples": 24, "range_m": 1389, "updated": 2026}}, {"type": "Feature", "geometry": {"type": "Point", "coordinates": [116.5659, 5.9824]}, "properties": {"radio": "LTE", "net": 16, "samples": 29, "range_m": 1585, "updated": 2026}}, {"type": "Feature", "geometry": {"type": "Point", "coordinates": [116.5755, 5.984]}, "properties": {"radio": "LTE", "net": 19, "samples": 12, "range_m": 1000, "updated": 2026}}, {"type": "Feature", "geometry": {"type": "Point", "coordinates": [116.5755, 5.984]}, "properties": {"radio": "LTE", "net": 16, "samples": 12, "range_m": 1000, "updated": 2026}}, {"type": "Feature", "geometry": {"type": "Point", "coordinates": [116.5751, 5.985]}, "properties": {"radio": "LTE", "net": 19, "samples": 3, "range_m": 1000, "updated": 2026}}, {"type": "Feature", "geometry": {"type": "Point", "coordinates": [116.5764, 5.985]}, "properties": {"radio": "LTE", "net": 16, "samples": 7, "range_m": 1000, "updated": 2026}}, {"type": "Feature", "geometry": {"type": "Point", "coordinates": [116.5745, 5.9851]}, "properties": {"radio": "LTE", "net": 19, "samples": 1, "range_m": 1000, "updated": 2026}}, {"type": "Feature", "geometry": {"type": "Point", "coordinates": [116.5764, 5.9848]}, "properties": {"radio": "LTE", "net": 16, "samples": 18, "range_m": 1000, "updated": 2026}}, {"type": "Feature", "geometry": {"type": "Point", "coordinates": [116.578, 5.9921]}, "properties": {"radio": "LTE", "net": 19, "samples": 22, "range_m": 2286, "updated": 2026}}, {"type": "Feature", "geometry": {"type": "Point", "coordinates": [116.5765, 5.9894]}, "properties": {"radio": "LTE", "net": 16, "samples": 18, "range_m": 1021, "updated": 2026}}, {"type": "Feature", "geometry": {"type": "Point", "coordinates": [116.5773, 5.9933]}, "properties": {"radio": "LTE", "net": 19, "samples": 3, "range_m": 1000, "updated": 2026}}, {"type": "Feature", "geometry": {"type": "Point", "coordinates": [116.5768, 5.9923]}, "properties": {"radio": "LTE", "net": 19, "samples": 4, "range_m": 1000, "updated": 2026}}, {"type": "Feature", "geometry": {"type": "Point", "coordinates": [116.5815, 6.0011]}, "properties": {"radio": "LTE", "net": 16, "samples": 14, "range_m": 1000, "updated": 2026}}, {"type": "Feature", "geometry": {"type": "Point", "coordinates": [116.5811, 6.0011]}, "properties": {"radio": "LTE", "net": 16, "samples": 12, "range_m": 1000, "updated": 2026}}, {"type": "Feature", "geometry": {"type": "Point", "coordinates": [116.5819, 5.9993]}, "properties": {"radio": "LTE", "net": 19, "samples": 26, "range_m": 1831, "updated": 2026}}, {"type": "Feature", "geometry": {"type": "Point", "coordinates": [116.5866, 6.0043]}, "properties": {"radio": "LTE", "net": 16, "samples": 5, "range_m": 1000, "updated": 2026}}, {"type": "Feature", "geometry": {"type": "Point", "coordinates": [116.5856, 6.0054]}, "properties": {"radio": "LTE", "net": 16, "samples": 5, "range_m": 1000, "updated": 2026}}, {"type": "Feature", "geometry": {"type": "Point", "coordinates": [116.591, 5.9917]}, "properties": {"radio": "LTE", "net": 19, "samples": 11, "range_m": 2544, "updated": 2026}}, {"type": "Feature", "geometry": {"type": "Point", "coordinates": [116.5861, 6.0058]}, "properties": {"radio": "LTE", "net": 19, "samples": 2, "range_m": 1000, "updated": 2026}}, {"type": "Feature", "geometry": {"type": "Point", "coordinates": [116.5879, 5.9844]}, "properties": {"radio": "LTE", "net": 16, "samples": 34, "range_m": 2793, "updated": 2026}}, {"type": "Feature", "geometry": {"type": "Point", "coordinates": [116.5869, 6.0068]}, "properties": {"radio": "LTE", "net": 19, "samples": 1, "range_m": 1000, "updated": 2026}}, {"type": "Feature", "geometry": {"type": "Point", "coordinates": [116.579, 5.9922]}, "properties": {"radio": "LTE", "net": 16, "samples": 19, "range_m": 2206, "updated": 2026}}, {"type": "Feature", "geometry": {"type": "Point", "coordinates": [116.591, 5.981]}, "properties": {"radio": "LTE", "net": 19, "samples": 27, "range_m": 4293, "updated": 2026}}, {"type": "Feature", "geometry": {"type": "Point", "coordinates": [116.5901, 5.9852]}, "properties": {"radio": "LTE", "net": 16, "samples": 28, "range_m": 3121, "updated": 2026}}, {"type": "Feature", "geometry": {"type": "Point", "coordinates": [116.5881, 5.9936]}, "properties": {"radio": "LTE", "net": 19, "samples": 30, "range_m": 2573, "updated": 2026}}, {"type": "Feature", "geometry": {"type": "Point", "coordinates": [116.5946, 6.0135]}, "properties": {"radio": "LTE", "net": 16, "samples": 28, "range_m": 694, "updated": 2026}}, {"type": "Feature", "geometry": {"type": "Point", "coordinates": [116.5959, 6.0112]}, "properties": {"radio": "LTE", "net": 16, "samples": 12, "range_m": 1000, "updated": 2026}}, {"type": "Feature", "geometry": {"type": "Point", "coordinates": [116.5884, 5.9906]}, "properties": {"radio": "LTE", "net": 16, "samples": 9, "range_m": 2416, "updated": 2026}}, {"type": "Feature", "geometry": {"type": "Point", "coordinates": [116.5842, 5.98]}, "properties": {"radio": "LTE", "net": 16, "samples": 16, "range_m": 4062, "updated": 2026}}, {"type": "Feature", "geometry": {"type": "Point", "coordinates": [116.5969, 6.0146]}, "properties": {"radio": "LTE", "net": 16, "samples": 19, "range_m": 1000, "updated": 2026}}, {"type": "Feature", "geometry": {"type": "Point", "coordinates": [116.5965, 6.0132]}, "properties": {"radio": "LTE", "net": 16, "samples": 2, "range_m": 1000, "updated": 2026}}, {"type": "Feature", "geometry": {"type": "Point", "coordinates": [116.5944, 6.0118]}, "properties": {"radio": "LTE", "net": 16, "samples": 11, "range_m": 1000, "updated": 2026}}, {"type": "Feature", "geometry": {"type": "Point", "coordinates": [116.5853, 5.9776]}, "properties": {"radio": "LTE", "net": 16, "samples": 13, "range_m": 4641, "updated": 2026}}, {"type": "Feature", "geometry": {"type": "Point", "coordinates": [116.5986, 6.0167]}, "properties": {"radio": "LTE", "net": 16, "samples": 1, "range_m": 1000, "updated": 2026}}, {"type": "Feature", "geometry": {"type": "Point", "coordinates": [116.5851, 5.9779]}, "properties": {"radio": "LTE", "net": 16, "samples": 23, "range_m": 3534, "updated": 2026}}, {"type": "Feature", "geometry": {"type": "Point", "coordinates": [116.5936, 5.9779]}, "properties": {"radio": "LTE", "net": 19, "samples": 19, "range_m": 3318, "updated": 2026}}, {"type": "Feature", "geometry": {"type": "Point", "coordinates": [116.5937, 6.0085]}, "properties": {"radio": "LTE", "net": 19, "samples": 1, "range_m": 1000, "updated": 2026}}, {"type": "Feature", "geometry": {"type": "Point", "coordinates": [116.585, 5.9779]}, "properties": {"radio": "LTE", "net": 19, "samples": 11, "range_m": 3552, "updated": 2026}}, {"type": "Feature", "geometry": {"type": "Point", "coordinates": [116.5847, 5.9776]}, "properties": {"radio": "GSM", "net": 13, "samples": 14, "range_m": 3688, "updated": 2026}}, {"type": "Feature", "geometry": {"type": "Point", "coordinates": [116.5923, 6.0169]}, "properties": {"radio": "LTE", "net": 19, "samples": 4, "range_m": 1000, "updated": 2026}}, {"type": "Feature", "geometry": {"type": "Point", "coordinates": [116.5759, 5.9851]}, "properties": {"radio": "LTE", "net": 19, "samples": 16, "range_m": 1000, "updated": 2026}}, {"type": "Feature", "geometry": {"type": "Point", "coordinates": [116.5754, 5.985]}, "properties": {"radio": "LTE", "net": 16, "samples": 2, "range_m": 1000, "updated": 2026}}, {"type": "Feature", "geometry": {"type": "Point", "coordinates": [116.5769, 5.9844]}, "properties": {"radio": "LTE", "net": 19, "samples": 8, "range_m": 1000, "updated": 2026}}, {"type": "Feature", "geometry": {"type": "Point", "coordinates": [116.5755, 5.9841]}, "properties": {"radio": "LTE", "net": 16, "samples": 3, "range_m": 1000, "updated": 2026}}, {"type": "Feature", "geometry": {"type": "Point", "coordinates": [116.5755, 5.9831]}, "properties": {"radio": "LTE", "net": 16, "samples": 4, "range_m": 1000, "updated": 2026}}, {"type": "Feature", "geometry": {"type": "Point", "coordinates": [116.5762, 5.9818]}, "properties": {"radio": "LTE", "net": 16, "samples": 4, "range_m": 1000, "updated": 2026}}, {"type": "Feature", "geometry": {"type": "Point", "coordinates": [116.5766, 5.9794]}, "properties": {"radio": "LTE", "net": 16, "samples": 4, "range_m": 1000, "updated": 2026}}, {"type": "Feature", "geometry": {"type": "Point", "coordinates": [116.5812, 5.9744]}, "properties": {"radio": "LTE", "net": 19, "samples": 1, "range_m": 1000, "updated": 2026}}, {"type": "Feature", "geometry": {"type": "Point", "coordinates": [116.5813, 5.9727]}, "properties": {"radio": "LTE", "net": 16, "samples": 9, "range_m": 1000, "updated": 2026}}, {"type": "Feature", "geometry": {"type": "Point", "coordinates": [116.5811, 5.9724]}, "properties": {"radio": "LTE", "net": 19, "samples": 5, "range_m": 1000, "updated": 2026}}, {"type": "Feature", "geometry": {"type": "Point", "coordinates": [116.5827, 5.9727]}, "properties": {"radio": "LTE", "net": 16, "samples": 1, "range_m": 1000, "updated": 2026}}, {"type": "Feature", "geometry": {"type": "Point", "coordinates": [116.5831, 5.9728]}, "properties": {"radio": "LTE", "net": 16, "samples": 2, "range_m": 1000, "updated": 2026}}, {"type": "Feature", "geometry": {"type": "Point", "coordinates": [116.5831, 5.9728]}, "properties": {"radio": "LTE", "net": 16, "samples": 1, "range_m": 1000, "updated": 2026}}, {"type": "Feature", "geometry": {"type": "Point", "coordinates": [116.5842, 5.9729]}, "properties": {"radio": "LTE", "net": 19, "samples": 1, "range_m": 1000, "updated": 2026}}, {"type": "Feature", "geometry": {"type": "Point", "coordinates": [116.5846, 5.9736]}, "properties": {"radio": "LTE", "net": 19, "samples": 2, "range_m": 1000, "updated": 2026}}, {"type": "Feature", "geometry": {"type": "Point", "coordinates": [116.584, 5.9749]}, "properties": {"radio": "GSM", "net": 16, "samples": 3, "range_m": 1000, "updated": 2026}}, {"type": "Feature", "geometry": {"type": "Point", "coordinates": [116.584, 5.9753]}, "properties": {"radio": "GSM", "net": 13, "samples": 2, "range_m": 1000, "updated": 2026}}, {"type": "Feature", "geometry": {"type": "Point", "coordinates": [116.584, 5.9753]}, "properties": {"radio": "LTE", "net": 13, "samples": 1, "range_m": 1000, "updated": 2026}}, {"type": "Feature", "geometry": {"type": "Point", "coordinates": [116.5835, 5.9729]}, "properties": {"radio": "LTE", "net": 19, "samples": 1, "range_m": 1000, "updated": 2026}}, {"type": "Feature", "geometry": {"type": "Point", "coordinates": [116.583, 5.9728]}, "properties": {"radio": "LTE", "net": 16, "samples": 4, "range_m": 1000, "updated": 2026}}, {"type": "Feature", "geometry": {"type": "Point", "coordinates": [116.5835, 5.9729]}, "properties": {"radio": "LTE", "net": 16, "samples": 1, "range_m": 1000, "updated": 2026}}, {"type": "Feature", "geometry": {"type": "Point", "coordinates": [116.5821, 5.9725]}, "properties": {"radio": "LTE", "net": 16, "samples": 4, "range_m": 1000, "updated": 2026}}, {"type": "Feature", "geometry": {"type": "Point", "coordinates": [116.5567, 5.9898]}, "properties": {"radio": "LTE", "net": 19, "samples": 9, "range_m": 3363, "updated": 2026}}, {"type": "Feature", "geometry": {"type": "Point", "coordinates": [116.5812, 5.9726]}, "properties": {"radio": "LTE", "net": 19, "samples": 5, "range_m": 1000, "updated": 2026}}, {"type": "Feature", "geometry": {"type": "Point", "coordinates": [116.5775, 5.984]}, "properties": {"radio": "LTE", "net": 16, "samples": 11, "range_m": 1000, "updated": 2026}}, {"type": "Feature", "geometry": {"type": "Point", "coordinates": [116.5757, 5.9854]}, "properties": {"radio": "LTE", "net": 19, "samples": 3, "range_m": 1000, "updated": 2026}}, {"type": "Feature", "geometry": {"type": "Point", "coordinates": [116.585, 5.9807]}, "properties": {"radio": "LTE", "net": 16, "samples": 5, "range_m": 1000, "updated": 2026}}, {"type": "Feature", "geometry": {"type": "Point", "coordinates": [116.5824, 5.9816]}, "properties": {"radio": "LTE", "net": 16, "samples": 5, "range_m": 1000, "updated": 2026}}, {"type": "Feature", "geometry": {"type": "Point", "coordinates": [116.586, 5.98]}, "properties": {"radio": "LTE", "net": 19, "samples": 3, "range_m": 1000, "updated": 2026}}, {"type": "Feature", "geometry": {"type": "Point", "coordinates": [116.6013, 5.9665]}, "properties": {"radio": "LTE", "net": 16, "samples": 39, "range_m": 894, "updated": 2026}}, {"type": "Feature", "geometry": {"type": "Point", "coordinates": [116.6011, 5.9668]}, "properties": {"radio": "LTE", "net": 19, "samples": 50, "range_m": 815, "updated": 2026}}, {"type": "Feature", "geometry": {"type": "Point", "coordinates": [116.603, 5.9591]}, "properties": {"radio": "LTE", "net": 19, "samples": 3, "range_m": 1000, "updated": 2026}}, {"type": "Feature", "geometry": {"type": "Point", "coordinates": [116.6071, 5.9557]}, "properties": {"radio": "LTE", "net": 19, "samples": 40, "range_m": 1095, "updated": 2026}}, {"type": "Feature", "geometry": {"type": "Point", "coordinates": [116.6008, 5.9677]}, "properties": {"radio": "LTE", "net": 16, "samples": 29, "range_m": 1291, "updated": 2026}}, {"type": "Feature", "geometry": {"type": "Point", "coordinates": [116.6055, 5.9566]}, "properties": {"radio": "LTE", "net": 16, "samples": 18, "range_m": 1000, "updated": 2026}}, {"type": "Feature", "geometry": {"type": "Point", "coordinates": [116.6081, 5.955]}, "properties": {"radio": "LTE", "net": 16, "samples": 24, "range_m": 1000, "updated": 2026}}, {"type": "Feature", "geometry": {"type": "Point", "coordinates": [116.6097, 5.9542]}, "properties": {"radio": "LTE", "net": 19, "samples": 7, "range_m": 1000, "updated": 2026}}, {"type": "Feature", "geometry": {"type": "Point", "coordinates": [116.6256, 5.9499]}, "properties": {"radio": "LTE", "net": 16, "samples": 26, "range_m": 2264, "updated": 2026}}, {"type": "Feature", "geometry": {"type": "Point", "coordinates": [116.6108, 5.954]}, "properties": {"radio": "LTE", "net": 19, "samples": 17, "range_m": 1000, "updated": 2026}}, {"type": "Feature", "geometry": {"type": "Point", "coordinates": [116.6128, 5.9537]}, "properties": {"radio": "LTE", "net": 16, "samples": 7, "range_m": 1000, "updated": 2026}}, {"type": "Feature", "geometry": {"type": "Point", "coordinates": [116.6151, 5.9524]}, "properties": {"radio": "LTE", "net": 16, "samples": 7, "range_m": 1000, "updated": 2026}}, {"type": "Feature", "geometry": {"type": "Point", "coordinates": [116.6266, 5.9516]}, "properties": {"radio": "LTE", "net": 19, "samples": 18, "range_m": 1000, "updated": 2026}}, {"type": "Feature", "geometry": {"type": "Point", "coordinates": [116.6241, 5.9517]}, "properties": {"radio": "LTE", "net": 16, "samples": 33, "range_m": 1024, "updated": 2026}}, {"type": "Feature", "geometry": {"type": "Point", "coordinates": [116.6268, 5.9497]}, "properties": {"radio": "LTE", "net": 19, "samples": 22, "range_m": 1727, "updated": 2026}}, {"type": "Feature", "geometry": {"type": "Point", "coordinates": [116.6316, 5.9493]}, "properties": {"radio": "LTE", "net": 19, "samples": 6, "range_m": 1000, "updated": 2026}}, {"type": "Feature", "geometry": {"type": "Point", "coordinates": [116.6324, 5.9484]}, "properties": {"radio": "LTE", "net": 16, "samples": 30, "range_m": 686, "updated": 2026}}, {"type": "Feature", "geometry": {"type": "Point", "coordinates": [116.6339, 5.9475]}, "properties": {"radio": "LTE", "net": 19, "samples": 40, "range_m": 749, "updated": 2026}}, {"type": "Feature", "geometry": {"type": "Point", "coordinates": [116.6369, 5.9461]}, "properties": {"radio": "LTE", "net": 19, "samples": 6, "range_m": 1000, "updated": 2026}}, {"type": "Feature", "geometry": {"type": "Point", "coordinates": [116.6403, 5.9454]}, "properties": {"radio": "LTE", "net": 16, "samples": 10, "range_m": 1000, "updated": 2026}}, {"type": "Feature", "geometry": {"type": "Point", "coordinates": [116.6299, 5.9496]}, "properties": {"radio": "LTE", "net": 19, "samples": 28, "range_m": 1569, "updated": 2026}}, {"type": "Feature", "geometry": {"type": "Point", "coordinates": [116.6443, 5.9443]}, "properties": {"radio": "LTE", "net": 19, "samples": 5, "range_m": 1000, "updated": 2026}}, {"type": "Feature", "geometry": {"type": "Point", "coordinates": [116.6473, 5.9437]}, "properties": {"radio": "LTE", "net": 19, "samples": 28, "range_m": 715, "updated": 2026}}, {"type": "Feature", "geometry": {"type": "Point", "coordinates": [116.6472, 5.9437]}, "properties": {"radio": "LTE", "net": 16, "samples": 29, "range_m": 598, "updated": 2026}}, {"type": "Feature", "geometry": {"type": "Point", "coordinates": [116.6491, 5.9438]}, "properties": {"radio": "LTE", "net": 16, "samples": 12, "range_m": 1000, "updated": 2026}}, {"type": "Feature", "geometry": {"type": "Point", "coordinates": [116.6542, 5.9429]}, "properties": {"radio": "LTE", "net": 19, "samples": 3, "range_m": 1000, "updated": 2026}}, {"type": "Feature", "geometry": {"type": "Point", "coordinates": [116.6592, 5.9499]}, "properties": {"radio": "LTE", "net": 19, "samples": 17, "range_m": 1000, "updated": 2026}}, {"type": "Feature", "geometry": {"type": "Point", "coordinates": [116.655, 5.944]}, "properties": {"radio": "LTE", "net": 16, "samples": 6, "range_m": 1000, "updated": 2026}}, {"type": "Feature", "geometry": {"type": "Point", "coordinates": [116.6559, 5.9453]}, "properties": {"radio": "LTE", "net": 19, "samples": 8, "range_m": 1000, "updated": 2026}}, {"type": "Feature", "geometry": {"type": "Point", "coordinates": [116.656, 5.9451]}, "properties": {"radio": "LTE", "net": 16, "samples": 15, "range_m": 1000, "updated": 2026}}, {"type": "Feature", "geometry": {"type": "Point", "coordinates": [116.6581, 5.9473]}, "properties": {"radio": "LTE", "net": 19, "samples": 3, "range_m": 1000, "updated": 2026}}, {"type": "Feature", "geometry": {"type": "Point", "coordinates": [116.6593, 5.9503]}, "properties": {"radio": "LTE", "net": 16, "samples": 35, "range_m": 1100, "updated": 2026}}, {"type": "Feature", "geometry": {"type": "Point", "coordinates": [116.6585, 5.9488]}, "properties": {"radio": "LTE", "net": 19, "samples": 20, "range_m": 1000, "updated": 2026}}, {"type": "Feature", "geometry": {"type": "Point", "coordinates": [116.6594, 5.9499]}, "properties": {"radio": "LTE", "net": 16, "samples": 4, "range_m": 1000, "updated": 2026}}, {"type": "Feature", "geometry": {"type": "Point", "coordinates": [116.6633, 5.9543]}, "properties": {"radio": "LTE", "net": 19, "samples": 9, "range_m": 1000, "updated": 2026}}, {"type": "Feature", "geometry": {"type": "Point", "coordinates": [116.663, 5.9542]}, "properties": {"radio": "LTE", "net": 16, "samples": 11, "range_m": 1000, "updated": 2026}}, {"type": "Feature", "geometry": {"type": "Point", "coordinates": [116.6653, 5.9547]}, "properties": {"radio": "LTE", "net": 19, "samples": 2, "range_m": 1000, "updated": 2026}}, {"type": "Feature", "geometry": {"type": "Point", "coordinates": [116.6653, 5.9547]}, "properties": {"radio": "LTE", "net": 16, "samples": 2, "range_m": 1000, "updated": 2026}}, {"type": "Feature", "geometry": {"type": "Point", "coordinates": [116.6752, 5.963]}, "properties": {"radio": "LTE", "net": 19, "samples": 13, "range_m": 2184, "updated": 2026}}, {"type": "Feature", "geometry": {"type": "Point", "coordinates": [116.6661, 5.9547]}, "properties": {"radio": "LTE", "net": 16, "samples": 6, "range_m": 1000, "updated": 2026}}, {"type": "Feature", "geometry": {"type": "Point", "coordinates": [116.6732, 5.9547]}, "properties": {"radio": "LTE", "net": 19, "samples": 33, "range_m": 1193, "updated": 2026}}, {"type": "Feature", "geometry": {"type": "Point", "coordinates": [116.6686, 5.9553]}, "properties": {"radio": "LTE", "net": 16, "samples": 4, "range_m": 1000, "updated": 2026}}, {"type": "Feature", "geometry": {"type": "Point", "coordinates": [116.6688, 5.9558]}, "properties": {"radio": "LTE", "net": 16, "samples": 20, "range_m": 1000, "updated": 2026}}, {"type": "Feature", "geometry": {"type": "Point", "coordinates": [116.6802, 5.9676]}, "properties": {"radio": "LTE", "net": 19, "samples": 6, "range_m": 1497, "updated": 2026}}, {"type": "Feature", "geometry": {"type": "Point", "coordinates": [116.6833, 5.9706]}, "properties": {"radio": "LTE", "net": 16, "samples": 9, "range_m": 1970, "updated": 2026}}, {"type": "Feature", "geometry": {"type": "Point", "coordinates": [116.6748, 5.9572]}, "properties": {"radio": "LTE", "net": 19, "samples": 7, "range_m": 1000, "updated": 2026}}, {"type": "Feature", "geometry": {"type": "Point", "coordinates": [116.6758, 5.9595]}, "properties": {"radio": "LTE", "net": 16, "samples": 8, "range_m": 1000, "updated": 2026}}, {"type": "Feature", "geometry": {"type": "Point", "coordinates": [116.6738, 5.958]}, "properties": {"radio": "LTE", "net": 19, "samples": 8, "range_m": 1000, "updated": 2026}}, {"type": "Feature", "geometry": {"type": "Point", "coordinates": [116.6744, 5.9579]}, "properties": {"radio": "LTE", "net": 16, "samples": 5, "range_m": 1000, "updated": 2026}}, {"type": "Feature", "geometry": {"type": "Point", "coordinates": [116.6765, 5.9596]}, "properties": {"radio": "LTE", "net": 19, "samples": 8, "range_m": 1000, "updated": 2026}}, {"type": "Feature", "geometry": {"type": "Point", "coordinates": [116.6781, 5.9629]}, "properties": {"radio": "LTE", "net": 19, "samples": 9, "range_m": 1000, "updated": 2026}}, {"type": "Feature", "geometry": {"type": "Point", "coordinates": [116.679, 5.9651]}, "properties": {"radio": "LTE", "net": 16, "samples": 17, "range_m": 1000, "updated": 2026}}, {"type": "Feature", "geometry": {"type": "Point", "coordinates": [116.6794, 5.9675]}, "properties": {"radio": "LTE", "net": 19, "samples": 17, "range_m": 1000, "updated": 2026}}, {"type": "Feature", "geometry": {"type": "Point", "coordinates": [116.6788, 5.9672]}, "properties": {"radio": "LTE", "net": 16, "samples": 10, "range_m": 1000, "updated": 2026}}, {"type": "Feature", "geometry": {"type": "Point", "coordinates": [116.6981, 5.9659]}, "properties": {"radio": "LTE", "net": 19, "samples": 50, "range_m": 2432, "updated": 2026}}, {"type": "Feature", "geometry": {"type": "Point", "coordinates": [116.6988, 5.9659]}, "properties": {"radio": "LTE", "net": 16, "samples": 50, "range_m": 949, "updated": 2026}}, {"type": "Feature", "geometry": {"type": "Point", "coordinates": [116.6848, 5.9798]}, "properties": {"radio": "LTE", "net": 19, "samples": 22, "range_m": 1018, "updated": 2026}}, {"type": "Feature", "geometry": {"type": "Point", "coordinates": [116.6869, 5.9814]}, "properties": {"radio": "LTE", "net": 16, "samples": 42, "range_m": 950, "updated": 2026}}, {"type": "Feature", "geometry": {"type": "Point", "coordinates": [116.6863, 5.9817]}, "properties": {"radio": "LTE", "net": 19, "samples": 19, "range_m": 1000, "updated": 2026}}, {"type": "Feature", "geometry": {"type": "Point", "coordinates": [116.6873, 5.9798]}, "properties": {"radio": "LTE", "net": 19, "samples": 14, "range_m": 1000, "updated": 2026}}, {"type": "Feature", "geometry": {"type": "Point", "coordinates": [116.6813, 5.9779]}, "properties": {"radio": "LTE", "net": 19, "samples": 1, "range_m": 1000, "updated": 2026}}, {"type": "Feature", "geometry": {"type": "Point", "coordinates": [116.6921, 5.9878]}, "properties": {"radio": "LTE", "net": 19, "samples": 17, "range_m": 1000, "updated": 2026}}, {"type": "Feature", "geometry": {"type": "Point", "coordinates": [116.6921, 5.9879]}, "properties": {"radio": "LTE", "net": 16, "samples": 15, "range_m": 1000, "updated": 2026}}, {"type": "Feature", "geometry": {"type": "Point", "coordinates": [116.6982, 6.0017]}, "properties": {"radio": "LTE", "net": 19, "samples": 42, "range_m": 1863, "updated": 2026}}, {"type": "Feature", "geometry": {"type": "Point", "coordinates": [116.6975, 5.9998]}, "properties": {"radio": "LTE", "net": 16, "samples": 27, "range_m": 1634, "updated": 2026}}, {"type": "Feature", "geometry": {"type": "Point", "coordinates": [116.7021, 6.0113]}, "properties": {"radio": "LTE", "net": 19, "samples": 26, "range_m": 500, "updated": 2026}}, {"type": "Feature", "geometry": {"type": "Point", "coordinates": [116.7012, 6.0096]}, "properties": {"radio": "LTE", "net": 16, "samples": 28, "range_m": 500, "updated": 2026}}, {"type": "Feature", "geometry": {"type": "Point", "coordinates": [116.718, 6.0153]}, "properties": {"radio": "LTE", "net": 19, "samples": 50, "range_m": 3506, "updated": 2026}}, {"type": "Feature", "geometry": {"type": "Point", "coordinates": [116.7072, 6.0176]}, "properties": {"radio": "LTE", "net": 16, "samples": 50, "range_m": 1304, "updated": 2026}}, {"type": "Feature", "geometry": {"type": "Point", "coordinates": [116.7088, 6.019]}, "properties": {"radio": "LTE", "net": 19, "samples": 50, "range_m": 3205, "updated": 2026}}, {"type": "Feature", "geometry": {"type": "Point", "coordinates": [116.7394, 5.9777]}, "properties": {"radio": "LTE", "net": 16, "samples": 18, "range_m": 6639, "updated": 2026}}, {"type": "Feature", "geometry": {"type": "Point", "coordinates": [116.7102, 6.0369]}, "properties": {"radio": "LTE", "net": 19, "samples": 15, "range_m": 1000, "updated": 2026}}, {"type": "Feature", "geometry": {"type": "Point", "coordinates": [116.7093, 6.0298]}, "properties": {"radio": "LTE", "net": 16, "samples": 3, "range_m": 1000, "updated": 2026}}, {"type": "Feature", "geometry": {"type": "Point", "coordinates": [116.711, 6.0303]}, "properties": {"radio": "LTE", "net": 19, "samples": 18, "range_m": 1000, "updated": 2026}}, {"type": "Feature", "geometry": {"type": "Point", "coordinates": [116.7102, 6.0357]}, "properties": {"radio": "LTE", "net": 16, "samples": 31, "range_m": 948, "updated": 2026}}, {"type": "Feature", "geometry": {"type": "Point", "coordinates": [116.7059, 6.0376]}, "properties": {"radio": "LTE", "net": 19, "samples": 29, "range_m": 500, "updated": 2026}}, {"type": "Feature", "geometry": {"type": "Point", "coordinates": [116.7064, 6.0367]}, "properties": {"radio": "LTE", "net": 16, "samples": 50, "range_m": 841, "updated": 2026}}, {"type": "Feature", "geometry": {"type": "Point", "coordinates": [116.7044, 6.0433]}, "properties": {"radio": "LTE", "net": 19, "samples": 9, "range_m": 1000, "updated": 2026}}, {"type": "Feature", "geometry": {"type": "Point", "coordinates": [116.7062, 6.0345]}, "properties": {"radio": "LTE", "net": 16, "samples": 19, "range_m": 2171, "updated": 2026}}, {"type": "Feature", "geometry": {"type": "Point", "coordinates": [116.706, 6.0425]}, "properties": {"radio": "LTE", "net": 19, "samples": 11, "range_m": 1000, "updated": 2026}}, {"type": "Feature", "geometry": {"type": "Point", "coordinates": [116.7044, 6.0429]}, "properties": {"radio": "LTE", "net": 16, "samples": 8, "range_m": 1000, "updated": 2026}}, {"type": "Feature", "geometry": {"type": "Point", "coordinates": [116.7064, 6.0363]}, "properties": {"radio": "LTE", "net": 16, "samples": 22, "range_m": 1000, "updated": 2026}}, {"type": "Feature", "geometry": {"type": "Point", "coordinates": [116.7061, 6.037]}, "properties": {"radio": "LTE", "net": 19, "samples": 22, "range_m": 1000, "updated": 2026}}, {"type": "Feature", "geometry": {"type": "Point", "coordinates": [116.7082, 6.0318]}, "properties": {"radio": "LTE", "net": 19, "samples": 14, "range_m": 1000, "updated": 2026}}, {"type": "Feature", "geometry": {"type": "Point", "coordinates": [116.7091, 6.0294]}, "properties": {"radio": "LTE", "net": 19, "samples": 2, "range_m": 1000, "updated": 2026}}, {"type": "Feature", "geometry": {"type": "Point", "coordinates": [116.7118, 6.0297]}, "properties": {"radio": "LTE", "net": 16, "samples": 7, "range_m": 1000, "updated": 2026}}, {"type": "Feature", "geometry": {"type": "Point", "coordinates": [116.7384, 5.9725]}, "properties": {"radio": "LTE", "net": 16, "samples": 26, "range_m": 6808, "updated": 2026}}, {"type": "Feature", "geometry": {"type": "Point", "coordinates": [116.7102, 6.0226]}, "properties": {"radio": "LTE", "net": 19, "samples": 15, "range_m": 1000, "updated": 2026}}, {"type": "Feature", "geometry": {"type": "Point", "coordinates": [116.7213, 6.0289]}, "properties": {"radio": "LTE", "net": 16, "samples": 21, "range_m": 2665, "updated": 2026}}, {"type": "Feature", "geometry": {"type": "Point", "coordinates": [116.7056, 6.0141]}, "properties": {"radio": "LTE", "net": 16, "samples": 6, "range_m": 1000, "updated": 2026}}, {"type": "Feature", "geometry": {"type": "Point", "coordinates": [116.7049, 6.0137]}, "properties": {"radio": "LTE", "net": 19, "samples": 4, "range_m": 1000, "updated": 2026}}, {"type": "Feature", "geometry": {"type": "Point", "coordinates": [116.7068, 6.015]}, "properties": {"radio": "LTE", "net": 19, "samples": 7, "range_m": 1000, "updated": 2026}}, {"type": "Feature", "geometry": {"type": "Point", "coordinates": [116.7125, 6.0009]}, "properties": {"radio": "LTE", "net": 16, "samples": 16, "range_m": 2253, "updated": 2026}}, {"type": "Feature", "geometry": {"type": "Point", "coordinates": [116.7192, 6.0304]}, "properties": {"radio": "LTE", "net": 19, "samples": 17, "range_m": 1407, "updated": 2026}}, {"type": "Feature", "geometry": {"type": "Point", "coordinates": [116.7101, 6.023]}, "properties": {"radio": "LTE", "net": 19, "samples": 3, "range_m": 1000, "updated": 2026}}, {"type": "Feature", "geometry": {"type": "Point", "coordinates": [116.7102, 6.0253]}, "properties": {"radio": "LTE", "net": 16, "samples": 3, "range_m": 1000, "updated": 2026}}, {"type": "Feature", "geometry": {"type": "Point", "coordinates": [116.7097, 6.0271]}, "properties": {"radio": "LTE", "net": 16, "samples": 6, "range_m": 1000, "updated": 2026}}, {"type": "Feature", "geometry": {"type": "Point", "coordinates": [116.7185, 6.0349]}, "properties": {"radio": "LTE", "net": 19, "samples": 23, "range_m": 1000, "updated": 2026}}, {"type": "Feature", "geometry": {"type": "Point", "coordinates": [116.719, 6.0345]}, "properties": {"radio": "LTE", "net": 16, "samples": 21, "range_m": 1000, "updated": 2026}}, {"type": "Feature", "geometry": {"type": "Point", "coordinates": [116.7177, 6.0332]}, "properties": {"radio": "LTE", "net": 19, "samples": 8, "range_m": 1000, "updated": 2026}}, {"type": "Feature", "geometry": {"type": "Point", "coordinates": [116.7176, 6.0332]}, "properties": {"radio": "LTE", "net": 19, "samples": 9, "range_m": 1000, "updated": 2026}}, {"type": "Feature", "geometry": {"type": "Point", "coordinates": [116.7178, 6.0331]}, "properties": {"radio": "LTE", "net": 16, "samples": 1, "range_m": 1000, "updated": 2026}}, {"type": "Feature", "geometry": {"type": "Point", "coordinates": [116.7173, 6.033]}, "properties": {"radio": "LTE", "net": 16, "samples": 5, "range_m": 1000, "updated": 2026}}, {"type": "Feature", "geometry": {"type": "Point", "coordinates": [116.7175, 6.0332]}, "properties": {"radio": "LTE", "net": 19, "samples": 2, "range_m": 1000, "updated": 2026}}, {"type": "Feature", "geometry": {"type": "Point", "coordinates": [116.727, 6.0302]}, "properties": {"radio": "LTE", "net": 19, "samples": 4, "range_m": 1000, "updated": 2026}}, {"type": "Feature", "geometry": {"type": "Point", "coordinates": [116.7323, 6.0282]}, "properties": {"radio": "LTE", "net": 16, "samples": 9, "range_m": 1000, "updated": 2026}}, {"type": "Feature", "geometry": {"type": "Point", "coordinates": [116.7393, 6.0221]}, "properties": {"radio": "LTE", "net": 19, "samples": 45, "range_m": 865, "updated": 2026}}, {"type": "Feature", "geometry": {"type": "Point", "coordinates": [116.7383, 6.0124]}, "properties": {"radio": "LTE", "net": 16, "samples": 26, "range_m": 3418, "updated": 2026}}, {"type": "Feature", "geometry": {"type": "Point", "coordinates": [116.7343, 6.0113]}, "properties": {"radio": "LTE", "net": 19, "samples": 13, "range_m": 1000, "updated": 2026}}, {"type": "Feature", "geometry": {"type": "Point", "coordinates": [116.7343, 6.0113]}, "properties": {"radio": "LTE", "net": 16, "samples": 13, "range_m": 1000, "updated": 2026}}, {"type": "Feature", "geometry": {"type": "Point", "coordinates": [116.7329, 5.9938]}, "properties": {"radio": "LTE", "net": 19, "samples": 8, "range_m": 1997, "updated": 2026}}, {"type": "Feature", "geometry": {"type": "Point", "coordinates": [116.733, 5.9951]}, "properties": {"radio": "LTE", "net": 16, "samples": 7, "range_m": 1849, "updated": 2026}}, {"type": "Feature", "geometry": {"type": "Point", "coordinates": [116.7211, 5.9907]}, "properties": {"radio": "LTE", "net": 19, "samples": 20, "range_m": 2259, "updated": 2026}}, {"type": "Feature", "geometry": {"type": "Point", "coordinates": [116.7209, 5.9911]}, "properties": {"radio": "LTE", "net": 16, "samples": 24, "range_m": 2244, "updated": 2026}}, {"type": "Feature", "geometry": {"type": "Point", "coordinates": [116.7293, 6.0052]}, "properties": {"radio": "LTE", "net": 19, "samples": 11, "range_m": 1000, "updated": 2026}}, {"type": "Feature", "geometry": {"type": "Point", "coordinates": [116.7293, 6.0052]}, "properties": {"radio": "LTE", "net": 16, "samples": 11, "range_m": 1000, "updated": 2026}}, {"type": "Feature", "geometry": {"type": "Point", "coordinates": [116.7271, 6.0025]}, "properties": {"radio": "LTE", "net": 19, "samples": 4, "range_m": 1000, "updated": 2026}}, {"type": "Feature", "geometry": {"type": "Point", "coordinates": [116.7271, 6.0025]}, "properties": {"radio": "LTE", "net": 16, "samples": 4, "range_m": 1000, "updated": 2026}}, {"type": "Feature", "geometry": {"type": "Point", "coordinates": [116.7258, 5.9896]}, "properties": {"radio": "LTE", "net": 19, "samples": 20, "range_m": 1346, "updated": 2026}}, {"type": "Feature", "geometry": {"type": "Point", "coordinates": [116.7251, 5.989]}, "properties": {"radio": "LTE", "net": 16, "samples": 26, "range_m": 1416, "updated": 2026}}, {"type": "Feature", "geometry": {"type": "Point", "coordinates": [116.7245, 5.9982]}, "properties": {"radio": "LTE", "net": 19, "samples": 2, "range_m": 1000, "updated": 2026}}, {"type": "Feature", "geometry": {"type": "Point", "coordinates": [116.7245, 5.9982]}, "properties": {"radio": "LTE", "net": 16, "samples": 2, "range_m": 1000, "updated": 2026}}, {"type": "Feature", "geometry": {"type": "Point", "coordinates": [116.7297, 5.99]}, "properties": {"radio": "LTE", "net": 19, "samples": 13, "range_m": 1000, "updated": 2026}}, {"type": "Feature", "geometry": {"type": "Point", "coordinates": [116.721, 5.9919]}, "properties": {"radio": "LTE", "net": 19, "samples": 7, "range_m": 1000, "updated": 2026}}, {"type": "Feature", "geometry": {"type": "Point", "coordinates": [116.7234, 5.9938]}, "properties": {"radio": "LTE", "net": 16, "samples": 4, "range_m": 1000, "updated": 2026}}, {"type": "Feature", "geometry": {"type": "Point", "coordinates": [116.728, 5.9899]}, "properties": {"radio": "LTE", "net": 16, "samples": 26, "range_m": 514, "updated": 2026}}, {"type": "Feature", "geometry": {"type": "Point", "coordinates": [116.7278, 5.9887]}, "properties": {"radio": "LTE", "net": 19, "samples": 15, "range_m": 1000, "updated": 2026}}, {"type": "Feature", "geometry": {"type": "Point", "coordinates": [116.7327, 5.9878]}, "properties": {"radio": "LTE", "net": 16, "samples": 5, "range_m": 1000, "updated": 2026}}, {"type": "Feature", "geometry": {"type": "Point", "coordinates": [116.7321, 5.9817]}, "properties": {"radio": "LTE", "net": 16, "samples": 10, "range_m": 1000, "updated": 2026}}, {"type": "Feature", "geometry": {"type": "Point", "coordinates": [116.7315, 5.9828]}, "properties": {"radio": "LTE", "net": 19, "samples": 8, "range_m": 1000, "updated": 2026}}, {"type": "Feature", "geometry": {"type": "Point", "coordinates": [116.7325, 5.9829]}, "properties": {"radio": "LTE", "net": 19, "samples": 4, "range_m": 1000, "updated": 2026}}, {"type": "Feature", "geometry": {"type": "Point", "coordinates": [116.7305, 5.9825]}, "properties": {"radio": "LTE", "net": 16, "samples": 7, "range_m": 1000, "updated": 2026}}, {"type": "Feature", "geometry": {"type": "Point", "coordinates": [116.7355, 5.9761]}, "properties": {"radio": "LTE", "net": 19, "samples": 16, "range_m": 2148, "updated": 2026}}, {"type": "Feature", "geometry": {"type": "Point", "coordinates": [116.7444, 5.9689]}, "properties": {"radio": "LTE", "net": 16, "samples": 33, "range_m": 2341, "updated": 2026}}, {"type": "Feature", "geometry": {"type": "Point", "coordinates": [116.7423, 5.9691]}, "properties": {"radio": "LTE", "net": 19, "samples": 38, "range_m": 1965, "updated": 2026}}, {"type": "Feature", "geometry": {"type": "Point", "coordinates": [116.7501, 5.9623]}, "properties": {"radio": "LTE", "net": 16, "samples": 36, "range_m": 2367, "updated": 2026}}, {"type": "Feature", "geometry": {"type": "Point", "coordinates": [116.7611, 5.9539]}, "properties": {"radio": "LTE", "net": 19, "samples": 50, "range_m": 3938, "updated": 2026}}, {"type": "Feature", "geometry": {"type": "Point", "coordinates": [116.7438, 5.9653]}, "properties": {"radio": "LTE", "net": 19, "samples": 25, "range_m": 4520, "updated": 2026}}, {"type": "Feature", "geometry": {"type": "Point", "coordinates": [116.7423, 5.968]}, "properties": {"radio": "LTE", "net": 16, "samples": 50, "range_m": 4090, "updated": 2026}}, {"type": "Feature", "geometry": {"type": "Point", "coordinates": [116.739, 5.9691]}, "properties": {"radio": "LTE", "net": 19, "samples": 13, "range_m": 1021, "updated": 2026}}, {"type": "Feature", "geometry": {"type": "Point", "coordinates": [116.7525, 5.9616]}, "properties": {"radio": "LTE", "net": 19, "samples": 23, "range_m": 1000, "updated": 2026}}, {"type": "Feature", "geometry": {"type": "Point", "coordinates": [116.7565, 5.9524]}, "properties": {"radio": "LTE", "net": 19, "samples": 22, "range_m": 1000, "updated": 2026}}, {"type": "Feature", "geometry": {"type": "Point", "coordinates": [116.757, 5.9522]}, "properties": {"radio": "LTE", "net": 16, "samples": 27, "range_m": 537, "updated": 2026}}, {"type": "Feature", "geometry": {"type": "Point", "coordinates": [116.7688, 5.9499]}, "properties": {"radio": "LTE", "net": 16, "samples": 43, "range_m": 1292, "updated": 2026}}, {"type": "Feature", "geometry": {"type": "Point", "coordinates": [116.769, 5.9472]}, "properties": {"radio": "LTE", "net": 16, "samples": 3, "range_m": 1000, "updated": 2026}}, {"type": "Feature", "geometry": {"type": "Point", "coordinates": [116.7709, 5.9481]}, "properties": {"radio": "LTE", "net": 16, "samples": 8, "range_m": 1000, "updated": 2026}}, {"type": "Feature", "geometry": {"type": "Point", "coordinates": [116.7668, 5.9506]}, "properties": {"radio": "LTE", "net": 19, "samples": 19, "range_m": 1085, "updated": 2026}}, {"type": "Feature", "geometry": {"type": "Point", "coordinates": [116.7784, 5.9474]}, "properties": {"radio": "LTE", "net": 19, "samples": 10, "range_m": 1000, "updated": 2026}}, {"type": "Feature", "geometry": {"type": "Point", "coordinates": [116.7451, 5.9658]}, "properties": {"radio": "LTE", "net": 19, "samples": 12, "range_m": 4422, "updated": 2026}}, {"type": "Feature", "geometry": {"type": "Point", "coordinates": [116.7553, 5.9528]}, "properties": {"radio": "LTE", "net": 19, "samples": 28, "range_m": 500, "updated": 2026}}, {"type": "Feature", "geometry": {"type": "Point", "coordinates": [116.7549, 5.9527]}, "properties": {"radio": "LTE", "net": 16, "samples": 25, "range_m": 500, "updated": 2026}}, {"type": "Feature", "geometry": {"type": "Point", "coordinates": [116.7452, 5.9647]}, "properties": {"radio": "LTE", "net": 19, "samples": 3, "range_m": 1000, "updated": 2026}}, {"type": "Feature", "geometry": {"type": "Point", "coordinates": [116.73, 5.9837]}, "properties": {"radio": "LTE", "net": 19, "samples": 3, "range_m": 1000, "updated": 2026}}, {"type": "Feature", "geometry": {"type": "Point", "coordinates": [116.703, 5.9881]}, "properties": {"radio": "LTE", "net": 19, "samples": 22, "range_m": 1000, "updated": 2026}}, {"type": "Feature", "geometry": {"type": "Point", "coordinates": [116.7072, 5.9889]}, "properties": {"radio": "LTE", "net": 16, "samples": 27, "range_m": 637, "updated": 2026}}, {"type": "Feature", "geometry": {"type": "Point", "coordinates": [116.7007, 5.987]}, "properties": {"radio": "LTE", "net": 19, "samples": 5, "range_m": 1000, "updated": 2026}}, {"type": "Feature", "geometry": {"type": "Point", "coordinates": [116.7001, 5.9869]}, "properties": {"radio": "LTE", "net": 16, "samples": 8, "range_m": 1000, "updated": 2026}}, {"type": "Feature", "geometry": {"type": "Point", "coordinates": [116.6991, 5.9867]}, "properties": {"radio": "LTE", "net": 19, "samples": 3, "range_m": 1000, "updated": 2026}}, {"type": "Feature", "geometry": {"type": "Point", "coordinates": [116.6968, 5.9869]}, "properties": {"radio": "LTE", "net": 16, "samples": 9, "range_m": 1000, "updated": 2026}}, {"type": "Feature", "geometry": {"type": "Point", "coordinates": [116.6944, 5.9876]}, "properties": {"radio": "LTE", "net": 16, "samples": 3, "range_m": 1000, "updated": 2026}}, {"type": "Feature", "geometry": {"type": "Point", "coordinates": [116.6906, 5.9757]}, "properties": {"radio": "LTE", "net": 16, "samples": 6, "range_m": 1000, "updated": 2026}}, {"type": "Feature", "geometry": {"type": "Point", "coordinates": [116.691, 5.9754]}, "properties": {"radio": "LTE", "net": 19, "samples": 3, "range_m": 1000, "updated": 2026}}, {"type": "Feature", "geometry": {"type": "Point", "coordinates": [116.6896, 5.9601]}, "properties": {"radio": "LTE", "net": 16, "samples": 18, "range_m": 1926, "updated": 2026}}, {"type": "Feature", "geometry": {"type": "Point", "coordinates": [116.6939, 5.9765]}, "properties": {"radio": "LTE", "net": 19, "samples": 11, "range_m": 1000, "updated": 2026}}, {"type": "Feature", "geometry": {"type": "Point", "coordinates": [116.695, 5.9762]}, "properties": {"radio": "LTE", "net": 16, "samples": 11, "range_m": 1000, "updated": 2026}}, {"type": "Feature", "geometry": {"type": "Point", "coordinates": [116.6732, 5.9572]}, "properties": {"radio": "LTE", "net": 19, "samples": 11, "range_m": 3522, "updated": 2026}}, {"type": "Feature", "geometry": {"type": "Point", "coordinates": [116.7006, 5.9731]}, "properties": {"radio": "LTE", "net": 16, "samples": 10, "range_m": 1000, "updated": 2026}}, {"type": "Feature", "geometry": {"type": "Point", "coordinates": [116.692, 5.965]}, "properties": {"radio": "LTE", "net": 19, "samples": 8, "range_m": 2034, "updated": 2026}}, {"type": "Feature", "geometry": {"type": "Point", "coordinates": [116.7012, 5.9677]}, "properties": {"radio": "LTE", "net": 19, "samples": 2, "range_m": 1000, "updated": 2026}}, {"type": "Feature", "geometry": {"type": "Point", "coordinates": [116.6963, 5.9583]}, "properties": {"radio": "LTE", "net": 19, "samples": 7, "range_m": 1118, "updated": 2026}}, {"type": "Feature", "geometry": {"type": "Point", "coordinates": [116.6936, 5.9598]}, "properties": {"radio": "LTE", "net": 19, "samples": 3, "range_m": 1000, "updated": 2026}}, {"type": "Feature", "geometry": {"type": "Point", "coordinates": [116.6938, 5.959]}, "properties": {"radio": "LTE", "net": 19, "samples": 2, "range_m": 1000, "updated": 2026}}, {"type": "Feature", "geometry": {"type": "Point", "coordinates": [116.6938, 5.959]}, "properties": {"radio": "LTE", "net": 16, "samples": 2, "range_m": 1000, "updated": 2026}}, {"type": "Feature", "geometry": {"type": "Point", "coordinates": [116.6936, 5.9543]}, "properties": {"radio": "LTE", "net": 19, "samples": 9, "range_m": 1000, "updated": 2026}}, {"type": "Feature", "geometry": {"type": "Point", "coordinates": [116.6941, 5.9581]}, "properties": {"radio": "LTE", "net": 16, "samples": 3, "range_m": 1000, "updated": 2026}}, {"type": "Feature", "geometry": {"type": "Point", "coordinates": [116.6943, 5.9575]}, "properties": {"radio": "LTE", "net": 19, "samples": 2, "range_m": 1000, "updated": 2026}}, {"type": "Feature", "geometry": {"type": "Point", "coordinates": [116.6943, 5.9571]}, "properties": {"radio": "LTE", "net": 16, "samples": 4, "range_m": 1000, "updated": 2026}}, {"type": "Feature", "geometry": {"type": "Point", "coordinates": [116.6942, 5.956]}, "properties": {"radio": "LTE", "net": 19, "samples": 2, "range_m": 1000, "updated": 2026}}, {"type": "Feature", "geometry": {"type": "Point", "coordinates": [116.6942, 5.956]}, "properties": {"radio": "LTE", "net": 16, "samples": 2, "range_m": 1000, "updated": 2026}}, {"type": "Feature", "geometry": {"type": "Point", "coordinates": [116.6941, 5.955]}, "properties": {"radio": "LTE", "net": 19, "samples": 3, "range_m": 1000, "updated": 2026}}, {"type": "Feature", "geometry": {"type": "Point", "coordinates": [116.6941, 5.955]}, "properties": {"radio": "LTE", "net": 16, "samples": 3, "range_m": 1000, "updated": 2026}}, {"type": "Feature", "geometry": {"type": "Point", "coordinates": [116.6929, 5.9515]}, "properties": {"radio": "LTE", "net": 16, "samples": 5, "range_m": 1000, "updated": 2026}}, {"type": "Feature", "geometry": {"type": "Point", "coordinates": [116.6868, 5.9517]}, "properties": {"radio": "LTE", "net": 19, "samples": 6, "range_m": 1000, "updated": 2026}}, {"type": "Feature", "geometry": {"type": "Point", "coordinates": [116.693, 5.949]}, "properties": {"radio": "LTE", "net": 19, "samples": 8, "range_m": 1000, "updated": 2026}}, {"type": "Feature", "geometry": {"type": "Point", "coordinates": [116.6931, 5.9486]}, "properties": {"radio": "LTE", "net": 16, "samples": 10, "range_m": 1000, "updated": 2026}}, {"type": "Feature", "geometry": {"type": "Point", "coordinates": [116.6936, 5.9472]}, "properties": {"radio": "LTE", "net": 19, "samples": 2, "range_m": 1000, "updated": 2026}}, {"type": "Feature", "geometry": {"type": "Point", "coordinates": [116.6937, 5.9466]}, "properties": {"radio": "LTE", "net": 19, "samples": 2, "range_m": 1000, "updated": 2026}}, {"type": "Feature", "geometry": {"type": "Point", "coordinates": [116.6874, 5.9485]}, "properties": {"radio": "LTE", "net": 16, "samples": 28, "range_m": 783, "updated": 2026}}, {"type": "Feature", "geometry": {"type": "Point", "coordinates": [116.6875, 5.9483]}, "properties": {"radio": "LTE", "net": 19, "samples": 19, "range_m": 1000, "updated": 2026}}, {"type": "Feature", "geometry": {"type": "Point", "coordinates": [116.6912, 5.9449]}, "properties": {"radio": "LTE", "net": 19, "samples": 13, "range_m": 1000, "updated": 2026}}, {"type": "Feature", "geometry": {"type": "Point", "coordinates": [116.6909, 5.945]}, "properties": {"radio": "LTE", "net": 16, "samples": 11, "range_m": 1000, "updated": 2026}}, {"type": "Feature", "geometry": {"type": "Point", "coordinates": [116.6794, 5.9529]}, "properties": {"radio": "LTE", "net": 16, "samples": 12, "range_m": 1000, "updated": 2026}}, {"type": "Feature", "geometry": {"type": "Point", "coordinates": [116.6788, 5.953]}, "properties": {"radio": "LTE", "net": 19, "samples": 3, "range_m": 1000, "updated": 2026}}, {"type": "Feature", "geometry": {"type": "Point", "coordinates": [116.6779, 5.9537]}, "properties": {"radio": "LTE", "net": 19, "samples": 3, "range_m": 1000, "updated": 2026}}, {"type": "Feature", "geometry": {"type": "Point", "coordinates": [116.6772, 5.9544]}, "properties": {"radio": "LTE", "net": 19, "samples": 3, "range_m": 1000, "updated": 2026}}, {"type": "Feature", "geometry": {"type": "Point", "coordinates": [116.6759, 5.9561]}, "properties": {"radio": "LTE", "net": 16, "samples": 8, "range_m": 1000, "updated": 2026}}, {"type": "Feature", "geometry": {"type": "Point", "coordinates": [116.6756, 5.9566]}, "properties": {"radio": "LTE", "net": 16, "samples": 3, "range_m": 1000, "updated": 2026}}, {"type": "Feature", "geometry": {"type": "Point", "coordinates": [116.6752, 5.9571]}, "properties": {"radio": "LTE", "net": 19, "samples": 2, "range_m": 1000, "updated": 2026}}, {"type": "Feature", "geometry": {"type": "Point", "coordinates": [116.6747, 5.9576]}, "properties": {"radio": "LTE", "net": 16, "samples": 2, "range_m": 1000, "updated": 2026}}, {"type": "Feature", "geometry": {"type": "Point", "coordinates": [116.6722, 5.9577]}, "properties": {"radio": "LTE", "net": 19, "samples": 12, "range_m": 1000, "updated": 2026}}, {"type": "Feature", "geometry": {"type": "Point", "coordinates": [116.6722, 5.9577]}, "properties": {"radio": "LTE", "net": 16, "samples": 12, "range_m": 1000, "updated": 2026}}, {"type": "Feature", "geometry": {"type": "Point", "coordinates": [116.6583, 5.9483]}, "properties": {"radio": "LTE", "net": 19, "samples": 5, "range_m": 1000, "updated": 2026}}, {"type": "Feature", "geometry": {"type": "Point", "coordinates": [116.6583, 5.9483]}, "properties": {"radio": "LTE", "net": 16, "samples": 5, "range_m": 1000, "updated": 2026}}, {"type": "Feature", "geometry": {"type": "Point", "coordinates": [116.6572, 5.9462]}, "properties": {"radio": "LTE", "net": 16, "samples": 8, "range_m": 1000, "updated": 2026}}, {"type": "Feature", "geometry": {"type": "Point", "coordinates": [116.6551, 5.9441]}, "properties": {"radio": "LTE", "net": 19, "samples": 7, "range_m": 1000, "updated": 2026}}, {"type": "Feature", "geometry": {"type": "Point", "coordinates": [116.6528, 5.9431]}, "properties": {"radio": "LTE", "net": 19, "samples": 3, "range_m": 1000, "updated": 2026}}, {"type": "Feature", "geometry": {"type": "Point", "coordinates": [116.6387, 5.9458]}, "properties": {"radio": "LTE", "net": 16, "samples": 9, "range_m": 1000, "updated": 2026}}, {"type": "Feature", "geometry": {"type": "Point", "coordinates": [116.6354, 5.946]}, "properties": {"radio": "LTE", "net": 16, "samples": 8, "range_m": 1000, "updated": 2026}}, {"type": "Feature", "geometry": {"type": "Point", "coordinates": [116.6128, 5.9537]}, "properties": {"radio": "LTE", "net": 19, "samples": 6, "range_m": 1000, "updated": 2026}}, {"type": "Feature", "geometry": {"type": "Point", "coordinates": [116.6128, 5.9537]}, "properties": {"radio": "LTE", "net": 16, "samples": 6, "range_m": 1000, "updated": 2026}}, {"type": "Feature", "geometry": {"type": "Point", "coordinates": [116.5979, 5.9732]}, "properties": {"radio": "LTE", "net": 19, "samples": 4, "range_m": 1000, "updated": 2026}}, {"type": "Feature", "geometry": {"type": "Point", "coordinates": [116.585, 5.9802]}, "properties": {"radio": "LTE", "net": 19, "samples": 4, "range_m": 1004, "updated": 2026}}, {"type": "Feature", "geometry": {"type": "Point", "coordinates": [116.5928, 5.9762]}, "properties": {"radio": "LTE", "net": 19, "samples": 2, "range_m": 1000, "updated": 2026}}, {"type": "Feature", "geometry": {"type": "Point", "coordinates": [116.585, 5.9802]}, "properties": {"radio": "LTE", "net": 16, "samples": 4, "range_m": 1004, "updated": 2026}}, {"type": "Feature", "geometry": {"type": "Point", "coordinates": [116.5927, 5.9767]}, "properties": {"radio": "LTE", "net": 16, "samples": 2, "range_m": 1000, "updated": 2026}}, {"type": "Feature", "geometry": {"type": "Point", "coordinates": [116.5907, 5.9789]}, "properties": {"radio": "LTE", "net": 19, "samples": 2, "range_m": 1000, "updated": 2026}}, {"type": "Feature", "geometry": {"type": "Point", "coordinates": [116.5746, 5.9853]}, "properties": {"radio": "LTE", "net": 19, "samples": 2, "range_m": 1000, "updated": 2026}}, {"type": "Feature", "geometry": {"type": "Point", "coordinates": [116.5756, 5.9835]}, "properties": {"radio": "LTE", "net": 19, "samples": 11, "range_m": 1000, "updated": 2026}}, {"type": "Feature", "geometry": {"type": "Point", "coordinates": [116.5757, 5.9826]}, "properties": {"radio": "LTE", "net": 16, "samples": 3, "range_m": 1000, "updated": 2026}}, {"type": "Feature", "geometry": {"type": "Point", "coordinates": [116.5764, 5.9814]}, "properties": {"radio": "LTE", "net": 19, "samples": 2, "range_m": 1000, "updated": 2026}}, {"type": "Feature", "geometry": {"type": "Point", "coordinates": [116.5765, 5.9802]}, "properties": {"radio": "LTE", "net": 16, "samples": 8, "range_m": 1000, "updated": 2026}}, {"type": "Feature", "geometry": {"type": "Point", "coordinates": [116.5812, 5.9745]}, "properties": {"radio": "LTE", "net": 16, "samples": 2, "range_m": 1000, "updated": 2026}}, {"type": "Feature", "geometry": {"type": "Point", "coordinates": [116.5812, 5.9729]}, "properties": {"radio": "LTE", "net": 16, "samples": 9, "range_m": 1000, "updated": 2026}}, {"type": "Feature", "geometry": {"type": "Point", "coordinates": [116.5834, 5.9729]}, "properties": {"radio": "LTE", "net": 19, "samples": 1, "range_m": 1000, "updated": 2026}}, {"type": "Feature", "geometry": {"type": "Point", "coordinates": [116.5837, 5.9728]}, "properties": {"radio": "LTE", "net": 16, "samples": 3, "range_m": 1000, "updated": 2026}}, {"type": "Feature", "geometry": {"type": "Point", "coordinates": [116.5841, 5.9728]}, "properties": {"radio": "LTE", "net": 19, "samples": 1, "range_m": 1000, "updated": 2026}}, {"type": "Feature", "geometry": {"type": "Point", "coordinates": [116.5846, 5.9737]}, "properties": {"radio": "LTE", "net": 16, "samples": 2, "range_m": 1000, "updated": 2026}}, {"type": "Feature", "geometry": {"type": "Point", "coordinates": [116.5746, 5.9866]}, "properties": {"radio": "LTE", "net": 19, "samples": 1, "range_m": 1000, "updated": 2026}}, {"type": "Feature", "geometry": {"type": "Point", "coordinates": [116.5745, 5.9866]}, "properties": {"radio": "LTE", "net": 16, "samples": 2, "range_m": 1000, "updated": 2026}}, {"type": "Feature", "geometry": {"type": "Point", "coordinates": [116.573, 5.9859]}, "properties": {"radio": "LTE", "net": 19, "samples": 5, "range_m": 1000, "updated": 2026}}, {"type": "Feature", "geometry": {"type": "Point", "coordinates": [116.5705, 5.9863]}, "properties": {"radio": "LTE", "net": 19, "samples": 8, "range_m": 1000, "updated": 2026}}, {"type": "Feature", "geometry": {"type": "Point", "coordinates": [116.5717, 5.9862]}, "properties": {"radio": "LTE", "net": 16, "samples": 3, "range_m": 1000, "updated": 2026}}, {"type": "Feature", "geometry": {"type": "Point", "coordinates": [116.5701, 5.9863]}, "properties": {"radio": "LTE", "net": 16, "samples": 6, "range_m": 1000, "updated": 2026}}, {"type": "Feature", "geometry": {"type": "Point", "coordinates": [116.5578, 5.9875]}, "properties": {"radio": "LTE", "net": 19, "samples": 28, "range_m": 609, "updated": 2026}}, {"type": "Feature", "geometry": {"type": "Point", "coordinates": [116.5576, 5.9887]}, "properties": {"radio": "LTE", "net": 16, "samples": 22, "range_m": 1000, "updated": 2026}}, {"type": "Feature", "geometry": {"type": "Point", "coordinates": [116.5524, 5.9953]}, "properties": {"radio": "LTE", "net": 19, "samples": 8, "range_m": 1176, "updated": 2026}}, {"type": "Feature", "geometry": {"type": "Point", "coordinates": [116.5459, 5.9988]}, "properties": {"radio": "LTE", "net": 16, "samples": 14, "range_m": 1502, "updated": 2026}}, {"type": "Feature", "geometry": {"type": "Point", "coordinates": [116.5441, 6.0007]}, "properties": {"radio": "LTE", "net": 19, "samples": 24, "range_m": 1269, "updated": 2026}}, {"type": "Feature", "geometry": {"type": "Point", "coordinates": [116.5188, 6.0091]}, "properties": {"radio": "LTE", "net": 16, "samples": 25, "range_m": 3902, "updated": 2026}}, {"type": "Feature", "geometry": {"type": "Point", "coordinates": [116.5162, 6.0102]}, "properties": {"radio": "LTE", "net": 19, "samples": 26, "range_m": 3922, "updated": 2026}}, {"type": "Feature", "geometry": {"type": "Point", "coordinates": [116.5035, 6.0192]}, "properties": {"radio": "LTE", "net": 16, "samples": 50, "range_m": 5589, "updated": 2026}}, {"type": "Feature", "geometry": {"type": "Point", "coordinates": [116.5456, 6.0009]}, "properties": {"radio": "LTE", "net": 16, "samples": 10, "range_m": 1000, "updated": 2026}}, {"type": "Feature", "geometry": {"type": "Point", "coordinates": [116.5455, 6.0011]}, "properties": {"radio": "LTE", "net": 19, "samples": 2, "range_m": 1000, "updated": 2026}}, {"type": "Feature", "geometry": {"type": "Point", "coordinates": [116.5451, 6.0017]}, "properties": {"radio": "LTE", "net": 19, "samples": 3, "range_m": 1000, "updated": 2026}}, {"type": "Feature", "geometry": {"type": "Point", "coordinates": [116.5424, 6.004]}, "properties": {"radio": "LTE", "net": 19, "samples": 3, "range_m": 1000, "updated": 2026}}, {"type": "Feature", "geometry": {"type": "Point", "coordinates": [116.5365, 6.0052]}, "properties": {"radio": "LTE", "net": 19, "samples": 6, "range_m": 1000, "updated": 2026}}, {"type": "Feature", "geometry": {"type": "Point", "coordinates": [116.4873, 6.0338]}, "properties": {"radio": "LTE", "net": 16, "samples": 21, "range_m": 10932, "updated": 2026}}, {"type": "Feature", "geometry": {"type": "Point", "coordinates": [116.5334, 6.0058]}, "properties": {"radio": "LTE", "net": 16, "samples": 3, "range_m": 1000, "updated": 2026}}, {"type": "Feature", "geometry": {"type": "Point", "coordinates": [116.5321, 6.0052]}, "properties": {"radio": "LTE", "net": 16, "samples": 6, "range_m": 1000, "updated": 2026}}, {"type": "Feature", "geometry": {"type": "Point", "coordinates": [116.4875, 6.0264]}, "properties": {"radio": "LTE", "net": 19, "samples": 50, "range_m": 4210, "updated": 2026}}, {"type": "Feature", "geometry": {"type": "Point", "coordinates": [116.5287, 6.004]}, "properties": {"radio": "LTE", "net": 19, "samples": 6, "range_m": 1000, "updated": 2026}}, {"type": "Feature", "geometry": {"type": "Point", "coordinates": [116.4993, 6.0215]}, "properties": {"radio": "LTE", "net": 19, "samples": 4, "range_m": 1000, "updated": 2026}}, {"type": "Feature", "geometry": {"type": "Point", "coordinates": [116.484, 6.0155]}, "properties": {"radio": "LTE", "net": 16, "samples": 19, "range_m": 1866, "updated": 2026}}, {"type": "Feature", "geometry": {"type": "Point", "coordinates": [116.4919, 6.0189]}, "properties": {"radio": "LTE", "net": 16, "samples": 14, "range_m": 1063, "updated": 2026}}, {"type": "Feature", "geometry": {"type": "Point", "coordinates": [116.4906, 6.0179]}, "properties": {"radio": "LTE", "net": 19, "samples": 31, "range_m": 1575, "updated": 2026}}, {"type": "Feature", "geometry": {"type": "Point", "coordinates": [116.471, 6.0244]}, "properties": {"radio": "LTE", "net": 16, "samples": 22, "range_m": 3286, "updated": 2026}}, {"type": "Feature", "geometry": {"type": "Point", "coordinates": [116.4995, 6.0185]}, "properties": {"radio": "LTE", "net": 19, "samples": 3, "range_m": 1000, "updated": 2026}}, {"type": "Feature", "geometry": {"type": "Point", "coordinates": [116.4983, 6.0193]}, "properties": {"radio": "GSM", "net": 16, "samples": 10, "range_m": 1000, "updated": 2026}}, {"type": "Feature", "geometry": {"type": "Point", "coordinates": [116.4756, 6.0182]}, "properties": {"radio": "LTE", "net": 19, "samples": 18, "range_m": 1382, "updated": 2026}}, {"type": "Feature", "geometry": {"type": "Point", "coordinates": [116.487, 6.0152]}, "properties": {"radio": "LTE", "net": 16, "samples": 6, "range_m": 1000, "updated": 2026}}, {"type": "Feature", "geometry": {"type": "Point", "coordinates": [116.4598, 6.0298]}, "properties": {"radio": "LTE", "net": 19, "samples": 21, "range_m": 1066, "updated": 2026}}, {"type": "Feature", "geometry": {"type": "Point", "coordinates": [116.4661, 6.026]}, "properties": {"radio": "LTE", "net": 16, "samples": 13, "range_m": 1965, "updated": 2026}}, {"type": "Feature", "geometry": {"type": "Point", "coordinates": [116.4704, 6.0192]}, "properties": {"radio": "LTE", "net": 16, "samples": 23, "range_m": 1000, "updated": 2026}}, {"type": "Feature", "geometry": {"type": "Point", "coordinates": [116.4647, 6.0254]}, "properties": {"radio": "LTE", "net": 19, "samples": 10, "range_m": 1000, "updated": 2026}}, {"type": "Feature", "geometry": {"type": "Point", "coordinates": [116.4583, 6.0306]}, "properties": {"radio": "LTE", "net": 16, "samples": 14, "range_m": 1000, "updated": 2026}}, {"type": "Feature", "geometry": {"type": "Point", "coordinates": [116.457, 6.0355]}, "properties": {"radio": "LTE", "net": 16, "samples": 7, "range_m": 1000, "updated": 2026}}, {"type": "Feature", "geometry": {"type": "Point", "coordinates": [116.4125, 6.1034]}, "properties": {"radio": "LTE", "net": 19, "samples": 34, "range_m": 8637, "updated": 2026}}, {"type": "Feature", "geometry": {"type": "Point", "coordinates": [116.4482, 6.0574]}, "properties": {"radio": "LTE", "net": 16, "samples": 50, "range_m": 2321, "updated": 2026}}, {"type": "Feature", "geometry": {"type": "Point", "coordinates": [116.3896, 6.1116]}, "properties": {"radio": "LTE", "net": 19, "samples": 50, "range_m": 4126, "updated": 2026}}, {"type": "Feature", "geometry": {"type": "Point", "coordinates": [116.4505, 6.054]}, "properties": {"radio": "GSM", "net": 13, "samples": 23, "range_m": 1000, "updated": 2026}}, {"type": "Feature", "geometry": {"type": "Point", "coordinates": [116.4398, 6.071]}, "properties": {"radio": "LTE", "net": 16, "samples": 14, "range_m": 3660, "updated": 2026}}, {"type": "Feature", "geometry": {"type": "Point", "coordinates": [116.4371, 6.0776]}, "properties": {"radio": "LTE", "net": 16, "samples": 25, "range_m": 2536, "updated": 2026}}, {"type": "Feature", "geometry": {"type": "Point", "coordinates": [116.4375, 6.0842]}, "properties": {"radio": "LTE", "net": 19, "samples": 46, "range_m": 1808, "updated": 2026}}, {"type": "Feature", "geometry": {"type": "Point", "coordinates": [116.44, 6.0778]}, "properties": {"radio": "LTE", "net": 16, "samples": 4, "range_m": 1000, "updated": 2026}}, {"type": "Feature", "geometry": {"type": "Point", "coordinates": [116.439, 6.0804]}, "properties": {"radio": "LTE", "net": 16, "samples": 8, "range_m": 1000, "updated": 2026}}, {"type": "Feature", "geometry": {"type": "Point", "coordinates": [116.4368, 6.0883]}, "properties": {"radio": "LTE", "net": 16, "samples": 27, "range_m": 681, "updated": 2026}}, {"type": "Feature", "geometry": {"type": "Point", "coordinates": [116.4316, 6.0944]}, "properties": {"radio": "GSM", "net": 19, "samples": 23, "range_m": 1000, "updated": 2026}}, {"type": "Feature", "geometry": {"type": "Point", "coordinates": [116.4332, 6.0939]}, "properties": {"radio": "LTE", "net": 16, "samples": 7, "range_m": 1000, "updated": 2026}}, {"type": "Feature", "geometry": {"type": "Point", "coordinates": [116.4308, 6.0949]}, "properties": {"radio": "LTE", "net": 16, "samples": 6, "range_m": 1000, "updated": 2026}}, {"type": "Feature", "geometry": {"type": "Point", "coordinates": [116.4285, 6.0959]}, "properties": {"radio": "LTE", "net": 16, "samples": 6, "range_m": 1000, "updated": 2026}}, {"type": "Feature", "geometry": {"type": "Point", "coordinates": [116.4259, 6.0968]}, "properties": {"radio": "LTE", "net": 13, "samples": 4, "range_m": 1000, "updated": 2026}}, {"type": "Feature", "geometry": {"type": "Point", "coordinates": [116.4255, 6.0972]}, "properties": {"radio": "GSM", "net": 13, "samples": 7, "range_m": 1000, "updated": 2026}}, {"type": "Feature", "geometry": {"type": "Point", "coordinates": [116.4236, 6.1001]}, "properties": {"radio": "LTE", "net": 16, "samples": 17, "range_m": 1000, "updated": 2026}}, {"type": "Feature", "geometry": {"type": "Point", "coordinates": [116.423, 6.1001]}, "properties": {"radio": "GSM", "net": 158, "samples": 14, "range_m": 1000, "updated": 2026}}, {"type": "Feature", "geometry": {"type": "Point", "coordinates": [116.4234, 6.1053]}, "properties": {"radio": "LTE", "net": 16, "samples": 7, "range_m": 1000, "updated": 2026}}, {"type": "Feature", "geometry": {"type": "Point", "coordinates": [116.4226, 6.1073]}, "properties": {"radio": "LTE", "net": 19, "samples": 4, "range_m": 1000, "updated": 2026}}, {"type": "Feature", "geometry": {"type": "Point", "coordinates": [116.4188, 6.1094]}, "properties": {"radio": "LTE", "net": 19, "samples": 14, "range_m": 1000, "updated": 2026}}, {"type": "Feature", "geometry": {"type": "Point", "coordinates": [116.417, 6.1109]}, "properties": {"radio": "LTE", "net": 19, "samples": 13, "range_m": 1000, "updated": 2026}}, {"type": "Feature", "geometry": {"type": "Point", "coordinates": [116.4081, 6.1091]}, "properties": {"radio": "GSM", "net": 13, "samples": 6, "range_m": 1000, "updated": 2026}}, {"type": "Feature", "geometry": {"type": "Point", "coordinates": [116.4022, 6.1055]}, "properties": {"radio": "LTE", "net": 19, "samples": 5, "range_m": 1000, "updated": 2026}}, {"type": "Feature", "geometry": {"type": "Point", "coordinates": [116.3813, 6.118]}, "properties": {"radio": "LTE", "net": 19, "samples": 51, "range_m": 2259, "updated": 2026}}, {"type": "Feature", "geometry": {"type": "Point", "coordinates": [116.4021, 6.1152]}, "properties": {"radio": "LTE", "net": 19, "samples": 7, "range_m": 1000, "updated": 2026}}, {"type": "Feature", "geometry": {"type": "Point", "coordinates": [116.3851, 6.1203]}, "properties": {"radio": "LTE", "net": 19, "samples": 6, "range_m": 1000, "updated": 2026}}, {"type": "Feature", "geometry": {"type": "Point", "coordinates": [116.3835, 6.1198]}, "properties": {"radio": "LTE", "net": 19, "samples": 3, "range_m": 1000, "updated": 2026}}, {"type": "Feature", "geometry": {"type": "Point", "coordinates": [116.3686, 6.1092]}, "properties": {"radio": "LTE", "net": 19, "samples": 15, "range_m": 1000, "updated": 2026}}, {"type": "Feature", "geometry": {"type": "Point", "coordinates": [116.3582, 6.1094]}, "properties": {"radio": "LTE", "net": 19, "samples": 32, "range_m": 948, "updated": 2026}}, {"type": "Feature", "geometry": {"type": "Point", "coordinates": [116.3592, 6.1102]}, "properties": {"radio": "LTE", "net": 19, "samples": 7, "range_m": 1000, "updated": 2026}}, {"type": "Feature", "geometry": {"type": "Point", "coordinates": [116.3338, 6.1319]}, "properties": {"radio": "LTE", "net": 19, "samples": 34, "range_m": 3481, "updated": 2026}}, {"type": "Feature", "geometry": {"type": "Point", "coordinates": [116.354, 6.1079]}, "properties": {"radio": "LTE", "net": 19, "samples": 8, "range_m": 1000, "updated": 2026}}, {"type": "Feature", "geometry": {"type": "Point", "coordinates": [116.3501, 6.1093]}, "properties": {"radio": "LTE", "net": 19, "samples": 11, "range_m": 1000, "updated": 2026}}, {"type": "Feature", "geometry": {"type": "Point", "coordinates": [116.3233, 6.1394]}, "properties": {"radio": "LTE", "net": 19, "samples": 23, "range_m": 2654, "updated": 2026}}, {"type": "Feature", "geometry": {"type": "Point", "coordinates": [116.3408, 6.1284]}, "properties": {"radio": "LTE", "net": 19, "samples": 11, "range_m": 1000, "updated": 2026}}, {"type": "Feature", "geometry": {"type": "Point", "coordinates": [116.3417, 6.1283]}, "properties": {"radio": "LTE", "net": 19, "samples": 7, "range_m": 1000, "updated": 2026}}, {"type": "Feature", "geometry": {"type": "Point", "coordinates": [116.334, 6.1272]}, "properties": {"radio": "LTE", "net": 19, "samples": 30, "range_m": 685, "updated": 2026}}, {"type": "Feature", "geometry": {"type": "Point", "coordinates": [116.3259, 6.1327]}, "properties": {"radio": "LTE", "net": 19, "samples": 18, "range_m": 1000, "updated": 2026}}, {"type": "Feature", "geometry": {"type": "Point", "coordinates": [116.327, 6.1304]}, "properties": {"radio": "LTE", "net": 19, "samples": 7, "range_m": 1000, "updated": 2026}}, {"type": "Feature", "geometry": {"type": "Point", "coordinates": [116.3244, 6.1353]}, "properties": {"radio": "LTE", "net": 19, "samples": 17, "range_m": 1000, "updated": 2026}}, {"type": "Feature", "geometry": {"type": "Point", "coordinates": [116.3145, 6.1457]}, "properties": {"radio": "LTE", "net": 19, "samples": 11, "range_m": 1000, "updated": 2026}}, {"type": "Feature", "geometry": {"type": "Point", "coordinates": [116.3117, 6.1484]}, "properties": {"radio": "LTE", "net": 19, "samples": 14, "range_m": 1000, "updated": 2026}}, {"type": "Feature", "geometry": {"type": "Point", "coordinates": [116.3039, 6.1493]}, "properties": {"radio": "LTE", "net": 19, "samples": 14, "range_m": 1000, "updated": 2026}}, {"type": "Feature", "geometry": {"type": "Point", "coordinates": [116.2877, 6.1447]}, "properties": {"radio": "LTE", "net": 19, "samples": 33, "range_m": 1390, "updated": 2026}}, {"type": "Feature", "geometry": {"type": "Point", "coordinates": [116.288, 6.1449]}, "properties": {"radio": "LTE", "net": 19, "samples": 10, "range_m": 1166, "updated": 2026}}, {"type": "Feature", "geometry": {"type": "Point", "coordinates": [116.2931, 6.147]}, "properties": {"radio": "LTE", "net": 19, "samples": 13, "range_m": 1000, "updated": 2026}}, {"type": "Feature", "geometry": {"type": "Point", "coordinates": [116.2924, 6.1457]}, "properties": {"radio": "LTE", "net": 19, "samples": 10, "range_m": 1000, "updated": 2026}}, {"type": "Feature", "geometry": {"type": "Point", "coordinates": [116.2894, 6.1438]}, "properties": {"radio": "LTE", "net": 19, "samples": 6, "range_m": 1000, "updated": 2026}}, {"type": "Feature", "geometry": {"type": "Point", "coordinates": [116.2899, 6.144]}, "properties": {"radio": "LTE", "net": 19, "samples": 7, "range_m": 1000, "updated": 2026}}, {"type": "Feature", "geometry": {"type": "Point", "coordinates": [116.2727, 6.17]}, "properties": {"radio": "LTE", "net": 19, "samples": 10, "range_m": 5005, "updated": 2026}}, {"type": "Feature", "geometry": {"type": "Point", "coordinates": [116.2759, 6.1411]}, "properties": {"radio": "LTE", "net": 19, "samples": 11, "range_m": 1000, "updated": 2026}}, {"type": "Feature", "geometry": {"type": "Point", "coordinates": [116.2745, 6.1403]}, "properties": {"radio": "LTE", "net": 19, "samples": 12, "range_m": 1000, "updated": 2026}}, {"type": "Feature", "geometry": {"type": "Point", "coordinates": [116.2732, 6.1397]}, "properties": {"radio": "LTE", "net": 19, "samples": 14, "range_m": 1000, "updated": 2026}}, {"type": "Feature", "geometry": {"type": "Point", "coordinates": [116.2751, 6.1418]}, "properties": {"radio": "LTE", "net": 19, "samples": 1, "range_m": 1000, "updated": 2026}}, {"type": "Feature", "geometry": {"type": "Point", "coordinates": [116.2696, 6.1407]}, "properties": {"radio": "LTE", "net": 19, "samples": 13, "range_m": 1000, "updated": 2026}}, {"type": "Feature", "geometry": {"type": "Point", "coordinates": [116.2678, 6.1401]}, "properties": {"radio": "LTE", "net": 19, "samples": 11, "range_m": 1000, "updated": 2026}}, {"type": "Feature", "geometry": {"type": "Point", "coordinates": [116.2677, 6.1399]}, "properties": {"radio": "LTE", "net": 19, "samples": 16, "range_m": 1000, "updated": 2026}}, {"type": "Feature", "geometry": {"type": "Point", "coordinates": [116.2701, 6.1397]}, "properties": {"radio": "LTE", "net": 19, "samples": 1, "range_m": 1000, "updated": 2026}}, {"type": "Feature", "geometry": {"type": "Point", "coordinates": [116.2611, 6.1412]}, "properties": {"radio": "LTE", "net": 19, "samples": 7, "range_m": 1000, "updated": 2026}}, {"type": "Feature", "geometry": {"type": "Point", "coordinates": [116.2566, 6.1429]}, "properties": {"radio": "LTE", "net": 19, "samples": 18, "range_m": 1000, "updated": 2026}}, {"type": "Feature", "geometry": {"type": "Point", "coordinates": [116.2461, 6.1456]}, "properties": {"radio": "LTE", "net": 19, "samples": 24, "range_m": 1000, "updated": 2026}}, {"type": "Feature", "geometry": {"type": "Point", "coordinates": [116.238, 6.1497]}, "properties": {"radio": "LTE", "net": 19, "samples": 11, "range_m": 1000, "updated": 2026}}, {"type": "Feature", "geometry": {"type": "Point", "coordinates": [116.2331, 6.1494]}, "properties": {"radio": "LTE", "net": 19, "samples": 17, "range_m": 1000, "updated": 2026}}, {"type": "Feature", "geometry": {"type": "Point", "coordinates": [116.2314, 6.149]}, "properties": {"radio": "LTE", "net": 19, "samples": 10, "range_m": 1000, "updated": 2026}}, {"type": "Feature", "geometry": {"type": "Point", "coordinates": [116.2262, 6.1478]}, "properties": {"radio": "LTE", "net": 19, "samples": 14, "range_m": 1000, "updated": 2026}}, {"type": "Feature", "geometry": {"type": "Point", "coordinates": [116.2259, 6.1478]}, "properties": {"radio": "LTE", "net": 19, "samples": 15, "range_m": 1000, "updated": 2026}}, {"type": "Feature", "geometry": {"type": "Point", "coordinates": [116.2213, 6.1452]}, "properties": {"radio": "LTE", "net": 19, "samples": 9, "range_m": 1000, "updated": 2026}}, {"type": "Feature", "geometry": {"type": "Point", "coordinates": [116.2217, 6.1459]}, "properties": {"radio": "LTE", "net": 19, "samples": 5, "range_m": 1000, "updated": 2026}}, {"type": "Feature", "geometry": {"type": "Point", "coordinates": [116.2209, 6.1442]}, "properties": {"radio": "LTE", "net": 19, "samples": 4, "range_m": 1000, "updated": 2026}}, {"type": "Feature", "geometry": {"type": "Point", "coordinates": [116.2201, 6.1424]}, "properties": {"radio": "LTE", "net": 19, "samples": 7, "range_m": 1000, "updated": 2026}}, {"type": "Feature", "geometry": {"type": "Point", "coordinates": [116.2201, 6.1424]}, "properties": {"radio": "LTE", "net": 19, "samples": 7, "range_m": 1000, "updated": 2026}}, {"type": "Feature", "geometry": {"type": "Point", "coordinates": [116.2173, 6.1367]}, "properties": {"radio": "LTE", "net": 19, "samples": 22, "range_m": 1000, "updated": 2026}}, {"type": "Feature", "geometry": {"type": "Point", "coordinates": [116.2189, 6.1397]}, "properties": {"radio": "LTE", "net": 19, "samples": 7, "range_m": 1000, "updated": 2026}}, {"type": "Feature", "geometry": {"type": "Point", "coordinates": [116.2162, 6.1343]}, "properties": {"radio": "LTE", "net": 19, "samples": 19, "range_m": 1000, "updated": 2026}}, {"type": "Feature", "geometry": {"type": "Point", "coordinates": [116.2139, 6.1272]}, "properties": {"radio": "LTE", "net": 19, "samples": 21, "range_m": 1000, "updated": 2026}}, {"type": "Feature", "geometry": {"type": "Point", "coordinates": [116.2144, 6.1276]}, "properties": {"radio": "LTE", "net": 19, "samples": 11, "range_m": 1000, "updated": 2026}}, {"type": "Feature", "geometry": {"type": "Point", "coordinates": [116.2105, 6.1218]}, "properties": {"radio": "LTE", "net": 19, "samples": 21, "range_m": 1000, "updated": 2026}}, {"type": "Feature", "geometry": {"type": "Point", "coordinates": [116.2094, 6.1206]}, "properties": {"radio": "LTE", "net": 19, "samples": 14, "range_m": 1000, "updated": 2026}}, {"type": "Feature", "geometry": {"type": "Point", "coordinates": [116.2069, 6.1176]}, "properties": {"radio": "LTE", "net": 19, "samples": 3, "range_m": 1000, "updated": 2026}}, {"type": "Feature", "geometry": {"type": "Point", "coordinates": [116.2069, 6.1176]}, "properties": {"radio": "LTE", "net": 19, "samples": 3, "range_m": 1000, "updated": 2026}}, {"type": "Feature", "geometry": {"type": "Point", "coordinates": [116.2059, 6.116]}, "properties": {"radio": "LTE", "net": 19, "samples": 6, "range_m": 1000, "updated": 2026}}, {"type": "Feature", "geometry": {"type": "Point", "coordinates": [116.2059, 6.116]}, "properties": {"radio": "LTE", "net": 19, "samples": 6, "range_m": 1000, "updated": 2026}}, {"type": "Feature", "geometry": {"type": "Point", "coordinates": [116.2053, 6.1144]}, "properties": {"radio": "LTE", "net": 19, "samples": 2, "range_m": 1000, "updated": 2026}}, {"type": "Feature", "geometry": {"type": "Point", "coordinates": [116.205, 6.1129]}, "properties": {"radio": "LTE", "net": 19, "samples": 10, "range_m": 1000, "updated": 2026}}, {"type": "Feature", "geometry": {"type": "Point", "coordinates": [116.2049, 6.1126]}, "properties": {"radio": "LTE", "net": 19, "samples": 8, "range_m": 1000, "updated": 2026}}, {"type": "Feature", "geometry": {"type": "Point", "coordinates": [116.2041, 6.1086]}, "properties": {"radio": "LTE", "net": 19, "samples": 9, "range_m": 1000, "updated": 2026}}, {"type": "Feature", "geometry": {"type": "Point", "coordinates": [116.2034, 6.1056]}, "properties": {"radio": "LTE", "net": 19, "samples": 21, "range_m": 1000, "updated": 2026}}, {"type": "Feature", "geometry": {"type": "Point", "coordinates": [116.2025, 6.1015]}, "properties": {"radio": "LTE", "net": 19, "samples": 14, "range_m": 1000, "updated": 2026}}, {"type": "Feature", "geometry": {"type": "Point", "coordinates": [116.2021, 6.0996]}, "properties": {"radio": "LTE", "net": 19, "samples": 6, "range_m": 1000, "updated": 2026}}, {"type": "Feature", "geometry": {"type": "Point", "coordinates": [116.2003, 6.0956]}, "properties": {"radio": "LTE", "net": 19, "samples": 14, "range_m": 1000, "updated": 2026}}, {"type": "Feature", "geometry": {"type": "Point", "coordinates": [116.1995, 6.0947]}, "properties": {"radio": "LTE", "net": 19, "samples": 19, "range_m": 1000, "updated": 2026}}, {"type": "Feature", "geometry": {"type": "Point", "coordinates": [116.1975, 6.0922]}, "properties": {"radio": "LTE", "net": 19, "samples": 6, "range_m": 1000, "updated": 2026}}, {"type": "Feature", "geometry": {"type": "Point", "coordinates": [116.1954, 6.0898]}, "properties": {"radio": "LTE", "net": 19, "samples": 10, "range_m": 1000, "updated": 2026}}, {"type": "Feature", "geometry": {"type": "Point", "coordinates": [116.1961, 6.0906]}, "properties": {"radio": "LTE", "net": 19, "samples": 5, "range_m": 1000, "updated": 2026}}, {"type": "Feature", "geometry": {"type": "Point", "coordinates": [116.1945, 6.0888]}, "properties": {"radio": "LTE", "net": 19, "samples": 7, "range_m": 1000, "updated": 2026}}, {"type": "Feature", "geometry": {"type": "Point", "coordinates": [116.1927, 6.0867]}, "properties": {"radio": "LTE", "net": 19, "samples": 6, "range_m": 1000, "updated": 2026}}, {"type": "Feature", "geometry": {"type": "Point", "coordinates": [116.1908, 6.082]}, "properties": {"radio": "LTE", "net": 19, "samples": 29, "range_m": 701, "updated": 2026}}, {"type": "Feature", "geometry": {"type": "Point", "coordinates": [116.1918, 6.0848]}, "properties": {"radio": "LTE", "net": 19, "samples": 4, "range_m": 1000, "updated": 2026}}, {"type": "Feature", "geometry": {"type": "Point", "coordinates": [116.1912, 6.0829]}, "properties": {"radio": "LTE", "net": 19, "samples": 7, "range_m": 1000, "updated": 2026}}, {"type": "Feature", "geometry": {"type": "Point", "coordinates": [116.1888, 6.0775]}, "properties": {"radio": "LTE", "net": 19, "samples": 7, "range_m": 1000, "updated": 2026}}, {"type": "Feature", "geometry": {"type": "Point", "coordinates": [116.1869, 6.0747]}, "properties": {"radio": "LTE", "net": 19, "samples": 10, "range_m": 1000, "updated": 2026}}, {"type": "Feature", "geometry": {"type": "Point", "coordinates": [116.1869, 6.0747]}, "properties": {"radio": "LTE", "net": 19, "samples": 10, "range_m": 1000, "updated": 2026}}, {"type": "Feature", "geometry": {"type": "Point", "coordinates": [116.1851, 6.0724]}, "properties": {"radio": "LTE", "net": 19, "samples": 4, "range_m": 1000, "updated": 2026}}, {"type": "Feature", "geometry": {"type": "Point", "coordinates": [116.1844, 6.0713]}, "properties": {"radio": "LTE", "net": 19, "samples": 11, "range_m": 1000, "updated": 2026}}, {"type": "Feature", "geometry": {"type": "Point", "coordinates": [116.1839, 6.0706]}, "properties": {"radio": "LTE", "net": 19, "samples": 7, "range_m": 1000, "updated": 2026}}, {"type": "Feature", "geometry": {"type": "Point", "coordinates": [116.1829, 6.068]}, "properties": {"radio": "LTE", "net": 19, "samples": 7, "range_m": 1000, "updated": 2026}}, {"type": "Feature", "geometry": {"type": "Point", "coordinates": [116.1829, 6.068]}, "properties": {"radio": "LTE", "net": 19, "samples": 7, "range_m": 1000, "updated": 2026}}, {"type": "Feature", "geometry": {"type": "Point", "coordinates": [116.1814, 6.0646]}, "properties": {"radio": "LTE", "net": 19, "samples": 11, "range_m": 1000, "updated": 2026}}, {"type": "Feature", "geometry": {"type": "Point", "coordinates": [116.1814, 6.0646]}, "properties": {"radio": "LTE", "net": 19, "samples": 11, "range_m": 1000, "updated": 2026}}, {"type": "Feature", "geometry": {"type": "Point", "coordinates": [116.1792, 6.0617]}, "properties": {"radio": "LTE", "net": 19, "samples": 7, "range_m": 1000, "updated": 2026}}, {"type": "Feature", "geometry": {"type": "Point", "coordinates": [116.1744, 6.057]}, "properties": {"radio": "LTE", "net": 19, "samples": 19, "range_m": 1000, "updated": 2026}}, {"type": "Feature", "geometry": {"type": "Point", "coordinates": [116.1721, 6.0548]}, "properties": {"radio": "LTE", "net": 19, "samples": 5, "range_m": 1000, "updated": 2026}}, {"type": "Feature", "geometry": {"type": "Point", "coordinates": [116.1706, 6.0534]}, "properties": {"radio": "LTE", "net": 19, "samples": 2, "range_m": 1000, "updated": 2026}}, {"type": "Feature", "geometry": {"type": "Point", "coordinates": [116.1684, 6.0512]}, "properties": {"radio": "LTE", "net": 19, "samples": 13, "range_m": 1000, "updated": 2026}}, {"type": "Feature", "geometry": {"type": "Point", "coordinates": [116.1696, 6.0524]}, "properties": {"radio": "LTE", "net": 19, "samples": 5, "range_m": 1000, "updated": 2026}}, {"type": "Feature", "geometry": {"type": "Point", "coordinates": [116.1673, 6.0502]}, "properties": {"radio": "LTE", "net": 19, "samples": 10, "range_m": 1000, "updated": 2026}}, {"type": "Feature", "geometry": {"type": "Point", "coordinates": [116.1649, 6.0479]}, "properties": {"radio": "LTE", "net": 19, "samples": 10, "range_m": 1000, "updated": 2026}}, {"type": "Feature", "geometry": {"type": "Point", "coordinates": [116.1646, 6.0476]}, "properties": {"radio": "LTE", "net": 19, "samples": 8, "range_m": 1000, "updated": 2026}}, {"type": "Feature", "geometry": {"type": "Point", "coordinates": [116.1626, 6.0461]}, "properties": {"radio": "LTE", "net": 19, "samples": 4, "range_m": 1000, "updated": 2026}}, {"type": "Feature", "geometry": {"type": "Point", "coordinates": [116.1626, 6.0461]}, "properties": {"radio": "LTE", "net": 19, "samples": 4, "range_m": 1000, "updated": 2026}}, {"type": "Feature", "geometry": {"type": "Point", "coordinates": [116.1615, 6.0457]}, "properties": {"radio": "LTE", "net": 19, "samples": 3, "range_m": 1000, "updated": 2026}}, {"type": "Feature", "geometry": {"type": "Point", "coordinates": [116.1599, 6.045]}, "properties": {"radio": "LTE", "net": 19, "samples": 12, "range_m": 1000, "updated": 2026}}, {"type": "Feature", "geometry": {"type": "Point", "coordinates": [116.1606, 6.0453]}, "properties": {"radio": "LTE", "net": 19, "samples": 3, "range_m": 1000, "updated": 2026}}, {"type": "Feature", "geometry": {"type": "Point", "coordinates": [116.1574, 6.044]}, "properties": {"radio": "LTE", "net": 19, "samples": 12, "range_m": 1000, "updated": 2026}}, {"type": "Feature", "geometry": {"type": "Point", "coordinates": [116.1562, 6.0435]}, "properties": {"radio": "LTE", "net": 19, "samples": 7, "range_m": 1000, "updated": 2026}}, {"type": "Feature", "geometry": {"type": "Point", "coordinates": [116.1542, 6.0422]}, "properties": {"radio": "LTE", "net": 19, "samples": 4, "range_m": 1000, "updated": 2026}}, {"type": "Feature", "geometry": {"type": "Point", "coordinates": [116.1542, 6.0422]}, "properties": {"radio": "LTE", "net": 19, "samples": 4, "range_m": 1000, "updated": 2026}}, {"type": "Feature", "geometry": {"type": "Point", "coordinates": [116.1524, 6.0406]}, "properties": {"radio": "LTE", "net": 19, "samples": 7, "range_m": 1000, "updated": 2026}}, {"type": "Feature", "geometry": {"type": "Point", "coordinates": [116.1524, 6.0406]}, "properties": {"radio": "LTE", "net": 19, "samples": 7, "range_m": 1000, "updated": 2026}}, {"type": "Feature", "geometry": {"type": "Point", "coordinates": [116.1501, 6.0377]}, "properties": {"radio": "LTE", "net": 19, "samples": 7, "range_m": 1000, "updated": 2026}}, {"type": "Feature", "geometry": {"type": "Point", "coordinates": [116.1499, 6.0368]}, "properties": {"radio": "LTE", "net": 19, "samples": 8, "range_m": 1000, "updated": 2026}}, {"type": "Feature", "geometry": {"type": "Point", "coordinates": [116.1486, 6.0353]}, "properties": {"radio": "LTE", "net": 19, "samples": 4, "range_m": 1000, "updated": 2026}}, {"type": "Feature", "geometry": {"type": "Point", "coordinates": [116.1486, 6.0353]}, "properties": {"radio": "LTE", "net": 19, "samples": 4, "range_m": 1000, "updated": 2026}}, {"type": "Feature", "geometry": {"type": "Point", "coordinates": [116.1476, 6.0326]}, "properties": {"radio": "LTE", "net": 19, "samples": 8, "range_m": 1000, "updated": 2026}}, {"type": "Feature", "geometry": {"type": "Point", "coordinates": [116.1473, 6.0315]}, "properties": {"radio": "LTE", "net": 19, "samples": 4, "range_m": 1000, "updated": 2026}}, {"type": "Feature", "geometry": {"type": "Point", "coordinates": [116.1468, 6.0296]}, "properties": {"radio": "LTE", "net": 19, "samples": 4, "range_m": 1000, "updated": 2026}}, {"type": "Feature", "geometry": {"type": "Point", "coordinates": [116.1459, 6.0272]}, "properties": {"radio": "LTE", "net": 19, "samples": 7, "range_m": 1000, "updated": 2026}}, {"type": "Feature", "geometry": {"type": "Point", "coordinates": [116.1459, 6.0272]}, "properties": {"radio": "LTE", "net": 19, "samples": 7, "range_m": 1000, "updated": 2026}}, {"type": "Feature", "geometry": {"type": "Point", "coordinates": [116.1421, 6.0221]}, "properties": {"radio": "LTE", "net": 19, "samples": 20, "range_m": 1000, "updated": 2026}}, {"type": "Feature", "geometry": {"type": "Point", "coordinates": [116.1401, 6.0197]}, "properties": {"radio": "LTE", "net": 19, "samples": 7, "range_m": 1000, "updated": 2026}}, {"type": "Feature", "geometry": {"type": "Point", "coordinates": [116.1385, 6.0176]}, "properties": {"radio": "LTE", "net": 19, "samples": 8, "range_m": 1000, "updated": 2026}}, {"type": "Feature", "geometry": {"type": "Point", "coordinates": [116.1381, 6.0169]}, "properties": {"radio": "LTE", "net": 19, "samples": 4, "range_m": 1000, "updated": 2026}}, {"type": "Feature", "geometry": {"type": "Point", "coordinates": [116.1365, 6.0126]}, "properties": {"radio": "LTE", "net": 19, "samples": 16, "range_m": 1000, "updated": 2026}}, {"type": "Feature", "geometry": {"type": "Point", "coordinates": [116.1371, 6.0147]}, "properties": {"radio": "LTE", "net": 19, "samples": 7, "range_m": 1000, "updated": 2026}}, {"type": "Feature", "geometry": {"type": "Point", "coordinates": [116.1355, 6.0098]}, "properties": {"radio": "LTE", "net": 19, "samples": 9, "range_m": 1000, "updated": 2026}}, {"type": "Feature", "geometry": {"type": "Point", "coordinates": [116.1326, 6.0053]}, "properties": {"radio": "LTE", "net": 19, "samples": 13, "range_m": 1000, "updated": 2026}}, {"type": "Feature", "geometry": {"type": "Point", "coordinates": [116.1334, 6.0064]}, "properties": {"radio": "LTE", "net": 19, "samples": 1, "range_m": 1000, "updated": 2026}}, {"type": "Feature", "geometry": {"type": "Point", "coordinates": [116.1294, 6.0015]}, "properties": {"radio": "LTE", "net": 19, "samples": 13, "range_m": 1000, "updated": 2026}}, {"type": "Feature", "geometry": {"type": "Point", "coordinates": [116.1261, 5.9999]}, "properties": {"radio": "LTE", "net": 19, "samples": 4, "range_m": 1000, "updated": 2026}}, {"type": "Feature", "geometry": {"type": "Point", "coordinates": [116.1248, 5.9996]}, "properties": {"radio": "LTE", "net": 19, "samples": 11, "range_m": 1000, "updated": 2026}}, {"type": "Feature", "geometry": {"type": "Point", "coordinates": [116.124, 5.9994]}, "properties": {"radio": "LTE", "net": 19, "samples": 7, "range_m": 1000, "updated": 2026}}, {"type": "Feature", "geometry": {"type": "Point", "coordinates": [116.1212, 5.9966]}, "properties": {"radio": "LTE", "net": 19, "samples": 13, "range_m": 1000, "updated": 2026}}, {"type": "Feature", "geometry": {"type": "Point", "coordinates": [116.1221, 5.9979]}, "properties": {"radio": "LTE", "net": 19, "samples": 6, "range_m": 1000, "updated": 2026}}, {"type": "Feature", "geometry": {"type": "Point", "coordinates": [116.1205, 5.9955]}, "properties": {"radio": "LTE", "net": 19, "samples": 7, "range_m": 1000, "updated": 2026}}, {"type": "Feature", "geometry": {"type": "Point", "coordinates": [116.1184, 5.9915]}, "properties": {"radio": "LTE", "net": 19, "samples": 11, "range_m": 1000, "updated": 2026}}, {"type": "Feature", "geometry": {"type": "Point", "coordinates": [116.1184, 5.9915]}, "properties": {"radio": "LTE", "net": 19, "samples": 11, "range_m": 1000, "updated": 2026}}, {"type": "Feature", "geometry": {"type": "Point", "coordinates": [116.1171, 5.9881]}, "properties": {"radio": "LTE", "net": 19, "samples": 6, "range_m": 1000, "updated": 2026}}, {"type": "Feature", "geometry": {"type": "Point", "coordinates": [116.1171, 5.9881]}, "properties": {"radio": "LTE", "net": 19, "samples": 6, "range_m": 1000, "updated": 2026}}, {"type": "Feature", "geometry": {"type": "Point", "coordinates": [116.117, 5.9854]}, "properties": {"radio": "LTE", "net": 19, "samples": 9, "range_m": 1000, "updated": 2026}}, {"type": "Feature", "geometry": {"type": "Point", "coordinates": [116.117, 5.9854]}, "properties": {"radio": "LTE", "net": 19, "samples": 9, "range_m": 1000, "updated": 2026}}, {"type": "Feature", "geometry": {"type": "Point", "coordinates": [116.1179, 5.9837]}, "properties": {"radio": "LTE", "net": 19, "samples": 4, "range_m": 1000, "updated": 2026}}, {"type": "Feature", "geometry": {"type": "Point", "coordinates": [116.1177, 5.9833]}, "properties": {"radio": "LTE", "net": 19, "samples": 6, "range_m": 1000, "updated": 2026}}, {"type": "Feature", "geometry": {"type": "Point", "coordinates": [116.1174, 5.9825]}, "properties": {"radio": "LTE", "net": 19, "samples": 2, "range_m": 1000, "updated": 2026}}, {"type": "Feature", "geometry": {"type": "Point", "coordinates": [116.1171, 5.981]}, "properties": {"radio": "LTE", "net": 19, "samples": 5, "range_m": 1000, "updated": 2026}}, {"type": "Feature", "geometry": {"type": "Point", "coordinates": [116.1169, 5.9794]}, "properties": {"radio": "LTE", "net": 19, "samples": 12, "range_m": 1000, "updated": 2026}}, {"type": "Feature", "geometry": {"type": "Point", "coordinates": [116.1167, 5.977]}, "properties": {"radio": "LTE", "net": 19, "samples": 15, "range_m": 1000, "updated": 2026}}, {"type": "Feature", "geometry": {"type": "Point", "coordinates": [116.1164, 5.975]}, "properties": {"radio": "LTE", "net": 19, "samples": 10, "range_m": 1000, "updated": 2026}}, {"type": "Feature", "geometry": {"type": "Point", "coordinates": [116.1163, 5.9734]}, "properties": {"radio": "LTE", "net": 19, "samples": 3, "range_m": 1000, "updated": 2026}}, {"type": "Feature", "geometry": {"type": "Point", "coordinates": [116.1157, 5.9719]}, "properties": {"radio": "LTE", "net": 19, "samples": 6, "range_m": 1000, "updated": 2026}}, {"type": "Feature", "geometry": {"type": "Point", "coordinates": [116.1157, 5.9719]}, "properties": {"radio": "LTE", "net": 19, "samples": 6, "range_m": 1000, "updated": 2026}}, {"type": "Feature", "geometry": {"type": "Point", "coordinates": [116.1146, 5.9695]}, "properties": {"radio": "LTE", "net": 19, "samples": 8, "range_m": 1000, "updated": 2026}}, {"type": "Feature", "geometry": {"type": "Point", "coordinates": [116.115, 5.9703]}, "properties": {"radio": "LTE", "net": 19, "samples": 3, "range_m": 1000, "updated": 2026}}, {"type": "Feature", "geometry": {"type": "Point", "coordinates": [116.1143, 5.9689]}, "properties": {"radio": "LTE", "net": 19, "samples": 5, "range_m": 1000, "updated": 2026}}, {"type": "Feature", "geometry": {"type": "Point", "coordinates": [116.1125, 5.969]}, "properties": {"radio": "LTE", "net": 19, "samples": 5, "range_m": 1000, "updated": 2026}}, {"type": "Feature", "geometry": {"type": "Point", "coordinates": [116.1125, 5.969]}, "properties": {"radio": "LTE", "net": 19, "samples": 5, "range_m": 1000, "updated": 2026}}, {"type": "Feature", "geometry": {"type": "Point", "coordinates": [116.1112, 5.9694]}, "properties": {"radio": "LTE", "net": 19, "samples": 2, "range_m": 1000, "updated": 2026}}, {"type": "Feature", "geometry": {"type": "Point", "coordinates": [116.1104, 5.9689]}, "properties": {"radio": "LTE", "net": 19, "samples": 7, "range_m": 1000, "updated": 2026}}, {"type": "Feature", "geometry": {"type": "Point", "coordinates": [116.1101, 5.9688]}, "properties": {"radio": "LTE", "net": 19, "samples": 5, "range_m": 1000, "updated": 2026}}, {"type": "Feature", "geometry": {"type": "Point", "coordinates": [116.1074, 5.9672]}, "properties": {"radio": "LTE", "net": 19, "samples": 10, "range_m": 1000, "updated": 2026}}, {"type": "Feature", "geometry": {"type": "Point", "coordinates": [116.1088, 5.9679]}, "properties": {"radio": "LTE", "net": 19, "samples": 2, "range_m": 1000, "updated": 2026}}, {"type": "Feature", "geometry": {"type": "Point", "coordinates": [116.1058, 5.9667]}, "properties": {"radio": "LTE", "net": 19, "samples": 14, "range_m": 1000, "updated": 2026}}, {"type": "Feature", "geometry": {"type": "Point", "coordinates": [116.1041, 5.9663]}, "properties": {"radio": "LTE", "net": 19, "samples": 6, "range_m": 1000, "updated": 2026}}, {"type": "Feature", "geometry": {"type": "Point", "coordinates": [116.0997, 5.9639]}, "properties": {"radio": "LTE", "net": 19, "samples": 18, "range_m": 1000, "updated": 2026}}, {"type": "Feature", "geometry": {"type": "Point", "coordinates": [116.101, 5.9653]}, "properties": {"radio": "LTE", "net": 19, "samples": 9, "range_m": 1000, "updated": 2026}}, {"type": "Feature", "geometry": {"type": "Point", "coordinates": [116.0984, 5.9625]}, "properties": {"radio": "LTE", "net": 19, "samples": 9, "range_m": 1000, "updated": 2026}}, {"type": "Feature", "geometry": {"type": "Point", "coordinates": [116.0973, 5.9599]}, "properties": {"radio": "LTE", "net": 19, "samples": 4, "range_m": 1000, "updated": 2026}}, {"type": "Feature", "geometry": {"type": "Point", "coordinates": [116.097, 5.9592]}, "properties": {"radio": "LTE", "net": 19, "samples": 8, "range_m": 1000, "updated": 2026}}, {"type": "Feature", "geometry": {"type": "Point", "coordinates": [116.0963, 5.9578]}, "properties": {"radio": "LTE", "net": 19, "samples": 8, "range_m": 1000, "updated": 2026}}, {"type": "Feature", "geometry": {"type": "Point", "coordinates": [116.0959, 5.9568]}, "properties": {"radio": "LTE", "net": 19, "samples": 5, "range_m": 1000, "updated": 2026}}, {"type": "Feature", "geometry": {"type": "Point", "coordinates": [116.0939, 5.9559]}, "properties": {"radio": "LTE", "net": 19, "samples": 8, "range_m": 1000, "updated": 2026}}, {"type": "Feature", "geometry": {"type": "Point", "coordinates": [116.0953, 5.9555]}, "properties": {"radio": "LTE", "net": 19, "samples": 3, "range_m": 1000, "updated": 2026}}, {"type": "Feature", "geometry": {"type": "Point", "coordinates": [116.0946, 5.9548]}, "properties": {"radio": "LTE", "net": 19, "samples": 2, "range_m": 1000, "updated": 2026}}, {"type": "Feature", "geometry": {"type": "Point", "coordinates": [116.0932, 5.9551]}, "properties": {"radio": "LTE", "net": 19, "samples": 9, "range_m": 1000, "updated": 2026}}, {"type": "Feature", "geometry": {"type": "Point", "coordinates": [116.0928, 5.9552]}, "properties": {"radio": "LTE", "net": 19, "samples": 7, "range_m": 1000, "updated": 2026}}, {"type": "Feature", "geometry": {"type": "Point", "coordinates": [116.0917, 5.9554]}, "properties": {"radio": "LTE", "net": 19, "samples": 6, "range_m": 1000, "updated": 2026}}, {"type": "Feature", "geometry": {"type": "Point", "coordinates": [116.0906, 5.956]}, "properties": {"radio": "LTE", "net": 19, "samples": 4, "range_m": 1000, "updated": 2026}}, {"type": "Feature", "geometry": {"type": "Point", "coordinates": [116.0905, 5.9562]}, "properties": {"radio": "LTE", "net": 19, "samples": 2, "range_m": 1000, "updated": 2026}}, {"type": "Feature", "geometry": {"type": "Point", "coordinates": [116.0912, 5.9552]}, "properties": {"radio": "LTE", "net": 19, "samples": 6, "range_m": 1000, "updated": 2026}}, {"type": "Feature", "geometry": {"type": "Point", "coordinates": [116.0913, 5.9554]}, "properties": {"radio": "LTE", "net": 19, "samples": 3, "range_m": 1000, "updated": 2026}}, {"type": "Feature", "geometry": {"type": "Point", "coordinates": [116.0923, 5.9547]}, "properties": {"radio": "LTE", "net": 19, "samples": 3, "range_m": 1000, "updated": 2026}}, {"type": "Feature", "geometry": {"type": "Point", "coordinates": [116.0926, 5.9539]}, "properties": {"radio": "LTE", "net": 19, "samples": 4, "range_m": 1000, "updated": 2026}}, {"type": "Feature", "geometry": {"type": "Point", "coordinates": [116.0924, 5.9538]}, "properties": {"radio": "LTE", "net": 19, "samples": 5, "range_m": 1000, "updated": 2026}}, {"type": "Feature", "geometry": {"type": "Point", "coordinates": [116.0918, 5.9533]}, "properties": {"radio": "LTE", "net": 19, "samples": 4, "range_m": 1000, "updated": 2026}}, {"type": "Feature", "geometry": {"type": "Point", "coordinates": [116.0919, 5.9533]}, "properties": {"radio": "LTE", "net": 19, "samples": 1, "range_m": 1000, "updated": 2026}}, {"type": "Feature", "geometry": {"type": "Point", "coordinates": [116.0918, 5.9532]}, "properties": {"radio": "LTE", "net": 19, "samples": 1, "range_m": 1000, "updated": 2026}}, {"type": "Feature", "geometry": {"type": "Point", "coordinates": [116.0855, 5.9945]}, "properties": {"radio": "LTE", "net": 16, "samples": 2, "range_m": 1000, "updated": 2026}}, {"type": "Feature", "geometry": {"type": "Point", "coordinates": [116.0855, 5.9943]}, "properties": {"radio": "LTE", "net": 16, "samples": 1, "range_m": 1000, "updated": 2026}}, {"type": "Feature", "geometry": {"type": "Point", "coordinates": [116.0854, 5.9943]}, "properties": {"radio": "LTE", "net": 16, "samples": 2, "range_m": 1000, "updated": 2026}}, {"type": "Feature", "geometry": {"type": "Point", "coordinates": [116.0874, 5.9959]}, "properties": {"radio": "LTE", "net": 16, "samples": 9, "range_m": 1000, "updated": 2026}}, {"type": "Feature", "geometry": {"type": "Point", "coordinates": [116.0852, 5.9943]}, "properties": {"radio": "LTE", "net": 16, "samples": 1, "range_m": 1000, "updated": 2026}}, {"type": "Feature", "geometry": {"type": "Point", "coordinates": [116.0852, 5.9943]}, "properties": {"radio": "LTE", "net": 19, "samples": 1, "range_m": 1000, "updated": 2026}}, {"type": "Feature", "geometry": {"type": "Point", "coordinates": [116.0852, 5.9942]}, "properties": {"radio": "LTE", "net": 16, "samples": 1, "range_m": 1000, "updated": 2026}}, {"type": "Feature", "geometry": {"type": "Point", "coordinates": [116.0885, 5.9961]}, "properties": {"radio": "LTE", "net": 16, "samples": 2, "range_m": 1000, "updated": 2026}}, {"type": "Feature", "geometry": {"type": "Point", "coordinates": [116.0894, 5.9961]}, "properties": {"radio": "LTE", "net": 16, "samples": 4, "range_m": 1000, "updated": 2026}}, {"type": "Feature", "geometry": {"type": "Point", "coordinates": [116.0899, 5.9971]}, "properties": {"radio": "LTE", "net": 16, "samples": 4, "range_m": 1000, "updated": 2026}}, {"type": "Feature", "geometry": {"type": "Point", "coordinates": [116.0862, 5.9971]}, "properties": {"radio": "LTE", "net": 16, "samples": 11, "range_m": 1000, "updated": 2026}}, {"type": "Feature", "geometry": {"type": "Point", "coordinates": [116.0832, 5.9934]}, "properties": {"radio": "LTE", "net": 16, "samples": 5, "range_m": 1000, "updated": 2026}}, {"type": "Feature", "geometry": {"type": "Point", "coordinates": [116.0821, 5.9916]}, "properties": {"radio": "LTE", "net": 16, "samples": 3, "range_m": 1000, "updated": 2026}}, {"type": "Feature", "geometry": {"type": "Point", "coordinates": [116.0808, 5.9896]}, "properties": {"radio": "LTE", "net": 16, "samples": 9, "range_m": 1000, "updated": 2026}}, {"type": "Feature", "geometry": {"type": "Point", "coordinates": [116.0791, 5.9868]}, "properties": {"radio": "LTE", "net": 16, "samples": 6, "range_m": 1000, "updated": 2026}}, {"type": "Feature", "geometry": {"type": "Point", "coordinates": [116.0785, 5.9852]}, "properties": {"radio": "LTE", "net": 16, "samples": 3, "range_m": 1000, "updated": 2026}}, {"type": "Feature", "geometry": {"type": "Point", "coordinates": [116.078, 5.9841]}, "properties": {"radio": "LTE", "net": 16, "samples": 4, "range_m": 1000, "updated": 2026}}, {"type": "Feature", "geometry": {"type": "Point", "coordinates": [116.0771, 5.9825]}, "properties": {"radio": "LTE", "net": 16, "samples": 5, "range_m": 1000, "updated": 2026}}, {"type": "Feature", "geometry": {"type": "Point", "coordinates": [116.0764, 5.9812]}, "properties": {"radio": "LTE", "net": 16, "samples": 3, "range_m": 1000, "updated": 2026}}, {"type": "Feature", "geometry": {"type": "Point", "coordinates": [116.0759, 5.98]}, "properties": {"radio": "LTE", "net": 16, "samples": 3, "range_m": 1000, "updated": 2026}}, {"type": "Feature", "geometry": {"type": "Point", "coordinates": [116.0758, 5.9789]}, "properties": {"radio": "LTE", "net": 16, "samples": 3, "range_m": 1000, "updated": 2026}}, {"type": "Feature", "geometry": {"type": "Point", "coordinates": [116.0757, 5.9782]}, "properties": {"radio": "LTE", "net": 16, "samples": 2, "range_m": 1000, "updated": 2026}}, {"type": "Feature", "geometry": {"type": "Point", "coordinates": [116.0744, 5.9752]}, "properties": {"radio": "LTE", "net": 16, "samples": 13, "range_m": 1000, "updated": 2026}}, {"type": "Feature", "geometry": {"type": "Point", "coordinates": [116.0732, 5.9716]}, "properties": {"radio": "LTE", "net": 16, "samples": 5, "range_m": 1000, "updated": 2026}}, {"type": "Feature", "geometry": {"type": "Point", "coordinates": [116.0735, 5.97]}, "properties": {"radio": "LTE", "net": 16, "samples": 3, "range_m": 1000, "updated": 2026}}, {"type": "Feature", "geometry": {"type": "Point", "coordinates": [116.0735, 5.9689]}, "properties": {"radio": "LTE", "net": 16, "samples": 3, "range_m": 1000, "updated": 2026}}, {"type": "Feature", "geometry": {"type": "Point", "coordinates": [116.0716, 5.965]}, "properties": {"radio": "LTE", "net": 16, "samples": 5, "range_m": 1000, "updated": 2026}}, {"type": "Feature", "geometry": {"type": "Point", "coordinates": [116.0705, 5.9633]}, "properties": {"radio": "LTE", "net": 16, "samples": 5, "range_m": 1000, "updated": 2026}}, {"type": "Feature", "geometry": {"type": "Point", "coordinates": [116.0701, 5.9614]}, "properties": {"radio": "LTE", "net": 16, "samples": 5, "range_m": 1000, "updated": 2026}}, {"type": "Feature", "geometry": {"type": "Point", "coordinates": [116.0706, 5.96]}, "properties": {"radio": "LTE", "net": 16, "samples": 3, "range_m": 1000, "updated": 2026}}, {"type": "Feature", "geometry": {"type": "Point", "coordinates": [116.0704, 5.9801]}, "properties": {"radio": "LTE", "net": 152, "samples": 1, "range_m": 1000, "updated": 2026}}, {"type": "Feature", "geometry": {"type": "Point", "coordinates": [116.15, 6.036]}, "properties": {"radio": "LTE", "net": 16, "samples": 3, "range_m": 1000, "updated": 2026}}, {"type": "Feature", "geometry": {"type": "Point", "coordinates": [116.1498, 6.036]}, "properties": {"radio": "LTE", "net": 16, "samples": 1, "range_m": 1000, "updated": 2026}}, {"type": "Feature", "geometry": {"type": "Point", "coordinates": [116.1498, 6.036]}, "properties": {"radio": "LTE", "net": 19, "samples": 1, "range_m": 1000, "updated": 2026}}, {"type": "Feature", "geometry": {"type": "Point", "coordinates": [116.7086, 6.5348]}, "properties": {"radio": "LTE", "net": 19, "samples": 15, "range_m": 1000, "updated": 2026}}, {"type": "Feature", "geometry": {"type": "Point", "coordinates": [116.7091, 6.5356]}, "properties": {"radio": "LTE", "net": 19, "samples": 8, "range_m": 1000, "updated": 2026}}, {"type": "Feature", "geometry": {"type": "Point", "coordinates": [116.7096, 6.5353]}, "properties": {"radio": "LTE", "net": 19, "samples": 7, "range_m": 1000, "updated": 2026}}, {"type": "Feature", "geometry": {"type": "Point", "coordinates": [116.7089, 6.5359]}, "properties": {"radio": "LTE", "net": 19, "samples": 1, "range_m": 1000, "updated": 2026}}, {"type": "Feature", "geometry": {"type": "Point", "coordinates": [116.7078, 6.5346]}, "properties": {"radio": "LTE", "net": 19, "samples": 2, "range_m": 1000, "updated": 2026}}, {"type": "Feature", "geometry": {"type": "Point", "coordinates": [116.7093, 6.5355]}, "properties": {"radio": "LTE", "net": 19, "samples": 4, "range_m": 1000, "updated": 2026}}, {"type": "Feature", "geometry": {"type": "Point", "coordinates": [116.7091, 6.5355]}, "properties": {"radio": "LTE", "net": 19, "samples": 1, "range_m": 1000, "updated": 2026}}, {"type": "Feature", "geometry": {"type": "Point", "coordinates": [116.7059, 6.5331]}, "properties": {"radio": "LTE", "net": 19, "samples": 7, "range_m": 1000, "updated": 2026}}, {"type": "Feature", "geometry": {"type": "Point", "coordinates": [116.7068, 6.5335]}, "properties": {"radio": "LTE", "net": 19, "samples": 1, "range_m": 1000, "updated": 2026}}, {"type": "Feature", "geometry": {"type": "Point", "coordinates": [116.7068, 6.5335]}, "properties": {"radio": "LTE", "net": 19, "samples": 1, "range_m": 1000, "updated": 2026}}, {"type": "Feature", "geometry": {"type": "Point", "coordinates": [116.701, 6.5313]}, "properties": {"radio": "LTE", "net": 19, "samples": 15, "range_m": 1000, "updated": 2026}}, {"type": "Feature", "geometry": {"type": "Point", "coordinates": [116.696, 6.5308]}, "properties": {"radio": "LTE", "net": 19, "samples": 8, "range_m": 1000, "updated": 2026}}, {"type": "Feature", "geometry": {"type": "Point", "coordinates": [116.694, 6.532]}, "properties": {"radio": "LTE", "net": 19, "samples": 4, "range_m": 1000, "updated": 2026}}, {"type": "Feature", "geometry": {"type": "Point", "coordinates": [116.6912, 6.5327]}, "properties": {"radio": "LTE", "net": 19, "samples": 7, "range_m": 1000, "updated": 2026}}, {"type": "Feature", "geometry": {"type": "Point", "coordinates": [116.6834, 6.5309]}, "properties": {"radio": "LTE", "net": 19, "samples": 8, "range_m": 1000, "updated": 2026}}, {"type": "Feature", "geometry": {"type": "Point", "coordinates": [116.6839, 6.5303]}, "properties": {"radio": "LTE", "net": 19, "samples": 22, "range_m": 1000, "updated": 2026}}, {"type": "Feature", "geometry": {"type": "Point", "coordinates": [116.6767, 6.5309]}, "properties": {"radio": "LTE", "net": 19, "samples": 3, "range_m": 1000, "updated": 2026}}, {"type": "Feature", "geometry": {"type": "Point", "coordinates": [116.6754, 6.5309]}, "properties": {"radio": "LTE", "net": 19, "samples": 4, "range_m": 1000, "updated": 2026}}, {"type": "Feature", "geometry": {"type": "Point", "coordinates": [116.674, 6.5307]}, "properties": {"radio": "LTE", "net": 19, "samples": 4, "range_m": 1000, "updated": 2026}}, {"type": "Feature", "geometry": {"type": "Point", "coordinates": [116.6626, 6.5294]}, "properties": {"radio": "LTE", "net": 19, "samples": 21, "range_m": 1000, "updated": 2026}}, {"type": "Feature", "geometry": {"type": "Point", "coordinates": [116.6336, 6.5295]}, "properties": {"radio": "LTE", "net": 19, "samples": 21, "range_m": 1000, "updated": 2026}}, {"type": "Feature", "geometry": {"type": "Point", "coordinates": [116.6242, 6.5296]}, "properties": {"radio": "LTE", "net": 19, "samples": 4, "range_m": 1000, "updated": 2026}}, {"type": "Feature", "geometry": {"type": "Point", "coordinates": [116.6078, 6.5267]}, "properties": {"radio": "LTE", "net": 19, "samples": 19, "range_m": 1663, "updated": 2026}}, {"type": "Feature", "geometry": {"type": "Point", "coordinates": [116.6087, 6.5271]}, "properties": {"radio": "LTE", "net": 19, "samples": 29, "range_m": 773, "updated": 2026}}, {"type": "Feature", "geometry": {"type": "Point", "coordinates": [116.6074, 6.5271]}, "properties": {"radio": "LTE", "net": 19, "samples": 3, "range_m": 1000, "updated": 2026}}, {"type": "Feature", "geometry": {"type": "Point", "coordinates": [116.5906, 6.5226]}, "properties": {"radio": "LTE", "net": 19, "samples": 11, "range_m": 1000, "updated": 2026}}, {"type": "Feature", "geometry": {"type": "Point", "coordinates": [116.5895, 6.5217]}, "properties": {"radio": "LTE", "net": 19, "samples": 11, "range_m": 1000, "updated": 2026}}, {"type": "Feature", "geometry": {"type": "Point", "coordinates": [116.5854, 6.5192]}, "properties": {"radio": "LTE", "net": 19, "samples": 4, "range_m": 1000, "updated": 2026}}, {"type": "Feature", "geometry": {"type": "Point", "coordinates": [116.5829, 6.512]}, "properties": {"radio": "LTE", "net": 19, "samples": 17, "range_m": 1000, "updated": 2026}}, {"type": "Feature", "geometry": {"type": "Point", "coordinates": [116.5744, 6.5033]}, "properties": {"radio": "LTE", "net": 19, "samples": 21, "range_m": 1000, "updated": 2026}}, {"type": "Feature", "geometry": {"type": "Point", "coordinates": [116.5687, 6.5039]}, "properties": {"radio": "LTE", "net": 19, "samples": 7, "range_m": 1000, "updated": 2026}}, {"type": "Feature", "geometry": {"type": "Point", "coordinates": [116.5622, 6.5017]}, "properties": {"radio": "LTE", "net": 19, "samples": 13, "range_m": 1000, "updated": 2026}}, {"type": "Feature", "geometry": {"type": "Point", "coordinates": [116.5595, 6.5]}, "properties": {"radio": "LTE", "net": 19, "samples": 5, "range_m": 1000, "updated": 2026}}, {"type": "Feature", "geometry": {"type": "Point", "coordinates": [116.5526, 6.4962]}, "properties": {"radio": "LTE", "net": 19, "samples": 23, "range_m": 1000, "updated": 2026}}, {"type": "Feature", "geometry": {"type": "Point", "coordinates": [116.5466, 6.4935]}, "properties": {"radio": "LTE", "net": 19, "samples": 3, "range_m": 1000, "updated": 2026}}, {"type": "Feature", "geometry": {"type": "Point", "coordinates": [116.5455, 6.4926]}, "properties": {"radio": "LTE", "net": 19, "samples": 4, "range_m": 1000, "updated": 2026}}, {"type": "Feature", "geometry": {"type": "Point", "coordinates": [116.541, 6.488]}, "properties": {"radio": "LTE", "net": 19, "samples": 23, "range_m": 1000, "updated": 2026}}, {"type": "Feature", "geometry": {"type": "Point", "coordinates": [116.5372, 6.4834]}, "properties": {"radio": "LTE", "net": 19, "samples": 4, "range_m": 1000, "updated": 2026}}, {"type": "Feature", "geometry": {"type": "Point", "coordinates": [116.5353, 6.4786]}, "properties": {"radio": "LTE", "net": 19, "samples": 11, "range_m": 1000, "updated": 2026}}, {"type": "Feature", "geometry": {"type": "Point", "coordinates": [116.534, 6.4744]}, "properties": {"radio": "LTE", "net": 19, "samples": 2, "range_m": 1000, "updated": 2026}}, {"type": "Feature", "geometry": {"type": "Point", "coordinates": [116.5343, 6.4703]}, "properties": {"radio": "LTE", "net": 19, "samples": 18, "range_m": 1000, "updated": 2026}}, {"type": "Feature", "geometry": {"type": "Point", "coordinates": [116.4928, 6.4443]}, "properties": {"radio": "LTE", "net": 19, "samples": 21, "range_m": 5095, "updated": 2026}}, {"type": "Feature", "geometry": {"type": "Point", "coordinates": [116.5302, 6.4676]}, "properties": {"radio": "LTE", "net": 19, "samples": 5, "range_m": 1000, "updated": 2026}}, {"type": "Feature", "geometry": {"type": "Point", "coordinates": [116.4897, 6.4424]}, "properties": {"radio": "LTE", "net": 19, "samples": 19, "range_m": 5128, "updated": 2026}}, {"type": "Feature", "geometry": {"type": "Point", "coordinates": [116.5267, 6.4664]}, "properties": {"radio": "LTE", "net": 19, "samples": 7, "range_m": 1000, "updated": 2026}}, {"type": "Feature", "geometry": {"type": "Point", "coordinates": [116.5129, 6.4581]}, "properties": {"radio": "LTE", "net": 19, "samples": 22, "range_m": 1408, "updated": 2026}}, {"type": "Feature", "geometry": {"type": "Point", "coordinates": [116.5035, 6.4521]}, "properties": {"radio": "LTE", "net": 19, "samples": 10, "range_m": 1000, "updated": 2026}}, {"type": "Feature", "geometry": {"type": "Point", "coordinates": [116.4985, 6.4486]}, "properties": {"radio": "LTE", "net": 19, "samples": 12, "range_m": 1000, "updated": 2026}}, {"type": "Feature", "geometry": {"type": "Point", "coordinates": [116.483, 6.4381]}, "properties": {"radio": "LTE", "net": 19, "samples": 19, "range_m": 1754, "updated": 2026}}, {"type": "Feature", "geometry": {"type": "Point", "coordinates": [116.4931, 6.4451]}, "properties": {"radio": "LTE", "net": 19, "samples": 4, "range_m": 1000, "updated": 2026}}, {"type": "Feature", "geometry": {"type": "Point", "coordinates": [116.4729, 6.431]}, "properties": {"radio": "LTE", "net": 19, "samples": 6, "range_m": 1000, "updated": 2026}}, {"type": "Feature", "geometry": {"type": "Point", "coordinates": [116.4594, 6.4229]}, "properties": {"radio": "LTE", "net": 19, "samples": 26, "range_m": 1965, "updated": 2026}}, {"type": "Feature", "geometry": {"type": "Point", "coordinates": [116.4578, 6.4221]}, "properties": {"radio": "LTE", "net": 19, "samples": 3, "range_m": 1000, "updated": 2026}}, {"type": "Feature", "geometry": {"type": "Point", "coordinates": [116.4509, 6.4192]}, "properties": {"radio": "LTE", "net": 19, "samples": 26, "range_m": 1211, "updated": 2026}}, {"type": "Feature", "geometry": {"type": "Point", "coordinates": [116.4479, 6.4183]}, "properties": {"radio": "LTE", "net": 19, "samples": 5, "range_m": 1000, "updated": 2026}}, {"type": "Feature", "geometry": {"type": "Point", "coordinates": [116.4438, 6.413]}, "properties": {"radio": "LTE", "net": 19, "samples": 4, "range_m": 1000, "updated": 2026}}, {"type": "Feature", "geometry": {"type": "Point", "coordinates": [116.4431, 6.4121]}, "properties": {"radio": "LTE", "net": 19, "samples": 2, "range_m": 1000, "updated": 2026}}, {"type": "Feature", "geometry": {"type": "Point", "coordinates": [116.4422, 6.4122]}, "properties": {"radio": "LTE", "net": 19, "samples": 2, "range_m": 1000, "updated": 2026}}, {"type": "Feature", "geometry": {"type": "Point", "coordinates": [116.4406, 6.4124]}, "properties": {"radio": "LTE", "net": 19, "samples": 6, "range_m": 1000, "updated": 2026}}, {"type": "Feature", "geometry": {"type": "Point", "coordinates": [116.4371, 6.4115]}, "properties": {"radio": "LTE", "net": 19, "samples": 9, "range_m": 1000, "updated": 2026}}, {"type": "Feature", "geometry": {"type": "Point", "coordinates": [116.4247, 6.3993]}, "properties": {"radio": "LTE", "net": 19, "samples": 21, "range_m": 1000, "updated": 2026}}, {"type": "Feature", "geometry": {"type": "Point", "coordinates": [116.4182, 6.3919]}, "properties": {"radio": "LTE", "net": 19, "samples": 9, "range_m": 1000, "updated": 2026}}, {"type": "Feature", "geometry": {"type": "Point", "coordinates": [116.418, 6.3917]}, "properties": {"radio": "LTE", "net": 19, "samples": 4, "range_m": 1000, "updated": 2026}}, {"type": "Feature", "geometry": {"type": "Point", "coordinates": [116.4156, 6.3876]}, "properties": {"radio": "LTE", "net": 19, "samples": 11, "range_m": 1000, "updated": 2026}}, {"type": "Feature", "geometry": {"type": "Point", "coordinates": [116.4132, 6.3801]}, "properties": {"radio": "LTE", "net": 19, "samples": 14, "range_m": 1000, "updated": 2026}}, {"type": "Feature", "geometry": {"type": "Point", "coordinates": [116.4107, 6.3749]}, "properties": {"radio": "LTE", "net": 19, "samples": 7, "range_m": 1000, "updated": 2026}}, {"type": "Feature", "geometry": {"type": "Point", "coordinates": [116.4103, 6.3686]}, "properties": {"radio": "LTE", "net": 19, "samples": 23, "range_m": 1000, "updated": 2026}}, {"type": "Feature", "geometry": {"type": "Point", "coordinates": [116.4129, 6.3621]}, "properties": {"radio": "LTE", "net": 19, "samples": 11, "range_m": 1000, "updated": 2026}}, {"type": "Feature", "geometry": {"type": "Point", "coordinates": [116.4154, 6.3593]}, "properties": {"radio": "LTE", "net": 19, "samples": 6, "range_m": 1000, "updated": 2026}}, {"type": "Feature", "geometry": {"type": "Point", "coordinates": [116.4162, 6.3584]}, "properties": {"radio": "LTE", "net": 19, "samples": 1, "range_m": 1000, "updated": 2026}}, {"type": "Feature", "geometry": {"type": "Point", "coordinates": [116.4163, 6.3583]}, "properties": {"radio": "LTE", "net": 19, "samples": 1, "range_m": 1000, "updated": 2026}}, {"type": "Feature", "geometry": {"type": "Point", "coordinates": [116.4164, 6.3567]}, "properties": {"radio": "LTE", "net": 19, "samples": 7, "range_m": 1000, "updated": 2026}}, {"type": "Feature", "geometry": {"type": "Point", "coordinates": [116.4144, 6.3527]}, "properties": {"radio": "LTE", "net": 19, "samples": 15, "range_m": 1000, "updated": 2026}}, {"type": "Feature", "geometry": {"type": "Point", "coordinates": [116.4111, 6.3503]}, "properties": {"radio": "LTE", "net": 19, "samples": 3, "range_m": 1000, "updated": 2026}}, {"type": "Feature", "geometry": {"type": "Point", "coordinates": [116.4098, 6.3494]}, "properties": {"radio": "LTE", "net": 19, "samples": 5, "range_m": 1000, "updated": 2026}}, {"type": "Feature", "geometry": {"type": "Point", "coordinates": [116.4067, 6.3478]}, "properties": {"radio": "LTE", "net": 19, "samples": 10, "range_m": 1000, "updated": 2026}}, {"type": "Feature", "geometry": {"type": "Point", "coordinates": [116.4031, 6.3435]}, "properties": {"radio": "LTE", "net": 19, "samples": 14, "range_m": 1000, "updated": 2026}}, {"type": "Feature", "geometry": {"type": "Point", "coordinates": [116.4016, 6.3398]}, "properties": {"radio": "LTE", "net": 19, "samples": 4, "range_m": 1000, "updated": 2026}}, {"type": "Feature", "geometry": {"type": "Point", "coordinates": [116.4, 6.3367]}, "properties": {"radio": "LTE", "net": 19, "samples": 10, "range_m": 1000, "updated": 2026}}, {"type": "Feature", "geometry": {"type": "Point", "coordinates": [116.3924, 6.3312]}, "properties": {"radio": "LTE", "net": 19, "samples": 12, "range_m": 1000, "updated": 2026}}, {"type": "Feature", "geometry": {"type": "Point", "coordinates": [116.3878, 6.3306]}, "properties": {"radio": "LTE", "net": 19, "samples": 10, "range_m": 1000, "updated": 2026}}, {"type": "Feature", "geometry": {"type": "Point", "coordinates": [116.3816, 6.331]}, "properties": {"radio": "LTE", "net": 19, "samples": 14, "range_m": 1000, "updated": 2026}}, {"type": "Feature", "geometry": {"type": "Point", "coordinates": [116.3773, 6.3297]}, "properties": {"radio": "LTE", "net": 19, "samples": 7, "range_m": 1000, "updated": 2026}}, {"type": "Feature", "geometry": {"type": "Point", "coordinates": [116.3696, 6.3238]}, "properties": {"radio": "LTE", "net": 19, "samples": 8, "range_m": 1000, "updated": 2026}}, {"type": "Feature", "geometry": {"type": "Point", "coordinates": [116.3713, 6.3239]}, "properties": {"radio": "LTE", "net": 19, "samples": 11, "range_m": 1000, "updated": 2026}}, {"type": "Feature", "geometry": {"type": "Point", "coordinates": [116.3674, 6.3216]}, "properties": {"radio": "LTE", "net": 19, "samples": 9, "range_m": 1000, "updated": 2026}}, {"type": "Feature", "geometry": {"type": "Point", "coordinates": [116.363, 6.3193]}, "properties": {"radio": "LTE", "net": 19, "samples": 7, "range_m": 1000, "updated": 2026}}, {"type": "Feature", "geometry": {"type": "Point", "coordinates": [116.3598, 6.3149]}, "properties": {"radio": "LTE", "net": 19, "samples": 18, "range_m": 1000, "updated": 2026}}, {"type": "Feature", "geometry": {"type": "Point", "coordinates": [116.3588, 6.3092]}, "properties": {"radio": "LTE", "net": 19, "samples": 7, "range_m": 1000, "updated": 2026}}, {"type": "Feature", "geometry": {"type": "Point", "coordinates": [116.3593, 6.3065]}, "properties": {"radio": "LTE", "net": 19, "samples": 7, "range_m": 1000, "updated": 2026}}, {"type": "Feature", "geometry": {"type": "Point", "coordinates": [116.3607, 6.2978]}, "properties": {"radio": "LTE", "net": 19, "samples": 36, "range_m": 840, "updated": 2026}}, {"type": "Feature", "geometry": {"type": "Point", "coordinates": [116.3563, 6.29]}, "properties": {"radio": "LTE", "net": 19, "samples": 7, "range_m": 1000, "updated": 2026}}, {"type": "Feature", "geometry": {"type": "Point", "coordinates": [116.3548, 6.2886]}, "properties": {"radio": "LTE", "net": 19, "samples": 4, "range_m": 1000, "updated": 2026}}, {"type": "Feature", "geometry": {"type": "Point", "coordinates": [116.3543, 6.2865]}, "properties": {"radio": "LTE", "net": 19, "samples": 7, "range_m": 1000, "updated": 2026}}, {"type": "Feature", "geometry": {"type": "Point", "coordinates": [116.3554, 6.2837]}, "properties": {"radio": "LTE", "net": 19, "samples": 7, "range_m": 1000, "updated": 2026}}, {"type": "Feature", "geometry": {"type": "Point", "coordinates": [116.3553, 6.2816]}, "properties": {"radio": "LTE", "net": 19, "samples": 4, "range_m": 1000, "updated": 2026}}, {"type": "Feature", "geometry": {"type": "Point", "coordinates": [116.3541, 6.2796]}, "properties": {"radio": "LTE", "net": 19, "samples": 3, "range_m": 1000, "updated": 2026}}, {"type": "Feature", "geometry": {"type": "Point", "coordinates": [116.3515, 6.2752]}, "properties": {"radio": "LTE", "net": 19, "samples": 19, "range_m": 1000, "updated": 2026}}, {"type": "Feature", "geometry": {"type": "Point", "coordinates": [116.3452, 6.2678]}, "properties": {"radio": "LTE", "net": 19, "samples": 25, "range_m": 597, "updated": 2026}}, {"type": "Feature", "geometry": {"type": "Point", "coordinates": [116.3413, 6.2616]}, "properties": {"radio": "LTE", "net": 19, "samples": 9, "range_m": 1000, "updated": 2026}}, {"type": "Feature", "geometry": {"type": "Point", "coordinates": [116.3399, 6.259]}, "properties": {"radio": "LTE", "net": 19, "samples": 5, "range_m": 1000, "updated": 2026}}, {"type": "Feature", "geometry": {"type": "Point", "coordinates": [116.335, 6.2544]}, "properties": {"radio": "LTE", "net": 19, "samples": 27, "range_m": 639, "updated": 2026}}, {"type": "Feature", "geometry": {"type": "Point", "coordinates": [116.3288, 6.2486]}, "properties": {"radio": "LTE", "net": 19, "samples": 12, "range_m": 1000, "updated": 2026}}, {"type": "Feature", "geometry": {"type": "Point", "coordinates": [116.3259, 6.2461]}, "properties": {"radio": "LTE", "net": 19, "samples": 6, "range_m": 1000, "updated": 2026}}, {"type": "Feature", "geometry": {"type": "Point", "coordinates": [116.3245, 6.2431]}, "properties": {"radio": "LTE", "net": 19, "samples": 10, "range_m": 1000, "updated": 2026}}, {"type": "Feature", "geometry": {"type": "Point", "coordinates": [116.3212, 6.2408]}, "properties": {"radio": "LTE", "net": 19, "samples": 11, "range_m": 1000, "updated": 2026}}, {"type": "Feature", "geometry": {"type": "Point", "coordinates": [116.3175, 6.2386]}, "properties": {"radio": "LTE", "net": 19, "samples": 11, "range_m": 1000, "updated": 2026}}, {"type": "Feature", "geometry": {"type": "Point", "coordinates": [116.3083, 6.2341]}, "properties": {"radio": "LTE", "net": 19, "samples": 32, "range_m": 992, "updated": 2026}}, {"type": "Feature", "geometry": {"type": "Point", "coordinates": [116.3041, 6.2327]}, "properties": {"radio": "LTE", "net": 19, "samples": 6, "range_m": 1000, "updated": 2026}}, {"type": "Feature", "geometry": {"type": "Point", "coordinates": [116.2987, 6.231]}, "properties": {"radio": "LTE", "net": 19, "samples": 5, "range_m": 1000, "updated": 2026}}, {"type": "Feature", "geometry": {"type": "Point", "coordinates": [116.2911, 6.2275]}, "properties": {"radio": "LTE", "net": 19, "samples": 10, "range_m": 1000, "updated": 2026}}, {"type": "Feature", "geometry": {"type": "Point", "coordinates": [116.2922, 6.2278]}, "properties": {"radio": "LTE", "net": 19, "samples": 15, "range_m": 1000, "updated": 2026}}, {"type": "Feature", "geometry": {"type": "Point", "coordinates": [116.286, 6.2246]}, "properties": {"radio": "LTE", "net": 19, "samples": 6, "range_m": 1000, "updated": 2026}}, {"type": "Feature", "geometry": {"type": "Point", "coordinates": [116.2814, 6.2219]}, "properties": {"radio": "LTE", "net": 19, "samples": 20, "range_m": 1000, "updated": 2026}}, {"type": "Feature", "geometry": {"type": "Point", "coordinates": [116.2745, 6.2191]}, "properties": {"radio": "LTE", "net": 19, "samples": 15, "range_m": 1000, "updated": 2026}}, {"type": "Feature", "geometry": {"type": "Point", "coordinates": [116.2707, 6.2168]}, "properties": {"radio": "LTE", "net": 19, "samples": 6, "range_m": 1000, "updated": 2026}}, {"type": "Feature", "geometry": {"type": "Point", "coordinates": [116.2682, 6.2164]}, "properties": {"radio": "LTE", "net": 19, "samples": 7, "range_m": 1000, "updated": 2026}}, {"type": "Feature", "geometry": {"type": "Point", "coordinates": [116.2654, 6.2157]}, "properties": {"radio": "LTE", "net": 19, "samples": 6, "range_m": 1000, "updated": 2026}}, {"type": "Feature", "geometry": {"type": "Point", "coordinates": [116.2598, 6.2137]}, "properties": {"radio": "LTE", "net": 19, "samples": 20, "range_m": 1000, "updated": 2026}}, {"type": "Feature", "geometry": {"type": "Point", "coordinates": [116.2512, 6.21]}, "properties": {"radio": "LTE", "net": 19, "samples": 6, "range_m": 1000, "updated": 2026}}, {"type": "Feature", "geometry": {"type": "Point", "coordinates": [116.2502, 6.2092]}, "properties": {"radio": "LTE", "net": 19, "samples": 15, "range_m": 1000, "updated": 2026}}, {"type": "Feature", "geometry": {"type": "Point", "coordinates": [116.2498, 6.2089]}, "properties": {"radio": "LTE", "net": 19, "samples": 3, "range_m": 1000, "updated": 2026}}, {"type": "Feature", "geometry": {"type": "Point", "coordinates": [116.2488, 6.2086]}, "properties": {"radio": "LTE", "net": 19, "samples": 4, "range_m": 1000, "updated": 2026}}, {"type": "Feature", "geometry": {"type": "Point", "coordinates": [116.2442, 6.207]}, "properties": {"radio": "LTE", "net": 19, "samples": 4, "range_m": 1000, "updated": 2026}}, {"type": "Feature", "geometry": {"type": "Point", "coordinates": [116.2367, 6.2046]}, "properties": {"radio": "LTE", "net": 19, "samples": 16, "range_m": 1000, "updated": 2026}}, {"type": "Feature", "geometry": {"type": "Point", "coordinates": [116.2406, 6.2057]}, "properties": {"radio": "LTE", "net": 19, "samples": 10, "range_m": 1000, "updated": 2026}}, {"type": "Feature", "geometry": {"type": "Point", "coordinates": [116.2333, 6.2007]}, "properties": {"radio": "LTE", "net": 19, "samples": 9, "range_m": 1000, "updated": 2026}}, {"type": "Feature", "geometry": {"type": "Point", "coordinates": [116.231, 6.1935]}, "properties": {"radio": "LTE", "net": 19, "samples": 24, "range_m": 1000, "updated": 2026}}, {"type": "Feature", "geometry": {"type": "Point", "coordinates": [116.2323, 6.1967]}, "properties": {"radio": "LTE", "net": 19, "samples": 1, "range_m": 1000, "updated": 2026}}, {"type": "Feature", "geometry": {"type": "Point", "coordinates": [116.2262, 6.1856]}, "properties": {"radio": "LTE", "net": 19, "samples": 11, "range_m": 1000, "updated": 2026}}, {"type": "Feature", "geometry": {"type": "Point", "coordinates": [116.223, 6.1814]}, "properties": {"radio": "LTE", "net": 19, "samples": 12, "range_m": 1000, "updated": 2026}}, {"type": "Feature", "geometry": {"type": "Point", "coordinates": [116.2194, 6.1755]}, "properties": {"radio": "LTE", "net": 19, "samples": 11, "range_m": 1000, "updated": 2026}}, {"type": "Feature", "geometry": {"type": "Point", "coordinates": [116.2143, 6.1742]}, "properties": {"radio": "LTE", "net": 19, "samples": 9, "range_m": 1000, "updated": 2026}}, {"type": "Feature", "geometry": {"type": "Point", "coordinates": [116.2083, 6.1741]}, "properties": {"radio": "LTE", "net": 19, "samples": 18, "range_m": 1000, "updated": 2026}}, {"type": "Feature", "geometry": {"type": "Point", "coordinates": [116.203, 6.1741]}, "properties": {"radio": "LTE", "net": 19, "samples": 6, "range_m": 1000, "updated": 2026}}, {"type": "Feature", "geometry": {"type": "Point", "coordinates": [116.1982, 6.1738]}, "properties": {"radio": "LTE", "net": 19, "samples": 17, "range_m": 1000, "updated": 2026}}, {"type": "Feature", "geometry": {"type": "Point", "coordinates": [116.1934, 6.1724]}, "properties": {"radio": "LTE", "net": 19, "samples": 6, "range_m": 1000, "updated": 2026}}, {"type": "Feature", "geometry": {"type": "Point", "coordinates": [116.1894, 6.1695]}, "properties": {"radio": "LTE", "net": 19, "samples": 9, "range_m": 1000, "updated": 2026}}, {"type": "Feature", "geometry": {"type": "Point", "coordinates": [116.1831, 6.1659]}, "properties": {"radio": "LTE", "net": 19, "samples": 16, "range_m": 1000, "updated": 2026}}, {"type": "Feature", "geometry": {"type": "Point", "coordinates": [116.1788, 6.164]}, "properties": {"radio": "LTE", "net": 19, "samples": 6, "range_m": 1000, "updated": 2026}}, {"type": "Feature", "geometry": {"type": "Point", "coordinates": [116.1729, 6.1609]}, "properties": {"radio": "LTE", "net": 19, "samples": 25, "range_m": 609, "updated": 2026}}, {"type": "Feature", "geometry": {"type": "Point", "coordinates": [116.1666, 6.1578]}, "properties": {"radio": "LTE", "net": 19, "samples": 6, "range_m": 1000, "updated": 2026}}, {"type": "Feature", "geometry": {"type": "Point", "coordinates": [116.163, 6.1561]}, "properties": {"radio": "LTE", "net": 19, "samples": 12, "range_m": 1000, "updated": 2026}}, {"type": "Feature", "geometry": {"type": "Point", "coordinates": [116.158, 6.15]}, "properties": {"radio": "LTE", "net": 19, "samples": 24, "range_m": 1000, "updated": 2026}}, {"type": "Feature", "geometry": {"type": "Point", "coordinates": [116.1536, 6.1392]}, "properties": {"radio": "LTE", "net": 19, "samples": 14, "range_m": 1000, "updated": 2026}}, {"type": "Feature", "geometry": {"type": "Point", "coordinates": [116.1508, 6.1319]}, "properties": {"radio": "LTE", "net": 19, "samples": 7, "range_m": 1000, "updated": 2026}}, {"type": "Feature", "geometry": {"type": "Point", "coordinates": [116.1501, 6.1285]}, "properties": {"radio": "LTE", "net": 19, "samples": 9, "range_m": 1000, "updated": 2026}}, {"type": "Feature", "geometry": {"type": "Point", "coordinates": [116.1482, 6.1239]}, "properties": {"radio": "LTE", "net": 19, "samples": 13, "range_m": 1000, "updated": 2026}}, {"type": "Feature", "geometry": {"type": "Point", "coordinates": [116.1474, 6.1196]}, "properties": {"radio": "LTE", "net": 19, "samples": 6, "range_m": 1000, "updated": 2026}}, {"type": "Feature", "geometry": {"type": "Point", "coordinates": [116.1489, 6.1176]}, "properties": {"radio": "LTE", "net": 19, "samples": 6, "range_m": 1000, "updated": 2026}}, {"type": "Feature", "geometry": {"type": "Point", "coordinates": [116.1517, 6.1167]}, "properties": {"radio": "LTE", "net": 19, "samples": 7, "range_m": 1000, "updated": 2026}}, {"type": "Feature", "geometry": {"type": "Point", "coordinates": [116.1542, 6.1161]}, "properties": {"radio": "LTE", "net": 19, "samples": 5, "range_m": 1000, "updated": 2026}}, {"type": "Feature", "geometry": {"type": "Point", "coordinates": [116.1561, 6.1153]}, "properties": {"radio": "LTE", "net": 19, "samples": 5, "range_m": 1000, "updated": 2026}}, {"type": "Feature", "geometry": {"type": "Point", "coordinates": [116.164, 6.1087]}, "properties": {"radio": "LTE", "net": 19, "samples": 6, "range_m": 1011, "updated": 2026}}, {"type": "Feature", "geometry": {"type": "Point", "coordinates": [116.1591, 6.1133]}, "properties": {"radio": "LTE", "net": 19, "samples": 6, "range_m": 1000, "updated": 2026}}, {"type": "Feature", "geometry": {"type": "Point", "coordinates": [116.1604, 6.1121]}, "properties": {"radio": "LTE", "net": 19, "samples": 3, "range_m": 1000, "updated": 2026}}, {"type": "Feature", "geometry": {"type": "Point", "coordinates": [116.162, 6.1101]}, "properties": {"radio": "LTE", "net": 19, "samples": 9, "range_m": 1000, "updated": 2026}}, {"type": "Feature", "geometry": {"type": "Point", "coordinates": [116.1664, 6.1055]}, "properties": {"radio": "LTE", "net": 19, "samples": 20, "range_m": 1000, "updated": 2026}}, {"type": "Feature", "geometry": {"type": "Point", "coordinates": [116.171, 6.1025]}, "properties": {"radio": "LTE", "net": 19, "samples": 1, "range_m": 1000, "updated": 2026}}, {"type": "Feature", "geometry": {"type": "Point", "coordinates": [116.1708, 6.0989]}, "properties": {"radio": "LTE", "net": 19, "samples": 6, "range_m": 1000, "updated": 2026}}, {"type": "Feature", "geometry": {"type": "Point", "coordinates": [116.1729, 6.0996]}, "properties": {"radio": "LTE", "net": 19, "samples": 9, "range_m": 1000, "updated": 2026}}, {"type": "Feature", "geometry": {"type": "Point", "coordinates": [116.1738, 6.1009]}, "properties": {"radio": "LTE", "net": 19, "samples": 2, "range_m": 1000, "updated": 2026}}, {"type": "Feature", "geometry": {"type": "Point", "coordinates": [116.1744, 6.1007]}, "properties": {"radio": "LTE", "net": 19, "samples": 2, "range_m": 1000, "updated": 2026}}, {"type": "Feature", "geometry": {"type": "Point", "coordinates": [116.1651, 6.0966]}, "properties": {"radio": "LTE", "net": 19, "samples": 10, "range_m": 1000, "updated": 2026}}, {"type": "Feature", "geometry": {"type": "Point", "coordinates": [116.1667, 6.0966]}, "properties": {"radio": "LTE", "net": 19, "samples": 7, "range_m": 1000, "updated": 2026}}, {"type": "Feature", "geometry": {"type": "Point", "coordinates": [116.1615, 6.096]}, "properties": {"radio": "LTE", "net": 19, "samples": 5, "range_m": 1000, "updated": 2026}}, {"type": "Feature", "geometry": {"type": "Point", "coordinates": [116.1595, 6.0951]}, "properties": {"radio": "LTE", "net": 19, "samples": 6, "range_m": 1000, "updated": 2026}}, {"type": "Feature", "geometry": {"type": "Point", "coordinates": [116.1574, 6.0941]}, "properties": {"radio": "LTE", "net": 19, "samples": 6, "range_m": 1000, "updated": 2026}}, {"type": "Feature", "geometry": {"type": "Point", "coordinates": [116.1552, 6.0923]}, "properties": {"radio": "LTE", "net": 19, "samples": 8, "range_m": 1000, "updated": 2026}}, {"type": "Feature", "geometry": {"type": "Point", "coordinates": [116.1547, 6.0901]}, "properties": {"radio": "LTE", "net": 19, "samples": 5, "range_m": 1000, "updated": 2026}}, {"type": "Feature", "geometry": {"type": "Point", "coordinates": [116.1561, 6.0887]}, "properties": {"radio": "LTE", "net": 19, "samples": 5, "range_m": 1000, "updated": 2026}}, {"type": "Feature", "geometry": {"type": "Point", "coordinates": [116.1575, 6.0871]}, "properties": {"radio": "LTE", "net": 19, "samples": 5, "range_m": 1000, "updated": 2026}}, {"type": "Feature", "geometry": {"type": "Point", "coordinates": [116.1589, 6.0834]}, "properties": {"radio": "LTE", "net": 19, "samples": 15, "range_m": 1000, "updated": 2026}}, {"type": "Feature", "geometry": {"type": "Point", "coordinates": [116.1577, 6.0792]}, "properties": {"radio": "LTE", "net": 19, "samples": 7, "range_m": 1000, "updated": 2026}}, {"type": "Feature", "geometry": {"type": "Point", "coordinates": [116.1555, 6.0756]}, "properties": {"radio": "LTE", "net": 19, "samples": 11, "range_m": 1000, "updated": 2026}}, {"type": "Feature", "geometry": {"type": "Point", "coordinates": [116.1535, 6.0723]}, "properties": {"radio": "LTE", "net": 19, "samples": 6, "range_m": 1000, "updated": 2026}}, {"type": "Feature", "geometry": {"type": "Point", "coordinates": [116.1513, 6.0685]}, "properties": {"radio": "LTE", "net": 19, "samples": 14, "range_m": 1000, "updated": 2026}}, {"type": "Feature", "geometry": {"type": "Point", "coordinates": [116.1496, 6.0645]}, "properties": {"radio": "LTE", "net": 19, "samples": 7, "range_m": 1000, "updated": 2026}}, {"type": "Feature", "geometry": {"type": "Point", "coordinates": [116.1492, 6.062]}, "properties": {"radio": "LTE", "net": 19, "samples": 6, "range_m": 1000, "updated": 2026}}, {"type": "Feature", "geometry": {"type": "Point", "coordinates": [116.1504, 6.0597]}, "properties": {"radio": "LTE", "net": 19, "samples": 6, "range_m": 1000, "updated": 2026}}, {"type": "Feature", "geometry": {"type": "Point", "coordinates": [116.1533, 6.0565]}, "properties": {"radio": "LTE", "net": 19, "samples": 22, "range_m": 1000, "updated": 2026}}, {"type": "Feature", "geometry": {"type": "Point", "coordinates": [116.158, 6.0543]}, "properties": {"radio": "LTE", "net": 19, "samples": 13, "range_m": 1000, "updated": 2026}}, {"type": "Feature", "geometry": {"type": "Point", "coordinates": [116.1596, 6.0514]}, "properties": {"radio": "LTE", "net": 19, "samples": 2, "range_m": 1000, "updated": 2026}}, {"type": "Feature", "geometry": {"type": "Point", "coordinates": [116.1582, 6.0536]}, "properties": {"radio": "LTE", "net": 19, "samples": 14, "range_m": 1000, "updated": 2026}}, {"type": "Feature", "geometry": {"type": "Point", "coordinates": [116.1559, 6.0568]}, "properties": {"radio": "LTE", "net": 19, "samples": 5, "range_m": 1000, "updated": 2026}}, {"type": "Feature", "geometry": {"type": "Point", "coordinates": [116.1545, 6.0568]}, "properties": {"radio": "LTE", "net": 19, "samples": 3, "range_m": 1000, "updated": 2026}}, {"type": "Feature", "geometry": {"type": "Point", "coordinates": [116.152, 6.0515]}, "properties": {"radio": "LTE", "net": 19, "samples": 7, "range_m": 1000, "updated": 2026}}, {"type": "Feature", "geometry": {"type": "Point", "coordinates": [116.1508, 6.0484]}, "properties": {"radio": "LTE", "net": 19, "samples": 7, "range_m": 1000, "updated": 2026}}, {"type": "Feature", "geometry": {"type": "Point", "coordinates": [116.1483, 6.0449]}, "properties": {"radio": "LTE", "net": 19, "samples": 12, "range_m": 1000, "updated": 2026}}, {"type": "Feature", "geometry": {"type": "Point", "coordinates": [116.1462, 6.0416]}, "properties": {"radio": "LTE", "net": 19, "samples": 7, "range_m": 1000, "updated": 2026}}, {"type": "Feature", "geometry": {"type": "Point", "coordinates": [116.1443, 6.0392]}, "properties": {"radio": "LTE", "net": 19, "samples": 7, "range_m": 1000, "updated": 2026}}, {"type": "Feature", "geometry": {"type": "Point", "coordinates": [116.1378, 6.0338]}, "properties": {"radio": "LTE", "net": 12, "samples": 3, "range_m": 1000, "updated": 2026}}, {"type": "Feature", "geometry": {"type": "Point", "coordinates": [116.1378, 6.0338]}, "properties": {"radio": "LTE", "net": 12, "samples": 3, "range_m": 1000, "updated": 2026}}, {"type": "Feature", "geometry": {"type": "Point", "coordinates": [116.1368, 6.033]}, "properties": {"radio": "LTE", "net": 19, "samples": 3, "range_m": 1000, "updated": 2026}}, {"type": "Feature", "geometry": {"type": "Point", "coordinates": [116.1345, 6.0324]}, "properties": {"radio": "LTE", "net": 19, "samples": 8, "range_m": 1000, "updated": 2026}}, {"type": "Feature", "geometry": {"type": "Point", "coordinates": [116.1301, 6.0339]}, "properties": {"radio": "LTE", "net": 19, "samples": 13, "range_m": 1000, "updated": 2026}}, {"type": "Feature", "geometry": {"type": "Point", "coordinates": [116.1256, 6.0338]}, "properties": {"radio": "LTE", "net": 19, "samples": 8, "range_m": 1000, "updated": 2026}}, {"type": "Feature", "geometry": {"type": "Point", "coordinates": [116.1229, 6.0314]}, "properties": {"radio": "LTE", "net": 19, "samples": 9, "range_m": 1000, "updated": 2026}}, {"type": "Feature", "geometry": {"type": "Point", "coordinates": [116.1209, 6.0292]}, "properties": {"radio": "LTE", "net": 19, "samples": 6, "range_m": 1000, "updated": 2026}}, {"type": "Feature", "geometry": {"type": "Point", "coordinates": [116.1182, 6.0244]}, "properties": {"radio": "LTE", "net": 19, "samples": 11, "range_m": 1000, "updated": 2026}}, {"type": "Feature", "geometry": {"type": "Point", "coordinates": [116.1157, 6.0183]}, "properties": {"radio": "LTE", "net": 19, "samples": 5, "range_m": 1000, "updated": 2026}}, {"type": "Feature", "geometry": {"type": "Point", "coordinates": [116.1134, 6.0142]}, "properties": {"radio": "LTE", "net": 19, "samples": 15, "range_m": 1000, "updated": 2026}}, {"type": "Feature", "geometry": {"type": "Point", "coordinates": [116.1126, 6.0104]}, "properties": {"radio": "LTE", "net": 19, "samples": 5, "range_m": 1000, "updated": 2026}}, {"type": "Feature", "geometry": {"type": "Point", "coordinates": [116.1108, 6.0071]}, "properties": {"radio": "LTE", "net": 19, "samples": 13, "range_m": 1000, "updated": 2026}}, {"type": "Feature", "geometry": {"type": "Point", "coordinates": [116.1101, 6.0031]}, "properties": {"radio": "LTE", "net": 19, "samples": 6, "range_m": 1000, "updated": 2026}}, {"type": "Feature", "geometry": {"type": "Point", "coordinates": [116.1093, 6.0008]}, "properties": {"radio": "LTE", "net": 19, "samples": 6, "range_m": 1000, "updated": 2026}}, {"type": "Feature", "geometry": {"type": "Point", "coordinates": [116.1067, 5.9971]}, "properties": {"radio": "LTE", "net": 19, "samples": 10, "range_m": 1000, "updated": 2026}}, {"type": "Feature", "geometry": {"type": "Point", "coordinates": [116.1071, 5.9973]}, "properties": {"radio": "LTE", "net": 19, "samples": 5, "range_m": 1000, "updated": 2026}}, {"type": "Feature", "geometry": {"type": "Point", "coordinates": [116.1038, 5.9942]}, "properties": {"radio": "LTE", "net": 19, "samples": 7, "range_m": 1000, "updated": 2026}}, {"type": "Feature", "geometry": {"type": "Point", "coordinates": [116.1014, 5.9924]}, "properties": {"radio": "LTE", "net": 19, "samples": 7, "range_m": 1000, "updated": 2026}}, {"type": "Feature", "geometry": {"type": "Point", "coordinates": [116.0961, 5.9921]}, "properties": {"radio": "LTE", "net": 19, "samples": 14, "range_m": 1000, "updated": 2026}}, {"type": "Feature", "geometry": {"type": "Point", "coordinates": [116.0961, 5.9921]}, "properties": {"radio": "LTE", "net": 19, "samples": 6, "range_m": 1000, "updated": 2026}}, {"type": "Feature", "geometry": {"type": "Point", "coordinates": [116.0918, 5.994]}, "properties": {"radio": "LTE", "net": 19, "samples": 6, "range_m": 1000, "updated": 2026}}, {"type": "Feature", "geometry": {"type": "Point", "coordinates": [116.0904, 5.9964]}, "properties": {"radio": "LTE", "net": 19, "samples": 7, "range_m": 1000, "updated": 2026}}, {"type": "Feature", "geometry": {"type": "Point", "coordinates": [116.0886, 5.9982]}, "properties": {"radio": "LTE", "net": 19, "samples": 5, "range_m": 1000, "updated": 2026}}, {"type": "Feature", "geometry": {"type": "Point", "coordinates": [116.0861, 5.9972]}, "properties": {"radio": "LTE", "net": 19, "samples": 9, "range_m": 1000, "updated": 2026}}, {"type": "Feature", "geometry": {"type": "Point", "coordinates": [116.0836, 5.9939]}, "properties": {"radio": "LTE", "net": 19, "samples": 11, "range_m": 1000, "updated": 2026}}, {"type": "Feature", "geometry": {"type": "Point", "coordinates": [116.081, 5.9899]}, "properties": {"radio": "LTE", "net": 19, "samples": 10, "range_m": 1000, "updated": 2026}}, {"type": "Feature", "geometry": {"type": "Point", "coordinates": [116.0793, 5.9873]}, "properties": {"radio": "LTE", "net": 19, "samples": 7, "range_m": 1000, "updated": 2026}}, {"type": "Feature", "geometry": {"type": "Point", "coordinates": [116.0784, 5.9852]}, "properties": {"radio": "LTE", "net": 19, "samples": 4, "range_m": 1000, "updated": 2026}}, {"type": "Feature", "geometry": {"type": "Point", "coordinates": [116.0778, 5.9839]}, "properties": {"radio": "LTE", "net": 19, "samples": 5, "range_m": 1000, "updated": 2026}}, {"type": "Feature", "geometry": {"type": "Point", "coordinates": [116.0771, 5.9825]}, "properties": {"radio": "LTE", "net": 19, "samples": 4, "range_m": 1000, "updated": 2026}}, {"type": "Feature", "geometry": {"type": "Point", "coordinates": [116.0766, 5.9815]}, "properties": {"radio": "LTE", "net": 19, "samples": 2, "range_m": 1000, "updated": 2026}}, {"type": "Feature", "geometry": {"type": "Point", "coordinates": [116.0763, 5.9804]}, "properties": {"radio": "LTE", "net": 19, "samples": 4, "range_m": 1000, "updated": 2026}}, {"type": "Feature", "geometry": {"type": "Point", "coordinates": [116.0761, 5.9792]}, "properties": {"radio": "LTE", "net": 19, "samples": 3, "range_m": 1000, "updated": 2026}}, {"type": "Feature", "geometry": {"type": "Point", "coordinates": [116.076, 5.9782]}, "properties": {"radio": "LTE", "net": 19, "samples": 2, "range_m": 1000, "updated": 2026}}, {"type": "Feature", "geometry": {"type": "Point", "coordinates": [116.0748, 5.9756]}, "properties": {"radio": "LTE", "net": 19, "samples": 14, "range_m": 1000, "updated": 2026}}, {"type": "Feature", "geometry": {"type": "Point", "coordinates": [116.0767, 5.9775]}, "properties": {"radio": "LTE", "net": 19, "samples": 2, "range_m": 1000, "updated": 2026}}, {"type": "Feature", "geometry": {"type": "Point", "coordinates": [116.0745, 5.9753]}, "properties": {"radio": "LTE", "net": 19, "samples": 4, "range_m": 1000, "updated": 2026}}, {"type": "Feature", "geometry": {"type": "Point", "coordinates": [116.074, 5.9716]}, "properties": {"radio": "LTE", "net": 19, "samples": 12, "range_m": 1000, "updated": 2026}}, {"type": "Feature", "geometry": {"type": "Point", "coordinates": [116.0733, 5.97]}, "properties": {"radio": "LTE", "net": 19, "samples": 5, "range_m": 1000, "updated": 2026}}, {"type": "Feature", "geometry": {"type": "Point", "coordinates": [116.0741, 5.9696]}, "properties": {"radio": "LTE", "net": 19, "samples": 4, "range_m": 1000, "updated": 2026}}, {"type": "Feature", "geometry": {"type": "Point", "coordinates": [116.073, 5.9692]}, "properties": {"radio": "LTE", "net": 19, "samples": 9, "range_m": 1000, "updated": 2026}}, {"type": "Feature", "geometry": {"type": "Point", "coordinates": [116.0717, 5.9667]}, "properties": {"radio": "LTE", "net": 19, "samples": 6, "range_m": 1000, "updated": 2026}}, {"type": "Feature", "geometry": {"type": "Point", "coordinates": [116.0719, 5.9666]}, "properties": {"radio": "LTE", "net": 19, "samples": 9, "range_m": 1000, "updated": 2026}}, {"type": "Feature", "geometry": {"type": "Point", "coordinates": [116.0746, 5.9677]}, "properties": {"radio": "LTE", "net": 19, "samples": 26, "range_m": 500, "updated": 2026}}, {"type": "Feature", "geometry": {"type": "Point", "coordinates": [116.0742, 5.9699]}, "properties": {"radio": "LTE", "net": 19, "samples": 5, "range_m": 1000, "updated": 2026}}, {"type": "Feature", "geometry": {"type": "Point", "coordinates": [116.0752, 5.9694]}, "properties": {"radio": "LTE", "net": 19, "samples": 2, "range_m": 1000, "updated": 2026}}, {"type": "Feature", "geometry": {"type": "Point", "coordinates": [116.0755, 5.9697]}, "properties": {"radio": "LTE", "net": 19, "samples": 2, "range_m": 1000, "updated": 2026}}, {"type": "Feature", "geometry": {"type": "Point", "coordinates": [116.0766, 5.9664]}, "properties": {"radio": "LTE", "net": 19, "samples": 5, "range_m": 1000, "updated": 2026}}, {"type": "Feature", "geometry": {"type": "Point", "coordinates": [116.0756, 5.9706]}, "properties": {"radio": "LTE", "net": 19, "samples": 2, "range_m": 1000, "updated": 2026}}, {"type": "Feature", "geometry": {"type": "Point", "coordinates": [116.0757, 5.9712]}, "properties": {"radio": "LTE", "net": 19, "samples": 1, "range_m": 1000, "updated": 2026}}, {"type": "Feature", "geometry": {"type": "Point", "coordinates": [116.075, 5.9717]}, "properties": {"radio": "LTE", "net": 19, "samples": 1, "range_m": 1000, "updated": 2026}}, {"type": "Feature", "geometry": {"type": "Point", "coordinates": [116.0749, 5.9718]}, "properties": {"radio": "LTE", "net": 19, "samples": 1, "range_m": 1000, "updated": 2026}}, {"type": "Feature", "geometry": {"type": "Point", "coordinates": [116.0735, 5.9684]}, "properties": {"radio": "LTE", "net": 19, "samples": 5, "range_m": 1000, "updated": 2026}}, {"type": "Feature", "geometry": {"type": "Point", "coordinates": [116.0778, 5.964]}, "properties": {"radio": "LTE", "net": 19, "samples": 7, "range_m": 1000, "updated": 2026}}, {"type": "Feature", "geometry": {"type": "Point", "coordinates": [116.0782, 5.962]}, "properties": {"radio": "LTE", "net": 19, "samples": 5, "range_m": 1000, "updated": 2026}}, {"type": "Feature", "geometry": {"type": "Point", "coordinates": [116.0789, 5.9594]}, "properties": {"radio": "LTE", "net": 19, "samples": 9, "range_m": 1000, "updated": 2026}}, {"type": "Feature", "geometry": {"type": "Point", "coordinates": [116.0794, 5.9575]}, "properties": {"radio": "LTE", "net": 19, "samples": 2, "range_m": 1000, "updated": 2026}}, {"type": "Feature", "geometry": {"type": "Point", "coordinates": [116.08, 5.9561]}, "properties": {"radio": "LTE", "net": 19, "samples": 7, "range_m": 1000, "updated": 2026}}, {"type": "Feature", "geometry": {"type": "Point", "coordinates": [116.0788, 5.9533]}, "properties": {"radio": "LTE", "net": 19, "samples": 13, "range_m": 1000, "updated": 2026}}, {"type": "Feature", "geometry": {"type": "Point", "coordinates": [116.0804, 5.9493]}, "properties": {"radio": "LTE", "net": 19, "samples": 7, "range_m": 1000, "updated": 2026}}, {"type": "Feature", "geometry": {"type": "Point", "coordinates": [116.0815, 5.946]}, "properties": {"radio": "LTE", "net": 19, "samples": 8, "range_m": 1000, "updated": 2026}}, {"type": "Feature", "geometry": {"type": "Point", "coordinates": [116.0822, 5.9429]}, "properties": {"radio": "LTE", "net": 19, "samples": 7, "range_m": 1000, "updated": 2026}}, {"type": "Feature", "geometry": {"type": "Point", "coordinates": [116.0789, 5.9406]}, "properties": {"radio": "LTE", "net": 19, "samples": 8, "range_m": 1000, "updated": 2026}}, {"type": "Feature", "geometry": {"type": "Point", "coordinates": [116.0747, 5.9371]}, "properties": {"radio": "LTE", "net": 19, "samples": 5, "range_m": 1000, "updated": 2026}}, {"type": "Feature", "geometry": {"type": "Point", "coordinates": [116.0724, 5.9352]}, "properties": {"radio": "LTE", "net": 19, "samples": 7, "range_m": 1000, "updated": 2026}}, {"type": "Feature", "geometry": {"type": "Point", "coordinates": [116.07, 5.933]}, "properties": {"radio": "LTE", "net": 19, "samples": 7, "range_m": 1000, "updated": 2026}}, {"type": "Feature", "geometry": {"type": "Point", "coordinates": [116.0685, 5.9317]}, "properties": {"radio": "LTE", "net": 19, "samples": 3, "range_m": 1000, "updated": 2026}}, {"type": "Feature", "geometry": {"type": "Point", "coordinates": [116.0655, 5.9284]}, "properties": {"radio": "LTE", "net": 19, "samples": 6, "range_m": 1000, "updated": 2026}}, {"type": "Feature", "geometry": {"type": "Point", "coordinates": [116.0653, 5.9258]}, "properties": {"radio": "LTE", "net": 19, "samples": 11, "range_m": 1000, "updated": 2026}}, {"type": "Feature", "geometry": {"type": "Point", "coordinates": [116.0652, 5.9254]}, "properties": {"radio": "LTE", "net": 19, "samples": 6, "range_m": 1365, "updated": 2026}}, {"type": "Feature", "geometry": {"type": "Point", "coordinates": [116.0634, 5.9199]}, "properties": {"radio": "LTE", "net": 19, "samples": 7, "range_m": 1000, "updated": 2026}}, {"type": "Feature", "geometry": {"type": "Point", "coordinates": [116.0629, 5.9161]}, "properties": {"radio": "LTE", "net": 19, "samples": 12, "range_m": 1000, "updated": 2026}}, {"type": "Feature", "geometry": {"type": "Point", "coordinates": [116.0635, 5.914]}, "properties": {"radio": "LTE", "net": 19, "samples": 6, "range_m": 1000, "updated": 2026}}, {"type": "Feature", "geometry": {"type": "Point", "coordinates": [116.0639, 5.9128]}, "properties": {"radio": "LTE", "net": 19, "samples": 6, "range_m": 1000, "updated": 2026}}, {"type": "Feature", "geometry": {"type": "Point", "coordinates": [116.0646, 5.9124]}, "properties": {"radio": "LTE", "net": 19, "samples": 2, "range_m": 1000, "updated": 2026}}, {"type": "Feature", "geometry": {"type": "Point", "coordinates": [116.0642, 5.9134]}, "properties": {"radio": "LTE", "net": 19, "samples": 6, "range_m": 1000, "updated": 2026}}, {"type": "Feature", "geometry": {"type": "Point", "coordinates": [116.0642, 5.9132]}, "properties": {"radio": "LTE", "net": 19, "samples": 1, "range_m": 1000, "updated": 2026}}, {"type": "Feature", "geometry": {"type": "Point", "coordinates": [116.0642, 5.9132]}, "properties": {"radio": "LTE", "net": 19, "samples": 1, "range_m": 1000, "updated": 2026}}, {"type": "Feature", "geometry": {"type": "Point", "coordinates": [116.0642, 5.9132]}, "properties": {"radio": "LTE", "net": 19, "samples": 1, "range_m": 1000, "updated": 2026}}, {"type": "Feature", "geometry": {"type": "Point", "coordinates": [116.0642, 5.9132]}, "properties": {"radio": "LTE", "net": 19, "samples": 1, "range_m": 1000, "updated": 2026}}, {"type": "Feature", "geometry": {"type": "Point", "coordinates": [116.0642, 5.9132]}, "properties": {"radio": "LTE", "net": 19, "samples": 1, "range_m": 1000, "updated": 2026}}, {"type": "Feature", "geometry": {"type": "Point", "coordinates": [116.0642, 5.9132]}, "properties": {"radio": "LTE", "net": 19, "samples": 1, "range_m": 1000, "updated": 2026}}, {"type": "Feature", "geometry": {"type": "Point", "coordinates": [116.0642, 5.9132]}, "properties": {"radio": "LTE", "net": 19, "samples": 1, "range_m": 1000, "updated": 2026}}, {"type": "Feature", "geometry": {"type": "Point", "coordinates": [116.0642, 5.9132]}, "properties": {"radio": "LTE", "net": 19, "samples": 1, "range_m": 1000, "updated": 2026}}, {"type": "Feature", "geometry": {"type": "Point", "coordinates": [116.0642, 5.9132]}, "properties": {"radio": "LTE", "net": 19, "samples": 1, "range_m": 1000, "updated": 2026}}, {"type": "Feature", "geometry": {"type": "Point", "coordinates": [116.0645, 5.9135]}, "properties": {"radio": "LTE", "net": 19, "samples": 3, "range_m": 1000, "updated": 2026}}, {"type": "Feature", "geometry": {"type": "Point", "coordinates": [116.0642, 5.9132]}, "properties": {"radio": "LTE", "net": 19, "samples": 1, "range_m": 1000, "updated": 2026}}, {"type": "Feature", "geometry": {"type": "Point", "coordinates": [116.0642, 5.9132]}, "properties": {"radio": "LTE", "net": 19, "samples": 1, "range_m": 1000, "updated": 2026}}, {"type": "Feature", "geometry": {"type": "Point", "coordinates": [116.0642, 5.9132]}, "properties": {"radio": "LTE", "net": 19, "samples": 1, "range_m": 1000, "updated": 2026}}, {"type": "Feature", "geometry": {"type": "Point", "coordinates": [116.0642, 5.9132]}, "properties": {"radio": "LTE", "net": 19, "samples": 1, "range_m": 1000, "updated": 2026}}, {"type": "Feature", "geometry": {"type": "Point", "coordinates": [116.0642, 5.9132]}, "properties": {"radio": "LTE", "net": 19, "samples": 1, "range_m": 1000, "updated": 2026}}, {"type": "Feature", "geometry": {"type": "Point", "coordinates": [116.0642, 5.9132]}, "properties": {"radio": "LTE", "net": 19, "samples": 1, "range_m": 1000, "updated": 2026}}, {"type": "Feature", "geometry": {"type": "Point", "coordinates": [116.0642, 5.9132]}, "properties": {"radio": "LTE", "net": 19, "samples": 1, "range_m": 1000, "updated": 2026}}, {"type": "Feature", "geometry": {"type": "Point", "coordinates": [116.0642, 5.9132]}, "properties": {"radio": "LTE", "net": 19, "samples": 1, "range_m": 1000, "updated": 2026}}, {"type": "Feature", "geometry": {"type": "Point", "coordinates": [116.0642, 5.9132]}, "properties": {"radio": "LTE", "net": 19, "samples": 1, "range_m": 1000, "updated": 2026}}, {"type": "Feature", "geometry": {"type": "Point", "coordinates": [116.0642, 5.9132]}, "properties": {"radio": "LTE", "net": 19, "samples": 1, "range_m": 1000, "updated": 2026}}, {"type": "Feature", "geometry": {"type": "Point", "coordinates": [116.0642, 5.9132]}, "properties": {"radio": "LTE", "net": 19, "samples": 1, "range_m": 1000, "updated": 2026}}, {"type": "Feature", "geometry": {"type": "Point", "coordinates": [116.0644, 5.9134]}, "properties": {"radio": "LTE", "net": 19, "samples": 2, "range_m": 1000, "updated": 2026}}, {"type": "Feature", "geometry": {"type": "Point", "coordinates": [116.8321, 6.95]}, "properties": {"radio": "LTE", "net": 19, "samples": 4, "range_m": 1000, "updated": 2026}}, {"type": "Feature", "geometry": {"type": "Point", "coordinates": [116.8321, 6.95]}, "properties": {"radio": "LTE", "net": 19, "samples": 1, "range_m": 1000, "updated": 2026}}, {"type": "Feature", "geometry": {"type": "Point", "coordinates": [116.8321, 6.95]}, "properties": {"radio": "LTE", "net": 19, "samples": 1, "range_m": 1000, "updated": 2026}}, {"type": "Feature", "geometry": {"type": "Point", "coordinates": [116.8321, 6.9501]}, "properties": {"radio": "LTE", "net": 19, "samples": 1, "range_m": 1000, "updated": 2026}}, {"type": "Feature", "geometry": {"type": "Point", "coordinates": [116.8322, 6.95]}, "properties": {"radio": "LTE", "net": 13, "samples": 1, "range_m": 1000, "updated": 2026}}, {"type": "Feature", "geometry": {"type": "Point", "coordinates": [116.8322, 6.95]}, "properties": {"radio": "GSM", "net": 13, "samples": 1, "range_m": 1000, "updated": 2026}}, {"type": "Feature", "geometry": {"type": "Point", "coordinates": [116.8322, 6.95]}, "properties": {"radio": "GSM", "net": 13, "samples": 1, "range_m": 1000, "updated": 2026}}, {"type": "Feature", "geometry": {"type": "Point", "coordinates": [116.1087, 5.9284]}, "properties": {"radio": "LTE", "net": 19, "samples": 10, "range_m": 1000, "updated": 2026}}, {"type": "Feature", "geometry": {"type": "Point", "coordinates": [116.1086, 5.9285]}, "properties": {"radio": "LTE", "net": 19, "samples": 4, "range_m": 1000, "updated": 2026}}, {"type": "Feature", "geometry": {"type": "Point", "coordinates": [116.1087, 5.9283]}, "properties": {"radio": "LTE", "net": 19, "samples": 7, "range_m": 1000, "updated": 2026}}, {"type": "Feature", "geometry": {"type": "Point", "coordinates": [116.1086, 5.9283]}, "properties": {"radio": "LTE", "net": 19, "samples": 3, "range_m": 1000, "updated": 2026}}, {"type": "Feature", "geometry": {"type": "Point", "coordinates": [116.1087, 5.9283]}, "properties": {"radio": "LTE", "net": 19, "samples": 4, "range_m": 1000, "updated": 2026}}, {"type": "Feature", "geometry": {"type": "Point", "coordinates": [116.1087, 5.9283]}, "properties": {"radio": "LTE", "net": 19, "samples": 4, "range_m": 1000, "updated": 2026}}, {"type": "Feature", "geometry": {"type": "Point", "coordinates": [116.1086, 5.9283]}, "properties": {"radio": "LTE", "net": 19, "samples": 2, "range_m": 1000, "updated": 2026}}, {"type": "Feature", "geometry": {"type": "Point", "coordinates": [116.1087, 5.9284]}, "properties": {"radio": "LTE", "net": 19, "samples": 2, "range_m": 1000, "updated": 2026}}]}