radius_km,mast_id,mast_lat,mast_lon,s_id,s_lat,s_lon,dist_km,chosen_by_distance,min_clear_m,los,fresnel,voids,usable
3,S0033,6.4764024,116.8436982,S1190,6.4860679,116.8662016,2.709,1,9.2,True,True,0,True
3,S0038,6.5228172,116.5023056,S0274,6.5215802,116.5176299,1.699,1,10.1,True,True,0,True
3,S0041,6.4565219,116.5024247,S0364,6.4821376,116.4939753,2.997,1,8.1,True,True,0,True
3,S0041,6.4565219,116.5024247,S0365,6.4635833,116.4878031,1.796,1,9.6,True,True,0,True
3,S0041,6.4565219,116.5024247,S0394,6.4442068,116.5127843,1.785,1,8.3,True,True,0,True
3,S0042,5.3132388,116.4101726,S0629,5.3214327,116.4157143,1.098,1,1.3,True,False,0,True
3,S0042,5.3132388,116.4101726,S0631,5.3030662,116.3959753,1.937,1,3.1,True,False,0,True
3,S0044,5.2313137,116.3580845,S0693,5.2181166,116.344786,2.079,1,6.7,True,False,0,True
3,S0044,5.2313137,116.3580845,S0697,5.2419511,116.3674556,1.573,1,10.0,True,True,0,True
3,S0044,5.2313137,116.3580845,S0700,5.2314063,116.3720737,1.549,1,10.1,True,True,0,True
3,S0044,5.2313137,116.3580845,S0702,5.2312481,116.358671,0.065,1,10.1,True,True,0,True
3,S0044,5.2313137,116.3580845,S0703,5.2413062,116.3539969,1.2,1,7.2,True,True,0,True
3,S0048,5.9303108,116.7709674,S0872,5.9384793,116.7797184,1.327,0,12.1,True,True,0,True
3,S0048,5.9303108,116.7709674,S0886,5.9452917,116.7695968,1.673,0,-7.1,False,False,0,True
3,S0049,5.2732968,116.3747193,S0623,5.292031,116.3884042,2.576,0,6.1,True,False,0,True
3,S0049,5.2732968,116.3747193,S0632,5.2832779,116.379809,1.245,0,8.4,True,True,0,True
3,S0049,5.2732968,116.3747193,S0634,5.2882954,116.3810541,1.809,0,5.5,True,False,0,True
3,S0049,5.2732968,116.3747193,S0638,5.2601226,116.3734017,1.472,0,8.0,True,True,0,True
3,S0049,5.2732968,116.3747193,S0639,5.2593984,116.3756262,1.549,0,1.5,True,False,0,True
3,S0053,5.2908601,116.0344046,S0707,5.3012077,116.0350168,1.153,0,9.9,True,True,0,True
3,S0053,5.2908601,116.0344046,S0746,5.3050012,116.0470604,2.106,0,-6.5,False,False,0,True
3,S0053,5.2908601,116.0344046,S0752,5.2886435,116.0349977,0.255,0,10.1,True,True,0,True
3,S0053,5.2908601,116.0344046,S0718,5.3025712,116.0534426,2.478,0,-43.3,False,False,0,True
3,S0057,5.4228974,116.209765,S0679,5.4190511,116.2334792,2.66,1,-1.8,False,False,0,True
3,S0057,5.4228974,116.209765,S0688,5.4307567,116.2278076,2.18,1,9.3,True,True,0,True
3,S0057,5.4228974,116.209765,S0689,5.4176834,116.227837,2.083,1,10.0,True,True,0,True
3,S0057,5.4228974,116.209765,S0758,5.4385565,116.1878393,2.987,1,3.3,True,False,0,True
3,S0057,5.4228974,116.209765,S0769,5.4328911,116.1968184,1.813,1,2.6,True,False,0,True
3,S0057,5.4228974,116.209765,S1076,5.4127509,116.2331743,2.826,1,0.2,True,False,0,True
3,S0060,6.1135252,116.8611805,S0915,6.126042,116.863994,1.426,1,10.1,True,True,0,True
3,S0060,6.1135252,116.8611805,S0931,6.1160327,116.863674,0.392,1,9.2,True,True,0,True
3,S0060,6.1135252,116.8611805,S0944,6.1141163,116.8612539,0.066,1,10.1,True,True,0,True
3,S0062,5.4587899,116.2736526,S0664,5.4542071,116.2578834,1.818,1,5.0,True,False,0,True
3,S0062,5.4587899,116.2736526,S0667,5.4797716,116.2752866,2.34,1,9.4,True,True,0,True
3,S0062,5.4587899,116.2736526,S0668,5.4489856,116.2702798,1.152,1,7.4,True,True,0,True
3,S0062,5.4587899,116.2736526,S0670,5.4728503,116.2654893,1.806,1,4.3,True,False,0,True
3,S0062,5.4587899,116.2736526,S0674,5.4455835,116.2688726,1.561,1,9.8,True,True,0,True
3,S0062,5.4587899,116.2736526,S0675,5.4585487,116.2659994,0.848,1,10.0,True,True,0,True
3,S0062,5.4587899,116.2736526,S0676,5.4464732,116.267259,1.542,1,8.4,True,True,0,True
3,S0062,5.4587899,116.2736526,S0677,5.4816186,116.2690947,2.588,1,8.7,True,True,0,True
3,S0062,5.4587899,116.2736526,S0678,5.4582441,116.2733047,0.072,1,10.1,True,True,0,True
3,S0062,5.4587899,116.2736526,S0680,5.4623131,116.2811304,0.916,1,10.0,True,True,0,True
3,S0062,5.4587899,116.2736526,S0681,5.4719211,116.2803596,1.638,1,8.2,True,True,0,True
3,S0062,5.4587899,116.2736526,S0683,5.4676301,116.2678351,1.175,1,9.9,True,True,0,True
3,S0062,5.4587899,116.2736526,S0684,5.455013,116.2639664,1.151,1,8.5,True,True,0,True
3,S0062,5.4587899,116.2736526,S0685,5.451431,116.2568816,2.029,1,1.6,True,False,0,True
3,S0062,5.4587899,116.2736526,S0687,5.4457484,116.2570889,2.338,1,5.9,True,False,0,True
3,S0063,6.108734,116.8184033,S0928,6.1095094,116.8182326,0.088,1,10.0,True,True,0,True
3,S0063,6.108734,116.8184033,S0941,6.119726,116.7986317,2.504,1,4.0,True,True,0,True
3,S0066,5.4146548,116.5084813,S0614,5.4257658,116.5207264,1.834,1,2.7,True,False,0,True
3,S0066,5.4146548,116.5084813,S0618,5.4025431,116.4863082,2.8,1,-64.0,False,False,0,True
3,S0077,5.7908133,116.8168422,S0856,5.7919059,116.811607,0.592,1,10.0,True,True,0,True
3,S0077,5.7908133,116.8168422,S0862,5.797142,116.8189854,0.743,1,-2.6,False,False,0,True
3,S0077,5.7908133,116.8168422,S0870,5.788846,116.8179208,0.249,1,10.0,True,True,0,True
3,S0077,5.7908133,116.8168422,S0875,5.7984346,116.8143039,0.893,1,8.7,True,True,0,True
3,S0078,5.8641269,116.5839984,S0988,5.8670441,116.5672761,1.878,1,-118.4,False,False,0,True
3,S0078,5.8641269,116.5839984,S1008,5.864768,116.578317,0.632,1,5.2,True,True,0,True
3,S0078,5.8641269,116.5839984,S1020,5.8730698,116.5840241,0.994,1,7.8,True,True,0,True
3,S0083,5.4526327,115.6245849,S0188,5.44141,115.6382102,1.958,1,8.6,True,False,0,True
3,S0088,5.4071403,115.6728513,S0186,5.3968433,115.6876589,2.0,1,12.1,True,True,0,True
3,S0088,5.4071403,115.6728513,S0187,5.4023466,115.6848433,1.431,1,8.9,True,True,0,True
3,S0088,5.4071403,115.6728513,S0189,5.4223745,115.6640257,1.956,1,8.1,True,True,0,True
3,S0088,5.4071403,115.6728513,S0191,5.4164768,115.6768857,1.13,1,9.6,True,True,0,True
3,S0111,5.0186735,115.9059101,S1294,5.009984,115.9218609,2.014,0,7.0,True,True,0,True
3,S0114,5.1423979,116.289617,S1074,5.1381847,116.2829209,0.877,1,7.7,True,True,0,True
3,S0130,4.7181021,116.4422487,S0553,4.7138076,116.4598441,2.008,0,-9.8,False,False,0,True
3,S0130,4.7181021,116.4422487,S0555,4.7247292,116.4472719,0.924,0,-9.9,False,False,0,True
3,S0130,4.7181021,116.4422487,S0556,4.7125431,116.4669454,2.806,0,-6.3,False,False,0,True
3,S0130,4.7181021,116.4422487,S0559,4.7157558,116.4513129,1.038,0,-16.9,False,False,0,True
3,S0132,6.0508758,116.2835896,S1386,6.0582824,116.282368,0.835,1,3.1,True,False,0,True
3,S0135,5.5142364,115.5361321,S0256,5.4994293,115.5463513,1.998,1,10.1,True,True,0,True
3,S0159,5.2967088,115.3584871,S0257,5.3040795,115.3690652,1.429,1,8.2,True,True,0,True
3,S0162,4.7053675,116.4807819,S0533,4.7154608,116.47698,1.199,0,-15.5,False,False,0,True
3,S0162,4.7053675,116.4807819,S0553,4.7138076,116.4598441,2.503,0,-16.0,False,False,0,True
3,S0162,4.7053675,116.4807819,S0556,4.7125431,116.4669454,1.729,0,-16.9,False,False,0,True
3,S0166,6.661511,117.2077305,S0456,6.6648177,117.2073658,0.37,1,10.1,True,True,0,True
3,S0178,6.2383709,116.2825212,S0240,6.2443677,116.2902122,1.08,1,-4.6,False,False,0,True
3,S0179,6.3240036,116.3743229,S0360,6.3219835,116.3868016,1.397,1,-129.2,False,False,0,True
3,S0179,6.3240036,116.3743229,S0404,6.3239734,116.3515484,2.517,1,10.3,True,True,0,True
3,S0181,5.8241814,117.4379987,S0466,5.8344594,117.4367943,1.151,1,9.3,True,True,0,True
3,S0185,6.0282512,116.4629369,S0417,6.0279292,116.4434492,2.155,1,-142.6,False,False,0,True
3,S0185,6.0282512,116.4629369,S0419,6.0325619,116.4855496,2.546,1,10.3,True,True,0,True
3,S0185,6.0282512,116.4629369,S0420,6.0132916,116.4791545,2.446,1,-3.3,False,False,0,True
3,S0186,5.3968433,115.6876589,S0088,5.4071403,115.6728513,2.0,0,7.4,True,True,0,True
3,S0186,5.3968433,115.6876589,S0187,5.4023466,115.6848433,0.687,0,4.5,True,True,0,True
3,S0186,5.3968433,115.6876589,S0191,5.4164768,115.6768857,2.488,0,9.3,True,True,0,True
3,S0187,5.4023466,115.6848433,S0088,5.4071403,115.6728513,1.431,0,8.0,True,True,0,True
3,S0187,5.4023466,115.6848433,S0186,5.3968433,115.6876589,0.687,0,10.0,True,True,0,True
3,S0187,5.4023466,115.6848433,S0191,5.4164768,115.6768857,1.801,0,9.3,True,True,0,True
3,S0188,5.44141,115.6382102,S0083,5.4526327,115.6245849,1.958,0,7.1,True,False,0,True
3,S0189,5.4223745,115.6640257,S0088,5.4071403,115.6728513,1.956,0,10.1,True,True,0,True
3,S0189,5.4223745,115.6640257,S0191,5.4164768,115.6768857,1.567,0,9.2,True,True,0,True
3,S0191,5.4164768,115.6768857,S0088,5.4071403,115.6728513,1.13,0,8.2,True,True,0,True
3,S0191,5.4164768,115.6768857,S0186,5.3968433,115.6876589,2.488,0,8.3,True,True,0,True
3,S0191,5.4164768,115.6768857,S0187,5.4023466,115.6848433,1.801,0,9.5,True,True,0,True
3,S0191,5.4164768,115.6768857,S0189,5.4223745,115.6640257,1.567,0,7.3,True,True,0,True
3,S0196,5.9479941,118.014302,S1365,5.9484425,118.0140645,0.056,1,10.1,True,True,0,True
3,S0202,5.4070377,117.9501832,S0261,5.4061473,117.9516956,0.195,1,6.3,True,True,0,True
3,S0202,5.4070377,117.9501832,S0262,5.4200674,117.9418331,1.719,1,1.7,True,False,0,True
3,S0205,5.9696538,117.9102422,S1366,5.9945988,117.9113975,2.777,1,11.0,True,True,0,True
3,S0214,6.3056896,116.4403454,S0215,6.283342,116.453604,2.885,1,-22.3,False,False,0,True
3,S0214,6.3056896,116.4403454,S0345,6.2888642,116.4473655,2.025,1,-13.8,False,False,0,True
3,S0215,6.283342,116.453604,S0214,6.3056896,116.4403454,2.885,0,-23.2,False,False,0,True
3,S0215,6.283342,116.453604,S0216,6.281577,116.457519,0.475,0,10.0,True,True,0,True
3,S0215,6.283342,116.453604,S0344,6.2647561,116.4537819,2.067,0,10.0,True,True,0,True
3,S0215,6.283342,116.453604,S0345,6.2888642,116.4473655,0.923,0,6.4,True,True,0,True
3,S0216,6.281577,116.457519,S0215,6.283342,116.453604,0.475,0,10.0,True,True,0,True
3,S0216,6.281577,116.457519,S0343,6.2556724,116.4596676,2.89,0,9.2,True,True,0,True
3,S0216,6.281577,116.457519,S0344,6.2647561,116.4537819,1.915,0,9.9,True,True,0,True
3,S0216,6.281577,116.457519,S0345,6.2888642,116.4473655,1.384,0,3.9,True,False,0,True
3,S0240,6.2443677,116.2902122,S0178,6.2383709,116.2825212,1.08,0,6.1,True,True,0,True
3,S0242,6.3120478,116.7332936,S0379,6.3363692,116.7327757,2.705,1,10.0,True,True,0,True
3,S0243,6.3871847,116.7747033,S0383,6.3795511,116.7597414,1.859,1,-3.7,False,False,0,True
3,S0256,5.4994293,115.5463513,S0135,5.5142364,115.5361321,1.998,0,1.3,True,False,0,True
3,S0257,5.3040795,115.3690652,S0159,5.2967088,115.3584871,1.429,0,10.0,True,True,0,True
3,S0261,5.4061473,117.9516956,S0202,5.4070377,117.9501832,0.195,0,10.1,True,True,0,True
3,S0261,5.4061473,117.9516956,S0262,5.4200674,117.9418331,1.894,0,1.7,True,False,0,True
3,S0262,5.4200674,117.9418331,S0202,5.4070377,117.9501832,1.719,0,3.9,True,False,0,True
3,S0262,5.4200674,117.9418331,S0261,5.4061473,117.9516956,1.894,0,6.7,True,False,0,True
3,S0273,6.4544107,116.8012118,S0384,6.4390311,116.8076006,1.85,1,6.9,True,True,0,True
3,S0274,6.5215802,116.5176299,S0038,6.5228172,116.5023056,1.699,0,6.9,True,True,0,True
3,S0279,6.8828641,116.6805184,S0280,6.8728835,116.6760968,1.212,1,9.6,True,True,0,True
3,S0280,6.8728835,116.6760968,S0279,6.8828641,116.6805184,1.212,0,10.0,True,True,0,True
3,S0284,6.1615009,116.7975091,S0940,6.15882,116.7789947,2.068,0,-21.9,False,False,0,True
3,S0307,6.3129372,116.3458603,S0404,6.3239734,116.3515484,1.379,1,-2.5,False,False,0,True
3,S0307,6.3129372,116.3458603,S0406,6.3394007,116.3431186,2.958,1,-82.7,False,False,0,True
3,S0307,6.3129372,116.3458603,S0407,6.3064939,116.3280651,2.093,1,-75.6,False,False,0,True
3,S0307,6.3129372,116.3458603,S0410,6.3000554,116.328518,2.393,1,-62.3,False,False,0,True
3,S0315,6.2285288,116.4551222,S0316,6.2251585,116.4491033,0.764,1,10.0,True,True,0,True
3,S0315,6.2285288,116.4551222,S0318,6.2186365,116.4523971,1.14,1,-57.5,False,False,0,True
3,S0315,6.2285288,116.4551222,S0319,6.2360746,116.4494384,1.048,1,9.1,True,True,0,True
3,S0315,6.2285288,116.4551222,S0320,6.2137719,116.4515128,1.689,1,-44.6,False,False,0,True
3,S0315,6.2285288,116.4551222,S0321,6.2065818,116.4454789,2.663,1,-31.0,False,False,0,True
3,S0315,6.2285288,116.4551222,S0339,6.2473825,116.4525488,2.116,1,8.5,True,True,0,True
3,S0315,6.2285288,116.4551222,S0340,6.2495427,116.451671,2.368,1,9.2,True,True,0,True
3,S0315,6.2285288,116.4551222,S0346,6.2399444,116.4347245,2.587,1,-70.0,False,False,0,True
3,S0315,6.2285288,116.4551222,S0348,6.2514125,116.4612922,2.634,1,-53.9,False,False,0,True
3,S0315,6.2285288,116.4551222,S0366,6.2218072,116.4428194,1.552,1,9.8,True,True,0,True
3,S0315,6.2285288,116.4551222,S0372,6.2275471,116.4499,0.587,1,10.1,True,True,0,True
3,S0315,6.2285288,116.4551222,S0403,6.2493073,116.4626154,2.454,1,-76.7,False,False,0,True
3,S0316,6.2251585,116.4491033,S0315,6.2285288,116.4551222,0.764,0,9.4,True,True,0,True
3,S0316,6.2251585,116.4491033,S0318,6.2186365,116.4523971,0.811,0,9.8,True,True,0,True
3,S0316,6.2251585,116.4491033,S0319,6.2360746,116.4494384,1.214,0,-37.0,False,False,0,True
3,S0316,6.2251585,116.4491033,S0320,6.2137719,116.4515128,1.294,0,3.5,True,False,0,True
3,S0316,6.2251585,116.4491033,S0321,6.2065818,116.4454789,2.104,0,-49.0,False,False,0,True
3,S0316,6.2251585,116.4491033,S0322,6.1992736,116.4466573,2.891,0,-29.5,False,False,0,True
3,S0316,6.2251585,116.4491033,S0339,6.2473825,116.4525488,2.5,0,-24.5,False,False,0,True
3,S0316,6.2251585,116.4491033,S0340,6.2495427,116.451671,2.726,0,-28.6,False,False,0,True
3,S0316,6.2251585,116.4491033,S0346,6.2399444,116.4347245,2.287,0,-65.4,False,False,0,True
3,S0316,6.2251585,116.4491033,S0366,6.2218072,116.4428194,0.788,0,9.6,True,True,0,True
3,S0316,6.2251585,116.4491033,S0372,6.2275471,116.4499,0.28,0,10.1,True,True,0,True
3,S0318,6.2186365,116.4523971,S0315,6.2285288,116.4551222,1.14,0,-51.1,False,False,0,True
3,S0318,6.2186365,116.4523971,S0316,6.2251585,116.4491033,0.811,0,10.1,True,True,0,True
3,S0318,6.2186365,116.4523971,S0319,6.2360746,116.4494384,1.966,0,-24.0,False,False,0,True
3,S0318,6.2186365,116.4523971,S0320,6.2137719,116.4515128,0.55,0,8.7,True,True,0,True
3,S0318,6.2186365,116.4523971,S0321,6.2065818,116.4454789,1.543,0,-21.9,False,False,0,True
3,S0318,6.2186365,116.4523971,S0322,6.1992736,116.4466573,2.245,0,-18.1,False,False,0,True
3,S0318,6.2186365,116.4523971,S0366,6.2218072,116.4428194,1.116,0,-3.2,False,False,0,True
3,S0318,6.2186365,116.4523971,S0372,6.2275471,116.4499,1.029,0,-16.4,False,False,0,True
3,S0319,6.2360746,116.4494384,S0315,6.2285288,116.4551222,1.048,0,8.1,True,True,0,True
3,S0319,6.2360746,116.4494384,S0316,6.2251585,116.4491033,1.214,0,-33.5,False,False,0,True
3,S0319,6.2360746,116.4494384,S0318,6.2186365,116.4523971,1.966,0,-36.1,False,False,0,True
3,S0319,6.2360746,116.4494384,S0320,6.2137719,116.4515128,2.491,0,-11.5,False,False,0,True
3,S0319,6.2360746,116.4494384,S0339,6.2473825,116.4525488,1.304,0,11.2,True,True,0,True
3,S0319,6.2360746,116.4494384,S0340,6.2495427,116.451671,1.518,0,9.7,True,True,0,True
3,S0319,6.2360746,116.4494384,S0343,6.2556724,116.4596676,2.455,0,7.3,True,True,0,True
3,S0319,6.2360746,116.4494384,S0346,6.2399444,116.4347245,1.682,0,-23.5,False,False,0,True
3,S0319,6.2360746,116.4494384,S0348,6.2514125,116.4612922,2.151,0,-24.3,False,False,0,True
3,S0319,6.2360746,116.4494384,S0366,6.2218072,116.4428194,1.747,0,-54.0,False,False,0,True
3,S0319,6.2360746,116.4494384,S0372,6.2275471,116.4499,0.95,0,-29.1,False,False,0,True
3,S0319,6.2360746,116.4494384,S0403,6.2493073,116.4626154,2.07,0,-35.6,False,False,0,True
3,S0320,6.2137719,116.4515128,S0315,6.2285288,116.4551222,1.689,0,-47.1,False,False,0,True
3,S0320,6.2137719,116.4515128,S0316,6.2251585,116.4491033,1.294,0,14.2,True,True,0,True
3,S0320,6.2137719,116.4515128,S0318,6.2186365,116.4523971,0.55,0,10.1,True,True,0,True
3,S0320,6.2137719,116.4515128,S0319,6.2360746,116.4494384,2.491,0,-23.8,False,False,0,True
3,S0320,6.2137719,116.4515128,S0321,6.2065818,116.4454789,1.041,0,-13.0,False,False,0,True
3,S0320,6.2137719,116.4515128,S0322,6.1992736,116.4466573,1.699,0,-14.9,False,False,0,True
3,S0320,6.2137719,116.4515128,S0366,6.2218072,116.4428194,1.312,0,-9.9,False,False,0,True
3,S0320,6.2137719,116.4515128,S0372,6.2275471,116.4499,1.542,0,10.2,True,True,0,True
3,S0321,6.2065818,116.4454789,S0315,6.2285288,116.4551222,2.663,1,-40.2,False,False,0,True
3,S0321,6.2065818,116.4454789,S0316,6.2251585,116.4491033,2.104,1,-46.7,False,False,0,True
3,S0321,6.2065818,116.4454789,S0318,6.2186365,116.4523971,1.543,1,-9.5,False,False,0,True
3,S0321,6.2065818,116.4454789,S0320,6.2137719,116.4515128,1.041,1,-3.6,False,False,0,True
3,S0321,6.2065818,116.4454789,S0322,6.1992736,116.4466573,0.823,1,-19.3,False,False,0,True
3,S0321,6.2065818,116.4454789,S0338,6.1852478,116.4455836,2.372,1,-30.3,False,False,0,True
3,S0321,6.2065818,116.4454789,S0366,6.2218072,116.4428194,1.718,1,-43.8,False,False,0,True
3,S0321,6.2065818,116.4454789,S0372,6.2275471,116.4499,2.382,1,-34.7,False,False,0,True
3,S0322,6.1992736,116.4466573,S0316,6.2251585,116.4491033,2.891,0,-35.3,False,False,0,True
3,S0322,6.1992736,116.4466573,S0318,6.2186365,116.4523971,2.245,0,-11.1,False,False,0,True
3,S0322,6.1992736,116.4466573,S0320,6.2137719,116.4515128,1.699,0,-1.8,False,False,0,True
3,S0322,6.1992736,116.4466573,S0321,6.2065818,116.4454789,0.823,0,-14.3,False,False,0,True
3,S0322,6.1992736,116.4466573,S0338,6.1852478,116.4455836,1.564,0,10.1,True,True,0,True
3,S0322,6.1992736,116.4466573,S0366,6.2218072,116.4428194,2.541,0,-46.1,False,False,0,True
3,S0333,6.1239943,116.4532593,S0334,6.1466984,116.445671,2.66,1,-81.8,False,False,0,True
3,S0333,6.1239943,116.4532593,S0413,6.1388087,116.4522523,1.651,1,-108.3,False,False,0,True
3,S0334,6.1466984,116.445671,S0333,6.1239943,116.4532593,2.66,0,-88.4,False,False,0,True
3,S0334,6.1466984,116.445671,S0413,6.1388087,116.4522523,1.14,0,-32.3,False,False,0,True
3,S0338,6.1852478,116.4455836,S0321,6.2065818,116.4454789,2.372,0,-40.3,False,False,0,True
3,S0338,6.1852478,116.4455836,S0322,6.1992736,116.4466573,1.564,0,6.8,True,True,0,True
3,S0339,6.2473825,116.4525488,S0315,6.2285288,116.4551222,2.116,0,5.9,True,True,0,True
3,S0339,6.2473825,116.4525488,S0316,6.2251585,116.4491033,2.5,0,-32.6,False,False,0,True
3,S0339,6.2473825,116.4525488,S0319,6.2360746,116.4494384,1.304,0,9.8,True,True,0,True
3,S0339,6.2473825,116.4525488,S0340,6.2495427,116.451671,0.259,0,8.8,True,True,0,True
3,S0339,6.2473825,116.4525488,S0341,6.2491271,116.4754237,2.536,0,-51.2,False,False,0,True
3,S0339,6.2473825,116.4525488,S0343,6.2556724,116.4596676,1.212,0,6.5,True,True,0,True
3,S0339,6.2473825,116.4525488,S0344,6.2647561,116.4537819,1.937,0,0.2,True,False,0,True
3,S0339,6.2473825,116.4525488,S0346,6.2399444,116.4347245,2.137,0,-74.1,False,False,0,True
3,S0339,6.2473825,116.4525488,S0348,6.2514125,116.4612922,1.065,0,4.1,True,True,0,True
3,S0339,6.2473825,116.4525488,S0372,6.2275471,116.4499,2.225,0,-30.8,False,False,0,True
3,S0339,6.2473825,116.4525488,S0403,6.2493073,116.4626154,1.133,0,-21.9,False,False,0,True
3,S0340,6.2495427,116.451671,S0315,6.2285288,116.4551222,2.368,0,6.5,True,True,0,True
3,S0340,6.2495427,116.451671,S0316,6.2251585,116.4491033,2.726,0,-37.9,False,False,0,True
3,S0340,6.2495427,116.451671,S0319,6.2360746,116.4494384,1.518,0,10.0,True,True,0,True
3,S0340,6.2495427,116.451671,S0339,6.2473825,116.4525488,0.259,0,10.1,True,True,0,True
3,S0340,6.2495427,116.451671,S0341,6.2491271,116.4754237,2.626,0,-41.8,False,False,0,True
3,S0340,6.2495427,116.451671,S0343,6.2556724,116.4596676,1.116,0,9.3,True,True,0,True
3,S0340,6.2495427,116.451671,S0344,6.2647561,116.4537819,1.708,0,9.5,True,True,0,True
3,S0340,6.2495427,116.451671,S0346,6.2399444,116.4347245,2.156,0,-51.9,False,False,0,True
3,S0340,6.2495427,116.451671,S0348,6.2514125,116.4612922,1.084,0,10.1,True,True,0,True
3,S0340,6.2495427,116.451671,S0372,6.2275471,116.4499,2.454,0,-26.8,False,False,0,True
3,S0340,6.2495427,116.451671,S0403,6.2493073,116.4626154,1.21,0,-0.7,False,False,0,True
3,S0341,6.2491271,116.4754237,S0339,6.2473825,116.4525488,2.536,0,-40.3,False,False,0,True
3,S0341,6.2491271,116.4754237,S0340,6.2495427,116.451671,2.626,0,-28.8,False,False,0,True
3,S0341,6.2491271,116.4754237,S0343,6.2556724,116.4596676,1.888,0,-38.2,False,False,0,True
3,S0341,6.2491271,116.4754237,S0344,6.2647561,116.4537819,2.957,0,-25.2,False,False,0,True
3,S0341,6.2491271,116.4754237,S0348,6.2514125,116.4612922,1.583,0,-39.8,False,False,0,True
3,S0341,6.2491271,116.4754237,S0403,6.2493073,116.4626154,1.416,0,-41.1,False,False,0,True
3,S0343,6.2556724,116.4596676,S0216,6.281577,116.457519,2.89,0,0.1,True,False,0,True
3,S0343,6.2556724,116.4596676,S0319,6.2360746,116.4494384,2.455,0,9.8,True,True,0,True
3,S0343,6.2556724,116.4596676,S0339,6.2473825,116.4525488,1.212,0,6.4,True,True,0,True
3,S0343,6.2556724,116.4596676,S0340,6.2495427,116.451671,1.116,0,10.0,True,True,0,True
3,S0343,6.2556724,116.4596676,S0341,6.2491271,116.4754237,1.888,0,-50.4,False,False,0,True
3,S0343,6.2556724,116.4596676,S0344,6.2647561,116.4537819,1.201,0,8.2,True,True,0,True
3,S0343,6.2556724,116.4596676,S0348,6.2514125,116.4612922,0.507,0,9.9,True,True,0,True
3,S0343,6.2556724,116.4596676,S0403,6.2493073,116.4626154,0.779,0,-17.5,False,False,0,True
3,S0344,6.2647561,116.4537819,S0215,6.283342,116.453604,2.067,1,8.7,True,True,0,True
3,S0344,6.2647561,116.4537819,S0216,6.281577,116.457519,1.915,1,10.2,True,True,0,True
3,S0344,6.2647561,116.4537819,S0339,6.2473825,116.4525488,1.937,1,4.9,True,False,0,True
3,S0344,6.2647561,116.4537819,S0340,6.2495427,116.451671,1.708,1,10.3,True,True,0,True
3,S0344,6.2647561,116.4537819,S0341,6.2491271,116.4754237,2.957,1,-40.6,False,False,0,True
3,S0344,6.2647561,116.4537819,S0343,6.2556724,116.4596676,1.201,1,10.3,True,True,0,True
3,S0344,6.2647561,116.4537819,S0345,6.2888642,116.4473655,2.773,1,-25.6,False,False,0,True
3,S0344,6.2647561,116.4537819,S0348,6.2514125,116.4612922,1.7,1,10.0,True,True,0,True
3,S0344,6.2647561,116.4537819,S0403,6.2493073,116.4626154,1.976,1,-19.9,False,False,0,True
3,S0345,6.2888642,116.4473655,S0214,6.3056896,116.4403454,2.025,0,-0.6,False,False,0,True
3,S0345,6.2888642,116.4473655,S0215,6.283342,116.453604,0.923,0,10.1,True,True,0,True
3,S0345,6.2888642,116.4473655,S0216,6.281577,116.457519,1.384,0,9.4,True,True,0,True
3,S0345,6.2888642,116.4473655,S0344,6.2647561,116.4537819,2.773,0,-15.6,False,False,0,True
3,S0346,6.2399444,116.4347245,S0315,6.2285288,116.4551222,2.587,0,-74.8,False,False,0,True
3,S0346,6.2399444,116.4347245,S0316,6.2251585,116.4491033,2.287,0,-75.1,False,False,0,True
3,S0346,6.2399444,116.4347245,S0319,6.2360746,116.4494384,1.682,0,-13.3,False,False,0,True
3,S0346,6.2399444,116.4347245,S0339,6.2473825,116.4525488,2.137,0,-74.3,False,False,0,True
3,S0346,6.2399444,116.4347245,S0340,6.2495427,116.451671,2.156,0,-49.2,False,False,0,True
3,S0346,6.2399444,116.4347245,S0366,6.2218072,116.4428194,2.206,0,-54.6,False,False,0,True
3,S0346,6.2399444,116.4347245,S0372,6.2275471,116.4499,2.171,0,-72.7,False,False,0,True
3,S0348,6.2514125,116.4612922,S0315,6.2285288,116.4551222,2.634,0,-49.4,False,False,0,True
3,S0348,6.2514125,116.4612922,S0319,6.2360746,116.4494384,2.151,0,-13.5,False,False,0,True
3,S0348,6.2514125,116.4612922,S0339,6.2473825,116.4525488,1.065,0,8.4,True,True,0,True
3,S0348,6.2514125,116.4612922,S0340,6.2495427,116.451671,1.084,0,10.0,True,True,0,True
3,S0348,6.2514125,116.4612922,S0341,6.2491271,116.4754237,1.583,0,-49.6,False,False,0,True
3,S0348,6.2514125,116.4612922,S0343,6.2556724,116.4596676,0.507,0,10.1,True,True,0,True
3,S0348,6.2514125,116.4612922,S0344,6.2647561,116.4537819,1.7,0,10.0,True,True,0,True
3,S0348,6.2514125,116.4612922,S0372,6.2275471,116.4499,2.937,0,-23.9,False,False,0,True
3,S0348,6.2514125,116.4612922,S0403,6.2493073,116.4626154,0.276,0,-1.6,False,False,0,True
3,S0351,6.2917772,116.5161892,S0352,6.2893898,116.5213042,0.625,1,9.3,True,True,0,True
3,S0352,6.2893898,116.5213042,S0351,6.2917772,116.5161892,0.625,0,9.6,True,True,0,True
3,S0355,6.0412176,116.7087175,S0960,6.0293568,116.7251583,2.246,0,-21.8,False,False,0,True
3,S0360,6.3219835,116.3868016,S0179,6.3240036,116.3743229,1.397,0,-134.2,False,False,0,True
3,S0364,6.4821376,116.4939753,S0041,6.4565219,116.5024247,2.997,0,3.0,True,False,0,True
3,S0364,6.4821376,116.4939753,S0365,6.4635833,116.4878031,2.173,0,10.1,True,True,0,True
3,S0365,6.4635833,116.4878031,S0041,6.4565219,116.5024247,1.796,0,2.1,True,False,0,True
3,S0365,6.4635833,116.4878031,S0364,6.4821376,116.4939753,2.173,0,9.1,True,True,0,True
3,S0366,6.2218072,116.4428194,S0315,6.2285288,116.4551222,1.552,0,9.6,True,True,0,True
3,S0366,6.2218072,116.4428194,S0316,6.2251585,116.4491033,0.788,0,9.8,True,True,0,True
3,S0366,6.2218072,116.4428194,S0318,6.2186365,116.4523971,1.116,0,10.2,True,True,0,True
3,S0366,6.2218072,116.4428194,S0319,6.2360746,116.4494384,1.747,0,-63.1,False,False,0,True
3,S0366,6.2218072,116.4428194,S0320,6.2137719,116.4515128,1.312,0,-11.9,False,False,0,True
3,S0366,6.2218072,116.4428194,S0321,6.2065818,116.4454789,1.718,0,-35.3,False,False,0,True
3,S0366,6.2218072,116.4428194,S0322,6.1992736,116.4466573,2.541,0,-39.5,False,False,0,True
3,S0366,6.2218072,116.4428194,S0346,6.2399444,116.4347245,2.206,0,-59.0,False,False,0,True
3,S0366,6.2218072,116.4428194,S0372,6.2275471,116.4499,1.01,0,9.4,True,True,0,True
3,S0372,6.2275471,116.4499,S0315,6.2285288,116.4551222,0.587,0,10.1,True,True,0,True
3,S0372,6.2275471,116.4499,S0316,6.2251585,116.4491033,0.28,0,10.1,True,True,0,True
3,S0372,6.2275471,116.4499,S0318,6.2186365,116.4523971,1.029,0,-18.2,False,False,0,True
3,S0372,6.2275471,116.4499,S0319,6.2360746,116.4494384,0.95,0,-28.0,False,False,0,True
3,S0372,6.2275471,116.4499,S0320,6.2137719,116.4515128,1.542,0,7.4,True,True,0,True
3,S0372,6.2275471,116.4499,S0321,6.2065818,116.4454789,2.382,0,-37.8,False,False,0,True
3,S0372,6.2275471,116.4499,S0339,6.2473825,116.4525488,2.225,0,-20.4,False,False,0,True
3,S0372,6.2275471,116.4499,S0340,6.2495427,116.451671,2.454,0,-14.5,False,False,0,True
3,S0372,6.2275471,116.4499,S0346,6.2399444,116.4347245,2.171,0,-61.7,False,False,0,True
3,S0372,6.2275471,116.4499,S0348,6.2514125,116.4612922,2.937,0,-33.2,False,False,0,True
3,S0372,6.2275471,116.4499,S0366,6.2218072,116.4428194,1.01,0,9.7,True,True,0,True
3,S0372,6.2275471,116.4499,S0403,6.2493073,116.4626154,2.798,0,-62.2,False,False,0,True
3,S0375,6.1940804,116.7735199,S0943,6.20053,116.7656937,1.124,1,-70.0,False,False,0,True
3,S0375,6.1940804,116.7735199,S0061,6.2072984,116.7677359,1.603,1,-20.0,False,False,0,True
3,S0379,6.3363692,116.7327757,S0242,6.3120478,116.7332936,2.705,0,9.1,True,True,0,True
3,S0379,6.3363692,116.7327757,S0380,6.3424779,116.740202,1.065,0,8.2,True,True,0,True
3,S0380,6.3424779,116.740202,S0379,6.3363692,116.7327757,1.065,1,8.1,True,True,0,True
3,S0380,6.3424779,116.740202,S0381,6.3629363,116.7548147,2.79,1,-22.6,False,False,0,True
3,S0380,6.3424779,116.740202,S0382,6.36331,116.7450321,2.377,1,9.1,True,True,0,True
3,S0383,6.3795511,116.7597414,S0243,6.3871847,116.7747033,1.859,0,5.5,True,False,0,True
3,S0383,6.3795511,116.7597414,S0381,6.3629363,116.7548147,1.926,0,9.4,True,True,0,True
3,S0383,6.3795511,116.7597414,S0382,6.36331,116.7450321,2.43,0,-17.5,False,False,0,True
3,S0384,6.4390311,116.8076006,S0273,6.4544107,116.8012118,1.85,0,10.5,True,True,0,True
3,S0389,6.3928187,117.3832823,S0390,6.3981983,117.385528,0.648,1,7.9,True,True,0,True
3,S0390,6.3981983,117.385528,S0389,6.3928187,117.3832823,0.648,0,10.1,True,True,0,True
3,S0393,6.4023072,116.5293282,S0395,6.4237159,116.5214103,2.536,0,6.4,True,False,0,True
3,S0394,6.4442068,116.5127843,S0041,6.4565219,116.5024247,1.785,0,5.8,True,True,0,True
3,S0394,6.4442068,116.5127843,S0395,6.4237159,116.5214103,2.47,0,5.9,True,False,0,True
3,S0394,6.4442068,116.5127843,S0396,6.4268077,116.5106171,1.949,0,8.9,True,True,0,True
3,S0395,6.4237159,116.5214103,S0393,6.4023072,116.5293282,2.536,1,3.3,True,False,0,True
3,S0395,6.4237159,116.5214103,S0394,6.4442068,116.5127843,2.47,1,6.6,True,True,0,True
3,S0395,6.4237159,116.5214103,S0396,6.4268077,116.5106171,1.241,1,8.5,True,True,0,True
3,S0396,6.4268077,116.5106171,S0394,6.4442068,116.5127843,1.949,0,7.3,True,True,0,True
3,S0396,6.4268077,116.5106171,S0395,6.4237159,116.5214103,1.241,0,9.6,True,True,0,True
3,S0403,6.2493073,116.4626154,S0315,6.2285288,116.4551222,2.454,0,-69.8,False,False,0,True
3,S0403,6.2493073,116.4626154,S0319,6.2360746,116.4494384,2.07,0,-28.2,False,False,0,True
3,S0403,6.2493073,116.4626154,S0339,6.2473825,116.4525488,1.133,0,-19.4,False,False,0,True
3,S0403,6.2493073,116.4626154,S0340,6.2495427,116.451671,1.21,0,10.0,True,True,0,True
3,S0403,6.2493073,116.4626154,S0341,6.2491271,116.4754237,1.416,0,-48.1,False,False,0,True
3,S0403,6.2493073,116.4626154,S0343,6.2556724,116.4596676,0.779,0,-7.6,False,False,0,True
3,S0403,6.2493073,116.4626154,S0344,6.2647561,116.4537819,1.976,0,-3.8,False,False,0,True
3,S0403,6.2493073,116.4626154,S0348,6.2514125,116.4612922,0.276,0,-9.1,False,False,0,True
3,S0403,6.2493073,116.4626154,S0372,6.2275471,116.4499,2.798,0,-54.0,False,False,0,True
3,S0404,6.3239734,116.3515484,S0179,6.3240036,116.3743229,2.517,1,21.4,True,True,0,True
3,S0404,6.3239734,116.3515484,S0307,6.3129372,116.3458603,1.379,1,-3.9,False,False,0,True
3,S0404,6.3239734,116.3515484,S0405,6.3380572,116.3291819,2.926,1,-172.4,False,False,0,True
3,S0404,6.3239734,116.3515484,S0406,6.3394007,116.3431186,1.952,1,-65.2,False,False,0,True
3,S0405,6.3380572,116.3291819,S0404,6.3239734,116.3515484,2.926,0,-164.6,False,False,0,True
3,S0405,6.3380572,116.3291819,S0406,6.3394007,116.3431186,1.547,0,-69.3,False,False,0,True
3,S0406,6.3394007,116.3431186,S0307,6.3129372,116.3458603,2.958,0,-67.2,False,False,0,True
3,S0406,6.3394007,116.3431186,S0404,6.3239734,116.3515484,1.952,0,-49.2,False,False,0,True
3,S0406,6.3394007,116.3431186,S0405,6.3380572,116.3291819,1.547,0,-70.2,False,False,0,True
3,S0407,6.3064939,116.3280651,S0307,6.3129372,116.3458603,2.093,0,-74.7,False,False,0,True
3,S0407,6.3064939,116.3280651,S0410,6.3000554,116.328518,0.718,0,-19.0,False,False,0,True
3,S0410,6.3000554,116.328518,S0307,6.3129372,116.3458603,2.393,0,-50.7,False,False,0,True
3,S0410,6.3000554,116.328518,S0407,6.3064939,116.3280651,0.718,0,-22.6,False,False,0,True
3,S0413,6.1388087,116.4522523,S0333,6.1239943,116.4532593,1.651,0,-110.3,False,False,0,True
3,S0413,6.1388087,116.4522523,S0334,6.1466984,116.445671,1.14,0,-29.8,False,False,0,True
3,S0417,6.0279292,116.4434492,S0185,6.0282512,116.4629369,2.155,0,-147.2,False,False,0,True
3,S0419,6.0325619,116.4855496,S0185,6.0282512,116.4629369,2.546,0,9.5,True,True,0,True
3,S0419,6.0325619,116.4855496,S0420,6.0132916,116.4791545,2.256,0,2.8,True,False,0,True
3,S0420,6.0132916,116.4791545,S0185,6.0282512,116.4629369,2.446,0,1.2,True,False,0,True
3,S0420,6.0132916,116.4791545,S0419,6.0325619,116.4855496,2.256,0,10.4,True,True,0,True
3,S0432,4.8645291,115.8777495,S0433,4.8621763,115.8897693,1.357,0,3.9,True,False,0,True
3,S0432,4.8645291,115.8777495,S1257,4.8602808,115.8774283,0.474,0,10.1,True,True,0,True
3,S0432,4.8645291,115.8777495,S1265,4.8489683,115.8820235,1.794,0,4.2,True,False,0,True
3,S0432,4.8645291,115.8777495,S1270,4.8751133,115.9010094,2.833,0,0.2,True,False,0,True
3,S0432,4.8645291,115.8777495,S1287,4.8626957,115.8968561,2.127,0,-4.1,False,False,0,True
3,S0432,4.8645291,115.8777495,S1290,4.8455687,115.8824868,2.173,0,-0.0,False,False,0,True
3,S0432,4.8645291,115.8777495,S1297,4.8680918,115.8841145,0.809,0,2.4,True,False,0,True
3,S0433,4.8621763,115.8897693,S0432,4.8645291,115.8777495,1.357,1,8.3,True,True,0,True
3,S0433,4.8621763,115.8897693,S1257,4.8602808,115.8774283,1.383,1,10.0,True,True,0,True
3,S0433,4.8621763,115.8897693,S1264,4.8380444,115.8888462,2.685,1,9.7,True,True,0,True
3,S0433,4.8621763,115.8897693,S1265,4.8489683,115.8820235,1.701,1,0.5,True,False,0,True
3,S0433,4.8621763,115.8897693,S1270,4.8751133,115.9010094,1.903,1,5.5,True,False,0,True
3,S0433,4.8621763,115.8897693,S1273,4.8816281,115.9076972,2.937,1,8.3,True,True,0,True
3,S0433,4.8621763,115.8897693,S1287,4.8626957,115.8968561,0.787,1,1.3,True,False,0,True
3,S0433,4.8621763,115.8897693,S1290,4.8455687,115.8824868,2.015,1,7.0,True,True,0,True
3,S0433,4.8621763,115.8897693,S1297,4.8680918,115.8841145,0.908,1,-0.6,False,False,0,True
3,S0456,6.6648177,117.2073658,S0166,6.661511,117.2077305,0.37,0,10.0,True,True,0,True
3,S0466,5.8344594,117.4367943,S0181,5.8241814,117.4379987,1.151,0,4.5,True,True,0,True
3,S0511,5.0315794,116.4562941,S0512,5.0185581,116.4597964,1.499,0,-10.9,False,False,0,True
3,S0512,5.0185581,116.4597964,S0511,5.0315794,116.4562941,1.499,1,-16.5,False,False,0,True
3,S0512,5.0185581,116.4597964,S0513,4.9952745,116.4677671,2.735,1,6.6,True,False,0,True
3,S0513,4.9952745,116.4677671,S0512,5.0185581,116.4597964,2.735,0,9.2,True,True,0,True
3,S0533,4.7154608,116.47698,S0162,4.7053675,116.4807819,1.199,0,-3.3,False,False,0,True
3,S0533,4.7154608,116.47698,S0553,4.7138076,116.4598441,1.908,0,9.6,True,True,0,True
3,S0533,4.7154608,116.47698,S0556,4.7125431,116.4669454,1.158,0,6.6,True,True,0,True
3,S0533,4.7154608,116.47698,S0559,4.7157558,116.4513129,2.845,0,-10.9,False,False,0,True
3,S0553,4.7138076,116.4598441,S0130,4.7181021,116.4422487,2.008,1,-17.8,False,False,0,True
3,S0553,4.7138076,116.4598441,S0162,4.7053675,116.4807819,2.503,1,-12.1,False,False,0,True
3,S0553,4.7138076,116.4598441,S0533,4.7154608,116.47698,1.908,1,4.0,True,False,0,True
3,S0553,4.7138076,116.4598441,S0555,4.7247292,116.4472719,1.848,1,-29.3,False,False,0,True
3,S0553,4.7138076,116.4598441,S0556,4.7125431,116.4669454,0.799,1,10.0,True,True,0,True
3,S0553,4.7138076,116.4598441,S0559,4.7157558,116.4513129,0.97,1,-10.7,False,False,0,True
3,S0555,4.7247292,116.4472719,S0130,4.7181021,116.4422487,0.924,0,-2.5,False,False,0,True
3,S0555,4.7247292,116.4472719,S0553,4.7138076,116.4598441,1.848,0,-31.4,False,False,0,True
3,S0555,4.7247292,116.4472719,S0556,4.7125431,116.4669454,2.567,0,-51.2,False,False,0,True
3,S0555,4.7247292,116.4472719,S0559,4.7157558,116.4513129,1.094,0,-10.7,False,False,0,True
3,S0556,4.7125431,116.4669454,S0130,4.7181021,116.4422487,2.806,0,-17.7,False,False,0,True
3,S0556,4.7125431,116.4669454,S0162,4.7053675,116.4807819,1.729,0,-12.1,False,False,0,True
3,S0556,4.7125431,116.4669454,S0533,4.7154608,116.47698,1.158,0,-5.8,False,False,0,True
3,S0556,4.7125431,116.4669454,S0553,4.7138076,116.4598441,0.799,0,8.1,True,True,0,True
3,S0556,4.7125431,116.4669454,S0555,4.7247292,116.4472719,2.567,0,-53.8,False,False,0,True
3,S0556,4.7125431,116.4669454,S0559,4.7157558,116.4513129,1.769,0,-12.4,False,False,0,True
3,S0559,4.7157558,116.4513129,S0130,4.7181021,116.4422487,1.038,0,-14.5,False,False,0,True
3,S0559,4.7157558,116.4513129,S0533,4.7154608,116.47698,2.845,0,5.2,True,False,0,True
3,S0559,4.7157558,116.4513129,S0553,4.7138076,116.4598441,0.97,0,-2.0,False,False,0,True
3,S0559,4.7157558,116.4513129,S0555,4.7247292,116.4472719,1.094,0,-6.6,False,False,0,True
3,S0559,4.7157558,116.4513129,S0556,4.7125431,116.4669454,1.769,0,1.6,True,False,0,True
3,S0599,5.0954389,116.3409302,S0593,5.117645,116.3432834,2.483,1,9.9,True,True,0,True
3,S0603,5.1778704,116.2381905,S0605,5.1621456,116.2315424,1.897,1,6.7,True,True,0,True
3,S0605,5.1621456,116.2315424,S0603,5.1778704,116.2381905,1.897,0,9.8,True,True,0,True
3,S0608,5.1868176,116.1825533,S0798,5.2096144,116.1942804,2.848,0,-5.4,False,False,0,True
3,S0611,5.4505072,116.5605112,S0617,5.448024,116.5546504,0.705,0,10.1,True,True,0,True
3,S0611,5.4505072,116.5605112,S0792,5.454468,116.5639703,0.584,0,10.1,True,True,0,True
3,S0614,5.4257658,116.5207264,S0066,5.4146548,116.5084813,1.834,0,-0.9,False,False,0,True
3,S0614,5.4257658,116.5207264,S0620,5.4312578,116.5366919,1.87,0,-21.7,False,False,0,True
3,S0617,5.448024,116.5546504,S0611,5.4505072,116.5605112,0.705,1,10.0,True,True,0,True
3,S0617,5.448024,116.5546504,S0620,5.4312578,116.5366919,2.725,1,-3.3,False,False,0,True
3,S0617,5.448024,116.5546504,S0792,5.454468,116.5639703,1.256,1,1.0,True,False,0,True
3,S0618,5.4025431,116.4863082,S0066,5.4146548,116.5084813,2.8,0,-58.1,False,False,0,True
3,S0620,5.4312578,116.5366919,S0614,5.4257658,116.5207264,1.87,0,-32.1,False,False,0,True
3,S0620,5.4312578,116.5366919,S0617,5.448024,116.5546504,2.725,0,-15.0,False,False,0,True
3,S0623,5.292031,116.3884042,S0049,5.2732968,116.3747193,2.576,0,5.0,True,False,0,True
3,S0623,5.292031,116.3884042,S0631,5.3030662,116.3959753,1.486,0,-2.0,False,False,0,True
3,S0623,5.292031,116.3884042,S0632,5.2832779,116.379809,1.361,0,9.4,True,True,0,True
3,S0623,5.292031,116.3884042,S0634,5.2882954,116.3810541,0.914,0,4.9,True,False,0,True
3,S0629,5.3214327,116.4157143,S0042,5.3132388,116.4101726,1.098,0,7.7,True,True,0,True
3,S0629,5.3214327,116.4157143,S0631,5.3030662,116.3959753,2.991,0,-4.5,False,False,0,True
3,S0631,5.3030662,116.3959753,S0042,5.3132388,116.4101726,1.937,0,1.6,True,False,0,True
3,S0631,5.3030662,116.3959753,S0623,5.292031,116.3884042,1.486,0,1.6,True,False,0,True
3,S0631,5.3030662,116.3959753,S0629,5.3214327,116.4157143,2.991,0,-8.3,False,False,0,True
3,S0631,5.3030662,116.3959753,S0632,5.2832779,116.379809,2.836,0,6.1,True,False,0,True
3,S0631,5.3030662,116.3959753,S0634,5.2882954,116.3810541,2.33,0,-9.2,False,False,0,True
3,S0632,5.2832779,116.379809,S0049,5.2732968,116.3747193,1.245,1,8.4,True,True,0,True
3,S0632,5.2832779,116.379809,S0623,5.292031,116.3884042,1.361,1,7.5,True,True,0,True
3,S0632,5.2832779,116.379809,S0631,5.3030662,116.3959753,2.836,1,-3.9,False,False,0,True
3,S0632,5.2832779,116.379809,S0634,5.2882954,116.3810541,0.575,1,10.1,True,True,0,True
3,S0632,5.2832779,116.379809,S0638,5.2601226,116.3734017,2.671,1,1.1,True,False,0,True
3,S0632,5.2832779,116.379809,S0639,5.2593984,116.3756262,2.695,1,1.2,True,False,0,True
3,S0633,5.1739474,116.391897,S0637,5.1920657,116.3999474,2.203,1,-21.2,False,False,0,True
3,S0634,5.2882954,116.3810541,S0049,5.2732968,116.3747193,1.809,0,6.5,True,False,0,True
3,S0634,5.2882954,116.3810541,S0623,5.292031,116.3884042,0.914,0,3.2,True,False,0,True
3,S0634,5.2882954,116.3810541,S0631,5.3030662,116.3959753,2.33,0,-6.9,False,False,0,True
3,S0634,5.2882954,116.3810541,S0632,5.2832779,116.379809,0.575,0,8.8,True,True,0,True
3,S0636,5.1225003,116.3911099,S1073,5.1234242,116.3860528,0.569,1,10.0,True,True,0,True
3,S0637,5.1920657,116.3999474,S0633,5.1739474,116.391897,2.203,0,-13.9,False,False,0,True
3,S0638,5.2601226,116.3734017,S0049,5.2732968,116.3747193,1.472,0,9.5,True,True,0,True
3,S0638,5.2601226,116.3734017,S0632,5.2832779,116.379809,2.671,0,3.5,True,False,0,True
3,S0638,5.2601226,116.3734017,S0639,5.2593984,116.3756262,0.259,0,10.1,True,True,0,True
3,S0638,5.2601226,116.3734017,S0697,5.2419511,116.3674556,2.125,0,-9.7,False,False,0,True
3,S0638,5.2601226,116.3734017,S0703,5.2413062,116.3539969,2.999,0,6.1,True,False,0,True
3,S0639,5.2593984,116.3756262,S0049,5.2732968,116.3747193,1.549,0,3.6,True,False,0,True
3,S0639,5.2593984,116.3756262,S0632,5.2832779,116.379809,2.695,0,1.2,True,False,0,True
3,S0639,5.2593984,116.3756262,S0638,5.2601226,116.3734017,0.259,0,10.1,True,True,0,True
3,S0639,5.2593984,116.3756262,S0697,5.2419511,116.3674556,2.141,0,-4.1,False,False,0,True
3,S0648,5.1481891,116.3564896,S0650,5.1626227,116.3648085,1.851,1,10.1,True,True,0,True
3,S0648,5.1481891,116.3564896,S0651,5.1459778,116.3678933,1.287,1,9.1,True,True,0,True
3,S0648,5.1481891,116.3564896,S0654,5.1518875,116.3337432,2.552,1,9.5,True,True,0,True
3,S0650,5.1626227,116.3648085,S0648,5.1481891,116.3564896,1.851,1,8.0,True,True,0,True
3,S0650,5.1626227,116.3648085,S0651,5.1459778,116.3678933,1.882,1,6.9,True,True,0,True
3,S0650,5.1626227,116.3648085,S0699,5.1807118,116.3504924,2.561,1,6.5,True,True,0,True
3,S0650,5.1626227,116.3648085,S0701,5.1863236,116.3527253,2.956,1,8.9,True,True,0,True
3,S0651,5.1459778,116.3678933,S0648,5.1481891,116.3564896,1.287,0,8.4,True,True,0,True
3,S0651,5.1459778,116.3678933,S0650,5.1626227,116.3648085,1.882,0,9.9,True,True,0,True
3,S0654,5.1518875,116.3337432,S0648,5.1481891,116.3564896,2.552,0,6.2,True,True,0,True
3,S0656,5.3409493,116.1995303,S0658,5.3467074,116.2097255,1.298,1,10.1,True,True,0,True
3,S0656,5.3409493,116.1995303,S0660,5.3629756,116.2129939,2.867,1,8.6,True,True,0,True
3,S0656,5.3409493,116.1995303,S1186,5.3178138,116.1933541,2.662,1,-26.3,False,False,0,True
3,S0658,5.3467074,116.2097255,S0656,5.3409493,116.1995303,1.298,0,10.0,True,True,0,True
3,S0658,5.3467074,116.2097255,S0660,5.3629756,116.2129939,1.845,0,9.7,True,True,0,True
3,S0658,5.3467074,116.2097255,S0661,5.3621802,116.219394,2.026,0,-19.0,False,False,0,True
3,S0659,5.3797614,116.2340885,S0660,5.3629756,116.2129939,2.99,1,4.9,True,True,0,True
3,S0659,5.3797614,116.2340885,S0661,5.3621802,116.219394,2.543,1,6.8,True,True,0,True
3,S0659,5.3797614,116.2340885,S0663,5.3891572,116.240027,1.234,1,4.9,True,True,0,True
3,S0659,5.3797614,116.2340885,S0669,5.3997077,116.2381822,2.264,1,8.3,True,True,0,True
3,S0659,5.3797614,116.2340885,S0673,5.3940265,116.2424715,1.838,1,10.0,True,True,0,True
3,S0660,5.3629756,116.2129939,S0656,5.3409493,116.1995303,2.867,1,10.1,True,True,0,True
3,S0660,5.3629756,116.2129939,S0658,5.3467074,116.2097255,1.845,1,10.1,True,True,0,True
3,S0660,5.3629756,116.2129939,S0659,5.3797614,116.2340885,2.99,1,8.0,True,False,0,True
3,S0660,5.3629756,116.2129939,S0661,5.3621802,116.219394,0.714,1,4.5,True,False,0,True
3,S0661,5.3621802,116.219394,S0658,5.3467074,116.2097255,2.026,0,-3.7,False,False,0,True
3,S0661,5.3621802,116.219394,S0659,5.3797614,116.2340885,2.543,0,8.1,True,True,0,True
3,S0661,5.3621802,116.219394,S0660,5.3629756,116.2129939,0.714,0,9.6,True,True,0,True
3,S0663,5.3891572,116.240027,S0659,5.3797614,116.2340885,1.234,0,4.8,True,True,0,True
3,S0663,5.3891572,116.240027,S0669,5.3997077,116.2381822,1.191,0,10.1,True,True,0,True
3,S0663,5.3891572,116.240027,S0671,5.4044747,116.2475115,1.894,0,-12.3,False,False,0,True
3,S0663,5.3891572,116.240027,S0673,5.3940265,116.2424715,0.605,0,10.0,True,True,0,True
3,S0663,5.3891572,116.240027,S1076,5.4127509,116.2331743,2.731,0,10.0,True,True,0,True
3,S0664,5.4542071,116.2578834,S0062,5.4587899,116.2736526,1.818,0,9.9,True,True,0,True
3,S0664,5.4542071,116.2578834,S0668,5.4489856,116.2702798,1.49,0,7.6,True,True,0,True
3,S0664,5.4542071,116.2578834,S0670,5.4728503,116.2654893,2.237,0,-8.0,False,False,0,True
3,S0664,5.4542071,116.2578834,S0674,5.4455835,116.2688726,1.549,0,10.1,True,True,0,True
3,S0664,5.4542071,116.2578834,S0675,5.4585487,116.2659994,1.02,0,-2.1,False,False,0,True
3,S0664,5.4542071,116.2578834,S0676,5.4464732,116.267259,1.348,0,10.0,True,True,0,True
3,S0664,5.4542071,116.2578834,S0678,5.4582441,116.2733047,1.765,0,9.3,True,True,0,True
3,S0664,5.4542071,116.2578834,S0680,5.4623131,116.2811304,2.727,0,10.1,True,True,0,True
3,S0664,5.4542071,116.2578834,S0683,5.4676301,116.2678351,1.855,0,9.4,True,True,0,True
3,S0664,5.4542071,116.2578834,S0684,5.455013,116.2639664,0.679,0,8.7,True,True,0,True
3,S0664,5.4542071,116.2578834,S0685,5.451431,116.2568816,0.328,0,8.9,True,True,0,True
3,S0664,5.4542071,116.2578834,S0686,5.4356626,116.2497626,2.249,0,9.9,True,True,0,True
3,S0664,5.4542071,116.2578834,S0687,5.4457484,116.2570889,0.945,0,10.1,True,True,0,True
3,S0665,5.4183322,116.2561088,S0669,5.3997077,116.2381822,2.868,0,10.3,True,True,0,True
3,S0665,5.4183322,116.2561088,S0671,5.4044747,116.2475115,1.811,0,-1.9,False,False,0,True
3,S0665,5.4183322,116.2561088,S0679,5.4190511,116.2334792,2.506,0,10.1,True,True,0,True
3,S0665,5.4183322,116.2561088,S0682,5.426731,116.2391342,2.098,0,9.0,True,True,0,True
3,S0665,5.4183322,116.2561088,S0686,5.4356626,116.2497626,2.051,0,1.8,True,False,0,True
3,S0665,5.4183322,116.2561088,S1076,5.4127509,116.2331743,2.614,0,8.1,True,True,0,True
3,S0667,5.4797716,116.2752866,S0062,5.4587899,116.2736526,2.34,0,10.3,True,True,0,True
3,S0667,5.4797716,116.2752866,S0670,5.4728503,116.2654893,1.33,0,10.2,True,True,0,True
3,S0667,5.4797716,116.2752866,S0675,5.4585487,116.2659994,2.574,0,10.3,True,True,0,True
3,S0667,5.4797716,116.2752866,S0677,5.4816186,116.2690947,0.715,0,-7.0,False,False,0,True
3,S0667,5.4797716,116.2752866,S0678,5.4582441,116.2733047,2.404,0,10.3,True,True,0,True
3,S0667,5.4797716,116.2752866,S0680,5.4623131,116.2811304,2.046,0,4.0,True,False,0,True
3,S0667,5.4797716,116.2752866,S0681,5.4719211,116.2803596,1.038,0,-3.8,False,False,0,True
3,S0667,5.4797716,116.2752866,S0683,5.4676301,116.2678351,1.582,0,10.1,True,True,0,True
3,S0668,5.4489856,116.2702798,S0062,5.4587899,116.2736526,1.152,0,9.1,True,True,0,True
3,S0668,5.4489856,116.2702798,S0664,5.4542071,116.2578834,1.49,0,1.5,True,False,0,True
3,S0668,5.4489856,116.2702798,S0670,5.4728503,116.2654893,2.706,0,6.1,True,True,0,True
3,S0668,5.4489856,116.2702798,S0674,5.4455835,116.2688726,0.409,0,10.0,True,True,0,True
3,S0668,5.4489856,116.2702798,S0675,5.4585487,116.2659994,1.164,0,10.0,True,True,0,True
3,S0668,5.4489856,116.2702798,S0676,5.4464732,116.267259,0.436,0,9.6,True,True,0,True
3,S0668,5.4489856,116.2702798,S0678,5.4582441,116.2733047,1.083,0,10.0,True,True,0,True
3,S0668,5.4489856,116.2702798,S0680,5.4623131,116.2811304,1.908,0,5.9,True,True,0,True
3,S0668,5.4489856,116.2702798,S0681,5.4719211,116.2803596,2.784,0,8.4,True,True,0,True
3,S0668,5.4489856,116.2702798,S0683,5.4676301,116.2678351,2.091,0,8.6,True,True,0,True
3,S0668,5.4489856,116.2702798,S0684,5.455013,116.2639664,0.968,0,8.4,True,True,0,True
3,S0668,5.4489856,116.2702798,S0685,5.451431,116.2568816,1.508,0,6.4,True,True,0,True
3,S0668,5.4489856,116.2702798,S0686,5.4356626,116.2497626,2.712,0,5.1,True,False,0,True
3,S0668,5.4489856,116.2702798,S0687,5.4457484,116.2570889,1.504,0,9.9,True,True,0,True
3,S0669,5.3997077,116.2381822,S0659,5.3797614,116.2340885,2.264,0,6.5,True,True,0,True
3,S0669,5.3997077,116.2381822,S0663,5.3891572,116.240027,1.191,0,10.1,True,True,0,True
3,S0669,5.3997077,116.2381822,S0665,5.4183322,116.2561088,2.868,0,-2.9,False,False,0,True
3,S0669,5.3997077,116.2381822,S0671,5.4044747,116.2475115,1.161,0,8.0,True,True,0,True
3,S0669,5.3997077,116.2381822,S0673,5.3940265,116.2424715,0.79,0,12.3,True,True,0,True
3,S0669,5.3997077,116.2381822,S0679,5.4190511,116.2334792,2.213,0,12.0,True,True,0,True
3,S0669,5.3997077,116.2381822,S0689,5.4176834,116.227837,2.304,0,9.7,True,True,0,True
3,S0669,5.3997077,116.2381822,S1076,5.4127509,116.2331743,1.553,0,10.0,True,True,0,True
3,S0670,5.4728503,116.2654893,S0062,5.4587899,116.2736526,1.806,0,10.1,True,True,0,True
3,S0670,5.4728503,116.2654893,S0664,5.4542071,116.2578834,2.237,0,1.5,True,False,0,True
3,S0670,5.4728503,116.2654893,S0667,5.4797716,116.2752866,1.33,0,8.2,True,True,0,True
3,S0670,5.4728503,116.2654893,S0668,5.4489856,116.2702798,2.706,0,6.5,True,True,0,True
3,S0670,5.4728503,116.2654893,S0675,5.4585487,116.2659994,1.591,0,10.1,True,True,0,True
3,S0670,5.4728503,116.2654893,S0676,5.4464732,116.267259,2.94,0,8.9,True,True,0,True
3,S0670,5.4728503,116.2654893,S0677,5.4816186,116.2690947,1.054,0,7.5,True,True,0,True
3,S0670,5.4728503,116.2654893,S0678,5.4582441,116.2733047,1.84,0,9.7,True,True,0,True
3,S0670,5.4728503,116.2654893,S0680,5.4623131,116.2811304,2.091,0,10.1,True,True,0,True
3,S0670,5.4728503,116.2654893,S0681,5.4719211,116.2803596,1.649,0,7.5,True,True,0,True
3,S0670,5.4728503,116.2654893,S0683,5.4676301,116.2678351,0.636,0,8.1,True,True,0,True
3,S0670,5.4728503,116.2654893,S0684,5.455013,116.2639664,1.991,0,2.6,True,False,0,True
3,S0670,5.4728503,116.2654893,S0685,5.451431,116.2568816,2.565,0,1.9,True,False,0,True
3,S0671,5.4044747,116.2475115,S0663,5.3891572,116.240027,1.894,0,0.2,True,False,0,True
3,S0671,5.4044747,116.2475115,S0665,5.4183322,116.2561088,1.811,0,-15.0,False,False,0,True
3,S0671,5.4044747,116.2475115,S0669,5.3997077,116.2381822,1.161,0,11.1,True,True,0,True
3,S0671,5.4044747,116.2475115,S0673,5.3940265,116.2424715,1.289,0,-0.5,False,False,0,True
3,S0671,5.4044747,116.2475115,S0679,5.4190511,116.2334792,2.245,0,12.0,True,True,0,True
3,S0671,5.4044747,116.2475115,S0682,5.426731,116.2391342,2.643,0,9.8,True,True,0,True
3,S0671,5.4044747,116.2475115,S0689,5.4176834,116.227837,2.627,0,9.9,True,True,0,True
3,S0671,5.4044747,116.2475115,S1076,5.4127509,116.2331743,1.835,0,11.1,True,True,0,True
3,S0673,5.3940265,116.2424715,S0659,5.3797614,116.2340885,1.838,0,4.3,True,True,0,True
3,S0673,5.3940265,116.2424715,S0663,5.3891572,116.240027,0.605,0,10.1,True,True,0,True
3,S0673,5.3940265,116.2424715,S0669,5.3997077,116.2381822,0.79,0,11.1,True,True,0,True
3,S0673,5.3940265,116.2424715,S0671,5.4044747,116.2475115,1.289,0,-9.7,False,False,0,True
3,S0673,5.3940265,116.2424715,S0679,5.4190511,116.2334792,2.955,0,12.0,True,True,0,True
3,S0673,5.3940265,116.2424715,S1076,5.4127509,116.2331743,2.323,0,11.1,True,True,0,True
3,S0674,5.4455835,116.2688726,S0062,5.4587899,116.2736526,1.561,0,9.1,True,True,0,True
3,S0674,5.4455835,116.2688726,S0664,5.4542071,116.2578834,1.549,0,6.4,True,True,0,True
3,S0674,5.4455835,116.2688726,S0668,5.4489856,116.2702798,0.409,0,9.7,True,True,0,True
3,S0674,5.4455835,116.2688726,S0675,5.4585487,116.2659994,1.476,0,10.0,True,True,0,True
3,S0674,5.4455835,116.2688726,S0676,5.4464732,116.267259,0.204,0,10.1,True,True,0,True
3,S0674,5.4455835,116.2688726,S0678,5.4582441,116.2733047,1.491,0,10.0,True,True,0,True
3,S0674,5.4455835,116.2688726,S0680,5.4623131,116.2811304,2.303,0,5.3,True,False,0,True
3,S0674,5.4455835,116.2688726,S0683,5.4676301,116.2678351,2.454,0,8.9,True,True,0,True
3,S0674,5.4455835,116.2688726,S0684,5.455013,116.2639664,1.181,0,7.5,True,True,0,True
3,S0674,5.4455835,116.2688726,S0685,5.451431,116.2568816,1.478,0,5.7,True,False,0,True
3,S0674,5.4455835,116.2688726,S0686,5.4356626,116.2497626,2.386,0,6.3,True,False,0,True
3,S0674,5.4455835,116.2688726,S0687,5.4457484,116.2570889,1.305,0,10.0,True,True,0,True
3,S0675,5.4585487,116.2659994,S0062,5.4587899,116.2736526,0.848,0,10.1,True,True,0,True
3,S0675,5.4585487,116.2659994,S0664,5.4542071,116.2578834,1.02,0,7.4,True,True,0,True
3,S0675,5.4585487,116.2659994,S0667,5.4797716,116.2752866,2.574,0,9.5,True,True,0,True
3,S0675,5.4585487,116.2659994,S0668,5.4489856,116.2702798,1.164,0,7.2,True,True,0,True
3,S0675,5.4585487,116.2659994,S0670,5.4728503,116.2654893,1.591,0,6.5,True,True,0,True
3,S0675,5.4585487,116.2659994,S0674,5.4455835,116.2688726,1.476,0,10.1,True,True,0,True
3,S0675,5.4585487,116.2659994,S0676,5.4464732,116.267259,1.35,0,8.9,True,True,0,True
3,S0675,5.4585487,116.2659994,S0677,5.4816186,116.2690947,2.588,0,3.8,True,False,0,True
3,S0675,5.4585487,116.2659994,S0678,5.4582441,116.2733047,0.809,0,9.4,True,True,0,True
3,S0675,5.4585487,116.2659994,S0680,5.4623131,116.2811304,1.726,0,10.0,True,True,0,True
3,S0675,5.4585487,116.2659994,S0681,5.4719211,116.2803596,2.177,0,8.7,True,True,0,True
3,S0675,5.4585487,116.2659994,S0683,5.4676301,116.2678351,1.03,0,9.1,True,True,0,True
3,S0675,5.4585487,116.2659994,S0684,5.455013,116.2639664,0.453,0,8.4,True,True,0,True
3,S0675,5.4585487,116.2659994,S0685,5.451431,116.2568816,1.283,0,3.6,True,False,0,True
3,S0675,5.4585487,116.2659994,S0687,5.4457484,116.2570889,1.732,0,7.7,True,True,0,True
3,S0676,5.4464732,116.267259,S0062,5.4587899,116.2736526,1.542,0,9.1,True,True,0,True
3,S0676,5.4464732,116.267259,S0664,5.4542071,116.2578834,1.348,0,5.5,True,False,0,True
3,S0676,5.4464732,116.267259,S0668,5.4489856,116.2702798,0.436,0,8.2,True,True,0,True
3,S0676,5.4464732,116.267259,S0670,5.4728503,116.2654893,2.94,0,6.2,True,True,0,True
3,S0676,5.4464732,116.267259,S0674,5.4455835,116.2688726,0.204,0,10.0,True,True,0,True
3,S0676,5.4464732,116.267259,S0675,5.4585487,116.2659994,1.35,0,10.0,True,True,0,True
3,S0676,5.4464732,116.267259,S0678,5.4582441,116.2733047,1.47,0,10.0,True,True,0,True
3,S0676,5.4464732,116.267259,S0680,5.4623131,116.2811304,2.337,0,8.0,True,True,0,True
3,S0676,5.4464732,116.267259,S0683,5.4676301,116.2678351,2.353,0,8.7,True,True,0,True
3,S0676,5.4464732,116.267259,S0684,5.455013,116.2639664,1.017,0,6.7,True,True,0,True
3,S0676,5.4464732,116.267259,S0685,5.451431,116.2568816,1.274,0,4.3,True,False,0,True
3,S0676,5.4464732,116.267259,S0686,5.4356626,116.2497626,2.279,0,5.6,True,False,0,True
3,S0676,5.4464732,116.267259,S0687,5.4457484,116.2570889,1.129,0,10.0,True,True,0,True
3,S0677,5.4816186,116.2690947,S0062,5.4587899,116.2736526,2.588,0,10.1,True,True,0,True
3,S0677,5.4816186,116.2690947,S0667,5.4797716,116.2752866,0.715,0,6.3,True,True,0,True
3,S0677,5.4816186,116.2690947,S0670,5.4728503,116.2654893,1.054,0,5.9,True,True,0,True
3,S0677,5.4816186,116.2690947,S0675,5.4585487,116.2659994,2.588,0,2.0,True,False,0,True
3,S0677,5.4816186,116.2690947,S0678,5.4582441,116.2733047,2.641,0,10.1,True,True,0,True
3,S0677,5.4816186,116.2690947,S0680,5.4623131,116.2811304,2.526,0,13.2,True,True,0,True
3,S0677,5.4816186,116.2690947,S0681,5.4719211,116.2803596,1.648,0,-28.8,False,False,0,True
3,S0677,5.4816186,116.2690947,S0683,5.4676301,116.2678351,1.562,0,8.6,True,True,0,True
3,S0678,5.4582441,116.2733047,S0062,5.4587899,116.2736526,0.072,0,10.1,True,True,0,True
3,S0678,5.4582441,116.2733047,S0664,5.4542071,116.2578834,1.765,0,5.1,True,False,0,True
3,S0678,5.4582441,116.2733047,S0667,5.4797716,116.2752866,2.404,0,9.5,True,True,0,True
3,S0678,5.4582441,116.2733047,S0668,5.4489856,116.2702798,1.083,0,7.9,True,True,0,True
3,S0678,5.4582441,116.2733047,S0670,5.4728503,116.2654893,1.84,0,4.4,True,False,0,True
3,S0678,5.4582441,116.2733047,S0674,5.4455835,116.2688726,1.491,0,9.9,True,True,0,True
3,S0678,5.4582441,116.2733047,S0675,5.4585487,116.2659994,0.809,0,10.0,True,True,0,True
3,S0678,5.4582441,116.2733047,S0676,5.4464732,116.267259,1.47,0,8.6,True,True,0,True
3,S0678,5.4582441,116.2733047,S0677,5.4816186,116.2690947,2.641,0,8.8,True,True,0,True
3,S0678,5.4582441,116.2733047,S0680,5.4623131,116.2811304,0.977,0,10.0,True,True,0,True
3,S0678,5.4582441,116.2733047,S0681,5.4719211,116.2803596,1.71,0,8.2,True,True,0,True
3,S0678,5.4582441,116.2733047,S0683,5.4676301,116.2678351,1.207,0,9.9,True,True,0,True
3,S0678,5.4582441,116.2733047,S0684,5.455013,116.2639664,1.094,0,9.7,True,True,0,True
3,S0678,5.4582441,116.2733047,S0685,5.451431,116.2568816,1.969,0,1.8,True,False,0,True
3,S0678,5.4582441,116.2733047,S0687,5.4457484,116.2570889,2.27,0,6.1,True,False,0,True
3,S0679,5.4190511,116.2334792,S0057,5.4228974,116.209765,2.66,1,6.6,True,False,0,True
3,S0679,5.4190511,116.2334792,S0665,5.4183322,116.2561088,2.506,1,10.1,True,True,0,True
3,S0679,5.4190511,116.2334792,S0669,5.3997077,116.2381822,2.213,1,9.3,True,True,0,True
3,S0679,5.4190511,116.2334792,S0671,5.4044747,116.2475115,2.245,1,10.1,True,True,0,True
3,S0679,5.4190511,116.2334792,S0673,5.3940265,116.2424715,2.955,1,13.1,True,True,0,True
3,S0679,5.4190511,116.2334792,S0682,5.426731,116.2391342,1.059,1,9.9,True,True,0,True
3,S0679,5.4190511,116.2334792,S0686,5.4356626,116.2497626,2.581,1,7.6,True,True,0,True
3,S0679,5.4190511,116.2334792,S0688,5.4307567,116.2278076,1.445,1,8.9,True,True,0,True
3,S0679,5.4190511,116.2334792,S0689,5.4176834,116.227837,0.643,1,9.1,True,True,0,True
3,S0679,5.4190511,116.2334792,S1076,5.4127509,116.2331743,0.701,1,7.8,True,True,0,True
3,S0680,5.4623131,116.2811304,S0062,5.4587899,116.2736526,0.916,0,8.5,True,True,0,True
3,S0680,5.4623131,116.2811304,S0664,5.4542071,116.2578834,2.727,0,6.3,True,False,0,True
3,S0680,5.4623131,116.2811304,S0667,5.4797716,116.2752866,2.046,0,-7.2,False,False,0,True
3,S0680,5.4623131,116.2811304,S0668,5.4489856,116.2702798,1.908,0,8.8,True,True,0,True
3,S0680,5.4623131,116.2811304,S0670,5.4728503,116.2654893,2.091,0,5.0,True,True,0,True
3,S0680,5.4623131,116.2811304,S0674,5.4455835,116.2688726,2.303,0,9.9,True,True,0,True
3,S0680,5.4623131,116.2811304,S0675,5.4585487,116.2659994,1.726,0,10.1,True,True,0,True
3,S0680,5.4623131,116.2811304,S0676,5.4464732,116.267259,2.337,0,8.6,True,True,0,True
3,S0680,5.4623131,116.2811304,S0677,5.4816186,116.2690947,2.526,0,3.2,True,False,0,True
3,S0680,5.4623131,116.2811304,S0678,5.4582441,116.2733047,0.977,0,10.1,True,True,0,True
3,S0680,5.4623131,116.2811304,S0681,5.4719211,116.2803596,1.072,0,8.3,True,True,0,True
3,S0680,5.4623131,116.2811304,S0683,5.4676301,116.2678351,1.586,0,10.0,True,True,0,True
3,S0680,5.4623131,116.2811304,S0684,5.455013,116.2639664,2.066,0,9.6,True,True,0,True
3,S0680,5.4623131,116.2811304,S0685,5.451431,116.2568816,2.944,0,3.1,True,False,0,True
3,S0681,5.4719211,116.2803596,S0062,5.4587899,116.2736526,1.638,0,9.2,True,True,0,True
3,S0681,5.4719211,116.2803596,S0667,5.4797716,116.2752866,1.038,0,-13.1,False,False,0,True
3,S0681,5.4719211,116.2803596,S0668,5.4489856,116.2702798,2.784,0,9.0,True,True,0,True
3,S0681,5.4719211,116.2803596,S0670,5.4728503,116.2654893,1.649,0,10.1,True,True,0,True
3,S0681,5.4719211,116.2803596,S0675,5.4585487,116.2659994,2.177,0,10.2,True,True,0,True
3,S0681,5.4719211,116.2803596,S0677,5.4816186,116.2690947,1.648,0,-26.7,False,False,0,True
3,S0681,5.4719211,116.2803596,S0678,5.4582441,116.2733047,1.71,0,10.2,True,True,0,True
3,S0681,5.4719211,116.2803596,S0680,5.4623131,116.2811304,1.072,0,10.2,True,True,0,True
3,S0681,5.4719211,116.2803596,S0683,5.4676301,116.2678351,1.466,0,10.1,True,True,0,True
3,S0681,5.4719211,116.2803596,S0684,5.455013,116.2639664,2.613,0,8.6,True,True,0,True
3,S0682,5.426731,116.2391342,S0665,5.4183322,116.2561088,2.098,0,10.1,True,True,0,True
3,S0682,5.426731,116.2391342,S0671,5.4044747,116.2475115,2.643,0,10.1,True,True,0,True
3,S0682,5.426731,116.2391342,S0679,5.4190511,116.2334792,1.059,0,8.4,True,True,0,True
3,S0682,5.426731,116.2391342,S0686,5.4356626,116.2497626,1.54,0,10.1,True,True,0,True
3,S0682,5.426731,116.2391342,S0687,5.4457484,116.2570889,2.902,0,7.8,True,True,0,True
3,S0682,5.426731,116.2391342,S0688,5.4307567,116.2278076,1.331,0,9.3,True,True,0,True
3,S0682,5.426731,116.2391342,S0689,5.4176834,116.227837,1.605,0,9.2,True,True,0,True
3,S0682,5.426731,116.2391342,S1076,5.4127509,116.2331743,1.689,0,8.7,True,True,0,True
3,S0683,5.4676301,116.2678351,S0062,5.4587899,116.2736526,1.175,0,10.1,True,True,0,True
3,S0683,5.4676301,116.2678351,S0664,5.4542071,116.2578834,1.855,0,8.2,True,True,0,True
3,S0683,5.4676301,116.2678351,S0667,5.4797716,116.2752866,1.582,0,6.6,True,True,0,True
3,S0683,5.4676301,116.2678351,S0668,5.4489856,116.2702798,2.091,0,6.8,True,True,0,True
3,S0683,5.4676301,116.2678351,S0670,5.4728503,116.2654893,0.636,0,5.9,True,True,0,True
3,S0683,5.4676301,116.2678351,S0674,5.4455835,116.2688726,2.454,0,10.1,True,True,0,True
3,S0683,5.4676301,116.2678351,S0675,5.4585487,116.2659994,1.03,0,10.1,True,True,0,True
3,S0683,5.4676301,116.2678351,S0676,5.4464732,116.267259,2.353,0,8.9,True,True,0,True
3,S0683,5.4676301,116.2678351,S0677,5.4816186,116.2690947,1.562,0,9.0,True,True,0,True
3,S0683,5.4676301,116.2678351,S0678,5.4582441,116.2733047,1.207,0,9.9,True,True,0,True
3,S0683,5.4676301,116.2678351,S0680,5.4623131,116.2811304,1.586,0,10.1,True,True,0,True
3,S0683,5.4676301,116.2678351,S0681,5.4719211,116.2803596,1.466,0,9.9,True,True,0,True
3,S0683,5.4676301,116.2678351,S0684,5.455013,116.2639664,1.467,0,4.7,True,False,0,True
3,S0683,5.4676301,116.2678351,S0685,5.451431,116.2568816,2.171,0,6.1,True,True,0,True
3,S0683,5.4676301,116.2678351,S0687,5.4457484,116.2570889,2.708,0,6.5,True,False,0,True
3,S0684,5.455013,116.2639664,S0062,5.4587899,116.2736526,1.151,0,9.3,True,True,0,True
3,S0684,5.455013,116.2639664,S0664,5.4542071,116.2578834,0.679,0,8.5,True,True,0,True
3,S0684,5.455013,116.2639664,S0668,5.4489856,116.2702798,0.968,0,7.8,True,True,0,True
3,S0684,5.455013,116.2639664,S0670,5.4728503,116.2654893,1.991,0,6.1,True,False,0,True
3,S0684,5.455013,116.2639664,S0674,5.4455835,116.2688726,1.181,0,10.1,True,True,0,True
3,S0684,5.455013,116.2639664,S0675,5.4585487,116.2659994,0.453,0,7.4,True,True,0,True
3,S0684,5.455013,116.2639664,S0676,5.4464732,116.267259,1.017,0,9.3,True,True,0,True
3,S0684,5.455013,116.2639664,S0678,5.4582441,116.2733047,1.094,0,9.3,True,True,0,True
3,S0684,5.455013,116.2639664,S0680,5.4623131,116.2811304,2.066,0,10.0,True,True,0,True
3,S0684,5.455013,116.2639664,S0681,5.4719211,116.2803596,2.613,0,8.7,True,True,0,True
3,S0684,5.455013,116.2639664,S0683,5.4676301,116.2678351,1.467,0,9.0,True,True,0,True
3,S0684,5.455013,116.2639664,S0685,5.451431,116.2568816,0.88,0,3.9,True,False,0,True
3,S0684,5.455013,116.2639664,S0686,5.4356626,116.2497626,2.665,0,7.8,True,False,0,True
3,S0684,5.455013,116.2639664,S0687,5.4457484,116.2570889,1.281,0,8.5,True,True,0,True
3,S0685,5.451431,116.2568816,S0062,5.4587899,116.2736526,2.029,0,9.2,True,True,0,True
3,S0685,5.451431,116.2568816,S0664,5.4542071,116.2578834,0.328,0,10.0,True,True,0,True
3,S0685,5.451431,116.2568816,S0668,5.4489856,116.2702798,1.508,0,7.5,True,True,0,True
3,S0685,5.451431,116.2568816,S0670,5.4728503,116.2654893,2.565,0,-9.0,False,False,0,True
3,S0685,5.451431,116.2568816,S0674,5.4455835,116.2688726,1.478,0,10.1,True,True,0,True
3,S0685,5.451431,116.2568816,S0675,5.4585487,116.2659994,1.283,0,3.0,True,False,0,True
3,S0685,5.451431,116.2568816,S0676,5.4464732,116.267259,1.274,0,9.8,True,True,0,True
3,S0685,5.451431,116.2568816,S0678,5.4582441,116.2733047,1.969,0,10.1,True,True,0,True
3,S0685,5.451431,116.2568816,S0680,5.4623131,116.2811304,2.944,0,10.1,True,True,0,True
3,S0685,5.451431,116.2568816,S0683,5.4676301,116.2678351,2.171,0,9.3,True,True,0,True
3,S0685,5.451431,116.2568816,S0684,5.455013,116.2639664,0.88,0,5.3,True,False,0,True
3,S0685,5.451431,116.2568816,S0686,5.4356626,116.2497626,1.922,0,9.9,True,True,0,True
3,S0685,5.451431,116.2568816,S0687,5.4457484,116.2570889,0.632,0,9.7,True,True,0,True
3,S0686,5.4356626,116.2497626,S0664,5.4542071,116.2578834,2.249,0,7.9,True,True,0,True
3,S0686,5.4356626,116.2497626,S0665,5.4183322,116.2561088,2.051,0,10.1,True,True,0,True
3,S0686,5.4356626,116.2497626,S0668,5.4489856,116.2702798,2.712,0,6.0,True,True,0,True
3,S0686,5.4356626,116.2497626,S0674,5.4455835,116.2688726,2.386,0,10.1,True,True,0,True
3,S0686,5.4356626,116.2497626,S0676,5.4464732,116.267259,2.279,0,10.0,True,True,0,True
3,S0686,5.4356626,116.2497626,S0679,5.4190511,116.2334792,2.581,0,7.1,True,False,0,True
3,S0686,5.4356626,116.2497626,S0682,5.426731,116.2391342,1.54,0,7.9,True,True,0,True
3,S0686,5.4356626,116.2497626,S0684,5.455013,116.2639664,2.665,0,0.9,True,False,0,True
3,S0686,5.4356626,116.2497626,S0685,5.451431,116.2568816,1.922,0,6.9,True,True,0,True
3,S0686,5.4356626,116.2497626,S0687,5.4457484,116.2570889,1.384,0,9.1,True,True,0,True
3,S0686,5.4356626,116.2497626,S0688,5.4307567,116.2278076,2.491,0,10.1,True,True,0,True
3,S0687,5.4457484,116.2570889,S0062,5.4587899,116.2736526,2.338,0,8.9,True,True,0,True
3,S0687,5.4457484,116.2570889,S0664,5.4542071,116.2578834,0.945,0,10.0,True,True,0,True
3,S0687,5.4457484,116.2570889,S0668,5.4489856,116.2702798,1.504,0,6.4,True,True,0,True
3,S0687,5.4457484,116.2570889,S0674,5.4455835,116.2688726,1.305,0,10.1,True,True,0,True
3,S0687,5.4457484,116.2570889,S0675,5.4585487,116.2659994,1.732,0,5.4,True,True,0,True
3,S0687,5.4457484,116.2570889,S0676,5.4464732,116.267259,1.129,0,9.9,True,True,0,True
3,S0687,5.4457484,116.2570889,S0678,5.4582441,116.2733047,2.27,0,10.1,True,True,0,True
3,S0687,5.4457484,116.2570889,S0682,5.426731,116.2391342,2.902,0,7.4,True,False,0,True
3,S0687,5.4457484,116.2570889,S0683,5.4676301,116.2678351,2.708,0,9.2,True,True,0,True
3,S0687,5.4457484,116.2570889,S0684,5.455013,116.2639664,1.281,0,3.9,True,False,0,True
3,S0687,5.4457484,116.2570889,S0685,5.451431,116.2568816,0.632,0,8.9,True,True,0,True
3,S0687,5.4457484,116.2570889,S0686,5.4356626,116.2497626,1.384,0,10.1,True,True,0,True
3,S0688,5.4307567,116.2278076,S0057,5.4228974,116.209765,2.18,0,6.8,True,False,0,True
3,S0688,5.4307567,116.2278076,S0679,5.4190511,116.2334792,1.445,0,7.9,True,True,0,True
3,S0688,5.4307567,116.2278076,S0682,5.426731,116.2391342,1.331,0,10.1,True,True,0,True
3,S0688,5.4307567,116.2278076,S0686,5.4356626,116.2497626,2.491,0,8.6,True,True,0,True
3,S0688,5.4307567,116.2278076,S0689,5.4176834,116.227837,1.454,0,10.1,True,True,0,True
3,S0688,5.4307567,116.2278076,S1076,5.4127509,116.2331743,2.088,0,5.0,True,False,0,True
3,S0689,5.4176834,116.227837,S0057,5.4228974,116.209765,2.083,0,7.5,True,True,0,True
3,S0689,5.4176834,116.227837,S0669,5.3997077,116.2381822,2.304,0,9.5,True,True,0,True
3,S0689,5.4176834,116.227837,S0671,5.4044747,116.2475115,2.627,0,10.1,True,True,0,True
3,S0689,5.4176834,116.227837,S0679,5.4190511,116.2334792,0.643,0,8.1,True,True,0,True
3,S0689,5.4176834,116.227837,S0682,5.426731,116.2391342,1.605,0,10.0,True,True,0,True
3,S0689,5.4176834,116.227837,S0688,5.4307567,116.2278076,1.454,0,10.0,True,True,0,True
3,S0689,5.4176834,116.227837,S1076,5.4127509,116.2331743,0.806,0,8.5,True,True,0,True
3,S0690,5.1964629,116.359591,S0693,5.2181166,116.344786,2.913,1,3.0,True,False,0,True
3,S0690,5.1964629,116.359591,S0699,5.1807118,116.3504924,2.021,1,8.7,True,True,0,True
3,S0690,5.1964629,116.359591,S0701,5.1863236,116.3527253,1.36,1,9.1,True,True,0,True
3,S0693,5.2181166,116.344786,S0044,5.2313137,116.3580845,2.079,0,10.1,True,True,0,True
3,S0693,5.2181166,116.344786,S0690,5.1964629,116.359591,2.913,0,8.3,True,True,0,True
3,S0693,5.2181166,116.344786,S0702,5.2312481,116.358671,2.12,0,8.2,True,True,0,True
3,S0693,5.2181166,116.344786,S0703,5.2413062,116.3539969,2.773,0,6.3,True,True,0,True
3,S0697,5.2419511,116.3674556,S0044,5.2313137,116.3580845,1.573,0,10.1,True,True,0,True
3,S0697,5.2419511,116.3674556,S0638,5.2601226,116.3734017,2.125,0,0.5,True,False,0,True
3,S0697,5.2419511,116.3674556,S0639,5.2593984,116.3756262,2.141,0,5.7,True,False,0,True
3,S0697,5.2419511,116.3674556,S0700,5.2314063,116.3720737,1.279,0,10.1,True,True,0,True
3,S0697,5.2419511,116.3674556,S0702,5.2312481,116.358671,1.537,0,10.0,True,True,0,True
3,S0697,5.2419511,116.3674556,S0703,5.2413062,116.3539969,1.492,0,7.4,True,True,0,True
3,S0699,5.1807118,116.3504924,S0650,5.1626227,116.3648085,2.561,0,7.0,True,True,0,True
3,S0699,5.1807118,116.3504924,S0690,5.1964629,116.359591,2.021,0,10.2,True,True,0,True
3,S0699,5.1807118,116.3504924,S0701,5.1863236,116.3527253,0.671,0,10.1,True,True,0,True
3,S0700,5.2314063,116.3720737,S0044,5.2313137,116.3580845,1.549,0,10.1,True,True,0,True
3,S0700,5.2314063,116.3720737,S0697,5.2419511,116.3674556,1.279,0,10.0,True,True,0,True
3,S0700,5.2314063,116.3720737,S0702,5.2312481,116.358671,1.484,0,7.0,True,True,0,True
3,S0700,5.2314063,116.3720737,S0703,5.2413062,116.3539969,2.284,0,5.1,True,True,0,True
3,S0701,5.1863236,116.3527253,S0650,5.1626227,116.3648085,2.956,0,6.1,True,True,0,True
3,S0701,5.1863236,116.3527253,S0690,5.1964629,116.359591,1.36,0,11.1,True,True,0,True
3,S0701,5.1863236,116.3527253,S0699,5.1807118,116.3504924,0.671,0,9.9,True,True,0,True
3,S0702,5.2312481,116.358671,S0044,5.2313137,116.3580845,0.065,0,10.0,True,True,0,True
3,S0702,5.2312481,116.358671,S0693,5.2181166,116.344786,2.12,0,6.1,True,False,0,True
3,S0702,5.2312481,116.358671,S0697,5.2419511,116.3674556,1.537,0,10.0,True,True,0,True
3,S0702,5.2312481,116.358671,S0700,5.2314063,116.3720737,1.484,0,10.0,True,True,0,True
3,S0702,5.2312481,116.358671,S0703,5.2413062,116.3539969,1.232,0,6.0,True,True,0,True
3,S0703,5.2413062,116.3539969,S0044,5.2313137,116.3580845,1.2,0,10.1,True,True,0,True
3,S0703,5.2413062,116.3539969,S0638,5.2601226,116.3734017,2.999,0,-5.4,False,False,0,True
3,S0703,5.2413062,116.3539969,S0693,5.2181166,116.344786,2.773,0,5.3,True,False,0,True
3,S0703,5.2413062,116.3539969,S0697,5.2419511,116.3674556,1.492,0,3.1,True,False,0,True
3,S0703,5.2413062,116.3539969,S0700,5.2314063,116.3720737,2.284,0,10.1,True,True,0,True
3,S0703,5.2413062,116.3539969,S0702,5.2312481,116.358671,1.232,0,8.7,True,True,0,True
3,S0707,5.3012077,116.0350168,S0053,5.2908601,116.0344046,1.153,0,9.5,True,True,0,True
3,S0707,5.3012077,116.0350168,S0746,5.3050012,116.0470604,1.399,0,-12.6,False,False,0,True
3,S0707,5.3012077,116.0350168,S0752,5.2886435,116.0349977,1.397,0,9.9,True,True,0,True
3,S0707,5.3012077,116.0350168,S0718,5.3025712,116.0534426,2.046,0,-61.2,False,False,0,True
3,S0708,5.2780362,116.1393509,S0710,5.2703372,116.1251851,1.787,0,-18.1,False,False,0,True
3,S0708,5.2780362,116.1393509,S0720,5.2787276,116.1215895,1.968,0,-14.5,False,False,0,True
3,S0708,5.2780362,116.1393509,S0721,5.2778914,116.1196595,2.18,0,-13.2,False,False,0,True
3,S0708,5.2780362,116.1393509,S0723,5.2759528,116.131931,0.854,0,-24.9,False,False,0,True
3,S0708,5.2780362,116.1393509,S0725,5.2523622,116.1311946,2.994,0,-12.5,False,False,0,True
3,S0710,5.2703372,116.1251851,S0708,5.2780362,116.1393509,1.787,1,-28.6,False,False,0,True
3,S0710,5.2703372,116.1251851,S0720,5.2787276,116.1215895,1.014,1,10.1,True,True,0,True
3,S0710,5.2703372,116.1251851,S0721,5.2778914,116.1196595,1.039,1,8.5,True,True,0,True
3,S0710,5.2703372,116.1251851,S0723,5.2759528,116.131931,0.974,1,-3.0,False,False,0,True
3,S0710,5.2703372,116.1251851,S0725,5.2523622,116.1311946,2.107,1,-56.7,False,False,0,True
3,S0710,5.2703372,116.1251851,S0732,5.2485711,116.1385903,2.839,1,-63.6,False,False,0,True
3,S0714,5.3047058,116.0623524,S0746,5.3050012,116.0470604,1.693,0,-69.4,False,False,0,True
3,S0714,5.3047058,116.0623524,S0718,5.3025712,116.0534426,1.015,0,-27.0,False,False,0,True
3,S0716,5.3158088,116.0891985,S0724,5.3403046,116.0926618,2.751,1,-0.6,False,False,0,True
3,S0716,5.3158088,116.0891985,S0751,5.3175429,116.0864757,0.358,1,9.4,True,True,0,True
3,S0720,5.2787276,116.1215895,S0708,5.2780362,116.1393509,1.968,0,-30.7,False,False,0,True
3,S0720,5.2787276,116.1215895,S0710,5.2703372,116.1251851,1.014,0,10.0,True,True,0,True
3,S0720,5.2787276,116.1215895,S0721,5.2778914,116.1196595,0.233,0,10.1,True,True,0,True
3,S0720,5.2787276,116.1215895,S0723,5.2759528,116.131931,1.186,0,9.6,True,True,0,True
3,S0721,5.2778914,116.1196595,S0708,5.2780362,116.1393509,2.18,0,-29.7,False,False,0,True
3,S0721,5.2778914,116.1196595,S0710,5.2703372,116.1251851,1.039,0,10.0,True,True,0,True
3,S0721,5.2778914,116.1196595,S0720,5.2787276,116.1215895,0.233,0,10.1,True,True,0,True
3,S0721,5.2778914,116.1196595,S0723,5.2759528,116.131931,1.376,0,9.4,True,True,0,True
3,S0723,5.2759528,116.131931,S0708,5.2780362,116.1393509,0.854,0,-26.7,False,False,0,True
3,S0723,5.2759528,116.131931,S0710,5.2703372,116.1251851,0.974,0,5.0,True,False,0,True
3,S0723,5.2759528,116.131931,S0720,5.2787276,116.1215895,1.186,0,10.3,True,True,0,True
3,S0723,5.2759528,116.131931,S0721,5.2778914,116.1196595,1.376,0,10.3,True,True,0,True
3,S0723,5.2759528,116.131931,S0725,5.2523622,116.1311946,2.624,0,-36.4,False,False,0,True
3,S0724,5.3403046,116.0926618,S0716,5.3158088,116.0891985,2.751,0,-5.6,False,False,0,True
3,S0724,5.3403046,116.0926618,S0751,5.3175429,116.0864757,2.622,0,3.9,True,False,0,True
3,S0725,5.2523622,116.1311946,S0708,5.2780362,116.1393509,2.994,1,-26.7,False,False,0,True
3,S0725,5.2523622,116.1311946,S0710,5.2703372,116.1251851,2.107,1,-51.0,False,False,0,True
3,S0725,5.2523622,116.1311946,S0723,5.2759528,116.131931,2.624,1,-32.9,False,False,0,True
3,S0725,5.2523622,116.1311946,S0732,5.2485711,116.1385903,0.921,1,-37.6,False,False,0,True
3,S0725,5.2523622,116.1311946,S0740,5.2381576,116.1437518,2.104,1,-35.3,False,False,0,True
3,S0725,5.2523622,116.1311946,S0747,5.2383302,116.1357927,1.641,1,-44.9,False,False,0,True
3,S0732,5.2485711,116.1385903,S0710,5.2703372,116.1251851,2.839,0,-67.9,False,False,0,True
3,S0732,5.2485711,116.1385903,S0725,5.2523622,116.1311946,0.921,0,-42.3,False,False,0,True
3,S0732,5.2485711,116.1385903,S0740,5.2381576,116.1437518,1.291,0,10.1,True,True,0,True
3,S0732,5.2485711,116.1385903,S0747,5.2383302,116.1357927,1.18,0,8.8,True,True,0,True
3,S0733,5.472185,116.2000632,S0735,5.4612709,116.2149548,2.047,1,8.1,True,True,0,True
3,S0733,5.472185,116.2000632,S0750,5.4792463,116.2115667,1.496,1,10.0,True,True,0,True
3,S0733,5.472185,116.2000632,S0753,5.4643992,116.2108043,1.471,1,10.2,True,True,0,True
3,S0733,5.472185,116.2000632,S0754,5.4632208,116.2123797,1.689,1,12.6,True,True,0,True
3,S0733,5.472185,116.2000632,S0755,5.4692707,116.2091656,1.058,1,9.4,True,True,0,True
3,S0735,5.4612709,116.2149548,S0733,5.472185,116.2000632,2.047,0,8.8,True,True,0,True
3,S0735,5.4612709,116.2149548,S0750,5.4792463,116.2115667,2.034,0,7.2,True,True,0,True
3,S0735,5.4612709,116.2149548,S0753,5.4643992,116.2108043,0.576,0,9.1,True,True,0,True
3,S0735,5.4612709,116.2149548,S0754,5.4632208,116.2123797,0.358,0,10.0,True,True,0,True
3,S0735,5.4612709,116.2149548,S0755,5.4692707,116.2091656,1.096,0,-5.8,False,False,0,True
3,S0740,5.2381576,116.1437518,S0725,5.2523622,116.1311946,2.104,0,-48.3,False,False,0,True
3,S0740,5.2381576,116.1437518,S0732,5.2485711,116.1385903,1.291,0,10.1,True,True,0,True
3,S0740,5.2381576,116.1437518,S0747,5.2383302,116.1357927,0.882,0,10.1,True,True,0,True
3,S0746,5.3050012,116.0470604,S0053,5.2908601,116.0344046,2.106,1,-4.3,False,False,0,True
3,S0746,5.3050012,116.0470604,S0707,5.3012077,116.0350168,1.399,1,-9.1,False,False,0,True
3,S0746,5.3050012,116.0470604,S0714,5.3047058,116.0623524,1.693,1,-56.7,False,False,0,True
3,S0746,5.3050012,116.0470604,S0752,5.2886435,116.0349977,2.257,1,-15.6,False,False,0,True
3,S0746,5.3050012,116.0470604,S0718,5.3025712,116.0534426,0.757,1,-20.9,False,False,0,True
3,S0747,5.2383302,116.1357927,S0725,5.2523622,116.1311946,1.641,0,-38.1,False,False,0,True
3,S0747,5.2383302,116.1357927,S0732,5.2485711,116.1385903,1.18,0,10.1,True,True,0,True
3,S0747,5.2383302,116.1357927,S0740,5.2381576,116.1437518,0.882,0,10.1,True,True,0,True
3,S0750,5.4792463,116.2115667,S0733,5.472185,116.2000632,1.496,0,10.1,True,True,0,True
3,S0750,5.4792463,116.2115667,S0735,5.4612709,116.2149548,2.034,0,10.3,True,True,0,True
3,S0750,5.4792463,116.2115667,S0753,5.4643992,116.2108043,1.653,0,3.2,True,False,0,True
3,S0750,5.4792463,116.2115667,S0754,5.4632208,116.2123797,1.784,0,5.2,True,False,0,True
3,S0750,5.4792463,116.2115667,S0755,5.4692707,116.2091656,1.141,0,7.1,True,True,0,True
3,S0751,5.3175429,116.0864757,S0716,5.3158088,116.0891985,0.358,0,5.9,True,True,0,True
3,S0751,5.3175429,116.0864757,S0724,5.3403046,116.0926618,2.622,0,5.1,True,True,0,True
3,S0752,5.2886435,116.0349977,S0053,5.2908601,116.0344046,0.255,0,10.0,True,True,0,True
3,S0752,5.2886435,116.0349977,S0707,5.3012077,116.0350168,1.397,0,9.8,True,True,0,True
3,S0752,5.2886435,116.0349977,S0746,5.3050012,116.0470604,2.257,0,-11.5,False,False,0,True
3,S0752,5.2886435,116.0349977,S0718,5.3025712,116.0534426,2.563,0,-37.3,False,False,0,True
3,S0753,5.4643992,116.2108043,S0733,5.472185,116.2000632,1.471,0,9.4,True,True,0,True
3,S0753,5.4643992,116.2108043,S0735,5.4612709,116.2149548,0.576,0,10.1,True,True,0,True
3,S0753,5.4643992,116.2108043,S0750,5.4792463,116.2115667,1.653,0,7.4,True,True,0,True
3,S0753,5.4643992,116.2108043,S0754,5.4632208,116.2123797,0.218,0,10.1,True,True,0,True
3,S0753,5.4643992,116.2108043,S0755,5.4692707,116.2091656,0.571,0,9.3,True,True,0,True
3,S0754,5.4632208,116.2123797,S0733,5.472185,116.2000632,1.689,0,9.5,True,True,0,True
3,S0754,5.4632208,116.2123797,S0735,5.4612709,116.2149548,0.358,0,10.1,True,True,0,True
3,S0754,5.4632208,116.2123797,S0750,5.4792463,116.2115667,1.784,0,7.5,True,True,0,True
3,S0754,5.4632208,116.2123797,S0753,5.4643992,116.2108043,0.218,0,10.1,True,True,0,True
3,S0754,5.4632208,116.2123797,S0755,5.4692707,116.2091656,0.761,0,2.5,True,False,0,True
3,S0755,5.4692707,116.2091656,S0733,5.472185,116.2000632,1.058,0,7.3,True,True,0,True
3,S0755,5.4692707,116.2091656,S0735,5.4612709,116.2149548,1.096,0,-3.7,False,False,0,True
3,S0755,5.4692707,116.2091656,S0750,5.4792463,116.2115667,1.141,0,9.4,True,True,0,True
3,S0755,5.4692707,116.2091656,S0753,5.4643992,116.2108043,0.571,0,4.9,True,True,0,True
3,S0755,5.4692707,116.2091656,S0754,5.4632208,116.2123797,0.761,0,-0.5,False,False,0,True
3,S0758,5.4385565,116.1878393,S0057,5.4228974,116.209765,2.987,0,7.7,True,False,0,True
3,S0758,5.4385565,116.1878393,S0769,5.4328911,116.1968184,1.177,0,10.8,True,True,0,True
3,S0759,5.3937999,116.1341623,S0775,5.3928004,116.119851,1.588,1,-45.5,False,False,0,True
3,S0759,5.3937999,116.1341623,S0778,5.3908583,116.1417781,0.904,1,10.1,True,True,0,True
3,S0759,5.3937999,116.1341623,S1083,5.3975112,116.1526828,2.091,1,-73.5,False,False,0,True
3,S0769,5.4328911,116.1968184,S0057,5.4228974,116.209765,1.813,0,8.2,True,True,0,True
3,S0769,5.4328911,116.1968184,S0758,5.4385565,116.1878393,1.177,0,5.9,True,True,0,True
3,S0775,5.3928004,116.119851,S0759,5.3937999,116.1341623,1.588,0,-39.5,False,False,0,True
3,S0775,5.3928004,116.119851,S0778,5.3908583,116.1417781,2.437,0,0.9,True,False,0,True
3,S0778,5.3908583,116.1417781,S0759,5.3937999,116.1341623,0.904,0,10.0,True,True,0,True
3,S0778,5.3908583,116.1417781,S0775,5.3928004,116.119851,2.437,0,-10.1,False,False,0,True
3,S0778,5.3908583,116.1417781,S1083,5.3975112,116.1526828,1.416,0,-64.2,False,False,0,True
3,S0792,5.454468,116.5639703,S0611,5.4505072,116.5605112,0.584,0,8.6,True,True,0,True
3,S0792,5.454468,116.5639703,S0617,5.448024,116.5546504,1.256,0,-6.9,False,False,0,True
3,S0796,5.2210728,116.1946742,S0798,5.2096144,116.1942804,1.275,0,9.3,True,True,0,True
3,S0796,5.2210728,116.1946742,S0609,5.2268314,116.1801678,1.729,0,-32.4,False,False,0,True
3,S0796,5.2210728,116.1946742,S1077,5.2283683,116.175459,2.277,0,3.0,True,False,0,True
3,S0798,5.2096144,116.1942804,S0608,5.1868176,116.1825533,2.848,1,4.4,True,False,0,True
3,S0798,5.2096144,116.1942804,S0796,5.2210728,116.1946742,1.275,1,10.0,True,True,0,True
3,S0798,5.2096144,116.1942804,S0609,5.2268314,116.1801678,2.471,1,-48.0,False,False,0,True
3,S0798,5.2096144,116.1942804,S1077,5.2283683,116.175459,2.948,1,-22.2,False,False,0,True
3,S0803,5.5282671,116.2851388,S0805,5.5411224,116.2810617,1.499,1,9.0,True,True,0,True
3,S0805,5.5411224,116.2810617,S0803,5.5282671,116.2851388,1.499,0,10.1,True,True,0,True
3,S0815,5.6394475,116.2778346,S0819,5.6206223,116.2959576,2.899,1,-11.1,False,False,0,True
3,S0815,5.6394475,116.2778346,S0826,5.6363052,116.3045859,2.981,1,-146.8,False,False,0,True
3,S0816,5.5883975,116.3007588,S0820,5.5897802,116.3212195,2.27,0,10.4,True,True,0,True
3,S0816,5.5883975,116.3007588,S0823,5.602858,116.3074828,1.772,0,-52.0,False,False,0,True
3,S0819,5.6206223,116.2959576,S0815,5.6394475,116.2778346,2.899,0,-21.5,False,False,0,True
3,S0819,5.6206223,116.2959576,S0823,5.602858,116.3074828,2.351,0,-92.1,False,False,0,True
3,S0819,5.6206223,116.2959576,S0826,5.6363052,116.3045859,1.988,0,-32.8,False,False,0,True
3,S0820,5.5897802,116.3212195,S0816,5.5883975,116.3007588,2.27,0,4.4,True,True,0,True
3,S0820,5.5897802,116.3212195,S0822,5.602903,116.3286917,1.677,0,-53.6,False,False,0,True
3,S0820,5.5897802,116.3212195,S0823,5.602858,116.3074828,2.104,0,-28.9,False,False,0,True
3,S0820,5.5897802,116.3212195,S0825,5.6159659,116.3264611,2.969,0,-165.5,False,False,0,True
3,S0822,5.602903,116.3286917,S0820,5.5897802,116.3212195,1.677,0,-50.5,False,False,0,True
3,S0822,5.602903,116.3286917,S0823,5.602858,116.3074828,2.347,0,-93.7,False,False,0,True
3,S0822,5.602903,116.3286917,S0825,5.6159659,116.3264611,1.473,0,-3.8,False,False,0,True
3,S0823,5.602858,116.3074828,S0816,5.5883975,116.3007588,1.772,1,-58.1,False,False,0,True
3,S0823,5.602858,116.3074828,S0819,5.6206223,116.2959576,2.351,1,-89.1,False,False,0,True
3,S0823,5.602858,116.3074828,S0820,5.5897802,116.3212195,2.104,1,-30.3,False,False,0,True
3,S0823,5.602858,116.3074828,S0822,5.602903,116.3286917,2.347,1,-95.1,False,False,0,True
3,S0823,5.602858,116.3074828,S0825,5.6159659,116.3264611,2.556,1,-100.8,False,False,0,True
3,S0825,5.6159659,116.3264611,S0820,5.5897802,116.3212195,2.969,0,-170.0,False,False,0,True
3,S0825,5.6159659,116.3264611,S0822,5.602903,116.3286917,1.473,0,2.5,True,False,0,True
3,S0825,5.6159659,116.3264611,S0823,5.602858,116.3074828,2.556,0,-106.9,False,False,0,True
3,S0826,5.6363052,116.3045859,S0815,5.6394475,116.2778346,2.981,0,-158.0,False,False,0,True
3,S0826,5.6363052,116.3045859,S0819,5.6206223,116.2959576,1.988,0,-33.3,False,False,0,True
3,S0834,5.8713255,116.4973945,S0845,5.8723062,116.5007533,0.387,1,10.1,True,True,0,True
3,S0834,5.8713255,116.4973945,S0854,5.8545828,116.4912239,1.983,1,-198.2,False,False,0,True
3,S0839,5.7916927,116.4734878,S0840,5.8053237,116.4818104,1.773,1,-18.1,False,False,0,True
3,S0839,5.7916927,116.4734878,S0846,5.7986386,116.4696292,0.882,1,-37.9,False,False,0,True
3,S0840,5.8053237,116.4818104,S0839,5.7916927,116.4734878,1.773,0,-32.0,False,False,0,True
3,S0840,5.8053237,116.4818104,S0846,5.7986386,116.4696292,1.539,0,-0.1,False,False,0,True
3,S0845,5.8723062,116.5007533,S0834,5.8713255,116.4973945,0.387,0,10.1,True,True,0,True
3,S0845,5.8723062,116.5007533,S0854,5.8545828,116.4912239,2.235,0,-222.5,False,False,0,True
3,S0846,5.7986386,116.4696292,S0839,5.7916927,116.4734878,0.882,0,-39.6,False,False,0,True
3,S0846,5.7986386,116.4696292,S0840,5.8053237,116.4818104,1.539,0,-4.6,False,False,0,True
3,S0854,5.8545828,116.4912239,S0834,5.8713255,116.4973945,1.983,0,-203.7,False,False,0,True
3,S0854,5.8545828,116.4912239,S0845,5.8723062,116.5007533,2.235,0,-225.3,False,False,0,True
3,S0856,5.7919059,116.811607,S0077,5.7908133,116.8168422,0.592,0,8.2,True,True,0,True
3,S0856,5.7919059,116.811607,S0862,5.797142,116.8189854,1.003,0,10.1,True,True,0,True
3,S0856,5.7919059,116.811607,S0870,5.788846,116.8179208,0.777,0,10.1,True,True,0,True
3,S0856,5.7919059,116.811607,S0875,5.7984346,116.8143039,0.785,0,4.3,True,False,0,True
3,S0862,5.797142,116.8189854,S0077,5.7908133,116.8168422,0.743,0,-2.5,False,False,0,True
3,S0862,5.797142,116.8189854,S0856,5.7919059,116.811607,1.003,0,0.9,True,False,0,True
3,S0862,5.797142,116.8189854,S0870,5.788846,116.8179208,0.93,0,-19.5,False,False,0,True
3,S0862,5.797142,116.8189854,S0875,5.7984346,116.8143039,0.537,0,10.0,True,True,0,True
3,S0864,5.9551434,116.7545236,S0886,5.9452917,116.7695968,1.995,0,-42.3,False,False,0,True
3,S0870,5.788846,116.8179208,S0077,5.7908133,116.8168422,0.249,0,10.1,True,True,0,True
3,S0870,5.788846,116.8179208,S0856,5.7919059,116.811607,0.777,0,10.0,True,True,0,True
3,S0870,5.788846,116.8179208,S0862,5.797142,116.8189854,0.93,0,-22.3,False,False,0,True
3,S0870,5.788846,116.8179208,S0875,5.7984346,116.8143039,1.139,0,8.9,True,True,0,True
3,S0872,5.9384793,116.7797184,S0048,5.9303108,116.7709674,1.327,0,9.0,True,True,0,True
3,S0872,5.9384793,116.7797184,S0886,5.9452917,116.7695968,1.352,0,6.0,True,True,0,True
3,S0875,5.7984346,116.8143039,S0077,5.7908133,116.8168422,0.893,0,8.8,True,True,0,True
3,S0875,5.7984346,116.8143039,S0856,5.7919059,116.811607,0.785,0,-7.7,False,False,0,True
3,S0875,5.7984346,116.8143039,S0862,5.797142,116.8189854,0.537,0,10.1,True,True,0,True
3,S0875,5.7984346,116.8143039,S0870,5.788846,116.8179208,1.139,0,10.1,True,True,0,True
3,S0886,5.9452917,116.7695968,S0048,5.9303108,116.7709674,1.673,1,-11.5,False,False,0,True
3,S0886,5.9452917,116.7695968,S0864,5.9551434,116.7545236,1.995,1,-47.4,False,False,0,True
3,S0886,5.9452917,116.7695968,S0872,5.9384793,116.7797184,1.352,1,10.0,True,True,0,True
3,S0915,6.126042,116.863994,S0060,6.1135252,116.8611805,1.426,0,7.5,True,True,0,True
3,S0915,6.126042,116.863994,S0931,6.1160327,116.863674,1.114,0,8.8,True,True,0,True
3,S0915,6.126042,116.863994,S0944,6.1141163,116.8612539,1.36,0,8.5,True,True,0,True
3,S0928,6.1095094,116.8182326,S0063,6.108734,116.8184033,0.088,0,5.6,True,True,0,True
3,S0928,6.1095094,116.8182326,S0941,6.119726,116.7986317,2.447,0,4.2,True,True,0,True
3,S0931,6.1160327,116.863674,S0060,6.1135252,116.8611805,0.392,0,10.0,True,True,0,True
3,S0931,6.1160327,116.863674,S0915,6.126042,116.863994,1.114,0,10.1,True,True,0,True
3,S0931,6.1160327,116.863674,S0944,6.1141163,116.8612539,0.342,0,10.0,True,True,0,True
3,S0940,6.15882,116.7789947,S0284,6.1615009,116.7975091,2.068,1,-23.0,False,False,0,True
3,S0940,6.15882,116.7789947,S0935,6.13671,116.7745909,2.506,1,-10.3,False,False,0,True
3,S0941,6.119726,116.7986317,S0063,6.108734,116.8184033,2.504,0,0.9,True,False,0,True
3,S0941,6.119726,116.7986317,S0928,6.1095094,116.8182326,2.447,0,8.2,True,True,0,True
3,S0943,6.20053,116.7656937,S0375,6.1940804,116.7735199,1.124,0,-69.8,False,False,0,True
3,S0943,6.20053,116.7656937,S0061,6.2072984,116.7677359,0.786,0,-23.2,False,False,0,True
3,S0944,6.1141163,116.8612539,S0060,6.1135252,116.8611805,0.066,0,10.1,True,True,0,True
3,S0944,6.1141163,116.8612539,S0915,6.126042,116.863994,1.36,0,10.1,True,True,0,True
3,S0944,6.1141163,116.8612539,S0931,6.1160327,116.863674,0.342,0,10.0,True,True,0,True
3,S0946,6.0692593,116.7974408,S0952,6.0724026,116.7758169,2.416,0,-24.4,False,False,0,True
3,S0946,6.0692593,116.7974408,S0957,6.0633286,116.8001574,0.725,0,10.0,True,True,0,True
3,S0951,6.0886156,116.7732327,S0952,6.0724026,116.7758169,1.825,0,-74.7,False,False,0,True
3,S0952,6.0724026,116.7758169,S0946,6.0692593,116.7974408,2.416,1,-19.0,False,False,0,True
3,S0952,6.0724026,116.7758169,S0951,6.0886156,116.7732327,1.825,1,-83.4,False,False,0,True
3,S0952,6.0724026,116.7758169,S0957,6.0633286,116.8001574,2.874,1,-31.2,False,False,0,True
3,S0957,6.0633286,116.8001574,S0946,6.0692593,116.7974408,0.725,0,7.9,True,True,0,True
3,S0957,6.0633286,116.8001574,S0952,6.0724026,116.7758169,2.874,0,-39.8,False,False,0,True
3,S0960,6.0293568,116.7251583,S0355,6.0412176,116.7087175,2.246,1,-8.4,False,False,0,True
3,S0960,6.0293568,116.7251583,S0965,6.0459598,116.7431299,2.712,1,-107.8,False,False,0,True
3,S0960,6.0293568,116.7251583,S0966,6.0247047,116.7371689,1.425,1,7.6,True,True,0,True
3,S0961,6.044906,116.7574738,S0965,6.0459598,116.7431299,1.59,1,10.0,True,True,0,True
3,S0965,6.0459598,116.7431299,S0960,6.0293568,116.7251583,2.712,0,-101.3,False,False,0,True
3,S0965,6.0459598,116.7431299,S0961,6.044906,116.7574738,1.59,0,7.7,True,True,0,True
3,S0965,6.0459598,116.7431299,S0966,6.0247047,116.7371689,2.454,0,-118.8,False,False,0,True
3,S0966,6.0247047,116.7371689,S0960,6.0293568,116.7251583,1.425,0,-3.2,False,False,0,True
3,S0966,6.0247047,116.7371689,S0965,6.0459598,116.7431299,2.454,0,-125.9,False,False,0,True
3,S0988,5.8670441,116.5672761,S0078,5.8641269,116.5839984,1.878,0,-121.2,False,False,0,True
3,S0988,5.8670441,116.5672761,S1008,5.864768,116.578317,1.247,0,-6.3,False,False,0,True
3,S0988,5.8670441,116.5672761,S1020,5.8730698,116.5840241,1.97,0,-112.0,False,False,0,True
3,S0993,5.9610547,116.5955176,S0997,5.9490421,116.5742441,2.705,1,-78.3,False,False,0,True
3,S0993,5.9610547,116.5955176,S1000,5.942872,116.5879609,2.188,1,-108.0,False,False,0,True
3,S0993,5.9610547,116.5955176,S1003,5.9715748,116.6005266,1.294,1,-3.2,False,False,0,True
3,S0993,5.9610547,116.5955176,S1010,5.9699241,116.610333,1.912,1,10.4,True,True,0,True
3,S0997,5.9490421,116.5742441,S0993,5.9610547,116.5955176,2.705,0,-83.1,False,False,0,True
3,S0997,5.9490421,116.5742441,S1000,5.942872,116.5879609,1.665,0,10.4,True,True,0,True
3,S0997,5.9490421,116.5742441,S1024,5.9428587,116.5545268,2.286,0,-201.8,False,False,0,True
3,S0997,5.9490421,116.5742441,S1025,5.9272681,116.5622378,2.761,0,-417.1,False,False,0,True
3,S1000,5.942872,116.5879609,S0993,5.9610547,116.5955176,2.188,0,-109.9,False,False,0,True
3,S1000,5.942872,116.5879609,S0997,5.9490421,116.5742441,1.665,0,11.7,True,True,0,True
3,S1002,5.9726888,116.5294,S1005,5.9767187,116.5296757,0.449,1,10.1,True,True,0,True
3,S1002,5.9726888,116.5294,S1054,5.9577048,116.5476671,2.619,1,-76.5,False,False,0,True
3,S1003,5.9715748,116.6005266,S0993,5.9610547,116.5955176,1.294,0,-19.6,False,False,0,True
3,S1003,5.9715748,116.6005266,S1010,5.9699241,116.610333,1.1,0,10.2,True,True,0,True
3,S1005,5.9767187,116.5296757,S1002,5.9726888,116.5294,0.449,0,9.8,True,True,0,True
3,S1005,5.9767187,116.5296757,S1054,5.9577048,116.5476671,2.903,0,-75.4,False,False,0,True
3,S1008,5.864768,116.578317,S0078,5.8641269,116.5839984,0.632,0,-2.5,False,False,0,True
3,S1008,5.864768,116.578317,S0988,5.8670441,116.5672761,1.247,0,1.8,True,False,0,True
3,S1008,5.864768,116.578317,S1020,5.8730698,116.5840241,1.118,0,10.1,True,True,0,True
3,S1010,5.9699241,116.610333,S0993,5.9610547,116.5955176,1.912,0,-6.3,False,False,0,True
3,S1010,5.9699241,116.610333,S1003,5.9715748,116.6005266,1.1,0,9.4,True,True,0,True
3,S1010,5.9699241,116.610333,S1040,5.9776888,116.6271793,2.053,0,-181.1,False,False,0,True
3,S1010,5.9699241,116.610333,S1041,5.9616214,116.6317392,2.541,0,-174.0,False,False,0,True
3,S1010,5.9699241,116.610333,S1047,5.967166,116.6315073,2.362,0,-197.8,False,False,0,True
3,S1019,5.9148989,116.5523936,S1023,5.9285252,116.5524134,1.515,1,10.2,True,True,0,True
3,S1019,5.9148989,116.5523936,S1025,5.9272681,116.5622378,1.754,1,10.1,True,True,0,True
3,S1019,5.9148989,116.5523936,S1026,5.898538,116.5572532,1.897,1,-170.4,False,False,0,True
3,S1019,5.9148989,116.5523936,S1030,5.9197567,116.5389621,1.581,1,-108.9,False,False,0,True
3,S1019,5.9148989,116.5523936,S1034,5.9048187,116.5573592,1.248,1,-25.9,False,False,0,True
3,S1020,5.8730698,116.5840241,S0078,5.8641269,116.5839984,0.994,0,5.9,True,True,0,True
3,S1020,5.8730698,116.5840241,S0988,5.8670441,116.5672761,1.97,0,-109.4,False,False,0,True
3,S1020,5.8730698,116.5840241,S1008,5.864768,116.578317,1.118,0,8.0,True,True,0,True
3,S1023,5.9285252,116.5524134,S1019,5.9148989,116.5523936,1.515,1,9.5,True,True,0,True
3,S1023,5.9285252,116.5524134,S1024,5.9428587,116.5545268,1.611,1,1.9,True,False,0,True
3,S1023,5.9285252,116.5524134,S1025,5.9272681,116.5622378,1.096,1,-3.7,False,False,0,True
3,S1023,5.9285252,116.5524134,S1030,5.9197567,116.5389621,1.779,1,-61.9,False,False,0,True
3,S1023,5.9285252,116.5524134,S1034,5.9048187,116.5573592,2.692,1,17.2,True,True,0,True
3,S1023,5.9285252,116.5524134,S1050,5.9480847,116.5420322,2.459,1,9.1,True,True,0,True
3,S1023,5.9285252,116.5524134,S1053,5.9458883,116.5351745,2.713,1,7.0,True,True,0,True
3,S1024,5.9428587,116.5545268,S0997,5.9490421,116.5742441,2.286,0,-205.5,False,False,0,True
3,S1024,5.9428587,116.5545268,S1023,5.9285252,116.5524134,1.611,0,10.9,True,True,0,True
3,S1024,5.9428587,116.5545268,S1025,5.9272681,116.5622378,1.932,0,-15.1,False,False,0,True
3,S1024,5.9428587,116.5545268,S1050,5.9480847,116.5420322,1.499,0,9.9,True,True,0,True
3,S1024,5.9428587,116.5545268,S1053,5.9458883,116.5351745,2.167,0,9.2,True,True,0,True
3,S1024,5.9428587,116.5545268,S1054,5.9577048,116.5476671,1.817,0,-20.6,False,False,0,True
3,S1025,5.9272681,116.5622378,S0997,5.9490421,116.5742441,2.761,0,-417.9,False,False,0,True
3,S1025,5.9272681,116.5622378,S1019,5.9148989,116.5523936,1.754,0,10.0,True,True,0,True
3,S1025,5.9272681,116.5622378,S1023,5.9285252,116.5524134,1.096,0,-1.2,False,False,0,True
3,S1025,5.9272681,116.5622378,S1024,5.9428587,116.5545268,1.932,0,-22.1,False,False,0,True
3,S1025,5.9272681,116.5622378,S1030,5.9197567,116.5389621,2.706,0,-66.9,False,False,0,True
3,S1025,5.9272681,116.5622378,S1034,5.9048187,116.5573592,2.554,0,15.7,True,True,0,True
3,S1026,5.898538,116.5572532,S1019,5.9148989,116.5523936,1.897,0,-161.8,False,False,0,True
3,S1026,5.898538,116.5572532,S1034,5.9048187,116.5573592,0.698,0,-72.4,False,False,0,True
3,S1030,5.9197567,116.5389621,S1019,5.9148989,116.5523936,1.581,0,-95.6,False,False,0,True
3,S1030,5.9197567,116.5389621,S1023,5.9285252,116.5524134,1.779,0,-47.4,False,False,0,True
3,S1030,5.9197567,116.5389621,S1025,5.9272681,116.5622378,2.706,0,-50.3,False,False,0,True
3,S1030,5.9197567,116.5389621,S1034,5.9048187,116.5573592,2.627,0,-78.3,False,False,0,True
3,S1030,5.9197567,116.5389621,S1053,5.9458883,116.5351745,2.936,0,9.2,True,True,0,True
3,S1034,5.9048187,116.5573592,S1019,5.9148989,116.5523936,1.248,0,-35.8,False,False,0,True
3,S1034,5.9048187,116.5573592,S1023,5.9285252,116.5524134,2.692,0,12.8,True,True,0,True
3,S1034,5.9048187,116.5573592,S1025,5.9272681,116.5622378,2.554,0,10.7,True,True,0,True
3,S1034,5.9048187,116.5573592,S1026,5.898538,116.5572532,0.698,0,-64.4,False,False,0,True
3,S1034,5.9048187,116.5573592,S1030,5.9197567,116.5389621,2.627,0,-94.6,False,False,0,True
3,S1040,5.9776888,116.6271793,S1010,5.9699241,116.610333,2.053,0,-180.0,False,False,0,True
3,S1040,5.9776888,116.6271793,S1041,5.9616214,116.6317392,1.856,0,-50.0,False,False,0,True
3,S1040,5.9776888,116.6271793,S1047,5.967166,116.6315073,1.264,0,-2.9,False,False,0,True
3,S1040,5.9776888,116.6271793,S1048,5.9577252,116.6394034,2.599,0,10.7,True,True,0,True
3,S1041,5.9616214,116.6317392,S1010,5.9699241,116.610333,2.541,1,-167.9,False,False,0,True
3,S1041,5.9616214,116.6317392,S1040,5.9776888,116.6271793,1.856,1,-39.2,False,False,0,True
3,S1041,5.9616214,116.6317392,S1042,5.9490482,116.6312945,1.399,1,10.1,True,True,0,True
3,S1041,5.9616214,116.6317392,S1043,5.9360702,116.6275559,2.879,1,-157.5,False,False,0,True
3,S1041,5.9616214,116.6317392,S1044,5.9398281,116.6218703,2.658,1,-155.5,False,False,0,True
3,S1041,5.9616214,116.6317392,S1046,5.9431707,116.6217402,2.331,1,-123.7,False,False,0,True
3,S1041,5.9616214,116.6317392,S1047,5.967166,116.6315073,0.617,1,-26.9,False,False,0,True
3,S1041,5.9616214,116.6317392,S1048,5.9577252,116.6394034,0.952,1,10.5,True,True,0,True
3,S1041,5.9616214,116.6317392,S1049,5.945148,116.6327509,1.835,1,10.1,True,True,0,True
3,S1042,5.9490482,116.6312945,S1041,5.9616214,116.6317392,1.399,0,10.0,True,True,0,True
3,S1042,5.9490482,116.6312945,S1043,5.9360702,116.6275559,1.501,0,-85.5,False,False,0,True
3,S1042,5.9490482,116.6312945,S1044,5.9398281,116.6218703,1.462,0,-91.9,False,False,0,True
3,S1042,5.9490482,116.6312945,S1046,5.9431707,116.6217402,1.242,0,-87.7,False,False,0,True
3,S1042,5.9490482,116.6312945,S1047,5.967166,116.6315073,2.015,0,-43.9,False,False,0,True
3,S1042,5.9490482,116.6312945,S1048,5.9577252,116.6394034,1.317,0,10.4,True,True,0,True
3,S1042,5.9490482,116.6312945,S1049,5.945148,116.6327509,0.463,0,5.1,True,True,0,True
3,S1043,5.9360702,116.6275559,S1041,5.9616214,116.6317392,2.879,0,-153.9,False,False,0,True
3,S1043,5.9360702,116.6275559,S1042,5.9490482,116.6312945,1.501,0,-94.5,False,False,0,True
3,S1043,5.9360702,116.6275559,S1044,5.9398281,116.6218703,0.755,0,6.4,True,True,0,True
3,S1043,5.9360702,116.6275559,S1046,5.9431707,116.6217402,1.018,0,-0.8,False,False,0,True
3,S1043,5.9360702,116.6275559,S1048,5.9577252,116.6394034,2.741,0,-117.3,False,False,0,True
3,S1043,5.9360702,116.6275559,S1049,5.945148,116.6327509,1.161,0,-14.5,False,False,0,True
3,S1044,5.9398281,116.6218703,S1041,5.9616214,116.6317392,2.658,0,-150.7,False,False,0,True
3,S1044,5.9398281,116.6218703,S1042,5.9490482,116.6312945,1.462,0,-101.7,False,False,0,True
3,S1044,5.9398281,116.6218703,S1043,5.9360702,116.6275559,0.755,0,10.4,True,True,0,True
3,S1044,5.9398281,116.6218703,S1046,5.9431707,116.6217402,0.372,0,7.5,True,True,0,True
3,S1044,5.9398281,116.6218703,S1048,5.9577252,116.6394034,2.779,0,-149.5,False,False,0,True
3,S1044,5.9398281,116.6218703,S1049,5.945148,116.6327509,1.341,0,-23.9,False,False,0,True
3,S1046,5.9431707,116.6217402,S1041,5.9616214,116.6317392,2.331,0,-113.9,False,False,0,True
3,S1046,5.9431707,116.6217402,S1042,5.9490482,116.6312945,1.242,0,-97.0,False,False,0,True
3,S1046,5.9431707,116.6217402,S1043,5.9360702,116.6275559,1.018,0,9.9,True,True,0,True
3,S1046,5.9431707,116.6217402,S1044,5.9398281,116.6218703,0.372,0,9.8,True,True,0,True
3,S1046,5.9431707,116.6217402,S1047,5.967166,116.6315073,2.879,0,-107.1,False,False,0,True
3,S1046,5.9431707,116.6217402,S1048,5.9577252,116.6394034,2.537,0,-144.4,False,False,0,True
3,S1046,5.9431707,116.6217402,S1049,5.945148,116.6327509,1.237,0,-31.1,False,False,0,True
3,S1047,5.967166,116.6315073,S1010,5.9699241,116.610333,2.362,0,-196.1,False,False,0,True
3,S1047,5.967166,116.6315073,S1040,5.9776888,116.6271793,1.264,0,9.8,True,True,0,True
3,S1047,5.967166,116.6315073,S1041,5.9616214,116.6317392,0.617,0,-22.8,False,False,0,True
3,S1047,5.967166,116.6315073,S1042,5.9490482,116.6312945,2.015,0,-28.4,False,False,0,True
3,S1047,5.967166,116.6315073,S1046,5.9431707,116.6217402,2.879,0,-119.2,False,False,0,True
3,S1047,5.967166,116.6315073,S1048,5.9577252,116.6394034,1.366,0,10.5,True,True,0,True
3,S1047,5.967166,116.6315073,S1049,5.945148,116.6327509,2.452,0,-14.9,False,False,0,True
3,S1048,5.9577252,116.6394034,S1040,5.9776888,116.6271793,2.599,0,7.9,True,False,0,True
3,S1048,5.9577252,116.6394034,S1041,5.9616214,116.6317392,0.952,0,9.0,True,True,0,True
3,S1048,5.9577252,116.6394034,S1042,5.9490482,116.6312945,1.317,0,6.9,True,True,0,True
3,S1048,5.9577252,116.6394034,S1043,5.9360702,116.6275559,2.741,0,-123.0,False,False,0,True
3,S1048,5.9577252,116.6394034,S1044,5.9398281,116.6218703,2.779,0,-153.3,False,False,0,True
3,S1048,5.9577252,116.6394034,S1046,5.9431707,116.6217402,2.537,0,-150.4,False,False,0,True
3,S1048,5.9577252,116.6394034,S1047,5.967166,116.6315073,1.366,0,0.4,True,False,0,True
3,S1048,5.9577252,116.6394034,S1049,5.945148,116.6327509,1.58,0,1.9,True,False,0,True
3,S1049,5.945148,116.6327509,S1041,5.9616214,116.6317392,1.835,0,10.1,True,True,0,True
3,S1049,5.945148,116.6327509,S1042,5.9490482,116.6312945,0.463,0,3.4,True,False,0,True
3,S1049,5.945148,116.6327509,S1043,5.9360702,116.6275559,1.161,0,-2.6,False,False,0,True
3,S1049,5.945148,116.6327509,S1044,5.9398281,116.6218703,1.341,0,-12.1,False,False,0,True
3,S1049,5.945148,116.6327509,S1046,5.9431707,116.6217402,1.237,0,-21.7,False,False,0,True
3,S1049,5.945148,116.6327509,S1047,5.967166,116.6315073,2.452,0,-30.9,False,False,0,True
3,S1049,5.945148,116.6327509,S1048,5.9577252,116.6394034,1.58,0,10.5,True,True,0,True
3,S1050,5.9480847,116.5420322,S1023,5.9285252,116.5524134,2.459,0,11.0,True,True,0,True
3,S1050,5.9480847,116.5420322,S1024,5.9428587,116.5545268,1.499,0,0.8,True,False,0,True
3,S1050,5.9480847,116.5420322,S1053,5.9458883,116.5351745,0.797,0,9.4,True,True,0,True
3,S1050,5.9480847,116.5420322,S1054,5.9577048,116.5476671,1.238,0,-15.4,False,False,0,True
3,S1053,5.9458883,116.5351745,S1023,5.9285252,116.5524134,2.713,0,11.1,True,True,0,True
3,S1053,5.9458883,116.5351745,S1024,5.9428587,116.5545268,2.167,0,6.2,True,True,0,True
3,S1053,5.9458883,116.5351745,S1030,5.9197567,116.5389621,2.936,0,10.5,True,True,0,True
3,S1053,5.9458883,116.5351745,S1050,5.9480847,116.5420322,0.797,0,-4.8,False,False,0,True
3,S1053,5.9458883,116.5351745,S1054,5.9577048,116.5476671,1.907,0,-21.6,False,False,0,True
3,S1054,5.9577048,116.5476671,S1002,5.9726888,116.5294,2.619,0,-63.7,False,False,0,True
3,S1054,5.9577048,116.5476671,S1005,5.9767187,116.5296757,2.903,0,-62.1,False,False,0,True
3,S1054,5.9577048,116.5476671,S1024,5.9428587,116.5545268,1.817,0,-32.9,False,False,0,True
3,S1054,5.9577048,116.5476671,S1050,5.9480847,116.5420322,1.238,0,-23.4,False,False,0,True
3,S1054,5.9577048,116.5476671,S1053,5.9458883,116.5351745,1.907,0,-12.9,False,False,0,True
3,S1073,5.1234242,116.3860528,S0636,5.1225003,116.3911099,0.569,0,8.7,True,True,0,True
3,S1074,5.1381847,116.2829209,S0114,5.1423979,116.289617,0.877,0,10.0,True,True,0,True
3,S1076,5.4127509,116.2331743,S0057,5.4228974,116.209765,2.826,0,3.4,True,False,0,True
3,S1076,5.4127509,116.2331743,S0663,5.3891572,116.240027,2.731,0,10.1,True,True,0,True
3,S1076,5.4127509,116.2331743,S0665,5.4183322,116.2561088,2.614,0,10.0,True,True,0,True
3,S1076,5.4127509,116.2331743,S0669,5.3997077,116.2381822,1.553,0,9.4,True,True,0,True
3,S1076,5.4127509,116.2331743,S0671,5.4044747,116.2475115,1.835,0,10.1,True,True,0,True
3,S1076,5.4127509,116.2331743,S0673,5.3940265,116.2424715,2.323,0,12.3,True,True,0,True
3,S1076,5.4127509,116.2331743,S0679,5.4190511,116.2334792,0.701,0,10.0,True,True,0,True
3,S1076,5.4127509,116.2331743,S0682,5.426731,116.2391342,1.689,0,9.4,True,True,0,True
3,S1076,5.4127509,116.2331743,S0688,5.4307567,116.2278076,2.088,0,6.7,True,False,0,True
3,S1076,5.4127509,116.2331743,S0689,5.4176834,116.227837,0.806,0,9.7,True,True,0,True
3,S1083,5.3975112,116.1526828,S0759,5.3937999,116.1341623,2.091,0,-76.5,False,False,0,True
3,S1083,5.3975112,116.1526828,S0778,5.3908583,116.1417781,1.416,0,-75.0,False,False,0,True
3,S1186,5.3178138,116.1933541,S0656,5.3409493,116.1995303,2.662,0,-38.6,False,False,0,True
3,S1190,6.4860679,116.8662016,S0033,6.4764024,116.8436982,2.709,0,4.2,True,False,0,True
3,S1213,6.6776111,117.0855448,S1214,6.6688346,117.0750177,1.518,1,-0.8,False,False,0,True
3,S1213,6.6776111,117.0855448,S1238,6.6726134,117.0904352,0.775,1,6.7,True,True,0,True
3,S1214,6.6688346,117.0750177,S1213,6.6776111,117.0855448,1.518,0,-3.0,False,False,0,True
3,S1214,6.6688346,117.0750177,S1238,6.6726134,117.0904352,1.754,0,-41.5,False,False,0,True
3,S1238,6.6726134,117.0904352,S1213,6.6776111,117.0855448,0.775,0,7.4,True,True,0,True
3,S1238,6.6726134,117.0904352,S1214,6.6688346,117.0750177,1.754,0,-28.3,False,False,0,True
3,S1257,4.8602808,115.8774283,S0432,4.8645291,115.8777495,0.474,0,10.0,True,True,0,True
3,S1257,4.8602808,115.8774283,S0433,4.8621763,115.8897693,1.383,0,8.0,True,True,0,True
3,S1257,4.8602808,115.8774283,S1264,4.8380444,115.8888462,2.777,0,-23.2,False,False,0,True
3,S1257,4.8602808,115.8774283,S1265,4.8489683,115.8820235,1.357,0,2.4,True,False,0,True
3,S1257,4.8602808,115.8774283,S1287,4.8626957,115.8968561,2.169,0,-1.0,False,False,0,True
3,S1257,4.8602808,115.8774283,S1290,4.8455687,115.8824868,1.729,0,-3.2,False,False,0,True
3,S1257,4.8602808,115.8774283,S1297,4.8680918,115.8841145,1.142,0,-3.9,False,False,0,True
3,S1262,4.9498512,115.9165432,S1267,4.9567649,115.9287947,1.56,1,4.8,True,False,0,True
3,S1262,4.9498512,115.9165432,S1275,4.9389728,115.9278051,1.738,1,8.4,True,True,0,True
3,S1262,4.9498512,115.9165432,S1292,4.931657,115.9209908,2.082,1,4.6,True,False,0,True
3,S1262,4.9498512,115.9165432,S1296,4.9424497,115.9189645,0.866,1,-5.5,False,False,0,True
3,S1262,4.9498512,115.9165432,S1299,4.9725045,115.9099196,2.624,1,-11.2,False,False,0,True
3,S1262,4.9498512,115.9165432,S1300,4.9350834,115.8993904,2.511,1,-1.9,False,False,0,True
3,S1262,4.9498512,115.9165432,S1308,4.9617425,115.9377015,2.691,1,10.0,True,True,0,True
3,S1262,4.9498512,115.9165432,S1309,4.9686314,115.9343143,2.87,1,14.1,True,True,0,True
3,S1262,4.9498512,115.9165432,S1312,4.955506,115.9182353,0.656,1,2.8,True,False,0,True
3,S1264,4.8380444,115.8888462,S0433,4.8621763,115.8897693,2.685,0,6.5,True,True,0,True
3,S1264,4.8380444,115.8888462,S1257,4.8602808,115.8774283,2.777,0,-20.6,False,False,0,True
3,S1264,4.8380444,115.8888462,S1265,4.8489683,115.8820235,1.431,0,-31.6,False,False,0,True
3,S1264,4.8380444,115.8888462,S1287,4.8626957,115.8968561,2.881,0,-0.2,False,False,0,True
3,S1264,4.8380444,115.8888462,S1290,4.8455687,115.8824868,1.094,0,9.5,True,True,0,True
3,S1265,4.8489683,115.8820235,S0432,4.8645291,115.8777495,1.794,0,10.0,True,True,0,True
3,S1265,4.8489683,115.8820235,S0433,4.8621763,115.8897693,1.701,0,7.2,True,True,0,True
3,S1265,4.8489683,115.8820235,S1257,4.8602808,115.8774283,1.357,0,7.7,True,True,0,True
3,S1265,4.8489683,115.8820235,S1264,4.8380444,115.8888462,1.431,0,-16.6,False,False,0,True
3,S1265,4.8489683,115.8820235,S1287,4.8626957,115.8968561,2.243,0,-1.9,False,False,0,True
3,S1265,4.8489683,115.8820235,S1290,4.8455687,115.8824868,0.381,0,-8.7,False,False,0,True
3,S1265,4.8489683,115.8820235,S1297,4.8680918,115.8841145,2.139,0,-3.6,False,False,0,True
3,S1266,4.9000969,115.8990228,S1270,4.8751133,115.9010094,2.787,0,-42.7,False,False,0,True
3,S1266,4.9000969,115.8990228,S1273,4.8816281,115.9076972,2.267,0,-71.9,False,False,0,True
3,S1266,4.9000969,115.8990228,S1274,4.8905928,115.9099937,1.611,0,-39.7,False,False,0,True
3,S1266,4.9000969,115.8990228,S1295,4.8950427,115.9239912,2.823,0,-76.0,False,False,0,True
3,S1267,4.9567649,115.9287947,S1262,4.9498512,115.9165432,1.56,0,7.6,True,True,0,True
3,S1267,4.9567649,115.9287947,S1275,4.9389728,115.9278051,1.981,0,10.0,True,True,0,True
3,S1267,4.9567649,115.9287947,S1292,4.931657,115.9209908,2.923,0,8.4,True,True,0,True
3,S1267,4.9567649,115.9287947,S1296,4.9424497,115.9189645,1.929,0,-2.8,False,False,0,True
3,S1267,4.9567649,115.9287947,S1299,4.9725045,115.9099196,2.727,0,6.8,True,False,0,True
3,S1267,4.9567649,115.9287947,S1308,4.9617425,115.9377015,1.131,0,10.0,True,True,0,True
3,S1267,4.9567649,115.9287947,S1309,4.9686314,115.9343143,1.454,0,14.0,True,True,0,True
3,S1267,4.9567649,115.9287947,S1312,4.955506,115.9182353,1.178,0,8.6,True,True,0,True
3,S1270,4.8751133,115.9010094,S0432,4.8645291,115.8777495,2.833,0,-10.9,False,False,0,True
3,S1270,4.8751133,115.9010094,S0433,4.8621763,115.8897693,1.903,0,7.0,True,True,0,True
3,S1270,4.8751133,115.9010094,S1266,4.9000969,115.8990228,2.787,0,-28.1,False,False,0,True
3,S1270,4.8751133,115.9010094,S1273,4.8816281,115.9076972,1.036,0,7.8,True,True,0,True
3,S1270,4.8751133,115.9010094,S1274,4.8905928,115.9099937,1.988,0,-33.2,False,False,0,True
3,S1270,4.8751133,115.9010094,S1287,4.8626957,115.8968561,1.455,0,6.1,True,False,0,True
3,S1270,4.8751133,115.9010094,S1293,4.8786559,115.9234644,2.519,0,-152.3,False,False,0,True
3,S1270,4.8751133,115.9010094,S1297,4.8680918,115.8841145,2.028,0,5.0,True,True,0,True
3,S1273,4.8816281,115.9076972,S0433,4.8621763,115.8897693,2.937,1,7.0,True,True,0,True
3,S1273,4.8816281,115.9076972,S1266,4.9000969,115.8990228,2.267,1,-61.3,False,False,0,True
3,S1273,4.8816281,115.9076972,S1270,4.8751133,115.9010094,1.036,1,10.1,True,True,0,True
3,S1273,4.8816281,115.9076972,S1274,4.8905928,115.9099937,1.029,1,-17.9,False,False,0,True
3,S1273,4.8816281,115.9076972,S1287,4.8626957,115.8968561,2.424,1,10.2,True,True,0,True
3,S1273,4.8816281,115.9076972,S1293,4.8786559,115.9234644,1.778,1,-143.8,False,False,0,True
3,S1273,4.8816281,115.9076972,S1295,4.8950427,115.9239912,2.342,1,-42.7,False,False,0,True
3,S1274,4.8905928,115.9099937,S1266,4.9000969,115.8990228,1.611,0,-27.3,False,False,0,True
3,S1274,4.8905928,115.9099937,S1270,4.8751133,115.9010094,1.988,0,-19.2,False,False,0,True
3,S1274,4.8905928,115.9099937,S1273,4.8816281,115.9076972,1.029,0,-7.7,False,False,0,True
3,S1274,4.8905928,115.9099937,S1293,4.8786559,115.9234644,1.997,0,-134.4,False,False,0,True
3,S1274,4.8905928,115.9099937,S1295,4.8950427,115.9239912,1.628,0,-2.8,False,False,0,True
3,S1275,4.9389728,115.9278051,S1262,4.9498512,115.9165432,1.738,0,-2.2,False,False,0,True
3,S1275,4.9389728,115.9278051,S1267,4.9567649,115.9287947,1.981,0,7.2,True,False,0,True
3,S1275,4.9389728,115.9278051,S1292,4.931657,115.9209908,1.11,0,10.1,True,True,0,True
3,S1275,4.9389728,115.9278051,S1296,4.9424497,115.9189645,1.053,0,8.2,True,True,0,True
3,S1275,4.9389728,115.9278051,S1308,4.9617425,115.9377015,2.759,0,10.0,True,True,0,True
3,S1275,4.9389728,115.9278051,S1312,4.955506,115.9182353,2.122,0,2.4,True,False,0,True
3,S1278,4.781721,115.8686313,S1289,4.7973202,115.8746945,1.86,1,-39.3,False,False,0,True
3,S1282,4.9714154,115.8933589,S1288,4.9828339,115.8918758,1.28,1,-10.8,False,False,0,True
3,S1282,4.9714154,115.8933589,S1299,4.9725045,115.9099196,1.839,1,-35.4,False,False,0,True
3,S1282,4.9714154,115.8933589,S1307,4.9820097,115.8942416,1.182,1,-12.7,False,False,0,True
3,S1286,5.01491,115.9389239,S1294,5.009984,115.9218609,1.968,0,6.2,True,False,0,True
3,S1286,5.01491,115.9389239,S1310,5.0057309,115.9360104,1.07,0,10.1,True,True,0,True
3,S1286,5.01491,115.9389239,S1313,5.0073294,115.9475247,1.272,0,7.7,True,True,0,True
3,S1286,5.01491,115.9389239,S1316,5.0042828,115.929199,1.599,0,8.2,True,True,0,True
3,S1287,4.8626957,115.8968561,S0432,4.8645291,115.8777495,2.127,0,-7.1,False,False,0,True
3,S1287,4.8626957,115.8968561,S0433,4.8621763,115.8897693,0.787,0,7.5,True,True,0,True
3,S1287,4.8626957,115.8968561,S1257,4.8602808,115.8774283,2.169,0,10.0,True,True,0,True
3,S1287,4.8626957,115.8968561,S1264,4.8380444,115.8888462,2.881,0,-16.4,False,False,0,True
3,S1287,4.8626957,115.8968561,S1265,4.8489683,115.8820235,2.243,0,1.8,True,False,0,True
3,S1287,4.8626957,115.8968561,S1270,4.8751133,115.9010094,1.455,0,2.5,True,False,0,True
3,S1287,4.8626957,115.8968561,S1273,4.8816281,115.9076972,2.424,0,8.3,True,True,0,True
3,S1287,4.8626957,115.8968561,S1290,4.8455687,115.8824868,2.482,0,3.9,True,False,0,True
3,S1287,4.8626957,115.8968561,S1297,4.8680918,115.8841145,1.534,0,2.2,True,False,0,True
3,S1288,4.9828339,115.8918758,S1282,4.9714154,115.8933589,1.28,0,-23.6,False,False,0,True
3,S1288,4.9828339,115.8918758,S1299,4.9725045,115.9099196,2.305,0,9.5,True,True,0,True
3,S1288,4.9828339,115.8918758,S1307,4.9820097,115.8942416,0.278,0,10.1,True,True,0,True
3,S1289,4.7973202,115.8746945,S1278,4.781721,115.8686313,1.86,0,-30.6,False,False,0,True
3,S1290,4.8455687,115.8824868,S0432,4.8645291,115.8777495,2.173,0,10.2,True,True,0,True
3,S1290,4.8455687,115.8824868,S0433,4.8621763,115.8897693,2.015,0,7.6,True,True,0,True
3,S1290,4.8455687,115.8824868,S1257,4.8602808,115.8774283,1.729,0,8.8,True,True,0,True
3,S1290,4.8455687,115.8824868,S1264,4.8380444,115.8888462,1.094,0,4.8,True,False,0,True
3,S1290,4.8455687,115.8824868,S1265,4.8489683,115.8820235,0.381,0,-11.9,False,False,0,True
3,S1290,4.8455687,115.8824868,S1287,4.8626957,115.8968561,2.482,0,2.1,True,False,0,True
3,S1290,4.8455687,115.8824868,S1297,4.8680918,115.8841145,2.511,0,0.7,True,False,0,True
3,S1292,4.931657,115.9209908,S1262,4.9498512,115.9165432,2.082,0,-9.6,False,False,0,True
3,S1292,4.931657,115.9209908,S1267,4.9567649,115.9287947,2.923,0,10.1,True,True,0,True
3,S1292,4.931657,115.9209908,S1275,4.9389728,115.9278051,1.11,0,4.9,True,True,0,True
3,S1292,4.931657,115.9209908,S1296,4.9424497,115.9189645,1.221,0,7.1,True,True,0,True
3,S1292,4.931657,115.9209908,S1300,4.9350834,115.8993904,2.423,0,-1.8,False,False,0,True
3,S1292,4.931657,115.9209908,S1312,4.955506,115.9182353,2.669,0,-0.7,False,False,0,True
3,S1293,4.8786559,115.9234644,S1270,4.8751133,115.9010094,2.519,0,-140.3,False,False,0,True
3,S1293,4.8786559,115.9234644,S1273,4.8816281,115.9076972,1.778,0,-133.6,False,False,0,True
3,S1293,4.8786559,115.9234644,S1274,4.8905928,115.9099937,1.997,0,-128.5,False,False,0,True
3,S1293,4.8786559,115.9234644,S1295,4.8950427,115.9239912,1.823,0,-24.5,False,False,0,True
3,S1294,5.009984,115.9218609,S0111,5.0186735,115.9059101,2.014,1,5.9,True,True,0,True
3,S1294,5.009984,115.9218609,S1286,5.01491,115.9389239,1.968,1,6.9,True,False,0,True
3,S1294,5.009984,115.9218609,S1310,5.0057309,115.9360104,1.637,1,9.1,True,True,0,True
3,S1294,5.009984,115.9218609,S1313,5.0073294,115.9475247,2.858,1,9.9,True,True,0,True
3,S1294,5.009984,115.9218609,S1316,5.0042828,115.929199,1.031,1,10.1,True,True,0,True
3,S1295,4.8950427,115.9239912,S1266,4.9000969,115.8990228,2.823,0,-80.1,False,False,0,True
3,S1295,4.8950427,115.9239912,S1273,4.8816281,115.9076972,2.342,0,-48.6,False,False,0,True
3,S1295,4.8950427,115.9239912,S1274,4.8905928,115.9099937,1.628,0,-13.0,False,False,0,True
3,S1295,4.8950427,115.9239912,S1293,4.8786559,115.9234644,1.823,0,-15.9,False,False,0,True
3,S1296,4.9424497,115.9189645,S1262,4.9498512,115.9165432,0.866,0,-6.8,False,False,0,True
3,S1296,4.9424497,115.9189645,S1267,4.9567649,115.9287947,1.929,0,10.1,True,True,0,True
3,S1296,4.9424497,115.9189645,S1275,4.9389728,115.9278051,1.053,0,8.3,True,True,0,True
3,S1296,4.9424497,115.9189645,S1292,4.931657,115.9209908,1.221,0,7.0,True,True,0,True
3,S1296,4.9424497,115.9189645,S1300,4.9350834,115.8993904,2.318,0,-6.0,False,False,0,True
3,S1296,4.9424497,115.9189645,S1308,4.9617425,115.9377015,2.985,0,10.0,True,True,0,True
3,S1296,4.9424497,115.9189645,S1312,4.955506,115.9182353,1.454,0,-1.9,False,False,0,True
3,S1297,4.8680918,115.8841145,S0432,4.8645291,115.8777495,0.809,0,4.0,True,False,0,True
3,S1297,4.8680918,115.8841145,S0433,4.8621763,115.8897693,0.908,0,4.9,True,False,0,True
3,S1297,4.8680918,115.8841145,S1257,4.8602808,115.8774283,1.142,0,3.9,True,False,0,True
3,S1297,4.8680918,115.8841145,S1265,4.8489683,115.8820235,2.139,0,9.3,True,True,0,True
3,S1297,4.8680918,115.8841145,S1270,4.8751133,115.9010094,2.028,0,0.9,True,False,0,True
3,S1297,4.8680918,115.8841145,S1287,4.8626957,115.8968561,1.534,0,8.6,True,True,0,True
3,S1297,4.8680918,115.8841145,S1290,4.8455687,115.8824868,2.511,0,3.0,True,False,0,True
3,S1299,4.9725045,115.9099196,S1262,4.9498512,115.9165432,2.624,0,0.5,True,False,0,True
3,S1299,4.9725045,115.9099196,S1267,4.9567649,115.9287947,2.727,0,10.7,True,True,0,True
3,S1299,4.9725045,115.9099196,S1282,4.9714154,115.8933589,1.839,0,-28.8,False,False,0,True
3,S1299,4.9725045,115.9099196,S1288,4.9828339,115.8918758,2.305,0,9.3,True,True,0,True
3,S1299,4.9725045,115.9099196,S1307,4.9820097,115.8942416,2.033,0,-11.8,False,False,0,True
3,S1299,4.9725045,115.9099196,S1309,4.9686314,115.9343143,2.736,0,-13.0,False,False,0,True
3,S1299,4.9725045,115.9099196,S1312,4.955506,115.9182353,2.103,0,6.5,True,False,0,True
3,S1300,4.9350834,115.8993904,S1262,4.9498512,115.9165432,2.511,0,7.4,True,True,0,True
3,S1300,4.9350834,115.8993904,S1292,4.931657,115.9209908,2.423,0,-4.3,False,False,0,True
3,S1300,4.9350834,115.8993904,S1296,4.9424497,115.9189645,2.318,0,-7.0,False,False,0,True
3,S1307,4.9820097,115.8942416,S1282,4.9714154,115.8933589,1.182,0,-24.5,False,False,0,True
3,S1307,4.9820097,115.8942416,S1288,4.9828339,115.8918758,0.278,0,9.2,True,True,0,True
3,S1307,4.9820097,115.8942416,S1299,4.9725045,115.9099196,2.033,0,6.3,True,True,0,True
3,S1308,4.9617425,115.9377015,S1262,4.9498512,115.9165432,2.691,0,7.7,True,True,0,True
3,S1308,4.9617425,115.9377015,S1267,4.9567649,115.9287947,1.131,0,10.0,True,True,0,True
3,S1308,4.9617425,115.9377015,S1275,4.9389728,115.9278051,2.759,0,6.0,True,False,0,True
3,S1308,4.9617425,115.9377015,S1296,4.9424497,115.9189645,2.985,0,5.9,True,True,0,True
3,S1308,4.9617425,115.9377015,S1309,4.9686314,115.9343143,0.853,0,10.1,True,True,0,True
3,S1308,4.9617425,115.9377015,S1312,4.955506,115.9182353,2.265,0,8.1,True,True,0,True
3,S1309,4.9686314,115.9343143,S1262,4.9498512,115.9165432,2.87,0,7.3,True,True,0,True
3,S1309,4.9686314,115.9343143,S1267,4.9567649,115.9287947,1.454,0,10.1,True,True,0,True
3,S1309,4.9686314,115.9343143,S1299,4.9725045,115.9099196,2.736,0,-18.5,False,False,0,True
3,S1309,4.9686314,115.9343143,S1308,4.9617425,115.9377015,0.853,0,7.0,True,True,0,True
3,S1309,4.9686314,115.9343143,S1312,4.955506,115.9182353,2.303,0,7.9,True,True,0,True
3,S1310,5.0057309,115.9360104,S1286,5.01491,115.9389239,1.07,0,10.1,True,True,0,True
3,S1310,5.0057309,115.9360104,S1294,5.009984,115.9218609,1.637,0,8.4,True,True,0,True
3,S1310,5.0057309,115.9360104,S1313,5.0073294,115.9475247,1.288,0,9.8,True,True,0,True
3,S1310,5.0057309,115.9360104,S1316,5.0042828,115.929199,0.771,0,8.3,True,True,0,True
3,S1312,4.955506,115.9182353,S1262,4.9498512,115.9165432,0.656,0,8.7,True,True,0,True
3,S1312,4.955506,115.9182353,S1267,4.9567649,115.9287947,1.178,0,10.1,True,True,0,True
3,S1312,4.955506,115.9182353,S1275,4.9389728,115.9278051,2.122,0,8.3,True,True,0,True
3,S1312,4.955506,115.9182353,S1292,4.931657,115.9209908,2.669,0,4.9,True,False,0,True
3,S1312,4.955506,115.9182353,S1296,4.9424497,115.9189645,1.454,0,-8.1,False,False,0,True
3,S1312,4.955506,115.9182353,S1299,4.9725045,115.9099196,2.103,0,-1.6,False,False,0,True
3,S1312,4.955506,115.9182353,S1308,4.9617425,115.9377015,2.265,0,10.0,True,True,0,True
3,S1312,4.955506,115.9182353,S1309,4.9686314,115.9343143,2.303,0,14.0,True,True,0,True
3,S1313,5.0073294,115.9475247,S1286,5.01491,115.9389239,1.272,0,10.2,True,True,0,True
3,S1313,5.0073294,115.9475247,S1294,5.009984,115.9218609,2.858,0,10.1,True,True,0,True
3,S1313,5.0073294,115.9475247,S1310,5.0057309,115.9360104,1.288,0,10.2,True,True,0,True
3,S1313,5.0073294,115.9475247,S1316,5.0042828,115.929199,2.058,0,8.5,True,True,0,True
3,S1316,5.0042828,115.929199,S1286,5.01491,115.9389239,1.599,0,10.1,True,True,0,True
3,S1316,5.0042828,115.929199,S1294,5.009984,115.9218609,1.031,0,5.9,True,True,0,True
3,S1316,5.0042828,115.929199,S1310,5.0057309,115.9360104,0.771,0,8.6,True,True,0,True
3,S1316,5.0042828,115.929199,S1313,5.0073294,115.9475247,2.058,0,9.9,True,True,0,True
3,S1333,4.6544051,118.2607451,S1337,4.6596061,118.2787498,2.078,0,3.0,True,False,0,True
3,S1333,4.6544051,118.2607451,S1338,4.6567709,118.2701645,1.077,0,-0.4,False,False,0,True
3,S1334,4.6596024,118.2888423,S1335,4.6530187,118.2946921,0.978,0,9.1,True,True,0,True
3,S1334,4.6596024,118.2888423,S1336,4.6562419,118.2945101,0.731,0,10.1,True,True,0,True
3,S1334,4.6596024,118.2888423,S1337,4.6596061,118.2787498,1.119,0,1.5,True,False,0,True
3,S1334,4.6596024,118.2888423,S1338,4.6567709,118.2701645,2.094,0,-9.3,False,False,0,True
3,S1335,4.6530187,118.2946921,S1334,4.6596024,118.2888423,0.978,0,10.1,True,True,0,True
3,S1335,4.6530187,118.2946921,S1336,4.6562419,118.2945101,0.359,0,10.1,True,True,0,True
3,S1335,4.6530187,118.2946921,S1337,4.6596061,118.2787498,1.913,0,-32.8,False,False,0,True
3,S1335,4.6530187,118.2946921,S1338,4.6567709,118.2701645,2.75,0,-12.6,False,False,0,True
3,S1336,4.6562419,118.2945101,S1334,4.6596024,118.2888423,0.731,0,10.1,True,True,0,True
3,S1336,4.6562419,118.2945101,S1335,4.6530187,118.2946921,0.359,0,10.0,True,True,0,True
3,S1336,4.6562419,118.2945101,S1337,4.6596061,118.2787498,1.786,0,-17.4,False,False,0,True
3,S1336,4.6562419,118.2945101,S1338,4.6567709,118.2701645,2.699,0,-14.9,False,False,0,True
3,S1337,4.6596061,118.2787498,S1333,4.6544051,118.2607451,2.078,1,1.4,True,False,0,True
3,S1337,4.6596061,118.2787498,S1334,4.6596024,118.2888423,1.119,1,-1.2,False,False,0,True
3,S1337,4.6596061,118.2787498,S1335,4.6530187,118.2946921,1.913,1,-24.6,False,False,0,True
3,S1337,4.6596061,118.2787498,S1336,4.6562419,118.2945101,1.786,1,-8.6,False,False,0,True
3,S1337,4.6596061,118.2787498,S1338,4.6567709,118.2701645,1.002,1,8.7,True,True,0,True
3,S1338,4.6567709,118.2701645,S1333,4.6544051,118.2607451,1.077,0,1.2,True,False,0,True
3,S1338,4.6567709,118.2701645,S1334,4.6596024,118.2888423,2.094,0,-16.8,False,False,0,True
3,S1338,4.6567709,118.2701645,S1335,4.6530187,118.2946921,2.75,0,-13.5,False,False,0,True
3,S1338,4.6567709,118.2701645,S1336,4.6562419,118.2945101,2.699,0,-10.7,False,False,0,True
3,S1338,4.6567709,118.2701645,S1337,4.6596061,118.2787498,1.002,0,3.3,True,False,0,True
3,S1345,4.7240551,118.1892659,S1347,4.7042168,118.2035741,2.717,0,10.0,True,True,0,True
3,S1346,4.7108573,118.2130149,S1347,4.7042168,118.2035741,1.281,0,9.6,True,True,0,True
3,S1347,4.7042168,118.2035741,S1345,4.7240551,118.1892659,2.717,1,4.2,True,False,0,True
3,S1347,4.7042168,118.2035741,S1346,4.7108573,118.2130149,1.281,1,10.1,True,True,0,True
3,S1365,5.9484425,118.0140645,S0196,5.9479941,118.014302,0.056,0,10.1,True,True,0,True
3,S1366,5.9945988,117.9113975,S0205,5.9696538,117.9102422,2.777,0,6.4,True,False,0,True
3,S1382,6.2253902,116.2167048,S1390,6.2252622,116.2206638,0.438,1,10.1,True,True,0,True
3,S1386,6.0582824,116.282368,S0132,6.0508758,116.2835896,0.835,0,-1.4,False,False,0,True
3,S1390,6.2252622,116.2206638,S1382,6.2253902,116.2167048,0.438,0,10.1,True,True,0,True
3,S1398,6.1248417,116.2392569,S1402,6.1135339,116.2403083,1.263,0,-1.6,False,False,0,True
3,S1398,6.1248417,116.2392569,S1413,6.1010524,116.2487948,2.848,0,7.2,True,True,0,True
3,S1402,6.1135339,116.2403083,S1398,6.1248417,116.2392569,1.263,0,3.3,True,False,0,True
3,S1402,6.1135339,116.2403083,S1411,6.0962064,116.2318513,2.142,0,-22.1,False,False,0,True
3,S1402,6.1135339,116.2403083,S1413,6.1010524,116.2487948,1.675,0,3.2,True,False,0,True
3,S1411,6.0962064,116.2318513,S1402,6.1135339,116.2403083,2.142,0,-17.8,False,False,0,True
3,S1411,6.0962064,116.2318513,S1413,6.1010524,116.2487948,1.949,0,-20.4,False,False,0,True
3,S1411,6.0962064,116.2318513,S1423,6.0810601,116.2373578,1.791,0,5.1,True,True,0,True
3,S1413,6.1010524,116.2487948,S1398,6.1248417,116.2392569,2.848,1,11.0,True,True,0,True
3,S1413,6.1010524,116.2487948,S1402,6.1135339,116.2403083,1.675,1,-3.0,False,False,0,True
3,S1413,6.1010524,116.2487948,S1411,6.0962064,116.2318513,1.949,1,-13.6,False,False,0,True
3,S1413,6.1010524,116.2487948,S1423,6.0810601,116.2373578,2.558,1,-23.5,False,False,0,True
3,S1421,6.0579997,116.2132233,S1422,6.0665881,116.2285495,1.945,1,10.1,True,True,0,True
3,S1422,6.0665881,116.2285495,S1421,6.0579997,116.2132233,1.945,0,10.0,True,True,0,True
3,S1422,6.0665881,116.2285495,S1423,6.0810601,116.2373578,1.881,0,-98.4,False,False,0,True
3,S1423,6.0810601,116.2373578,S1411,6.0962064,116.2318513,1.791,0,11.3,True,True,0,True
3,S1423,6.0810601,116.2373578,S1413,6.1010524,116.2487948,2.558,0,-36.0,False,False,0,True
3,S1423,6.0810601,116.2373578,S1422,6.0665881,116.2285495,1.881,0,-93.1,False,False,0,True
3,S0061,6.2072984,116.7677359,S0375,6.1940804,116.7735199,1.603,0,-8.0,False,False,0,True
3,S0061,6.2072984,116.7677359,S0943,6.20053,116.7656937,0.786,0,-21.7,False,False,0,True
3,S0064,5.5091912,116.3233754,S0807,5.5197756,116.3176526,1.337,1,10.1,True,True,0,True
3,S0120,4.9116486,116.4932214,S0514,4.9163016,116.4924187,0.525,0,2.0,True,False,0,True
3,S0120,4.9116486,116.4932214,S0520,4.894948,116.4895586,1.901,0,-16.0,False,False,0,True
3,S0128,4.6724662,116.6034504,S0523,4.6745323,116.611379,0.908,1,9.7,True,True,0,True
3,S0128,4.6724662,116.6034504,S0537,4.6730583,116.5948824,0.952,1,6.2,True,True,0,True
3,S0128,4.6724662,116.6034504,S0538,4.6867419,116.6096772,1.731,1,2.5,True,False,0,True
3,S0128,4.6724662,116.6034504,S0541,4.6656659,116.6072803,0.867,1,-9.3,False,False,0,True
3,S0381,6.3629363,116.7548147,S0380,6.3424779,116.740202,2.79,0,-8.0,False,False,0,True
3,S0381,6.3629363,116.7548147,S0383,6.3795511,116.7597414,1.926,0,1.7,True,False,0,True
3,S0381,6.3629363,116.7548147,S0382,6.36331,116.7450321,1.082,0,-17.1,False,False,0,True
3,S0382,6.36331,116.7450321,S0380,6.3424779,116.740202,2.377,0,-1.8,False,False,0,True
3,S0382,6.36331,116.7450321,S0383,6.3795511,116.7597414,2.43,0,-12.2,False,False,0,True
3,S0382,6.36331,116.7450321,S0381,6.3629363,116.7548147,1.082,0,-21.3,False,False,0,True
3,S0408,6.2974555,116.2814788,S0409,6.3040075,116.2939116,1.555,1,-68.1,False,False,0,True
3,S0409,6.3040075,116.2939116,S0408,6.2974555,116.2814788,1.555,0,-65.6,False,False,0,True
3,S0461,4.9560925,116.140719,S0588,4.9564866,116.1395051,0.141,1,10.0,True,True,0,True
3,S0514,4.9163016,116.4924187,S0120,4.9116486,116.4932214,0.525,1,7.4,True,True,0,True
3,S0514,4.9163016,116.4924187,S0520,4.894948,116.4895586,2.395,1,-4.1,False,False,0,True
3,S0514,4.9163016,116.4924187,S0529,4.9371194,116.4809914,2.638,1,-11.6,False,False,0,True
3,S0520,4.894948,116.4895586,S0120,4.9116486,116.4932214,1.901,0,-6.8,False,False,0,True
3,S0520,4.894948,116.4895586,S0514,4.9163016,116.4924187,2.395,0,-2.3,False,False,0,True
3,S0523,4.6745323,116.611379,S0128,4.6724662,116.6034504,0.908,0,14.0,True,True,0,True
3,S0523,4.6745323,116.611379,S0537,4.6730583,116.5948824,1.836,0,5.4,True,True,0,True
3,S0523,4.6745323,116.611379,S0538,4.6867419,116.6096772,1.371,0,-25.2,False,False,0,True
3,S0523,4.6745323,116.611379,S0541,4.6656659,116.6072803,1.086,0,10.0,True,True,0,True
3,S0529,4.9371194,116.4809914,S0514,4.9163016,116.4924187,2.638,0,-2.0,False,False,0,True
3,S0537,4.6730583,116.5948824,S0128,4.6724662,116.6034504,0.952,0,10.1,True,True,0,True
3,S0537,4.6730583,116.5948824,S0523,4.6745323,116.611379,1.836,0,9.5,True,True,0,True
3,S0537,4.6730583,116.5948824,S0538,4.6867419,116.6096772,2.237,0,-3.5,False,False,0,True
3,S0537,4.6730583,116.5948824,S0541,4.6656659,116.6072803,1.601,0,-12.4,False,False,0,True
3,S0538,4.6867419,116.6096772,S0128,4.6724662,116.6034504,1.731,0,7.4,True,False,0,True
3,S0538,4.6867419,116.6096772,S0523,4.6745323,116.611379,1.371,0,-26.3,False,False,0,True
3,S0538,4.6867419,116.6096772,S0537,4.6730583,116.5948824,2.237,0,-1.1,False,False,0,True
3,S0538,4.6867419,116.6096772,S0541,4.6656659,116.6072803,2.359,0,-3.6,False,False,0,True
3,S0541,4.6656659,116.6072803,S0128,4.6724662,116.6034504,0.867,0,-5.7,False,False,0,True
3,S0541,4.6656659,116.6072803,S0523,4.6745323,116.611379,1.086,0,9.6,True,True,0,True
3,S0541,4.6656659,116.6072803,S0537,4.6730583,116.5948824,1.601,0,-1.0,False,False,0,True
3,S0541,4.6656659,116.6072803,S0538,4.6867419,116.6096772,2.359,0,-10.8,False,False,0,True
3,S0588,4.9564866,116.1395051,S0461,4.9560925,116.140719,0.141,0,10.1,True,True,0,True
3,S0593,5.117645,116.3432834,S0599,5.0954389,116.3409302,2.483,0,10.1,True,True,0,True
3,S0609,5.2268314,116.1801678,S0796,5.2210728,116.1946742,1.729,0,-18.5,False,False,0,True
3,S0609,5.2268314,116.1801678,S0798,5.2096144,116.1942804,2.471,0,-32.0,False,False,0,True
3,S0609,5.2268314,116.1801678,S1077,5.2283683,116.175459,0.549,0,8.7,True,True,0,True
3,S0718,5.3025712,116.0534426,S0053,5.2908601,116.0344046,2.478,0,-35.2,False,False,0,True
3,S0718,5.3025712,116.0534426,S0707,5.3012077,116.0350168,2.046,0,-48.9,False,False,0,True
3,S0718,5.3025712,116.0534426,S0714,5.3047058,116.0623524,1.015,0,-33.4,False,False,0,True
3,S0718,5.3025712,116.0534426,S0746,5.3050012,116.0470604,0.757,0,-30.3,False,False,0,True
3,S0718,5.3025712,116.0534426,S0752,5.2886435,116.0349977,2.563,0,-29.0,False,False,0,True
3,S0807,5.5197756,116.3176526,S0064,5.5091912,116.3233754,1.337,0,-0.2,False,False,0,True
3,S0935,6.13671,116.7745909,S0940,6.15882,116.7789947,2.506,0,-4.5,False,False,0,True
3,S1077,5.2283683,116.175459,S0796,5.2210728,116.1946742,2.277,0,-6.3,False,False,0,True
3,S1077,5.2283683,116.175459,S0798,5.2096144,116.1942804,2.948,0,-25.7,False,False,0,True
3,S1077,5.2283683,116.175459,S0609,5.2268314,116.1801678,0.549,0,7.3,True,True,0,True
3,S1432,4.5526744,118.5791731,S1439,4.5534766,118.5939145,1.636,1,6.7,True,True,0,True
3,S1439,4.5534766,118.5939145,S1432,4.5526744,118.5791731,1.636,0,10.1,True,True,0,True
5,S0009,6.8919254,116.7130317,S0279,6.8828641,116.6805184,3.728,1,-26.3,False,False,0,True
5,S0009,6.8919254,116.7130317,S0280,6.8728835,116.6760968,4.594,1,-32.6,False,False,0,True
5,S0024,6.2583153,116.3176665,S0178,6.2383709,116.2825212,4.473,1,-5.3,False,False,0,True
5,S0024,6.2583153,116.3176665,S0240,6.2443677,116.2902122,3.408,1,-4.5,False,False,0,True
5,S0024,6.2583153,116.3176665,S0410,6.3000554,116.328518,4.794,1,-228.5,False,False,0,True
5,S0033,6.4764024,116.8436982,S1190,6.4860679,116.8662016,2.709,1,9.2,True,True,0,True
5,S0036,6.5248946,116.5506256,S0274,6.5215802,116.5176299,3.664,0,-21.8,False,False,0,True
5,S0038,6.5228172,116.5023056,S0274,6.5215802,116.5176299,1.699,0,10.1,True,True,0,True
5,S0038,6.5228172,116.5023056,S0364,6.4821376,116.4939753,4.616,0,10.0,True,True,0,True
5,S0041,6.4565219,116.5024247,S0364,6.4821376,116.4939753,2.997,1,8.1,True,True,0,True
5,S0041,6.4565219,116.5024247,S0365,6.4635833,116.4878031,1.796,1,9.6,True,True,0,True
5,S0041,6.4565219,116.5024247,S0394,6.4442068,116.5127843,1.785,1,8.3,True,True,0,True
5,S0041,6.4565219,116.5024247,S0395,6.4237159,116.5214103,4.208,1,5.2,True,False,0,True
5,S0041,6.4565219,116.5024247,S0396,6.4268077,116.5106171,3.426,1,5.7,True,False,0,True
5,S0042,5.3132388,116.4101726,S0623,5.292031,116.3884042,3.372,1,3.7,True,False,0,True
5,S0042,5.3132388,116.4101726,S0627,5.3433622,116.4395412,4.668,1,-34.5,False,False,0,True
5,S0042,5.3132388,116.4101726,S0629,5.3214327,116.4157143,1.098,1,1.3,True,False,0,True
5,S0042,5.3132388,116.4101726,S0631,5.3030662,116.3959753,1.937,1,3.1,True,False,0,True
5,S0042,5.3132388,116.4101726,S0632,5.2832779,116.379809,4.733,1,9.2,True,False,0,True
5,S0042,5.3132388,116.4101726,S0634,5.2882954,116.3810541,4.253,1,-5.1,False,False,0,True
5,S0042,5.3132388,116.4101726,S0649,5.2835791,116.4247876,3.674,1,-105.9,False,False,0,True
5,S0044,5.2313137,116.3580845,S0638,5.2601226,116.3734017,3.625,0,-6.7,False,False,0,True
5,S0044,5.2313137,116.3580845,S0639,5.2593984,116.3756262,3.678,0,-9.8,False,False,0,True
5,S0044,5.2313137,116.3580845,S0690,5.1964629,116.359591,3.879,0,7.5,True,True,0,True
5,S0044,5.2313137,116.3580845,S0693,5.2181166,116.344786,2.079,0,6.7,True,False,0,True
5,S0044,5.2313137,116.3580845,S0697,5.2419511,116.3674556,1.573,0,10.0,True,True,0,True
5,S0044,5.2313137,116.3580845,S0700,5.2314063,116.3720737,1.549,0,10.1,True,True,0,True
5,S0044,5.2313137,116.3580845,S0702,5.2312481,116.358671,0.065,0,10.1,True,True,0,True
5,S0044,5.2313137,116.3580845,S0703,5.2413062,116.3539969,1.2,0,7.2,True,True,0,True
5,S0048,5.9303108,116.7709674,S0864,5.9551434,116.7545236,3.306,1,-104.5,False,False,0,True
5,S0048,5.9303108,116.7709674,S0872,5.9384793,116.7797184,1.327,1,12.1,True,True,0,True
5,S0048,5.9303108,116.7709674,S0886,5.9452917,116.7695968,1.673,1,-7.1,False,False,0,True
5,S0049,5.2732968,116.3747193,S0623,5.292031,116.3884042,2.576,0,6.1,True,False,0,True
5,S0049,5.2732968,116.3747193,S0631,5.3030662,116.3959753,4.062,0,-7.1,False,False,0,True
5,S0049,5.2732968,116.3747193,S0632,5.2832779,116.379809,1.245,0,8.4,True,True,0,True
5,S0049,5.2732968,116.3747193,S0634,5.2882954,116.3810541,1.809,0,5.5,True,False,0,True
5,S0049,5.2732968,116.3747193,S0638,5.2601226,116.3734017,1.472,0,8.0,True,True,0,True
5,S0049,5.2732968,116.3747193,S0639,5.2593984,116.3756262,1.549,0,1.5,True,False,0,True
5,S0049,5.2732968,116.3747193,S0697,5.2419511,116.3674556,3.577,0,-13.0,False,False,0,True
5,S0049,5.2732968,116.3747193,S0700,5.2314063,116.3720737,4.667,0,0.1,True,False,0,True
5,S0049,5.2732968,116.3747193,S0703,5.2413062,116.3539969,4.233,0,2.3,True,False,0,True
5,S0053,5.2908601,116.0344046,S0707,5.3012077,116.0350168,1.153,0,9.9,True,True,0,True
5,S0053,5.2908601,116.0344046,S0714,5.3047058,116.0623524,3.456,0,-5.4,False,False,0,True
5,S0053,5.2908601,116.0344046,S0746,5.3050012,116.0470604,2.106,0,-6.5,False,False,0,True
5,S0053,5.2908601,116.0344046,S0752,5.2886435,116.0349977,0.255,0,10.1,True,True,0,True
5,S0053,5.2908601,116.0344046,S0718,5.3025712,116.0534426,2.478,0,-43.3,False,False,0,True
5,S0057,5.4228974,116.209765,S0669,5.3997077,116.2381822,4.068,0,0.4,True,False,0,True
5,S0057,5.4228974,116.209765,S0671,5.4044747,116.2475115,4.654,0,10.1,True,True,0,True
5,S0057,5.4228974,116.209765,S0673,5.3940265,116.2424715,4.839,0,7.6,True,False,0,True
5,S0057,5.4228974,116.209765,S0679,5.4190511,116.2334792,2.66,0,-1.8,False,False,0,True
5,S0057,5.4228974,116.209765,S0682,5.426731,116.2391342,3.279,0,10.0,True,True,0,True
5,S0057,5.4228974,116.209765,S0686,5.4356626,116.2497626,4.65,0,4.2,True,False,0,True
5,S0057,5.4228974,116.209765,S0688,5.4307567,116.2278076,2.18,0,9.3,True,True,0,True
5,S0057,5.4228974,116.209765,S0689,5.4176834,116.227837,2.083,0,10.0,True,True,0,True
5,S0057,5.4228974,116.209765,S0735,5.4612709,116.2149548,4.305,0,-10.9,False,False,0,True
5,S0057,5.4228974,116.209765,S0753,5.4643992,116.2108043,4.616,0,7.5,True,True,0,True
5,S0057,5.4228974,116.209765,S0754,5.4632208,116.2123797,4.493,0,7.9,True,False,0,True
5,S0057,5.4228974,116.209765,S0758,5.4385565,116.1878393,2.987,0,3.3,True,False,0,True
5,S0057,5.4228974,116.209765,S0769,5.4328911,116.1968184,1.813,0,2.6,True,False,0,True
5,S0057,5.4228974,116.209765,S1076,5.4127509,116.2331743,2.826,0,0.2,True,False,0,True
5,S0060,6.1135252,116.8611805,S0063,6.108734,116.8184033,4.759,1,-117.0,False,False,0,True
5,S0060,6.1135252,116.8611805,S0915,6.126042,116.863994,1.426,1,10.1,True,True,0,True
5,S0060,6.1135252,116.8611805,S0928,6.1095094,116.8182326,4.769,1,-120.5,False,False,0,True
5,S0060,6.1135252,116.8611805,S0931,6.1160327,116.863674,0.392,1,9.2,True,True,0,True
5,S0060,6.1135252,116.8611805,S0944,6.1141163,116.8612539,0.066,1,10.1,True,True,0,True
5,S0062,5.4587899,116.2736526,S0664,5.4542071,116.2578834,1.818,1,5.0,True,False,0,True
5,S0062,5.4587899,116.2736526,S0665,5.4183322,116.2561088,4.9,1,10.1,True,True,0,True
5,S0062,5.4587899,116.2736526,S0667,5.4797716,116.2752866,2.34,1,9.4,True,True,0,True
5,S0062,5.4587899,116.2736526,S0668,5.4489856,116.2702798,1.152,1,7.4,True,True,0,True
5,S0062,5.4587899,116.2736526,S0670,5.4728503,116.2654893,1.806,1,4.3,True,False,0,True
5,S0062,5.4587899,116.2736526,S0674,5.4455835,116.2688726,1.561,1,9.8,True,True,0,True
5,S0062,5.4587899,116.2736526,S0675,5.4585487,116.2659994,0.848,1,10.0,True,True,0,True
5,S0062,5.4587899,116.2736526,S0676,5.4464732,116.267259,1.542,1,8.4,True,True,0,True
5,S0062,5.4587899,116.2736526,S0677,5.4816186,116.2690947,2.588,1,8.7,True,True,0,True
5,S0062,5.4587899,116.2736526,S0678,5.4582441,116.2733047,0.072,1,10.1,True,True,0,True
5,S0062,5.4587899,116.2736526,S0680,5.4623131,116.2811304,0.916,1,10.0,True,True,0,True
5,S0062,5.4587899,116.2736526,S0681,5.4719211,116.2803596,1.638,1,8.2,True,True,0,True
5,S0062,5.4587899,116.2736526,S0683,5.4676301,116.2678351,1.175,1,9.9,True,True,0,True
5,S0062,5.4587899,116.2736526,S0684,5.455013,116.2639664,1.151,1,8.5,True,True,0,True
5,S0062,5.4587899,116.2736526,S0685,5.451431,116.2568816,2.029,1,1.6,True,False,0,True
5,S0062,5.4587899,116.2736526,S0686,5.4356626,116.2497626,3.689,1,6.7,True,False,0,True
5,S0062,5.4587899,116.2736526,S0687,5.4457484,116.2570889,2.338,1,5.9,True,False,0,True
5,S0063,6.108734,116.8184033,S0060,6.1135252,116.8611805,4.759,0,-119.8,False,False,0,True
5,S0063,6.108734,116.8184033,S0928,6.1095094,116.8182326,0.088,0,10.0,True,True,0,True
5,S0063,6.108734,116.8184033,S0941,6.119726,116.7986317,2.504,0,4.0,True,True,0,True
5,S0063,6.108734,116.8184033,S0944,6.1141163,116.8612539,4.775,0,-123.2,False,False,0,True
5,S0063,6.108734,116.8184033,S0946,6.0692593,116.7974408,4.964,0,-46.0,False,False,0,True
5,S0066,5.4146548,116.5084813,S0614,5.4257658,116.5207264,1.834,1,2.7,True,False,0,True
5,S0066,5.4146548,116.5084813,S0618,5.4025431,116.4863082,2.8,1,-64.0,False,False,0,True
5,S0066,5.4146548,116.5084813,S0620,5.4312578,116.5366919,3.628,1,-19.2,False,False,0,True
5,S0077,5.7908133,116.8168422,S0856,5.7919059,116.811607,0.592,1,10.0,True,True,0,True
5,S0077,5.7908133,116.8168422,S0862,5.797142,116.8189854,0.743,1,-2.6,False,False,0,True
5,S0077,5.7908133,116.8168422,S0870,5.788846,116.8179208,0.249,1,10.0,True,True,0,True
5,S0077,5.7908133,116.8168422,S0875,5.7984346,116.8143039,0.893,1,8.7,True,True,0,True
5,S0078,5.8641269,116.5839984,S0988,5.8670441,116.5672761,1.878,1,-118.4,False,False,0,True
5,S0078,5.8641269,116.5839984,S1008,5.864768,116.578317,0.632,1,5.2,True,True,0,True
5,S0078,5.8641269,116.5839984,S1020,5.8730698,116.5840241,0.994,1,7.8,True,True,0,True
5,S0078,5.8641269,116.5839984,S1026,5.898538,116.5572532,4.837,1,-278.6,False,False,0,True
5,S0080,5.7636797,116.4468761,S0839,5.7916927,116.4734878,4.286,0,-0.9,False,False,0,True
5,S0080,5.7636797,116.4468761,S0846,5.7986386,116.4696292,4.631,0,-95.7,False,False,0,True
5,S0082,5.5420109,115.5611542,S0135,5.5142364,115.5361321,4.148,0,-13.1,False,False,0,True
5,S0083,5.4526327,115.6245849,S0188,5.44141,115.6382102,1.958,1,8.6,True,False,0,True
5,S0083,5.4526327,115.6245849,S0190,5.4619507,115.5891481,4.057,1,8.3,True,True,0,True
5,S0088,5.4071403,115.6728513,S0186,5.3968433,115.6876589,2.0,0,12.1,True,True,0,True
5,S0088,5.4071403,115.6728513,S0187,5.4023466,115.6848433,1.431,0,8.9,True,True,0,True
5,S0088,5.4071403,115.6728513,S0189,5.4223745,115.6640257,1.956,0,8.1,True,True,0,True
5,S0088,5.4071403,115.6728513,S0191,5.4164768,115.6768857,1.13,0,9.6,True,True,0,True
5,S0099,5.1071138,115.5918648,S0104,5.117332,115.557134,4.011,1,8.4,True,False,0,True
5,S0104,5.117332,115.557134,S0099,5.1071138,115.5918648,4.011,0,10.1,True,True,0,True
5,S0111,5.0186735,115.9059101,S1286,5.01491,115.9389239,3.681,0,4.0,True,False,0,True
5,S0111,5.0186735,115.9059101,S1288,4.9828339,115.8918758,4.278,0,-46.7,False,False,0,True
5,S0111,5.0186735,115.9059101,S1294,5.009984,115.9218609,2.014,0,7.0,True,True,0,True
5,S0111,5.0186735,115.9059101,S1307,4.9820097,115.8942416,4.277,0,-41.7,False,False,0,True
5,S0111,5.0186735,115.9059101,S1310,5.0057309,115.9360104,3.632,0,9.2,True,True,0,True
5,S0111,5.0186735,115.9059101,S1313,5.0073294,115.9475247,4.779,0,8.1,True,True,0,True
5,S0111,5.0186735,115.9059101,S1316,5.0042828,115.929199,3.036,0,8.7,True,False,0,True
5,S0114,5.1423979,116.289617,S0654,5.1518875,116.3337432,4.999,0,-2.1,False,False,0,True
5,S0114,5.1423979,116.289617,S1074,5.1381847,116.2829209,0.877,0,7.7,True,True,0,True
5,S0114,5.1423979,116.289617,S1084,5.100738,116.3006846,4.792,0,-11.7,False,False,0,True
5,S0130,4.7181021,116.4422487,S0162,4.7053675,116.4807819,4.499,1,3.6,True,False,0,True
5,S0130,4.7181021,116.4422487,S0533,4.7154608,116.47698,3.86,1,9.8,True,True,0,True
5,S0130,4.7181021,116.4422487,S0553,4.7138076,116.4598441,2.008,1,-9.8,False,False,0,True
5,S0130,4.7181021,116.4422487,S0555,4.7247292,116.4472719,0.924,1,-9.9,False,False,0,True
5,S0130,4.7181021,116.4422487,S0556,4.7125431,116.4669454,2.806,1,-6.3,False,False,0,True
5,S0130,4.7181021,116.4422487,S0559,4.7157558,116.4513129,1.038,1,-16.9,False,False,0,True
5,S0132,6.0508758,116.2835896,S1386,6.0582824,116.282368,0.835,1,3.1,True,False,0,True
5,S0135,5.5142364,115.5361321,S0082,5.5420109,115.5611542,4.148,1,1.4,True,False,0,True
5,S0135,5.5142364,115.5361321,S0149,5.4716727,115.5327708,4.747,1,0.7,True,False,0,True
5,S0135,5.5142364,115.5361321,S0256,5.4994293,115.5463513,1.998,1,10.1,True,True,0,True
5,S0138,6.2478396,116.2403592,S0178,6.2383709,116.2825212,4.778,1,8.1,True,True,0,True
5,S0138,6.2478396,116.2403592,S1382,6.2253902,116.2167048,3.615,1,6.0,True,False,0,True
5,S0138,6.2478396,116.2403592,S1390,6.2252622,116.2206638,3.323,1,-36.2,False,False,0,True
5,S0149,5.4716727,115.5327708,S0135,5.5142364,115.5361321,4.747,0,-11.6,False,False,0,True
5,S0149,5.4716727,115.5327708,S0256,5.4994293,115.5463513,3.433,0,6.7,True,True,0,True
5,S0159,5.2967088,115.3584871,S0257,5.3040795,115.3690652,1.429,1,8.2,True,True,0,True
5,S0162,4.7053675,116.4807819,S0130,4.7181021,116.4422487,4.499,0,-11.3,False,False,0,True
5,S0162,4.7053675,116.4807819,S0533,4.7154608,116.47698,1.199,0,-15.5,False,False,0,True
5,S0162,4.7053675,116.4807819,S0553,4.7138076,116.4598441,2.503,0,-16.0,False,False,0,True
5,S0162,4.7053675,116.4807819,S0555,4.7247292,116.4472719,4.292,0,-50.5,False,False,0,True
5,S0162,4.7053675,116.4807819,S0556,4.7125431,116.4669454,1.729,0,-16.9,False,False,0,True
5,S0162,4.7053675,116.4807819,S0559,4.7157558,116.4513129,3.464,0,-9.4,False,False,0,True
5,S0166,6.661511,117.2077305,S0456,6.6648177,117.2073658,0.37,1,10.1,True,True,0,True
5,S0178,6.2383709,116.2825212,S0024,6.2583153,116.3176665,4.473,0,-15.1,False,False,0,True
5,S0178,6.2383709,116.2825212,S0138,6.2478396,116.2403592,4.778,0,5.2,True,False,0,True
5,S0178,6.2383709,116.2825212,S0240,6.2443677,116.2902122,1.08,0,-4.6,False,False,0,True
5,S0179,6.3240036,116.3743229,S0307,6.3129372,116.3458603,3.378,0,10.3,True,True,0,True
5,S0179,6.3240036,116.3743229,S0360,6.3219835,116.3868016,1.397,0,-129.2,False,False,0,True
5,S0179,6.3240036,116.3743229,S0404,6.3239734,116.3515484,2.517,0,10.3,True,True,0,True
5,S0179,6.3240036,116.3743229,S0406,6.3394007,116.3431186,3.85,0,-46.9,False,False,0,True
5,S0181,5.8241814,117.4379987,S0466,5.8344594,117.4367943,1.151,1,9.3,True,True,0,True
5,S0185,6.0282512,116.4629369,S0417,6.0279292,116.4434492,2.155,1,-142.6,False,False,0,True
5,S0185,6.0282512,116.4629369,S0419,6.0325619,116.4855496,2.546,1,10.3,True,True,0,True
5,S0185,6.0282512,116.4629369,S0420,6.0132916,116.4791545,2.446,1,-3.3,False,False,0,True
5,S0186,5.3968433,115.6876589,S0088,5.4071403,115.6728513,2.0,0,7.4,True,True,0,True
5,S0186,5.3968433,115.6876589,S0187,5.4023466,115.6848433,0.687,0,4.5,True,True,0,True
5,S0186,5.3968433,115.6876589,S0189,5.4223745,115.6640257,3.861,0,8.0,True,False,0,True
5,S0186,5.3968433,115.6876589,S0191,5.4164768,115.6768857,2.488,0,9.3,True,True,0,True
5,S0187,5.4023466,115.6848433,S0088,5.4071403,115.6728513,1.431,0,8.0,True,True,0,True
5,S0187,5.4023466,115.6848433,S0186,5.3968433,115.6876589,0.687,0,10.0,True,True,0,True
5,S0187,5.4023466,115.6848433,S0189,5.4223745,115.6640257,3.205,0,7.1,True,False,0,True
5,S0187,5.4023466,115.6848433,S0191,5.4164768,115.6768857,1.801,0,9.3,True,True,0,True
5,S0188,5.44141,115.6382102,S0083,5.4526327,115.6245849,1.958,0,7.1,True,False,0,True
5,S0188,5.44141,115.6382102,S0189,5.4223745,115.6640257,3.556,0,8.2,True,False,0,True
5,S0189,5.4223745,115.6640257,S0088,5.4071403,115.6728513,1.956,1,10.1,True,True,0,True
5,S0189,5.4223745,115.6640257,S0186,5.3968433,115.6876589,3.861,1,9.1,True,False,0,True
5,S0189,5.4223745,115.6640257,S0187,5.4023466,115.6848433,3.205,1,4.8,True,False,0,True
5,S0189,5.4223745,115.6640257,S0188,5.44141,115.6382102,3.556,1,9.9,True,False,0,True
5,S0189,5.4223745,115.6640257,S0191,5.4164768,115.6768857,1.567,1,9.2,True,True,0,True
5,S0190,5.4619507,115.5891481,S0083,5.4526327,115.6245849,4.057,0,5.4,True,False,0,True
5,S0191,5.4164768,115.6768857,S0088,5.4071403,115.6728513,1.13,0,8.2,True,True,0,True
5,S0191,5.4164768,115.6768857,S0186,5.3968433,115.6876589,2.488,0,8.3,True,True,0,True
5,S0191,5.4164768,115.6768857,S0187,5.4023466,115.6848433,1.801,0,9.5,True,True,0,True
5,S0191,5.4164768,115.6768857,S0189,5.4223745,115.6640257,1.567,0,7.3,True,True,0,True
5,S0196,5.9479941,118.014302,S1365,5.9484425,118.0140645,0.056,1,10.1,True,True,0,True
5,S0202,5.4070377,117.9501832,S0261,5.4061473,117.9516956,0.195,1,6.3,True,True,0,True
5,S0202,5.4070377,117.9501832,S0262,5.4200674,117.9418331,1.719,1,1.7,True,False,0,True
5,S0205,5.9696538,117.9102422,S1366,5.9945988,117.9113975,2.777,1,11.0,True,True,0,True
5,S0214,6.3056896,116.4403454,S0215,6.283342,116.453604,2.885,1,-22.3,False,False,0,True
5,S0214,6.3056896,116.4403454,S0216,6.281577,116.457519,3.285,1,-15.9,False,False,0,True
5,S0214,6.3056896,116.4403454,S0344,6.2647561,116.4537819,4.788,1,-14.9,False,False,0,True
5,S0214,6.3056896,116.4403454,S0345,6.2888642,116.4473655,2.025,1,-13.8,False,False,0,True
5,S0215,6.283342,116.453604,S0214,6.3056896,116.4403454,2.885,0,-23.2,False,False,0,True
5,S0215,6.283342,116.453604,S0216,6.281577,116.457519,0.475,0,10.0,True,True,0,True
5,S0215,6.283342,116.453604,S0339,6.2473825,116.4525488,4.0,0,-8.5,False,False,0,True
5,S0215,6.283342,116.453604,S0340,6.2495427,116.451671,3.764,0,5.0,True,False,0,True
5,S0215,6.283342,116.453604,S0341,6.2491271,116.4754237,4.505,0,-73.1,False,False,0,True
5,S0215,6.283342,116.453604,S0343,6.2556724,116.4596676,3.149,0,9.4,True,True,0,True
5,S0215,6.283342,116.453604,S0344,6.2647561,116.4537819,2.067,0,10.0,True,True,0,True
5,S0215,6.283342,116.453604,S0345,6.2888642,116.4473655,0.923,0,6.4,True,True,0,True
5,S0215,6.283342,116.453604,S0348,6.2514125,116.4612922,3.651,0,9.9,True,True,0,True
5,S0215,6.283342,116.453604,S0403,6.2493073,116.4626154,3.913,0,-14.4,False,False,0,True
5,S0216,6.281577,116.457519,S0214,6.3056896,116.4403454,3.285,0,-15.6,False,False,0,True
5,S0216,6.281577,116.457519,S0215,6.283342,116.453604,0.475,0,10.0,True,True,0,True
5,S0216,6.281577,116.457519,S0339,6.2473825,116.4525488,3.842,0,1.0,True,False,0,True
5,S0216,6.281577,116.457519,S0340,6.2495427,116.451671,3.62,0,1.2,True,False,0,True
5,S0216,6.281577,116.457519,S0341,6.2491271,116.4754237,4.115,0,-79.7,False,False,0,True
5,S0216,6.281577,116.457519,S0343,6.2556724,116.4596676,2.89,0,9.2,True,True,0,True
5,S0216,6.281577,116.457519,S0344,6.2647561,116.4537819,1.915,0,9.9,True,True,0,True
5,S0216,6.281577,116.457519,S0345,6.2888642,116.4473655,1.384,0,3.9,True,False,0,True
5,S0216,6.281577,116.457519,S0348,6.2514125,116.4612922,3.38,0,9.9,True,True,0,True
5,S0216,6.281577,116.457519,S0403,6.2493073,116.4626154,3.632,0,-14.6,False,False,0,True
5,S0240,6.2443677,116.2902122,S0024,6.2583153,116.3176665,3.408,0,-9.2,False,False,0,True
5,S0240,6.2443677,116.2902122,S0178,6.2383709,116.2825212,1.08,0,6.1,True,True,0,True
5,S0242,6.3120478,116.7332936,S0379,6.3363692,116.7327757,2.705,0,10.0,True,True,0,True
5,S0242,6.3120478,116.7332936,S0380,6.3424779,116.740202,3.469,0,9.8,True,True,0,True
5,S0243,6.3871847,116.7747033,S0383,6.3795511,116.7597414,1.859,1,-3.7,False,False,0,True
5,S0243,6.3871847,116.7747033,S0381,6.3629363,116.7548147,3.479,1,-59.0,False,False,0,True
5,S0243,6.3871847,116.7747033,S0382,6.36331,116.7450321,4.219,1,-17.8,False,False,0,True
5,S0256,5.4994293,115.5463513,S0135,5.5142364,115.5361321,1.998,0,1.3,True,False,0,True
5,S0256,5.4994293,115.5463513,S0149,5.4716727,115.5327708,3.433,0,7.1,True,True,0,True
5,S0257,5.3040795,115.3690652,S0159,5.2967088,115.3584871,1.429,0,10.0,True,True,0,True
5,S0261,5.4061473,117.9516956,S0202,5.4070377,117.9501832,0.195,0,10.1,True,True,0,True
5,S0261,5.4061473,117.9516956,S0262,5.4200674,117.9418331,1.894,0,1.7,True,False,0,True
5,S0262,5.4200674,117.9418331,S0202,5.4070377,117.9501832,1.719,0,3.9,True,False,0,True
5,S0262,5.4200674,117.9418331,S0261,5.4061473,117.9516956,1.894,0,6.7,True,False,0,True
5,S0273,6.4544107,116.8012118,S0384,6.4390311,116.8076006,1.85,1,6.9,True,True,0,True
5,S0274,6.5215802,116.5176299,S0036,6.5248946,116.5506256,3.664,1,-22.5,False,False,0,True
5,S0274,6.5215802,116.5176299,S0038,6.5228172,116.5023056,1.699,1,6.9,True,True,0,True
5,S0279,6.8828641,116.6805184,S0009,6.8919254,116.7130317,3.728,0,-23.7,False,False,0,True
5,S0279,6.8828641,116.6805184,S0280,6.8728835,116.6760968,1.212,0,9.6,True,True,0,True
5,S0280,6.8728835,116.6760968,S0009,6.8919254,116.7130317,4.594,0,-37.5,False,False,0,True
5,S0280,6.8728835,116.6760968,S0279,6.8828641,116.6805184,1.212,0,10.0,True,True,0,True
5,S0284,6.1615009,116.7975091,S0375,6.1940804,116.7735199,4.49,0,-46.7,False,False,0,True
5,S0284,6.1615009,116.7975091,S0940,6.15882,116.7789947,2.068,0,-21.9,False,False,0,True
5,S0284,6.1615009,116.7975091,S0941,6.119726,116.7986317,4.647,0,-92.3,False,False,0,True
5,S0284,6.1615009,116.7975091,S0935,6.13671,116.7745909,3.744,0,-6.9,False,False,0,True
5,S0307,6.3129372,116.3458603,S0179,6.3240036,116.3743229,3.378,1,21.5,True,True,0,True
5,S0307,6.3129372,116.3458603,S0360,6.3219835,116.3868016,4.635,1,-127.3,False,False,0,True
5,S0307,6.3129372,116.3458603,S0404,6.3239734,116.3515484,1.379,1,-2.5,False,False,0,True
5,S0307,6.3129372,116.3458603,S0405,6.3380572,116.3291819,3.347,1,-160.4,False,False,0,True
5,S0307,6.3129372,116.3458603,S0406,6.3394007,116.3431186,2.958,1,-82.7,False,False,0,True
5,S0307,6.3129372,116.3458603,S0407,6.3064939,116.3280651,2.093,1,-75.6,False,False,0,True
5,S0307,6.3129372,116.3458603,S0410,6.3000554,116.328518,2.393,1,-62.3,False,False,0,True
5,S0315,6.2285288,116.4551222,S0316,6.2251585,116.4491033,0.764,1,10.0,True,True,0,True
5,S0315,6.2285288,116.4551222,S0318,6.2186365,116.4523971,1.14,1,-57.5,False,False,0,True
5,S0315,6.2285288,116.4551222,S0319,6.2360746,116.4494384,1.048,1,9.1,True,True,0,True
5,S0315,6.2285288,116.4551222,S0320,6.2137719,116.4515128,1.689,1,-44.6,False,False,0,True
5,S0315,6.2285288,116.4551222,S0321,6.2065818,116.4454789,2.663,1,-31.0,False,False,0,True
5,S0315,6.2285288,116.4551222,S0322,6.1992736,116.4466573,3.385,1,-39.5,False,False,0,True
5,S0315,6.2285288,116.4551222,S0338,6.1852478,116.4455836,4.927,1,-48.2,False,False,0,True
5,S0315,6.2285288,116.4551222,S0339,6.2473825,116.4525488,2.116,1,8.5,True,True,0,True
5,S0315,6.2285288,116.4551222,S0340,6.2495427,116.451671,2.368,1,9.2,True,True,0,True
5,S0315,6.2285288,116.4551222,S0341,6.2491271,116.4754237,3.207,1,-40.8,False,False,0,True
5,S0315,6.2285288,116.4551222,S0343,6.2556724,116.4596676,3.06,1,-43.1,False,False,0,True
5,S0315,6.2285288,116.4551222,S0344,6.2647561,116.4537819,4.031,1,10.1,True,True,0,True
5,S0315,6.2285288,116.4551222,S0346,6.2399444,116.4347245,2.587,1,-70.0,False,False,0,True
5,S0315,6.2285288,116.4551222,S0348,6.2514125,116.4612922,2.634,1,-53.9,False,False,0,True
5,S0315,6.2285288,116.4551222,S0366,6.2218072,116.4428194,1.552,1,9.8,True,True,0,True
5,S0315,6.2285288,116.4551222,S0372,6.2275471,116.4499,0.587,1,10.1,True,True,0,True
5,S0315,6.2285288,116.4551222,S0403,6.2493073,116.4626154,2.454,1,-76.7,False,False,0,True
5,S0316,6.2251585,116.4491033,S0315,6.2285288,116.4551222,0.764,0,9.4,True,True,0,True
5,S0316,6.2251585,116.4491033,S0318,6.2186365,116.4523971,0.811,0,9.8,True,True,0,True
5,S0316,6.2251585,116.4491033,S0319,6.2360746,116.4494384,1.214,0,-37.0,False,False,0,True
5,S0316,6.2251585,116.4491033,S0320,6.2137719,116.4515128,1.294,0,3.5,True,False,0,True
5,S0316,6.2251585,116.4491033,S0321,6.2065818,116.4454789,2.104,0,-49.0,False,False,0,True
5,S0316,6.2251585,116.4491033,S0322,6.1992736,116.4466573,2.891,0,-29.5,False,False,0,True
5,S0316,6.2251585,116.4491033,S0338,6.1852478,116.4455836,4.455,0,-45.0,False,False,0,True
5,S0316,6.2251585,116.4491033,S0339,6.2473825,116.4525488,2.5,0,-24.5,False,False,0,True
5,S0316,6.2251585,116.4491033,S0340,6.2495427,116.451671,2.726,0,-28.6,False,False,0,True
5,S0316,6.2251585,116.4491033,S0341,6.2491271,116.4754237,3.946,0,-28.0,False,False,0,True
5,S0316,6.2251585,116.4491033,S0343,6.2556724,116.4596676,3.588,0,-16.1,False,False,0,True
5,S0316,6.2251585,116.4491033,S0344,6.2647561,116.4537819,4.433,0,-18.9,False,False,0,True
5,S0316,6.2251585,116.4491033,S0346,6.2399444,116.4347245,2.287,0,-65.4,False,False,0,True
5,S0316,6.2251585,116.4491033,S0348,6.2514125,116.4612922,3.215,0,-37.1,False,False,0,True
5,S0316,6.2251585,116.4491033,S0366,6.2218072,116.4428194,0.788,0,9.6,True,True,0,True
5,S0316,6.2251585,116.4491033,S0372,6.2275471,116.4499,0.28,0,10.1,True,True,0,True
5,S0316,6.2251585,116.4491033,S0403,6.2493073,116.4626154,3.073,0,-63.3,False,False,0,True
5,S0318,6.2186365,116.4523971,S0315,6.2285288,116.4551222,1.14,0,-51.1,False,False,0,True
5,S0318,6.2186365,116.4523971,S0316,6.2251585,116.4491033,0.811,0,10.1,True,True,0,True
5,S0318,6.2186365,116.4523971,S0319,6.2360746,116.4494384,1.966,0,-24.0,False,False,0,True
5,S0318,6.2186365,116.4523971,S0320,6.2137719,116.4515128,0.55,0,8.7,True,True,0,True
5,S0318,6.2186365,116.4523971,S0321,6.2065818,116.4454789,1.543,0,-21.9,False,False,0,True
5,S0318,6.2186365,116.4523971,S0322,6.1992736,116.4466573,2.245,0,-18.1,False,False,0,True
5,S0318,6.2186365,116.4523971,S0338,6.1852478,116.4455836,3.788,0,-39.8,False,False,0,True
5,S0318,6.2186365,116.4523971,S0339,6.2473825,116.4525488,3.196,0,-43.9,False,False,0,True
5,S0318,6.2186365,116.4523971,S0340,6.2495427,116.451671,3.438,0,-35.8,False,False,0,True
5,S0318,6.2186365,116.4523971,S0341,6.2491271,116.4754237,4.24,0,-71.9,False,False,0,True
5,S0318,6.2186365,116.4523971,S0343,6.2556724,116.4596676,4.196,0,-40.8,False,False,0,True
5,S0318,6.2186365,116.4523971,S0346,6.2399444,116.4347245,3.071,0,-65.4,False,False,0,True
5,S0318,6.2186365,116.4523971,S0348,6.2514125,116.4612922,3.775,0,-54.3,False,False,0,True
5,S0318,6.2186365,116.4523971,S0366,6.2218072,116.4428194,1.116,0,-3.2,False,False,0,True
5,S0318,6.2186365,116.4523971,S0372,6.2275471,116.4499,1.029,0,-16.4,False,False,0,True
5,S0318,6.2186365,116.4523971,S0403,6.2493073,116.4626154,3.593,0,-80.0,False,False,0,True
5,S0319,6.2360746,116.4494384,S0315,6.2285288,116.4551222,1.048,0,8.1,True,True,0,True
5,S0319,6.2360746,116.4494384,S0316,6.2251585,116.4491033,1.214,0,-33.5,False,False,0,True
5,S0319,6.2360746,116.4494384,S0318,6.2186365,116.4523971,1.966,0,-36.1,False,False,0,True
5,S0319,6.2360746,116.4494384,S0320,6.2137719,116.4515128,2.491,0,-11.5,False,False,0,True
5,S0319,6.2360746,116.4494384,S0321,6.2065818,116.4454789,3.309,0,-55.2,False,False,0,True
5,S0319,6.2360746,116.4494384,S0322,6.1992736,116.4466573,4.104,0,-21.6,False,False,0,True
5,S0319,6.2360746,116.4494384,S0339,6.2473825,116.4525488,1.304,0,11.2,True,True,0,True
5,S0319,6.2360746,116.4494384,S0340,6.2495427,116.451671,1.518,0,9.7,True,True,0,True
5,S0319,6.2360746,116.4494384,S0341,6.2491271,116.4754237,3.218,0,-36.2,False,False,0,True
5,S0319,6.2360746,116.4494384,S0343,6.2556724,116.4596676,2.455,0,7.3,True,True,0,True
5,S0319,6.2360746,116.4494384,S0344,6.2647561,116.4537819,3.225,0,6.7,True,False,0,True
5,S0319,6.2360746,116.4494384,S0346,6.2399444,116.4347245,1.682,0,-23.5,False,False,0,True
5,S0319,6.2360746,116.4494384,S0348,6.2514125,116.4612922,2.151,0,-24.3,False,False,0,True
5,S0319,6.2360746,116.4494384,S0366,6.2218072,116.4428194,1.747,0,-54.0,False,False,0,True
5,S0319,6.2360746,116.4494384,S0372,6.2275471,116.4499,0.95,0,-29.1,False,False,0,True
5,S0319,6.2360746,116.4494384,S0403,6.2493073,116.4626154,2.07,0,-35.6,False,False,0,True
5,S0320,6.2137719,116.4515128,S0315,6.2285288,116.4551222,1.689,0,-47.1,False,False,0,True
5,S0320,6.2137719,116.4515128,S0316,6.2251585,116.4491033,1.294,0,14.2,True,True,0,True
5,S0320,6.2137719,116.4515128,S0318,6.2186365,116.4523971,0.55,0,10.1,True,True,0,True
5,S0320,6.2137719,116.4515128,S0319,6.2360746,116.4494384,2.491,0,-23.8,False,False,0,True
5,S0320,6.2137719,116.4515128,S0321,6.2065818,116.4454789,1.041,0,-13.0,False,False,0,True
5,S0320,6.2137719,116.4515128,S0322,6.1992736,116.4466573,1.699,0,-14.9,False,False,0,True
5,S0320,6.2137719,116.4515128,S0338,6.1852478,116.4455836,3.239,0,-22.3,False,False,0,True
5,S0320,6.2137719,116.4515128,S0339,6.2473825,116.4525488,3.739,0,-12.2,False,False,0,True
5,S0320,6.2137719,116.4515128,S0340,6.2495427,116.451671,3.978,0,-5.7,False,False,0,True
5,S0320,6.2137719,116.4515128,S0341,6.2491271,116.4754237,4.737,0,-71.5,False,False,0,True
5,S0320,6.2137719,116.4515128,S0343,6.2556724,116.4596676,4.746,0,-29.9,False,False,0,True
5,S0320,6.2137719,116.4515128,S0346,6.2399444,116.4347245,3.452,0,-59.3,False,False,0,True
5,S0320,6.2137719,116.4515128,S0348,6.2514125,116.4612922,4.323,0,-52.5,False,False,0,True
5,S0320,6.2137719,116.4515128,S0366,6.2218072,116.4428194,1.312,0,-9.9,False,False,0,True
5,S0320,6.2137719,116.4515128,S0372,6.2275471,116.4499,1.542,0,10.2,True,True,0,True
5,S0320,6.2137719,116.4515128,S0403,6.2493073,116.4626154,4.138,0,-75.7,False,False,0,True
5,S0321,6.2065818,116.4454789,S0315,6.2285288,116.4551222,2.663,0,-40.2,False,False,0,True
5,S0321,6.2065818,116.4454789,S0316,6.2251585,116.4491033,2.104,0,-46.7,False,False,0,True
5,S0321,6.2065818,116.4454789,S0318,6.2186365,116.4523971,1.543,0,-9.5,False,False,0,True
5,S0321,6.2065818,116.4454789,S0319,6.2360746,116.4494384,3.309,0,-45.7,False,False,0,True
5,S0321,6.2065818,116.4454789,S0320,6.2137719,116.4515128,1.041,0,-3.6,False,False,0,True
5,S0321,6.2065818,116.4454789,S0322,6.1992736,116.4466573,0.823,0,-19.3,False,False,0,True
5,S0321,6.2065818,116.4454789,S0338,6.1852478,116.4455836,2.372,0,-30.3,False,False,0,True
5,S0321,6.2065818,116.4454789,S0339,6.2473825,116.4525488,4.604,0,-32.7,False,False,0,True
5,S0321,6.2065818,116.4454789,S0340,6.2495427,116.451671,4.826,0,-34.6,False,False,0,True
5,S0321,6.2065818,116.4454789,S0346,6.2399444,116.4347245,3.896,0,-75.0,False,False,0,True
5,S0321,6.2065818,116.4454789,S0366,6.2218072,116.4428194,1.718,0,-43.8,False,False,0,True
5,S0321,6.2065818,116.4454789,S0372,6.2275471,116.4499,2.382,0,-34.7,False,False,0,True
5,S0322,6.1992736,116.4466573,S0315,6.2285288,116.4551222,3.385,0,-50.7,False,False,0,True
5,S0322,6.1992736,116.4466573,S0316,6.2251585,116.4491033,2.891,0,-35.3,False,False,0,True
5,S0322,6.1992736,116.4466573,S0318,6.2186365,116.4523971,2.245,0,-11.1,False,False,0,True
5,S0322,6.1992736,116.4466573,S0319,6.2360746,116.4494384,4.104,0,-32.4,False,False,0,True
5,S0322,6.1992736,116.4466573,S0320,6.2137719,116.4515128,1.699,0,-1.8,False,False,0,True
5,S0322,6.1992736,116.4466573,S0321,6.2065818,116.4454789,0.823,0,-14.3,False,False,0,True
5,S0322,6.1992736,116.4466573,S0338,6.1852478,116.4455836,1.564,0,10.1,True,True,0,True
5,S0322,6.1992736,116.4466573,S0346,6.2399444,116.4347245,4.711,0,-79.4,False,False,0,True
5,S0322,6.1992736,116.4466573,S0366,6.2218072,116.4428194,2.541,0,-46.1,False,False,0,True
5,S0322,6.1992736,116.4466573,S0372,6.2275471,116.4499,3.164,0,-30.9,False,False,0,True
5,S0333,6.1239943,116.4532593,S0334,6.1466984,116.445671,2.66,0,-81.8,False,False,0,True
5,S0333,6.1239943,116.4532593,S0413,6.1388087,116.4522523,1.651,0,-108.3,False,False,0,True
5,S0334,6.1466984,116.445671,S0333,6.1239943,116.4532593,2.66,1,-88.4,False,False,0,True
5,S0334,6.1466984,116.445671,S0338,6.1852478,116.4455836,4.287,1,-51.6,False,False,0,True
5,S0334,6.1466984,116.445671,S0413,6.1388087,116.4522523,1.14,1,-32.3,False,False,0,True
5,S0338,6.1852478,116.4455836,S0315,6.2285288,116.4551222,4.927,0,-62.2,False,False,0,True
5,S0338,6.1852478,116.4455836,S0316,6.2251585,116.4491033,4.455,0,-50.6,False,False,0,True
5,S0338,6.1852478,116.4455836,S0318,6.2186365,116.4523971,3.788,0,-43.3,False,False,0,True
5,S0338,6.1852478,116.4455836,S0320,6.2137719,116.4515128,3.239,0,-29.7,False,False,0,True
5,S0338,6.1852478,116.4455836,S0321,6.2065818,116.4454789,2.372,0,-40.3,False,False,0,True
5,S0338,6.1852478,116.4455836,S0322,6.1992736,116.4466573,1.564,0,6.8,True,True,0,True
5,S0338,6.1852478,116.4455836,S0334,6.1466984,116.445671,4.287,0,-50.8,False,False,0,True
5,S0338,6.1852478,116.4455836,S0366,6.2218072,116.4428194,4.077,0,-77.2,False,False,0,True
5,S0338,6.1852478,116.4455836,S0372,6.2275471,116.4499,4.728,0,-48.4,False,False,0,True
5,S0339,6.2473825,116.4525488,S0215,6.283342,116.453604,4.0,1,-1.5,False,False,0,True
5,S0339,6.2473825,116.4525488,S0216,6.281577,116.457519,3.842,1,2.9,True,False,0,True
5,S0339,6.2473825,116.4525488,S0315,6.2285288,116.4551222,2.116,1,5.9,True,True,0,True
5,S0339,6.2473825,116.4525488,S0316,6.2251585,116.4491033,2.5,1,-32.6,False,False,0,True
5,S0339,6.2473825,116.4525488,S0318,6.2186365,116.4523971,3.196,1,-58.4,False,False,0,True
5,S0339,6.2473825,116.4525488,S0319,6.2360746,116.4494384,1.304,1,9.8,True,True,0,True
5,S0339,6.2473825,116.4525488,S0320,6.2137719,116.4515128,3.739,1,-21.4,False,False,0,True
5,S0339,6.2473825,116.4525488,S0321,6.2065818,116.4454789,4.604,1,-44.5,False,False,0,True
5,S0339,6.2473825,116.4525488,S0340,6.2495427,116.451671,0.259,1,8.8,True,True,0,True
5,S0339,6.2473825,116.4525488,S0341,6.2491271,116.4754237,2.536,1,-51.2,False,False,0,True
5,S0339,6.2473825,116.4525488,S0343,6.2556724,116.4596676,1.212,1,6.5,True,True,0,True
5,S0339,6.2473825,116.4525488,S0344,6.2647561,116.4537819,1.937,1,0.2,True,False,0,True
5,S0339,6.2473825,116.4525488,S0345,6.2888642,116.4473655,4.648,1,-61.5,False,False,0,True
5,S0339,6.2473825,116.4525488,S0346,6.2399444,116.4347245,2.137,1,-74.1,False,False,0,True
5,S0339,6.2473825,116.4525488,S0348,6.2514125,116.4612922,1.065,1,4.1,True,True,0,True
5,S0339,6.2473825,116.4525488,S0366,6.2218072,116.4428194,3.04,1,-57.2,False,False,0,True
5,S0339,6.2473825,116.4525488,S0372,6.2275471,116.4499,2.225,1,-30.8,False,False,0,True
5,S0339,6.2473825,116.4525488,S0403,6.2493073,116.4626154,1.133,1,-21.9,False,False,0,True
5,S0340,6.2495427,116.451671,S0215,6.283342,116.453604,3.764,0,7.9,True,False,0,True
5,S0340,6.2495427,116.451671,S0216,6.281577,116.457519,3.62,0,8.9,True,False,0,True
5,S0340,6.2495427,116.451671,S0315,6.2285288,116.4551222,2.368,0,6.5,True,True,0,True
5,S0340,6.2495427,116.451671,S0316,6.2251585,116.4491033,2.726,0,-37.9,False,False,0,True
5,S0340,6.2495427,116.451671,S0318,6.2186365,116.4523971,3.438,0,-50.7,False,False,0,True
5,S0340,6.2495427,116.451671,S0319,6.2360746,116.4494384,1.518,0,10.0,True,True,0,True
5,S0340,6.2495427,116.451671,S0320,6.2137719,116.4515128,3.978,0,-15.5,False,False,0,True
5,S0340,6.2495427,116.451671,S0321,6.2065818,116.4454789,4.826,0,-47.0,False,False,0,True
5,S0340,6.2495427,116.451671,S0339,6.2473825,116.4525488,0.259,0,10.1,True,True,0,True
5,S0340,6.2495427,116.451671,S0341,6.2491271,116.4754237,2.626,0,-41.8,False,False,0,True
5,S0340,6.2495427,116.451671,S0343,6.2556724,116.4596676,1.116,0,9.3,True,True,0,True
5,S0340,6.2495427,116.451671,S0344,6.2647561,116.4537819,1.708,0,9.5,True,True,0,True
5,S0340,6.2495427,116.451671,S0345,6.2888642,116.4473655,4.398,0,-63.4,False,False,0,True
5,S0340,6.2495427,116.451671,S0346,6.2399444,116.4347245,2.156,0,-51.9,False,False,0,True
5,S0340,6.2495427,116.451671,S0348,6.2514125,116.4612922,1.084,0,10.1,True,True,0,True
5,S0340,6.2495427,116.451671,S0366,6.2218072,116.4428194,3.236,0,-48.8,False,False,0,True
5,S0340,6.2495427,116.451671,S0372,6.2275471,116.4499,2.454,0,-26.8,False,False,0,True
5,S0340,6.2495427,116.451671,S0403,6.2493073,116.4626154,1.21,0,-0.7,False,False,0,True
5,S0341,6.2491271,116.4754237,S0215,6.283342,116.453604,4.505,0,-57.7,False,False,0,True
5,S0341,6.2491271,116.4754237,S0216,6.281577,116.457519,4.115,0,-65.2,False,False,0,True
5,S0341,6.2491271,116.4754237,S0315,6.2285288,116.4551222,3.207,0,-51.6,False,False,0,True
5,S0341,6.2491271,116.4754237,S0316,6.2251585,116.4491033,3.946,0,-33.3,False,False,0,True
5,S0341,6.2491271,116.4754237,S0318,6.2186365,116.4523971,4.24,0,-81.3,False,False,0,True
5,S0341,6.2491271,116.4754237,S0319,6.2360746,116.4494384,3.218,0,-36.6,False,False,0,True
5,S0341,6.2491271,116.4754237,S0320,6.2137719,116.4515128,4.737,0,-80.9,False,False,0,True
5,S0341,6.2491271,116.4754237,S0339,6.2473825,116.4525488,2.536,0,-40.3,False,False,0,True
5,S0341,6.2491271,116.4754237,S0340,6.2495427,116.451671,2.626,0,-28.8,False,False,0,True
5,S0341,6.2491271,116.4754237,S0343,6.2556724,116.4596676,1.888,0,-38.2,False,False,0,True
5,S0341,6.2491271,116.4754237,S0344,6.2647561,116.4537819,2.957,0,-25.2,False,False,0,True
5,S0341,6.2491271,116.4754237,S0346,6.2399444,116.4347245,4.613,0,-38.7,False,False,0,True
5,S0341,6.2491271,116.4754237,S0348,6.2514125,116.4612922,1.583,0,-39.8,False,False,0,True
5,S0341,6.2491271,116.4754237,S0366,6.2218072,116.4428194,4.714,0,-1.8,False,False,0,True
5,S0341,6.2491271,116.4754237,S0372,6.2275471,116.4499,3.704,0,-33.4,False,False,0,True
5,S0341,6.2491271,116.4754237,S0403,6.2493073,116.4626154,1.416,0,-41.1,False,False,0,True
5,S0343,6.2556724,116.4596676,S0215,6.283342,116.453604,3.149,0,7.9,True,True,0,True
5,S0343,6.2556724,116.4596676,S0216,6.281577,116.457519,2.89,0,0.1,True,False,0,True
5,S0343,6.2556724,116.4596676,S0315,6.2285288,116.4551222,3.06,0,-43.1,False,False,0,True
5,S0343,6.2556724,116.4596676,S0316,6.2251585,116.4491033,3.588,0,-26.9,False,False,0,True
5,S0343,6.2556724,116.4596676,S0318,6.2186365,116.4523971,4.196,0,-56.8,False,False,0,True
5,S0343,6.2556724,116.4596676,S0319,6.2360746,116.4494384,2.455,0,9.8,True,True,0,True
5,S0343,6.2556724,116.4596676,S0320,6.2137719,116.4515128,4.746,0,-36.4,False,False,0,True
5,S0343,6.2556724,116.4596676,S0339,6.2473825,116.4525488,1.212,0,6.4,True,True,0,True
5,S0343,6.2556724,116.4596676,S0340,6.2495427,116.451671,1.116,0,10.0,True,True,0,True
5,S0343,6.2556724,116.4596676,S0341,6.2491271,116.4754237,1.888,0,-50.4,False,False,0,True
5,S0343,6.2556724,116.4596676,S0344,6.2647561,116.4537819,1.201,0,8.2,True,True,0,True
5,S0343,6.2556724,116.4596676,S0345,6.2888642,116.4473655,3.933,0,-15.3,False,False,0,True
5,S0343,6.2556724,116.4596676,S0346,6.2399444,116.4347245,3.265,0,-59.9,False,False,0,True
5,S0343,6.2556724,116.4596676,S0348,6.2514125,116.4612922,0.507,0,9.9,True,True,0,True
5,S0343,6.2556724,116.4596676,S0366,6.2218072,116.4428194,4.201,0,-50.4,False,False,0,True
5,S0343,6.2556724,116.4596676,S0372,6.2275471,116.4499,3.309,0,-27.8,False,False,0,True
5,S0343,6.2556724,116.4596676,S0403,6.2493073,116.4626154,0.779,0,-17.5,False,False,0,True
5,S0344,6.2647561,116.4537819,S0214,6.3056896,116.4403454,4.788,0,-15.4,False,False,0,True
5,S0344,6.2647561,116.4537819,S0215,6.283342,116.453604,2.067,0,8.7,True,True,0,True
5,S0344,6.2647561,116.4537819,S0216,6.281577,116.457519,1.915,0,10.2,True,True,0,True
5,S0344,6.2647561,116.4537819,S0315,6.2285288,116.4551222,4.031,0,6.1,True,True,0,True
5,S0344,6.2647561,116.4537819,S0316,6.2251585,116.4491033,4.433,0,-32.5,False,False,0,True
5,S0344,6.2647561,116.4537819,S0319,6.2360746,116.4494384,3.225,0,10.0,True,True,0,True
5,S0344,6.2647561,116.4537819,S0339,6.2473825,116.4525488,1.937,0,4.9,True,False,0,True
5,S0344,6.2647561,116.4537819,S0340,6.2495427,116.451671,1.708,0,10.3,True,True,0,True
5,S0344,6.2647561,116.4537819,S0341,6.2491271,116.4754237,2.957,0,-40.6,False,False,0,True
5,S0344,6.2647561,116.4537819,S0343,6.2556724,116.4596676,1.201,0,10.3,True,True,0,True
5,S0344,6.2647561,116.4537819,S0345,6.2888642,116.4473655,2.773,0,-25.6,False,False,0,True
5,S0344,6.2647561,116.4537819,S0346,6.2399444,116.4347245,3.471,0,-82.6,False,False,0,True
5,S0344,6.2647561,116.4537819,S0348,6.2514125,116.4612922,1.7,0,10.0,True,True,0,True
5,S0344,6.2647561,116.4537819,S0366,6.2218072,116.4428194,4.927,0,-53.4,False,False,0,True
5,S0344,6.2647561,116.4537819,S0372,6.2275471,116.4499,4.16,0,-29.4,False,False,0,True
5,S0344,6.2647561,116.4537819,S0403,6.2493073,116.4626154,1.976,0,-19.9,False,False,0,True
5,S0345,6.2888642,116.4473655,S0214,6.3056896,116.4403454,2.025,0,-0.6,False,False,0,True
5,S0345,6.2888642,116.4473655,S0215,6.283342,116.453604,0.923,0,10.1,True,True,0,True
5,S0345,6.2888642,116.4473655,S0216,6.281577,116.457519,1.384,0,9.4,True,True,0,True
5,S0345,6.2888642,116.4473655,S0339,6.2473825,116.4525488,4.648,0,-54.0,False,False,0,True
5,S0345,6.2888642,116.4473655,S0340,6.2495427,116.451671,4.398,0,-56.2,False,False,0,True
5,S0345,6.2888642,116.4473655,S0343,6.2556724,116.4596676,3.933,0,-2.2,False,False,0,True
5,S0345,6.2888642,116.4473655,S0344,6.2647561,116.4537819,2.773,0,-15.6,False,False,0,True
5,S0345,6.2888642,116.4473655,S0348,6.2514125,116.4612922,4.44,0,1.6,True,False,0,True
5,S0345,6.2888642,116.4473655,S0403,6.2493073,116.4626154,4.71,0,-19.3,False,False,0,True
5,S0346,6.2399444,116.4347245,S0315,6.2285288,116.4551222,2.587,0,-74.8,False,False,0,True
5,S0346,6.2399444,116.4347245,S0316,6.2251585,116.4491033,2.287,0,-75.1,False,False,0,True
5,S0346,6.2399444,116.4347245,S0318,6.2186365,116.4523971,3.071,0,-67.8,False,False,0,True
5,S0346,6.2399444,116.4347245,S0319,6.2360746,116.4494384,1.682,0,-13.3,False,False,0,True
5,S0346,6.2399444,116.4347245,S0320,6.2137719,116.4515128,3.452,0,-55.1,False,False,0,True
5,S0346,6.2399444,116.4347245,S0321,6.2065818,116.4454789,3.896,0,-63.5,False,False,0,True
5,S0346,6.2399444,116.4347245,S0322,6.1992736,116.4466573,4.711,0,-80.4,False,False,0,True
5,S0346,6.2399444,116.4347245,S0339,6.2473825,116.4525488,2.137,0,-74.3,False,False,0,True
5,S0346,6.2399444,116.4347245,S0340,6.2495427,116.451671,2.156,0,-49.2,False,False,0,True
5,S0346,6.2399444,116.4347245,S0341,6.2491271,116.4754237,4.613,0,-36.5,False,False,0,True
5,S0346,6.2399444,116.4347245,S0343,6.2556724,116.4596676,3.265,0,-51.5,False,False,0,True
5,S0346,6.2399444,116.4347245,S0344,6.2647561,116.4537819,3.471,0,-70.9,False,False,0,True
5,S0346,6.2399444,116.4347245,S0348,6.2514125,116.4612922,3.202,0,-59.0,False,False,0,True
5,S0346,6.2399444,116.4347245,S0366,6.2218072,116.4428194,2.206,0,-54.6,False,False,0,True
5,S0346,6.2399444,116.4347245,S0372,6.2275471,116.4499,2.171,0,-72.7,False,False,0,True
5,S0346,6.2399444,116.4347245,S0403,6.2493073,116.4626154,3.254,0,-60.2,False,False,0,True
5,S0348,6.2514125,116.4612922,S0215,6.283342,116.453604,3.651,0,8.3,True,True,0,True
5,S0348,6.2514125,116.4612922,S0216,6.281577,116.457519,3.38,0,2.5,True,False,0,True
5,S0348,6.2514125,116.4612922,S0315,6.2285288,116.4551222,2.634,0,-49.4,False,False,0,True
5,S0348,6.2514125,116.4612922,S0316,6.2251585,116.4491033,3.215,0,-27.1,False,False,0,True
5,S0348,6.2514125,116.4612922,S0318,6.2186365,116.4523971,3.775,0,-60.4,False,False,0,True
5,S0348,6.2514125,116.4612922,S0319,6.2360746,116.4494384,2.151,0,-13.5,False,False,0,True
5,S0348,6.2514125,116.4612922,S0320,6.2137719,116.4515128,4.323,0,-42.8,False,False,0,True
5,S0348,6.2514125,116.4612922,S0339,6.2473825,116.4525488,1.065,0,8.4,True,True,0,True
5,S0348,6.2514125,116.4612922,S0340,6.2495427,116.451671,1.084,0,10.0,True,True,0,True
5,S0348,6.2514125,116.4612922,S0341,6.2491271,116.4754237,1.583,0,-49.6,False,False,0,True
5,S0348,6.2514125,116.4612922,S0343,6.2556724,116.4596676,0.507,0,10.1,True,True,0,True
5,S0348,6.2514125,116.4612922,S0344,6.2647561,116.4537819,1.7,0,10.0,True,True,0,True
5,S0348,6.2514125,116.4612922,S0345,6.2888642,116.4473655,4.44,0,-12.3,False,False,0,True
5,S0348,6.2514125,116.4612922,S0346,6.2399444,116.4347245,3.202,0,-65.8,False,False,0,True
5,S0348,6.2514125,116.4612922,S0366,6.2218072,116.4428194,3.874,0,-17.3,False,False,0,True
5,S0348,6.2514125,116.4612922,S0372,6.2275471,116.4499,2.937,0,-23.9,False,False,0,True
5,S0348,6.2514125,116.4612922,S0403,6.2493073,116.4626154,0.276,0,-1.6,False,False,0,True
5,S0351,6.2917772,116.5161892,S0352,6.2893898,116.5213042,0.625,1,9.3,True,True,0,True
5,S0352,6.2893898,116.5213042,S0351,6.2917772,116.5161892,0.625,0,9.6,True,True,0,True
5,S0355,6.0412176,116.7087175,S0960,6.0293568,116.7251583,2.246,0,-21.8,False,False,0,True
5,S0355,6.0412176,116.7087175,S0965,6.0459598,116.7431299,3.842,0,-89.6,False,False,0,True
5,S0355,6.0412176,116.7087175,S0966,6.0247047,116.7371689,3.643,0,-33.8,False,False,0,True
5,S0360,6.3219835,116.3868016,S0179,6.3240036,116.3743229,1.397,0,-134.2,False,False,0,True
5,S0360,6.3219835,116.3868016,S0307,6.3129372,116.3458603,4.635,0,-115.4,False,False,0,True
5,S0360,6.3219835,116.3868016,S0404,6.3239734,116.3515484,3.902,0,-143.8,False,False,0,True
5,S0364,6.4821376,116.4939753,S0038,6.5228172,116.5023056,4.616,0,6.2,True,False,0,True
5,S0364,6.4821376,116.4939753,S0041,6.4565219,116.5024247,2.997,0,3.0,True,False,0,True
5,S0364,6.4821376,116.4939753,S0365,6.4635833,116.4878031,2.173,0,10.1,True,True,0,True
5,S0364,6.4821376,116.4939753,S0394,6.4442068,116.5127843,4.702,0,7.3,True,False,0,True
5,S0365,6.4635833,116.4878031,S0041,6.4565219,116.5024247,1.796,0,2.1,True,False,0,True
5,S0365,6.4635833,116.4878031,S0364,6.4821376,116.4939753,2.173,0,9.1,True,True,0,True
5,S0365,6.4635833,116.4878031,S0394,6.4442068,116.5127843,3.502,0,7.3,True,False,0,True
5,S0365,6.4635833,116.4878031,S0396,6.4268077,116.5106171,4.804,0,10.0,True,True,0,True
5,S0366,6.2218072,116.4428194,S0315,6.2285288,116.4551222,1.552,0,9.6,True,True,0,True
5,S0366,6.2218072,116.4428194,S0316,6.2251585,116.4491033,0.788,0,9.8,True,True,0,True
5,S0366,6.2218072,116.4428194,S0318,6.2186365,116.4523971,1.116,0,10.2,True,True,0,True
5,S0366,6.2218072,116.4428194,S0319,6.2360746,116.4494384,1.747,0,-63.1,False,False,0,True
5,S0366,6.2218072,116.4428194,S0320,6.2137719,116.4515128,1.312,0,-11.9,False,False,0,True
5,S0366,6.2218072,116.4428194,S0321,6.2065818,116.4454789,1.718,0,-35.3,False,False,0,True
5,S0366,6.2218072,116.4428194,S0322,6.1992736,116.4466573,2.541,0,-39.5,False,False,0,True
5,S0366,6.2218072,116.4428194,S0338,6.1852478,116.4455836,4.077,0,-79.6,False,False,0,True
5,S0366,6.2218072,116.4428194,S0339,6.2473825,116.4525488,3.04,0,-54.1,False,False,0,True
5,S0366,6.2218072,116.4428194,S0340,6.2495427,116.451671,3.236,0,-36.7,False,False,0,True
5,S0366,6.2218072,116.4428194,S0341,6.2491271,116.4754237,4.714,0,-1.7,False,False,0,True
5,S0366,6.2218072,116.4428194,S0343,6.2556724,116.4596676,4.201,0,-42.4,False,False,0,True
5,S0366,6.2218072,116.4428194,S0344,6.2647561,116.4537819,4.927,0,-38.6,False,False,0,True
5,S0366,6.2218072,116.4428194,S0346,6.2399444,116.4347245,2.206,0,-59.0,False,False,0,True
5,S0366,6.2218072,116.4428194,S0348,6.2514125,116.4612922,3.874,0,-25.7,False,False,0,True
5,S0366,6.2218072,116.4428194,S0372,6.2275471,116.4499,1.01,0,9.4,True,True,0,True
5,S0366,6.2218072,116.4428194,S0403,6.2493073,116.4626154,3.76,0,-50.7,False,False,0,True
5,S0372,6.2275471,116.4499,S0315,6.2285288,116.4551222,0.587,0,10.1,True,True,0,True
5,S0372,6.2275471,116.4499,S0316,6.2251585,116.4491033,0.28,0,10.1,True,True,0,True
5,S0372,6.2275471,116.4499,S0318,6.2186365,116.4523971,1.029,0,-18.2,False,False,0,True
5,S0372,6.2275471,116.4499,S0319,6.2360746,116.4494384,0.95,0,-28.0,False,False,0,True
5,S0372,6.2275471,116.4499,S0320,6.2137719,116.4515128,1.542,0,7.4,True,True,0,True
5,S0372,6.2275471,116.4499,S0321,6.2065818,116.4454789,2.382,0,-37.8,False,False,0,True
5,S0372,6.2275471,116.4499,S0322,6.1992736,116.4466573,3.164,0,-27.3,False,False,0,True
5,S0372,6.2275471,116.4499,S0338,6.1852478,116.4455836,4.728,0,-44.1,False,False,0,True
5,S0372,6.2275471,116.4499,S0339,6.2473825,116.4525488,2.225,0,-20.4,False,False,0,True
5,S0372,6.2275471,116.4499,S0340,6.2495427,116.451671,2.454,0,-14.5,False,False,0,True
5,S0372,6.2275471,116.4499,S0341,6.2491271,116.4754237,3.704,0,-27.4,False,False,0,True
5,S0372,6.2275471,116.4499,S0343,6.2556724,116.4596676,3.309,0,-14.4,False,False,0,True
5,S0372,6.2275471,116.4499,S0344,6.2647561,116.4537819,4.16,0,-14.2,False,False,0,True
5,S0372,6.2275471,116.4499,S0346,6.2399444,116.4347245,2.171,0,-61.7,False,False,0,True
5,S0372,6.2275471,116.4499,S0348,6.2514125,116.4612922,2.937,0,-33.2,False,False,0,True
5,S0372,6.2275471,116.4499,S0366,6.2218072,116.4428194,1.01,0,9.7,True,True,0,True
5,S0372,6.2275471,116.4499,S0403,6.2493073,116.4626154,2.798,0,-62.2,False,False,0,True
5,S0375,6.1940804,116.7735199,S0284,6.1615009,116.7975091,4.49,1,-55.7,False,False,0,True
5,S0375,6.1940804,116.7735199,S0940,6.15882,116.7789947,3.967,1,-45.3,False,False,0,True
5,S0375,6.1940804,116.7735199,S0943,6.20053,116.7656937,1.124,1,-70.0,False,False,0,True
5,S0375,6.1940804,116.7735199,S0061,6.2072984,116.7677359,1.603,1,-20.0,False,False,0,True
5,S0379,6.3363692,116.7327757,S0242,6.3120478,116.7332936,2.705,0,9.1,True,True,0,True
5,S0379,6.3363692,116.7327757,S0380,6.3424779,116.740202,1.065,0,8.2,True,True,0,True
5,S0379,6.3363692,116.7327757,S0381,6.3629363,116.7548147,3.829,0,-26.8,False,False,0,True
5,S0379,6.3363692,116.7327757,S0382,6.36331,116.7450321,3.288,0,8.4,True,False,0,True
5,S0380,6.3424779,116.740202,S0242,6.3120478,116.7332936,3.469,1,9.0,True,True,0,True
5,S0380,6.3424779,116.740202,S0379,6.3363692,116.7327757,1.065,1,8.1,True,True,0,True
5,S0380,6.3424779,116.740202,S0383,6.3795511,116.7597414,4.654,1,-26.9,False,False,0,True
5,S0380,6.3424779,116.740202,S0381,6.3629363,116.7548147,2.79,1,-22.6,False,False,0,True
5,S0380,6.3424779,116.740202,S0382,6.36331,116.7450321,2.377,1,9.1,True,True,0,True
5,S0383,6.3795511,116.7597414,S0243,6.3871847,116.7747033,1.859,0,5.5,True,False,0,True
5,S0383,6.3795511,116.7597414,S0380,6.3424779,116.740202,4.654,0,-20.3,False,False,0,True
5,S0383,6.3795511,116.7597414,S0381,6.3629363,116.7548147,1.926,0,9.4,True,True,0,True
5,S0383,6.3795511,116.7597414,S0382,6.36331,116.7450321,2.43,0,-17.5,False,False,0,True
5,S0384,6.4390311,116.8076006,S0273,6.4544107,116.8012118,1.85,0,10.5,True,True,0,True
5,S0389,6.3928187,117.3832823,S0390,6.3981983,117.385528,0.648,1,7.9,True,True,0,True
5,S0390,6.3981983,117.385528,S0389,6.3928187,117.3832823,0.648,0,10.1,True,True,0,True
5,S0393,6.4023072,116.5293282,S0395,6.4237159,116.5214103,2.536,1,6.4,True,False,0,True
5,S0393,6.4023072,116.5293282,S0396,6.4268077,116.5106171,3.42,1,6.0,True,False,0,True
5,S0394,6.4442068,116.5127843,S0041,6.4565219,116.5024247,1.785,0,5.8,True,True,0,True
5,S0394,6.4442068,116.5127843,S0364,6.4821376,116.4939753,4.702,0,8.0,True,True,0,True
5,S0394,6.4442068,116.5127843,S0365,6.4635833,116.4878031,3.502,0,7.2,True,False,0,True
5,S0394,6.4442068,116.5127843,S0395,6.4237159,116.5214103,2.47,0,5.9,True,False,0,True
5,S0394,6.4442068,116.5127843,S0396,6.4268077,116.5106171,1.949,0,8.9,True,True,0,True
5,S0395,6.4237159,116.5214103,S0041,6.4565219,116.5024247,4.208,0,5.0,True,False,0,True
5,S0395,6.4237159,116.5214103,S0393,6.4023072,116.5293282,2.536,0,3.3,True,False,0,True
5,S0395,6.4237159,116.5214103,S0394,6.4442068,116.5127843,2.47,0,6.6,True,True,0,True
5,S0395,6.4237159,116.5214103,S0396,6.4268077,116.5106171,1.241,0,8.5,True,True,0,True
5,S0396,6.4268077,116.5106171,S0041,6.4565219,116.5024247,3.426,0,2.7,True,False,0,True
5,S0396,6.4268077,116.5106171,S0365,6.4635833,116.4878031,4.804,0,9.2,True,False,0,True
5,S0396,6.4268077,116.5106171,S0393,6.4023072,116.5293282,3.42,0,1.4,True,False,0,True
5,S0396,6.4268077,116.5106171,S0394,6.4442068,116.5127843,1.949,0,7.3,True,True,0,True
5,S0396,6.4268077,116.5106171,S0395,6.4237159,116.5214103,1.241,0,9.6,True,True,0,True
5,S0403,6.2493073,116.4626154,S0215,6.283342,116.453604,3.913,0,3.4,True,False,0,True
5,S0403,6.2493073,116.4626154,S0216,6.281577,116.457519,3.632,0,-2.7,False,False,0,True
5,S0403,6.2493073,116.4626154,S0315,6.2285288,116.4551222,2.454,0,-69.8,False,False,0,True
5,S0403,6.2493073,116.4626154,S0316,6.2251585,116.4491033,3.073,0,-54.4,False,False,0,True
5,S0403,6.2493073,116.4626154,S0318,6.2186365,116.4523971,3.593,0,-69.2,False,False,0,True
5,S0403,6.2493073,116.4626154,S0319,6.2360746,116.4494384,2.07,0,-28.2,False,False,0,True
5,S0403,6.2493073,116.4626154,S0320,6.2137719,116.4515128,4.138,0,-63.7,False,False,0,True
5,S0403,6.2493073,116.4626154,S0339,6.2473825,116.4525488,1.133,0,-19.4,False,False,0,True
5,S0403,6.2493073,116.4626154,S0340,6.2495427,116.451671,1.21,0,10.0,True,True,0,True
5,S0403,6.2493073,116.4626154,S0341,6.2491271,116.4754237,1.416,0,-48.1,False,False,0,True
5,S0403,6.2493073,116.4626154,S0343,6.2556724,116.4596676,0.779,0,-7.6,False,False,0,True
5,S0403,6.2493073,116.4626154,S0344,6.2647561,116.4537819,1.976,0,-3.8,False,False,0,True
5,S0403,6.2493073,116.4626154,S0345,6.2888642,116.4473655,4.71,0,-13.7,False,False,0,True
5,S0403,6.2493073,116.4626154,S0346,6.2399444,116.4347245,3.254,0,-65.0,False,False,0,True
5,S0403,6.2493073,116.4626154,S0348,6.2514125,116.4612922,0.276,0,-9.1,False,False,0,True
5,S0403,6.2493073,116.4626154,S0366,6.2218072,116.4428194,3.76,0,-38.2,False,False,0,True
5,S0403,6.2493073,116.4626154,S0372,6.2275471,116.4499,2.798,0,-54.0,False,False,0,True
5,S0404,6.3239734,116.3515484,S0179,6.3240036,116.3743229,2.517,0,21.4,True,True,0,True
5,S0404,6.3239734,116.3515484,S0307,6.3129372,116.3458603,1.379,0,-3.9,False,False,0,True
5,S0404,6.3239734,116.3515484,S0360,6.3219835,116.3868016,3.902,0,-155.1,False,False,0,True
5,S0404,6.3239734,116.3515484,S0405,6.3380572,116.3291819,2.926,0,-172.4,False,False,0,True
5,S0404,6.3239734,116.3515484,S0406,6.3394007,116.3431186,1.952,0,-65.2,False,False,0,True
5,S0404,6.3239734,116.3515484,S0407,6.3064939,116.3280651,3.242,0,-98.5,False,False,0,True
5,S0404,6.3239734,116.3515484,S0410,6.3000554,116.328518,3.681,0,-71.4,False,False,0,True
5,S0405,6.3380572,116.3291819,S0307,6.3129372,116.3458603,3.347,0,-152.9,False,False,0,True
5,S0405,6.3380572,116.3291819,S0404,6.3239734,116.3515484,2.926,0,-164.6,False,False,0,True
5,S0405,6.3380572,116.3291819,S0406,6.3394007,116.3431186,1.547,0,-69.3,False,False,0,True
5,S0405,6.3380572,116.3291819,S0407,6.3064939,116.3280651,3.512,0,-140.9,False,False,0,True
5,S0405,6.3380572,116.3291819,S0410,6.3000554,116.328518,4.226,0,-145.7,False,False,0,True
5,S0406,6.3394007,116.3431186,S0179,6.3240036,116.3743229,3.85,0,-29.4,False,False,0,True
5,S0406,6.3394007,116.3431186,S0307,6.3129372,116.3458603,2.958,0,-67.2,False,False,0,True
5,S0406,6.3394007,116.3431186,S0404,6.3239734,116.3515484,1.952,0,-49.2,False,False,0,True
5,S0406,6.3394007,116.3431186,S0405,6.3380572,116.3291819,1.547,0,-70.2,False,False,0,True
5,S0406,6.3394007,116.3431186,S0407,6.3064939,116.3280651,4.02,0,-132.4,False,False,0,True
5,S0406,6.3394007,116.3431186,S0410,6.3000554,116.328518,4.663,0,-135.5,False,False,0,True
5,S0407,6.3064939,116.3280651,S0307,6.3129372,116.3458603,2.093,0,-74.7,False,False,0,True
5,S0407,6.3064939,116.3280651,S0404,6.3239734,116.3515484,3.242,0,-94.6,False,False,0,True
5,S0407,6.3064939,116.3280651,S0405,6.3380572,116.3291819,3.512,0,-142.9,False,False,0,True
5,S0407,6.3064939,116.3280651,S0406,6.3394007,116.3431186,4.02,0,-134.2,False,False,0,True
5,S0407,6.3064939,116.3280651,S0410,6.3000554,116.328518,0.718,0,-19.0,False,False,0,True
5,S0407,6.3064939,116.3280651,S0409,6.3040075,116.2939116,3.785,0,-11.4,False,False,0,True
5,S0410,6.3000554,116.328518,S0024,6.2583153,116.3176665,4.794,0,-221.6,False,False,0,True
5,S0410,6.3000554,116.328518,S0307,6.3129372,116.3458603,2.393,0,-50.7,False,False,0,True
5,S0410,6.3000554,116.328518,S0404,6.3239734,116.3515484,3.681,0,-66.0,False,False,0,True
5,S0410,6.3000554,116.328518,S0405,6.3380572,116.3291819,4.226,0,-151.1,False,False,0,True
5,S0410,6.3000554,116.328518,S0406,6.3394007,116.3431186,4.663,0,-133.7,False,False,0,True
5,S0410,6.3000554,116.328518,S0407,6.3064939,116.3280651,0.718,0,-22.6,False,False,0,True
5,S0410,6.3000554,116.328518,S0409,6.3040075,116.2939116,3.85,0,4.9,True,False,0,True
5,S0413,6.1388087,116.4522523,S0333,6.1239943,116.4532593,1.651,0,-110.3,False,False,0,True
5,S0413,6.1388087,116.4522523,S0334,6.1466984,116.445671,1.14,0,-29.8,False,False,0,True
5,S0417,6.0279292,116.4434492,S0185,6.0282512,116.4629369,2.155,0,-147.2,False,False,0,True
5,S0417,6.0279292,116.4434492,S0419,6.0325619,116.4855496,4.684,0,-260.6,False,False,0,True
5,S0417,6.0279292,116.4434492,S0420,6.0132916,116.4791545,4.271,0,-191.8,False,False,0,True
5,S0419,6.0325619,116.4855496,S0185,6.0282512,116.4629369,2.546,0,9.5,True,True,0,True
5,S0419,6.0325619,116.4855496,S0417,6.0279292,116.4434492,4.684,0,-268.9,False,False,0,True
5,S0419,6.0325619,116.4855496,S0420,6.0132916,116.4791545,2.256,0,2.8,True,False,0,True
5,S0420,6.0132916,116.4791545,S0185,6.0282512,116.4629369,2.446,0,1.2,True,False,0,True
5,S0420,6.0132916,116.4791545,S0417,6.0279292,116.4434492,4.271,0,-199.4,False,False,0,True
5,S0420,6.0132916,116.4791545,S0419,6.0325619,116.4855496,2.256,0,10.4,True,True,0,True
5,S0432,4.8645291,115.8777495,S0433,4.8621763,115.8897693,1.357,0,3.9,True,False,0,True
5,S0432,4.8645291,115.8777495,S1257,4.8602808,115.8774283,0.474,0,10.1,True,True,0,True
5,S0432,4.8645291,115.8777495,S1264,4.8380444,115.8888462,3.191,0,-10.5,False,False,0,True
5,S0432,4.8645291,115.8777495,S1265,4.8489683,115.8820235,1.794,0,4.2,True,False,0,True
5,S0432,4.8645291,115.8777495,S1266,4.9000969,115.8990228,4.604,0,-144.3,False,False,0,True
5,S0432,4.8645291,115.8777495,S1270,4.8751133,115.9010094,2.833,0,0.2,True,False,0,True
5,S0432,4.8645291,115.8777495,S1273,4.8816281,115.9076972,3.824,0,-22.0,False,False,0,True
5,S0432,4.8645291,115.8777495,S1274,4.8905928,115.9099937,4.6,0,-65.0,False,False,0,True
5,S0432,4.8645291,115.8777495,S1287,4.8626957,115.8968561,2.127,0,-4.1,False,False,0,True
5,S0432,4.8645291,115.8777495,S1290,4.8455687,115.8824868,2.173,0,-0.0,False,False,0,True
5,S0432,4.8645291,115.8777495,S1297,4.8680918,115.8841145,0.809,0,2.4,True,False,0,True
5,S0433,4.8621763,115.8897693,S0432,4.8645291,115.8777495,1.357,0,8.3,True,True,0,True
5,S0433,4.8621763,115.8897693,S1257,4.8602808,115.8774283,1.383,0,10.0,True,True,0,True
5,S0433,4.8621763,115.8897693,S1264,4.8380444,115.8888462,2.685,0,9.7,True,True,0,True
5,S0433,4.8621763,115.8897693,S1265,4.8489683,115.8820235,1.701,0,0.5,True,False,0,True
5,S0433,4.8621763,115.8897693,S1266,4.9000969,115.8990228,4.339,0,-90.2,False,False,0,True
5,S0433,4.8621763,115.8897693,S1270,4.8751133,115.9010094,1.903,0,5.5,True,False,0,True
5,S0433,4.8621763,115.8897693,S1273,4.8816281,115.9076972,2.937,0,8.3,True,True,0,True
5,S0433,4.8621763,115.8897693,S1274,4.8905928,115.9099937,3.874,0,-32.7,False,False,0,True
5,S0433,4.8621763,115.8897693,S1287,4.8626957,115.8968561,0.787,0,1.3,True,False,0,True
5,S0433,4.8621763,115.8897693,S1290,4.8455687,115.8824868,2.015,0,7.0,True,True,0,True
5,S0433,4.8621763,115.8897693,S1293,4.8786559,115.9234644,4.159,0,-177.8,False,False,0,True
5,S0433,4.8621763,115.8897693,S1297,4.8680918,115.8841145,0.908,0,-0.6,False,False,0,True
5,S0456,6.6648177,117.2073658,S0166,6.661511,117.2077305,0.37,0,10.0,True,True,0,True
5,S0466,5.8344594,117.4367943,S0181,5.8241814,117.4379987,1.151,0,4.5,True,True,0,True
5,S0511,5.0315794,116.4562941,S0512,5.0185581,116.4597964,1.499,1,-10.9,False,False,0,True
5,S0511,5.0315794,116.4562941,S0513,4.9952745,116.4677671,4.232,1,3.5,True,False,0,True
5,S0512,5.0185581,116.4597964,S0511,5.0315794,116.4562941,1.499,0,-16.5,False,False,0,True
5,S0512,5.0185581,116.4597964,S0513,4.9952745,116.4677671,2.735,0,6.6,True,False,0,True
5,S0513,4.9952745,116.4677671,S0511,5.0315794,116.4562941,4.232,0,-11.5,False,False,0,True
5,S0513,4.9952745,116.4677671,S0512,5.0185581,116.4597964,2.735,0,9.2,True,True,0,True
5,S0533,4.7154608,116.47698,S0130,4.7181021,116.4422487,3.86,0,1.6,True,False,0,True
5,S0533,4.7154608,116.47698,S0162,4.7053675,116.4807819,1.199,0,-3.3,False,False,0,True
5,S0533,4.7154608,116.47698,S0553,4.7138076,116.4598441,1.908,0,9.6,True,True,0,True
5,S0533,4.7154608,116.47698,S0555,4.7247292,116.4472719,3.45,0,-59.2,False,False,0,True
5,S0533,4.7154608,116.47698,S0556,4.7125431,116.4669454,1.158,0,6.6,True,True,0,True
5,S0533,4.7154608,116.47698,S0559,4.7157558,116.4513129,2.845,0,-10.9,False,False,0,True
5,S0553,4.7138076,116.4598441,S0130,4.7181021,116.4422487,2.008,0,-17.8,False,False,0,True
5,S0553,4.7138076,116.4598441,S0162,4.7053675,116.4807819,2.503,0,-12.1,False,False,0,True
5,S0553,4.7138076,116.4598441,S0533,4.7154608,116.47698,1.908,0,4.0,True,False,0,True
5,S0553,4.7138076,116.4598441,S0555,4.7247292,116.4472719,1.848,0,-29.3,False,False,0,True
5,S0553,4.7138076,116.4598441,S0556,4.7125431,116.4669454,0.799,0,10.0,True,True,0,True
5,S0553,4.7138076,116.4598441,S0559,4.7157558,116.4513129,0.97,0,-10.7,False,False,0,True
5,S0555,4.7247292,116.4472719,S0130,4.7181021,116.4422487,0.924,0,-2.5,False,False,0,True
5,S0555,4.7247292,116.4472719,S0162,4.7053675,116.4807819,4.292,0,-39.9,False,False,0,True
5,S0555,4.7247292,116.4472719,S0533,4.7154608,116.47698,3.45,0,-51.7,False,False,0,True
5,S0555,4.7247292,116.4472719,S0553,4.7138076,116.4598441,1.848,0,-31.4,False,False,0,True
5,S0555,4.7247292,116.4472719,S0556,4.7125431,116.4669454,2.567,0,-51.2,False,False,0,True
5,S0555,4.7247292,116.4472719,S0559,4.7157558,116.4513129,1.094,0,-10.7,False,False,0,True
5,S0556,4.7125431,116.4669454,S0130,4.7181021,116.4422487,2.806,0,-17.7,False,False,0,True
5,S0556,4.7125431,116.4669454,S0162,4.7053675,116.4807819,1.729,0,-12.1,False,False,0,True
5,S0556,4.7125431,116.4669454,S0533,4.7154608,116.47698,1.158,0,-5.8,False,False,0,True
5,S0556,4.7125431,116.4669454,S0553,4.7138076,116.4598441,0.799,0,8.1,True,True,0,True
5,S0556,4.7125431,116.4669454,S0555,4.7247292,116.4472719,2.567,0,-53.8,False,False,0,True
5,S0556,4.7125431,116.4669454,S0559,4.7157558,116.4513129,1.769,0,-12.4,False,False,0,True
5,S0559,4.7157558,116.4513129,S0130,4.7181021,116.4422487,1.038,0,-14.5,False,False,0,True
5,S0559,4.7157558,116.4513129,S0162,4.7053675,116.4807819,3.464,0,3.3,True,False,0,True
5,S0559,4.7157558,116.4513129,S0533,4.7154608,116.47698,2.845,0,5.2,True,False,0,True
5,S0559,4.7157558,116.4513129,S0553,4.7138076,116.4598441,0.97,0,-2.0,False,False,0,True
5,S0559,4.7157558,116.4513129,S0555,4.7247292,116.4472719,1.094,0,-6.6,False,False,0,True
5,S0559,4.7157558,116.4513129,S0556,4.7125431,116.4669454,1.769,0,1.6,True,False,0,True
5,S0599,5.0954389,116.3409302,S0593,5.117645,116.3432834,2.483,0,9.9,True,True,0,True
5,S0599,5.0954389,116.3409302,S1084,5.100738,116.3006846,4.496,0,6.9,True,False,0,True
5,S0603,5.1778704,116.2381905,S0605,5.1621456,116.2315424,1.897,1,6.7,True,True,0,True
5,S0603,5.1778704,116.2381905,S0601,5.1431533,116.2102068,4.95,1,11.1,True,True,0,True
5,S0605,5.1621456,116.2315424,S0603,5.1778704,116.2381905,1.897,0,9.8,True,True,0,True
5,S0605,5.1621456,116.2315424,S0601,5.1431533,116.2102068,3.169,0,11.1,True,True,0,True
5,S0608,5.1868176,116.1825533,S0796,5.2210728,116.1946742,4.039,1,-12.0,False,False,0,True
5,S0608,5.1868176,116.1825533,S0798,5.2096144,116.1942804,2.848,1,-5.4,False,False,0,True
5,S0608,5.1868176,116.1825533,S0609,5.2268314,116.1801678,4.457,1,-59.2,False,False,0,True
5,S0608,5.1868176,116.1825533,S1077,5.2283683,116.175459,4.687,1,-32.4,False,False,0,True
5,S0611,5.4505072,116.5605112,S0617,5.448024,116.5546504,0.705,0,10.1,True,True,0,True
5,S0611,5.4505072,116.5605112,S0620,5.4312578,116.5366919,3.396,0,1.6,True,False,0,True
5,S0611,5.4505072,116.5605112,S0792,5.454468,116.5639703,0.584,0,10.1,True,True,0,True
5,S0614,5.4257658,116.5207264,S0066,5.4146548,116.5084813,1.834,0,-0.9,False,False,0,True
5,S0614,5.4257658,116.5207264,S0617,5.448024,116.5546504,4.497,0,-46.8,False,False,0,True
5,S0614,5.4257658,116.5207264,S0618,5.4025431,116.4863082,4.603,0,-87.0,False,False,0,True
5,S0614,5.4257658,116.5207264,S0620,5.4312578,116.5366919,1.87,0,-21.7,False,False,0,True
5,S0617,5.448024,116.5546504,S0611,5.4505072,116.5605112,0.705,0,10.0,True,True,0,True
5,S0617,5.448024,116.5546504,S0614,5.4257658,116.5207264,4.497,0,-52.2,False,False,0,True
5,S0617,5.448024,116.5546504,S0620,5.4312578,116.5366919,2.725,0,-3.3,False,False,0,True
5,S0617,5.448024,116.5546504,S0792,5.454468,116.5639703,1.256,0,1.0,True,False,0,True
5,S0618,5.4025431,116.4863082,S0066,5.4146548,116.5084813,2.8,0,-58.1,False,False,0,True
5,S0618,5.4025431,116.4863082,S0614,5.4257658,116.5207264,4.603,0,-76.3,False,False,0,True
5,S0620,5.4312578,116.5366919,S0066,5.4146548,116.5084813,3.628,1,-32.1,False,False,0,True
5,S0620,5.4312578,116.5366919,S0611,5.4505072,116.5605112,3.396,1,-2.2,False,False,0,True
5,S0620,5.4312578,116.5366919,S0614,5.4257658,116.5207264,1.87,1,-32.1,False,False,0,True
5,S0620,5.4312578,116.5366919,S0617,5.448024,116.5546504,2.725,1,-15.0,False,False,0,True
5,S0620,5.4312578,116.5366919,S0792,5.454468,116.5639703,3.972,1,-12.5,False,False,0,True
5,S0623,5.292031,116.3884042,S0042,5.3132388,116.4101726,3.372,0,0.6,True,False,0,True
5,S0623,5.292031,116.3884042,S0049,5.2732968,116.3747193,2.576,0,5.0,True,False,0,True
5,S0623,5.292031,116.3884042,S0629,5.3214327,116.4157143,4.453,0,-5.0,False,False,0,True
5,S0623,5.292031,116.3884042,S0631,5.3030662,116.3959753,1.486,0,-2.0,False,False,0,True
5,S0623,5.292031,116.3884042,S0632,5.2832779,116.379809,1.361,0,9.4,True,True,0,True
5,S0623,5.292031,116.3884042,S0634,5.2882954,116.3810541,0.914,0,4.9,True,False,0,True
5,S0623,5.292031,116.3884042,S0638,5.2601226,116.3734017,3.918,0,-9.8,False,False,0,True
5,S0623,5.292031,116.3884042,S0639,5.2593984,116.3756262,3.895,0,-9.0,False,False,0,True
5,S0623,5.292031,116.3884042,S0649,5.2835791,116.4247876,4.137,0,1.8,True,False,0,True
5,S0627,5.3433622,116.4395412,S0042,5.3132388,116.4101726,4.668,0,-20.9,False,False,0,True
5,S0627,5.3433622,116.4395412,S0629,5.3214327,116.4157143,3.592,0,-24.9,False,False,0,True
5,S0629,5.3214327,116.4157143,S0042,5.3132388,116.4101726,1.098,0,7.7,True,True,0,True
5,S0629,5.3214327,116.4157143,S0623,5.292031,116.3884042,4.453,0,1.5,True,False,0,True
5,S0629,5.3214327,116.4157143,S0627,5.3433622,116.4395412,3.592,0,-36.0,False,False,0,True
5,S0629,5.3214327,116.4157143,S0631,5.3030662,116.3959753,2.991,0,-4.5,False,False,0,True
5,S0629,5.3214327,116.4157143,S0649,5.2835791,116.4247876,4.327,0,-110.4,False,False,0,True
5,S0631,5.3030662,116.3959753,S0042,5.3132388,116.4101726,1.937,0,1.6,True,False,0,True
5,S0631,5.3030662,116.3959753,S0049,5.2732968,116.3747193,4.062,0,3.8,True,False,0,True
5,S0631,5.3030662,116.3959753,S0623,5.292031,116.3884042,1.486,0,1.6,True,False,0,True
5,S0631,5.3030662,116.3959753,S0629,5.3214327,116.4157143,2.991,0,-8.3,False,False,0,True
5,S0631,5.3030662,116.3959753,S0632,5.2832779,116.379809,2.836,0,6.1,True,False,0,True
5,S0631,5.3030662,116.3959753,S0634,5.2882954,116.3810541,2.33,0,-9.2,False,False,0,True
5,S0631,5.3030662,116.3959753,S0649,5.2835791,116.4247876,3.856,0,-32.9,False,False,0,True
5,S0632,5.2832779,116.379809,S0042,5.3132388,116.4101726,4.733,0,0.6,True,False,0,True
5,S0632,5.2832779,116.379809,S0049,5.2732968,116.3747193,1.245,0,8.4,True,True,0,True
5,S0632,5.2832779,116.379809,S0623,5.292031,116.3884042,1.361,0,7.5,True,True,0,True
5,S0632,5.2832779,116.379809,S0631,5.3030662,116.3959753,2.836,0,-3.9,False,False,0,True
5,S0632,5.2832779,116.379809,S0634,5.2882954,116.3810541,0.575,0,10.1,True,True,0,True
5,S0632,5.2832779,116.379809,S0638,5.2601226,116.3734017,2.671,0,1.1,True,False,0,True
5,S0632,5.2832779,116.379809,S0639,5.2593984,116.3756262,2.695,0,1.2,True,False,0,True
5,S0632,5.2832779,116.379809,S0697,5.2419511,116.3674556,4.795,0,-12.5,False,False,0,True
5,S0632,5.2832779,116.379809,S0649,5.2835791,116.4247876,4.98,0,10.0,True,True,0,True
5,S0633,5.1739474,116.391897,S0637,5.1920657,116.3999474,2.203,0,-21.2,False,False,0,True
5,S0633,5.1739474,116.391897,S0648,5.1481891,116.3564896,4.856,0,9.1,True,True,0,True
5,S0633,5.1739474,116.391897,S0650,5.1626227,116.3648085,3.253,0,6.5,True,False,0,True
5,S0633,5.1739474,116.391897,S0651,5.1459778,116.3678933,4.091,0,6.3,True,False,0,True
5,S0633,5.1739474,116.391897,S0690,5.1964629,116.359591,4.367,0,-1.2,False,False,0,True
5,S0633,5.1739474,116.391897,S0699,5.1807118,116.3504924,4.646,0,-5.1,False,False,0,True
5,S0633,5.1739474,116.391897,S0701,5.1863236,116.3527253,4.551,0,-8.8,False,False,0,True
5,S0634,5.2882954,116.3810541,S0042,5.3132388,116.4101726,4.253,0,0.9,True,False,0,True
5,S0634,5.2882954,116.3810541,S0049,5.2732968,116.3747193,1.809,0,6.5,True,False,0,True
5,S0634,5.2882954,116.3810541,S0623,5.292031,116.3884042,0.914,0,3.2,True,False,0,True
5,S0634,5.2882954,116.3810541,S0631,5.3030662,116.3959753,2.33,0,-6.9,False,False,0,True
5,S0634,5.2882954,116.3810541,S0632,5.2832779,116.379809,0.575,0,8.8,True,True,0,True
5,S0634,5.2882954,116.3810541,S0638,5.2601226,116.3734017,3.245,0,-0.1,False,False,0,True
5,S0634,5.2882954,116.3810541,S0639,5.2593984,116.3756262,3.269,0,-1.4,False,False,0,True
5,S0634,5.2882954,116.3810541,S0649,5.2835791,116.4247876,4.871,0,10.0,True,False,0,True
5,S0636,5.1225003,116.3911099,S0648,5.1481891,116.3564896,4.781,0,9.1,True,False,0,True
5,S0636,5.1225003,116.3911099,S0651,5.1459778,116.3678933,3.664,0,5.6,True,False,0,True
5,S0636,5.1225003,116.3911099,S1073,5.1234242,116.3860528,0.569,0,10.0,True,True,0,True
5,S0637,5.1920657,116.3999474,S0633,5.1739474,116.391897,2.203,0,-13.9,False,False,0,True
5,S0637,5.1920657,116.3999474,S0690,5.1964629,116.359591,4.496,0,7.4,True,True,0,True
5,S0638,5.2601226,116.3734017,S0044,5.2313137,116.3580845,3.625,1,-4.1,False,False,0,True
5,S0638,5.2601226,116.3734017,S0049,5.2732968,116.3747193,1.472,1,9.5,True,True,0,True
5,S0638,5.2601226,116.3734017,S0623,5.292031,116.3884042,3.918,1,-9.8,False,False,0,True
5,S0638,5.2601226,116.3734017,S0632,5.2832779,116.379809,2.671,1,3.5,True,False,0,True
5,S0638,5.2601226,116.3734017,S0634,5.2882954,116.3810541,3.245,1,6.6,True,False,0,True
5,S0638,5.2601226,116.3734017,S0639,5.2593984,116.3756262,0.259,1,10.1,True,True,0,True
5,S0638,5.2601226,116.3734017,S0697,5.2419511,116.3674556,2.125,1,-9.7,False,False,0,True
5,S0638,5.2601226,116.3734017,S0700,5.2314063,116.3720737,3.196,1,1.4,True,False,0,True
5,S0638,5.2601226,116.3734017,S0702,5.2312481,116.358671,3.601,1,-9.5,False,False,0,True
5,S0638,5.2601226,116.3734017,S0703,5.2413062,116.3539969,2.999,1,6.1,True,False,0,True
5,S0639,5.2593984,116.3756262,S0044,5.2313137,116.3580845,3.678,0,-10.5,False,False,0,True
5,S0639,5.2593984,116.3756262,S0049,5.2732968,116.3747193,1.549,0,3.6,True,False,0,True
5,S0639,5.2593984,116.3756262,S0623,5.292031,116.3884042,3.895,0,-8.8,False,False,0,True
5,S0639,5.2593984,116.3756262,S0632,5.2832779,116.379809,2.695,0,1.2,True,False,0,True
5,S0639,5.2593984,116.3756262,S0634,5.2882954,116.3810541,3.269,0,0.8,True,False,0,True
5,S0639,5.2593984,116.3756262,S0638,5.2601226,116.3734017,0.259,0,10.1,True,True,0,True
5,S0639,5.2593984,116.3756262,S0697,5.2419511,116.3674556,2.141,0,-4.1,False,False,0,True
5,S0639,5.2593984,116.3756262,S0700,5.2314063,116.3720737,3.137,0,3.5,True,False,0,True
5,S0639,5.2593984,116.3756262,S0702,5.2312481,116.358671,3.65,0,-12.2,False,False,0,True
5,S0639,5.2593984,116.3756262,S0703,5.2413062,116.3539969,3.128,0,7.0,True,False,0,True
5,S0648,5.1481891,116.3564896,S0633,5.1739474,116.391897,4.856,1,4.1,True,False,0,True
5,S0648,5.1481891,116.3564896,S0636,5.1225003,116.3911099,4.781,1,4.8,True,False,0,True
5,S0648,5.1481891,116.3564896,S0650,5.1626227,116.3648085,1.851,1,10.1,True,True,0,True
5,S0648,5.1481891,116.3564896,S0651,5.1459778,116.3678933,1.287,1,9.1,True,True,0,True
5,S0648,5.1481891,116.3564896,S0654,5.1518875,116.3337432,2.552,1,9.5,True,True,0,True
5,S0648,5.1481891,116.3564896,S0699,5.1807118,116.3504924,3.677,1,6.5,True,False,0,True
5,S0648,5.1481891,116.3564896,S0701,5.1863236,116.3527253,4.261,1,8.8,True,False,0,True
5,S0648,5.1481891,116.3564896,S1073,5.1234242,116.3860528,4.278,1,10.0,True,True,0,True
5,S0648,5.1481891,116.3564896,S0593,5.117645,116.3432834,3.698,1,3.8,True,False,0,True
5,S0650,5.1626227,116.3648085,S0633,5.1739474,116.391897,3.253,0,0.4,True,False,0,True
5,S0650,5.1626227,116.3648085,S0648,5.1481891,116.3564896,1.851,0,8.0,True,True,0,True
5,S0650,5.1626227,116.3648085,S0651,5.1459778,116.3678933,1.882,0,6.9,True,True,0,True
5,S0650,5.1626227,116.3648085,S0654,5.1518875,116.3337432,3.642,0,8.6,True,True,0,True
5,S0650,5.1626227,116.3648085,S0690,5.1964629,116.359591,3.807,0,10.0,True,True,0,True
5,S0650,5.1626227,116.3648085,S0699,5.1807118,116.3504924,2.561,0,6.5,True,True,0,True
5,S0650,5.1626227,116.3648085,S0701,5.1863236,116.3527253,2.956,0,8.9,True,True,0,True
5,S0650,5.1626227,116.3648085,S1073,5.1234242,116.3860528,4.953,0,10.0,True,True,0,True
5,S0651,5.1459778,116.3678933,S0633,5.1739474,116.391897,4.091,0,5.9,True,False,0,True
5,S0651,5.1459778,116.3678933,S0636,5.1225003,116.3911099,3.664,0,-10.4,False,False,0,True
5,S0651,5.1459778,116.3678933,S0648,5.1481891,116.3564896,1.287,0,8.4,True,True,0,True
5,S0651,5.1459778,116.3678933,S0650,5.1626227,116.3648085,1.882,0,9.9,True,True,0,True
5,S0651,5.1459778,116.3678933,S0654,5.1518875,116.3337432,3.839,0,8.8,True,False,0,True
5,S0651,5.1459778,116.3678933,S0699,5.1807118,116.3504924,4.316,0,8.0,True,False,0,True
5,S0651,5.1459778,116.3678933,S0701,5.1863236,116.3527253,4.79,0,6.3,True,False,0,True
5,S0651,5.1459778,116.3678933,S1073,5.1234242,116.3860528,3.215,0,8.4,True,False,0,True
5,S0651,5.1459778,116.3678933,S0593,5.117645,116.3432834,4.166,0,-46.3,False,False,0,True
5,S0654,5.1518875,116.3337432,S0114,5.1423979,116.289617,4.999,0,9.1,True,True,0,True
5,S0654,5.1518875,116.3337432,S0648,5.1481891,116.3564896,2.552,0,6.2,True,True,0,True
5,S0654,5.1518875,116.3337432,S0650,5.1626227,116.3648085,3.642,0,9.5,True,True,0,True
5,S0654,5.1518875,116.3337432,S0651,5.1459778,116.3678933,3.839,0,7.6,True,False,0,True
5,S0654,5.1518875,116.3337432,S0699,5.1807118,116.3504924,3.703,0,-1.9,False,False,0,True
5,S0654,5.1518875,116.3337432,S0701,5.1863236,116.3527253,4.368,0,3.9,True,False,0,True
5,S0654,5.1518875,116.3337432,S0593,5.117645,116.3432834,3.951,0,8.0,True,True,0,True
5,S0656,5.3409493,116.1995303,S0658,5.3467074,116.2097255,1.298,0,10.1,True,True,0,True
5,S0656,5.3409493,116.1995303,S0660,5.3629756,116.2129939,2.867,0,8.6,True,True,0,True
5,S0656,5.3409493,116.1995303,S0661,5.3621802,116.219394,3.226,0,-2.1,False,False,0,True
5,S0656,5.3409493,116.1995303,S1186,5.3178138,116.1933541,2.662,0,-26.3,False,False,0,True
5,S0658,5.3467074,116.2097255,S0656,5.3409493,116.1995303,1.298,1,10.0,True,True,0,True
5,S0658,5.3467074,116.2097255,S0659,5.3797614,116.2340885,4.559,1,-27.3,False,False,0,True
5,S0658,5.3467074,116.2097255,S0660,5.3629756,116.2129939,1.845,1,9.7,True,True,0,True
5,S0658,5.3467074,116.2097255,S0661,5.3621802,116.219394,2.026,1,-19.0,False,False,0,True
5,S0658,5.3467074,116.2097255,S1186,5.3178138,116.1933541,3.689,1,-38.3,False,False,0,True
5,S0659,5.3797614,116.2340885,S0658,5.3467074,116.2097255,4.559,1,-32.4,False,False,0,True
5,S0659,5.3797614,116.2340885,S0660,5.3629756,116.2129939,2.99,1,4.9,True,True,0,True
5,S0659,5.3797614,116.2340885,S0661,5.3621802,116.219394,2.543,1,6.8,True,True,0,True
5,S0659,5.3797614,116.2340885,S0663,5.3891572,116.240027,1.234,1,4.9,True,True,0,True
5,S0659,5.3797614,116.2340885,S0665,5.4183322,116.2561088,4.933,1,-17.5,False,False,0,True
5,S0659,5.3797614,116.2340885,S0669,5.3997077,116.2381822,2.264,1,8.3,True,True,0,True
5,S0659,5.3797614,116.2340885,S0671,5.4044747,116.2475115,3.124,1,-15.8,False,False,0,True
5,S0659,5.3797614,116.2340885,S0673,5.3940265,116.2424715,1.838,1,10.0,True,True,0,True
5,S0659,5.3797614,116.2340885,S0679,5.4190511,116.2334792,4.369,1,11.9,True,True,0,True
5,S0659,5.3797614,116.2340885,S0689,5.4176834,116.227837,4.273,1,10.7,True,True,0,True
5,S0659,5.3797614,116.2340885,S1076,5.4127509,116.2331743,3.67,1,10.0,True,True,0,True
5,S0660,5.3629756,116.2129939,S0656,5.3409493,116.1995303,2.867,0,10.1,True,True,0,True
5,S0660,5.3629756,116.2129939,S0658,5.3467074,116.2097255,1.845,0,10.1,True,True,0,True
5,S0660,5.3629756,116.2129939,S0659,5.3797614,116.2340885,2.99,0,8.0,True,False,0,True
5,S0660,5.3629756,116.2129939,S0661,5.3621802,116.219394,0.714,0,4.5,True,False,0,True
5,S0660,5.3629756,116.2129939,S0663,5.3891572,116.240027,4.175,0,8.0,True,True,0,True
5,S0660,5.3629756,116.2129939,S0669,5.3997077,116.2381822,4.946,0,4.2,True,False,0,True
5,S0660,5.3629756,116.2129939,S0673,5.3940265,116.2424715,4.751,0,9.9,True,True,0,True
5,S0661,5.3621802,116.219394,S0656,5.3409493,116.1995303,3.226,0,12.3,True,True,0,True
5,S0661,5.3621802,116.219394,S0658,5.3467074,116.2097255,2.026,0,-3.7,False,False,0,True
5,S0661,5.3621802,116.219394,S0659,5.3797614,116.2340885,2.543,0,8.1,True,True,0,True
5,S0661,5.3621802,116.219394,S0660,5.3629756,116.2129939,0.714,0,9.6,True,True,0,True
5,S0661,5.3621802,116.219394,S0663,5.3891572,116.240027,3.77,0,7.0,True,True,0,True
5,S0661,5.3621802,116.219394,S0669,5.3997077,116.2381822,4.663,0,2.2,True,False,0,True
5,S0661,5.3621802,116.219394,S0673,5.3940265,116.2424715,4.367,0,9.9,True,True,0,True
5,S0663,5.3891572,116.240027,S0659,5.3797614,116.2340885,1.234,0,4.8,True,True,0,True
5,S0663,5.3891572,116.240027,S0660,5.3629756,116.2129939,4.175,0,4.7,True,True,0,True
5,S0663,5.3891572,116.240027,S0661,5.3621802,116.219394,3.77,0,6.6,True,True,0,True
5,S0663,5.3891572,116.240027,S0665,5.4183322,116.2561088,3.7,0,-17.1,False,False,0,True
5,S0663,5.3891572,116.240027,S0669,5.3997077,116.2381822,1.191,0,10.1,True,True,0,True
5,S0663,5.3891572,116.240027,S0671,5.4044747,116.2475115,1.894,0,-12.3,False,False,0,True
5,S0663,5.3891572,116.240027,S0673,5.3940265,116.2424715,0.605,0,10.0,True,True,0,True
5,S0663,5.3891572,116.240027,S0679,5.4190511,116.2334792,3.402,0,12.0,True,True,0,True
5,S0663,5.3891572,116.240027,S0682,5.426731,116.2391342,4.179,0,8.6,True,True,0,True
5,S0663,5.3891572,116.240027,S0688,5.4307567,116.2278076,4.819,0,7.3,True,False,0,True
5,S0663,5.3891572,116.240027,S0689,5.4176834,116.227837,3.447,0,9.9,True,True,0,True
5,S0663,5.3891572,116.240027,S1076,5.4127509,116.2331743,2.731,0,10.0,True,True,0,True
5,S0664,5.4542071,116.2578834,S0062,5.4587899,116.2736526,1.818,0,9.9,True,True,0,True
5,S0664,5.4542071,116.2578834,S0665,5.4183322,116.2561088,3.994,0,10.1,True,True,0,True
5,S0664,5.4542071,116.2578834,S0667,5.4797716,116.2752866,3.434,0,9.7,True,True,0,True
5,S0664,5.4542071,116.2578834,S0668,5.4489856,116.2702798,1.49,0,7.6,True,True,0,True
5,S0664,5.4542071,116.2578834,S0670,5.4728503,116.2654893,2.237,0,-8.0,False,False,0,True
5,S0664,5.4542071,116.2578834,S0674,5.4455835,116.2688726,1.549,0,10.1,True,True,0,True
5,S0664,5.4542071,116.2578834,S0675,5.4585487,116.2659994,1.02,0,-2.1,False,False,0,True
5,S0664,5.4542071,116.2578834,S0676,5.4464732,116.267259,1.348,0,10.0,True,True,0,True
5,S0664,5.4542071,116.2578834,S0677,5.4816186,116.2690947,3.291,0,-8.8,False,False,0,True
5,S0664,5.4542071,116.2578834,S0678,5.4582441,116.2733047,1.765,0,9.3,True,True,0,True
5,S0664,5.4542071,116.2578834,S0679,5.4190511,116.2334792,4.752,0,-2.0,False,False,0,True
5,S0664,5.4542071,116.2578834,S0680,5.4623131,116.2811304,2.727,0,10.1,True,True,0,True
5,S0664,5.4542071,116.2578834,S0681,5.4719211,116.2803596,3.173,0,8.9,True,True,0,True
5,S0664,5.4542071,116.2578834,S0682,5.426731,116.2391342,3.693,0,7.4,True,True,0,True
5,S0664,5.4542071,116.2578834,S0683,5.4676301,116.2678351,1.855,0,9.4,True,True,0,True
5,S0664,5.4542071,116.2578834,S0684,5.455013,116.2639664,0.679,0,8.7,True,True,0,True
5,S0664,5.4542071,116.2578834,S0685,5.451431,116.2568816,0.328,0,8.9,True,True,0,True
5,S0664,5.4542071,116.2578834,S0686,5.4356626,116.2497626,2.249,0,9.9,True,True,0,True
5,S0664,5.4542071,116.2578834,S0687,5.4457484,116.2570889,0.945,0,10.1,True,True,0,True
5,S0664,5.4542071,116.2578834,S0688,5.4307567,116.2278076,4.229,0,0.6,True,False,0,True
5,S0664,5.4542071,116.2578834,S0735,5.4612709,116.2149548,4.816,0,-63.1,False,False,0,True
5,S0665,5.4183322,116.2561088,S0062,5.4587899,116.2736526,4.9,0,9.0,True,True,0,True
5,S0665,5.4183322,116.2561088,S0659,5.3797614,116.2340885,4.933,0,-9.7,False,False,0,True
5,S0665,5.4183322,116.2561088,S0663,5.3891572,116.240027,3.7,0,-19.4,False,False,0,True
5,S0665,5.4183322,116.2561088,S0664,5.4542071,116.2578834,3.994,0,8.4,True,False,0,True
5,S0665,5.4183322,116.2561088,S0668,5.4489856,116.2702798,3.752,0,5.1,True,False,0,True
5,S0665,5.4183322,116.2561088,S0669,5.3997077,116.2381822,2.868,0,10.3,True,True,0,True
5,S0665,5.4183322,116.2561088,S0671,5.4044747,116.2475115,1.811,0,-1.9,False,False,0,True
5,S0665,5.4183322,116.2561088,S0673,5.3940265,116.2424715,3.096,0,-15.6,False,False,0,True
5,S0665,5.4183322,116.2561088,S0674,5.4455835,116.2688726,3.343,0,10.0,True,True,0,True
5,S0665,5.4183322,116.2561088,S0675,5.4585487,116.2659994,4.604,0,6.1,True,True,0,True
5,S0665,5.4183322,116.2561088,S0676,5.4464732,116.267259,3.364,0,6.3,True,True,0,True
5,S0665,5.4183322,116.2561088,S0678,5.4582441,116.2733047,4.829,0,11.0,True,True,0,True
5,S0665,5.4183322,116.2561088,S0679,5.4190511,116.2334792,2.506,0,10.1,True,True,0,True
5,S0665,5.4183322,116.2561088,S0682,5.426731,116.2391342,2.098,0,9.0,True,True,0,True
5,S0665,5.4183322,116.2561088,S0684,5.455013,116.2639664,4.17,0,6.1,True,True,0,True
5,S0665,5.4183322,116.2561088,S0685,5.451431,116.2568816,3.681,0,5.7,True,True,0,True
5,S0665,5.4183322,116.2561088,S0686,5.4356626,116.2497626,2.051,0,1.8,True,False,0,True
5,S0665,5.4183322,116.2561088,S0687,5.4457484,116.2570889,3.05,0,10.0,True,True,0,True
5,S0665,5.4183322,116.2561088,S0688,5.4307567,116.2278076,3.424,0,7.6,True,False,0,True
5,S0665,5.4183322,116.2561088,S0689,5.4176834,116.227837,3.13,0,9.0,True,True,0,True
5,S0665,5.4183322,116.2561088,S1076,5.4127509,116.2331743,2.614,0,8.1,True,True,0,True
5,S0667,5.4797716,116.2752866,S0062,5.4587899,116.2736526,2.34,0,10.3,True,True,0,True
5,S0667,5.4797716,116.2752866,S0664,5.4542071,116.2578834,3.434,0,8.5,True,True,0,True
5,S0667,5.4797716,116.2752866,S0668,5.4489856,116.2702798,3.468,0,8.3,True,True,0,True
5,S0667,5.4797716,116.2752866,S0670,5.4728503,116.2654893,1.33,0,10.2,True,True,0,True
5,S0667,5.4797716,116.2752866,S0674,5.4455835,116.2688726,3.867,0,10.3,True,True,0,True
5,S0667,5.4797716,116.2752866,S0675,5.4585487,116.2659994,2.574,0,10.3,True,True,0,True
5,S0667,5.4797716,116.2752866,S0676,5.4464732,116.267259,3.808,0,9.2,True,True,0,True
5,S0667,5.4797716,116.2752866,S0677,5.4816186,116.2690947,0.715,0,-7.0,False,False,0,True
5,S0667,5.4797716,116.2752866,S0678,5.4582441,116.2733047,2.404,0,10.3,True,True,0,True
5,S0667,5.4797716,116.2752866,S0680,5.4623131,116.2811304,2.046,0,4.0,True,False,0,True
5,S0667,5.4797716,116.2752866,S0681,5.4719211,116.2803596,1.038,0,-3.8,False,False,0,True
5,S0667,5.4797716,116.2752866,S0683,5.4676301,116.2678351,1.582,0,10.1,True,True,0,True
5,S0667,5.4797716,116.2752866,S0684,5.455013,116.2639664,3.025,0,7.7,True,True,0,True
5,S0667,5.4797716,116.2752866,S0685,5.451431,116.2568816,3.753,0,7.2,True,True,0,True
5,S0667,5.4797716,116.2752866,S0687,5.4457484,116.2570889,4.286,0,10.3,True,True,0,True
5,S0668,5.4489856,116.2702798,S0062,5.4587899,116.2736526,1.152,0,9.1,True,True,0,True
5,S0668,5.4489856,116.2702798,S0664,5.4542071,116.2578834,1.49,0,1.5,True,False,0,True
5,S0668,5.4489856,116.2702798,S0665,5.4183322,116.2561088,3.752,0,10.0,True,True,0,True
5,S0668,5.4489856,116.2702798,S0667,5.4797716,116.2752866,3.468,0,9.6,True,True,0,True
5,S0668,5.4489856,116.2702798,S0670,5.4728503,116.2654893,2.706,0,6.1,True,True,0,True
5,S0668,5.4489856,116.2702798,S0674,5.4455835,116.2688726,0.409,0,10.0,True,True,0,True
5,S0668,5.4489856,116.2702798,S0675,5.4585487,116.2659994,1.164,0,10.0,True,True,0,True
5,S0668,5.4489856,116.2702798,S0676,5.4464732,116.267259,0.436,0,9.6,True,True,0,True
5,S0668,5.4489856,116.2702798,S0677,5.4816186,116.2690947,3.631,0,8.5,True,False,0,True
5,S0668,5.4489856,116.2702798,S0678,5.4582441,116.2733047,1.083,0,10.0,True,True,0,True
5,S0668,5.4489856,116.2702798,S0680,5.4623131,116.2811304,1.908,0,5.9,True,True,0,True
5,S0668,5.4489856,116.2702798,S0681,5.4719211,116.2803596,2.784,0,8.4,True,True,0,True
5,S0668,5.4489856,116.2702798,S0682,5.426731,116.2391342,4.244,0,-3.4,False,False,0,True
5,S0668,5.4489856,116.2702798,S0683,5.4676301,116.2678351,2.091,0,8.6,True,True,0,True
5,S0668,5.4489856,116.2702798,S0684,5.455013,116.2639664,0.968,0,8.4,True,True,0,True
5,S0668,5.4489856,116.2702798,S0685,5.451431,116.2568816,1.508,0,6.4,True,True,0,True
5,S0668,5.4489856,116.2702798,S0686,5.4356626,116.2497626,2.712,0,5.1,True,False,0,True
5,S0668,5.4489856,116.2702798,S0687,5.4457484,116.2570889,1.504,0,9.9,True,True,0,True
5,S0669,5.3997077,116.2381822,S0057,5.4228974,116.209765,4.068,0,-3.5,False,False,0,True
5,S0669,5.3997077,116.2381822,S0659,5.3797614,116.2340885,2.264,0,6.5,True,True,0,True
5,S0669,5.3997077,116.2381822,S0660,5.3629756,116.2129939,4.946,0,3.5,True,False,0,True
5,S0669,5.3997077,116.2381822,S0661,5.3621802,116.219394,4.663,0,6.5,True,True,0,True
5,S0669,5.3997077,116.2381822,S0663,5.3891572,116.240027,1.191,0,10.1,True,True,0,True
5,S0669,5.3997077,116.2381822,S0665,5.4183322,116.2561088,2.868,0,-2.9,False,False,0,True
5,S0669,5.3997077,116.2381822,S0671,5.4044747,116.2475115,1.161,0,8.0,True,True,0,True
5,S0669,5.3997077,116.2381822,S0673,5.3940265,116.2424715,0.79,0,12.3,True,True,0,True
5,S0669,5.3997077,116.2381822,S0679,5.4190511,116.2334792,2.213,0,12.0,True,True,0,True
5,S0669,5.3997077,116.2381822,S0682,5.426731,116.2391342,3.007,0,8.5,True,True,0,True
5,S0669,5.3997077,116.2381822,S0686,5.4356626,116.2497626,4.199,0,5.7,True,True,0,True
5,S0669,5.3997077,116.2381822,S0688,5.4307567,116.2278076,3.638,0,7.5,True,False,0,True
5,S0669,5.3997077,116.2381822,S0689,5.4176834,116.227837,2.304,0,9.7,True,True,0,True
5,S0669,5.3997077,116.2381822,S1076,5.4127509,116.2331743,1.553,0,10.0,True,True,0,True
5,S0670,5.4728503,116.2654893,S0062,5.4587899,116.2736526,1.806,0,10.1,True,True,0,True
5,S0670,5.4728503,116.2654893,S0664,5.4542071,116.2578834,2.237,0,1.5,True,False,0,True
5,S0670,5.4728503,116.2654893,S0667,5.4797716,116.2752866,1.33,0,8.2,True,True,0,True
5,S0670,5.4728503,116.2654893,S0668,5.4489856,116.2702798,2.706,0,6.5,True,True,0,True
5,S0670,5.4728503,116.2654893,S0674,5.4455835,116.2688726,3.055,0,10.2,True,True,0,True
5,S0670,5.4728503,116.2654893,S0675,5.4585487,116.2659994,1.591,0,10.1,True,True,0,True
5,S0670,5.4728503,116.2654893,S0676,5.4464732,116.267259,2.94,0,8.9,True,True,0,True
5,S0670,5.4728503,116.2654893,S0677,5.4816186,116.2690947,1.054,0,7.5,True,True,0,True
5,S0670,5.4728503,116.2654893,S0678,5.4582441,116.2733047,1.84,0,9.7,True,True,0,True
5,S0670,5.4728503,116.2654893,S0680,5.4623131,116.2811304,2.091,0,10.1,True,True,0,True
5,S0670,5.4728503,116.2654893,S0681,5.4719211,116.2803596,1.649,0,7.5,True,True,0,True
5,S0670,5.4728503,116.2654893,S0683,5.4676301,116.2678351,0.636,0,8.1,True,True,0,True
5,S0670,5.4728503,116.2654893,S0684,5.455013,116.2639664,1.991,0,2.6,True,False,0,True
5,S0670,5.4728503,116.2654893,S0685,5.451431,116.2568816,2.565,0,1.9,True,False,0,True
5,S0670,5.4728503,116.2654893,S0686,5.4356626,116.2497626,4.487,0,4.9,True,False,0,True
5,S0670,5.4728503,116.2654893,S0687,5.4457484,116.2570889,3.154,0,3.4,True,False,0,True
5,S0671,5.4044747,116.2475115,S0057,5.4228974,116.209765,4.654,0,5.9,True,False,0,True
5,S0671,5.4044747,116.2475115,S0659,5.3797614,116.2340885,3.124,0,-0.5,False,False,0,True
5,S0671,5.4044747,116.2475115,S0663,5.3891572,116.240027,1.894,0,0.2,True,False,0,True
5,S0671,5.4044747,116.2475115,S0665,5.4183322,116.2561088,1.811,0,-15.0,False,False,0,True
5,S0671,5.4044747,116.2475115,S0669,5.3997077,116.2381822,1.161,0,11.1,True,True,0,True
5,S0671,5.4044747,116.2475115,S0673,5.3940265,116.2424715,1.289,0,-0.5,False,False,0,True
5,S0671,5.4044747,116.2475115,S0679,5.4190511,116.2334792,2.245,0,12.0,True,True,0,True
5,S0671,5.4044747,116.2475115,S0682,5.426731,116.2391342,2.643,0,9.8,True,True,0,True
5,S0671,5.4044747,116.2475115,S0686,5.4356626,116.2497626,3.477,0,3.3,True,False,0,True
5,S0671,5.4044747,116.2475115,S0687,5.4457484,116.2570889,4.71,0,4.6,True,False,0,True
5,S0671,5.4044747,116.2475115,S0688,5.4307567,116.2278076,3.647,0,8.7,True,True,0,True
5,S0671,5.4044747,116.2475115,S0689,5.4176834,116.227837,2.627,0,9.9,True,True,0,True
5,S0671,5.4044747,116.2475115,S1076,5.4127509,116.2331743,1.835,0,11.1,True,True,0,True
5,S0673,5.3940265,116.2424715,S0057,5.4228974,116.209765,4.839,0,1.0,True,False,0,True
5,S0673,5.3940265,116.2424715,S0659,5.3797614,116.2340885,1.838,0,4.3,True,True,0,True
5,S0673,5.3940265,116.2424715,S0660,5.3629756,116.2129939,4.751,0,4.8,True,True,0,True
5,S0673,5.3940265,116.2424715,S0661,5.3621802,116.219394,4.367,0,6.8,True,True,0,True
5,S0673,5.3940265,116.2424715,S0663,5.3891572,116.240027,0.605,0,10.1,True,True,0,True
5,S0673,5.3940265,116.2424715,S0665,5.4183322,116.2561088,3.096,0,-16.3,False,False,0,True
5,S0673,5.3940265,116.2424715,S0669,5.3997077,116.2381822,0.79,0,11.1,True,True,0,True
5,S0673,5.3940265,116.2424715,S0671,5.4044747,116.2475115,1.289,0,-9.7,False,False,0,True
5,S0673,5.3940265,116.2424715,S0679,5.4190511,116.2334792,2.955,0,12.0,True,True,0,True
5,S0673,5.3940265,116.2424715,S0682,5.426731,116.2391342,3.655,0,8.7,True,True,0,True
5,S0673,5.3940265,116.2424715,S0686,5.4356626,116.2497626,4.7,0,4.7,True,True,0,True
5,S0673,5.3940265,116.2424715,S0688,5.4307567,116.2278076,4.395,0,8.7,True,True,0,True
5,S0673,5.3940265,116.2424715,S0689,5.4176834,116.227837,3.089,0,9.9,True,True,0,True
5,S0673,5.3940265,116.2424715,S1076,5.4127509,116.2331743,2.323,0,11.1,True,True,0,True
5,S0674,5.4455835,116.2688726,S0062,5.4587899,116.2736526,1.561,0,9.1,True,True,0,True
5,S0674,5.4455835,116.2688726,S0664,5.4542071,116.2578834,1.549,0,6.4,True,True,0,True
5,S0674,5.4455835,116.2688726,S0665,5.4183322,116.2561088,3.343,0,10.1,True,True,0,True
5,S0674,5.4455835,116.2688726,S0667,5.4797716,116.2752866,3.867,0,9.8,True,True,0,True
5,S0674,5.4455835,116.2688726,S0668,5.4489856,116.2702798,0.409,0,9.7,True,True,0,True
5,S0674,5.4455835,116.2688726,S0670,5.4728503,116.2654893,3.055,0,6.4,True,True,0,True
5,S0674,5.4455835,116.2688726,S0675,5.4585487,116.2659994,1.476,0,10.0,True,True,0,True
5,S0674,5.4455835,116.2688726,S0676,5.4464732,116.267259,0.204,0,10.1,True,True,0,True
5,S0674,5.4455835,116.2688726,S0677,5.4816186,116.2690947,4.007,0,8.7,True,False,0,True
5,S0674,5.4455835,116.2688726,S0678,5.4582441,116.2733047,1.491,0,10.0,True,True,0,True
5,S0674,5.4455835,116.2688726,S0679,5.4190511,116.2334792,4.904,0,1.0,True,False,0,True
5,S0674,5.4455835,116.2688726,S0680,5.4623131,116.2811304,2.303,0,5.3,True,False,0,True
5,S0674,5.4455835,116.2688726,S0681,5.4719211,116.2803596,3.193,0,8.5,True,True,0,True
5,S0674,5.4455835,116.2688726,S0682,5.426731,116.2391342,3.903,0,4.5,True,False,0,True
5,S0674,5.4455835,116.2688726,S0683,5.4676301,116.2678351,2.454,0,8.9,True,True,0,True
5,S0674,5.4455835,116.2688726,S0684,5.455013,116.2639664,1.181,0,7.5,True,True,0,True
5,S0674,5.4455835,116.2688726,S0685,5.451431,116.2568816,1.478,0,5.7,True,False,0,True
5,S0674,5.4455835,116.2688726,S0686,5.4356626,116.2497626,2.386,0,6.3,True,False,0,True
5,S0674,5.4455835,116.2688726,S0687,5.4457484,116.2570889,1.305,0,10.0,True,True,0,True
5,S0674,5.4455835,116.2688726,S0688,5.4307567,116.2278076,4.835,0,0.8,True,False,0,True
5,S0675,5.4585487,116.2659994,S0062,5.4587899,116.2736526,0.848,0,10.1,True,True,0,True
5,S0675,5.4585487,116.2659994,S0664,5.4542071,116.2578834,1.02,0,7.4,True,True,0,True
5,S0675,5.4585487,116.2659994,S0665,5.4183322,116.2561088,4.604,0,10.1,True,True,0,True
5,S0675,5.4585487,116.2659994,S0667,5.4797716,116.2752866,2.574,0,9.5,True,True,0,True
5,S0675,5.4585487,116.2659994,S0668,5.4489856,116.2702798,1.164,0,7.2,True,True,0,True
5,S0675,5.4585487,116.2659994,S0670,5.4728503,116.2654893,1.591,0,6.5,True,True,0,True
5,S0675,5.4585487,116.2659994,S0674,5.4455835,116.2688726,1.476,0,10.1,True,True,0,True
5,S0675,5.4585487,116.2659994,S0676,5.4464732,116.267259,1.35,0,8.9,True,True,0,True
5,S0675,5.4585487,116.2659994,S0677,5.4816186,116.2690947,2.588,0,3.8,True,False,0,True
5,S0675,5.4585487,116.2659994,S0678,5.4582441,116.2733047,0.809,0,9.4,True,True,0,True
5,S0675,5.4585487,116.2659994,S0680,5.4623131,116.2811304,1.726,0,10.0,True,True,0,True
5,S0675,5.4585487,116.2659994,S0681,5.4719211,116.2803596,2.177,0,8.7,True,True,0,True
5,S0675,5.4585487,116.2659994,S0682,5.426731,116.2391342,4.622,0,4.9,True,False,0,True
5,S0675,5.4585487,116.2659994,S0683,5.4676301,116.2678351,1.03,0,9.1,True,True,0,True
5,S0675,5.4585487,116.2659994,S0684,5.455013,116.2639664,0.453,0,8.4,True,True,0,True
5,S0675,5.4585487,116.2659994,S0685,5.451431,116.2568816,1.283,0,3.6,True,False,0,True
5,S0675,5.4585487,116.2659994,S0686,5.4356626,116.2497626,3.116,0,8.6,True,False,0,True
5,S0675,5.4585487,116.2659994,S0687,5.4457484,116.2570889,1.732,0,7.7,True,True,0,True
5,S0676,5.4464732,116.267259,S0062,5.4587899,116.2736526,1.542,0,9.1,True,True,0,True
5,S0676,5.4464732,116.267259,S0664,5.4542071,116.2578834,1.348,0,5.5,True,False,0,True
5,S0676,5.4464732,116.267259,S0665,5.4183322,116.2561088,3.364,0,10.1,True,True,0,True
5,S0676,5.4464732,116.267259,S0667,5.4797716,116.2752866,3.808,0,9.8,True,True,0,True
5,S0676,5.4464732,116.267259,S0668,5.4489856,116.2702798,0.436,0,8.2,True,True,0,True
5,S0676,5.4464732,116.267259,S0670,5.4728503,116.2654893,2.94,0,6.2,True,True,0,True
5,S0676,5.4464732,116.267259,S0674,5.4455835,116.2688726,0.204,0,10.0,True,True,0,True
5,S0676,5.4464732,116.267259,S0675,5.4585487,116.2659994,1.35,0,10.0,True,True,0,True
5,S0676,5.4464732,116.267259,S0677,5.4816186,116.2690947,3.913,0,6.7,True,False,0,True
5,S0676,5.4464732,116.267259,S0678,5.4582441,116.2733047,1.47,0,10.0,True,True,0,True
5,S0676,5.4464732,116.267259,S0679,5.4190511,116.2334792,4.825,0,-3.8,False,False,0,True
5,S0676,5.4464732,116.267259,S0680,5.4623131,116.2811304,2.337,0,8.0,True,True,0,True
5,S0676,5.4464732,116.267259,S0681,5.4719211,116.2803596,3.18,0,8.5,True,True,0,True
5,S0676,5.4464732,116.267259,S0682,5.426731,116.2391342,3.809,0,-0.2,False,False,0,True
5,S0676,5.4464732,116.267259,S0683,5.4676301,116.2678351,2.353,0,8.7,True,True,0,True
5,S0676,5.4464732,116.267259,S0684,5.455013,116.2639664,1.017,0,6.7,True,True,0,True
5,S0676,5.4464732,116.267259,S0685,5.451431,116.2568816,1.274,0,4.3,True,False,0,True
5,S0676,5.4464732,116.267259,S0686,5.4356626,116.2497626,2.279,0,5.6,True,False,0,True
5,S0676,5.4464732,116.267259,S0687,5.4457484,116.2570889,1.129,0,10.0,True,True,0,True
5,S0676,5.4464732,116.267259,S0688,5.4307567,116.2278076,4.704,0,-3.3,False,False,0,True
5,S0677,5.4816186,116.2690947,S0062,5.4587899,116.2736526,2.588,0,10.1,True,True,0,True
5,S0677,5.4816186,116.2690947,S0664,5.4542071,116.2578834,3.291,0,-8.6,False,False,0,True
5,S0677,5.4816186,116.2690947,S0667,5.4797716,116.2752866,0.715,0,6.3,True,True,0,True
5,S0677,5.4816186,116.2690947,S0668,5.4489856,116.2702798,3.631,0,6.1,True,True,0,True
5,S0677,5.4816186,116.2690947,S0670,5.4728503,116.2654893,1.054,0,5.9,True,True,0,True
5,S0677,5.4816186,116.2690947,S0674,5.4455835,116.2688726,4.007,0,10.1,True,True,0,True
5,S0677,5.4816186,116.2690947,S0675,5.4585487,116.2659994,2.588,0,2.0,True,False,0,True
5,S0677,5.4816186,116.2690947,S0676,5.4464732,116.267259,3.913,0,8.6,True,True,0,True
5,S0677,5.4816186,116.2690947,S0678,5.4582441,116.2733047,2.641,0,10.1,True,True,0,True
5,S0677,5.4816186,116.2690947,S0680,5.4623131,116.2811304,2.526,0,13.2,True,True,0,True
5,S0677,5.4816186,116.2690947,S0681,5.4719211,116.2803596,1.648,0,-28.8,False,False,0,True
5,S0677,5.4816186,116.2690947,S0683,5.4676301,116.2678351,1.562,0,8.6,True,True,0,True
5,S0677,5.4816186,116.2690947,S0684,5.455013,116.2639664,3.012,0,-2.9,False,False,0,True
5,S0677,5.4816186,116.2690947,S0685,5.451431,116.2568816,3.619,0,-8.8,False,False,0,True
5,S0677,5.4816186,116.2690947,S0687,5.4457484,116.2570889,4.204,0,-6.3,False,False,0,True
5,S0678,5.4582441,116.2733047,S0062,5.4587899,116.2736526,0.072,0,10.1,True,True,0,True
5,S0678,5.4582441,116.2733047,S0664,5.4542071,116.2578834,1.765,0,5.1,True,False,0,True
5,S0678,5.4582441,116.2733047,S0665,5.4183322,116.2561088,4.829,0,10.1,True,True,0,True
5,S0678,5.4582441,116.2733047,S0667,5.4797716,116.2752866,2.404,0,9.5,True,True,0,True
5,S0678,5.4582441,116.2733047,S0668,5.4489856,116.2702798,1.083,0,7.9,True,True,0,True
5,S0678,5.4582441,116.2733047,S0670,5.4728503,116.2654893,1.84,0,4.4,True,False,0,True
5,S0678,5.4582441,116.2733047,S0674,5.4455835,116.2688726,1.491,0,9.9,True,True,0,True
5,S0678,5.4582441,116.2733047,S0675,5.4585487,116.2659994,0.809,0,10.0,True,True,0,True
5,S0678,5.4582441,116.2733047,S0676,5.4464732,116.267259,1.47,0,8.6,True,True,0,True
5,S0678,5.4582441,116.2733047,S0677,5.4816186,116.2690947,2.641,0,8.8,True,True,0,True
5,S0678,5.4582441,116.2733047,S0680,5.4623131,116.2811304,0.977,0,10.0,True,True,0,True
5,S0678,5.4582441,116.2733047,S0681,5.4719211,116.2803596,1.71,0,8.2,True,True,0,True
5,S0678,5.4582441,116.2733047,S0683,5.4676301,116.2678351,1.207,0,9.9,True,True,0,True
5,S0678,5.4582441,116.2733047,S0684,5.455013,116.2639664,1.094,0,9.7,True,True,0,True
5,S0678,5.4582441,116.2733047,S0685,5.451431,116.2568816,1.969,0,1.8,True,False,0,True
5,S0678,5.4582441,116.2733047,S0686,5.4356626,116.2497626,3.619,0,5.8,True,False,0,True
5,S0678,5.4582441,116.2733047,S0687,5.4457484,116.2570889,2.27,0,6.1,True,False,0,True
5,S0679,5.4190511,116.2334792,S0057,5.4228974,116.209765,2.66,0,6.6,True,False,0,True
5,S0679,5.4190511,116.2334792,S0659,5.3797614,116.2340885,4.369,0,8.2,True,True,0,True
5,S0679,5.4190511,116.2334792,S0663,5.3891572,116.240027,3.402,0,10.1,True,True,0,True
5,S0679,5.4190511,116.2334792,S0664,5.4542071,116.2578834,4.752,0,-2.1,False,False,0,True
5,S0679,5.4190511,116.2334792,S0665,5.4183322,116.2561088,2.506,0,10.1,True,True,0,True
5,S0679,5.4190511,116.2334792,S0669,5.3997077,116.2381822,2.213,0,9.3,True,True,0,True
5,S0679,5.4190511,116.2334792,S0671,5.4044747,116.2475115,2.245,0,10.1,True,True,0,True
5,S0679,5.4190511,116.2334792,S0673,5.3940265,116.2424715,2.955,0,13.1,True,True,0,True
5,S0679,5.4190511,116.2334792,S0674,5.4455835,116.2688726,4.904,0,-2.7,False,False,0,True
5,S0679,5.4190511,116.2334792,S0676,5.4464732,116.267259,4.825,0,-5.2,False,False,0,True
5,S0679,5.4190511,116.2334792,S0682,5.426731,116.2391342,1.059,0,9.9,True,True,0,True
5,S0679,5.4190511,116.2334792,S0685,5.451431,116.2568816,4.436,0,-0.1,False,False,0,True
5,S0679,5.4190511,116.2334792,S0686,5.4356626,116.2497626,2.581,0,7.6,True,True,0,True
5,S0679,5.4190511,116.2334792,S0687,5.4457484,116.2570889,3.955,0,3.4,True,False,0,True
5,S0679,5.4190511,116.2334792,S0688,5.4307567,116.2278076,1.445,0,8.9,True,True,0,True
5,S0679,5.4190511,116.2334792,S0689,5.4176834,116.227837,0.643,0,9.1,True,True,0,True
5,S0679,5.4190511,116.2334792,S0769,5.4328911,116.1968184,4.34,0,2.8,True,False,0,True
5,S0679,5.4190511,116.2334792,S1076,5.4127509,116.2331743,0.701,0,7.8,True,True,0,True
5,S0680,5.4623131,116.2811304,S0062,5.4587899,116.2736526,0.916,0,8.5,True,True,0,True
5,S0680,5.4623131,116.2811304,S0664,5.4542071,116.2578834,2.727,0,6.3,True,False,0,True
5,S0680,5.4623131,116.2811304,S0667,5.4797716,116.2752866,2.046,0,-7.2,False,False,0,True
5,S0680,5.4623131,116.2811304,S0668,5.4489856,116.2702798,1.908,0,8.8,True,True,0,True
5,S0680,5.4623131,116.2811304,S0670,5.4728503,116.2654893,2.091,0,5.0,True,True,0,True
5,S0680,5.4623131,116.2811304,S0674,5.4455835,116.2688726,2.303,0,9.9,True,True,0,True
5,S0680,5.4623131,116.2811304,S0675,5.4585487,116.2659994,1.726,0,10.1,True,True,0,True
5,S0680,5.4623131,116.2811304,S0676,5.4464732,116.267259,2.337,0,8.6,True,True,0,True
5,S0680,5.4623131,116.2811304,S0677,5.4816186,116.2690947,2.526,0,3.2,True,False,0,True
5,S0680,5.4623131,116.2811304,S0678,5.4582441,116.2733047,0.977,0,10.1,True,True,0,True
5,S0680,5.4623131,116.2811304,S0681,5.4719211,116.2803596,1.072,0,8.3,True,True,0,True
5,S0680,5.4623131,116.2811304,S0683,5.4676301,116.2678351,1.586,0,10.0,True,True,0,True
5,S0680,5.4623131,116.2811304,S0684,5.455013,116.2639664,2.066,0,9.6,True,True,0,True
5,S0680,5.4623131,116.2811304,S0685,5.451431,116.2568816,2.944,0,3.1,True,False,0,True
5,S0680,5.4623131,116.2811304,S0686,5.4356626,116.2497626,4.565,0,6.6,True,False,0,True
5,S0680,5.4623131,116.2811304,S0687,5.4457484,116.2570889,3.236,0,6.8,True,False,0,True
5,S0681,5.4719211,116.2803596,S0062,5.4587899,116.2736526,1.638,0,9.2,True,True,0,True
5,S0681,5.4719211,116.2803596,S0664,5.4542071,116.2578834,3.173,0,8.3,True,True,0,True
5,S0681,5.4719211,116.2803596,S0667,5.4797716,116.2752866,1.038,0,-13.1,False,False,0,True
5,S0681,5.4719211,116.2803596,S0668,5.4489856,116.2702798,2.784,0,9.0,True,True,0,True
5,S0681,5.4719211,116.2803596,S0670,5.4728503,116.2654893,1.649,0,10.1,True,True,0,True
5,S0681,5.4719211,116.2803596,S0674,5.4455835,116.2688726,3.193,0,10.2,True,True,0,True
5,S0681,5.4719211,116.2803596,S0675,5.4585487,116.2659994,2.177,0,10.2,True,True,0,True
5,S0681,5.4719211,116.2803596,S0676,5.4464732,116.267259,3.18,0,9.0,True,True,0,True
5,S0681,5.4719211,116.2803596,S0677,5.4816186,116.2690947,1.648,0,-26.7,False,False,0,True
5,S0681,5.4719211,116.2803596,S0678,5.4582441,116.2733047,1.71,0,10.2,True,True,0,True
5,S0681,5.4719211,116.2803596,S0680,5.4623131,116.2811304,1.072,0,10.2,True,True,0,True
5,S0681,5.4719211,116.2803596,S0683,5.4676301,116.2678351,1.466,0,10.1,True,True,0,True
5,S0681,5.4719211,116.2803596,S0684,5.455013,116.2639664,2.613,0,8.6,True,True,0,True
5,S0681,5.4719211,116.2803596,S0685,5.451431,116.2568816,3.456,0,6.9,True,True,0,True
5,S0681,5.4719211,116.2803596,S0687,5.4457484,116.2570889,3.886,0,10.2,True,True,0,True
5,S0682,5.426731,116.2391342,S0057,5.4228974,116.209765,3.279,0,8.2,True,False,0,True
5,S0682,5.426731,116.2391342,S0663,5.3891572,116.240027,4.179,0,10.2,True,True,0,True
5,S0682,5.426731,116.2391342,S0664,5.4542071,116.2578834,3.693,0,3.0,True,False,0,True
5,S0682,5.426731,116.2391342,S0665,5.4183322,116.2561088,2.098,0,10.1,True,True,0,True
5,S0682,5.426731,116.2391342,S0668,5.4489856,116.2702798,4.244,0,1.9,True,False,0,True
5,S0682,5.426731,116.2391342,S0669,5.3997077,116.2381822,3.007,0,7.8,True,True,0,True
5,S0682,5.426731,116.2391342,S0671,5.4044747,116.2475115,2.643,0,10.1,True,True,0,True
5,S0682,5.426731,116.2391342,S0673,5.3940265,116.2424715,3.655,0,13.1,True,True,0,True
5,S0682,5.426731,116.2391342,S0674,5.4455835,116.2688726,3.903,0,7.2,True,False,0,True
5,S0682,5.426731,116.2391342,S0675,5.4585487,116.2659994,4.622,0,-0.4,False,False,0,True
5,S0682,5.426731,116.2391342,S0676,5.4464732,116.267259,3.809,0,1.7,True,False,0,True
5,S0682,5.426731,116.2391342,S0679,5.4190511,116.2334792,1.059,0,8.4,True,True,0,True
5,S0682,5.426731,116.2391342,S0684,5.455013,116.2639664,4.177,0,1.0,True,False,0,True
5,S0682,5.426731,116.2391342,S0685,5.451431,116.2568816,3.377,0,4.0,True,False,0,True
5,S0682,5.426731,116.2391342,S0686,5.4356626,116.2497626,1.54,0,10.1,True,True,0,True
5,S0682,5.426731,116.2391342,S0687,5.4457484,116.2570889,2.902,0,7.8,True,True,0,True
5,S0682,5.426731,116.2391342,S0688,5.4307567,116.2278076,1.331,0,9.3,True,True,0,True
5,S0682,5.426731,116.2391342,S0689,5.4176834,116.227837,1.605,0,9.2,True,True,0,True
5,S0682,5.426731,116.2391342,S0735,5.4612709,116.2149548,4.681,0,-11.7,False,False,0,True
5,S0682,5.426731,116.2391342,S0769,5.4328911,116.1968184,4.734,0,5.5,True,False,0,True
5,S0682,5.426731,116.2391342,S1076,5.4127509,116.2331743,1.689,0,8.7,True,True,0,True
5,S0683,5.4676301,116.2678351,S0062,5.4587899,116.2736526,1.175,0,10.1,True,True,0,True
5,S0683,5.4676301,116.2678351,S0664,5.4542071,116.2578834,1.855,0,8.2,True,True,0,True
5,S0683,5.4676301,116.2678351,S0667,5.4797716,116.2752866,1.582,0,6.6,True,True,0,True
5,S0683,5.4676301,116.2678351,S0668,5.4489856,116.2702798,2.091,0,6.8,True,True,0,True
5,S0683,5.4676301,116.2678351,S0670,5.4728503,116.2654893,0.636,0,5.9,True,True,0,True
5,S0683,5.4676301,116.2678351,S0674,5.4455835,116.2688726,2.454,0,10.1,True,True,0,True
5,S0683,5.4676301,116.2678351,S0675,5.4585487,116.2659994,1.03,0,10.1,True,True,0,True
5,S0683,5.4676301,116.2678351,S0676,5.4464732,116.267259,2.353,0,8.9,True,True,0,True
5,S0683,5.4676301,116.2678351,S0677,5.4816186,116.2690947,1.562,0,9.0,True,True,0,True
5,S0683,5.4676301,116.2678351,S0678,5.4582441,116.2733047,1.207,0,9.9,True,True,0,True
5,S0683,5.4676301,116.2678351,S0680,5.4623131,116.2811304,1.586,0,10.1,True,True,0,True
5,S0683,5.4676301,116.2678351,S0681,5.4719211,116.2803596,1.466,0,9.9,True,True,0,True
5,S0683,5.4676301,116.2678351,S0684,5.455013,116.2639664,1.467,0,4.7,True,False,0,True
5,S0683,5.4676301,116.2678351,S0685,5.451431,116.2568816,2.171,0,6.1,True,True,0,True
5,S0683,5.4676301,116.2678351,S0686,5.4356626,116.2497626,4.079,0,9.5,True,True,0,True
5,S0683,5.4676301,116.2678351,S0687,5.4457484,116.2570889,2.708,0,6.5,True,False,0,True
5,S0684,5.455013,116.2639664,S0062,5.4587899,116.2736526,1.151,0,9.3,True,True,0,True
5,S0684,5.455013,116.2639664,S0664,5.4542071,116.2578834,0.679,0,8.5,True,True,0,True
5,S0684,5.455013,116.2639664,S0665,5.4183322,116.2561088,4.17,0,10.1,True,True,0,True
5,S0684,5.455013,116.2639664,S0667,5.4797716,116.2752866,3.025,0,9.7,True,True,0,True
5,S0684,5.455013,116.2639664,S0668,5.4489856,116.2702798,0.968,0,7.8,True,True,0,True
5,S0684,5.455013,116.2639664,S0670,5.4728503,116.2654893,1.991,0,6.1,True,False,0,True
5,S0684,5.455013,116.2639664,S0674,5.4455835,116.2688726,1.181,0,10.1,True,True,0,True
5,S0684,5.455013,116.2639664,S0675,5.4585487,116.2659994,0.453,0,7.4,True,True,0,True
5,S0684,5.455013,116.2639664,S0676,5.4464732,116.267259,1.017,0,9.3,True,True,0,True
5,S0684,5.455013,116.2639664,S0677,5.4816186,116.2690947,3.012,0,6.4,True,False,0,True
5,S0684,5.455013,116.2639664,S0678,5.4582441,116.2733047,1.094,0,9.3,True,True,0,True
5,S0684,5.455013,116.2639664,S0680,5.4623131,116.2811304,2.066,0,10.0,True,True,0,True
5,S0684,5.455013,116.2639664,S0681,5.4719211,116.2803596,2.613,0,8.7,True,True,0,True
5,S0684,5.455013,116.2639664,S0682,5.426731,116.2391342,4.177,0,5.8,True,False,0,True
5,S0684,5.455013,116.2639664,S0683,5.4676301,116.2678351,1.467,0,9.0,True,True,0,True
5,S0684,5.455013,116.2639664,S0685,5.451431,116.2568816,0.88,0,3.9,True,False,0,True
5,S0684,5.455013,116.2639664,S0686,5.4356626,116.2497626,2.665,0,7.8,True,False,0,True
5,S0684,5.455013,116.2639664,S0687,5.4457484,116.2570889,1.281,0,8.5,True,True,0,True
5,S0684,5.455013,116.2639664,S0688,5.4307567,116.2278076,4.827,0,-12.3,False,False,0,True
5,S0685,5.451431,116.2568816,S0062,5.4587899,116.2736526,2.029,0,9.2,True,True,0,True
5,S0685,5.451431,116.2568816,S0664,5.4542071,116.2578834,0.328,0,10.0,True,True,0,True
5,S0685,5.451431,116.2568816,S0665,5.4183322,116.2561088,3.681,0,10.1,True,True,0,True
5,S0685,5.451431,116.2568816,S0667,5.4797716,116.2752866,3.753,0,9.7,True,True,0,True
5,S0685,5.451431,116.2568816,S0668,5.4489856,116.2702798,1.508,0,7.5,True,True,0,True
5,S0685,5.451431,116.2568816,S0670,5.4728503,116.2654893,2.565,0,-9.0,False,False,0,True
5,S0685,5.451431,116.2568816,S0674,5.4455835,116.2688726,1.478,0,10.1,True,True,0,True
5,S0685,5.451431,116.2568816,S0675,5.4585487,116.2659994,1.283,0,3.0,True,False,0,True
5,S0685,5.451431,116.2568816,S0676,5.4464732,116.267259,1.274,0,9.8,True,True,0,True
5,S0685,5.451431,116.2568816,S0677,5.4816186,116.2690947,3.619,0,-10.7,False,False,0,True
5,S0685,5.451431,116.2568816,S0678,5.4582441,116.2733047,1.969,0,10.1,True,True,0,True
5,S0685,5.451431,116.2568816,S0679,5.4190511,116.2334792,4.436,0,-2.7,False,False,0,True
5,S0685,5.451431,116.2568816,S0680,5.4623131,116.2811304,2.944,0,10.1,True,True,0,True
5,S0685,5.451431,116.2568816,S0681,5.4719211,116.2803596,3.456,0,8.9,True,True,0,True
5,S0685,5.451431,116.2568816,S0682,5.426731,116.2391342,3.377,0,7.3,True,True,0,True
5,S0685,5.451431,116.2568816,S0683,5.4676301,116.2678351,2.171,0,9.3,True,True,0,True
5,S0685,5.451431,116.2568816,S0684,5.455013,116.2639664,0.88,0,5.3,True,False,0,True
5,S0685,5.451431,116.2568816,S0686,5.4356626,116.2497626,1.922,0,9.9,True,True,0,True
5,S0685,5.451431,116.2568816,S0687,5.4457484,116.2570889,0.632,0,9.7,True,True,0,True
5,S0685,5.451431,116.2568816,S0688,5.4307567,116.2278076,3.955,0,-1.5,False,False,0,True
5,S0685,5.451431,116.2568816,S0689,5.4176834,116.227837,4.942,0,8.0,True,False,0,True
5,S0685,5.451431,116.2568816,S0735,5.4612709,116.2149548,4.768,0,-54.1,False,False,0,True
5,S0686,5.4356626,116.2497626,S0057,5.4228974,116.209765,4.65,1,4.2,True,False,0,True
5,S0686,5.4356626,116.2497626,S0062,5.4587899,116.2736526,3.689,1,8.7,True,True,0,True
5,S0686,5.4356626,116.2497626,S0664,5.4542071,116.2578834,2.249,1,7.9,True,True,0,True
5,S0686,5.4356626,116.2497626,S0665,5.4183322,116.2561088,2.051,1,10.1,True,True,0,True
5,S0686,5.4356626,116.2497626,S0668,5.4489856,116.2702798,2.712,1,6.0,True,True,0,True
5,S0686,5.4356626,116.2497626,S0669,5.3997077,116.2381822,4.199,1,10.3,True,True,0,True
5,S0686,5.4356626,116.2497626,S0670,5.4728503,116.2654893,4.487,1,-9.9,False,False,0,True
5,S0686,5.4356626,116.2497626,S0671,5.4044747,116.2475115,3.477,1,10.1,True,True,0,True
5,S0686,5.4356626,116.2497626,S0673,5.3940265,116.2424715,4.7,1,13.2,True,True,0,True
5,S0686,5.4356626,116.2497626,S0674,5.4455835,116.2688726,2.386,1,10.1,True,True,0,True
5,S0686,5.4356626,116.2497626,S0675,5.4585487,116.2659994,3.116,1,4.8,True,False,0,True
5,S0686,5.4356626,116.2497626,S0676,5.4464732,116.267259,2.279,1,10.0,True,True,0,True
5,S0686,5.4356626,116.2497626,S0678,5.4582441,116.2733047,3.619,1,11.1,True,True,0,True
5,S0686,5.4356626,116.2497626,S0679,5.4190511,116.2334792,2.581,1,7.1,True,False,0,True
5,S0686,5.4356626,116.2497626,S0680,5.4623131,116.2811304,4.565,1,10.1,True,True,0,True
5,S0686,5.4356626,116.2497626,S0682,5.426731,116.2391342,1.54,1,7.9,True,True,0,True
5,S0686,5.4356626,116.2497626,S0683,5.4676301,116.2678351,4.079,1,7.0,True,False,0,True
5,S0686,5.4356626,116.2497626,S0684,5.455013,116.2639664,2.665,1,0.9,True,False,0,True
5,S0686,5.4356626,116.2497626,S0685,5.451431,116.2568816,1.922,1,6.9,True,True,0,True
5,S0686,5.4356626,116.2497626,S0687,5.4457484,116.2570889,1.384,1,9.1,True,True,0,True
5,S0686,5.4356626,116.2497626,S0688,5.4307567,116.2278076,2.491,1,10.1,True,True,0,True
5,S0686,5.4356626,116.2497626,S0689,5.4176834,116.227837,3.144,1,9.2,True,True,0,True
5,S0686,5.4356626,116.2497626,S0735,5.4612709,116.2149548,4.791,1,-42.6,False,False,0,True
5,S0686,5.4356626,116.2497626,S1076,5.4127509,116.2331743,3.14,1,8.4,True,False,0,True
5,S0687,5.4457484,116.2570889,S0062,5.4587899,116.2736526,2.338,0,8.9,True,True,0,True
5,S0687,5.4457484,116.2570889,S0664,5.4542071,116.2578834,0.945,0,10.0,True,True,0,True
5,S0687,5.4457484,116.2570889,S0665,5.4183322,116.2561088,3.05,0,10.1,True,True,0,True
5,S0687,5.4457484,116.2570889,S0667,5.4797716,116.2752866,4.286,0,9.9,True,True,0,True
5,S0687,5.4457484,116.2570889,S0668,5.4489856,116.2702798,1.504,0,6.4,True,True,0,True
5,S0687,5.4457484,116.2570889,S0670,5.4728503,116.2654893,3.154,0,-8.9,False,False,0,True
5,S0687,5.4457484,116.2570889,S0671,5.4044747,116.2475115,4.71,0,8.7,True,True,0,True
5,S0687,5.4457484,116.2570889,S0674,5.4455835,116.2688726,1.305,0,10.1,True,True,0,True
5,S0687,5.4457484,116.2570889,S0675,5.4585487,116.2659994,1.732,0,5.4,True,True,0,True
5,S0687,5.4457484,116.2570889,S0676,5.4464732,116.267259,1.129,0,9.9,True,True,0,True
5,S0687,5.4457484,116.2570889,S0677,5.4816186,116.2690947,4.204,0,-9.8,False,False,0,True
5,S0687,5.4457484,116.2570889,S0678,5.4582441,116.2733047,2.27,0,10.1,True,True,0,True
5,S0687,5.4457484,116.2570889,S0679,5.4190511,116.2334792,3.955,0,-0.1,False,False,0,True
5,S0687,5.4457484,116.2570889,S0680,5.4623131,116.2811304,3.236,0,10.1,True,True,0,True
5,S0687,5.4457484,116.2570889,S0681,5.4719211,116.2803596,3.886,0,8.9,True,True,0,True
5,S0687,5.4457484,116.2570889,S0682,5.426731,116.2391342,2.902,0,7.4,True,False,0,True
5,S0687,5.4457484,116.2570889,S0683,5.4676301,116.2678351,2.708,0,9.2,True,True,0,True
5,S0687,5.4457484,116.2570889,S0684,5.455013,116.2639664,1.281,0,3.9,True,False,0,True
5,S0687,5.4457484,116.2570889,S0685,5.451431,116.2568816,0.632,0,8.9,True,True,0,True
5,S0687,5.4457484,116.2570889,S0686,5.4356626,116.2497626,1.384,0,10.1,True,True,0,True
5,S0687,5.4457484,116.2570889,S0688,5.4307567,116.2278076,3.645,0,2.9,True,False,0,True
5,S0687,5.4457484,116.2570889,S0689,5.4176834,116.227837,4.497,0,9.1,True,False,0,True
5,S0687,5.4457484,116.2570889,S0735,5.4612709,116.2149548,4.973,0,-41.5,False,False,0,True
5,S0687,5.4457484,116.2570889,S1076,5.4127509,116.2331743,4.524,0,2.1,True,False,0,True
5,S0688,5.4307567,116.2278076,S0057,5.4228974,116.209765,2.18,0,6.8,True,False,0,True
5,S0688,5.4307567,116.2278076,S0663,5.3891572,116.240027,4.819,0,10.2,True,True,0,True
5,S0688,5.4307567,116.2278076,S0664,5.4542071,116.2578834,4.229,0,-7.8,False,False,0,True
5,S0688,5.4307567,116.2278076,S0665,5.4183322,116.2561088,3.424,0,10.1,True,True,0,True
5,S0688,5.4307567,116.2278076,S0669,5.3997077,116.2381822,3.638,0,9.1,True,True,0,True
5,S0688,5.4307567,116.2278076,S0671,5.4044747,116.2475115,3.647,0,10.1,True,True,0,True
5,S0688,5.4307567,116.2278076,S0673,5.3940265,116.2424715,4.395,0,13.1,True,True,0,True
5,S0688,5.4307567,116.2278076,S0674,5.4455835,116.2688726,4.835,0,0.0,True,False,0,True
5,S0688,5.4307567,116.2278076,S0676,5.4464732,116.267259,4.704,0,-4.9,False,False,0,True
5,S0688,5.4307567,116.2278076,S0679,5.4190511,116.2334792,1.445,0,7.9,True,True,0,True
5,S0688,5.4307567,116.2278076,S0682,5.426731,116.2391342,1.331,0,10.1,True,True,0,True
5,S0688,5.4307567,116.2278076,S0684,5.455013,116.2639664,4.827,0,-13.0,False,False,0,True
5,S0688,5.4307567,116.2278076,S0685,5.451431,116.2568816,3.955,0,-8.7,False,False,0,True
5,S0688,5.4307567,116.2278076,S0686,5.4356626,116.2497626,2.491,0,8.6,True,True,0,True
5,S0688,5.4307567,116.2278076,S0687,5.4457484,116.2570889,3.645,0,2.4,True,False,0,True
5,S0688,5.4307567,116.2278076,S0689,5.4176834,116.227837,1.454,0,10.1,True,True,0,True
5,S0688,5.4307567,116.2278076,S0735,5.4612709,116.2149548,3.679,0,-20.9,False,False,0,True
5,S0688,5.4307567,116.2278076,S0753,5.4643992,116.2108043,4.188,0,-12.2,False,False,0,True
5,S0688,5.4307567,116.2278076,S0754,5.4632208,116.2123797,3.993,0,-6.5,False,False,0,True
5,S0688,5.4307567,116.2278076,S0755,5.4692707,116.2091656,4.754,0,-9.6,False,False,0,True
5,S0688,5.4307567,116.2278076,S0758,5.4385565,116.1878393,4.509,0,2.3,True,False,0,True
5,S0688,5.4307567,116.2278076,S0769,5.4328911,116.1968184,3.439,0,4.1,True,False,0,True
5,S0688,5.4307567,116.2278076,S1076,5.4127509,116.2331743,2.088,0,5.0,True,False,0,True
5,S0689,5.4176834,116.227837,S0057,5.4228974,116.209765,2.083,0,7.5,True,True,0,True
5,S0689,5.4176834,116.227837,S0659,5.3797614,116.2340885,4.273,0,11.2,True,True,0,True
5,S0689,5.4176834,116.227837,S0663,5.3891572,116.240027,3.447,0,9.8,True,True,0,True
5,S0689,5.4176834,116.227837,S0665,5.4183322,116.2561088,3.13,0,10.1,True,True,0,True
5,S0689,5.4176834,116.227837,S0669,5.3997077,116.2381822,2.304,0,9.5,True,True,0,True
5,S0689,5.4176834,116.227837,S0671,5.4044747,116.2475115,2.627,0,10.1,True,True,0,True
5,S0689,5.4176834,116.227837,S0673,5.3940265,116.2424715,3.089,0,12.4,True,True,0,True
5,S0689,5.4176834,116.227837,S0679,5.4190511,116.2334792,0.643,0,8.1,True,True,0,True
5,S0689,5.4176834,116.227837,S0682,5.426731,116.2391342,1.605,0,10.0,True,True,0,True
5,S0689,5.4176834,116.227837,S0685,5.451431,116.2568816,4.942,0,0.1,True,False,0,True
5,S0689,5.4176834,116.227837,S0686,5.4356626,116.2497626,3.144,0,9.4,True,True,0,True
5,S0689,5.4176834,116.227837,S0687,5.4457484,116.2570889,4.497,0,5.2,True,False,0,True
5,S0689,5.4176834,116.227837,S0688,5.4307567,116.2278076,1.454,0,10.0,True,True,0,True
5,S0689,5.4176834,116.227837,S0758,5.4385565,116.1878393,4.999,0,4.0,True,False,0,True
5,S0689,5.4176834,116.227837,S0769,5.4328911,116.1968184,3.827,0,2.3,True,False,0,True
5,S0689,5.4176834,116.227837,S1076,5.4127509,116.2331743,0.806,0,8.5,True,True,0,True
5,S0690,5.1964629,116.359591,S0044,5.2313137,116.3580845,3.879,1,9.6,True,False,0,True
5,S0690,5.1964629,116.359591,S0633,5.1739474,116.391897,4.367,1,-14.7,False,False,0,True
5,S0690,5.1964629,116.359591,S0637,5.1920657,116.3999474,4.496,1,11.0,True,True,0,True
5,S0690,5.1964629,116.359591,S0650,5.1626227,116.3648085,3.807,1,10.2,True,True,0,True
5,S0690,5.1964629,116.359591,S0693,5.2181166,116.344786,2.913,1,3.0,True,False,0,True
5,S0690,5.1964629,116.359591,S0699,5.1807118,116.3504924,2.021,1,8.7,True,True,0,True
5,S0690,5.1964629,116.359591,S0700,5.2314063,116.3720737,4.124,1,7.1,True,True,0,True
5,S0690,5.1964629,116.359591,S0701,5.1863236,116.3527253,1.36,1,9.1,True,True,0,True
5,S0690,5.1964629,116.359591,S0702,5.2312481,116.358671,3.869,1,7.7,True,False,0,True
5,S0693,5.2181166,116.344786,S0044,5.2313137,116.3580845,2.079,0,10.1,True,True,0,True
5,S0693,5.2181166,116.344786,S0690,5.1964629,116.359591,2.913,0,8.3,True,True,0,True
5,S0693,5.2181166,116.344786,S0697,5.2419511,116.3674556,3.65,0,8.3,True,True,0,True
5,S0693,5.2181166,116.344786,S0699,5.1807118,116.3504924,4.207,0,9.5,True,False,0,True
5,S0693,5.2181166,116.344786,S0700,5.2314063,116.3720737,3.364,0,10.1,True,True,0,True
5,S0693,5.2181166,116.344786,S0701,5.1863236,116.3527253,3.643,0,8.1,True,False,0,True
5,S0693,5.2181166,116.344786,S0702,5.2312481,116.358671,2.12,0,8.2,True,True,0,True
5,S0693,5.2181166,116.344786,S0703,5.2413062,116.3539969,2.773,0,6.3,True,True,0,True
5,S0697,5.2419511,116.3674556,S0044,5.2313137,116.3580845,1.573,0,10.1,True,True,0,True
5,S0697,5.2419511,116.3674556,S0049,5.2732968,116.3747193,3.577,0,1.3,True,False,0,True
5,S0697,5.2419511,116.3674556,S0632,5.2832779,116.379809,4.795,0,3.5,True,False,0,True
5,S0697,5.2419511,116.3674556,S0638,5.2601226,116.3734017,2.125,0,0.5,True,False,0,True
5,S0697,5.2419511,116.3674556,S0639,5.2593984,116.3756262,2.141,0,5.7,True,False,0,True
5,S0697,5.2419511,116.3674556,S0693,5.2181166,116.344786,3.65,0,5.6,True,False,0,True
5,S0697,5.2419511,116.3674556,S0700,5.2314063,116.3720737,1.279,0,10.1,True,True,0,True
5,S0697,5.2419511,116.3674556,S0702,5.2312481,116.358671,1.537,0,10.0,True,True,0,True
5,S0697,5.2419511,116.3674556,S0703,5.2413062,116.3539969,1.492,0,7.4,True,True,0,True
5,S0699,5.1807118,116.3504924,S0633,5.1739474,116.391897,4.646,0,-17.9,False,False,0,True
5,S0699,5.1807118,116.3504924,S0648,5.1481891,116.3564896,3.677,0,7.2,True,True,0,True
5,S0699,5.1807118,116.3504924,S0650,5.1626227,116.3648085,2.561,0,7.0,True,True,0,True
5,S0699,5.1807118,116.3504924,S0651,5.1459778,116.3678933,4.316,0,5.7,True,False,0,True
5,S0699,5.1807118,116.3504924,S0654,5.1518875,116.3337432,3.703,0,7.7,True,False,0,True
5,S0699,5.1807118,116.3504924,S0690,5.1964629,116.359591,2.021,0,10.2,True,True,0,True
5,S0699,5.1807118,116.3504924,S0693,5.2181166,116.344786,4.207,0,-1.6,False,False,0,True
5,S0699,5.1807118,116.3504924,S0701,5.1863236,116.3527253,0.671,0,10.1,True,True,0,True
5,S0700,5.2314063,116.3720737,S0044,5.2313137,116.3580845,1.549,0,10.1,True,True,0,True
5,S0700,5.2314063,116.3720737,S0049,5.2732968,116.3747193,4.667,0,0.3,True,False,0,True
5,S0700,5.2314063,116.3720737,S0638,5.2601226,116.3734017,3.196,0,2.1,True,False,0,True
5,S0700,5.2314063,116.3720737,S0639,5.2593984,116.3756262,3.137,0,-9.1,False,False,0,True
5,S0700,5.2314063,116.3720737,S0690,5.1964629,116.359591,4.124,0,7.7,True,False,0,True
5,S0700,5.2314063,116.3720737,S0693,5.2181166,116.344786,3.364,0,7.7,True,False,0,True
5,S0700,5.2314063,116.3720737,S0697,5.2419511,116.3674556,1.279,0,10.0,True,True,0,True
5,S0700,5.2314063,116.3720737,S0702,5.2312481,116.358671,1.484,0,7.0,True,True,0,True
5,S0700,5.2314063,116.3720737,S0703,5.2413062,116.3539969,2.284,0,5.1,True,True,0,True
5,S0701,5.1863236,116.3527253,S0633,5.1739474,116.391897,4.551,0,-22.0,False,False,0,True
5,S0701,5.1863236,116.3527253,S0648,5.1481891,116.3564896,4.261,0,7.1,True,True,0,True
5,S0701,5.1863236,116.3527253,S0650,5.1626227,116.3648085,2.956,0,6.1,True,True,0,True
5,S0701,5.1863236,116.3527253,S0651,5.1459778,116.3678933,4.79,0,5.7,True,False,0,True
5,S0701,5.1863236,116.3527253,S0654,5.1518875,116.3337432,4.368,0,7.6,True,False,0,True
5,S0701,5.1863236,116.3527253,S0690,5.1964629,116.359591,1.36,0,11.1,True,True,0,True
5,S0701,5.1863236,116.3527253,S0693,5.2181166,116.344786,3.643,0,-4.4,False,False,0,True
5,S0701,5.1863236,116.3527253,S0699,5.1807118,116.3504924,0.671,0,9.9,True,True,0,True
5,S0702,5.2312481,116.358671,S0044,5.2313137,116.3580845,0.065,0,10.0,True,True,0,True
5,S0702,5.2312481,116.358671,S0638,5.2601226,116.3734017,3.601,0,-11.8,False,False,0,True
5,S0702,5.2312481,116.358671,S0639,5.2593984,116.3756262,3.65,0,-11.3,False,False,0,True
5,S0702,5.2312481,116.358671,S0690,5.1964629,116.359591,3.869,0,7.3,True,True,0,True
5,S0702,5.2312481,116.358671,S0693,5.2181166,116.344786,2.12,0,6.1,True,False,0,True
5,S0702,5.2312481,116.358671,S0697,5.2419511,116.3674556,1.537,0,10.0,True,True,0,True
5,S0702,5.2312481,116.358671,S0700,5.2314063,116.3720737,1.484,0,10.0,True,True,0,True
5,S0702,5.2312481,116.358671,S0703,5.2413062,116.3539969,1.232,0,6.0,True,True,0,True
5,S0703,5.2413062,116.3539969,S0044,5.2313137,116.3580845,1.2,0,10.1,True,True,0,True
5,S0703,5.2413062,116.3539969,S0049,5.2732968,116.3747193,4.233,0,-3.2,False,False,0,True
5,S0703,5.2413062,116.3539969,S0638,5.2601226,116.3734017,2.999,0,-5.4,False,False,0,True
5,S0703,5.2413062,116.3539969,S0639,5.2593984,116.3756262,3.128,0,1.7,True,False,0,True
5,S0703,5.2413062,116.3539969,S0693,5.2181166,116.344786,2.773,0,5.3,True,False,0,True
5,S0703,5.2413062,116.3539969,S0697,5.2419511,116.3674556,1.492,0,3.1,True,False,0,True
5,S0703,5.2413062,116.3539969,S0700,5.2314063,116.3720737,2.284,0,10.1,True,True,0,True
5,S0703,5.2413062,116.3539969,S0702,5.2312481,116.358671,1.232,0,8.7,True,True,0,True
5,S0707,5.3012077,116.0350168,S0053,5.2908601,116.0344046,1.153,0,9.5,True,True,0,True
5,S0707,5.3012077,116.0350168,S0714,5.3047058,116.0623524,3.051,0,-15.3,False,False,0,True
5,S0707,5.3012077,116.0350168,S0746,5.3050012,116.0470604,1.399,0,-12.6,False,False,0,True
5,S0707,5.3012077,116.0350168,S0752,5.2886435,116.0349977,1.397,0,9.9,True,True,0,True
5,S0707,5.3012077,116.0350168,S0718,5.3025712,116.0534426,2.046,0,-61.2,False,False,0,True
5,S0708,5.2780362,116.1393509,S0710,5.2703372,116.1251851,1.787,0,-18.1,False,False,0,True
5,S0708,5.2780362,116.1393509,S0720,5.2787276,116.1215895,1.968,0,-14.5,False,False,0,True
5,S0708,5.2780362,116.1393509,S0721,5.2778914,116.1196595,2.18,0,-13.2,False,False,0,True
5,S0708,5.2780362,116.1393509,S0723,5.2759528,116.131931,0.854,0,-24.9,False,False,0,True
5,S0708,5.2780362,116.1393509,S0725,5.2523622,116.1311946,2.994,0,-12.5,False,False,0,True
5,S0708,5.2780362,116.1393509,S0732,5.2485711,116.1385903,3.277,0,-20.2,False,False,0,True
5,S0708,5.2780362,116.1393509,S0740,5.2381576,116.1437518,4.461,0,9.1,True,True,0,True
5,S0708,5.2780362,116.1393509,S0744,5.2605311,116.1765327,4.554,0,1.9,True,False,0,True
5,S0708,5.2780362,116.1393509,S0747,5.2383302,116.1357927,4.433,0,-18.9,False,False,0,True
5,S0710,5.2703372,116.1251851,S0708,5.2780362,116.1393509,1.787,0,-28.6,False,False,0,True
5,S0710,5.2703372,116.1251851,S0720,5.2787276,116.1215895,1.014,0,10.1,True,True,0,True
5,S0710,5.2703372,116.1251851,S0721,5.2778914,116.1196595,1.039,0,8.5,True,True,0,True
5,S0710,5.2703372,116.1251851,S0723,5.2759528,116.131931,0.974,0,-3.0,False,False,0,True
5,S0710,5.2703372,116.1251851,S0725,5.2523622,116.1311946,2.107,0,-56.7,False,False,0,True
5,S0710,5.2703372,116.1251851,S0732,5.2485711,116.1385903,2.839,0,-63.6,False,False,0,True
5,S0710,5.2703372,116.1251851,S0740,5.2381576,116.1437518,4.127,0,-67.8,False,False,0,True
5,S0710,5.2703372,116.1251851,S0747,5.2383302,116.1357927,3.748,0,-65.2,False,False,0,True
5,S0714,5.3047058,116.0623524,S0053,5.2908601,116.0344046,3.456,1,9.3,True,True,0,True
5,S0714,5.3047058,116.0623524,S0707,5.3012077,116.0350168,3.051,1,1.1,True,False,0,True
5,S0714,5.3047058,116.0623524,S0716,5.3158088,116.0891985,3.219,1,10.3,True,True,0,True
5,S0714,5.3047058,116.0623524,S0746,5.3050012,116.0470604,1.693,1,-69.4,False,False,0,True
5,S0714,5.3047058,116.0623524,S0751,5.3175429,116.0864757,3.028,1,8.0,True,True,0,True
5,S0714,5.3047058,116.0623524,S0752,5.2886435,116.0349977,3.516,1,-2.4,False,False,0,True
5,S0714,5.3047058,116.0623524,S0718,5.3025712,116.0534426,1.015,1,-27.0,False,False,0,True
5,S0715,5.2806717,116.1968127,S0744,5.2605311,116.1765327,3.171,1,-20.3,False,False,0,True
5,S0715,5.2806717,116.1968127,S1186,5.3178138,116.1933541,4.148,1,-17.6,False,False,0,True
5,S0716,5.3158088,116.0891985,S0714,5.3047058,116.0623524,3.219,1,2.3,True,False,0,True
5,S0716,5.3158088,116.0891985,S0724,5.3403046,116.0926618,2.751,1,-0.6,False,False,0,True
5,S0716,5.3158088,116.0891985,S0746,5.3050012,116.0470604,4.818,1,-144.7,False,False,0,True
5,S0716,5.3158088,116.0891985,S0751,5.3175429,116.0864757,0.358,1,9.4,True,True,0,True
5,S0716,5.3158088,116.0891985,S0718,5.3025712,116.0534426,4.224,1,-126.3,False,False,0,True
5,S0720,5.2787276,116.1215895,S0708,5.2780362,116.1393509,1.968,0,-30.7,False,False,0,True
5,S0720,5.2787276,116.1215895,S0710,5.2703372,116.1251851,1.014,0,10.0,True,True,0,True
5,S0720,5.2787276,116.1215895,S0721,5.2778914,116.1196595,0.233,0,10.1,True,True,0,True
5,S0720,5.2787276,116.1215895,S0723,5.2759528,116.131931,1.186,0,9.6,True,True,0,True
5,S0720,5.2787276,116.1215895,S0725,5.2523622,116.1311946,3.119,0,-48.9,False,False,0,True
5,S0720,5.2787276,116.1215895,S0732,5.2485711,116.1385903,3.846,0,-86.9,False,False,0,True
5,S0720,5.2787276,116.1215895,S0747,5.2383302,116.1357927,4.759,0,-65.8,False,False,0,True
5,S0721,5.2778914,116.1196595,S0708,5.2780362,116.1393509,2.18,0,-29.7,False,False,0,True
5,S0721,5.2778914,116.1196595,S0710,5.2703372,116.1251851,1.039,0,10.0,True,True,0,True
5,S0721,5.2778914,116.1196595,S0720,5.2787276,116.1215895,0.233,0,10.1,True,True,0,True
5,S0721,5.2778914,116.1196595,S0723,5.2759528,116.131931,1.376,0,9.4,True,True,0,True
5,S0721,5.2778914,116.1196595,S0725,5.2523622,116.1311946,3.113,0,-40.2,False,False,0,True
5,S0721,5.2778914,116.1196595,S0732,5.2485711,116.1385903,3.876,0,-77.8,False,False,0,True
5,S0721,5.2778914,116.1196595,S0747,5.2383302,116.1357927,4.748,0,-75.8,False,False,0,True
5,S0723,5.2759528,116.131931,S0708,5.2780362,116.1393509,0.854,0,-26.7,False,False,0,True
5,S0723,5.2759528,116.131931,S0710,5.2703372,116.1251851,0.974,0,5.0,True,False,0,True
5,S0723,5.2759528,116.131931,S0720,5.2787276,116.1215895,1.186,0,10.3,True,True,0,True
5,S0723,5.2759528,116.131931,S0721,5.2778914,116.1196595,1.376,0,10.3,True,True,0,True
5,S0723,5.2759528,116.131931,S0725,5.2523622,116.1311946,2.624,0,-36.4,False,False,0,True
5,S0723,5.2759528,116.131931,S0732,5.2485711,116.1385903,3.133,0,-42.5,False,False,0,True
5,S0723,5.2759528,116.131931,S0740,5.2381576,116.1437518,4.402,0,-10.6,False,False,0,True
5,S0723,5.2759528,116.131931,S0747,5.2383302,116.1357927,4.205,0,-45.5,False,False,0,True
5,S0724,5.3403046,116.0926618,S0716,5.3158088,116.0891985,2.751,0,-5.6,False,False,0,True
5,S0724,5.3403046,116.0926618,S0751,5.3175429,116.0864757,2.622,0,3.9,True,False,0,True
5,S0725,5.2523622,116.1311946,S0708,5.2780362,116.1393509,2.994,0,-26.7,False,False,0,True
5,S0725,5.2523622,116.1311946,S0710,5.2703372,116.1251851,2.107,0,-51.0,False,False,0,True
5,S0725,5.2523622,116.1311946,S0720,5.2787276,116.1215895,3.119,0,-39.0,False,False,0,True
5,S0725,5.2523622,116.1311946,S0721,5.2778914,116.1196595,3.113,0,-28.8,False,False,0,True
5,S0725,5.2523622,116.1311946,S0723,5.2759528,116.131931,2.624,0,-32.9,False,False,0,True
5,S0725,5.2523622,116.1311946,S0732,5.2485711,116.1385903,0.921,0,-37.6,False,False,0,True
5,S0725,5.2523622,116.1311946,S0740,5.2381576,116.1437518,2.104,0,-35.3,False,False,0,True
5,S0725,5.2523622,116.1311946,S0747,5.2383302,116.1357927,1.641,0,-44.9,False,False,0,True
5,S0732,5.2485711,116.1385903,S0708,5.2780362,116.1393509,3.277,1,-32.6,False,False,0,True
5,S0732,5.2485711,116.1385903,S0710,5.2703372,116.1251851,2.839,1,-67.9,False,False,0,True
5,S0732,5.2485711,116.1385903,S0720,5.2787276,116.1215895,3.846,1,-85.1,False,False,0,True
5,S0732,5.2485711,116.1385903,S0721,5.2778914,116.1196595,3.876,1,-72.8,False,False,0,True
5,S0732,5.2485711,116.1385903,S0723,5.2759528,116.131931,3.133,1,-30.0,False,False,0,True
5,S0732,5.2485711,116.1385903,S0725,5.2523622,116.1311946,0.921,1,-42.3,False,False,0,True
5,S0732,5.2485711,116.1385903,S0740,5.2381576,116.1437518,1.291,1,10.1,True,True,0,True
5,S0732,5.2485711,116.1385903,S0744,5.2605311,116.1765327,4.407,1,-7.0,False,False,0,True
5,S0732,5.2485711,116.1385903,S0747,5.2383302,116.1357927,1.18,1,8.8,True,True,0,True
5,S0732,5.2485711,116.1385903,S1077,5.2283683,116.175459,4.66,1,-21.1,False,False,0,True
5,S0733,5.472185,116.2000632,S0735,5.4612709,116.2149548,2.047,1,8.1,True,True,0,True
5,S0733,5.472185,116.2000632,S0750,5.4792463,116.2115667,1.496,1,10.0,True,True,0,True
5,S0733,5.472185,116.2000632,S0753,5.4643992,116.2108043,1.471,1,10.2,True,True,0,True
5,S0733,5.472185,116.2000632,S0754,5.4632208,116.2123797,1.689,1,12.6,True,True,0,True
5,S0733,5.472185,116.2000632,S0755,5.4692707,116.2091656,1.058,1,9.4,True,True,0,True
5,S0733,5.472185,116.2000632,S0758,5.4385565,116.1878393,3.977,1,2.6,True,False,0,True
5,S0733,5.472185,116.2000632,S0769,5.4328911,116.1968184,4.384,1,7.9,True,True,0,True
5,S0735,5.4612709,116.2149548,S0057,5.4228974,116.209765,4.305,0,-4.4,False,False,0,True
5,S0735,5.4612709,116.2149548,S0664,5.4542071,116.2578834,4.816,0,-65.3,False,False,0,True
5,S0735,5.4612709,116.2149548,S0682,5.426731,116.2391342,4.681,0,3.4,True,False,0,True
5,S0735,5.4612709,116.2149548,S0685,5.451431,116.2568816,4.768,0,-46.4,False,False,0,True
5,S0735,5.4612709,116.2149548,S0686,5.4356626,116.2497626,4.791,0,-35.2,False,False,0,True
5,S0735,5.4612709,116.2149548,S0687,5.4457484,116.2570889,4.973,0,-33.2,False,False,0,True
5,S0735,5.4612709,116.2149548,S0688,5.4307567,116.2278076,3.679,0,-9.8,False,False,0,True
5,S0735,5.4612709,116.2149548,S0733,5.472185,116.2000632,2.047,0,8.8,True,True,0,True
5,S0735,5.4612709,116.2149548,S0750,5.4792463,116.2115667,2.034,0,7.2,True,True,0,True
5,S0735,5.4612709,116.2149548,S0753,5.4643992,116.2108043,0.576,0,9.1,True,True,0,True
5,S0735,5.4612709,116.2149548,S0754,5.4632208,116.2123797,0.358,0,10.0,True,True,0,True
5,S0735,5.4612709,116.2149548,S0755,5.4692707,116.2091656,1.096,0,-5.8,False,False,0,True
5,S0735,5.4612709,116.2149548,S0758,5.4385565,116.1878393,3.923,0,-5.1,False,False,0,True
5,S0735,5.4612709,116.2149548,S0769,5.4328911,116.1968184,3.74,0,4.2,True,False,0,True
5,S0740,5.2381576,116.1437518,S0708,5.2780362,116.1393509,4.461,0,-9.4,False,False,0,True
5,S0740,5.2381576,116.1437518,S0710,5.2703372,116.1251851,4.127,0,-74.7,False,False,0,True
5,S0740,5.2381576,116.1437518,S0723,5.2759528,116.131931,4.402,0,-12.3,False,False,0,True
5,S0740,5.2381576,116.1437518,S0725,5.2523622,116.1311946,2.104,0,-48.3,False,False,0,True
5,S0740,5.2381576,116.1437518,S0732,5.2485711,116.1385903,1.291,0,10.1,True,True,0,True
5,S0740,5.2381576,116.1437518,S0744,5.2605311,116.1765327,4.401,0,-0.8,False,False,0,True
5,S0740,5.2381576,116.1437518,S0747,5.2383302,116.1357927,0.882,0,10.1,True,True,0,True
5,S0740,5.2381576,116.1437518,S0609,5.2268314,116.1801678,4.225,0,-32.4,False,False,0,True
5,S0740,5.2381576,116.1437518,S1077,5.2283683,116.175459,3.676,0,-27.9,False,False,0,True
5,S0744,5.2605311,116.1765327,S0708,5.2780362,116.1393509,4.554,0,9.8,True,True,0,True
5,S0744,5.2605311,116.1765327,S0715,5.2806717,116.1968127,3.171,0,-23.4,False,False,0,True
5,S0744,5.2605311,116.1765327,S0732,5.2485711,116.1385903,4.407,0,6.2,True,False,0,True
5,S0744,5.2605311,116.1765327,S0740,5.2381576,116.1437518,4.401,0,7.2,True,False,0,True
5,S0744,5.2605311,116.1765327,S0796,5.2210728,116.1946742,4.826,0,-4.5,False,False,0,True
5,S0744,5.2605311,116.1765327,S0609,5.2268314,116.1801678,3.769,0,-82.7,False,False,0,True
5,S0744,5.2605311,116.1765327,S1077,5.2283683,116.175459,3.578,0,-31.8,False,False,0,True
5,S0746,5.3050012,116.0470604,S0053,5.2908601,116.0344046,2.106,0,-4.3,False,False,0,True
5,S0746,5.3050012,116.0470604,S0707,5.3012077,116.0350168,1.399,0,-9.1,False,False,0,True
5,S0746,5.3050012,116.0470604,S0714,5.3047058,116.0623524,1.693,0,-56.7,False,False,0,True
5,S0746,5.3050012,116.0470604,S0716,5.3158088,116.0891985,4.818,0,-141.4,False,False,0,True
5,S0746,5.3050012,116.0470604,S0751,5.3175429,116.0864757,4.581,0,-123.3,False,False,0,True
5,S0746,5.3050012,116.0470604,S0752,5.2886435,116.0349977,2.257,0,-15.6,False,False,0,True
5,S0746,5.3050012,116.0470604,S0718,5.3025712,116.0534426,0.757,0,-20.9,False,False,0,True
5,S0747,5.2383302,116.1357927,S0708,5.2780362,116.1393509,4.433,0,-33.3,False,False,0,True
5,S0747,5.2383302,116.1357927,S0710,5.2703372,116.1251851,3.748,0,-70.5,False,False,0,True
5,S0747,5.2383302,116.1357927,S0720,5.2787276,116.1215895,4.759,0,-66.2,False,False,0,True
5,S0747,5.2383302,116.1357927,S0721,5.2778914,116.1196595,4.748,0,-75.5,False,False,0,True
5,S0747,5.2383302,116.1357927,S0723,5.2759528,116.131931,4.205,0,-36.1,False,False,0,True
5,S0747,5.2383302,116.1357927,S0725,5.2523622,116.1311946,1.641,0,-38.1,False,False,0,True
5,S0747,5.2383302,116.1357927,S0732,5.2485711,116.1385903,1.18,0,10.1,True,True,0,True
5,S0747,5.2383302,116.1357927,S0740,5.2381576,116.1437518,0.882,0,10.1,True,True,0,True
5,S0747,5.2383302,116.1357927,S1077,5.2283683,116.175459,4.53,0,-26.1,False,False,0,True
5,S0750,5.4792463,116.2115667,S0733,5.472185,116.2000632,1.496,0,10.1,True,True,0,True
5,S0750,5.4792463,116.2115667,S0735,5.4612709,116.2149548,2.034,0,10.3,True,True,0,True
5,S0750,5.4792463,116.2115667,S0753,5.4643992,116.2108043,1.653,0,3.2,True,False,0,True
5,S0750,5.4792463,116.2115667,S0754,5.4632208,116.2123797,1.784,0,5.2,True,False,0,True
5,S0750,5.4792463,116.2115667,S0755,5.4692707,116.2091656,1.141,0,7.1,True,True,0,True
5,S0751,5.3175429,116.0864757,S0714,5.3047058,116.0623524,3.028,0,-5.7,False,False,0,True
5,S0751,5.3175429,116.0864757,S0716,5.3158088,116.0891985,0.358,0,5.9,True,True,0,True
5,S0751,5.3175429,116.0864757,S0724,5.3403046,116.0926618,2.622,0,5.1,True,True,0,True
5,S0751,5.3175429,116.0864757,S0746,5.3050012,116.0470604,4.581,0,-125.7,False,False,0,True
5,S0751,5.3175429,116.0864757,S0718,5.3025712,116.0534426,4.018,0,-102.4,False,False,0,True
5,S0752,5.2886435,116.0349977,S0053,5.2908601,116.0344046,0.255,0,10.0,True,True,0,True
5,S0752,5.2886435,116.0349977,S0707,5.3012077,116.0350168,1.397,0,9.8,True,True,0,True
5,S0752,5.2886435,116.0349977,S0714,5.3047058,116.0623524,3.516,0,0.2,True,False,0,True
5,S0752,5.2886435,116.0349977,S0746,5.3050012,116.0470604,2.257,0,-11.5,False,False,0,True
5,S0752,5.2886435,116.0349977,S0718,5.3025712,116.0534426,2.563,0,-37.3,False,False,0,True
5,S0753,5.4643992,116.2108043,S0057,5.4228974,116.209765,4.616,0,8.4,True,False,0,True
5,S0753,5.4643992,116.2108043,S0688,5.4307567,116.2278076,4.188,0,-9.3,False,False,0,True
5,S0753,5.4643992,116.2108043,S0733,5.472185,116.2000632,1.471,0,9.4,True,True,0,True
5,S0753,5.4643992,116.2108043,S0735,5.4612709,116.2149548,0.576,0,10.1,True,True,0,True
5,S0753,5.4643992,116.2108043,S0750,5.4792463,116.2115667,1.653,0,7.4,True,True,0,True
5,S0753,5.4643992,116.2108043,S0754,5.4632208,116.2123797,0.218,0,10.1,True,True,0,True
5,S0753,5.4643992,116.2108043,S0755,5.4692707,116.2091656,0.571,0,9.3,True,True,0,True
5,S0753,5.4643992,116.2108043,S0758,5.4385565,116.1878393,3.837,0,3.1,True,False,0,True
5,S0753,5.4643992,116.2108043,S0769,5.4328911,116.1968184,3.83,0,5.8,True,False,0,True
5,S0754,5.4632208,116.2123797,S0057,5.4228974,116.209765,4.493,0,8.3,True,False,0,True
5,S0754,5.4632208,116.2123797,S0688,5.4307567,116.2278076,3.993,0,1.2,True,False,0,True
5,S0754,5.4632208,116.2123797,S0733,5.472185,116.2000632,1.689,0,9.5,True,True,0,True
5,S0754,5.4632208,116.2123797,S0735,5.4612709,116.2149548,0.358,0,10.1,True,True,0,True
5,S0754,5.4632208,116.2123797,S0750,5.4792463,116.2115667,1.784,0,7.5,True,True,0,True
5,S0754,5.4632208,116.2123797,S0753,5.4643992,116.2108043,0.218,0,10.1,True,True,0,True
5,S0754,5.4632208,116.2123797,S0755,5.4692707,116.2091656,0.761,0,2.5,True,False,0,True
5,S0754,5.4632208,116.2123797,S0758,5.4385565,116.1878393,3.86,0,3.5,True,False,0,True
5,S0754,5.4632208,116.2123797,S0769,5.4328911,116.1968184,3.787,0,5.6,True,False,0,True
5,S0755,5.4692707,116.2091656,S0688,5.4307567,116.2278076,4.754,0,-9.2,False,False,0,True
5,S0755,5.4692707,116.2091656,S0733,5.472185,116.2000632,1.058,0,7.3,True,True,0,True
5,S0755,5.4692707,116.2091656,S0735,5.4612709,116.2149548,1.096,0,-3.7,False,False,0,True
5,S0755,5.4692707,116.2091656,S0750,5.4792463,116.2115667,1.141,0,9.4,True,True,0,True
5,S0755,5.4692707,116.2091656,S0753,5.4643992,116.2108043,0.571,0,4.9,True,True,0,True
5,S0755,5.4692707,116.2091656,S0754,5.4632208,116.2123797,0.761,0,-0.5,False,False,0,True
5,S0755,5.4692707,116.2091656,S0758,5.4385565,116.1878393,4.152,0,1.7,True,False,0,True
5,S0755,5.4692707,116.2091656,S0769,5.4328911,116.1968184,4.27,0,0.4,True,False,0,True
5,S0758,5.4385565,116.1878393,S0057,5.4228974,116.209765,2.987,0,7.7,True,False,0,True
5,S0758,5.4385565,116.1878393,S0688,5.4307567,116.2278076,4.509,0,8.7,True,True,0,True
5,S0758,5.4385565,116.1878393,S0689,5.4176834,116.227837,4.999,0,10.2,True,True,0,True
5,S0758,5.4385565,116.1878393,S0733,5.472185,116.2000632,3.977,0,9.8,True,True,0,True
5,S0758,5.4385565,116.1878393,S0735,5.4612709,116.2149548,3.923,0,-10.0,False,False,0,True
5,S0758,5.4385565,116.1878393,S0753,5.4643992,116.2108043,3.837,0,-5.0,False,False,0,True
5,S0758,5.4385565,116.1878393,S0754,5.4632208,116.2123797,3.86,0,-3.1,False,False,0,True
5,S0758,5.4385565,116.1878393,S0755,5.4692707,116.2091656,4.152,0,-5.6,False,False,0,True
5,S0758,5.4385565,116.1878393,S0769,5.4328911,116.1968184,1.177,0,10.8,True,True,0,True
5,S0759,5.3937999,116.1341623,S0775,5.3928004,116.119851,1.588,1,-45.5,False,False,0,True
5,S0759,5.3937999,116.1341623,S0778,5.3908583,116.1417781,0.904,1,10.1,True,True,0,True
5,S0759,5.3937999,116.1341623,S1083,5.3975112,116.1526828,2.091,1,-73.5,False,False,0,True
5,S0769,5.4328911,116.1968184,S0057,5.4228974,116.209765,1.813,0,8.2,True,True,0,True
5,S0769,5.4328911,116.1968184,S0679,5.4190511,116.2334792,4.34,0,-0.4,False,False,0,True
5,S0769,5.4328911,116.1968184,S0682,5.426731,116.2391342,4.734,0,10.1,True,True,0,True
5,S0769,5.4328911,116.1968184,S0688,5.4307567,116.2278076,3.439,0,8.8,True,True,0,True
5,S0769,5.4328911,116.1968184,S0689,5.4176834,116.227837,3.827,0,10.2,True,True,0,True
5,S0769,5.4328911,116.1968184,S0733,5.472185,116.2000632,4.384,0,13.2,True,True,0,True
5,S0769,5.4328911,116.1968184,S0735,5.4612709,116.2149548,3.74,0,9.3,True,False,0,True
5,S0769,5.4328911,116.1968184,S0753,5.4643992,116.2108043,3.83,0,7.1,True,False,0,True
5,S0769,5.4328911,116.1968184,S0754,5.4632208,116.2123797,3.787,0,15.6,True,True,0,True
5,S0769,5.4328911,116.1968184,S0755,5.4692707,116.2091656,4.27,0,-5.4,False,False,0,True
5,S0769,5.4328911,116.1968184,S0758,5.4385565,116.1878393,1.177,0,5.9,True,True,0,True
5,S0769,5.4328911,116.1968184,S1076,5.4127509,116.2331743,4.606,0,-1.3,False,False,0,True
5,S0775,5.3928004,116.119851,S0759,5.3937999,116.1341623,1.588,0,-39.5,False,False,0,True
5,S0775,5.3928004,116.119851,S0778,5.3908583,116.1417781,2.437,0,0.9,True,False,0,True
5,S0775,5.3928004,116.119851,S1083,5.3975112,116.1526828,3.672,0,5.6,True,False,0,True
5,S0778,5.3908583,116.1417781,S0759,5.3937999,116.1341623,0.904,0,10.0,True,True,0,True
5,S0778,5.3908583,116.1417781,S0775,5.3928004,116.119851,2.437,0,-10.1,False,False,0,True
5,S0778,5.3908583,116.1417781,S1083,5.3975112,116.1526828,1.416,0,-64.2,False,False,0,True
5,S0792,5.454468,116.5639703,S0611,5.4505072,116.5605112,0.584,0,8.6,True,True,0,True
5,S0792,5.454468,116.5639703,S0617,5.448024,116.5546504,1.256,0,-6.9,False,False,0,True
5,S0792,5.454468,116.5639703,S0620,5.4312578,116.5366919,3.972,0,-12.1,False,False,0,True
5,S0796,5.2210728,116.1946742,S0608,5.1868176,116.1825533,4.039,0,-9.6,False,False,0,True
5,S0796,5.2210728,116.1946742,S0744,5.2605311,116.1765327,4.826,0,-7.8,False,False,0,True
5,S0796,5.2210728,116.1946742,S0798,5.2096144,116.1942804,1.275,0,9.3,True,True,0,True
5,S0796,5.2210728,116.1946742,S0609,5.2268314,116.1801678,1.729,0,-32.4,False,False,0,True
5,S0796,5.2210728,116.1946742,S1077,5.2283683,116.175459,2.277,0,3.0,True,False,0,True
5,S0798,5.2096144,116.1942804,S0608,5.1868176,116.1825533,2.848,0,4.4,True,False,0,True
5,S0798,5.2096144,116.1942804,S0796,5.2210728,116.1946742,1.275,0,10.0,True,True,0,True
5,S0798,5.2096144,116.1942804,S0609,5.2268314,116.1801678,2.471,0,-48.0,False,False,0,True
5,S0798,5.2096144,116.1942804,S1077,5.2283683,116.175459,2.948,0,-22.2,False,False,0,True
5,S0803,5.5282671,116.2851388,S0805,5.5411224,116.2810617,1.499,1,9.0,True,True,0,True
5,S0803,5.5282671,116.2851388,S0064,5.5091912,116.3233754,4.734,1,7.7,True,True,0,True
5,S0803,5.5282671,116.2851388,S0807,5.5197756,116.3176526,3.72,1,-28.3,False,False,0,True
5,S0805,5.5411224,116.2810617,S0803,5.5282671,116.2851388,1.499,1,10.1,True,True,0,True
5,S0805,5.5411224,116.2810617,S0813,5.5584849,116.2419076,4.744,1,11.5,True,True,0,True
5,S0805,5.5411224,116.2810617,S0807,5.5197756,116.3176526,4.694,1,-58.4,False,False,0,True
5,S0813,5.5584849,116.2419076,S0805,5.5411224,116.2810617,4.744,0,18.7,True,True,0,True
5,S0815,5.6394475,116.2778346,S0819,5.6206223,116.2959576,2.899,0,-11.1,False,False,0,True
5,S0815,5.6394475,116.2778346,S0826,5.6363052,116.3045859,2.981,0,-146.8,False,False,0,True
5,S0816,5.5883975,116.3007588,S0819,5.6206223,116.2959576,3.622,0,-31.2,False,False,0,True
5,S0816,5.5883975,116.3007588,S0820,5.5897802,116.3212195,2.27,0,10.4,True,True,0,True
5,S0816,5.5883975,116.3007588,S0822,5.602903,116.3286917,3.487,0,-14.8,False,False,0,True
5,S0816,5.5883975,116.3007588,S0823,5.602858,116.3074828,1.772,0,-52.0,False,False,0,True
5,S0816,5.5883975,116.3007588,S0825,5.6159659,116.3264611,4.182,0,-58.3,False,False,0,True
5,S0819,5.6206223,116.2959576,S0815,5.6394475,116.2778346,2.899,1,-21.5,False,False,0,True
5,S0819,5.6206223,116.2959576,S0816,5.5883975,116.3007588,3.622,1,-14.9,False,False,0,True
5,S0819,5.6206223,116.2959576,S0820,5.5897802,116.3212195,4.425,1,-62.7,False,False,0,True
5,S0819,5.6206223,116.2959576,S0822,5.602903,116.3286917,4.124,1,-1.8,False,False,0,True
5,S0819,5.6206223,116.2959576,S0823,5.602858,116.3074828,2.351,1,-92.1,False,False,0,True
5,S0819,5.6206223,116.2959576,S0825,5.6159659,116.3264611,3.415,1,-76.3,False,False,0,True
5,S0819,5.6206223,116.2959576,S0826,5.6363052,116.3045859,1.988,1,-32.8,False,False,0,True
5,S0820,5.5897802,116.3212195,S0816,5.5883975,116.3007588,2.27,0,4.4,True,True,0,True
5,S0820,5.5897802,116.3212195,S0819,5.6206223,116.2959576,4.425,0,-70.4,False,False,0,True
5,S0820,5.5897802,116.3212195,S0822,5.602903,116.3286917,1.677,0,-53.6,False,False,0,True
5,S0820,5.5897802,116.3212195,S0823,5.602858,116.3074828,2.104,0,-28.9,False,False,0,True
5,S0820,5.5897802,116.3212195,S0825,5.6159659,116.3264611,2.969,0,-165.5,False,False,0,True
5,S0822,5.602903,116.3286917,S0816,5.5883975,116.3007588,3.487,0,-5.4,False,False,0,True
5,S0822,5.602903,116.3286917,S0819,5.6206223,116.2959576,4.124,0,13.3,True,True,0,True
5,S0822,5.602903,116.3286917,S0820,5.5897802,116.3212195,1.677,0,-50.5,False,False,0,True
5,S0822,5.602903,116.3286917,S0823,5.602858,116.3074828,2.347,0,-93.7,False,False,0,True
5,S0822,5.602903,116.3286917,S0825,5.6159659,116.3264611,1.473,0,-3.8,False,False,0,True
5,S0822,5.602903,116.3286917,S0826,5.6363052,116.3045859,4.573,0,-10.5,False,False,0,True
5,S0823,5.602858,116.3074828,S0816,5.5883975,116.3007588,1.772,0,-58.1,False,False,0,True
5,S0823,5.602858,116.3074828,S0819,5.6206223,116.2959576,2.351,0,-89.1,False,False,0,True
5,S0823,5.602858,116.3074828,S0820,5.5897802,116.3212195,2.104,0,-30.3,False,False,0,True
5,S0823,5.602858,116.3074828,S0822,5.602903,116.3286917,2.347,0,-95.1,False,False,0,True
5,S0823,5.602858,116.3074828,S0825,5.6159659,116.3264611,2.556,0,-100.8,False,False,0,True
5,S0823,5.602858,116.3074828,S0826,5.6363052,116.3045859,3.733,0,-39.3,False,False,0,True
5,S0825,5.6159659,116.3264611,S0816,5.5883975,116.3007588,4.182,0,-52.5,False,False,0,True
5,S0825,5.6159659,116.3264611,S0819,5.6206223,116.2959576,3.415,0,-73.7,False,False,0,True
5,S0825,5.6159659,116.3264611,S0820,5.5897802,116.3212195,2.969,0,-170.0,False,False,0,True
5,S0825,5.6159659,116.3264611,S0822,5.602903,116.3286917,1.473,0,2.5,True,False,0,True
5,S0825,5.6159659,116.3264611,S0823,5.602858,116.3074828,2.556,0,-106.9,False,False,0,True
5,S0825,5.6159659,116.3264611,S0826,5.6363052,116.3045859,3.313,0,-62.3,False,False,0,True
5,S0826,5.6363052,116.3045859,S0815,5.6394475,116.2778346,2.981,0,-158.0,False,False,0,True
5,S0826,5.6363052,116.3045859,S0819,5.6206223,116.2959576,1.988,0,-33.3,False,False,0,True
5,S0826,5.6363052,116.3045859,S0822,5.602903,116.3286917,4.573,0,5.9,True,False,0,True
5,S0826,5.6363052,116.3045859,S0823,5.602858,116.3074828,3.733,0,-34.5,False,False,0,True
5,S0826,5.6363052,116.3045859,S0825,5.6159659,116.3264611,3.313,0,-68.7,False,False,0,True
5,S0831,5.8661453,116.5365456,S0834,5.8713255,116.4973945,4.369,1,-141.8,False,False,0,True
5,S0831,5.8661453,116.5365456,S0845,5.8723062,116.5007533,4.018,1,-163.1,False,False,0,True
5,S0831,5.8661453,116.5365456,S0988,5.8670441,116.5672761,3.401,1,-237.7,False,False,0,True
5,S0831,5.8661453,116.5365456,S1008,5.864768,116.578317,4.623,1,-250.8,False,False,0,True
5,S0831,5.8661453,116.5365456,S1026,5.898538,116.5572532,4.268,1,-226.1,False,False,0,True
5,S0831,5.8661453,116.5365456,S1034,5.9048187,116.5573592,4.878,1,-243.8,False,False,0,True
5,S0834,5.8713255,116.4973945,S0831,5.8661453,116.5365456,4.369,1,-141.6,False,False,0,True
5,S0834,5.8713255,116.4973945,S0845,5.8723062,116.5007533,0.387,1,10.1,True,True,0,True
5,S0834,5.8713255,116.4973945,S0854,5.8545828,116.4912239,1.983,1,-198.2,False,False,0,True
5,S0839,5.7916927,116.4734878,S0080,5.7636797,116.4468761,4.286,1,-8.0,False,False,0,True
5,S0839,5.7916927,116.4734878,S0840,5.8053237,116.4818104,1.773,1,-18.1,False,False,0,True
5,S0839,5.7916927,116.4734878,S0846,5.7986386,116.4696292,0.882,1,-37.9,False,False,0,True
5,S0840,5.8053237,116.4818104,S0839,5.7916927,116.4734878,1.773,0,-32.0,False,False,0,True
5,S0840,5.8053237,116.4818104,S0846,5.7986386,116.4696292,1.539,0,-0.1,False,False,0,True
5,S0845,5.8723062,116.5007533,S0831,5.8661453,116.5365456,4.018,0,-160.7,False,False,0,True
5,S0845,5.8723062,116.5007533,S0834,5.8713255,116.4973945,0.387,0,10.1,True,True,0,True
5,S0845,5.8723062,116.5007533,S0854,5.8545828,116.4912239,2.235,0,-222.5,False,False,0,True
5,S0846,5.7986386,116.4696292,S0080,5.7636797,116.4468761,4.631,0,-81.0,False,False,0,True
5,S0846,5.7986386,116.4696292,S0839,5.7916927,116.4734878,0.882,0,-39.6,False,False,0,True
5,S0846,5.7986386,116.4696292,S0840,5.8053237,116.4818104,1.539,0,-4.6,False,False,0,True
5,S0854,5.8545828,116.4912239,S0834,5.8713255,116.4973945,1.983,0,-203.7,False,False,0,True
5,S0854,5.8545828,116.4912239,S0845,5.8723062,116.5007533,2.235,0,-225.3,False,False,0,True
5,S0856,5.7919059,116.811607,S0077,5.7908133,116.8168422,0.592,0,8.2,True,True,0,True
5,S0856,5.7919059,116.811607,S0862,5.797142,116.8189854,1.003,0,10.1,True,True,0,True
5,S0856,5.7919059,116.811607,S0870,5.788846,116.8179208,0.777,0,10.1,True,True,0,True
5,S0856,5.7919059,116.811607,S0875,5.7984346,116.8143039,0.785,0,4.3,True,False,0,True
5,S0862,5.797142,116.8189854,S0077,5.7908133,116.8168422,0.743,0,-2.5,False,False,0,True
5,S0862,5.797142,116.8189854,S0856,5.7919059,116.811607,1.003,0,0.9,True,False,0,True
5,S0862,5.797142,116.8189854,S0870,5.788846,116.8179208,0.93,0,-19.5,False,False,0,True
5,S0862,5.797142,116.8189854,S0875,5.7984346,116.8143039,0.537,0,10.0,True,True,0,True
5,S0864,5.9551434,116.7545236,S0048,5.9303108,116.7709674,3.306,0,-103.6,False,False,0,True
5,S0864,5.9551434,116.7545236,S0872,5.9384793,116.7797184,3.346,0,-30.9,False,False,0,True
5,S0864,5.9551434,116.7545236,S0886,5.9452917,116.7695968,1.995,0,-42.3,False,False,0,True
5,S0870,5.788846,116.8179208,S0077,5.7908133,116.8168422,0.249,0,10.1,True,True,0,True
5,S0870,5.788846,116.8179208,S0856,5.7919059,116.811607,0.777,0,10.0,True,True,0,True
5,S0870,5.788846,116.8179208,S0862,5.797142,116.8189854,0.93,0,-22.3,False,False,0,True
5,S0870,5.788846,116.8179208,S0875,5.7984346,116.8143039,1.139,0,8.9,True,True,0,True
5,S0872,5.9384793,116.7797184,S0048,5.9303108,116.7709674,1.327,0,9.0,True,True,0,True
5,S0872,5.9384793,116.7797184,S0864,5.9551434,116.7545236,3.346,0,-42.1,False,False,0,True
5,S0872,5.9384793,116.7797184,S0886,5.9452917,116.7695968,1.352,0,6.0,True,True,0,True
5,S0875,5.7984346,116.8143039,S0077,5.7908133,116.8168422,0.893,0,8.8,True,True,0,True
5,S0875,5.7984346,116.8143039,S0856,5.7919059,116.811607,0.785,0,-7.7,False,False,0,True
5,S0875,5.7984346,116.8143039,S0862,5.797142,116.8189854,0.537,0,10.1,True,True,0,True
5,S0875,5.7984346,116.8143039,S0870,5.788846,116.8179208,1.139,0,10.1,True,True,0,True
5,S0886,5.9452917,116.7695968,S0048,5.9303108,116.7709674,1.673,0,-11.5,False,False,0,True
5,S0886,5.9452917,116.7695968,S0864,5.9551434,116.7545236,1.995,0,-47.4,False,False,0,True
5,S0886,5.9452917,116.7695968,S0872,5.9384793,116.7797184,1.352,0,10.0,True,True,0,True
5,S0915,6.126042,116.863994,S0060,6.1135252,116.8611805,1.426,0,7.5,True,True,0,True
5,S0915,6.126042,116.863994,S0931,6.1160327,116.863674,1.114,0,8.8,True,True,0,True
5,S0915,6.126042,116.863994,S0944,6.1141163,116.8612539,1.36,0,8.5,True,True,0,True
5,S0928,6.1095094,116.8182326,S0060,6.1135252,116.8611805,4.769,0,-123.4,False,False,0,True
5,S0928,6.1095094,116.8182326,S0063,6.108734,116.8184033,0.088,0,5.6,True,True,0,True
5,S0928,6.1095094,116.8182326,S0941,6.119726,116.7986317,2.447,0,4.2,True,True,0,True
5,S0928,6.1095094,116.8182326,S0944,6.1141163,116.8612539,4.784,0,-126.4,False,False,0,True
5,S0931,6.1160327,116.863674,S0060,6.1135252,116.8611805,0.392,0,10.0,True,True,0,True
5,S0931,6.1160327,116.863674,S0915,6.126042,116.863994,1.114,0,10.1,True,True,0,True
5,S0931,6.1160327,116.863674,S0944,6.1141163,116.8612539,0.342,0,10.0,True,True,0,True
5,S0940,6.15882,116.7789947,S0284,6.1615009,116.7975091,2.068,0,-23.0,False,False,0,True
5,S0940,6.15882,116.7789947,S0375,6.1940804,116.7735199,3.967,0,-42.7,False,False,0,True
5,S0940,6.15882,116.7789947,S0941,6.119726,116.7986317,4.859,0,-39.5,False,False,0,True
5,S0940,6.15882,116.7789947,S0943,6.20053,116.7656937,4.865,0,-102.3,False,False,0,True
5,S0940,6.15882,116.7789947,S0935,6.13671,116.7745909,2.506,0,-10.3,False,False,0,True
5,S0941,6.119726,116.7986317,S0063,6.108734,116.8184033,2.504,1,0.9,True,False,0,True
5,S0941,6.119726,116.7986317,S0284,6.1615009,116.7975091,4.647,1,-90.1,False,False,0,True
5,S0941,6.119726,116.7986317,S0928,6.1095094,116.8182326,2.447,1,8.2,True,True,0,True
5,S0941,6.119726,116.7986317,S0940,6.15882,116.7789947,4.859,1,-36.3,False,False,0,True
5,S0941,6.119726,116.7986317,S0951,6.0886156,116.7732327,4.456,1,-314.5,False,False,0,True
5,S0941,6.119726,116.7986317,S0935,6.13671,116.7745909,3.261,1,-102.4,False,False,0,True
5,S0943,6.20053,116.7656937,S0375,6.1940804,116.7735199,1.124,0,-69.8,False,False,0,True
5,S0943,6.20053,116.7656937,S0940,6.15882,116.7789947,4.865,0,-91.3,False,False,0,True
5,S0943,6.20053,116.7656937,S0061,6.2072984,116.7677359,0.786,0,-23.2,False,False,0,True
5,S0944,6.1141163,116.8612539,S0060,6.1135252,116.8611805,0.066,0,10.1,True,True,0,True
5,S0944,6.1141163,116.8612539,S0063,6.108734,116.8184033,4.775,0,-120.2,False,False,0,True
5,S0944,6.1141163,116.8612539,S0915,6.126042,116.863994,1.36,0,10.1,True,True,0,True
5,S0944,6.1141163,116.8612539,S0928,6.1095094,116.8182326,4.784,0,-123.5,False,False,0,True
5,S0944,6.1141163,116.8612539,S0931,6.1160327,116.863674,0.342,0,10.0,True,True,0,True
5,S0946,6.0692593,116.7974408,S0063,6.108734,116.8184033,4.964,1,-41.7,False,False,0,True
5,S0946,6.0692593,116.7974408,S0951,6.0886156,116.7732327,3.435,1,-10.1,False,False,0,True
5,S0946,6.0692593,116.7974408,S0952,6.0724026,116.7758169,2.416,1,-24.4,False,False,0,True
5,S0946,6.0692593,116.7974408,S0957,6.0633286,116.8001574,0.725,1,10.0,True,True,0,True
5,S0951,6.0886156,116.7732327,S0941,6.119726,116.7986317,4.456,0,-317.9,False,False,0,True
5,S0951,6.0886156,116.7732327,S0946,6.0692593,116.7974408,3.435,0,3.1,True,False,0,True
5,S0951,6.0886156,116.7732327,S0952,6.0724026,116.7758169,1.825,0,-74.7,False,False,0,True
5,S0951,6.0886156,116.7732327,S0957,6.0633286,116.8001574,4.095,0,3.4,True,False,0,True
5,S0952,6.0724026,116.7758169,S0946,6.0692593,116.7974408,2.416,0,-19.0,False,False,0,True
5,S0952,6.0724026,116.7758169,S0951,6.0886156,116.7732327,1.825,0,-83.4,False,False,0,True
5,S0952,6.0724026,116.7758169,S0957,6.0633286,116.8001574,2.874,0,-31.2,False,False,0,True
5,S0952,6.0724026,116.7758169,S0961,6.044906,116.7574738,3.669,0,5.7,True,True,0,True
5,S0952,6.0724026,116.7758169,S0965,6.0459598,116.7431299,4.659,0,-222.4,False,False,0,True
5,S0957,6.0633286,116.8001574,S0946,6.0692593,116.7974408,0.725,0,7.9,True,True,0,True
5,S0957,6.0633286,116.8001574,S0951,6.0886156,116.7732327,4.095,0,-9.0,False,False,0,True
5,S0957,6.0633286,116.8001574,S0952,6.0724026,116.7758169,2.874,0,-39.8,False,False,0,True
5,S0960,6.0293568,116.7251583,S0355,6.0412176,116.7087175,2.246,0,-8.4,False,False,0,True
5,S0960,6.0293568,116.7251583,S0961,6.044906,116.7574738,3.97,0,-81.8,False,False,0,True
5,S0960,6.0293568,116.7251583,S0965,6.0459598,116.7431299,2.712,0,-107.8,False,False,0,True
5,S0960,6.0293568,116.7251583,S0966,6.0247047,116.7371689,1.425,0,7.6,True,True,0,True
5,S0961,6.044906,116.7574738,S0952,6.0724026,116.7758169,3.669,0,8.7,True,True,0,True
5,S0961,6.044906,116.7574738,S0960,6.0293568,116.7251583,3.97,0,-79.1,False,False,0,True
5,S0961,6.044906,116.7574738,S0965,6.0459598,116.7431299,1.59,0,10.0,True,True,0,True
5,S0961,6.044906,116.7574738,S0966,6.0247047,116.7371689,3.176,0,-89.8,False,False,0,True
5,S0965,6.0459598,116.7431299,S0355,6.0412176,116.7087175,3.842,1,-74.8,False,False,0,True
5,S0965,6.0459598,116.7431299,S0952,6.0724026,116.7758169,4.659,1,-222.8,False,False,0,True
5,S0965,6.0459598,116.7431299,S0960,6.0293568,116.7251583,2.712,1,-101.3,False,False,0,True
5,S0965,6.0459598,116.7431299,S0961,6.044906,116.7574738,1.59,1,7.7,True,True,0,True
5,S0965,6.0459598,116.7431299,S0966,6.0247047,116.7371689,2.454,1,-118.8,False,False,0,True
5,S0966,6.0247047,116.7371689,S0355,6.0412176,116.7087175,3.643,0,-34.3,False,False,0,True
5,S0966,6.0247047,116.7371689,S0960,6.0293568,116.7251583,1.425,0,-3.2,False,False,0,True
5,S0966,6.0247047,116.7371689,S0961,6.044906,116.7574738,3.176,0,-99.2,False,False,0,True
5,S0966,6.0247047,116.7371689,S0965,6.0459598,116.7431299,2.454,0,-125.9,False,False,0,True
5,S0988,5.8670441,116.5672761,S0078,5.8641269,116.5839984,1.878,0,-121.2,False,False,0,True
5,S0988,5.8670441,116.5672761,S0831,5.8661453,116.5365456,3.401,0,-230.6,False,False,0,True
5,S0988,5.8670441,116.5672761,S1008,5.864768,116.578317,1.247,0,-6.3,False,False,0,True
5,S0988,5.8670441,116.5672761,S1020,5.8730698,116.5840241,1.97,0,-112.0,False,False,0,True
5,S0988,5.8670441,116.5672761,S1026,5.898538,116.5572532,3.673,0,-292.1,False,False,0,True
5,S0988,5.8670441,116.5672761,S1034,5.9048187,116.5573592,4.341,0,-253.6,False,False,0,True
5,S0990,5.9164702,116.650652,S1042,5.9490482,116.6312945,4.208,1,-132.3,False,False,0,True
5,S0990,5.9164702,116.650652,S1043,5.9360702,116.6275559,3.358,1,-75.2,False,False,0,True
5,S0990,5.9164702,116.650652,S1044,5.9398281,116.6218703,4.108,1,-62.2,False,False,0,True
5,S0990,5.9164702,116.650652,S1046,5.9431707,116.6217402,4.363,1,-61.5,False,False,0,True
5,S0990,5.9164702,116.650652,S1048,5.9577252,116.6394034,4.753,1,-242.3,False,False,0,True
5,S0990,5.9164702,116.650652,S1049,5.945148,116.6327509,3.753,1,-125.3,False,False,0,True
5,S0993,5.9610547,116.5955176,S0997,5.9490421,116.5742441,2.705,1,-78.3,False,False,0,True
5,S0993,5.9610547,116.5955176,S1000,5.942872,116.5879609,2.188,1,-108.0,False,False,0,True
5,S0993,5.9610547,116.5955176,S1003,5.9715748,116.6005266,1.294,1,-3.2,False,False,0,True
5,S0993,5.9610547,116.5955176,S1010,5.9699241,116.610333,1.912,1,10.4,True,True,0,True
5,S0993,5.9610547,116.5955176,S1024,5.9428587,116.5545268,4.964,1,-125.5,False,False,0,True
5,S0993,5.9610547,116.5955176,S1040,5.9776888,116.6271793,3.96,1,-178.1,False,False,0,True
5,S0993,5.9610547,116.5955176,S1041,5.9616214,116.6317392,4.006,1,-110.0,False,False,0,True
5,S0993,5.9610547,116.5955176,S1042,5.9490482,116.6312945,4.176,1,-31.1,False,False,0,True
5,S0993,5.9610547,116.5955176,S1043,5.9360702,116.6275559,4.503,1,-42.1,False,False,0,True
5,S0993,5.9610547,116.5955176,S1044,5.9398281,116.6218703,3.75,1,3.4,True,False,0,True
5,S0993,5.9610547,116.5955176,S1046,5.9431707,116.6217402,3.516,1,7.6,True,True,0,True
5,S0993,5.9610547,116.5955176,S1047,5.967166,116.6315073,4.038,1,-172.9,False,False,0,True
5,S0993,5.9610547,116.5955176,S1048,5.9577252,116.6394034,4.868,1,-59.1,False,False,0,True
5,S0993,5.9610547,116.5955176,S1049,5.945148,116.6327509,4.482,1,-96.4,False,False,0,True
5,S0997,5.9490421,116.5742441,S0993,5.9610547,116.5955176,2.705,0,-83.1,False,False,0,True
5,S0997,5.9490421,116.5742441,S1000,5.942872,116.5879609,1.665,0,10.4,True,True,0,True
5,S0997,5.9490421,116.5742441,S1003,5.9715748,116.6005266,3.838,0,-230.3,False,False,0,True
5,S0997,5.9490421,116.5742441,S1010,5.9699241,116.610333,4.618,0,-179.9,False,False,0,True
5,S0997,5.9490421,116.5742441,S1019,5.9148989,116.5523936,4.5,0,-380.6,False,False,0,True
5,S0997,5.9490421,116.5742441,S1023,5.9285252,116.5524134,3.322,0,-395.2,False,False,0,True
5,S0997,5.9490421,116.5742441,S1024,5.9428587,116.5545268,2.286,0,-201.8,False,False,0,True
5,S0997,5.9490421,116.5742441,S1025,5.9272681,116.5622378,2.761,0,-417.1,False,False,0,True
5,S0997,5.9490421,116.5742441,S1050,5.9480847,116.5420322,3.564,0,-220.5,False,False,0,True
5,S0997,5.9490421,116.5742441,S1053,5.9458883,116.5351745,4.335,0,-212.1,False,False,0,True
5,S0997,5.9490421,116.5742441,S1054,5.9577048,116.5476671,3.093,0,-143.3,False,False,0,True
5,S1000,5.942872,116.5879609,S0993,5.9610547,116.5955176,2.188,0,-109.9,False,False,0,True
5,S1000,5.942872,116.5879609,S0997,5.9490421,116.5742441,1.665,0,11.7,True,True,0,True
5,S1000,5.942872,116.5879609,S1003,5.9715748,116.6005266,3.481,0,-198.7,False,False,0,True
5,S1000,5.942872,116.5879609,S1010,5.9699241,116.610333,3.895,0,-251.0,False,False,0,True
5,S1000,5.942872,116.5879609,S1023,5.9285252,116.5524134,4.243,0,-493.4,False,False,0,True
5,S1000,5.942872,116.5879609,S1024,5.9428587,116.5545268,3.698,0,-307.1,False,False,0,True
5,S1000,5.942872,116.5879609,S1025,5.9272681,116.5622378,3.332,0,-419.5,False,False,0,True
5,S1000,5.942872,116.5879609,S1042,5.9490482,116.6312945,4.842,0,-274.9,False,False,0,True
5,S1000,5.942872,116.5879609,S1043,5.9360702,116.6275559,4.444,0,-281.7,False,False,0,True
5,S1000,5.942872,116.5879609,S1044,5.9398281,116.6218703,3.766,0,-260.9,False,False,0,True
5,S1000,5.942872,116.5879609,S1046,5.9431707,116.6217402,3.736,0,-254.9,False,False,0,True
5,S1000,5.942872,116.5879609,S1049,5.945148,116.6327509,4.96,0,-266.1,False,False,0,True
5,S1000,5.942872,116.5879609,S1054,5.9577048,116.5476671,4.752,0,-178.9,False,False,0,True
5,S1002,5.9726888,116.5294,S1005,5.9767187,116.5296757,0.449,1,10.1,True,True,0,True
5,S1002,5.9726888,116.5294,S1006,6.0042032,116.5315391,3.512,1,-21.6,False,False,0,True
5,S1002,5.9726888,116.5294,S1024,5.9428587,116.5545268,4.327,1,-324.7,False,False,0,True
5,S1002,5.9726888,116.5294,S1050,5.9480847,116.5420322,3.072,1,-353.0,False,False,0,True
5,S1002,5.9726888,116.5294,S1053,5.9458883,116.5351745,3.048,1,-375.1,False,False,0,True
5,S1002,5.9726888,116.5294,S1054,5.9577048,116.5476671,2.619,1,-76.5,False,False,0,True
5,S1003,5.9715748,116.6005266,S0993,5.9610547,116.5955176,1.294,0,-19.6,False,False,0,True
5,S1003,5.9715748,116.6005266,S0997,5.9490421,116.5742441,3.838,0,-226.1,False,False,0,True
5,S1003,5.9715748,116.6005266,S1000,5.942872,116.5879609,3.481,0,-205.0,False,False,0,True
5,S1003,5.9715748,116.6005266,S1010,5.9699241,116.610333,1.1,0,10.2,True,True,0,True
5,S1003,5.9715748,116.6005266,S1040,5.9776888,116.6271793,3.025,0,-171.5,False,False,0,True
5,S1003,5.9715748,116.6005266,S1041,5.9616214,116.6317392,3.625,0,-185.1,False,False,0,True
5,S1003,5.9715748,116.6005266,S1042,5.9490482,116.6312945,4.225,0,-21.9,False,False,0,True
5,S1003,5.9715748,116.6005266,S1043,5.9360702,116.6275559,4.952,0,-89.8,False,False,0,True
5,S1003,5.9715748,116.6005266,S1044,5.9398281,116.6218703,4.247,0,-14.6,False,False,0,True
5,S1003,5.9715748,116.6005266,S1046,5.9431707,116.6217402,3.934,0,-5.0,False,False,0,True
5,S1003,5.9715748,116.6005266,S1047,5.967166,116.6315073,3.461,0,-208.4,False,False,0,True
5,S1003,5.9715748,116.6005266,S1048,5.9577252,116.6394034,4.567,0,-209.2,False,False,0,True
5,S1003,5.9715748,116.6005266,S1049,5.945148,116.6327509,4.619,0,-86.7,False,False,0,True
5,S1005,5.9767187,116.5296757,S1002,5.9726888,116.5294,0.449,0,9.8,True,True,0,True
5,S1005,5.9767187,116.5296757,S1006,6.0042032,116.5315391,3.063,0,-54.7,False,False,0,True
5,S1005,5.9767187,116.5296757,S1024,5.9428587,116.5545268,4.661,0,-342.9,False,False,0,True
5,S1005,5.9767187,116.5296757,S1050,5.9480847,116.5420322,3.465,0,-360.1,False,False,0,True
5,S1005,5.9767187,116.5296757,S1053,5.9458883,116.5351745,3.482,0,-374.7,False,False,0,True
5,S1005,5.9767187,116.5296757,S1054,5.9577048,116.5476671,2.903,0,-75.4,False,False,0,True
5,S1006,6.0042032,116.5315391,S1002,5.9726888,116.5294,3.512,0,-16.3,False,False,0,True
5,S1006,6.0042032,116.5315391,S1005,5.9767187,116.5296757,3.063,0,-51.9,False,False,0,True
5,S1008,5.864768,116.578317,S0078,5.8641269,116.5839984,0.632,0,-2.5,False,False,0,True
5,S1008,5.864768,116.578317,S0831,5.8661453,116.5365456,4.623,0,-251.4,False,False,0,True
5,S1008,5.864768,116.578317,S0988,5.8670441,116.5672761,1.247,0,1.8,True,False,0,True
5,S1008,5.864768,116.578317,S1020,5.8730698,116.5840241,1.118,0,10.1,True,True,0,True
5,S1008,5.864768,116.578317,S1026,5.898538,116.5572532,4.419,0,-217.6,False,False,0,True
5,S1010,5.9699241,116.610333,S0993,5.9610547,116.5955176,1.912,0,-6.3,False,False,0,True
5,S1010,5.9699241,116.610333,S0997,5.9490421,116.5742441,4.618,0,-181.8,False,False,0,True
5,S1010,5.9699241,116.610333,S1000,5.942872,116.5879609,3.895,0,-259.8,False,False,0,True
5,S1010,5.9699241,116.610333,S1003,5.9715748,116.6005266,1.1,0,9.4,True,True,0,True
5,S1010,5.9699241,116.610333,S1040,5.9776888,116.6271793,2.053,0,-181.1,False,False,0,True
5,S1010,5.9699241,116.610333,S1041,5.9616214,116.6317392,2.541,0,-174.0,False,False,0,True
5,S1010,5.9699241,116.610333,S1042,5.9490482,116.6312945,3.281,0,-84.2,False,False,0,True
5,S1010,5.9699241,116.610333,S1043,5.9360702,116.6275559,4.219,0,-124.4,False,False,0,True
5,S1010,5.9699241,116.610333,S1044,5.9398281,116.6218703,3.582,0,-33.1,False,False,0,True
5,S1010,5.9699241,116.610333,S1046,5.9431707,116.6217402,3.231,0,-20.6,False,False,0,True
5,S1010,5.9699241,116.610333,S1047,5.967166,116.6315073,2.362,0,-197.8,False,False,0,True
5,S1010,5.9699241,116.610333,S1048,5.9577252,116.6394034,3.489,0,-203.4,False,False,0,True
5,S1010,5.9699241,116.610333,S1049,5.945148,116.6327509,3.706,0,-46.0,False,False,0,True
5,S1019,5.9148989,116.5523936,S0997,5.9490421,116.5742441,4.5,0,-390.0,False,False,0,True
5,S1019,5.9148989,116.5523936,S1023,5.9285252,116.5524134,1.515,0,10.2,True,True,0,True
5,S1019,5.9148989,116.5523936,S1024,5.9428587,116.5545268,3.118,0,8.8,True,True,0,True
5,S1019,5.9148989,116.5523936,S1025,5.9272681,116.5622378,1.754,0,10.1,True,True,0,True
5,S1019,5.9148989,116.5523936,S1026,5.898538,116.5572532,1.897,0,-170.4,False,False,0,True
5,S1019,5.9148989,116.5523936,S1030,5.9197567,116.5389621,1.581,0,-108.9,False,False,0,True
5,S1019,5.9148989,116.5523936,S1034,5.9048187,116.5573592,1.248,0,-25.9,False,False,0,True
5,S1019,5.9148989,116.5523936,S1050,5.9480847,116.5420322,3.864,0,9.2,True,True,0,True
5,S1019,5.9148989,116.5523936,S1053,5.9458883,116.5351745,3.937,0,8.3,True,True,0,True
5,S1019,5.9148989,116.5523936,S1054,5.9577048,116.5476671,4.788,0,12.2,True,True,0,True
5,S1020,5.8730698,116.5840241,S0078,5.8641269,116.5839984,0.994,0,5.9,True,True,0,True
5,S1020,5.8730698,116.5840241,S0988,5.8670441,116.5672761,1.97,0,-109.4,False,False,0,True
5,S1020,5.8730698,116.5840241,S1008,5.864768,116.578317,1.118,0,8.0,True,True,0,True
5,S1020,5.8730698,116.5840241,S1026,5.898538,116.5572532,4.097,0,-30.3,False,False,0,True
5,S1020,5.8730698,116.5840241,S1034,5.9048187,116.5573592,4.6,0,-28.0,False,False,0,True
5,S1023,5.9285252,116.5524134,S0997,5.9490421,116.5742441,3.322,0,-402.2,False,False,0,True
5,S1023,5.9285252,116.5524134,S1000,5.942872,116.5879609,4.243,0,-494.0,False,False,0,True
5,S1023,5.9285252,116.5524134,S1019,5.9148989,116.5523936,1.515,0,9.5,True,True,0,True
5,S1023,5.9285252,116.5524134,S1024,5.9428587,116.5545268,1.611,0,1.9,True,False,0,True
5,S1023,5.9285252,116.5524134,S1025,5.9272681,116.5622378,1.096,0,-3.7,False,False,0,True
5,S1023,5.9285252,116.5524134,S1026,5.898538,116.5572532,3.377,0,-162.3,False,False,0,True
5,S1023,5.9285252,116.5524134,S1030,5.9197567,116.5389621,1.779,0,-61.9,False,False,0,True
5,S1023,5.9285252,116.5524134,S1034,5.9048187,116.5573592,2.692,0,17.2,True,True,0,True
5,S1023,5.9285252,116.5524134,S1050,5.9480847,116.5420322,2.459,0,9.1,True,True,0,True
5,S1023,5.9285252,116.5524134,S1053,5.9458883,116.5351745,2.713,0,7.0,True,True,0,True
5,S1023,5.9285252,116.5524134,S1054,5.9577048,116.5476671,3.287,0,8.9,True,True,0,True
5,S1024,5.9428587,116.5545268,S0993,5.9610547,116.5955176,4.964,1,-119.2,False,False,0,True
5,S1024,5.9428587,116.5545268,S0997,5.9490421,116.5742441,2.286,1,-205.5,False,False,0,True
5,S1024,5.9428587,116.5545268,S1000,5.942872,116.5879609,3.698,1,-302.2,False,False,0,True
5,S1024,5.9428587,116.5545268,S1002,5.9726888,116.5294,4.327,1,-325.1,False,False,0,True
5,S1024,5.9428587,116.5545268,S1005,5.9767187,116.5296757,4.661,1,-341.0,False,False,0,True
5,S1024,5.9428587,116.5545268,S1019,5.9148989,116.5523936,3.118,1,10.7,True,True,0,True
5,S1024,5.9428587,116.5545268,S1023,5.9285252,116.5524134,1.611,1,10.9,True,True,0,True
5,S1024,5.9428587,116.5545268,S1025,5.9272681,116.5622378,1.932,1,-15.1,False,False,0,True
5,S1024,5.9428587,116.5545268,S1026,5.898538,116.5572532,4.937,1,-127.0,False,False,0,True
5,S1024,5.9428587,116.5545268,S1030,5.9197567,116.5389621,3.092,1,4.2,True,False,0,True
5,S1024,5.9428587,116.5545268,S1034,5.9048187,116.5573592,4.241,1,20.1,True,True,0,True
5,S1024,5.9428587,116.5545268,S1050,5.9480847,116.5420322,1.499,1,9.9,True,True,0,True
5,S1024,5.9428587,116.5545268,S1053,5.9458883,116.5351745,2.167,1,9.2,True,True,0,True
5,S1024,5.9428587,116.5545268,S1054,5.9577048,116.5476671,1.817,1,-20.6,False,False,0,True
5,S1025,5.9272681,116.5622378,S0997,5.9490421,116.5742441,2.761,0,-417.9,False,False,0,True
5,S1025,5.9272681,116.5622378,S1000,5.942872,116.5879609,3.332,0,-415.1,False,False,0,True
5,S1025,5.9272681,116.5622378,S1019,5.9148989,116.5523936,1.754,0,10.0,True,True,0,True
5,S1025,5.9272681,116.5622378,S1023,5.9285252,116.5524134,1.096,0,-1.2,False,False,0,True
5,S1025,5.9272681,116.5622378,S1024,5.9428587,116.5545268,1.932,0,-22.1,False,False,0,True
5,S1025,5.9272681,116.5622378,S1026,5.898538,116.5572532,3.242,0,-142.3,False,False,0,True
5,S1025,5.9272681,116.5622378,S1030,5.9197567,116.5389621,2.706,0,-66.9,False,False,0,True
5,S1025,5.9272681,116.5622378,S1034,5.9048187,116.5573592,2.554,0,15.7,True,True,0,True
5,S1025,5.9272681,116.5622378,S1050,5.9480847,116.5420322,3.217,0,20.4,True,True,0,True
5,S1025,5.9272681,116.5622378,S1053,5.9458883,116.5351745,3.639,0,7.3,True,True,0,True
5,S1025,5.9272681,116.5622378,S1054,5.9577048,116.5476671,3.748,0,-51.7,False,False,0,True
5,S1026,5.898538,116.5572532,S0078,5.8641269,116.5839984,4.837,0,-287.0,False,False,0,True
5,S1026,5.898538,116.5572532,S0831,5.8661453,116.5365456,4.268,0,-223.6,False,False,0,True
5,S1026,5.898538,116.5572532,S0988,5.8670441,116.5672761,3.673,0,-299.0,False,False,0,True
5,S1026,5.898538,116.5572532,S1008,5.864768,116.578317,4.419,0,-225.7,False,False,0,True
5,S1026,5.898538,116.5572532,S1019,5.9148989,116.5523936,1.897,0,-161.8,False,False,0,True
5,S1026,5.898538,116.5572532,S1020,5.8730698,116.5840241,4.097,0,-47.0,False,False,0,True
5,S1026,5.898538,116.5572532,S1023,5.9285252,116.5524134,3.377,0,-148.5,False,False,0,True
5,S1026,5.898538,116.5572532,S1024,5.9428587,116.5545268,4.937,0,-111.3,False,False,0,True
5,S1026,5.898538,116.5572532,S1025,5.9272681,116.5622378,3.242,0,-129.1,False,False,0,True
5,S1026,5.898538,116.5572532,S1030,5.9197567,116.5389621,3.108,0,-196.7,False,False,0,True
5,S1026,5.898538,116.5572532,S1034,5.9048187,116.5573592,0.698,0,-72.4,False,False,0,True
5,S1030,5.9197567,116.5389621,S1019,5.9148989,116.5523936,1.581,0,-95.6,False,False,0,True
5,S1030,5.9197567,116.5389621,S1023,5.9285252,116.5524134,1.779,0,-47.4,False,False,0,True
5,S1030,5.9197567,116.5389621,S1024,5.9428587,116.5545268,3.092,0,9.7,True,True,0,True
5,S1030,5.9197567,116.5389621,S1025,5.9272681,116.5622378,2.706,0,-50.3,False,False,0,True
5,S1030,5.9197567,116.5389621,S1026,5.898538,116.5572532,3.108,0,-198.0,False,False,0,True
5,S1030,5.9197567,116.5389621,S1034,5.9048187,116.5573592,2.627,0,-78.3,False,False,0,True
5,S1030,5.9197567,116.5389621,S1050,5.9480847,116.5420322,3.168,0,9.5,True,True,0,True
5,S1030,5.9197567,116.5389621,S1053,5.9458883,116.5351745,2.936,0,9.2,True,True,0,True
5,S1030,5.9197567,116.5389621,S1054,5.9577048,116.5476671,4.328,0,5.0,True,True,0,True
5,S1034,5.9048187,116.5573592,S0831,5.8661453,116.5365456,4.878,0,-244.1,False,False,0,True
5,S1034,5.9048187,116.5573592,S0988,5.8670441,116.5672761,4.341,0,-262.7,False,False,0,True
5,S1034,5.9048187,116.5573592,S1019,5.9148989,116.5523936,1.248,0,-35.8,False,False,0,True
5,S1034,5.9048187,116.5573592,S1020,5.8730698,116.5840241,4.6,0,-24.1,False,False,0,True
5,S1034,5.9048187,116.5573592,S1023,5.9285252,116.5524134,2.692,0,12.8,True,True,0,True
5,S1034,5.9048187,116.5573592,S1024,5.9428587,116.5545268,4.241,0,10.0,True,True,0,True
5,S1034,5.9048187,116.5573592,S1025,5.9272681,116.5622378,2.554,0,10.7,True,True,0,True
5,S1034,5.9048187,116.5573592,S1026,5.898538,116.5572532,0.698,0,-64.4,False,False,0,True
5,S1034,5.9048187,116.5573592,S1030,5.9197567,116.5389621,2.627,0,-94.6,False,False,0,True
5,S1040,5.9776888,116.6271793,S0993,5.9610547,116.5955176,3.96,0,-167.7,False,False,0,True
5,S1040,5.9776888,116.6271793,S1003,5.9715748,116.6005266,3.025,0,-164.7,False,False,0,True
5,S1040,5.9776888,116.6271793,S1010,5.9699241,116.610333,2.053,0,-180.0,False,False,0,True
5,S1040,5.9776888,116.6271793,S1041,5.9616214,116.6317392,1.856,0,-50.0,False,False,0,True
5,S1040,5.9776888,116.6271793,S1042,5.9490482,116.6312945,3.217,0,-83.7,False,False,0,True
5,S1040,5.9776888,116.6271793,S1043,5.9360702,116.6275559,4.628,0,-193.4,False,False,0,True
5,S1040,5.9776888,116.6271793,S1044,5.9398281,116.6218703,4.251,0,-171.6,False,False,0,True
5,S1040,5.9776888,116.6271793,S1046,5.9431707,116.6217402,3.885,0,-158.0,False,False,0,True
5,S1040,5.9776888,116.6271793,S1047,5.967166,116.6315073,1.264,0,-2.9,False,False,0,True
5,S1040,5.9776888,116.6271793,S1048,5.9577252,116.6394034,2.599,0,10.7,True,True,0,True
5,S1040,5.9776888,116.6271793,S1049,5.945148,116.6327509,3.67,0,-58.9,False,False,0,True
5,S1041,5.9616214,116.6317392,S0993,5.9610547,116.5955176,4.006,0,-96.3,False,False,0,True
5,S1041,5.9616214,116.6317392,S1003,5.9715748,116.6005266,3.625,0,-175.4,False,False,0,True
5,S1041,5.9616214,116.6317392,S1010,5.9699241,116.610333,2.541,0,-167.9,False,False,0,True
5,S1041,5.9616214,116.6317392,S1040,5.9776888,116.6271793,1.856,0,-39.2,False,False,0,True
5,S1041,5.9616214,116.6317392,S1042,5.9490482,116.6312945,1.399,0,10.1,True,True,0,True
5,S1041,5.9616214,116.6317392,S1043,5.9360702,116.6275559,2.879,0,-157.5,False,False,0,True
5,S1041,5.9616214,116.6317392,S1044,5.9398281,116.6218703,2.658,0,-155.5,False,False,0,True
5,S1041,5.9616214,116.6317392,S1046,5.9431707,116.6217402,2.331,0,-123.7,False,False,0,True
5,S1041,5.9616214,116.6317392,S1047,5.967166,116.6315073,0.617,0,-26.9,False,False,0,True
5,S1041,5.9616214,116.6317392,S1048,5.9577252,116.6394034,0.952,0,10.5,True,True,0,True
5,S1041,5.9616214,116.6317392,S1049,5.945148,116.6327509,1.835,0,10.1,True,True,0,True
5,S1042,5.9490482,116.6312945,S0990,5.9164702,116.650652,4.208,0,-133.0,False,False,0,True
5,S1042,5.9490482,116.6312945,S0993,5.9610547,116.5955176,4.176,0,-12.5,False,False,0,True
5,S1042,5.9490482,116.6312945,S1000,5.942872,116.5879609,4.842,0,-288.1,False,False,0,True
5,S1042,5.9490482,116.6312945,S1003,5.9715748,116.6005266,4.225,0,-8.2,False,False,0,True
5,S1042,5.9490482,116.6312945,S1010,5.9699241,116.610333,3.281,0,-89.2,False,False,0,True
5,S1042,5.9490482,116.6312945,S1040,5.9776888,116.6271793,3.217,0,-85.8,False,False,0,True
5,S1042,5.9490482,116.6312945,S1041,5.9616214,116.6317392,1.399,0,10.0,True,True,0,True
5,S1042,5.9490482,116.6312945,S1043,5.9360702,116.6275559,1.501,0,-85.5,False,False,0,True
5,S1042,5.9490482,116.6312945,S1044,5.9398281,116.6218703,1.462,0,-91.9,False,False,0,True
5,S1042,5.9490482,116.6312945,S1046,5.9431707,116.6217402,1.242,0,-87.7,False,False,0,True
5,S1042,5.9490482,116.6312945,S1047,5.967166,116.6315073,2.015,0,-43.9,False,False,0,True
5,S1042,5.9490482,116.6312945,S1048,5.9577252,116.6394034,1.317,0,10.4,True,True,0,True
5,S1042,5.9490482,116.6312945,S1049,5.945148,116.6327509,0.463,0,5.1,True,True,0,True
5,S1043,5.9360702,116.6275559,S0990,5.9164702,116.650652,3.358,0,-88.8,False,False,0,True
5,S1043,5.9360702,116.6275559,S0993,5.9610547,116.5955176,4.503,0,-30.0,False,False,0,True
5,S1043,5.9360702,116.6275559,S1000,5.942872,116.5879609,4.444,0,-293.3,False,False,0,True
5,S1043,5.9360702,116.6275559,S1003,5.9715748,116.6005266,4.952,0,-79.2,False,False,0,True
5,S1043,5.9360702,116.6275559,S1010,5.9699241,116.610333,4.219,0,-116.3,False,False,0,True
5,S1043,5.9360702,116.6275559,S1040,5.9776888,116.6271793,4.628,0,-185.1,False,False,0,True
5,S1043,5.9360702,116.6275559,S1041,5.9616214,116.6317392,2.879,0,-153.9,False,False,0,True
5,S1043,5.9360702,116.6275559,S1042,5.9490482,116.6312945,1.501,0,-94.5,False,False,0,True
5,S1043,5.9360702,116.6275559,S1044,5.9398281,116.6218703,0.755,0,6.4,True,True,0,True
5,S1043,5.9360702,116.6275559,S1046,5.9431707,116.6217402,1.018,0,-0.8,False,False,0,True
5,S1043,5.9360702,116.6275559,S1047,5.967166,116.6315073,3.485,0,-164.7,False,False,0,True
5,S1043,5.9360702,116.6275559,S1048,5.9577252,116.6394034,2.741,0,-117.3,False,False,0,True
5,S1043,5.9360702,116.6275559,S1049,5.945148,116.6327509,1.161,0,-14.5,False,False,0,True
5,S1044,5.9398281,116.6218703,S0990,5.9164702,116.650652,4.108,0,-77.6,False,False,0,True
5,S1044,5.9398281,116.6218703,S0993,5.9610547,116.5955176,3.75,0,5.6,True,True,0,True
5,S1044,5.9398281,116.6218703,S1000,5.942872,116.5879609,3.766,0,-271.8,False,False,0,True
5,S1044,5.9398281,116.6218703,S1003,5.9715748,116.6005266,4.247,0,3.2,True,False,0,True
5,S1044,5.9398281,116.6218703,S1010,5.9699241,116.610333,3.582,0,-25.8,False,False,0,True
5,S1044,5.9398281,116.6218703,S1040,5.9776888,116.6271793,4.251,0,-177.8,False,False,0,True
5,S1044,5.9398281,116.6218703,S1041,5.9616214,116.6317392,2.658,0,-150.7,False,False,0,True
5,S1044,5.9398281,116.6218703,S1042,5.9490482,116.6312945,1.462,0,-101.7,False,False,0,True
5,S1044,5.9398281,116.6218703,S1043,5.9360702,116.6275559,0.755,0,10.4,True,True,0,True
5,S1044,5.9398281,116.6218703,S1046,5.9431707,116.6217402,0.372,0,7.5,True,True,0,True
5,S1044,5.9398281,116.6218703,S1047,5.967166,116.6315073,3.221,0,-147.0,False,False,0,True
5,S1044,5.9398281,116.6218703,S1048,5.9577252,116.6394034,2.779,0,-149.5,False,False,0,True
5,S1044,5.9398281,116.6218703,S1049,5.945148,116.6327509,1.341,0,-23.9,False,False,0,True
5,S1046,5.9431707,116.6217402,S0990,5.9164702,116.650652,4.363,0,-76.8,False,False,0,True
5,S1046,5.9431707,116.6217402,S0993,5.9610547,116.5955176,3.516,0,6.3,True,True,0,True
5,S1046,5.9431707,116.6217402,S1000,5.942872,116.5879609,3.736,0,-266.0,False,False,0,True
5,S1046,5.9431707,116.6217402,S1003,5.9715748,116.6005266,3.934,0,10.8,True,True,0,True
5,S1046,5.9431707,116.6217402,S1010,5.9699241,116.610333,3.231,0,-10.2,False,False,0,True
5,S1046,5.9431707,116.6217402,S1040,5.9776888,116.6271793,3.885,0,-162.8,False,False,0,True
5,S1046,5.9431707,116.6217402,S1041,5.9616214,116.6317392,2.331,0,-113.9,False,False,0,True
5,S1046,5.9431707,116.6217402,S1042,5.9490482,116.6312945,1.242,0,-97.0,False,False,0,True
5,S1046,5.9431707,116.6217402,S1043,5.9360702,116.6275559,1.018,0,9.9,True,True,0,True
5,S1046,5.9431707,116.6217402,S1044,5.9398281,116.6218703,0.372,0,9.8,True,True,0,True
5,S1046,5.9431707,116.6217402,S1047,5.967166,116.6315073,2.879,0,-107.1,False,False,0,True
5,S1046,5.9431707,116.6217402,S1048,5.9577252,116.6394034,2.537,0,-144.4,False,False,0,True
5,S1046,5.9431707,116.6217402,S1049,5.945148,116.6327509,1.237,0,-31.1,False,False,0,True
5,S1047,5.967166,116.6315073,S0993,5.9610547,116.5955176,4.038,0,-159.9,False,False,0,True
5,S1047,5.967166,116.6315073,S1003,5.9715748,116.6005266,3.461,0,-201.7,False,False,0,True
5,S1047,5.967166,116.6315073,S1010,5.9699241,116.610333,2.362,0,-196.1,False,False,0,True
5,S1047,5.967166,116.6315073,S1040,5.9776888,116.6271793,1.264,0,9.8,True,True,0,True
5,S1047,5.967166,116.6315073,S1041,5.9616214,116.6317392,0.617,0,-22.8,False,False,0,True
5,S1047,5.967166,116.6315073,S1042,5.9490482,116.6312945,2.015,0,-28.4,False,False,0,True
5,S1047,5.967166,116.6315073,S1043,5.9360702,116.6275559,3.485,0,-170.4,False,False,0,True
5,S1047,5.967166,116.6315073,S1044,5.9398281,116.6218703,3.221,0,-155.5,False,False,0,True
5,S1047,5.967166,116.6315073,S1046,5.9431707,116.6217402,2.879,0,-119.2,False,False,0,True
5,S1047,5.967166,116.6315073,S1048,5.9577252,116.6394034,1.366,0,10.5,True,True,0,True
5,S1047,5.967166,116.6315073,S1049,5.945148,116.6327509,2.452,0,-14.9,False,False,0,True
5,S1048,5.9577252,116.6394034,S0990,5.9164702,116.650652,4.753,0,-247.6,False,False,0,True
5,S1048,5.9577252,116.6394034,S0993,5.9610547,116.5955176,4.868,0,-51.7,False,False,0,True
5,S1048,5.9577252,116.6394034,S1003,5.9715748,116.6005266,4.567,0,-205.9,False,False,0,True
5,S1048,5.9577252,116.6394034,S1010,5.9699241,116.610333,3.489,0,-205.0,False,False,0,True
5,S1048,5.9577252,116.6394034,S1040,5.9776888,116.6271793,2.599,0,7.9,True,False,0,True
5,S1048,5.9577252,116.6394034,S1041,5.9616214,116.6317392,0.952,0,9.0,True,True,0,True
5,S1048,5.9577252,116.6394034,S1042,5.9490482,116.6312945,1.317,0,6.9,True,True,0,True
5,S1048,5.9577252,116.6394034,S1043,5.9360702,116.6275559,2.741,0,-123.0,False,False,0,True
5,S1048,5.9577252,116.6394034,S1044,5.9398281,116.6218703,2.779,0,-153.3,False,False,0,True
5,S1048,5.9577252,116.6394034,S1046,5.9431707,116.6217402,2.537,0,-150.4,False,False,0,True
5,S1048,5.9577252,116.6394034,S1047,5.967166,116.6315073,1.366,0,0.4,True,False,0,True
5,S1048,5.9577252,116.6394034,S1049,5.945148,116.6327509,1.58,0,1.9,True,False,0,True
5,S1049,5.945148,116.6327509,S0990,5.9164702,116.650652,3.753,0,-120.3,False,False,0,True
5,S1049,5.945148,116.6327509,S0993,5.9610547,116.5955176,4.482,0,-83.4,False,False,0,True
5,S1049,5.945148,116.6327509,S1000,5.942872,116.5879609,4.96,0,-279.2,False,False,0,True
5,S1049,5.945148,116.6327509,S1003,5.9715748,116.6005266,4.619,0,-72.1,False,False,0,True
5,S1049,5.945148,116.6327509,S1010,5.9699241,116.610333,3.706,0,-52.9,False,False,0,True
5,S1049,5.945148,116.6327509,S1040,5.9776888,116.6271793,3.67,0,-63.7,False,False,0,True
5,S1049,5.945148,116.6327509,S1041,5.9616214,116.6317392,1.835,0,10.1,True,True,0,True
5,S1049,5.945148,116.6327509,S1042,5.9490482,116.6312945,0.463,0,3.4,True,False,0,True
5,S1049,5.945148,116.6327509,S1043,5.9360702,116.6275559,1.161,0,-2.6,False,False,0,True
5,S1049,5.945148,116.6327509,S1044,5.9398281,116.6218703,1.341,0,-12.1,False,False,0,True
5,S1049,5.945148,116.6327509,S1046,5.9431707,116.6217402,1.237,0,-21.7,False,False,0,True
5,S1049,5.945148,116.6327509,S1047,5.967166,116.6315073,2.452,0,-30.9,False,False,0,True
5,S1049,5.945148,116.6327509,S1048,5.9577252,116.6394034,1.58,0,10.5,True,True,0,True
5,S1050,5.9480847,116.5420322,S0997,5.9490421,116.5742441,3.564,0,-233.3,False,False,0,True
5,S1050,5.9480847,116.5420322,S1002,5.9726888,116.5294,3.072,0,-350.3,False,False,0,True
5,S1050,5.9480847,116.5420322,S1005,5.9767187,116.5296757,3.465,0,-354.9,False,False,0,True
5,S1050,5.9480847,116.5420322,S1019,5.9148989,116.5523936,3.864,0,10.8,True,True,0,True
5,S1050,5.9480847,116.5420322,S1023,5.9285252,116.5524134,2.459,0,11.0,True,True,0,True
5,S1050,5.9480847,116.5420322,S1024,5.9428587,116.5545268,1.499,0,0.8,True,False,0,True
5,S1050,5.9480847,116.5420322,S1025,5.9272681,116.5622378,3.217,0,2.8,True,False,0,True
5,S1050,5.9480847,116.5420322,S1030,5.9197567,116.5389621,3.168,0,10.4,True,True,0,True
5,S1050,5.9480847,116.5420322,S1053,5.9458883,116.5351745,0.797,0,9.4,True,True,0,True
5,S1050,5.9480847,116.5420322,S1054,5.9577048,116.5476671,1.238,0,-15.4,False,False,0,True
5,S1053,5.9458883,116.5351745,S0997,5.9490421,116.5742441,4.335,0,-225.6,False,False,0,True
5,S1053,5.9458883,116.5351745,S1002,5.9726888,116.5294,3.048,0,-373.0,False,False,0,True
5,S1053,5.9458883,116.5351745,S1005,5.9767187,116.5296757,3.482,0,-371.9,False,False,0,True
5,S1053,5.9458883,116.5351745,S1019,5.9148989,116.5523936,3.937,0,10.0,True,True,0,True
5,S1053,5.9458883,116.5351745,S1023,5.9285252,116.5524134,2.713,0,11.1,True,True,0,True
5,S1053,5.9458883,116.5351745,S1024,5.9428587,116.5545268,2.167,0,6.2,True,True,0,True
5,S1053,5.9458883,116.5351745,S1025,5.9272681,116.5622378,3.639,0,4.0,True,True,0,True
5,S1053,5.9458883,116.5351745,S1030,5.9197567,116.5389621,2.936,0,10.5,True,True,0,True
5,S1053,5.9458883,116.5351745,S1050,5.9480847,116.5420322,0.797,0,-4.8,False,False,0,True
5,S1053,5.9458883,116.5351745,S1054,5.9577048,116.5476671,1.907,0,-21.6,False,False,0,True
5,S1054,5.9577048,116.5476671,S0997,5.9490421,116.5742441,3.093,0,-153.3,False,False,0,True
5,S1054,5.9577048,116.5476671,S1000,5.942872,116.5879609,4.752,0,-179.5,False,False,0,True
5,S1054,5.9577048,116.5476671,S1002,5.9726888,116.5294,2.619,0,-63.7,False,False,0,True
5,S1054,5.9577048,116.5476671,S1005,5.9767187,116.5296757,2.903,0,-62.1,False,False,0,True
5,S1054,5.9577048,116.5476671,S1019,5.9148989,116.5523936,4.788,0,11.3,True,True,0,True
5,S1054,5.9577048,116.5476671,S1023,5.9285252,116.5524134,3.287,0,11.4,True,True,0,True
5,S1054,5.9577048,116.5476671,S1024,5.9428587,116.5545268,1.817,0,-32.9,False,False,0,True
5,S1054,5.9577048,116.5476671,S1025,5.9272681,116.5622378,3.748,0,-47.7,False,False,0,True
5,S1054,5.9577048,116.5476671,S1030,5.9197567,116.5389621,4.328,0,15.8,True,True,0,True
5,S1054,5.9577048,116.5476671,S1050,5.9480847,116.5420322,1.238,0,-23.4,False,False,0,True
5,S1054,5.9577048,116.5476671,S1053,5.9458883,116.5351745,1.907,0,-12.9,False,False,0,True
5,S1073,5.1234242,116.3860528,S0636,5.1225003,116.3911099,0.569,0,8.7,True,True,0,True
5,S1073,5.1234242,116.3860528,S0648,5.1481891,116.3564896,4.278,0,9.1,True,True,0,True
5,S1073,5.1234242,116.3860528,S0650,5.1626227,116.3648085,4.953,0,10.5,True,True,0,True
5,S1073,5.1234242,116.3860528,S0651,5.1459778,116.3678933,3.215,0,6.2,True,False,0,True
5,S1073,5.1234242,116.3860528,S0593,5.117645,116.3432834,4.78,0,-91.9,False,False,0,True
5,S1074,5.1381847,116.2829209,S0114,5.1423979,116.289617,0.877,0,10.0,True,True,0,True
5,S1074,5.1381847,116.2829209,S1084,5.100738,116.3006846,4.605,0,1.6,True,False,0,True
5,S1076,5.4127509,116.2331743,S0057,5.4228974,116.209765,2.826,0,3.4,True,False,0,True
5,S1076,5.4127509,116.2331743,S0659,5.3797614,116.2340885,3.67,0,8.0,True,True,0,True
5,S1076,5.4127509,116.2331743,S0663,5.3891572,116.240027,2.731,0,10.1,True,True,0,True
5,S1076,5.4127509,116.2331743,S0665,5.4183322,116.2561088,2.614,0,10.0,True,True,0,True
5,S1076,5.4127509,116.2331743,S0669,5.3997077,116.2381822,1.553,0,9.4,True,True,0,True
5,S1076,5.4127509,116.2331743,S0671,5.4044747,116.2475115,1.835,0,10.1,True,True,0,True
5,S1076,5.4127509,116.2331743,S0673,5.3940265,116.2424715,2.323,0,12.3,True,True,0,True
5,S1076,5.4127509,116.2331743,S0679,5.4190511,116.2334792,0.701,0,10.0,True,True,0,True
5,S1076,5.4127509,116.2331743,S0682,5.426731,116.2391342,1.689,0,9.4,True,True,0,True
5,S1076,5.4127509,116.2331743,S0686,5.4356626,116.2497626,3.14,0,6.3,True,False,0,True
5,S1076,5.4127509,116.2331743,S0687,5.4457484,116.2570889,4.524,0,2.6,True,False,0,True
5,S1076,5.4127509,116.2331743,S0688,5.4307567,116.2278076,2.088,0,6.7,True,False,0,True
5,S1076,5.4127509,116.2331743,S0689,5.4176834,116.227837,0.806,0,9.7,True,True,0,True
5,S1076,5.4127509,116.2331743,S0769,5.4328911,116.1968184,4.606,0,1.5,True,False,0,True
5,S1083,5.3975112,116.1526828,S0759,5.3937999,116.1341623,2.091,0,-76.5,False,False,0,True
5,S1083,5.3975112,116.1526828,S0775,5.3928004,116.119851,3.672,0,-8.1,False,False,0,True
5,S1083,5.3975112,116.1526828,S0778,5.3908583,116.1417781,1.416,0,-75.0,False,False,0,True
5,S1186,5.3178138,116.1933541,S0656,5.3409493,116.1995303,2.662,0,-38.6,False,False,0,True
5,S1186,5.3178138,116.1933541,S0658,5.3467074,116.2097255,3.689,0,-48.8,False,False,0,True
5,S1186,5.3178138,116.1933541,S0715,5.2806717,116.1968127,4.148,0,-9.1,False,False,0,True
5,S1190,6.4860679,116.8662016,S0033,6.4764024,116.8436982,2.709,0,4.2,True,False,0,True
5,S1213,6.6776111,117.0855448,S1214,6.6688346,117.0750177,1.518,1,-0.8,False,False,0,True
5,S1213,6.6776111,117.0855448,S1238,6.6726134,117.0904352,0.775,1,6.7,True,True,0,True
5,S1214,6.6688346,117.0750177,S1213,6.6776111,117.0855448,1.518,0,-3.0,False,False,0,True
5,S1214,6.6688346,117.0750177,S1238,6.6726134,117.0904352,1.754,0,-41.5,False,False,0,True
5,S1238,6.6726134,117.0904352,S1213,6.6776111,117.0855448,0.775,0,7.4,True,True,0,True
5,S1238,6.6726134,117.0904352,S1214,6.6688346,117.0750177,1.754,0,-28.3,False,False,0,True
5,S1257,4.8602808,115.8774283,S0432,4.8645291,115.8777495,0.474,0,10.0,True,True,0,True
5,S1257,4.8602808,115.8774283,S0433,4.8621763,115.8897693,1.383,0,8.0,True,True,0,True
5,S1257,4.8602808,115.8774283,S1264,4.8380444,115.8888462,2.777,0,-23.2,False,False,0,True
5,S1257,4.8602808,115.8774283,S1265,4.8489683,115.8820235,1.357,0,2.4,True,False,0,True
5,S1257,4.8602808,115.8774283,S1270,4.8751133,115.9010094,3.09,0,1.0,True,False,0,True
5,S1257,4.8602808,115.8774283,S1273,4.8816281,115.9076972,4.109,0,4.3,True,False,0,True
5,S1257,4.8602808,115.8774283,S1274,4.8905928,115.9099937,4.937,0,-40.5,False,False,0,True
5,S1257,4.8602808,115.8774283,S1287,4.8626957,115.8968561,2.169,0,-1.0,False,False,0,True
5,S1257,4.8602808,115.8774283,S1290,4.8455687,115.8824868,1.729,0,-3.2,False,False,0,True
5,S1257,4.8602808,115.8774283,S1297,4.8680918,115.8841145,1.142,0,-3.9,False,False,0,True
5,S1262,4.9498512,115.9165432,S1267,4.9567649,115.9287947,1.56,0,4.8,True,False,0,True
5,S1262,4.9498512,115.9165432,S1275,4.9389728,115.9278051,1.738,0,8.4,True,True,0,True
5,S1262,4.9498512,115.9165432,S1282,4.9714154,115.8933589,3.514,0,-33.4,False,False,0,True
5,S1262,4.9498512,115.9165432,S1288,4.9828339,115.8918758,4.574,0,-8.9,False,False,0,True
5,S1262,4.9498512,115.9165432,S1292,4.931657,115.9209908,2.082,0,4.6,True,False,0,True
5,S1262,4.9498512,115.9165432,S1296,4.9424497,115.9189645,0.866,0,-5.5,False,False,0,True
5,S1262,4.9498512,115.9165432,S1299,4.9725045,115.9099196,2.624,0,-11.2,False,False,0,True
5,S1262,4.9498512,115.9165432,S1300,4.9350834,115.8993904,2.511,0,-1.9,False,False,0,True
5,S1262,4.9498512,115.9165432,S1307,4.9820097,115.8942416,4.346,0,-21.9,False,False,0,True
5,S1262,4.9498512,115.9165432,S1308,4.9617425,115.9377015,2.691,0,10.0,True,True,0,True
5,S1262,4.9498512,115.9165432,S1309,4.9686314,115.9343143,2.87,0,14.1,True,True,0,True
5,S1262,4.9498512,115.9165432,S1312,4.955506,115.9182353,0.656,0,2.8,True,False,0,True
5,S1264,4.8380444,115.8888462,S0432,4.8645291,115.8777495,3.191,0,-4.0,False,False,0,True
5,S1264,4.8380444,115.8888462,S0433,4.8621763,115.8897693,2.685,0,6.5,True,True,0,True
5,S1264,4.8380444,115.8888462,S1257,4.8602808,115.8774283,2.777,0,-20.6,False,False,0,True
5,S1264,4.8380444,115.8888462,S1265,4.8489683,115.8820235,1.431,0,-31.6,False,False,0,True
5,S1264,4.8380444,115.8888462,S1270,4.8751133,115.9010094,4.337,0,2.8,True,False,0,True
5,S1264,4.8380444,115.8888462,S1287,4.8626957,115.8968561,2.881,0,-0.2,False,False,0,True
5,S1264,4.8380444,115.8888462,S1289,4.7973202,115.8746945,4.792,0,-104.4,False,False,0,True
5,S1264,4.8380444,115.8888462,S1290,4.8455687,115.8824868,1.094,0,9.5,True,True,0,True
5,S1264,4.8380444,115.8888462,S1297,4.8680918,115.8841145,3.382,0,-3.7,False,False,0,True
5,S1265,4.8489683,115.8820235,S0432,4.8645291,115.8777495,1.794,0,10.0,True,True,0,True
5,S1265,4.8489683,115.8820235,S0433,4.8621763,115.8897693,1.701,0,7.2,True,True,0,True
5,S1265,4.8489683,115.8820235,S1257,4.8602808,115.8774283,1.357,0,7.7,True,True,0,True
5,S1265,4.8489683,115.8820235,S1264,4.8380444,115.8888462,1.431,0,-16.6,False,False,0,True
5,S1265,4.8489683,115.8820235,S1270,4.8751133,115.9010094,3.588,0,9.2,True,True,0,True
5,S1265,4.8489683,115.8820235,S1273,4.8816281,115.9076972,4.613,0,7.9,True,True,0,True
5,S1265,4.8489683,115.8820235,S1287,4.8626957,115.8968561,2.243,0,-1.9,False,False,0,True
5,S1265,4.8489683,115.8820235,S1290,4.8455687,115.8824868,0.381,0,-8.7,False,False,0,True
5,S1265,4.8489683,115.8820235,S1297,4.8680918,115.8841145,2.139,0,-3.6,False,False,0,True
5,S1266,4.9000969,115.8990228,S0432,4.8645291,115.8777495,4.604,0,-150.8,False,False,0,True
5,S1266,4.9000969,115.8990228,S0433,4.8621763,115.8897693,4.339,0,-92.1,False,False,0,True
5,S1266,4.9000969,115.8990228,S1270,4.8751133,115.9010094,2.787,0,-42.7,False,False,0,True
5,S1266,4.9000969,115.8990228,S1273,4.8816281,115.9076972,2.267,0,-71.9,False,False,0,True
5,S1266,4.9000969,115.8990228,S1274,4.8905928,115.9099937,1.611,0,-39.7,False,False,0,True
5,S1266,4.9000969,115.8990228,S1287,4.8626957,115.8968561,4.166,0,-56.6,False,False,0,True
5,S1266,4.9000969,115.8990228,S1292,4.931657,115.9209908,4.271,0,-22.8,False,False,0,True
5,S1266,4.9000969,115.8990228,S1293,4.8786559,115.9234644,3.608,0,-163.9,False,False,0,True
5,S1266,4.9000969,115.8990228,S1295,4.8950427,115.9239912,2.823,0,-76.0,False,False,0,True
5,S1266,4.9000969,115.8990228,S1297,4.8680918,115.8841145,3.923,0,-121.3,False,False,0,True
5,S1266,4.9000969,115.8990228,S1300,4.9350834,115.8993904,3.891,0,-1.5,False,False,0,True
5,S1267,4.9567649,115.9287947,S1262,4.9498512,115.9165432,1.56,0,7.6,True,True,0,True
5,S1267,4.9567649,115.9287947,S1275,4.9389728,115.9278051,1.981,0,10.0,True,True,0,True
5,S1267,4.9567649,115.9287947,S1282,4.9714154,115.8933589,4.25,0,-0.9,False,False,0,True
5,S1267,4.9567649,115.9287947,S1292,4.931657,115.9209908,2.923,0,8.4,True,True,0,True
5,S1267,4.9567649,115.9287947,S1296,4.9424497,115.9189645,1.929,0,-2.8,False,False,0,True
5,S1267,4.9567649,115.9287947,S1299,4.9725045,115.9099196,2.727,0,6.8,True,False,0,True
5,S1267,4.9567649,115.9287947,S1300,4.9350834,115.8993904,4.053,0,0.8,True,False,0,True
5,S1267,4.9567649,115.9287947,S1307,4.9820097,115.8942416,4.747,0,-6.7,False,False,0,True
5,S1267,4.9567649,115.9287947,S1308,4.9617425,115.9377015,1.131,0,10.0,True,True,0,True
5,S1267,4.9567649,115.9287947,S1309,4.9686314,115.9343143,1.454,0,14.0,True,True,0,True
5,S1267,4.9567649,115.9287947,S1312,4.955506,115.9182353,1.178,0,8.6,True,True,0,True
5,S1268,5.0300298,115.9677481,S1286,5.01491,115.9389239,3.608,0,-71.8,False,False,0,True
5,S1268,5.0300298,115.9677481,S1310,5.0057309,115.9360104,4.434,0,-97.6,False,False,0,True
5,S1268,5.0300298,115.9677481,S1313,5.0073294,115.9475247,3.375,0,-101.3,False,False,0,True
5,S1270,4.8751133,115.9010094,S0432,4.8645291,115.8777495,2.833,1,-10.9,False,False,0,True
5,S1270,4.8751133,115.9010094,S0433,4.8621763,115.8897693,1.903,1,7.0,True,True,0,True
5,S1270,4.8751133,115.9010094,S1257,4.8602808,115.8774283,3.09,1,-7.8,False,False,0,True
5,S1270,4.8751133,115.9010094,S1264,4.8380444,115.8888462,4.337,1,-14.7,False,False,0,True
5,S1270,4.8751133,115.9010094,S1265,4.8489683,115.8820235,3.588,1,2.9,True,False,0,True
5,S1270,4.8751133,115.9010094,S1266,4.9000969,115.8990228,2.787,1,-28.1,False,False,0,True
5,S1270,4.8751133,115.9010094,S1273,4.8816281,115.9076972,1.036,1,7.8,True,True,0,True
5,S1270,4.8751133,115.9010094,S1274,4.8905928,115.9099937,1.988,1,-33.2,False,False,0,True
5,S1270,4.8751133,115.9010094,S1287,4.8626957,115.8968561,1.455,1,6.1,True,False,0,True
5,S1270,4.8751133,115.9010094,S1290,4.8455687,115.8824868,3.874,1,7.1,True,True,0,True
5,S1270,4.8751133,115.9010094,S1293,4.8786559,115.9234644,2.519,1,-152.3,False,False,0,True
5,S1270,4.8751133,115.9010094,S1295,4.8950427,115.9239912,3.375,1,-65.1,False,False,0,True
5,S1270,4.8751133,115.9010094,S1297,4.8680918,115.8841145,2.028,1,5.0,True,True,0,True
5,S1273,4.8816281,115.9076972,S0432,4.8645291,115.8777495,3.824,0,-10.0,False,False,0,True
5,S1273,4.8816281,115.9076972,S0433,4.8621763,115.8897693,2.937,0,7.0,True,True,0,True
5,S1273,4.8816281,115.9076972,S1257,4.8602808,115.8774283,4.109,0,-3.6,False,False,0,True
5,S1273,4.8816281,115.9076972,S1265,4.8489683,115.8820235,4.613,0,4.7,True,False,0,True
5,S1273,4.8816281,115.9076972,S1266,4.9000969,115.8990228,2.267,0,-61.3,False,False,0,True
5,S1273,4.8816281,115.9076972,S1270,4.8751133,115.9010094,1.036,0,10.1,True,True,0,True
5,S1273,4.8816281,115.9076972,S1274,4.8905928,115.9099937,1.029,0,-17.9,False,False,0,True
5,S1273,4.8816281,115.9076972,S1287,4.8626957,115.8968561,2.424,0,10.2,True,True,0,True
5,S1273,4.8816281,115.9076972,S1290,4.8455687,115.8824868,4.887,0,8.6,True,True,0,True
5,S1273,4.8816281,115.9076972,S1293,4.8786559,115.9234644,1.778,0,-143.8,False,False,0,True
5,S1273,4.8816281,115.9076972,S1295,4.8950427,115.9239912,2.342,0,-42.7,False,False,0,True
5,S1273,4.8816281,115.9076972,S1297,4.8680918,115.8841145,3.015,0,-9.2,False,False,0,True
5,S1274,4.8905928,115.9099937,S0432,4.8645291,115.8777495,4.6,0,-70.2,False,False,0,True
5,S1274,4.8905928,115.9099937,S0433,4.8621763,115.8897693,3.874,0,-21.5,False,False,0,True
5,S1274,4.8905928,115.9099937,S1257,4.8602808,115.8774283,4.937,0,-28.9,False,False,0,True
5,S1274,4.8905928,115.9099937,S1266,4.9000969,115.8990228,1.611,0,-27.3,False,False,0,True
5,S1274,4.8905928,115.9099937,S1270,4.8751133,115.9010094,1.988,0,-19.2,False,False,0,True
5,S1274,4.8905928,115.9099937,S1273,4.8816281,115.9076972,1.029,0,-7.7,False,False,0,True
5,S1274,4.8905928,115.9099937,S1287,4.8626957,115.8968561,3.427,0,-17.0,False,False,0,True
5,S1274,4.8905928,115.9099937,S1292,4.931657,115.9209908,4.726,0,7.9,True,False,0,True
5,S1274,4.8905928,115.9099937,S1293,4.8786559,115.9234644,1.997,0,-134.4,False,False,0,True
5,S1274,4.8905928,115.9099937,S1295,4.8950427,115.9239912,1.628,0,-2.8,False,False,0,True
5,S1274,4.8905928,115.9099937,S1297,4.8680918,115.8841145,3.805,0,-72.5,False,False,0,True
5,S1275,4.9389728,115.9278051,S1262,4.9498512,115.9165432,1.738,0,-2.2,False,False,0,True
5,S1275,4.9389728,115.9278051,S1267,4.9567649,115.9287947,1.981,0,7.2,True,False,0,True
5,S1275,4.9389728,115.9278051,S1292,4.931657,115.9209908,1.11,0,10.1,True,True,0,True
5,S1275,4.9389728,115.9278051,S1295,4.8950427,115.9239912,4.903,0,-8.6,False,False,0,True
5,S1275,4.9389728,115.9278051,S1296,4.9424497,115.9189645,1.053,0,8.2,True,True,0,True
5,S1275,4.9389728,115.9278051,S1299,4.9725045,115.9099196,4.222,0,1.3,True,False,0,True
5,S1275,4.9389728,115.9278051,S1300,4.9350834,115.8993904,3.177,0,-4.1,False,False,0,True
5,S1275,4.9389728,115.9278051,S1308,4.9617425,115.9377015,2.759,0,10.0,True,True,0,True
5,S1275,4.9389728,115.9278051,S1309,4.9686314,115.9343143,3.376,0,14.0,True,True,0,True
5,S1275,4.9389728,115.9278051,S1312,4.955506,115.9182353,2.122,0,2.4,True,False,0,True
5,S1278,4.781721,115.8686313,S1289,4.7973202,115.8746945,1.86,1,-39.3,False,False,0,True
5,S1282,4.9714154,115.8933589,S1262,4.9498512,115.9165432,3.514,0,-29.7,False,False,0,True
5,S1282,4.9714154,115.8933589,S1267,4.9567649,115.9287947,4.25,0,11.1,True,True,0,True
5,S1282,4.9714154,115.8933589,S1288,4.9828339,115.8918758,1.28,0,-10.8,False,False,0,True
5,S1282,4.9714154,115.8933589,S1296,4.9424497,115.9189645,4.292,0,-31.5,False,False,0,True
5,S1282,4.9714154,115.8933589,S1299,4.9725045,115.9099196,1.839,0,-35.4,False,False,0,True
5,S1282,4.9714154,115.8933589,S1300,4.9350834,115.8993904,4.095,0,-33.7,False,False,0,True
5,S1282,4.9714154,115.8933589,S1307,4.9820097,115.8942416,1.182,0,-12.7,False,False,0,True
5,S1282,4.9714154,115.8933589,S1309,4.9686314,115.9343143,4.547,0,-8.0,False,False,0,True
5,S1282,4.9714154,115.8933589,S1312,4.955506,115.9182353,3.275,0,-6.1,False,False,0,True
5,S1286,5.01491,115.9389239,S0111,5.0186735,115.9059101,3.681,1,-10.7,False,False,0,True
5,S1286,5.01491,115.9389239,S1268,5.0300298,115.9677481,3.608,1,-83.2,False,False,0,True
5,S1286,5.01491,115.9389239,S1294,5.009984,115.9218609,1.968,1,6.2,True,False,0,True
5,S1286,5.01491,115.9389239,S1310,5.0057309,115.9360104,1.07,1,10.1,True,True,0,True
5,S1286,5.01491,115.9389239,S1313,5.0073294,115.9475247,1.272,1,7.7,True,True,0,True
5,S1286,5.01491,115.9389239,S1316,5.0042828,115.929199,1.599,1,8.2,True,True,0,True
5,S1287,4.8626957,115.8968561,S0432,4.8645291,115.8777495,2.127,0,-7.1,False,False,0,True
5,S1287,4.8626957,115.8968561,S0433,4.8621763,115.8897693,0.787,0,7.5,True,True,0,True
5,S1287,4.8626957,115.8968561,S1257,4.8602808,115.8774283,2.169,0,10.0,True,True,0,True
5,S1287,4.8626957,115.8968561,S1264,4.8380444,115.8888462,2.881,0,-16.4,False,False,0,True
5,S1287,4.8626957,115.8968561,S1265,4.8489683,115.8820235,2.243,0,1.8,True,False,0,True
5,S1287,4.8626957,115.8968561,S1266,4.9000969,115.8990228,4.166,0,-60.3,False,False,0,True
5,S1287,4.8626957,115.8968561,S1270,4.8751133,115.9010094,1.455,0,2.5,True,False,0,True
5,S1287,4.8626957,115.8968561,S1273,4.8816281,115.9076972,2.424,0,8.3,True,True,0,True
5,S1287,4.8626957,115.8968561,S1274,4.8905928,115.9099937,3.427,0,-33.6,False,False,0,True
5,S1287,4.8626957,115.8968561,S1290,4.8455687,115.8824868,2.482,0,3.9,True,False,0,True
5,S1287,4.8626957,115.8968561,S1293,4.8786559,115.9234644,3.441,0,-174.7,False,False,0,True
5,S1287,4.8626957,115.8968561,S1295,4.8950427,115.9239912,4.688,0,-107.2,False,False,0,True
5,S1287,4.8626957,115.8968561,S1297,4.8680918,115.8841145,1.534,0,2.2,True,False,0,True
5,S1288,4.9828339,115.8918758,S0111,5.0186735,115.9059101,4.278,0,-57.1,False,False,0,True
5,S1288,4.9828339,115.8918758,S1262,4.9498512,115.9165432,4.574,0,-16.7,False,False,0,True
5,S1288,4.9828339,115.8918758,S1282,4.9714154,115.8933589,1.28,0,-23.6,False,False,0,True
5,S1288,4.9828339,115.8918758,S1294,5.009984,115.9218609,4.489,0,0.7,True,False,0,True
5,S1288,4.9828339,115.8918758,S1299,4.9725045,115.9099196,2.305,0,9.5,True,True,0,True
5,S1288,4.9828339,115.8918758,S1307,4.9820097,115.8942416,0.278,0,10.1,True,True,0,True
5,S1288,4.9828339,115.8918758,S1309,4.9686314,115.9343143,4.959,0,-13.9,False,False,0,True
5,S1288,4.9828339,115.8918758,S1312,4.955506,115.9182353,4.214,0,-7.2,False,False,0,True
5,S1288,4.9828339,115.8918758,S1316,5.0042828,115.929199,4.773,0,10.4,True,True,0,True
5,S1289,4.7973202,115.8746945,S1264,4.8380444,115.8888462,4.792,0,-106.5,False,False,0,True
5,S1289,4.7973202,115.8746945,S1278,4.781721,115.8686313,1.86,0,-30.6,False,False,0,True
5,S1290,4.8455687,115.8824868,S0432,4.8645291,115.8777495,2.173,0,10.2,True,True,0,True
5,S1290,4.8455687,115.8824868,S0433,4.8621763,115.8897693,2.015,0,7.6,True,True,0,True
5,S1290,4.8455687,115.8824868,S1257,4.8602808,115.8774283,1.729,0,8.8,True,True,0,True
5,S1290,4.8455687,115.8824868,S1264,4.8380444,115.8888462,1.094,0,4.8,True,False,0,True
5,S1290,4.8455687,115.8824868,S1265,4.8489683,115.8820235,0.381,0,-11.9,False,False,0,True
5,S1290,4.8455687,115.8824868,S1270,4.8751133,115.9010094,3.874,0,12.3,True,True,0,True
5,S1290,4.8455687,115.8824868,S1273,4.8816281,115.9076972,4.887,0,9.0,True,True,0,True
5,S1290,4.8455687,115.8824868,S1287,4.8626957,115.8968561,2.482,0,2.1,True,False,0,True
5,S1290,4.8455687,115.8824868,S1297,4.8680918,115.8841145,2.511,0,0.7,True,False,0,True
5,S1292,4.931657,115.9209908,S1262,4.9498512,115.9165432,2.082,0,-9.6,False,False,0,True
5,S1292,4.931657,115.9209908,S1266,4.9000969,115.8990228,4.271,0,-12.9,False,False,0,True
5,S1292,4.931657,115.9209908,S1267,4.9567649,115.9287947,2.923,0,10.1,True,True,0,True
5,S1292,4.931657,115.9209908,S1274,4.8905928,115.9099937,4.726,0,14.2,True,True,0,True
5,S1292,4.931657,115.9209908,S1275,4.9389728,115.9278051,1.11,0,4.9,True,True,0,True
5,S1292,4.931657,115.9209908,S1295,4.8950427,115.9239912,4.085,0,-12.0,False,False,0,True
5,S1292,4.931657,115.9209908,S1296,4.9424497,115.9189645,1.221,0,7.1,True,True,0,True
5,S1292,4.931657,115.9209908,S1299,4.9725045,115.9099196,4.705,0,-11.8,False,False,0,True
5,S1292,4.931657,115.9209908,S1300,4.9350834,115.8993904,2.423,0,-1.8,False,False,0,True
5,S1292,4.931657,115.9209908,S1308,4.9617425,115.9377015,3.823,0,10.0,True,True,0,True
5,S1292,4.931657,115.9209908,S1309,4.9686314,115.9343143,4.368,0,14.0,True,True,0,True
5,S1292,4.931657,115.9209908,S1312,4.955506,115.9182353,2.669,0,-0.7,False,False,0,True
5,S1293,4.8786559,115.9234644,S0433,4.8621763,115.8897693,4.159,0,-163.7,False,False,0,True
5,S1293,4.8786559,115.9234644,S1266,4.9000969,115.8990228,3.608,0,-152.6,False,False,0,True
5,S1293,4.8786559,115.9234644,S1270,4.8751133,115.9010094,2.519,0,-140.3,False,False,0,True
5,S1293,4.8786559,115.9234644,S1273,4.8816281,115.9076972,1.778,0,-133.6,False,False,0,True
5,S1293,4.8786559,115.9234644,S1274,4.8905928,115.9099937,1.997,0,-128.5,False,False,0,True
5,S1293,4.8786559,115.9234644,S1287,4.8626957,115.8968561,3.441,0,-162.0,False,False,0,True
5,S1293,4.8786559,115.9234644,S1295,4.8950427,115.9239912,1.823,0,-24.5,False,False,0,True
5,S1293,4.8786559,115.9234644,S1297,4.8680918,115.8841145,4.515,0,-149.4,False,False,0,True
5,S1294,5.009984,115.9218609,S0111,5.0186735,115.9059101,2.014,0,5.9,True,True,0,True
5,S1294,5.009984,115.9218609,S1286,5.01491,115.9389239,1.968,0,6.9,True,False,0,True
5,S1294,5.009984,115.9218609,S1288,4.9828339,115.8918758,4.489,0,-11.6,False,False,0,True
5,S1294,5.009984,115.9218609,S1299,4.9725045,115.9099196,4.372,0,-36.3,False,False,0,True
5,S1294,5.009984,115.9218609,S1307,4.9820097,115.8942416,4.363,0,-29.4,False,False,0,True
5,S1294,5.009984,115.9218609,S1309,4.9686314,115.9343143,4.801,0,-11.2,False,False,0,True
5,S1294,5.009984,115.9218609,S1310,5.0057309,115.9360104,1.637,0,9.1,True,True,0,True
5,S1294,5.009984,115.9218609,S1313,5.0073294,115.9475247,2.858,0,9.9,True,True,0,True
5,S1294,5.009984,115.9218609,S1316,5.0042828,115.929199,1.031,0,10.1,True,True,0,True
5,S1295,4.8950427,115.9239912,S1266,4.9000969,115.8990228,2.823,0,-80.1,False,False,0,True
5,S1295,4.8950427,115.9239912,S1270,4.8751133,115.9010094,3.375,0,-63.0,False,False,0,True
5,S1295,4.8950427,115.9239912,S1273,4.8816281,115.9076972,2.342,0,-48.6,False,False,0,True
5,S1295,4.8950427,115.9239912,S1274,4.8905928,115.9099937,1.628,0,-13.0,False,False,0,True
5,S1295,4.8950427,115.9239912,S1275,4.9389728,115.9278051,4.903,0,-19.5,False,False,0,True
5,S1295,4.8950427,115.9239912,S1287,4.8626957,115.8968561,4.688,0,-98.7,False,False,0,True
5,S1295,4.8950427,115.9239912,S1292,4.931657,115.9209908,4.085,0,-11.5,False,False,0,True
5,S1295,4.8950427,115.9239912,S1293,4.8786559,115.9234644,1.823,0,-15.9,False,False,0,True
5,S1296,4.9424497,115.9189645,S1262,4.9498512,115.9165432,0.866,0,-6.8,False,False,0,True
5,S1296,4.9424497,115.9189645,S1267,4.9567649,115.9287947,1.929,0,10.1,True,True,0,True
5,S1296,4.9424497,115.9189645,S1275,4.9389728,115.9278051,1.053,0,8.3,True,True,0,True
5,S1296,4.9424497,115.9189645,S1282,4.9714154,115.8933589,4.292,0,-47.5,False,False,0,True
5,S1296,4.9424497,115.9189645,S1292,4.931657,115.9209908,1.221,0,7.0,True,True,0,True
5,S1296,4.9424497,115.9189645,S1299,4.9725045,115.9099196,3.489,0,-12.3,False,False,0,True
5,S1296,4.9424497,115.9189645,S1300,4.9350834,115.8993904,2.318,0,-6.0,False,False,0,True
5,S1296,4.9424497,115.9189645,S1308,4.9617425,115.9377015,2.985,0,10.0,True,True,0,True
5,S1296,4.9424497,115.9189645,S1309,4.9686314,115.9343143,3.372,0,10.9,True,True,0,True
5,S1296,4.9424497,115.9189645,S1312,4.955506,115.9182353,1.454,0,-1.9,False,False,0,True
5,S1297,4.8680918,115.8841145,S0432,4.8645291,115.8777495,0.809,0,4.0,True,False,0,True
5,S1297,4.8680918,115.8841145,S0433,4.8621763,115.8897693,0.908,0,4.9,True,False,0,True
5,S1297,4.8680918,115.8841145,S1257,4.8602808,115.8774283,1.142,0,3.9,True,False,0,True
5,S1297,4.8680918,115.8841145,S1264,4.8380444,115.8888462,3.382,0,-15.8,False,False,0,True
5,S1297,4.8680918,115.8841145,S1265,4.8489683,115.8820235,2.139,0,9.3,True,True,0,True
5,S1297,4.8680918,115.8841145,S1266,4.9000969,115.8990228,3.923,0,-115.1,False,False,0,True
5,S1297,4.8680918,115.8841145,S1270,4.8751133,115.9010094,2.028,0,0.9,True,False,0,True
5,S1297,4.8680918,115.8841145,S1273,4.8816281,115.9076972,3.015,0,-19.1,False,False,0,True
5,S1297,4.8680918,115.8841145,S1274,4.8905928,115.9099937,3.805,0,-62.1,False,False,0,True
5,S1297,4.8680918,115.8841145,S1287,4.8626957,115.8968561,1.534,0,8.6,True,True,0,True
5,S1297,4.8680918,115.8841145,S1290,4.8455687,115.8824868,2.511,0,3.0,True,False,0,True
5,S1297,4.8680918,115.8841145,S1293,4.8786559,115.9234644,4.515,0,-164.4,False,False,0,True
5,S1299,4.9725045,115.9099196,S1262,4.9498512,115.9165432,2.624,1,0.5,True,False,0,True
5,S1299,4.9725045,115.9099196,S1267,4.9567649,115.9287947,2.727,1,10.7,True,True,0,True
5,S1299,4.9725045,115.9099196,S1275,4.9389728,115.9278051,4.222,1,9.4,True,True,0,True
5,S1299,4.9725045,115.9099196,S1282,4.9714154,115.8933589,1.839,1,-28.8,False,False,0,True
5,S1299,4.9725045,115.9099196,S1288,4.9828339,115.8918758,2.305,1,9.3,True,True,0,True
5,S1299,4.9725045,115.9099196,S1292,4.931657,115.9209908,4.705,1,0.7,True,False,0,True
5,S1299,4.9725045,115.9099196,S1294,5.009984,115.9218609,4.372,1,-20.7,False,False,0,True
5,S1299,4.9725045,115.9099196,S1296,4.9424497,115.9189645,3.489,1,-10.1,False,False,0,True
5,S1299,4.9725045,115.9099196,S1300,4.9350834,115.8993904,4.321,1,-9.2,False,False,0,True
5,S1299,4.9725045,115.9099196,S1307,4.9820097,115.8942416,2.033,1,-11.8,False,False,0,True
5,S1299,4.9725045,115.9099196,S1308,4.9617425,115.9377015,3.302,1,-4.5,False,False,0,True
5,S1299,4.9725045,115.9099196,S1309,4.9686314,115.9343143,2.736,1,-13.0,False,False,0,True
5,S1299,4.9725045,115.9099196,S1310,5.0057309,115.9360104,4.691,1,-17.2,False,False,0,True
5,S1299,4.9725045,115.9099196,S1312,4.955506,115.9182353,2.103,1,6.5,True,False,0,True
5,S1299,4.9725045,115.9099196,S1316,5.0042828,115.929199,4.129,1,-11.5,False,False,0,True
5,S1300,4.9350834,115.8993904,S1262,4.9498512,115.9165432,2.511,0,7.4,True,True,0,True
5,S1300,4.9350834,115.8993904,S1266,4.9000969,115.8990228,3.891,0,-0.6,False,False,0,True
5,S1300,4.9350834,115.8993904,S1267,4.9567649,115.9287947,4.053,0,9.0,True,True,0,True
5,S1300,4.9350834,115.8993904,S1275,4.9389728,115.9278051,3.177,0,4.5,True,False,0,True
5,S1300,4.9350834,115.8993904,S1282,4.9714154,115.8933589,4.095,0,-51.2,False,False,0,True
5,S1300,4.9350834,115.8993904,S1292,4.931657,115.9209908,2.423,0,-4.3,False,False,0,True
5,S1300,4.9350834,115.8993904,S1296,4.9424497,115.9189645,2.318,0,-7.0,False,False,0,True
5,S1300,4.9350834,115.8993904,S1299,4.9725045,115.9099196,4.321,0,-24.8,False,False,0,True
5,S1300,4.9350834,115.8993904,S1312,4.955506,115.9182353,3.085,0,0.3,True,False,0,True
5,S1307,4.9820097,115.8942416,S0111,5.0186735,115.9059101,4.277,0,-52.0,False,False,0,True
5,S1307,4.9820097,115.8942416,S1262,4.9498512,115.9165432,4.346,0,-13.9,False,False,0,True
5,S1307,4.9820097,115.8942416,S1267,4.9567649,115.9287947,4.747,0,11.1,True,True,0,True
5,S1307,4.9820097,115.8942416,S1282,4.9714154,115.8933589,1.182,0,-24.5,False,False,0,True
5,S1307,4.9820097,115.8942416,S1288,4.9828339,115.8918758,0.278,0,9.2,True,True,0,True
5,S1307,4.9820097,115.8942416,S1294,5.009984,115.9218609,4.363,0,-11.0,False,False,0,True
5,S1307,4.9820097,115.8942416,S1299,4.9725045,115.9099196,2.033,0,6.3,True,True,0,True
5,S1307,4.9820097,115.8942416,S1309,4.9686314,115.9343143,4.682,0,-19.8,False,False,0,True
5,S1307,4.9820097,115.8942416,S1312,4.955506,115.9182353,3.969,0,-24.7,False,False,0,True
5,S1307,4.9820097,115.8942416,S1316,5.0042828,115.929199,4.597,0,-11.3,False,False,0,True
5,S1308,4.9617425,115.9377015,S1262,4.9498512,115.9165432,2.691,0,7.7,True,True,0,True
5,S1308,4.9617425,115.9377015,S1267,4.9567649,115.9287947,1.131,0,10.0,True,True,0,True
5,S1308,4.9617425,115.9377015,S1275,4.9389728,115.9278051,2.759,0,6.0,True,False,0,True
5,S1308,4.9617425,115.9377015,S1292,4.931657,115.9209908,3.823,0,9.4,True,True,0,True
5,S1308,4.9617425,115.9377015,S1296,4.9424497,115.9189645,2.985,0,5.9,True,True,0,True
5,S1308,4.9617425,115.9377015,S1299,4.9725045,115.9099196,3.302,0,-11.8,False,False,0,True
5,S1308,4.9617425,115.9377015,S1309,4.9686314,115.9343143,0.853,0,10.1,True,True,0,True
5,S1308,4.9617425,115.9377015,S1310,5.0057309,115.9360104,4.895,0,-91.4,False,False,0,True
5,S1308,4.9617425,115.9377015,S1312,4.955506,115.9182353,2.265,0,8.1,True,True,0,True
5,S1308,4.9617425,115.9377015,S1316,5.0042828,115.929199,4.823,0,-54.6,False,False,0,True
5,S1309,4.9686314,115.9343143,S1262,4.9498512,115.9165432,2.87,0,7.3,True,True,0,True
5,S1309,4.9686314,115.9343143,S1267,4.9567649,115.9287947,1.454,0,10.1,True,True,0,True
5,S1309,4.9686314,115.9343143,S1275,4.9389728,115.9278051,3.376,0,8.5,True,False,0,True
5,S1309,4.9686314,115.9343143,S1282,4.9714154,115.8933589,4.547,0,-8.0,False,False,0,True
5,S1309,4.9686314,115.9343143,S1288,4.9828339,115.8918758,4.959,0,-2.2,False,False,0,True
5,S1309,4.9686314,115.9343143,S1292,4.931657,115.9209908,4.368,0,8.7,True,False,0,True
5,S1309,4.9686314,115.9343143,S1294,5.009984,115.9218609,4.801,0,-12.3,False,False,0,True
5,S1309,4.9686314,115.9343143,S1296,4.9424497,115.9189645,3.372,0,-6.2,False,False,0,True
5,S1309,4.9686314,115.9343143,S1299,4.9725045,115.9099196,2.736,0,-18.5,False,False,0,True
5,S1309,4.9686314,115.9343143,S1307,4.9820097,115.8942416,4.682,0,-16.5,False,False,0,True
5,S1309,4.9686314,115.9343143,S1308,4.9617425,115.9377015,0.853,0,7.0,True,True,0,True
5,S1309,4.9686314,115.9343143,S1310,5.0057309,115.9360104,4.13,0,-56.6,False,False,0,True
5,S1309,4.9686314,115.9343143,S1312,4.955506,115.9182353,2.303,0,7.9,True,True,0,True
5,S1309,4.9686314,115.9343143,S1313,5.0073294,115.9475247,4.545,0,-93.4,False,False,0,True
5,S1309,4.9686314,115.9343143,S1316,5.0042828,115.929199,4.005,0,-29.5,False,False,0,True
5,S1310,5.0057309,115.9360104,S0111,5.0186735,115.9059101,3.632,0,6.2,True,True,0,True
5,S1310,5.0057309,115.9360104,S1268,5.0300298,115.9677481,4.434,0,-110.8,False,False,0,True
5,S1310,5.0057309,115.9360104,S1286,5.01491,115.9389239,1.07,0,10.1,True,True,0,True
5,S1310,5.0057309,115.9360104,S1294,5.009984,115.9218609,1.637,0,8.4,True,True,0,True
5,S1310,5.0057309,115.9360104,S1299,4.9725045,115.9099196,4.691,0,-26.7,False,False,0,True
5,S1310,5.0057309,115.9360104,S1308,4.9617425,115.9377015,4.895,0,-98.0,False,False,0,True
5,S1310,5.0057309,115.9360104,S1309,4.9686314,115.9343143,4.13,0,-68.9,False,False,0,True
5,S1310,5.0057309,115.9360104,S1313,5.0073294,115.9475247,1.288,0,9.8,True,True,0,True
5,S1310,5.0057309,115.9360104,S1316,5.0042828,115.929199,0.771,0,8.3,True,True,0,True
5,S1312,4.955506,115.9182353,S1262,4.9498512,115.9165432,0.656,0,8.7,True,True,0,True
5,S1312,4.955506,115.9182353,S1267,4.9567649,115.9287947,1.178,0,10.1,True,True,0,True
5,S1312,4.955506,115.9182353,S1275,4.9389728,115.9278051,2.122,0,8.3,True,True,0,True
5,S1312,4.955506,115.9182353,S1282,4.9714154,115.8933589,3.275,0,-15.1,False,False,0,True
5,S1312,4.955506,115.9182353,S1288,4.9828339,115.8918758,4.214,0,-11.4,False,False,0,True
5,S1312,4.955506,115.9182353,S1292,4.931657,115.9209908,2.669,0,4.9,True,False,0,True
5,S1312,4.955506,115.9182353,S1296,4.9424497,115.9189645,1.454,0,-8.1,False,False,0,True
5,S1312,4.955506,115.9182353,S1299,4.9725045,115.9099196,2.103,0,-1.6,False,False,0,True
5,S1312,4.955506,115.9182353,S1300,4.9350834,115.8993904,3.085,0,-3.1,False,False,0,True
5,S1312,4.955506,115.9182353,S1307,4.9820097,115.8942416,3.969,0,-29.8,False,False,0,True
5,S1312,4.955506,115.9182353,S1308,4.9617425,115.9377015,2.265,0,10.0,True,True,0,True
5,S1312,4.955506,115.9182353,S1309,4.9686314,115.9343143,2.303,0,14.0,True,True,0,True
5,S1313,5.0073294,115.9475247,S0111,5.0186735,115.9059101,4.779,0,3.2,True,False,0,True
5,S1313,5.0073294,115.9475247,S1268,5.0300298,115.9677481,3.375,0,-110.6,False,False,0,True
5,S1313,5.0073294,115.9475247,S1286,5.01491,115.9389239,1.272,0,10.2,True,True,0,True
5,S1313,5.0073294,115.9475247,S1294,5.009984,115.9218609,2.858,0,10.1,True,True,0,True
5,S1313,5.0073294,115.9475247,S1309,4.9686314,115.9343143,4.545,0,-102.0,False,False,0,True
5,S1313,5.0073294,115.9475247,S1310,5.0057309,115.9360104,1.288,0,10.2,True,True,0,True
5,S1313,5.0073294,115.9475247,S1316,5.0042828,115.929199,2.058,0,8.5,True,True,0,True
5,S1315,5.122124,116.0012316,S1318,5.117836,115.966963,3.825,1,-98.9,False,False,0,True
5,S1316,5.0042828,115.929199,S0111,5.0186735,115.9059101,3.036,0,6.0,True,True,0,True
5,S1316,5.0042828,115.929199,S1286,5.01491,115.9389239,1.599,0,10.1,True,True,0,True
5,S1316,5.0042828,115.929199,S1288,4.9828339,115.8918758,4.773,0,-2.9,False,False,0,True
5,S1316,5.0042828,115.929199,S1294,5.009984,115.9218609,1.031,0,5.9,True,True,0,True
5,S1316,5.0042828,115.929199,S1299,4.9725045,115.9099196,4.129,0,-26.8,False,False,0,True
5,S1316,5.0042828,115.929199,S1307,4.9820097,115.8942416,4.597,0,-30.0,False,False,0,True
5,S1316,5.0042828,115.929199,S1308,4.9617425,115.9377015,4.823,0,-61.3,False,False,0,True
5,S1316,5.0042828,115.929199,S1309,4.9686314,115.9343143,4.005,0,-41.4,False,False,0,True
5,S1316,5.0042828,115.929199,S1310,5.0057309,115.9360104,0.771,0,8.6,True,True,0,True
5,S1316,5.0042828,115.929199,S1313,5.0073294,115.9475247,2.058,0,9.9,True,True,0,True
5,S1318,5.117836,115.966963,S1315,5.122124,116.0012316,3.825,0,-99.9,False,False,0,True
5,S1323,5.2775082,119.214677,S1322,5.2335919,119.2067601,4.961,1,9.9,True,True,0,True
5,S1333,4.6544051,118.2607451,S1334,4.6596024,118.2888423,3.167,1,-28.3,False,False,0,True
5,S1333,4.6544051,118.2607451,S1335,4.6530187,118.2946921,3.765,1,-16.4,False,False,0,True
5,S1333,4.6544051,118.2607451,S1336,4.6562419,118.2945101,3.748,1,-20.4,False,False,0,True
5,S1333,4.6544051,118.2607451,S1337,4.6596061,118.2787498,2.078,1,3.0,True,False,0,True
5,S1333,4.6544051,118.2607451,S1338,4.6567709,118.2701645,1.077,1,-0.4,False,False,0,True
5,S1334,4.6596024,118.2888423,S1333,4.6544051,118.2607451,3.167,0,-17.0,False,False,0,True
5,S1334,4.6596024,118.2888423,S1335,4.6530187,118.2946921,0.978,0,9.1,True,True,0,True
5,S1334,4.6596024,118.2888423,S1336,4.6562419,118.2945101,0.731,0,10.1,True,True,0,True
5,S1334,4.6596024,118.2888423,S1337,4.6596061,118.2787498,1.119,0,1.5,True,False,0,True
5,S1334,4.6596024,118.2888423,S1338,4.6567709,118.2701645,2.094,0,-9.3,False,False,0,True
5,S1335,4.6530187,118.2946921,S1333,4.6544051,118.2607451,3.765,0,-31.5,False,False,0,True
5,S1335,4.6530187,118.2946921,S1334,4.6596024,118.2888423,0.978,0,10.1,True,True,0,True
5,S1335,4.6530187,118.2946921,S1336,4.6562419,118.2945101,0.359,0,10.1,True,True,0,True
5,S1335,4.6530187,118.2946921,S1337,4.6596061,118.2787498,1.913,0,-32.8,False,False,0,True
5,S1335,4.6530187,118.2946921,S1338,4.6567709,118.2701645,2.75,0,-12.6,False,False,0,True
5,S1336,4.6562419,118.2945101,S1333,4.6544051,118.2607451,3.748,0,-34.5,False,False,0,True
5,S1336,4.6562419,118.2945101,S1334,4.6596024,118.2888423,0.731,0,10.1,True,True,0,True
5,S1336,4.6562419,118.2945101,S1335,4.6530187,118.2946921,0.359,0,10.0,True,True,0,True
5,S1336,4.6562419,118.2945101,S1337,4.6596061,118.2787498,1.786,0,-17.4,False,False,0,True
5,S1336,4.6562419,118.2945101,S1338,4.6567709,118.2701645,2.699,0,-14.9,False,False,0,True
5,S1337,4.6596061,118.2787498,S1333,4.6544051,118.2607451,2.078,0,1.4,True,False,0,True
5,S1337,4.6596061,118.2787498,S1334,4.6596024,118.2888423,1.119,0,-1.2,False,False,0,True
5,S1337,4.6596061,118.2787498,S1335,4.6530187,118.2946921,1.913,0,-24.6,False,False,0,True
5,S1337,4.6596061,118.2787498,S1336,4.6562419,118.2945101,1.786,0,-8.6,False,False,0,True
5,S1337,4.6596061,118.2787498,S1338,4.6567709,118.2701645,1.002,0,8.7,True,True,0,True
5,S1338,4.6567709,118.2701645,S1333,4.6544051,118.2607451,1.077,0,1.2,True,False,0,True
5,S1338,4.6567709,118.2701645,S1334,4.6596024,118.2888423,2.094,0,-16.8,False,False,0,True
5,S1338,4.6567709,118.2701645,S1335,4.6530187,118.2946921,2.75,0,-13.5,False,False,0,True
5,S1338,4.6567709,118.2701645,S1336,4.6562419,118.2945101,2.699,0,-10.7,False,False,0,True
5,S1338,4.6567709,118.2701645,S1337,4.6596061,118.2787498,1.002,0,3.3,True,False,0,True
5,S1345,4.7240551,118.1892659,S1346,4.7108573,118.2130149,3.013,1,9.8,True,True,0,True
5,S1345,4.7240551,118.1892659,S1347,4.7042168,118.2035741,2.717,1,10.0,True,True,0,True
5,S1346,4.7108573,118.2130149,S1345,4.7240551,118.1892659,3.013,0,4.8,True,False,0,True
5,S1346,4.7108573,118.2130149,S1347,4.7042168,118.2035741,1.281,0,9.6,True,True,0,True
5,S1347,4.7042168,118.2035741,S1345,4.7240551,118.1892659,2.717,0,4.2,True,False,0,True
5,S1347,4.7042168,118.2035741,S1346,4.7108573,118.2130149,1.281,0,10.1,True,True,0,True
5,S1365,5.9484425,118.0140645,S0196,5.9479941,118.014302,0.056,0,10.1,True,True,0,True
5,S1366,5.9945988,117.9113975,S0205,5.9696538,117.9102422,2.777,0,6.4,True,False,0,True
5,S1375,6.0192661,116.1981364,S1421,6.0579997,116.2132233,4.619,1,-276.4,False,False,0,True
5,S1375,6.0192661,116.1981364,S1428,6.0023531,116.2380284,4.796,1,-365.6,False,False,0,True
5,S1382,6.2253902,116.2167048,S0138,6.2478396,116.2403592,3.615,0,7.0,True,True,0,True
5,S1382,6.2253902,116.2167048,S1390,6.2252622,116.2206638,0.438,0,10.1,True,True,0,True
5,S1386,6.0582824,116.282368,S0132,6.0508758,116.2835896,0.835,0,-1.4,False,False,0,True
5,S1390,6.2252622,116.2206638,S0138,6.2478396,116.2403592,3.323,0,-23.0,False,False,0,True
5,S1390,6.2252622,116.2206638,S1382,6.2253902,116.2167048,0.438,0,10.1,True,True,0,True
5,S1398,6.1248417,116.2392569,S1402,6.1135339,116.2403083,1.263,0,-1.6,False,False,0,True
5,S1398,6.1248417,116.2392569,S1411,6.0962064,116.2318513,3.288,0,-10.2,False,False,0,True
5,S1398,6.1248417,116.2392569,S1413,6.1010524,116.2487948,2.848,0,7.2,True,True,0,True
5,S1398,6.1248417,116.2392569,S1423,6.0810601,116.2373578,4.873,0,8.6,True,True,0,True
5,S1402,6.1135339,116.2403083,S1398,6.1248417,116.2392569,1.263,0,3.3,True,False,0,True
5,S1402,6.1135339,116.2403083,S1411,6.0962064,116.2318513,2.142,0,-22.1,False,False,0,True
5,S1402,6.1135339,116.2403083,S1413,6.1010524,116.2487948,1.675,0,3.2,True,False,0,True
5,S1402,6.1135339,116.2403083,S1423,6.0810601,116.2373578,3.626,0,7.3,True,True,0,True
5,S1411,6.0962064,116.2318513,S1398,6.1248417,116.2392569,3.288,1,6.4,True,False,0,True
5,S1411,6.0962064,116.2318513,S1402,6.1135339,116.2403083,2.142,1,-17.8,False,False,0,True
5,S1411,6.0962064,116.2318513,S1413,6.1010524,116.2487948,1.949,1,-20.4,False,False,0,True
5,S1411,6.0962064,116.2318513,S1421,6.0579997,116.2132233,4.721,1,-85.6,False,False,0,True
5,S1411,6.0962064,116.2318513,S1422,6.0665881,116.2285495,3.314,1,-122.1,False,False,0,True
5,S1411,6.0962064,116.2318513,S1423,6.0810601,116.2373578,1.791,1,5.1,True,True,0,True
5,S1413,6.1010524,116.2487948,S1398,6.1248417,116.2392569,2.848,0,11.0,True,True,0,True
5,S1413,6.1010524,116.2487948,S1402,6.1135339,116.2403083,1.675,0,-3.0,False,False,0,True
5,S1413,6.1010524,116.2487948,S1411,6.0962064,116.2318513,1.949,0,-13.6,False,False,0,True
5,S1413,6.1010524,116.2487948,S1422,6.0665881,116.2285495,4.438,0,-194.9,False,False,0,True
5,S1413,6.1010524,116.2487948,S1423,6.0810601,116.2373578,2.558,0,-23.5,False,False,0,True
5,S1421,6.0579997,116.2132233,S1375,6.0192661,116.1981364,4.619,0,-266.6,False,False,0,True
5,S1421,6.0579997,116.2132233,S1411,6.0962064,116.2318513,4.721,0,-97.5,False,False,0,True
5,S1421,6.0579997,116.2132233,S1422,6.0665881,116.2285495,1.945,0,10.1,True,True,0,True
5,S1421,6.0579997,116.2132233,S1423,6.0810601,116.2373578,3.701,0,-12.2,False,False,0,True
5,S1422,6.0665881,116.2285495,S1411,6.0962064,116.2318513,3.314,0,-112.4,False,False,0,True
5,S1422,6.0665881,116.2285495,S1413,6.1010524,116.2487948,4.438,0,-185.8,False,False,0,True
5,S1422,6.0665881,116.2285495,S1421,6.0579997,116.2132233,1.945,0,10.0,True,True,0,True
5,S1422,6.0665881,116.2285495,S1423,6.0810601,116.2373578,1.881,0,-98.4,False,False,0,True
5,S1423,6.0810601,116.2373578,S1398,6.1248417,116.2392569,4.873,0,11.5,True,True,0,True
5,S1423,6.0810601,116.2373578,S1402,6.1135339,116.2403083,3.626,0,8.6,True,True,0,True
5,S1423,6.0810601,116.2373578,S1411,6.0962064,116.2318513,1.791,0,11.3,True,True,0,True
5,S1423,6.0810601,116.2373578,S1413,6.1010524,116.2487948,2.558,0,-36.0,False,False,0,True
5,S1423,6.0810601,116.2373578,S1421,6.0579997,116.2132233,3.701,0,7.0,True,True,0,True
5,S1423,6.0810601,116.2373578,S1422,6.0665881,116.2285495,1.881,0,-93.1,False,False,0,True
5,S1428,6.0023531,116.2380284,S1375,6.0192661,116.1981364,4.796,0,-377.9,False,False,0,True
5,S1443,4.3745678,117.8130913,S1444,4.3921384,117.7907485,3.155,0,6.4,True,False,0,True
5,S1443,4.3745678,117.8130913,S1445,4.4075531,117.8187132,3.72,0,6.0,True,True,0,True
5,S1444,4.3921384,117.7907485,S1443,4.3745678,117.8130913,3.155,1,5.1,True,False,0,True
5,S1444,4.3921384,117.7907485,S1447,4.4175388,117.7759373,3.267,1,5.5,True,False,0,True
5,S1444,4.3921384,117.7907485,S1445,4.4075531,117.8187132,3.543,1,9.5,True,True,0,True
5,S1447,4.4175388,117.7759373,S1444,4.3921384,117.7907485,3.267,0,5.8,True,False,0,True
5,S1447,4.4175388,117.7759373,S1445,4.4075531,117.8187132,4.871,0,9.8,True,True,0,True
5,S0061,6.2072984,116.7677359,S0375,6.1940804,116.7735199,1.603,0,-8.0,False,False,0,True
5,S0061,6.2072984,116.7677359,S0943,6.20053,116.7656937,0.786,0,-21.7,False,False,0,True
5,S0064,5.5091912,116.3233754,S0803,5.5282671,116.2851388,4.734,0,-0.0,False,False,0,True
5,S0064,5.5091912,116.3233754,S0807,5.5197756,116.3176526,1.337,0,10.1,True,True,0,True
5,S0120,4.9116486,116.4932214,S0514,4.9163016,116.4924187,0.525,0,2.0,True,False,0,True
5,S0120,4.9116486,116.4932214,S0520,4.894948,116.4895586,1.901,0,-16.0,False,False,0,True
5,S0120,4.9116486,116.4932214,S0529,4.9371194,116.4809914,3.14,0,-32.7,False,False,0,True
5,S0128,4.6724662,116.6034504,S0523,4.6745323,116.611379,0.908,1,9.7,True,True,0,True
5,S0128,4.6724662,116.6034504,S0537,4.6730583,116.5948824,0.952,1,6.2,True,True,0,True
5,S0128,4.6724662,116.6034504,S0538,4.6867419,116.6096772,1.731,1,2.5,True,False,0,True
5,S0128,4.6724662,116.6034504,S0541,4.6656659,116.6072803,0.867,1,-9.3,False,False,0,True
5,S0381,6.3629363,116.7548147,S0243,6.3871847,116.7747033,3.479,0,-56.3,False,False,0,True
5,S0381,6.3629363,116.7548147,S0379,6.3363692,116.7327757,3.829,0,-11.5,False,False,0,True
5,S0381,6.3629363,116.7548147,S0380,6.3424779,116.740202,2.79,0,-8.0,False,False,0,True
5,S0381,6.3629363,116.7548147,S0383,6.3795511,116.7597414,1.926,0,1.7,True,False,0,True
5,S0381,6.3629363,116.7548147,S0382,6.36331,116.7450321,1.082,0,-17.1,False,False,0,True
5,S0382,6.36331,116.7450321,S0243,6.3871847,116.7747033,4.219,0,-3.3,False,False,0,True
5,S0382,6.36331,116.7450321,S0379,6.3363692,116.7327757,3.288,0,4.9,True,False,0,True
5,S0382,6.36331,116.7450321,S0380,6.3424779,116.740202,2.377,0,-1.8,False,False,0,True
5,S0382,6.36331,116.7450321,S0383,6.3795511,116.7597414,2.43,0,-12.2,False,False,0,True
5,S0382,6.36331,116.7450321,S0381,6.3629363,116.7548147,1.082,0,-21.3,False,False,0,True
5,S0408,6.2974555,116.2814788,S0409,6.3040075,116.2939116,1.555,1,-68.1,False,False,0,True
5,S0409,6.3040075,116.2939116,S0407,6.3064939,116.3280651,3.785,0,-25.4,False,False,0,True
5,S0409,6.3040075,116.2939116,S0410,6.3000554,116.328518,3.85,0,-4.6,False,False,0,True
5,S0409,6.3040075,116.2939116,S0408,6.2974555,116.2814788,1.555,0,-65.6,False,False,0,True
5,S0461,4.9560925,116.140719,S0588,4.9564866,116.1395051,0.141,1,10.0,True,True,0,True
5,S0514,4.9163016,116.4924187,S0120,4.9116486,116.4932214,0.525,0,7.4,True,True,0,True
5,S0514,4.9163016,116.4924187,S0520,4.894948,116.4895586,2.395,0,-4.1,False,False,0,True
5,S0514,4.9163016,116.4924187,S0529,4.9371194,116.4809914,2.638,0,-11.6,False,False,0,True
5,S0519,4.8604172,116.4956051,S0520,4.894948,116.4895586,3.898,0,-41.1,False,False,0,True
5,S0520,4.894948,116.4895586,S0120,4.9116486,116.4932214,1.901,1,-6.8,False,False,0,True
5,S0520,4.894948,116.4895586,S0514,4.9163016,116.4924187,2.395,1,-2.3,False,False,0,True
5,S0520,4.894948,116.4895586,S0519,4.8604172,116.4956051,3.898,1,-37.6,False,False,0,True
5,S0520,4.894948,116.4895586,S0529,4.9371194,116.4809914,4.784,1,-23.8,False,False,0,True
5,S0523,4.6745323,116.611379,S0128,4.6724662,116.6034504,0.908,0,14.0,True,True,0,True
5,S0523,4.6745323,116.611379,S0537,4.6730583,116.5948824,1.836,0,5.4,True,True,0,True
5,S0523,4.6745323,116.611379,S0538,4.6867419,116.6096772,1.371,0,-25.2,False,False,0,True
5,S0523,4.6745323,116.611379,S0541,4.6656659,116.6072803,1.086,0,10.0,True,True,0,True
5,S0529,4.9371194,116.4809914,S0120,4.9116486,116.4932214,3.14,0,-40.2,False,False,0,True
5,S0529,4.9371194,116.4809914,S0514,4.9163016,116.4924187,2.638,0,-2.0,False,False,0,True
5,S0529,4.9371194,116.4809914,S0520,4.894948,116.4895586,4.784,0,-21.2,False,False,0,True
5,S0537,4.6730583,116.5948824,S0128,4.6724662,116.6034504,0.952,0,10.1,True,True,0,True
5,S0537,4.6730583,116.5948824,S0523,4.6745323,116.611379,1.836,0,9.5,True,True,0,True
5,S0537,4.6730583,116.5948824,S0538,4.6867419,116.6096772,2.237,0,-3.5,False,False,0,True
5,S0537,4.6730583,116.5948824,S0541,4.6656659,116.6072803,1.601,0,-12.4,False,False,0,True
5,S0538,4.6867419,116.6096772,S0128,4.6724662,116.6034504,1.731,0,7.4,True,False,0,True
5,S0538,4.6867419,116.6096772,S0523,4.6745323,116.611379,1.371,0,-26.3,False,False,0,True
5,S0538,4.6867419,116.6096772,S0537,4.6730583,116.5948824,2.237,0,-1.1,False,False,0,True
5,S0538,4.6867419,116.6096772,S0541,4.6656659,116.6072803,2.359,0,-3.6,False,False,0,True
5,S0541,4.6656659,116.6072803,S0128,4.6724662,116.6034504,0.867,0,-5.7,False,False,0,True
5,S0541,4.6656659,116.6072803,S0523,4.6745323,116.611379,1.086,0,9.6,True,True,0,True
5,S0541,4.6656659,116.6072803,S0537,4.6730583,116.5948824,1.601,0,-1.0,False,False,0,True
5,S0541,4.6656659,116.6072803,S0538,4.6867419,116.6096772,2.359,0,-10.8,False,False,0,True
5,S0588,4.9564866,116.1395051,S0461,4.9560925,116.140719,0.141,0,10.1,True,True,0,True
5,S0593,5.117645,116.3432834,S0599,5.0954389,116.3409302,2.483,0,10.1,True,True,0,True
5,S0593,5.117645,116.3432834,S0648,5.1481891,116.3564896,3.698,0,10.1,True,False,0,True
5,S0593,5.117645,116.3432834,S0651,5.1459778,116.3678933,4.166,0,-37.2,False,False,0,True
5,S0593,5.117645,116.3432834,S0654,5.1518875,116.3337432,3.951,0,8.1,True,True,0,True
5,S0593,5.117645,116.3432834,S1073,5.1234242,116.3860528,4.78,0,-100.5,False,False,0,True
5,S0601,5.1431533,116.2102068,S0603,5.1778704,116.2381905,4.95,0,9.9,True,True,0,True
5,S0601,5.1431533,116.2102068,S0605,5.1621456,116.2315424,3.169,0,8.1,True,True,0,True
5,S0609,5.2268314,116.1801678,S0608,5.1868176,116.1825533,4.457,0,-50.3,False,False,0,True
5,S0609,5.2268314,116.1801678,S0740,5.2381576,116.1437518,4.225,0,-32.8,False,False,0,True
5,S0609,5.2268314,116.1801678,S0744,5.2605311,116.1765327,3.769,0,-72.7,False,False,0,True
5,S0609,5.2268314,116.1801678,S0796,5.2210728,116.1946742,1.729,0,-18.5,False,False,0,True
5,S0609,5.2268314,116.1801678,S0798,5.2096144,116.1942804,2.471,0,-32.0,False,False,0,True
5,S0609,5.2268314,116.1801678,S1077,5.2283683,116.175459,0.549,0,8.7,True,True,0,True
5,S0649,5.2835791,116.4247876,S0042,5.3132388,116.4101726,3.674,0,-109.6,False,False,0,True
5,S0649,5.2835791,116.4247876,S0623,5.292031,116.3884042,4.137,0,-5.9,False,False,0,True
5,S0649,5.2835791,116.4247876,S0629,5.3214327,116.4157143,4.327,0,-114.5,False,False,0,True
5,S0649,5.2835791,116.4247876,S0631,5.3030662,116.3959753,3.856,0,-39.6,False,False,0,True
5,S0649,5.2835791,116.4247876,S0632,5.2832779,116.379809,4.98,0,11.1,True,False,0,True
5,S0649,5.2835791,116.4247876,S0634,5.2882954,116.3810541,4.871,0,6.7,True,False,0,True
5,S0718,5.3025712,116.0534426,S0053,5.2908601,116.0344046,2.478,0,-35.2,False,False,0,True
5,S0718,5.3025712,116.0534426,S0707,5.3012077,116.0350168,2.046,0,-48.9,False,False,0,True
5,S0718,5.3025712,116.0534426,S0714,5.3047058,116.0623524,1.015,0,-33.4,False,False,0,True
5,S0718,5.3025712,116.0534426,S0716,5.3158088,116.0891985,4.224,0,-118.6,False,False,0,True
5,S0718,5.3025712,116.0534426,S0746,5.3050012,116.0470604,0.757,0,-30.3,False,False,0,True
5,S0718,5.3025712,116.0534426,S0751,5.3175429,116.0864757,4.018,0,-96.0,False,False,0,True
5,S0718,5.3025712,116.0534426,S0752,5.2886435,116.0349977,2.563,0,-29.0,False,False,0,True
5,S0807,5.5197756,116.3176526,S0803,5.5282671,116.2851388,3.72,0,-11.8,False,False,0,True
5,S0807,5.5197756,116.3176526,S0805,5.5411224,116.2810617,4.694,0,-49.8,False,False,0,True
5,S0807,5.5197756,116.3176526,S0064,5.5091912,116.3233754,1.337,0,-0.2,False,False,0,True
5,S0935,6.13671,116.7745909,S0284,6.1615009,116.7975091,3.744,0,3.7,True,False,0,True
5,S0935,6.13671,116.7745909,S0940,6.15882,116.7789947,2.506,0,-4.5,False,False,0,True
5,S0935,6.13671,116.7745909,S0941,6.119726,116.7986317,3.261,0,-98.5,False,False,0,True
5,S1077,5.2283683,116.175459,S0608,5.1868176,116.1825533,4.687,0,-29.5,False,False,0,True
5,S1077,5.2283683,116.175459,S0732,5.2485711,116.1385903,4.66,0,-12.2,False,False,0,True
5,S1077,5.2283683,116.175459,S0740,5.2381576,116.1437518,3.676,0,-25.3,False,False,0,True
5,S1077,5.2283683,116.175459,S0744,5.2605311,116.1765327,3.578,0,-30.6,False,False,0,True
5,S1077,5.2283683,116.175459,S0747,5.2383302,116.1357927,4.53,0,-20.4,False,False,0,True
5,S1077,5.2283683,116.175459,S0796,5.2210728,116.1946742,2.277,0,-6.3,False,False,0,True
5,S1077,5.2283683,116.175459,S0798,5.2096144,116.1942804,2.948,0,-25.7,False,False,0,True
5,S1077,5.2283683,116.175459,S0609,5.2268314,116.1801678,0.549,0,7.3,True,True,0,True
5,S1084,5.100738,116.3006846,S0114,5.1423979,116.289617,4.792,1,-21.4,False,False,0,True
5,S1084,5.100738,116.3006846,S0599,5.0954389,116.3409302,4.496,1,5.3,True,False,0,True
5,S1084,5.100738,116.3006846,S1074,5.1381847,116.2829209,4.605,1,-13.6,False,False,0,True
5,S1322,5.2335919,119.2067601,S1323,5.2775082,119.214677,4.961,0,10.2,True,True,0,True
5,S1432,4.5526744,118.5791731,S1439,4.5534766,118.5939145,1.636,1,6.7,True,True,0,True
5,S1439,4.5534766,118.5939145,S1432,4.5526744,118.5791731,1.636,0,10.1,True,True,0,True
5,S1445,4.4075531,117.8187132,S1443,4.3745678,117.8130913,3.72,0,0.8,True,False,0,True
5,S1445,4.4075531,117.8187132,S1444,4.3921384,117.7907485,3.543,0,8.9,True,True,0,True
5,S1445,4.4075531,117.8187132,S1447,4.4175388,117.7759373,4.871,0,9.0,True,False,0,True
10,S0004,6.839631,117.0723261,S1102,6.8333174,117.1625517,9.986,1,-10.9,False,False,0,True
10,S0009,6.8919254,116.7130317,S0011,6.9552111,116.7259494,7.18,1,-102.3,False,False,0,True
10,S0009,6.8919254,116.7130317,S0279,6.8828641,116.6805184,3.728,1,-26.3,False,False,0,True
10,S0009,6.8919254,116.7130317,S0280,6.8728835,116.6760968,4.594,1,-32.6,False,False,0,True
10,S0011,6.9552111,116.7259494,S0009,6.8919254,116.7130317,7.18,1,-84.2,False,False,0,True
10,S0011,6.9552111,116.7259494,S0012,6.9675791,116.7894383,7.141,1,-113.7,False,False,0,True
10,S0011,6.9552111,116.7259494,S0279,6.8828641,116.6805184,9.48,1,-92.9,False,False,0,True
10,S0012,6.9675791,116.7894383,S0011,6.9552111,116.7259494,7.141,0,-115.4,False,False,0,True
10,S0015,6.5323956,116.7030749,S1374,6.5225146,116.7520247,5.518,1,-0.0,False,False,0,True
10,S0017,6.5872942,116.8545206,S1378,6.5309639,116.8482926,6.301,1,6.3,True,False,0,True
10,S0022,6.7316162,116.6511044,S0172,6.7151333,116.7225425,8.099,1,-307.6,False,False,0,True
10,S0022,6.7316162,116.6511044,S0201,6.7723729,116.7038484,7.38,1,-237.9,False,False,0,True
10,S0024,6.2583153,116.3176665,S0138,6.2478396,116.2403592,8.624,0,-46.9,False,False,0,True
10,S0024,6.2583153,116.3176665,S0178,6.2383709,116.2825212,4.473,0,-5.3,False,False,0,True
10,S0024,6.2583153,116.3176665,S0179,6.3240036,116.3743229,9.621,0,-237.8,False,False,0,True
10,S0024,6.2583153,116.3176665,S0240,6.2443677,116.2902122,3.408,0,-4.5,False,False,0,True
10,S0024,6.2583153,116.3176665,S0307,6.3129372,116.3458603,6.826,0,-264.8,False,False,0,True
10,S0024,6.2583153,116.3176665,S0404,6.3239734,116.3515484,8.205,0,-260.3,False,False,0,True
10,S0024,6.2583153,116.3176665,S0405,6.3380572,116.3291819,8.958,0,-206.2,False,False,0,True
10,S0024,6.2583153,116.3176665,S0406,6.3394007,116.3431186,9.445,0,-249.9,False,False,0,True
10,S0024,6.2583153,116.3176665,S0407,6.3064939,116.3280651,5.479,0,-202.3,False,False,0,True
10,S0024,6.2583153,116.3176665,S0410,6.3000554,116.328518,4.794,0,-228.5,False,False,0,True
10,S0024,6.2583153,116.3176665,S0408,6.2974555,116.2814788,5.911,0,-141.6,False,False,0,True
10,S0024,6.2583153,116.3176665,S0409,6.3040075,116.2939116,5.719,0,-231.3,False,False,0,True
10,S0033,6.4764024,116.8436982,S0273,6.4544107,116.8012118,5.293,0,4.7,True,False,0,True
10,S0033,6.4764024,116.8436982,S0384,6.4390311,116.8076006,5.76,0,4.8,True,True,0,True
10,S0033,6.4764024,116.8436982,S1190,6.4860679,116.8662016,2.709,0,9.2,True,True,0,True
10,S0033,6.4764024,116.8436982,S1378,6.5309639,116.8482926,6.088,0,0.1,True,False,0,True
10,S0035,5.8825565,117.3784228,S0181,5.8241814,117.4379987,9.25,0,4.7,True,False,0,True
10,S0035,5.8825565,117.3784228,S0466,5.8344594,117.4367943,8.384,0,-0.5,False,False,0,True
10,S0036,6.5248946,116.5506256,S0038,6.5228172,116.5023056,5.343,1,-34.2,False,False,0,True
10,S0036,6.5248946,116.5506256,S0041,6.4565219,116.5024247,9.282,1,-46.9,False,False,0,True
10,S0036,6.5248946,116.5506256,S0274,6.5215802,116.5176299,3.664,1,-21.8,False,False,0,True
10,S0036,6.5248946,116.5506256,S0275,6.5807904,116.5497762,6.216,1,-139.7,False,False,0,True
10,S0036,6.5248946,116.5506256,S0364,6.4821376,116.4939753,7.86,1,-13.6,False,False,0,True
10,S0036,6.5248946,116.5506256,S0365,6.4635833,116.4878031,9.729,1,-26.7,False,False,0,True
10,S0036,6.5248946,116.5506256,S0394,6.4442068,116.5127843,9.898,1,-47.7,False,False,0,True
10,S0038,6.5228172,116.5023056,S0036,6.5248946,116.5506256,5.343,0,-41.0,False,False,0,True
10,S0038,6.5228172,116.5023056,S0041,6.4565219,116.5024247,7.372,0,2.3,True,False,0,True
10,S0038,6.5228172,116.5023056,S0274,6.5215802,116.5176299,1.699,0,10.1,True,True,0,True
10,S0038,6.5228172,116.5023056,S0275,6.5807904,116.5497762,8.31,0,-139.6,False,False,0,True
10,S0038,6.5228172,116.5023056,S0364,6.4821376,116.4939753,4.616,0,10.0,True,True,0,True
10,S0038,6.5228172,116.5023056,S0365,6.4635833,116.4878031,6.779,0,9.5,True,False,0,True
10,S0038,6.5228172,116.5023056,S0394,6.4442068,116.5127843,8.817,0,7.2,True,False,0,True
10,S0040,6.4203023,116.415399,S0281,6.3847972,116.3463728,8.589,0,-62.7,False,False,0,True
10,S0040,6.4203023,116.415399,S0365,6.4635833,116.4878031,9.336,0,9.1,True,False,0,True
10,S0041,6.4565219,116.5024247,S0036,6.5248946,116.5506256,9.282,0,-58.1,False,False,0,True
10,S0041,6.4565219,116.5024247,S0038,6.5228172,116.5023056,7.372,0,0.6,True,False,0,True
10,S0041,6.4565219,116.5024247,S0274,6.5215802,116.5176299,7.427,0,-14.8,False,False,0,True
10,S0041,6.4565219,116.5024247,S0364,6.4821376,116.4939753,2.997,0,8.1,True,True,0,True
10,S0041,6.4565219,116.5024247,S0365,6.4635833,116.4878031,1.796,0,9.6,True,True,0,True
10,S0041,6.4565219,116.5024247,S0393,6.4023072,116.5293282,6.722,0,3.4,True,False,0,True
10,S0041,6.4565219,116.5024247,S0394,6.4442068,116.5127843,1.785,0,8.3,True,True,0,True
10,S0041,6.4565219,116.5024247,S0395,6.4237159,116.5214103,4.208,0,5.2,True,False,0,True
10,S0041,6.4565219,116.5024247,S0396,6.4268077,116.5106171,3.426,0,5.7,True,False,0,True
10,S0042,5.3132388,116.4101726,S0049,5.2732968,116.3747193,5.927,1,-4.0,False,False,0,True
10,S0042,5.3132388,116.4101726,S0623,5.292031,116.3884042,3.372,1,3.7,True,False,0,True
10,S0042,5.3132388,116.4101726,S0627,5.3433622,116.4395412,4.668,1,-34.5,False,False,0,True
10,S0042,5.3132388,116.4101726,S0629,5.3214327,116.4157143,1.098,1,1.3,True,False,0,True
10,S0042,5.3132388,116.4101726,S0631,5.3030662,116.3959753,1.937,1,3.1,True,False,0,True
10,S0042,5.3132388,116.4101726,S0632,5.2832779,116.379809,4.733,1,9.2,True,False,0,True
10,S0042,5.3132388,116.4101726,S0634,5.2882954,116.3810541,4.253,1,-5.1,False,False,0,True
10,S0042,5.3132388,116.4101726,S0638,5.2601226,116.3734017,7.174,1,-14.5,False,False,0,True
10,S0042,5.3132388,116.4101726,S0639,5.2593984,116.3756262,7.104,1,-23.5,False,False,0,True
10,S0042,5.3132388,116.4101726,S0697,5.2419511,116.3674556,9.231,1,-30.2,False,False,0,True
10,S0042,5.3132388,116.4101726,S0649,5.2835791,116.4247876,3.674,1,-105.9,False,False,0,True
10,S0044,5.2313137,116.3580845,S0049,5.2732968,116.3747193,5.019,1,-17.9,False,False,0,True
10,S0044,5.2313137,116.3580845,S0623,5.292031,116.3884042,7.54,1,-19.7,False,False,0,True
10,S0044,5.2313137,116.3580845,S0631,5.3030662,116.3959753,9.014,1,-11.8,False,False,0,True
10,S0044,5.2313137,116.3580845,S0632,5.2832779,116.379809,6.259,1,-13.3,False,False,0,True
10,S0044,5.2313137,116.3580845,S0633,5.1739474,116.391897,7.397,1,-25.1,False,False,0,True
10,S0044,5.2313137,116.3580845,S0634,5.2882954,116.3810541,6.827,1,-13.1,False,False,0,True
10,S0044,5.2313137,116.3580845,S0637,5.1920657,116.3999474,6.367,1,1.6,True,False,0,True
10,S0044,5.2313137,116.3580845,S0638,5.2601226,116.3734017,3.625,1,-6.7,False,False,0,True
10,S0044,5.2313137,116.3580845,S0639,5.2593984,116.3756262,3.678,1,-9.8,False,False,0,True
10,S0044,5.2313137,116.3580845,S0648,5.1481891,116.3564896,9.245,1,7.1,True,False,0,True
10,S0044,5.2313137,116.3580845,S0650,5.1626227,116.3648085,7.674,1,10.1,True,True,0,True
10,S0044,5.2313137,116.3580845,S0651,5.1459778,116.3678933,9.551,1,4.7,True,False,0,True
10,S0044,5.2313137,116.3580845,S0654,5.1518875,116.3337432,9.234,1,5.0,True,False,0,True
10,S0044,5.2313137,116.3580845,S0690,5.1964629,116.359591,3.879,1,7.5,True,True,0,True
10,S0044,5.2313137,116.3580845,S0693,5.2181166,116.344786,2.079,1,6.7,True,False,0,True
10,S0044,5.2313137,116.3580845,S0697,5.2419511,116.3674556,1.573,1,10.0,True,True,0,True
10,S0044,5.2313137,116.3580845,S0699,5.1807118,116.3504924,5.689,1,8.5,True,False,0,True
10,S0044,5.2313137,116.3580845,S0700,5.2314063,116.3720737,1.549,1,10.1,True,True,0,True
10,S0044,5.2313137,116.3580845,S0701,5.1863236,116.3527253,5.038,1,8.0,True,True,0,True
10,S0044,5.2313137,116.3580845,S0702,5.2312481,116.358671,0.065,1,10.1,True,True,0,True
10,S0044,5.2313137,116.3580845,S0703,5.2413062,116.3539969,1.2,1,7.2,True,True,0,True
10,S0044,5.2313137,116.3580845,S0649,5.2835791,116.4247876,9.398,1,-51.3,False,False,0,True
10,S0048,5.9303108,116.7709674,S0864,5.9551434,116.7545236,3.306,0,-104.5,False,False,0,True
10,S0048,5.9303108,116.7709674,S0872,5.9384793,116.7797184,1.327,0,12.1,True,True,0,True
10,S0048,5.9303108,116.7709674,S0886,5.9452917,116.7695968,1.673,0,-7.1,False,False,0,True
10,S0048,5.9303108,116.7709674,S0949,6.006978,116.7930835,8.869,0,-224.0,False,False,0,True
10,S0049,5.2732968,116.3747193,S0042,5.3132388,116.4101726,5.927,0,-10.4,False,False,0,True
10,S0049,5.2732968,116.3747193,S0044,5.2313137,116.3580845,5.019,0,-14.4,False,False,0,True
10,S0049,5.2732968,116.3747193,S0623,5.292031,116.3884042,2.576,0,6.1,True,False,0,True
10,S0049,5.2732968,116.3747193,S0629,5.3214327,116.4157143,7.018,0,-5.4,False,False,0,True
10,S0049,5.2732968,116.3747193,S0631,5.3030662,116.3959753,4.062,0,-7.1,False,False,0,True
10,S0049,5.2732968,116.3747193,S0632,5.2832779,116.379809,1.245,0,8.4,True,True,0,True
10,S0049,5.2732968,116.3747193,S0634,5.2882954,116.3810541,1.809,0,5.5,True,False,0,True
10,S0049,5.2732968,116.3747193,S0637,5.1920657,116.3999474,9.455,0,-35.8,False,False,0,True
10,S0049,5.2732968,116.3747193,S0638,5.2601226,116.3734017,1.472,0,8.0,True,True,0,True
10,S0049,5.2732968,116.3747193,S0639,5.2593984,116.3756262,1.549,0,1.5,True,False,0,True
10,S0049,5.2732968,116.3747193,S0690,5.1964629,116.359591,8.706,0,-5.8,False,False,0,True
10,S0049,5.2732968,116.3747193,S0693,5.2181166,116.344786,6.974,0,-0.2,False,False,0,True
10,S0049,5.2732968,116.3747193,S0697,5.2419511,116.3674556,3.577,0,-13.0,False,False,0,True
10,S0049,5.2732968,116.3747193,S0700,5.2314063,116.3720737,4.667,0,0.1,True,False,0,True
10,S0049,5.2732968,116.3747193,S0701,5.1863236,116.3527253,9.973,0,-5.4,False,False,0,True
10,S0049,5.2732968,116.3747193,S0702,5.2312481,116.358671,5.002,0,-17.1,False,False,0,True
10,S0049,5.2732968,116.3747193,S0703,5.2413062,116.3539969,4.233,0,2.3,True,False,0,True
10,S0049,5.2732968,116.3747193,S0649,5.2835791,116.4247876,5.66,0,-0.4,False,False,0,True
10,S0053,5.2908601,116.0344046,S0707,5.3012077,116.0350168,1.153,0,9.9,True,True,0,True
10,S0053,5.2908601,116.0344046,S0714,5.3047058,116.0623524,3.456,0,-5.4,False,False,0,True
10,S0053,5.2908601,116.0344046,S0716,5.3158088,116.0891985,6.671,0,-162.1,False,False,0,True
10,S0053,5.2908601,116.0344046,S0720,5.2787276,116.1215895,9.747,0,-242.5,False,False,0,True
10,S0053,5.2908601,116.0344046,S0721,5.2778914,116.1196595,9.549,0,-241.8,False,False,0,True
10,S0053,5.2908601,116.0344046,S0724,5.3403046,116.0926618,8.475,0,-144.9,False,False,0,True
10,S0053,5.2908601,116.0344046,S0746,5.3050012,116.0470604,2.106,0,-6.5,False,False,0,True
10,S0053,5.2908601,116.0344046,S0751,5.3175429,116.0864757,6.484,0,-151.8,False,False,0,True
10,S0053,5.2908601,116.0344046,S0752,5.2886435,116.0349977,0.255,0,10.1,True,True,0,True
10,S0053,5.2908601,116.0344046,S0718,5.3025712,116.0534426,2.478,0,-43.3,False,False,0,True
10,S0057,5.4228974,116.209765,S0062,5.4587899,116.2736526,8.12,1,-21.2,False,False,0,True
10,S0057,5.4228974,116.209765,S0656,5.3409493,116.1995303,9.182,1,9.7,True,True,0,True
10,S0057,5.4228974,116.209765,S0658,5.3467074,116.2097255,8.472,1,11.2,True,False,0,True
10,S0057,5.4228974,116.209765,S0659,5.3797614,116.2340885,5.501,1,11.0,True,True,0,True
10,S0057,5.4228974,116.209765,S0660,5.3629756,116.2129939,6.673,1,-1.0,False,False,0,True
10,S0057,5.4228974,116.209765,S0661,5.3621802,116.219394,6.835,1,7.0,True,True,0,True
10,S0057,5.4228974,116.209765,S0663,5.3891572,116.240027,5.03,1,9.3,True,False,0,True
10,S0057,5.4228974,116.209765,S0664,5.4542071,116.2578834,6.363,1,-4.7,False,False,0,True
10,S0057,5.4228974,116.209765,S0665,5.4183322,116.2561088,5.155,1,10.1,True,False,0,True
10,S0057,5.4228974,116.209765,S0667,5.4797716,116.2752866,9.623,1,8.8,True,False,0,True
10,S0057,5.4228974,116.209765,S0668,5.4489856,116.2702798,7.3,1,-10.8,False,False,0,True
10,S0057,5.4228974,116.209765,S0669,5.3997077,116.2381822,4.068,1,0.4,True,False,0,True
10,S0057,5.4228974,116.209765,S0670,5.4728503,116.2654893,8.301,1,-24.6,False,False,0,True
10,S0057,5.4228974,116.209765,S0671,5.4044747,116.2475115,4.654,1,10.1,True,True,0,True
10,S0057,5.4228974,116.209765,S0673,5.3940265,116.2424715,4.839,1,7.6,True,False,0,True
10,S0057,5.4228974,116.209765,S0674,5.4455835,116.2688726,7.012,1,-6.0,False,False,0,True
10,S0057,5.4228974,116.209765,S0675,5.4585487,116.2659994,7.38,1,-14.2,False,False,0,True
10,S0057,5.4228974,116.209765,S0676,5.4464732,116.267259,6.883,1,-10.5,False,False,0,True
10,S0057,5.4228974,116.209765,S0677,5.4816186,116.2690947,9.261,1,-69.0,False,False,0,True
10,S0057,5.4228974,116.209765,S0678,5.4582441,116.2733047,8.057,1,-19.8,False,False,0,True
10,S0057,5.4228974,116.209765,S0679,5.4190511,116.2334792,2.66,1,-1.8,False,False,0,True
10,S0057,5.4228974,116.209765,S0680,5.4623131,116.2811304,9.034,1,-12.8,False,False,0,True
10,S0057,5.4228974,116.209765,S0681,5.4719211,116.2803596,9.528,1,8.9,True,False,0,True
10,S0057,5.4228974,116.209765,S0682,5.426731,116.2391342,3.279,1,10.0,True,True,0,True
10,S0057,5.4228974,116.209765,S0683,5.4676301,116.2678351,8.128,1,-9.9,False,False,0,True
10,S0057,5.4228974,116.209765,S0684,5.455013,116.2639664,6.982,1,-23.1,False,False,0,True
10,S0057,5.4228974,116.209765,S0685,5.451431,116.2568816,6.105,1,-17.1,False,False,0,True
10,S0057,5.4228974,116.209765,S0686,5.4356626,116.2497626,4.65,1,4.2,True,False,0,True
10,S0057,5.4228974,116.209765,S0687,5.4457484,116.2570889,5.822,1,-3.6,False,False,0,True
10,S0057,5.4228974,116.209765,S0688,5.4307567,116.2278076,2.18,1,9.3,True,True,0,True
10,S0057,5.4228974,116.209765,S0689,5.4176834,116.227837,2.083,1,10.0,True,True,0,True
10,S0057,5.4228974,116.209765,S0733,5.472185,116.2000632,5.585,1,9.2,True,False,0,True
10,S0057,5.4228974,116.209765,S0735,5.4612709,116.2149548,4.305,1,-10.9,False,False,0,True
10,S0057,5.4228974,116.209765,S0750,5.4792463,116.2115667,6.269,1,7.6,True,True,0,True
10,S0057,5.4228974,116.209765,S0753,5.4643992,116.2108043,4.616,1,7.5,True,True,0,True
10,S0057,5.4228974,116.209765,S0754,5.4632208,116.2123797,4.493,1,7.9,True,False,0,True
10,S0057,5.4228974,116.209765,S0755,5.4692707,116.2091656,5.157,1,7.6,True,False,0,True
10,S0057,5.4228974,116.209765,S0758,5.4385565,116.1878393,2.987,1,3.3,True,False,0,True
10,S0057,5.4228974,116.209765,S0759,5.3937999,116.1341623,8.973,1,-53.5,False,False,0,True
10,S0057,5.4228974,116.209765,S0769,5.4328911,116.1968184,1.813,1,2.6,True,False,0,True
10,S0057,5.4228974,116.209765,S0778,5.3908583,116.1417781,8.327,1,-75.7,False,False,0,True
10,S0057,5.4228974,116.209765,S1076,5.4127509,116.2331743,2.826,1,0.2,True,False,0,True
10,S0057,5.4228974,116.209765,S1083,5.3975112,116.1526828,6.921,1,0.4,True,False,0,True
10,S0060,6.1135252,116.8611805,S0063,6.108734,116.8184033,4.759,0,-117.0,False,False,0,True
10,S0060,6.1135252,116.8611805,S0284,6.1615009,116.7975091,8.832,0,-236.3,False,False,0,True
10,S0060,6.1135252,116.8611805,S0915,6.126042,116.863994,1.426,0,10.1,True,True,0,True
10,S0060,6.1135252,116.8611805,S0928,6.1095094,116.8182326,4.769,0,-120.5,False,False,0,True
10,S0060,6.1135252,116.8611805,S0931,6.1160327,116.863674,0.392,0,9.2,True,True,0,True
10,S0060,6.1135252,116.8611805,S0941,6.119726,116.7986317,6.95,0,-155.3,False,False,0,True
10,S0060,6.1135252,116.8611805,S0944,6.1141163,116.8612539,0.066,0,10.1,True,True,0,True
10,S0060,6.1135252,116.8611805,S0946,6.0692593,116.7974408,8.596,0,-190.7,False,False,0,True
10,S0060,6.1135252,116.8611805,S0957,6.0633286,116.8001574,8.757,0,-106.6,False,False,0,True
10,S0060,6.1135252,116.8611805,S0935,6.13671,116.7745909,9.914,0,-279.2,False,False,0,True
10,S0062,5.4587899,116.2736526,S0057,5.4228974,116.209765,8.12,0,-18.4,False,False,0,True
10,S0062,5.4587899,116.2736526,S0659,5.3797614,116.2340885,9.819,0,-10.4,False,False,0,True
10,S0062,5.4587899,116.2736526,S0663,5.3891572,116.240027,8.591,0,-16.2,False,False,0,True
10,S0062,5.4587899,116.2736526,S0664,5.4542071,116.2578834,1.818,0,5.0,True,False,0,True
10,S0062,5.4587899,116.2736526,S0665,5.4183322,116.2561088,4.9,0,10.1,True,True,0,True
10,S0062,5.4587899,116.2736526,S0667,5.4797716,116.2752866,2.34,0,9.4,True,True,0,True
10,S0062,5.4587899,116.2736526,S0668,5.4489856,116.2702798,1.152,0,7.4,True,True,0,True
10,S0062,5.4587899,116.2736526,S0669,5.3997077,116.2381822,7.654,0,7.4,True,False,0,True
10,S0062,5.4587899,116.2736526,S0670,5.4728503,116.2654893,1.806,0,4.3,True,False,0,True
10,S0062,5.4587899,116.2736526,S0671,5.4044747,116.2475115,6.697,0,7.2,True,True,0,True
10,S0062,5.4587899,116.2736526,S0673,5.3940265,116.2424715,7.986,0,-12.7,False,False,0,True
10,S0062,5.4587899,116.2736526,S0674,5.4455835,116.2688726,1.561,0,9.8,True,True,0,True
10,S0062,5.4587899,116.2736526,S0675,5.4585487,116.2659994,0.848,0,10.0,True,True,0,True
10,S0062,5.4587899,116.2736526,S0676,5.4464732,116.267259,1.542,0,8.4,True,True,0,True
10,S0062,5.4587899,116.2736526,S0677,5.4816186,116.2690947,2.588,0,8.7,True,True,0,True
10,S0062,5.4587899,116.2736526,S0678,5.4582441,116.2733047,0.072,0,10.1,True,True,0,True
10,S0062,5.4587899,116.2736526,S0679,5.4190511,116.2334792,6.269,0,-9.7,False,False,0,True
10,S0062,5.4587899,116.2736526,S0680,5.4623131,116.2811304,0.916,0,10.0,True,True,0,True
10,S0062,5.4587899,116.2736526,S0681,5.4719211,116.2803596,1.638,0,8.2,True,True,0,True
10,S0062,5.4587899,116.2736526,S0682,5.426731,116.2391342,5.226,0,6.2,True,False,0,True
10,S0062,5.4587899,116.2736526,S0683,5.4676301,116.2678351,1.175,0,9.9,True,True,0,True
10,S0062,5.4587899,116.2736526,S0684,5.455013,116.2639664,1.151,0,8.5,True,True,0,True
10,S0062,5.4587899,116.2736526,S0685,5.451431,116.2568816,2.029,0,1.6,True,False,0,True
10,S0062,5.4587899,116.2736526,S0686,5.4356626,116.2497626,3.689,0,6.7,True,False,0,True
10,S0062,5.4587899,116.2736526,S0687,5.4457484,116.2570889,2.338,0,5.9,True,False,0,True
10,S0062,5.4587899,116.2736526,S0688,5.4307567,116.2278076,5.956,0,-7.0,False,False,0,True
10,S0062,5.4587899,116.2736526,S0689,5.4176834,116.227837,6.827,0,2.7,True,False,0,True
10,S0062,5.4587899,116.2736526,S0733,5.472185,116.2000632,8.281,0,-72.7,False,False,0,True
10,S0062,5.4587899,116.2736526,S0735,5.4612709,116.2149548,6.503,0,-93.3,False,False,0,True
10,S0062,5.4587899,116.2736526,S0750,5.4792463,116.2115667,7.239,0,-89.9,False,False,0,True
10,S0062,5.4587899,116.2736526,S0753,5.4643992,116.2108043,6.985,0,-80.7,False,False,0,True
10,S0062,5.4587899,116.2736526,S0754,5.4632208,116.2123797,6.8,0,-87.8,False,False,0,True
10,S0062,5.4587899,116.2736526,S0755,5.4692707,116.2091656,7.233,0,-72.5,False,False,0,True
10,S0062,5.4587899,116.2736526,S0758,5.4385565,116.1878393,9.762,0,-31.3,False,False,0,True
10,S0062,5.4587899,116.2736526,S0769,5.4328911,116.1968184,8.979,0,-2.4,False,False,0,True
10,S0062,5.4587899,116.2736526,S0803,5.5282671,116.2851388,7.829,0,-42.0,False,False,0,True
10,S0062,5.4587899,116.2736526,S0805,5.5411224,116.2810617,9.192,0,-102.4,False,False,0,True
10,S0062,5.4587899,116.2736526,S1076,5.4127509,116.2331743,6.803,0,-4.3,False,False,0,True
10,S0062,5.4587899,116.2736526,S0064,5.5091912,116.3233754,7.855,0,-82.3,False,False,0,True
10,S0062,5.4587899,116.2736526,S0807,5.5197756,116.3176526,8.349,0,-63.1,False,False,0,True
10,S0063,6.108734,116.8184033,S0060,6.1135252,116.8611805,4.759,0,-119.8,False,False,0,True
10,S0063,6.108734,116.8184033,S0284,6.1615009,116.7975091,6.306,0,-69.1,False,False,0,True
10,S0063,6.108734,116.8184033,S0915,6.126042,116.863994,5.396,0,-196.1,False,False,0,True
10,S0063,6.108734,116.8184033,S0928,6.1095094,116.8182326,0.088,0,10.0,True,True,0,True
10,S0063,6.108734,116.8184033,S0931,6.1160327,116.863674,5.071,0,-138.0,False,False,0,True
10,S0063,6.108734,116.8184033,S0940,6.15882,116.7789947,7.071,0,-62.5,False,False,0,True
10,S0063,6.108734,116.8184033,S0941,6.119726,116.7986317,2.504,0,4.0,True,True,0,True
10,S0063,6.108734,116.8184033,S0944,6.1141163,116.8612539,4.775,0,-123.2,False,False,0,True
10,S0063,6.108734,116.8184033,S0946,6.0692593,116.7974408,4.964,0,-46.0,False,False,0,True
10,S0063,6.108734,116.8184033,S0951,6.0886156,116.7732327,5.472,0,-328.3,False,False,0,True
10,S0063,6.108734,116.8184033,S0952,6.0724026,116.7758169,6.204,0,-174.6,False,False,0,True
10,S0063,6.108734,116.8184033,S0957,6.0633286,116.8001574,5.437,0,-90.0,False,False,0,True
10,S0063,6.108734,116.8184033,S0961,6.044906,116.7574738,9.786,0,-94.4,False,False,0,True
10,S0063,6.108734,116.8184033,S0935,6.13671,116.7745909,5.757,0,-92.6,False,False,0,True
10,S0066,5.4146548,116.5084813,S0611,5.4505072,116.5605112,7.005,1,-38.5,False,False,0,True
10,S0066,5.4146548,116.5084813,S0614,5.4257658,116.5207264,1.834,1,2.7,True,False,0,True
10,S0066,5.4146548,116.5084813,S0617,5.448024,116.5546504,6.316,1,-46.6,False,False,0,True
10,S0066,5.4146548,116.5084813,S0618,5.4025431,116.4863082,2.8,1,-64.0,False,False,0,True
10,S0066,5.4146548,116.5084813,S0620,5.4312578,116.5366919,3.628,1,-19.2,False,False,0,True
10,S0066,5.4146548,116.5084813,S0792,5.454468,116.5639703,7.571,1,-45.7,False,False,0,True
10,S0072,5.6381844,115.9573292,S0074,5.6803176,116.0294256,9.252,1,-135.1,False,False,0,True
10,S0072,5.6381844,115.9573292,S0093,5.5693002,115.9623713,7.68,1,0.3,True,False,0,True
10,S0074,5.6803176,116.0294256,S0072,5.6381844,115.9573292,9.252,0,-146.0,False,False,0,True
10,S0077,5.7908133,116.8168422,S0856,5.7919059,116.811607,0.592,1,10.0,True,True,0,True
10,S0077,5.7908133,116.8168422,S0862,5.797142,116.8189854,0.743,1,-2.6,False,False,0,True
10,S0077,5.7908133,116.8168422,S0870,5.788846,116.8179208,0.249,1,10.0,True,True,0,True
10,S0077,5.7908133,116.8168422,S0875,5.7984346,116.8143039,0.893,1,8.7,True,True,0,True
10,S0078,5.8641269,116.5839984,S0831,5.8661453,116.5365456,5.254,0,-341.2,False,False,0,True
10,S0078,5.8641269,116.5839984,S0834,5.8713255,116.4973945,9.613,0,-314.5,False,False,0,True
10,S0078,5.8641269,116.5839984,S0845,5.8723062,116.5007533,9.253,0,-316.7,False,False,0,True
10,S0078,5.8641269,116.5839984,S0988,5.8670441,116.5672761,1.878,0,-118.4,False,False,0,True
10,S0078,5.8641269,116.5839984,S0990,5.9164702,116.650652,9.393,0,-456.1,False,False,0,True
10,S0078,5.8641269,116.5839984,S0997,5.9490421,116.5742441,9.504,0,-173.1,False,False,0,True
10,S0078,5.8641269,116.5839984,S1000,5.942872,116.5879609,8.767,0,-194.4,False,False,0,True
10,S0078,5.8641269,116.5839984,S1008,5.864768,116.578317,0.632,0,5.2,True,True,0,True
10,S0078,5.8641269,116.5839984,S1019,5.9148989,116.5523936,6.64,0,-272.4,False,False,0,True
10,S0078,5.8641269,116.5839984,S1020,5.8730698,116.5840241,0.994,0,7.8,True,True,0,True
10,S0078,5.8641269,116.5839984,S1023,5.9285252,116.5524134,7.968,0,-252.4,False,False,0,True
10,S0078,5.8641269,116.5839984,S1024,5.9428587,116.5545268,9.342,0,-207.6,False,False,0,True
10,S0078,5.8641269,116.5839984,S1025,5.9272681,116.5622378,7.422,0,-225.8,False,False,0,True
10,S0078,5.8641269,116.5839984,S1026,5.898538,116.5572532,4.837,0,-278.6,False,False,0,True
10,S0078,5.8641269,116.5839984,S1030,5.9197567,116.5389621,7.942,0,-305.8,False,False,0,True
10,S0078,5.8641269,116.5839984,S1034,5.9048187,116.5573592,5.4,0,-225.8,False,False,0,True
10,S0078,5.8641269,116.5839984,S1043,5.9360702,116.6275559,9.338,0,-192.1,False,False,0,True
10,S0078,5.8641269,116.5839984,S1044,5.9398281,116.6218703,9.402,0,-162.7,False,False,0,True
10,S0078,5.8641269,116.5839984,S1046,5.9431707,116.6217402,9.73,0,-151.3,False,False,0,True
10,S0080,5.7636797,116.4468761,S0839,5.7916927,116.4734878,4.286,0,-0.9,False,False,0,True
10,S0080,5.7636797,116.4468761,S0840,5.8053237,116.4818104,6.031,0,-31.3,False,False,0,True
10,S0080,5.7636797,116.4468761,S0846,5.7986386,116.4696292,4.631,0,-95.7,False,False,0,True
10,S0080,5.7636797,116.4468761,S1151,5.7396865,116.4067157,5.183,0,-131.5,False,False,0,True
10,S0082,5.5420109,115.5611542,S0085,5.6147787,115.6114373,9.82,1,9.4,True,False,0,True
10,S0082,5.5420109,115.5611542,S0135,5.5142364,115.5361321,4.148,1,-13.1,False,False,0,True
10,S0082,5.5420109,115.5611542,S0149,5.4716727,115.5327708,8.429,1,-3.5,False,False,0,True
10,S0082,5.5420109,115.5611542,S0190,5.4619507,115.5891481,9.426,1,-2.0,False,False,0,True
10,S0082,5.5420109,115.5611542,S0256,5.4994293,115.5463513,5.01,1,-17.6,False,False,0,True
10,S0083,5.4526327,115.6245849,S0088,5.4071403,115.6728513,7.358,1,9.5,True,False,0,True
10,S0083,5.4526327,115.6245849,S0186,5.3968433,115.6876589,9.34,1,1.6,True,False,0,True
10,S0083,5.4526327,115.6245849,S0187,5.4023466,115.6848433,8.704,1,-3.5,False,False,0,True
10,S0083,5.4526327,115.6245849,S0188,5.44141,115.6382102,1.958,1,8.6,True,False,0,True
10,S0083,5.4526327,115.6245849,S0189,5.4223745,115.6640257,5.512,1,7.3,True,False,0,True
10,S0083,5.4526327,115.6245849,S0190,5.4619507,115.5891481,4.057,1,8.3,True,True,0,True
10,S0083,5.4526327,115.6245849,S0191,5.4164768,115.6768857,7.048,1,0.9,True,False,0,True
10,S0084,5.525775,115.6926781,S0094,5.5110905,115.7525025,6.82,1,8.1,True,True,0,True
10,S0085,5.6147787,115.6114373,S0082,5.5420109,115.5611542,9.82,0,3.5,True,False,0,True
10,S0086,5.3251135,115.7509543,S0239,5.272817,115.8016325,8.081,1,-186.6,False,False,0,True
10,S0088,5.4071403,115.6728513,S0083,5.4526327,115.6245849,7.358,0,-2.3,False,False,0,True
10,S0088,5.4071403,115.6728513,S0113,5.3493525,115.6085704,9.588,0,3.2,True,False,0,True
10,S0088,5.4071403,115.6728513,S0186,5.3968433,115.6876589,2.0,0,12.1,True,True,0,True
10,S0088,5.4071403,115.6728513,S0187,5.4023466,115.6848433,1.431,0,8.9,True,True,0,True
10,S0088,5.4071403,115.6728513,S0188,5.44141,115.6382102,5.406,0,10.1,True,True,0,True
10,S0088,5.4071403,115.6728513,S0189,5.4223745,115.6640257,1.956,0,8.1,True,True,0,True
10,S0088,5.4071403,115.6728513,S0191,5.4164768,115.6768857,1.13,0,9.6,True,True,0,True
10,S0093,5.5693002,115.9623713,S0072,5.6381844,115.9573292,7.68,0,-8.6,False,False,0,True
10,S0094,5.5110905,115.7525025,S0084,5.525775,115.6926781,6.82,0,8.7,True,True,0,True
10,S0099,5.1071138,115.5918648,S0104,5.117332,115.557134,4.011,1,8.4,True,False,0,True
10,S0099,5.1071138,115.5918648,S0212,5.039118,115.546489,9.079,1,-50.4,False,False,0,True
10,S0104,5.117332,115.557134,S0099,5.1071138,115.5918648,4.011,0,10.1,True,True,0,True
10,S0104,5.117332,115.557134,S0212,5.039118,115.546489,8.777,0,3.0,True,False,0,True
10,S0111,5.0186735,115.9059101,S1262,4.9498512,115.9165432,7.743,0,-22.9,False,False,0,True
10,S0111,5.0186735,115.9059101,S1267,4.9567649,115.9287947,7.336,0,-29.0,False,False,0,True
10,S0111,5.0186735,115.9059101,S1268,5.0300298,115.9677481,6.965,0,-65.4,False,False,0,True
10,S0111,5.0186735,115.9059101,S1275,4.9389728,115.9278051,9.188,0,-19.8,False,False,0,True
10,S0111,5.0186735,115.9059101,S1282,4.9714154,115.8933589,5.436,0,-34.1,False,False,0,True
10,S0111,5.0186735,115.9059101,S1286,5.01491,115.9389239,3.681,0,4.0,True,False,0,True
10,S0111,5.0186735,115.9059101,S1288,4.9828339,115.8918758,4.278,0,-46.7,False,False,0,True
10,S0111,5.0186735,115.9059101,S1292,4.931657,115.9209908,9.819,0,-17.1,False,False,0,True
10,S0111,5.0186735,115.9059101,S1294,5.009984,115.9218609,2.014,0,7.0,True,True,0,True
10,S0111,5.0186735,115.9059101,S1296,4.9424497,115.9189645,8.598,0,-22.4,False,False,0,True
10,S0111,5.0186735,115.9059101,S1299,4.9725045,115.9099196,5.153,0,-21.8,False,False,0,True
10,S0111,5.0186735,115.9059101,S1300,4.9350834,115.8993904,9.323,0,-32.2,False,False,0,True
10,S0111,5.0186735,115.9059101,S1307,4.9820097,115.8942416,4.277,0,-41.7,False,False,0,True
10,S0111,5.0186735,115.9059101,S1308,4.9617425,115.9377015,7.244,0,-19.7,False,False,0,True
10,S0111,5.0186735,115.9059101,S1309,4.9686314,115.9343143,6.392,0,-21.9,False,False,0,True
10,S0111,5.0186735,115.9059101,S1310,5.0057309,115.9360104,3.632,0,9.2,True,True,0,True
10,S0111,5.0186735,115.9059101,S1312,4.955506,115.9182353,7.155,0,-30.4,False,False,0,True
10,S0111,5.0186735,115.9059101,S1313,5.0073294,115.9475247,4.779,0,8.1,True,True,0,True
10,S0111,5.0186735,115.9059101,S1316,5.0042828,115.929199,3.036,0,8.7,True,False,0,True
10,S0113,5.3493525,115.6085704,S0088,5.4071403,115.6728513,9.588,1,9.0,True,True,0,True
10,S0113,5.3493525,115.6085704,S0119,5.3315352,115.563127,5.407,1,8.4,True,False,0,True
10,S0114,5.1423979,116.289617,S0599,5.0954389,116.3409302,7.718,1,7.9,True,False,0,True
10,S0114,5.1423979,116.289617,S0603,5.1778704,116.2381905,6.928,1,-20.0,False,False,0,True
10,S0114,5.1423979,116.289617,S0605,5.1621456,116.2315424,6.796,1,-81.2,False,False,0,True
10,S0114,5.1423979,116.289617,S0648,5.1481891,116.3564896,7.434,1,10.0,True,False,0,True
10,S0114,5.1423979,116.289617,S0650,5.1626227,116.3648085,8.625,1,9.1,True,False,0,True
10,S0114,5.1423979,116.289617,S0651,5.1459778,116.3678933,8.678,1,7.0,True,False,0,True
10,S0114,5.1423979,116.289617,S0654,5.1518875,116.3337432,4.999,1,-2.1,False,False,0,True
10,S0114,5.1423979,116.289617,S0690,5.1964629,116.359591,9.808,1,6.9,True,False,0,True
10,S0114,5.1423979,116.289617,S0699,5.1807118,116.3504924,7.975,1,-2.9,False,False,0,True
10,S0114,5.1423979,116.289617,S0701,5.1863236,116.3527253,8.526,1,6.1,True,False,0,True
10,S0114,5.1423979,116.289617,S1074,5.1381847,116.2829209,0.877,1,7.7,True,True,0,True
10,S0114,5.1423979,116.289617,S0593,5.117645,116.3432834,6.55,1,4.9,True,False,0,True
10,S0114,5.1423979,116.289617,S0601,5.1431533,116.2102068,8.795,1,-107.1,False,False,0,True
10,S0114,5.1423979,116.289617,S1084,5.100738,116.3006846,4.792,1,-11.7,False,False,0,True
10,S0115,5.2330561,115.6539176,S0117,5.2125971,115.6057549,5.798,1,0.9,True,False,0,True
10,S0117,5.2125971,115.6057549,S0115,5.2330561,115.6539176,5.798,0,9.9,True,True,0,True
10,S0119,5.3315352,115.563127,S0113,5.3493525,115.6085704,5.407,0,-3.1,False,False,0,True
10,S0130,4.7181021,116.4422487,S0162,4.7053675,116.4807819,4.499,1,3.6,True,False,0,True
10,S0130,4.7181021,116.4422487,S0533,4.7154608,116.47698,3.86,1,9.8,True,True,0,True
10,S0130,4.7181021,116.4422487,S0553,4.7138076,116.4598441,2.008,1,-9.8,False,False,0,True
10,S0130,4.7181021,116.4422487,S0555,4.7247292,116.4472719,0.924,1,-9.9,False,False,0,True
10,S0130,4.7181021,116.4422487,S0556,4.7125431,116.4669454,2.806,1,-6.3,False,False,0,True
10,S0130,4.7181021,116.4422487,S0559,4.7157558,116.4513129,1.038,1,-16.9,False,False,0,True
10,S0132,6.0508758,116.2835896,S1386,6.0582824,116.282368,0.835,0,3.1,True,False,0,True
10,S0132,6.0508758,116.2835896,S1398,6.1248417,116.2392569,9.575,0,-374.8,False,False,0,True
10,S0132,6.0508758,116.2835896,S1402,6.1135339,116.2403083,8.452,0,-432.5,False,False,0,True
10,S0132,6.0508758,116.2835896,S1411,6.0962064,116.2318513,7.625,0,-492.5,False,False,0,True
10,S0132,6.0508758,116.2835896,S1413,6.1010524,116.2487948,6.777,0,-181.4,False,False,0,True
10,S0132,6.0508758,116.2835896,S1421,6.0579997,116.2132233,7.821,0,-185.3,False,False,0,True
10,S0132,6.0508758,116.2835896,S1422,6.0665881,116.2285495,6.332,0,-195.3,False,False,0,True
10,S0132,6.0508758,116.2835896,S1423,6.0810601,116.2373578,6.115,0,-65.5,False,False,0,True
10,S0132,6.0508758,116.2835896,S1428,6.0023531,116.2380284,7.382,0,-107.1,False,False,0,True
10,S0135,5.5142364,115.5361321,S0082,5.5420109,115.5611542,4.148,0,1.4,True,False,0,True
10,S0135,5.5142364,115.5361321,S0149,5.4716727,115.5327708,4.747,0,0.7,True,False,0,True
10,S0135,5.5142364,115.5361321,S0190,5.4619507,115.5891481,8.261,0,7.3,True,True,0,True
10,S0135,5.5142364,115.5361321,S0256,5.4994293,115.5463513,1.998,0,10.1,True,True,0,True
10,S0138,6.2478396,116.2403592,S0024,6.2583153,116.3176665,8.624,1,-53.3,False,False,0,True
10,S0138,6.2478396,116.2403592,S0178,6.2383709,116.2825212,4.778,1,8.1,True,True,0,True
10,S0138,6.2478396,116.2403592,S0240,6.2443677,116.2902122,5.524,1,-15.4,False,False,0,True
10,S0138,6.2478396,116.2403592,S1382,6.2253902,116.2167048,3.615,1,6.0,True,False,0,True
10,S0138,6.2478396,116.2403592,S1390,6.2252622,116.2206638,3.323,1,-36.2,False,False,0,True
10,S0138,6.2478396,116.2403592,S0408,6.2974555,116.2814788,7.148,1,-213.2,False,False,0,True
10,S0138,6.2478396,116.2403592,S0409,6.3040075,116.2939116,8.605,1,-185.0,False,False,0,True
10,S0149,5.4716727,115.5327708,S0082,5.5420109,115.5611542,8.429,0,-14.6,False,False,0,True
10,S0149,5.4716727,115.5327708,S0135,5.5142364,115.5361321,4.747,0,-11.6,False,False,0,True
10,S0149,5.4716727,115.5327708,S0190,5.4619507,115.5891481,6.333,0,8.2,True,True,0,True
10,S0149,5.4716727,115.5327708,S0256,5.4994293,115.5463513,3.433,0,6.7,True,True,0,True
10,S0159,5.2967088,115.3584871,S0257,5.3040795,115.3690652,1.429,1,8.2,True,True,0,True
10,S0162,4.7053675,116.4807819,S0130,4.7181021,116.4422487,4.499,0,-11.3,False,False,0,True
10,S0162,4.7053675,116.4807819,S0533,4.7154608,116.47698,1.199,0,-15.5,False,False,0,True
10,S0162,4.7053675,116.4807819,S0553,4.7138076,116.4598441,2.503,0,-16.0,False,False,0,True
10,S0162,4.7053675,116.4807819,S0555,4.7247292,116.4472719,4.292,0,-50.5,False,False,0,True
10,S0162,4.7053675,116.4807819,S0556,4.7125431,116.4669454,1.729,0,-16.9,False,False,0,True
10,S0162,4.7053675,116.4807819,S0559,4.7157558,116.4513129,3.464,0,-9.4,False,False,0,True
10,S0166,6.661511,117.2077305,S0456,6.6648177,117.2073658,0.37,1,10.1,True,True,0,True
10,S0172,6.7151333,116.7225425,S0022,6.7316162,116.6511044,8.099,0,-306.9,False,False,0,True
10,S0172,6.7151333,116.7225425,S0201,6.7723729,116.7038484,6.691,0,-60.9,False,False,0,True
10,S0178,6.2383709,116.2825212,S0024,6.2583153,116.3176665,4.473,0,-15.1,False,False,0,True
10,S0178,6.2383709,116.2825212,S0138,6.2478396,116.2403592,4.778,0,5.2,True,False,0,True
10,S0178,6.2383709,116.2825212,S0240,6.2443677,116.2902122,1.08,0,-4.6,False,False,0,True
10,S0178,6.2383709,116.2825212,S0407,6.3064939,116.3280651,9.095,0,-206.9,False,False,0,True
10,S0178,6.2383709,116.2825212,S0410,6.3000554,116.328518,8.538,0,-231.4,False,False,0,True
10,S0178,6.2383709,116.2825212,S1382,6.2253902,116.2167048,7.417,0,-80.4,False,False,0,True
10,S0178,6.2383709,116.2825212,S1390,6.2252622,116.2206638,6.991,0,-69.2,False,False,0,True
10,S0178,6.2383709,116.2825212,S0408,6.2974555,116.2814788,6.571,0,-119.7,False,False,0,True
10,S0178,6.2383709,116.2825212,S0409,6.3040075,116.2939116,7.406,0,-118.3,False,False,0,True
10,S0179,6.3240036,116.3743229,S0024,6.2583153,116.3176665,9.621,0,-237.4,False,False,0,True
10,S0179,6.3240036,116.3743229,S0214,6.3056896,116.4403454,7.576,0,-388.8,False,False,0,True
10,S0179,6.3240036,116.3743229,S0215,6.283342,116.453604,9.86,0,-311.2,False,False,0,True
10,S0179,6.3240036,116.3743229,S0281,6.3847972,116.3463728,7.432,0,-56.5,False,False,0,True
10,S0179,6.3240036,116.3743229,S0307,6.3129372,116.3458603,3.378,0,10.3,True,True,0,True
10,S0179,6.3240036,116.3743229,S0345,6.2888642,116.4473655,8.969,0,-337.6,False,False,0,True
10,S0179,6.3240036,116.3743229,S0360,6.3219835,116.3868016,1.397,0,-129.2,False,False,0,True
10,S0179,6.3240036,116.3743229,S0404,6.3239734,116.3515484,2.517,0,10.3,True,True,0,True
10,S0179,6.3240036,116.3743229,S0405,6.3380572,116.3291819,5.228,0,-154.9,False,False,0,True
10,S0179,6.3240036,116.3743229,S0406,6.3394007,116.3431186,3.85,0,-46.9,False,False,0,True
10,S0179,6.3240036,116.3743229,S0407,6.3064939,116.3280651,5.471,0,-67.3,False,False,0,True
10,S0179,6.3240036,116.3743229,S0410,6.3000554,116.328518,5.72,0,-68.9,False,False,0,True
10,S0179,6.3240036,116.3743229,S0409,6.3040075,116.2939116,9.161,0,-59.2,False,False,0,True
10,S0181,5.8241814,117.4379987,S0035,5.8825565,117.3784228,9.25,1,3.9,True,False,0,True
10,S0181,5.8241814,117.4379987,S0465,5.7577913,117.4017668,8.4,1,9.6,True,False,0,True
10,S0181,5.8241814,117.4379987,S0466,5.8344594,117.4367943,1.151,1,9.3,True,True,0,True
10,S0185,6.0282512,116.4629369,S0417,6.0279292,116.4434492,2.155,1,-142.6,False,False,0,True
10,S0185,6.0282512,116.4629369,S0419,6.0325619,116.4855496,2.546,1,10.3,True,True,0,True
10,S0185,6.0282512,116.4629369,S0420,6.0132916,116.4791545,2.446,1,-3.3,False,False,0,True
10,S0185,6.0282512,116.4629369,S1002,5.9726888,116.5294,9.602,1,-376.8,False,False,0,True
10,S0185,6.0282512,116.4629369,S1005,5.9767187,116.5296757,9.344,1,-486.6,False,False,0,True
10,S0185,6.0282512,116.4629369,S1006,6.0042032,116.5315391,8.044,1,-275.7,False,False,0,True
10,S0186,5.3968433,115.6876589,S0083,5.4526327,115.6245849,9.34,0,-2.6,False,False,0,True
10,S0186,5.3968433,115.6876589,S0088,5.4071403,115.6728513,2.0,0,7.4,True,True,0,True
10,S0186,5.3968433,115.6876589,S0187,5.4023466,115.6848433,0.687,0,4.5,True,True,0,True
10,S0186,5.3968433,115.6876589,S0188,5.44141,115.6382102,7.384,0,4.7,True,False,0,True
10,S0186,5.3968433,115.6876589,S0189,5.4223745,115.6640257,3.861,0,8.0,True,False,0,True
10,S0186,5.3968433,115.6876589,S0191,5.4164768,115.6768857,2.488,0,9.3,True,True,0,True
10,S0187,5.4023466,115.6848433,S0083,5.4526327,115.6245849,8.704,0,1.2,True,False,0,True
10,S0187,5.4023466,115.6848433,S0088,5.4071403,115.6728513,1.431,0,8.0,True,True,0,True
10,S0187,5.4023466,115.6848433,S0186,5.3968433,115.6876589,0.687,0,10.0,True,True,0,True
10,S0187,5.4023466,115.6848433,S0188,5.44141,115.6382102,6.747,0,6.2,True,False,0,True
10,S0187,5.4023466,115.6848433,S0189,5.4223745,115.6640257,3.205,0,7.1,True,False,0,True
10,S0187,5.4023466,115.6848433,S0191,5.4164768,115.6768857,1.801,0,9.3,True,True,0,True
10,S0188,5.44141,115.6382102,S0083,5.4526327,115.6245849,1.958,0,7.1,True,False,0,True
10,S0188,5.44141,115.6382102,S0088,5.4071403,115.6728513,5.406,0,10.0,True,False,0,True
10,S0188,5.44141,115.6382102,S0186,5.3968433,115.6876589,7.384,0,2.5,True,False,0,True
10,S0188,5.44141,115.6382102,S0187,5.4023466,115.6848433,6.747,0,-2.2,False,False,0,True
10,S0188,5.44141,115.6382102,S0189,5.4223745,115.6640257,3.556,0,8.2,True,False,0,True
10,S0188,5.44141,115.6382102,S0190,5.4619507,115.5891481,5.892,0,7.3,True,False,0,True
10,S0188,5.44141,115.6382102,S0191,5.4164768,115.6768857,5.101,0,6.3,True,False,0,True
10,S0189,5.4223745,115.6640257,S0083,5.4526327,115.6245849,5.512,0,2.0,True,False,0,True
10,S0189,5.4223745,115.6640257,S0088,5.4071403,115.6728513,1.956,0,10.1,True,True,0,True
10,S0189,5.4223745,115.6640257,S0186,5.3968433,115.6876589,3.861,0,9.1,True,False,0,True
10,S0189,5.4223745,115.6640257,S0187,5.4023466,115.6848433,3.205,0,4.8,True,False,0,True
10,S0189,5.4223745,115.6640257,S0188,5.44141,115.6382102,3.556,0,9.9,True,False,0,True
10,S0189,5.4223745,115.6640257,S0190,5.4619507,115.5891481,9.384,0,6.3,True,False,0,True
10,S0189,5.4223745,115.6640257,S0191,5.4164768,115.6768857,1.567,0,9.2,True,True,0,True
10,S0190,5.4619507,115.5891481,S0082,5.5420109,115.5611542,9.426,0,-17.2,False,False,0,True
10,S0190,5.4619507,115.5891481,S0083,5.4526327,115.6245849,4.057,0,5.4,True,False,0,True
10,S0190,5.4619507,115.5891481,S0135,5.5142364,115.5361321,8.261,0,-4.6,False,False,0,True
10,S0190,5.4619507,115.5891481,S0149,5.4716727,115.5327708,6.333,0,7.1,True,True,0,True
10,S0190,5.4619507,115.5891481,S0188,5.44141,115.6382102,5.892,0,4.2,True,False,0,True
10,S0190,5.4619507,115.5891481,S0189,5.4223745,115.6640257,9.384,0,7.0,True,False,0,True
10,S0190,5.4619507,115.5891481,S0256,5.4994293,115.5463513,6.309,0,9.0,True,True,0,True
10,S0191,5.4164768,115.6768857,S0083,5.4526327,115.6245849,7.048,0,-1.4,False,False,0,True
10,S0191,5.4164768,115.6768857,S0088,5.4071403,115.6728513,1.13,0,8.2,True,True,0,True
10,S0191,5.4164768,115.6768857,S0186,5.3968433,115.6876589,2.488,0,8.3,True,True,0,True
10,S0191,5.4164768,115.6768857,S0187,5.4023466,115.6848433,1.801,0,9.5,True,True,0,True
10,S0191,5.4164768,115.6768857,S0188,5.44141,115.6382102,5.101,0,5.3,True,False,0,True
10,S0191,5.4164768,115.6768857,S0189,5.4223745,115.6640257,1.567,0,7.3,True,True,0,True
10,S0196,5.9479941,118.014302,S1365,5.9484425,118.0140645,0.056,1,10.1,True,True,0,True
10,S0201,6.7723729,116.7038484,S0022,6.7316162,116.6511044,7.38,0,-230.5,False,False,0,True
10,S0201,6.7723729,116.7038484,S0172,6.7151333,116.7225425,6.691,0,-71.4,False,False,0,True
10,S0202,5.4070377,117.9501832,S0261,5.4061473,117.9516956,0.195,1,6.3,True,True,0,True
10,S0202,5.4070377,117.9501832,S0262,5.4200674,117.9418331,1.719,1,1.7,True,False,0,True
10,S0203,5.8933391,117.9209983,S0205,5.9696538,117.9102422,8.569,0,4.1,True,False,0,True
10,S0205,5.9696538,117.9102422,S0203,5.8933391,117.9209983,8.569,1,3.1,True,False,0,True
10,S0205,5.9696538,117.9102422,S1366,5.9945988,117.9113975,2.777,1,11.0,True,True,0,True
10,S0212,5.039118,115.546489,S0099,5.1071138,115.5918648,9.079,0,-59.9,False,False,0,True
10,S0212,5.039118,115.546489,S0104,5.117332,115.557134,8.777,0,10.1,True,False,0,True
10,S0214,6.3056896,116.4403454,S0179,6.3240036,116.3743229,7.576,0,-387.5,False,False,0,True
10,S0214,6.3056896,116.4403454,S0215,6.283342,116.453604,2.885,0,-22.3,False,False,0,True
10,S0214,6.3056896,116.4403454,S0216,6.281577,116.457519,3.285,0,-15.9,False,False,0,True
10,S0214,6.3056896,116.4403454,S0315,6.2285288,116.4551222,8.734,0,-65.9,False,False,0,True
10,S0214,6.3056896,116.4403454,S0316,6.2251585,116.4491033,9.007,0,-104.2,False,False,0,True
10,S0214,6.3056896,116.4403454,S0318,6.2186365,116.4523971,9.771,0,-69.8,False,False,0,True
10,S0214,6.3056896,116.4403454,S0319,6.2360746,116.4494384,7.806,0,-60.5,False,False,0,True
10,S0214,6.3056896,116.4403454,S0339,6.2473825,116.4525488,6.622,0,-79.0,False,False,0,True
10,S0214,6.3056896,116.4403454,S0340,6.2495427,116.451671,6.368,0,-62.4,False,False,0,True
10,S0214,6.3056896,116.4403454,S0341,6.2491271,116.4754237,7.388,0,-72.0,False,False,0,True
10,S0214,6.3056896,116.4403454,S0343,6.2556724,116.4596676,5.958,0,-23.1,False,False,0,True
10,S0214,6.3056896,116.4403454,S0344,6.2647561,116.4537819,4.788,0,-14.9,False,False,0,True
10,S0214,6.3056896,116.4403454,S0345,6.2888642,116.4473655,2.025,0,-13.8,False,False,0,True
10,S0214,6.3056896,116.4403454,S0346,6.2399444,116.4347245,7.337,0,-203.4,False,False,0,True
10,S0214,6.3056896,116.4403454,S0348,6.2514125,116.4612922,6.464,0,-13.6,False,False,0,True
10,S0214,6.3056896,116.4403454,S0351,6.2917772,116.5161892,8.524,0,-128.7,False,False,0,True
10,S0214,6.3056896,116.4403454,S0352,6.2893898,116.5213042,9.13,0,-138.5,False,False,0,True
10,S0214,6.3056896,116.4403454,S0360,6.3219835,116.3868016,6.189,0,-375.2,False,False,0,True
10,S0214,6.3056896,116.4403454,S0366,6.2218072,116.4428194,9.331,0,-167.6,False,False,0,True
10,S0214,6.3056896,116.4403454,S0372,6.2275471,116.4499,8.753,0,-82.4,False,False,0,True
10,S0214,6.3056896,116.4403454,S0403,6.2493073,116.4626154,6.735,0,-19.8,False,False,0,True
10,S0215,6.283342,116.453604,S0179,6.3240036,116.3743229,9.86,0,-312.4,False,False,0,True
10,S0215,6.283342,116.453604,S0214,6.3056896,116.4403454,2.885,0,-23.2,False,False,0,True
10,S0215,6.283342,116.453604,S0216,6.281577,116.457519,0.475,0,10.0,True,True,0,True
10,S0215,6.283342,116.453604,S0315,6.2285288,116.4551222,6.097,0,5.1,True,False,0,True
10,S0215,6.283342,116.453604,S0316,6.2251585,116.4491033,6.489,0,-49.0,False,False,0,True
10,S0215,6.283342,116.453604,S0318,6.2186365,116.4523971,7.196,0,-59.0,False,False,0,True
10,S0215,6.283342,116.453604,S0319,6.2360746,116.4494384,5.276,0,-5.4,False,False,0,True
10,S0215,6.283342,116.453604,S0320,6.2137719,116.4515128,7.739,0,-19.0,False,False,0,True
10,S0215,6.283342,116.453604,S0321,6.2065818,116.4454789,8.582,0,-54.8,False,False,0,True
10,S0215,6.283342,116.453604,S0322,6.1992736,116.4466573,9.379,0,-22.2,False,False,0,True
10,S0215,6.283342,116.453604,S0339,6.2473825,116.4525488,4.0,0,-8.5,False,False,0,True
10,S0215,6.283342,116.453604,S0340,6.2495427,116.451671,3.764,0,5.0,True,False,0,True
10,S0215,6.283342,116.453604,S0341,6.2491271,116.4754237,4.505,0,-73.1,False,False,0,True
10,S0215,6.283342,116.453604,S0343,6.2556724,116.4596676,3.149,0,9.4,True,True,0,True
10,S0215,6.283342,116.453604,S0344,6.2647561,116.4537819,2.067,0,10.0,True,True,0,True
10,S0215,6.283342,116.453604,S0345,6.2888642,116.4473655,0.923,0,6.4,True,True,0,True
10,S0215,6.283342,116.453604,S0346,6.2399444,116.4347245,5.257,0,-132.0,False,False,0,True
10,S0215,6.283342,116.453604,S0348,6.2514125,116.4612922,3.651,0,9.9,True,True,0,True
10,S0215,6.283342,116.453604,S0351,6.2917772,116.5161892,6.981,0,-109.1,False,False,0,True
10,S0215,6.283342,116.453604,S0352,6.2893898,116.5213042,7.513,0,-148.3,False,False,0,True
10,S0215,6.283342,116.453604,S0360,6.3219835,116.3868016,8.542,0,-425.4,False,False,0,True
10,S0215,6.283342,116.453604,S0366,6.2218072,116.4428194,6.945,0,-54.5,False,False,0,True
10,S0215,6.283342,116.453604,S0372,6.2275471,116.4499,6.218,0,-32.1,False,False,0,True
10,S0215,6.283342,116.453604,S0403,6.2493073,116.4626154,3.913,0,-14.4,False,False,0,True
10,S0216,6.281577,116.457519,S0214,6.3056896,116.4403454,3.285,0,-15.6,False,False,0,True
10,S0216,6.281577,116.457519,S0215,6.283342,116.453604,0.475,0,10.0,True,True,0,True
10,S0216,6.281577,116.457519,S0315,6.2285288,116.4551222,5.905,0,3.6,True,False,0,True
10,S0216,6.281577,116.457519,S0316,6.2251585,116.4491033,6.342,0,-35.7,False,False,0,True
10,S0216,6.281577,116.457519,S0318,6.2186365,116.4523971,7.022,0,-59.1,False,False,0,True
10,S0216,6.281577,116.457519,S0319,6.2360746,116.4494384,5.138,0,5.5,True,False,0,True
10,S0216,6.281577,116.457519,S0320,6.2137719,116.4515128,7.569,0,-32.4,False,False,0,True
10,S0216,6.281577,116.457519,S0321,6.2065818,116.4454789,8.445,0,-47.4,False,False,0,True
10,S0216,6.281577,116.457519,S0322,6.1992736,116.4466573,9.23,0,-17.1,False,False,0,True
10,S0216,6.281577,116.457519,S0339,6.2473825,116.4525488,3.842,0,1.0,True,False,0,True
10,S0216,6.281577,116.457519,S0340,6.2495427,116.451671,3.62,0,1.2,True,False,0,True
10,S0216,6.281577,116.457519,S0341,6.2491271,116.4754237,4.115,0,-79.7,False,False,0,True
10,S0216,6.281577,116.457519,S0343,6.2556724,116.4596676,2.89,0,9.2,True,True,0,True
10,S0216,6.281577,116.457519,S0344,6.2647561,116.4537819,1.915,0,9.9,True,True,0,True
10,S0216,6.281577,116.457519,S0345,6.2888642,116.4473655,1.384,0,3.9,True,False,0,True
10,S0216,6.281577,116.457519,S0346,6.2399444,116.4347245,5.271,0,-107.3,False,False,0,True
10,S0216,6.281577,116.457519,S0348,6.2514125,116.4612922,3.38,0,9.9,True,True,0,True
10,S0216,6.281577,116.457519,S0351,6.2917772,116.5161892,6.583,0,-125.8,False,False,0,True
10,S0216,6.281577,116.457519,S0352,6.2893898,116.5213042,7.103,0,-166.4,False,False,0,True
10,S0216,6.281577,116.457519,S0360,6.3219835,116.3868016,9.015,0,-441.6,False,False,0,True
10,S0216,6.281577,116.457519,S0366,6.2218072,116.4428194,6.842,0,-55.0,False,False,0,True
10,S0216,6.281577,116.457519,S0372,6.2275471,116.4499,6.067,0,-32.6,False,False,0,True
10,S0216,6.281577,116.457519,S0403,6.2493073,116.4626154,3.632,0,-14.6,False,False,0,True
10,S0239,5.272817,115.8016325,S0086,5.3251135,115.7509543,8.081,0,-190.2,False,False,0,True
10,S0240,6.2443677,116.2902122,S0024,6.2583153,116.3176665,3.408,0,-9.2,False,False,0,True
10,S0240,6.2443677,116.2902122,S0138,6.2478396,116.2403592,5.524,0,-2.5,False,False,0,True
10,S0240,6.2443677,116.2902122,S0178,6.2383709,116.2825212,1.08,0,6.1,True,True,0,True
10,S0240,6.2443677,116.2902122,S0307,6.3129372,116.3458603,9.796,0,-218.6,False,False,0,True
10,S0240,6.2443677,116.2902122,S0407,6.3064939,116.3280651,8.076,0,-229.5,False,False,0,True
10,S0240,6.2443677,116.2902122,S0410,6.3000554,116.328518,7.501,0,-234.0,False,False,0,True
10,S0240,6.2443677,116.2902122,S1382,6.2253902,116.2167048,8.395,0,-82.7,False,False,0,True
10,S0240,6.2443677,116.2902122,S1390,6.2252622,116.2206638,7.976,0,-79.5,False,False,0,True
10,S0240,6.2443677,116.2902122,S0408,6.2974555,116.2814788,5.982,0,-95.1,False,False,0,True
10,S0240,6.2443677,116.2902122,S0409,6.3040075,116.2939116,6.644,0,-124.2,False,False,0,True
10,S0242,6.3120478,116.7332936,S0243,6.3871847,116.7747033,9.526,0,-78.4,False,False,0,True
10,S0242,6.3120478,116.7332936,S0379,6.3363692,116.7327757,2.705,0,10.0,True,True,0,True
10,S0242,6.3120478,116.7332936,S0380,6.3424779,116.740202,3.469,0,9.8,True,True,0,True
10,S0242,6.3120478,116.7332936,S0383,6.3795511,116.7597414,8.055,0,-3.7,False,False,0,True
10,S0242,6.3120478,116.7332936,S0381,6.3629363,116.7548147,6.138,0,-22.0,False,False,0,True
10,S0242,6.3120478,116.7332936,S0382,6.36331,116.7450321,5.846,0,10.8,True,True,0,True
10,S0243,6.3871847,116.7747033,S0242,6.3120478,116.7332936,9.526,1,-67.8,False,False,0,True
10,S0243,6.3871847,116.7747033,S0273,6.4544107,116.8012118,8.029,1,-216.0,False,False,0,True
10,S0243,6.3871847,116.7747033,S0379,6.3363692,116.7327757,7.307,1,-41.6,False,False,0,True
10,S0243,6.3871847,116.7747033,S0380,6.3424779,116.740202,6.265,1,-47.5,False,False,0,True
10,S0243,6.3871847,116.7747033,S0383,6.3795511,116.7597414,1.859,1,-3.7,False,False,0,True
10,S0243,6.3871847,116.7747033,S0384,6.4390311,116.8076006,6.815,1,-189.9,False,False,0,True
10,S0243,6.3871847,116.7747033,S0381,6.3629363,116.7548147,3.479,1,-59.0,False,False,0,True
10,S0243,6.3871847,116.7747033,S0382,6.36331,116.7450321,4.219,1,-17.8,False,False,0,True
10,S0256,5.4994293,115.5463513,S0082,5.5420109,115.5611542,5.01,0,-16.2,False,False,0,True
10,S0256,5.4994293,115.5463513,S0135,5.5142364,115.5361321,1.998,0,1.3,True,False,0,True
10,S0256,5.4994293,115.5463513,S0149,5.4716727,115.5327708,3.433,0,7.1,True,True,0,True
10,S0256,5.4994293,115.5463513,S0190,5.4619507,115.5891481,6.309,0,7.4,True,True,0,True
10,S0257,5.3040795,115.3690652,S0159,5.2967088,115.3584871,1.429,0,10.0,True,True,0,True
10,S0261,5.4061473,117.9516956,S0202,5.4070377,117.9501832,0.195,0,10.1,True,True,0,True
10,S0261,5.4061473,117.9516956,S0262,5.4200674,117.9418331,1.894,0,1.7,True,False,0,True
10,S0262,5.4200674,117.9418331,S0202,5.4070377,117.9501832,1.719,0,3.9,True,False,0,True
10,S0262,5.4200674,117.9418331,S0261,5.4061473,117.9516956,1.894,0,6.7,True,False,0,True
10,S0273,6.4544107,116.8012118,S0033,6.4764024,116.8436982,5.293,1,10.1,True,True,0,True
10,S0273,6.4544107,116.8012118,S0243,6.3871847,116.7747033,8.029,1,-210.8,False,False,0,True
10,S0273,6.4544107,116.8012118,S0383,6.3795511,116.7597414,9.502,1,-209.8,False,False,0,True
10,S0273,6.4544107,116.8012118,S0384,6.4390311,116.8076006,1.85,1,6.9,True,True,0,True
10,S0273,6.4544107,116.8012118,S1190,6.4860679,116.8662016,7.997,1,9.1,True,False,0,True
10,S0273,6.4544107,116.8012118,S1374,6.5225146,116.7520247,9.321,1,2.3,True,False,0,True
10,S0273,6.4544107,116.8012118,S1378,6.5309639,116.8482926,9.976,1,4.6,True,False,0,True
10,S0274,6.5215802,116.5176299,S0036,6.5248946,116.5506256,3.664,0,-22.5,False,False,0,True
10,S0274,6.5215802,116.5176299,S0038,6.5228172,116.5023056,1.699,0,6.9,True,True,0,True
10,S0274,6.5215802,116.5176299,S0041,6.4565219,116.5024247,7.427,0,-1.4,False,False,0,True
10,S0274,6.5215802,116.5176299,S0275,6.5807904,116.5497762,7.481,0,-216.5,False,False,0,True
10,S0274,6.5215802,116.5176299,S0364,6.4821376,116.4939753,5.105,0,3.8,True,False,0,True
10,S0274,6.5215802,116.5176299,S0365,6.4635833,116.4878031,7.242,0,0.4,True,False,0,True
10,S0274,6.5215802,116.5176299,S0394,6.4442068,116.5127843,8.62,0,-16.3,False,False,0,True
10,S0275,6.5807904,116.5497762,S0036,6.5248946,116.5506256,6.216,0,-147.4,False,False,0,True
10,S0275,6.5807904,116.5497762,S0038,6.5228172,116.5023056,8.31,0,-136.5,False,False,0,True
10,S0275,6.5807904,116.5497762,S0274,6.5215802,116.5176299,7.481,0,-221.8,False,False,0,True
10,S0279,6.8828641,116.6805184,S0009,6.8919254,116.7130317,3.728,0,-23.7,False,False,0,True
10,S0279,6.8828641,116.6805184,S0011,6.9552111,116.7259494,9.48,0,-111.4,False,False,0,True
10,S0279,6.8828641,116.6805184,S0280,6.8728835,116.6760968,1.212,0,9.6,True,True,0,True
10,S0280,6.8728835,116.6760968,S0009,6.8919254,116.7130317,4.594,0,-37.5,False,False,0,True
10,S0280,6.8728835,116.6760968,S0279,6.8828641,116.6805184,1.212,0,10.0,True,True,0,True
10,S0281,6.3847972,116.3463728,S0040,6.4203023,116.415399,8.589,0,-47.5,False,False,0,True
10,S0281,6.3847972,116.3463728,S0179,6.3240036,116.3743229,7.432,0,-46.0,False,False,0,True
10,S0281,6.3847972,116.3463728,S0307,6.3129372,116.3458603,7.991,0,-145.7,False,False,0,True
10,S0281,6.3847972,116.3463728,S0360,6.3219835,116.3868016,8.291,0,-139.6,False,False,0,True
10,S0281,6.3847972,116.3463728,S0404,6.3239734,116.3515484,6.787,0,-61.0,False,False,0,True
10,S0281,6.3847972,116.3463728,S0405,6.3380572,116.3291819,5.534,0,-151.5,False,False,0,True
10,S0281,6.3847972,116.3463728,S0406,6.3394007,116.3431186,5.061,0,-114.9,False,False,0,True
10,S0281,6.3847972,116.3463728,S0407,6.3064939,116.3280651,8.939,0,-168.1,False,False,0,True
10,S0281,6.3847972,116.3463728,S0410,6.3000554,116.328518,9.627,0,-179.9,False,False,0,True
10,S0284,6.1615009,116.7975091,S0060,6.1135252,116.8611805,8.832,1,-238.2,False,False,0,True
10,S0284,6.1615009,116.7975091,S0063,6.108734,116.8184033,6.306,1,-54.3,False,False,0,True
10,S0284,6.1615009,116.7975091,S0375,6.1940804,116.7735199,4.49,1,-46.7,False,False,0,True
10,S0284,6.1615009,116.7975091,S0915,6.126042,116.863994,8.341,1,-164.3,False,False,0,True
10,S0284,6.1615009,116.7975091,S0928,6.1095094,116.8182326,6.219,1,-53.6,False,False,0,True
10,S0284,6.1615009,116.7975091,S0931,6.1160327,116.863674,8.892,1,-205.8,False,False,0,True
10,S0284,6.1615009,116.7975091,S0940,6.15882,116.7789947,2.068,1,-21.9,False,False,0,True
10,S0284,6.1615009,116.7975091,S0941,6.119726,116.7986317,4.647,1,-92.3,False,False,0,True
10,S0284,6.1615009,116.7975091,S0943,6.20053,116.7656937,5.586,1,-91.0,False,False,0,True
10,S0284,6.1615009,116.7975091,S0944,6.1141163,116.8612539,8.799,1,-236.4,False,False,0,True
10,S0284,6.1615009,116.7975091,S0951,6.0886156,116.7732327,8.537,1,-343.8,False,False,0,True
10,S0284,6.1615009,116.7975091,S0061,6.2072984,116.7677359,6.064,1,-83.6,False,False,0,True
10,S0284,6.1615009,116.7975091,S0935,6.13671,116.7745909,3.744,1,-6.9,False,False,0,True
10,S0307,6.3129372,116.3458603,S0024,6.2583153,116.3176665,6.826,0,-264.6,False,False,0,True
10,S0307,6.3129372,116.3458603,S0179,6.3240036,116.3743229,3.378,0,21.5,True,True,0,True
10,S0307,6.3129372,116.3458603,S0240,6.2443677,116.2902122,9.796,0,-214.1,False,False,0,True
10,S0307,6.3129372,116.3458603,S0281,6.3847972,116.3463728,7.991,0,-151.5,False,False,0,True
10,S0307,6.3129372,116.3458603,S0360,6.3219835,116.3868016,4.635,0,-127.3,False,False,0,True
10,S0307,6.3129372,116.3458603,S0404,6.3239734,116.3515484,1.379,0,-2.5,False,False,0,True
10,S0307,6.3129372,116.3458603,S0405,6.3380572,116.3291819,3.347,0,-160.4,False,False,0,True
10,S0307,6.3129372,116.3458603,S0406,6.3394007,116.3431186,2.958,0,-82.7,False,False,0,True
10,S0307,6.3129372,116.3458603,S0407,6.3064939,116.3280651,2.093,0,-75.6,False,False,0,True
10,S0307,6.3129372,116.3458603,S0410,6.3000554,116.328518,2.393,0,-62.3,False,False,0,True
10,S0307,6.3129372,116.3458603,S0408,6.2974555,116.2814788,7.321,0,-76.6,False,False,0,True
10,S0307,6.3129372,116.3458603,S0409,6.3040075,116.2939116,5.827,0,-79.0,False,False,0,True
10,S0315,6.2285288,116.4551222,S0214,6.3056896,116.4403454,8.734,1,-70.1,False,False,0,True
10,S0315,6.2285288,116.4551222,S0215,6.283342,116.453604,6.097,1,-1.2,False,False,0,True
10,S0315,6.2285288,116.4551222,S0216,6.281577,116.457519,5.905,1,9.7,True,True,0,True
10,S0315,6.2285288,116.4551222,S0316,6.2251585,116.4491033,0.764,1,10.0,True,True,0,True
10,S0315,6.2285288,116.4551222,S0318,6.2186365,116.4523971,1.14,1,-57.5,False,False,0,True
10,S0315,6.2285288,116.4551222,S0319,6.2360746,116.4494384,1.048,1,9.1,True,True,0,True
10,S0315,6.2285288,116.4551222,S0320,6.2137719,116.4515128,1.689,1,-44.6,False,False,0,True
10,S0315,6.2285288,116.4551222,S0321,6.2065818,116.4454789,2.663,1,-31.0,False,False,0,True
10,S0315,6.2285288,116.4551222,S0322,6.1992736,116.4466573,3.385,1,-39.5,False,False,0,True
10,S0315,6.2285288,116.4551222,S0334,6.1466984,116.445671,9.159,1,-47.8,False,False,0,True
10,S0315,6.2285288,116.4551222,S0338,6.1852478,116.4455836,4.927,1,-48.2,False,False,0,True
10,S0315,6.2285288,116.4551222,S0339,6.2473825,116.4525488,2.116,1,8.5,True,True,0,True
10,S0315,6.2285288,116.4551222,S0340,6.2495427,116.451671,2.368,1,9.2,True,True,0,True
10,S0315,6.2285288,116.4551222,S0341,6.2491271,116.4754237,3.207,1,-40.8,False,False,0,True
10,S0315,6.2285288,116.4551222,S0343,6.2556724,116.4596676,3.06,1,-43.1,False,False,0,True
10,S0315,6.2285288,116.4551222,S0344,6.2647561,116.4537819,4.031,1,10.1,True,True,0,True
10,S0315,6.2285288,116.4551222,S0345,6.2888642,116.4473655,6.764,1,-59.5,False,False,0,True
10,S0315,6.2285288,116.4551222,S0346,6.2399444,116.4347245,2.587,1,-70.0,False,False,0,True
10,S0315,6.2285288,116.4551222,S0348,6.2514125,116.4612922,2.634,1,-53.9,False,False,0,True
10,S0315,6.2285288,116.4551222,S0351,6.2917772,116.5161892,9.748,1,-129.9,False,False,0,True
10,S0315,6.2285288,116.4551222,S0352,6.2893898,116.5213042,9.965,1,-142.6,False,False,0,True
10,S0315,6.2285288,116.4551222,S0366,6.2218072,116.4428194,1.552,1,9.8,True,True,0,True
10,S0315,6.2285288,116.4551222,S0372,6.2275471,116.4499,0.587,1,10.1,True,True,0,True
10,S0315,6.2285288,116.4551222,S0403,6.2493073,116.4626154,2.454,1,-76.7,False,False,0,True
10,S0315,6.2285288,116.4551222,S0413,6.1388087,116.4522523,9.981,1,-119.5,False,False,0,True
10,S0316,6.2251585,116.4491033,S0214,6.3056896,116.4403454,9.007,0,-101.5,False,False,0,True
10,S0316,6.2251585,116.4491033,S0215,6.283342,116.453604,6.489,0,-33.2,False,False,0,True
10,S0316,6.2251585,116.4491033,S0216,6.281577,116.457519,6.342,0,-20.6,False,False,0,True
10,S0316,6.2251585,116.4491033,S0315,6.2285288,116.4551222,0.764,0,9.4,True,True,0,True
10,S0316,6.2251585,116.4491033,S0318,6.2186365,116.4523971,0.811,0,9.8,True,True,0,True
10,S0316,6.2251585,116.4491033,S0319,6.2360746,116.4494384,1.214,0,-37.0,False,False,0,True
10,S0316,6.2251585,116.4491033,S0320,6.2137719,116.4515128,1.294,0,3.5,True,False,0,True
10,S0316,6.2251585,116.4491033,S0321,6.2065818,116.4454789,2.104,0,-49.0,False,False,0,True
10,S0316,6.2251585,116.4491033,S0322,6.1992736,116.4466573,2.891,0,-29.5,False,False,0,True
10,S0316,6.2251585,116.4491033,S0334,6.1466984,116.445671,8.733,0,-53.4,False,False,0,True
10,S0316,6.2251585,116.4491033,S0338,6.1852478,116.4455836,4.455,0,-45.0,False,False,0,True
10,S0316,6.2251585,116.4491033,S0339,6.2473825,116.4525488,2.5,0,-24.5,False,False,0,True
10,S0316,6.2251585,116.4491033,S0340,6.2495427,116.451671,2.726,0,-28.6,False,False,0,True
10,S0316,6.2251585,116.4491033,S0341,6.2491271,116.4754237,3.946,0,-28.0,False,False,0,True
10,S0316,6.2251585,116.4491033,S0343,6.2556724,116.4596676,3.588,0,-16.1,False,False,0,True
10,S0316,6.2251585,116.4491033,S0344,6.2647561,116.4537819,4.433,0,-18.9,False,False,0,True
10,S0316,6.2251585,116.4491033,S0345,6.2888642,116.4473655,7.086,0,-78.7,False,False,0,True
10,S0316,6.2251585,116.4491033,S0346,6.2399444,116.4347245,2.287,0,-65.4,False,False,0,True
10,S0316,6.2251585,116.4491033,S0348,6.2514125,116.4612922,3.215,0,-37.1,False,False,0,True
10,S0316,6.2251585,116.4491033,S0366,6.2218072,116.4428194,0.788,0,9.6,True,True,0,True
10,S0316,6.2251585,116.4491033,S0372,6.2275471,116.4499,0.28,0,10.1,True,True,0,True
10,S0316,6.2251585,116.4491033,S0403,6.2493073,116.4626154,3.073,0,-63.3,False,False,0,True
10,S0316,6.2251585,116.4491033,S0413,6.1388087,116.4522523,9.608,0,-121.5,False,False,0,True
10,S0318,6.2186365,116.4523971,S0214,6.3056896,116.4403454,9.771,0,-70.6,False,False,0,True
10,S0318,6.2186365,116.4523971,S0215,6.283342,116.453604,7.196,0,-41.4,False,False,0,True
10,S0318,6.2186365,116.4523971,S0216,6.281577,116.457519,7.022,0,-41.4,False,False,0,True
10,S0318,6.2186365,116.4523971,S0315,6.2285288,116.4551222,1.14,0,-51.1,False,False,0,True
10,S0318,6.2186365,116.4523971,S0316,6.2251585,116.4491033,0.811,0,10.1,True,True,0,True
10,S0318,6.2186365,116.4523971,S0319,6.2360746,116.4494384,1.966,0,-24.0,False,False,0,True
10,S0318,6.2186365,116.4523971,S0320,6.2137719,116.4515128,0.55,0,8.7,True,True,0,True
10,S0318,6.2186365,116.4523971,S0321,6.2065818,116.4454789,1.543,0,-21.9,False,False,0,True
10,S0318,6.2186365,116.4523971,S0322,6.1992736,116.4466573,2.245,0,-18.1,False,False,0,True
10,S0318,6.2186365,116.4523971,S0334,6.1466984,116.445671,8.034,0,-31.3,False,False,0,True
10,S0318,6.2186365,116.4523971,S0338,6.1852478,116.4455836,3.788,0,-39.8,False,False,0,True
10,S0318,6.2186365,116.4523971,S0339,6.2473825,116.4525488,3.196,0,-43.9,False,False,0,True
10,S0318,6.2186365,116.4523971,S0340,6.2495427,116.451671,3.438,0,-35.8,False,False,0,True
10,S0318,6.2186365,116.4523971,S0341,6.2491271,116.4754237,4.24,0,-71.9,False,False,0,True
10,S0318,6.2186365,116.4523971,S0343,6.2556724,116.4596676,4.196,0,-40.8,False,False,0,True
10,S0318,6.2186365,116.4523971,S0344,6.2647561,116.4537819,5.131,0,-40.6,False,False,0,True
10,S0318,6.2186365,116.4523971,S0345,6.2888642,116.4473655,7.829,0,-81.1,False,False,0,True
10,S0318,6.2186365,116.4523971,S0346,6.2399444,116.4347245,3.071,0,-65.4,False,False,0,True
10,S0318,6.2186365,116.4523971,S0348,6.2514125,116.4612922,3.775,0,-54.3,False,False,0,True
10,S0318,6.2186365,116.4523971,S0366,6.2218072,116.4428194,1.116,0,-3.2,False,False,0,True
10,S0318,6.2186365,116.4523971,S0372,6.2275471,116.4499,1.029,0,-16.4,False,False,0,True
10,S0318,6.2186365,116.4523971,S0403,6.2493073,116.4626154,3.593,0,-80.0,False,False,0,True
10,S0318,6.2186365,116.4523971,S0413,6.1388087,116.4522523,8.876,0,-122.5,False,False,0,True
10,S0319,6.2360746,116.4494384,S0214,6.3056896,116.4403454,7.806,0,-56.6,False,False,0,True
10,S0319,6.2360746,116.4494384,S0215,6.283342,116.453604,5.276,0,-7.7,False,False,0,True
10,S0319,6.2360746,116.4494384,S0216,6.281577,116.457519,5.138,0,4.9,True,False,0,True
10,S0319,6.2360746,116.4494384,S0315,6.2285288,116.4551222,1.048,0,8.1,True,True,0,True
10,S0319,6.2360746,116.4494384,S0316,6.2251585,116.4491033,1.214,0,-33.5,False,False,0,True
10,S0319,6.2360746,116.4494384,S0318,6.2186365,116.4523971,1.966,0,-36.1,False,False,0,True
10,S0319,6.2360746,116.4494384,S0320,6.2137719,116.4515128,2.491,0,-11.5,False,False,0,True
10,S0319,6.2360746,116.4494384,S0321,6.2065818,116.4454789,3.309,0,-55.2,False,False,0,True
10,S0319,6.2360746,116.4494384,S0322,6.1992736,116.4466573,4.104,0,-21.6,False,False,0,True
10,S0319,6.2360746,116.4494384,S0334,6.1466984,116.445671,9.947,0,-49.9,False,False,0,True
10,S0319,6.2360746,116.4494384,S0338,6.1852478,116.4455836,5.668,0,-45.5,False,False,0,True
10,S0319,6.2360746,116.4494384,S0339,6.2473825,116.4525488,1.304,0,11.2,True,True,0,True
10,S0319,6.2360746,116.4494384,S0340,6.2495427,116.451671,1.518,0,9.7,True,True,0,True
10,S0319,6.2360746,116.4494384,S0341,6.2491271,116.4754237,3.218,0,-36.2,False,False,0,True
10,S0319,6.2360746,116.4494384,S0343,6.2556724,116.4596676,2.455,0,7.3,True,True,0,True
10,S0319,6.2360746,116.4494384,S0344,6.2647561,116.4537819,3.225,0,6.7,True,False,0,True
10,S0319,6.2360746,116.4494384,S0345,6.2888642,116.4473655,5.874,0,-73.2,False,False,0,True
10,S0319,6.2360746,116.4494384,S0346,6.2399444,116.4347245,1.682,0,-23.5,False,False,0,True
10,S0319,6.2360746,116.4494384,S0348,6.2514125,116.4612922,2.151,0,-24.3,False,False,0,True
10,S0319,6.2360746,116.4494384,S0351,6.2917772,116.5161892,9.633,0,-111.3,False,False,0,True
10,S0319,6.2360746,116.4494384,S0352,6.2893898,116.5213042,9.912,0,-111.3,False,False,0,True
10,S0319,6.2360746,116.4494384,S0366,6.2218072,116.4428194,1.747,0,-54.0,False,False,0,True
10,S0319,6.2360746,116.4494384,S0372,6.2275471,116.4499,0.95,0,-29.1,False,False,0,True
10,S0319,6.2360746,116.4494384,S0403,6.2493073,116.4626154,2.07,0,-35.6,False,False,0,True
10,S0320,6.2137719,116.4515128,S0215,6.283342,116.453604,7.739,1,-4.2,False,False,0,True
10,S0320,6.2137719,116.4515128,S0216,6.281577,116.457519,7.569,1,-17.5,False,False,0,True
10,S0320,6.2137719,116.4515128,S0315,6.2285288,116.4551222,1.689,1,-47.1,False,False,0,True
10,S0320,6.2137719,116.4515128,S0316,6.2251585,116.4491033,1.294,1,14.2,True,True,0,True
10,S0320,6.2137719,116.4515128,S0318,6.2186365,116.4523971,0.55,1,10.1,True,True,0,True
10,S0320,6.2137719,116.4515128,S0319,6.2360746,116.4494384,2.491,1,-23.8,False,False,0,True
10,S0320,6.2137719,116.4515128,S0321,6.2065818,116.4454789,1.041,1,-13.0,False,False,0,True
10,S0320,6.2137719,116.4515128,S0322,6.1992736,116.4466573,1.699,1,-14.9,False,False,0,True
10,S0320,6.2137719,116.4515128,S0333,6.1239943,116.4532593,9.985,1,-109.9,False,False,0,True
10,S0320,6.2137719,116.4515128,S0334,6.1466984,116.445671,7.486,1,-26.7,False,False,0,True
10,S0320,6.2137719,116.4515128,S0338,6.1852478,116.4455836,3.239,1,-22.3,False,False,0,True
10,S0320,6.2137719,116.4515128,S0339,6.2473825,116.4525488,3.739,1,-12.2,False,False,0,True
10,S0320,6.2137719,116.4515128,S0340,6.2495427,116.451671,3.978,1,-5.7,False,False,0,True
10,S0320,6.2137719,116.4515128,S0341,6.2491271,116.4754237,4.737,1,-71.5,False,False,0,True
10,S0320,6.2137719,116.4515128,S0343,6.2556724,116.4596676,4.746,1,-29.9,False,False,0,True
10,S0320,6.2137719,116.4515128,S0344,6.2647561,116.4537819,5.675,1,-11.5,False,False,0,True
10,S0320,6.2137719,116.4515128,S0345,6.2888642,116.4473655,8.362,1,-76.7,False,False,0,True
10,S0320,6.2137719,116.4515128,S0346,6.2399444,116.4347245,3.452,1,-59.3,False,False,0,True
10,S0320,6.2137719,116.4515128,S0348,6.2514125,116.4612922,4.323,1,-52.5,False,False,0,True
10,S0320,6.2137719,116.4515128,S0366,6.2218072,116.4428194,1.312,1,-9.9,False,False,0,True
10,S0320,6.2137719,116.4515128,S0372,6.2275471,116.4499,1.542,1,10.2,True,True,0,True
10,S0320,6.2137719,116.4515128,S0403,6.2493073,116.4626154,4.138,1,-75.7,False,False,0,True
10,S0320,6.2137719,116.4515128,S0413,6.1388087,116.4522523,8.336,1,-119.4,False,False,0,True
10,S0321,6.2065818,116.4454789,S0215,6.283342,116.453604,8.582,0,-39.0,False,False,0,True
10,S0321,6.2065818,116.4454789,S0216,6.281577,116.457519,8.445,0,-31.8,False,False,0,True
10,S0321,6.2065818,116.4454789,S0315,6.2285288,116.4551222,2.663,0,-40.2,False,False,0,True
10,S0321,6.2065818,116.4454789,S0316,6.2251585,116.4491033,2.104,0,-46.7,False,False,0,True
10,S0321,6.2065818,116.4454789,S0318,6.2186365,116.4523971,1.543,0,-9.5,False,False,0,True
10,S0321,6.2065818,116.4454789,S0319,6.2360746,116.4494384,3.309,0,-45.7,False,False,0,True
10,S0321,6.2065818,116.4454789,S0320,6.2137719,116.4515128,1.041,0,-3.6,False,False,0,True
10,S0321,6.2065818,116.4454789,S0322,6.1992736,116.4466573,0.823,0,-19.3,False,False,0,True
10,S0321,6.2065818,116.4454789,S0333,6.1239943,116.4532593,9.224,0,-107.7,False,False,0,True
10,S0321,6.2065818,116.4454789,S0334,6.1466984,116.445671,6.659,0,-38.1,False,False,0,True
10,S0321,6.2065818,116.4454789,S0338,6.1852478,116.4455836,2.372,0,-30.3,False,False,0,True
10,S0321,6.2065818,116.4454789,S0339,6.2473825,116.4525488,4.604,0,-32.7,False,False,0,True
10,S0321,6.2065818,116.4454789,S0340,6.2495427,116.451671,4.826,0,-34.6,False,False,0,True
10,S0321,6.2065818,116.4454789,S0341,6.2491271,116.4754237,5.774,0,-50.9,False,False,0,True
10,S0321,6.2065818,116.4454789,S0343,6.2556724,116.4596676,5.679,0,-7.2,False,False,0,True
10,S0321,6.2065818,116.4454789,S0344,6.2647561,116.4537819,6.533,0,-31.5,False,False,0,True
10,S0321,6.2065818,116.4454789,S0345,6.2888642,116.4473655,9.152,0,-73.5,False,False,0,True
10,S0321,6.2065818,116.4454789,S0346,6.2399444,116.4347245,3.896,0,-75.0,False,False,0,True
10,S0321,6.2065818,116.4454789,S0348,6.2514125,116.4612922,5.283,0,-41.5,False,False,0,True
10,S0321,6.2065818,116.4454789,S0366,6.2218072,116.4428194,1.718,0,-43.8,False,False,0,True
10,S0321,6.2065818,116.4454789,S0372,6.2275471,116.4499,2.382,0,-34.7,False,False,0,True
10,S0321,6.2065818,116.4454789,S0403,6.2493073,116.4626154,5.115,0,-69.1,False,False,0,True
10,S0321,6.2065818,116.4454789,S0413,6.1388087,116.4522523,7.573,0,-106.5,False,False,0,True
10,S0322,6.1992736,116.4466573,S0215,6.283342,116.453604,9.379,0,-15.5,False,False,0,True
10,S0322,6.1992736,116.4466573,S0216,6.281577,116.457519,9.23,0,-3.6,False,False,0,True
10,S0322,6.1992736,116.4466573,S0315,6.2285288,116.4551222,3.385,0,-50.7,False,False,0,True
10,S0322,6.1992736,116.4466573,S0316,6.2251585,116.4491033,2.891,0,-35.3,False,False,0,True
10,S0322,6.1992736,116.4466573,S0318,6.2186365,116.4523971,2.245,0,-11.1,False,False,0,True
10,S0322,6.1992736,116.4466573,S0319,6.2360746,116.4494384,4.104,0,-32.4,False,False,0,True
10,S0322,6.1992736,116.4466573,S0320,6.2137719,116.4515128,1.699,0,-1.8,False,False,0,True
10,S0322,6.1992736,116.4466573,S0321,6.2065818,116.4454789,0.823,0,-14.3,False,False,0,True
10,S0322,6.1992736,116.4466573,S0333,6.1239943,116.4532593,8.402,0,-108.8,False,False,0,True
10,S0322,6.1992736,116.4466573,S0334,6.1466984,116.445671,5.847,0,-44.6,False,False,0,True
10,S0322,6.1992736,116.4466573,S0338,6.1852478,116.4455836,1.564,0,10.1,True,True,0,True
10,S0322,6.1992736,116.4466573,S0339,6.2473825,116.4525488,5.389,0,-24.3,False,False,0,True
10,S0322,6.1992736,116.4466573,S0340,6.2495427,116.451671,5.617,0,-10.4,False,False,0,True
10,S0322,6.1992736,116.4466573,S0341,6.2491271,116.4754237,6.391,0,-40.4,False,False,0,True
10,S0322,6.1992736,116.4466573,S0343,6.2556724,116.4596676,6.434,0,-21.0,False,False,0,True
10,S0322,6.1992736,116.4466573,S0344,6.2647561,116.4537819,7.324,0,-6.8,False,False,0,True
10,S0322,6.1992736,116.4466573,S0345,6.2888642,116.4473655,9.962,0,-73.4,False,False,0,True
10,S0322,6.1992736,116.4466573,S0346,6.2399444,116.4347245,4.711,0,-79.4,False,False,0,True
10,S0322,6.1992736,116.4466573,S0348,6.2514125,116.4612922,6.019,0,-47.7,False,False,0,True
10,S0322,6.1992736,116.4466573,S0366,6.2218072,116.4428194,2.541,0,-46.1,False,False,0,True
10,S0322,6.1992736,116.4466573,S0372,6.2275471,116.4499,3.164,0,-30.9,False,False,0,True
10,S0322,6.1992736,116.4466573,S0403,6.2493073,116.4626154,5.836,0,-75.8,False,False,0,True
10,S0322,6.1992736,116.4466573,S0413,6.1388087,116.4522523,6.752,0,-107.9,False,False,0,True
10,S0333,6.1239943,116.4532593,S0320,6.2137719,116.4515128,9.985,0,-92.7,False,False,0,True
10,S0333,6.1239943,116.4532593,S0321,6.2065818,116.4454789,9.224,0,-90.9,False,False,0,True
10,S0333,6.1239943,116.4532593,S0322,6.1992736,116.4466573,8.402,0,-92.3,False,False,0,True
10,S0333,6.1239943,116.4532593,S0334,6.1466984,116.445671,2.66,0,-81.8,False,False,0,True
10,S0333,6.1239943,116.4532593,S0338,6.1852478,116.4455836,6.864,0,-106.7,False,False,0,True
10,S0333,6.1239943,116.4532593,S0413,6.1388087,116.4522523,1.651,0,-108.3,False,False,0,True
10,S0334,6.1466984,116.445671,S0315,6.2285288,116.4551222,9.159,0,-64.5,False,False,0,True
10,S0334,6.1466984,116.445671,S0316,6.2251585,116.4491033,8.733,0,-49.5,False,False,0,True
10,S0334,6.1466984,116.445671,S0318,6.2186365,116.4523971,8.034,0,-19.0,False,False,0,True
10,S0334,6.1466984,116.445671,S0319,6.2360746,116.4494384,9.947,0,-36.2,False,False,0,True
10,S0334,6.1466984,116.445671,S0320,6.2137719,116.4515128,7.486,0,-17.8,False,False,0,True
10,S0334,6.1466984,116.445671,S0321,6.2065818,116.4454789,6.659,0,-33.5,False,False,0,True
10,S0334,6.1466984,116.445671,S0322,6.1992736,116.4466573,5.847,0,-35.4,False,False,0,True
10,S0334,6.1466984,116.445671,S0333,6.1239943,116.4532593,2.66,0,-88.4,False,False,0,True
10,S0334,6.1466984,116.445671,S0338,6.1852478,116.4455836,4.287,0,-51.6,False,False,0,True
10,S0334,6.1466984,116.445671,S0366,6.2218072,116.4428194,8.358,0,-86.1,False,False,0,True
10,S0334,6.1466984,116.445671,S0372,6.2275471,116.4499,9.002,0,-40.2,False,False,0,True
10,S0334,6.1466984,116.445671,S0413,6.1388087,116.4522523,1.14,0,-32.3,False,False,0,True
10,S0338,6.1852478,116.4455836,S0315,6.2285288,116.4551222,4.927,0,-62.2,False,False,0,True
10,S0338,6.1852478,116.4455836,S0316,6.2251585,116.4491033,4.455,0,-50.6,False,False,0,True
10,S0338,6.1852478,116.4455836,S0318,6.2186365,116.4523971,3.788,0,-43.3,False,False,0,True
10,S0338,6.1852478,116.4455836,S0319,6.2360746,116.4494384,5.668,0,-39.3,False,False,0,True
10,S0338,6.1852478,116.4455836,S0320,6.2137719,116.4515128,3.239,0,-29.7,False,False,0,True
10,S0338,6.1852478,116.4455836,S0321,6.2065818,116.4454789,2.372,0,-40.3,False,False,0,True
10,S0338,6.1852478,116.4455836,S0322,6.1992736,116.4466573,1.564,0,6.8,True,True,0,True
10,S0338,6.1852478,116.4455836,S0333,6.1239943,116.4532593,6.864,0,-112.0,False,False,0,True
10,S0338,6.1852478,116.4455836,S0334,6.1466984,116.445671,4.287,0,-50.8,False,False,0,True
10,S0338,6.1852478,116.4455836,S0339,6.2473825,116.4525488,6.952,0,-41.7,False,False,0,True
10,S0338,6.1852478,116.4455836,S0340,6.2495427,116.451671,7.181,0,-33.6,False,False,0,True
10,S0338,6.1852478,116.4455836,S0341,6.2491271,116.4754237,7.832,0,-53.1,False,False,0,True
10,S0338,6.1852478,116.4455836,S0343,6.2556724,116.4596676,7.984,0,-47.7,False,False,0,True
10,S0338,6.1852478,116.4455836,S0344,6.2647561,116.4537819,8.887,0,-32.4,False,False,0,True
10,S0338,6.1852478,116.4455836,S0346,6.2399444,116.4347245,6.199,0,-150.1,False,False,0,True
10,S0338,6.1852478,116.4455836,S0348,6.2514125,116.4612922,7.559,0,-58.7,False,False,0,True
10,S0338,6.1852478,116.4455836,S0366,6.2218072,116.4428194,4.077,0,-77.2,False,False,0,True
10,S0338,6.1852478,116.4455836,S0372,6.2275471,116.4499,4.728,0,-48.4,False,False,0,True
10,S0338,6.1852478,116.4455836,S0403,6.2493073,116.4626154,7.368,0,-74.9,False,False,0,True
10,S0338,6.1852478,116.4455836,S0413,6.1388087,116.4522523,5.216,0,-113.5,False,False,0,True
10,S0339,6.2473825,116.4525488,S0214,6.3056896,116.4403454,6.622,0,-78.6,False,False,0,True
10,S0339,6.2473825,116.4525488,S0215,6.283342,116.453604,4.0,0,-1.5,False,False,0,True
10,S0339,6.2473825,116.4525488,S0216,6.281577,116.457519,3.842,0,2.9,True,False,0,True
10,S0339,6.2473825,116.4525488,S0315,6.2285288,116.4551222,2.116,0,5.9,True,True,0,True
10,S0339,6.2473825,116.4525488,S0316,6.2251585,116.4491033,2.5,0,-32.6,False,False,0,True
10,S0339,6.2473825,116.4525488,S0318,6.2186365,116.4523971,3.196,0,-58.4,False,False,0,True
10,S0339,6.2473825,116.4525488,S0319,6.2360746,116.4494384,1.304,0,9.8,True,True,0,True
10,S0339,6.2473825,116.4525488,S0320,6.2137719,116.4515128,3.739,0,-21.4,False,False,0,True
10,S0339,6.2473825,116.4525488,S0321,6.2065818,116.4454789,4.604,0,-44.5,False,False,0,True
10,S0339,6.2473825,116.4525488,S0322,6.1992736,116.4466573,5.389,0,-24.3,False,False,0,True
10,S0339,6.2473825,116.4525488,S0338,6.1852478,116.4455836,6.952,0,-47.3,False,False,0,True
10,S0339,6.2473825,116.4525488,S0340,6.2495427,116.451671,0.259,0,8.8,True,True,0,True
10,S0339,6.2473825,116.4525488,S0341,6.2491271,116.4754237,2.536,0,-51.2,False,False,0,True
10,S0339,6.2473825,116.4525488,S0343,6.2556724,116.4596676,1.212,0,6.5,True,True,0,True
10,S0339,6.2473825,116.4525488,S0344,6.2647561,116.4537819,1.937,0,0.2,True,False,0,True
10,S0339,6.2473825,116.4525488,S0345,6.2888642,116.4473655,4.648,0,-61.5,False,False,0,True
10,S0339,6.2473825,116.4525488,S0346,6.2399444,116.4347245,2.137,0,-74.1,False,False,0,True
10,S0339,6.2473825,116.4525488,S0348,6.2514125,116.4612922,1.065,0,4.1,True,True,0,True
10,S0339,6.2473825,116.4525488,S0351,6.2917772,116.5161892,8.594,0,-128.6,False,False,0,True
10,S0339,6.2473825,116.4525488,S0352,6.2893898,116.5213042,8.92,0,-128.8,False,False,0,True
10,S0339,6.2473825,116.4525488,S0366,6.2218072,116.4428194,3.04,0,-57.2,False,False,0,True
10,S0339,6.2473825,116.4525488,S0372,6.2275471,116.4499,2.225,0,-30.8,False,False,0,True
10,S0339,6.2473825,116.4525488,S0403,6.2493073,116.4626154,1.133,0,-21.9,False,False,0,True
10,S0340,6.2495427,116.451671,S0214,6.3056896,116.4403454,6.368,0,-61.2,False,False,0,True
10,S0340,6.2495427,116.451671,S0215,6.283342,116.453604,3.764,0,7.9,True,False,0,True
10,S0340,6.2495427,116.451671,S0216,6.281577,116.457519,3.62,0,8.9,True,False,0,True
10,S0340,6.2495427,116.451671,S0315,6.2285288,116.4551222,2.368,0,6.5,True,True,0,True
10,S0340,6.2495427,116.451671,S0316,6.2251585,116.4491033,2.726,0,-37.9,False,False,0,True
10,S0340,6.2495427,116.451671,S0318,6.2186365,116.4523971,3.438,0,-50.7,False,False,0,True
10,S0340,6.2495427,116.451671,S0319,6.2360746,116.4494384,1.518,0,10.0,True,True,0,True
10,S0340,6.2495427,116.451671,S0320,6.2137719,116.4515128,3.978,0,-15.5,False,False,0,True
10,S0340,6.2495427,116.451671,S0321,6.2065818,116.4454789,4.826,0,-47.0,False,False,0,True
10,S0340,6.2495427,116.451671,S0322,6.1992736,116.4466573,5.617,0,-17.2,False,False,0,True
10,S0340,6.2495427,116.451671,S0338,6.1852478,116.4455836,7.181,0,-41.5,False,False,0,True
10,S0340,6.2495427,116.451671,S0339,6.2473825,116.4525488,0.259,0,10.1,True,True,0,True
10,S0340,6.2495427,116.451671,S0341,6.2491271,116.4754237,2.626,0,-41.8,False,False,0,True
10,S0340,6.2495427,116.451671,S0343,6.2556724,116.4596676,1.116,0,9.3,True,True,0,True
10,S0340,6.2495427,116.451671,S0344,6.2647561,116.4537819,1.708,0,9.5,True,True,0,True
10,S0340,6.2495427,116.451671,S0345,6.2888642,116.4473655,4.398,0,-63.4,False,False,0,True
10,S0340,6.2495427,116.451671,S0346,6.2399444,116.4347245,2.156,0,-51.9,False,False,0,True
10,S0340,6.2495427,116.451671,S0348,6.2514125,116.4612922,1.084,0,10.1,True,True,0,True
10,S0340,6.2495427,116.451671,S0351,6.2917772,116.5161892,8.539,0,-117.5,False,False,0,True
10,S0340,6.2495427,116.451671,S0352,6.2893898,116.5213042,8.881,0,-134.5,False,False,0,True
10,S0340,6.2495427,116.451671,S0366,6.2218072,116.4428194,3.236,0,-48.8,False,False,0,True
10,S0340,6.2495427,116.451671,S0372,6.2275471,116.4499,2.454,0,-26.8,False,False,0,True
10,S0340,6.2495427,116.451671,S0403,6.2493073,116.4626154,1.21,0,-0.7,False,False,0,True
10,S0341,6.2491271,116.4754237,S0214,6.3056896,116.4403454,7.388,0,-54.8,False,False,0,True
10,S0341,6.2491271,116.4754237,S0215,6.283342,116.453604,4.505,0,-57.7,False,False,0,True
10,S0341,6.2491271,116.4754237,S0216,6.281577,116.457519,4.115,0,-65.2,False,False,0,True
10,S0341,6.2491271,116.4754237,S0315,6.2285288,116.4551222,3.207,0,-51.6,False,False,0,True
10,S0341,6.2491271,116.4754237,S0316,6.2251585,116.4491033,3.946,0,-33.3,False,False,0,True
10,S0341,6.2491271,116.4754237,S0318,6.2186365,116.4523971,4.24,0,-81.3,False,False,0,True
10,S0341,6.2491271,116.4754237,S0319,6.2360746,116.4494384,3.218,0,-36.6,False,False,0,True
10,S0341,6.2491271,116.4754237,S0320,6.2137719,116.4515128,4.737,0,-80.9,False,False,0,True
10,S0341,6.2491271,116.4754237,S0321,6.2065818,116.4454789,5.774,0,-54.9,False,False,0,True
10,S0341,6.2491271,116.4754237,S0322,6.1992736,116.4466573,6.391,0,-43.3,False,False,0,True
10,S0341,6.2491271,116.4754237,S0338,6.1852478,116.4455836,7.832,0,-46.6,False,False,0,True
10,S0341,6.2491271,116.4754237,S0339,6.2473825,116.4525488,2.536,0,-40.3,False,False,0,True
10,S0341,6.2491271,116.4754237,S0340,6.2495427,116.451671,2.626,0,-28.8,False,False,0,True
10,S0341,6.2491271,116.4754237,S0343,6.2556724,116.4596676,1.888,0,-38.2,False,False,0,True
10,S0341,6.2491271,116.4754237,S0344,6.2647561,116.4537819,2.957,0,-25.2,False,False,0,True
10,S0341,6.2491271,116.4754237,S0345,6.2888642,116.4473655,5.398,0,-52.1,False,False,0,True
10,S0341,6.2491271,116.4754237,S0346,6.2399444,116.4347245,4.613,0,-38.7,False,False,0,True
10,S0341,6.2491271,116.4754237,S0348,6.2514125,116.4612922,1.583,0,-39.8,False,False,0,True
10,S0341,6.2491271,116.4754237,S0351,6.2917772,116.5161892,6.542,0,-119.8,False,False,0,True
10,S0341,6.2491271,116.4754237,S0352,6.2893898,116.5213042,6.765,0,-106.7,False,False,0,True
10,S0341,6.2491271,116.4754237,S0366,6.2218072,116.4428194,4.714,0,-1.8,False,False,0,True
10,S0341,6.2491271,116.4754237,S0372,6.2275471,116.4499,3.704,0,-33.4,False,False,0,True
10,S0341,6.2491271,116.4754237,S0403,6.2493073,116.4626154,1.416,0,-41.1,False,False,0,True
10,S0343,6.2556724,116.4596676,S0214,6.3056896,116.4403454,5.958,0,-25.1,False,False,0,True
10,S0343,6.2556724,116.4596676,S0215,6.283342,116.453604,3.149,0,7.9,True,True,0,True
10,S0343,6.2556724,116.4596676,S0216,6.281577,116.457519,2.89,0,0.1,True,False,0,True
10,S0343,6.2556724,116.4596676,S0315,6.2285288,116.4551222,3.06,0,-43.1,False,False,0,True
10,S0343,6.2556724,116.4596676,S0316,6.2251585,116.4491033,3.588,0,-26.9,False,False,0,True
10,S0343,6.2556724,116.4596676,S0318,6.2186365,116.4523971,4.196,0,-56.8,False,False,0,True
10,S0343,6.2556724,116.4596676,S0319,6.2360746,116.4494384,2.455,0,9.8,True,True,0,True
10,S0343,6.2556724,116.4596676,S0320,6.2137719,116.4515128,4.746,0,-36.4,False,False,0,True
10,S0343,6.2556724,116.4596676,S0321,6.2065818,116.4454789,5.679,0,-21.2,False,False,0,True
10,S0343,6.2556724,116.4596676,S0322,6.1992736,116.4466573,6.434,0,-21.4,False,False,0,True
10,S0343,6.2556724,116.4596676,S0338,6.1852478,116.4455836,7.984,0,-46.8,False,False,0,True
10,S0343,6.2556724,116.4596676,S0339,6.2473825,116.4525488,1.212,0,6.4,True,True,0,True
10,S0343,6.2556724,116.4596676,S0340,6.2495427,116.451671,1.116,0,10.0,True,True,0,True
10,S0343,6.2556724,116.4596676,S0341,6.2491271,116.4754237,1.888,0,-50.4,False,False,0,True
10,S0343,6.2556724,116.4596676,S0344,6.2647561,116.4537819,1.201,0,8.2,True,True,0,True
10,S0343,6.2556724,116.4596676,S0345,6.2888642,116.4473655,3.933,0,-15.3,False,False,0,True
10,S0343,6.2556724,116.4596676,S0346,6.2399444,116.4347245,3.265,0,-59.9,False,False,0,True
10,S0343,6.2556724,116.4596676,S0348,6.2514125,116.4612922,0.507,0,9.9,True,True,0,True
10,S0343,6.2556724,116.4596676,S0351,6.2917772,116.5161892,7.426,0,-117.6,False,False,0,True
10,S0343,6.2556724,116.4596676,S0352,6.2893898,116.5213042,7.776,0,-139.8,False,False,0,True
10,S0343,6.2556724,116.4596676,S0366,6.2218072,116.4428194,4.201,0,-50.4,False,False,0,True
10,S0343,6.2556724,116.4596676,S0372,6.2275471,116.4499,3.309,0,-27.8,False,False,0,True
10,S0343,6.2556724,116.4596676,S0403,6.2493073,116.4626154,0.779,0,-17.5,False,False,0,True
10,S0344,6.2647561,116.4537819,S0214,6.3056896,116.4403454,4.788,0,-15.4,False,False,0,True
10,S0344,6.2647561,116.4537819,S0215,6.283342,116.453604,2.067,0,8.7,True,True,0,True
10,S0344,6.2647561,116.4537819,S0216,6.281577,116.457519,1.915,0,10.2,True,True,0,True
10,S0344,6.2647561,116.4537819,S0315,6.2285288,116.4551222,4.031,0,6.1,True,True,0,True
10,S0344,6.2647561,116.4537819,S0316,6.2251585,116.4491033,4.433,0,-32.5,False,False,0,True
10,S0344,6.2647561,116.4537819,S0318,6.2186365,116.4523971,5.131,0,-57.2,False,False,0,True
10,S0344,6.2647561,116.4537819,S0319,6.2360746,116.4494384,3.225,0,10.0,True,True,0,True
10,S0344,6.2647561,116.4537819,S0320,6.2137719,116.4515128,5.675,0,-24.4,False,False,0,True
10,S0344,6.2647561,116.4537819,S0321,6.2065818,116.4454789,6.533,0,-45.9,False,False,0,True
10,S0344,6.2647561,116.4537819,S0322,6.1992736,116.4466573,7.324,0,-16.7,False,False,0,True
10,S0344,6.2647561,116.4537819,S0338,6.1852478,116.4455836,8.887,0,-42.8,False,False,0,True
10,S0344,6.2647561,116.4537819,S0339,6.2473825,116.4525488,1.937,0,4.9,True,False,0,True
10,S0344,6.2647561,116.4537819,S0340,6.2495427,116.451671,1.708,0,10.3,True,True,0,True
10,S0344,6.2647561,116.4537819,S0341,6.2491271,116.4754237,2.957,0,-40.6,False,False,0,True
10,S0344,6.2647561,116.4537819,S0343,6.2556724,116.4596676,1.201,0,10.3,True,True,0,True
10,S0344,6.2647561,116.4537819,S0345,6.2888642,116.4473655,2.773,0,-25.6,False,False,0,True
10,S0344,6.2647561,116.4537819,S0346,6.2399444,116.4347245,3.471,0,-82.6,False,False,0,True
10,S0344,6.2647561,116.4537819,S0348,6.2514125,116.4612922,1.7,0,10.0,True,True,0,True
10,S0344,6.2647561,116.4537819,S0351,6.2917772,116.5161892,7.524,0,-125.9,False,False,0,True
10,S0344,6.2647561,116.4537819,S0352,6.2893898,116.5213042,7.95,0,-131.0,False,False,0,True
10,S0344,6.2647561,116.4537819,S0360,6.3219835,116.3868016,9.762,0,-286.8,False,False,0,True
10,S0344,6.2647561,116.4537819,S0366,6.2218072,116.4428194,4.927,0,-53.4,False,False,0,True
10,S0344,6.2647561,116.4537819,S0372,6.2275471,116.4499,4.16,0,-29.4,False,False,0,True
10,S0344,6.2647561,116.4537819,S0403,6.2493073,116.4626154,1.976,0,-19.9,False,False,0,True
10,S0345,6.2888642,116.4473655,S0179,6.3240036,116.3743229,8.969,0,-339.1,False,False,0,True
10,S0345,6.2888642,116.4473655,S0214,6.3056896,116.4403454,2.025,0,-0.6,False,False,0,True
10,S0345,6.2888642,116.4473655,S0215,6.283342,116.453604,0.923,0,10.1,True,True,0,True
10,S0345,6.2888642,116.4473655,S0216,6.281577,116.457519,1.384,0,9.4,True,True,0,True
10,S0345,6.2888642,116.4473655,S0315,6.2285288,116.4551222,6.764,0,-47.8,False,False,0,True
10,S0345,6.2888642,116.4473655,S0316,6.2251585,116.4491033,7.086,0,-67.1,False,False,0,True
10,S0345,6.2888642,116.4473655,S0318,6.2186365,116.4523971,7.829,0,-68.7,False,False,0,True
10,S0345,6.2888642,116.4473655,S0319,6.2360746,116.4494384,5.874,0,-63.3,False,False,0,True
10,S0345,6.2888642,116.4473655,S0320,6.2137719,116.4515128,8.362,0,-64.0,False,False,0,True
10,S0345,6.2888642,116.4473655,S0321,6.2065818,116.4454789,9.152,0,-59.9,False,False,0,True
10,S0345,6.2888642,116.4473655,S0322,6.1992736,116.4466573,9.962,0,-60.3,False,False,0,True
10,S0345,6.2888642,116.4473655,S0339,6.2473825,116.4525488,4.648,0,-54.0,False,False,0,True
10,S0345,6.2888642,116.4473655,S0340,6.2495427,116.451671,4.398,0,-56.2,False,False,0,True
10,S0345,6.2888642,116.4473655,S0341,6.2491271,116.4754237,5.398,0,-68.2,False,False,0,True
10,S0345,6.2888642,116.4473655,S0343,6.2556724,116.4596676,3.933,0,-2.2,False,False,0,True
10,S0345,6.2888642,116.4473655,S0344,6.2647561,116.4537819,2.773,0,-15.6,False,False,0,True
10,S0345,6.2888642,116.4473655,S0346,6.2399444,116.4347245,5.616,0,-147.5,False,False,0,True
10,S0345,6.2888642,116.4473655,S0348,6.2514125,116.4612922,4.44,0,1.6,True,False,0,True
10,S0345,6.2888642,116.4473655,S0351,6.2917772,116.5161892,7.614,0,-92.3,False,False,0,True
10,S0345,6.2888642,116.4473655,S0352,6.2893898,116.5213042,8.172,0,-107.6,False,False,0,True
10,S0345,6.2888642,116.4473655,S0360,6.3219835,116.3868016,7.64,0,-451.8,False,False,0,True
10,S0345,6.2888642,116.4473655,S0366,6.2218072,116.4428194,7.473,0,-80.3,False,False,0,True
10,S0345,6.2888642,116.4473655,S0372,6.2275471,116.4499,6.824,0,-69.2,False,False,0,True
10,S0345,6.2888642,116.4473655,S0403,6.2493073,116.4626154,4.71,0,-19.3,False,False,0,True
10,S0346,6.2399444,116.4347245,S0214,6.3056896,116.4403454,7.337,0,-208.6,False,False,0,True
10,S0346,6.2399444,116.4347245,S0215,6.283342,116.453604,5.257,0,-131.0,False,False,0,True
10,S0346,6.2399444,116.4347245,S0216,6.281577,116.457519,5.271,0,-93.4,False,False,0,True
10,S0346,6.2399444,116.4347245,S0315,6.2285288,116.4551222,2.587,0,-74.8,False,False,0,True
10,S0346,6.2399444,116.4347245,S0316,6.2251585,116.4491033,2.287,0,-75.1,False,False,0,True
10,S0346,6.2399444,116.4347245,S0318,6.2186365,116.4523971,3.071,0,-67.8,False,False,0,True
10,S0346,6.2399444,116.4347245,S0319,6.2360746,116.4494384,1.682,0,-13.3,False,False,0,True
10,S0346,6.2399444,116.4347245,S0320,6.2137719,116.4515128,3.452,0,-55.1,False,False,0,True
10,S0346,6.2399444,116.4347245,S0321,6.2065818,116.4454789,3.896,0,-63.5,False,False,0,True
10,S0346,6.2399444,116.4347245,S0322,6.1992736,116.4466573,4.711,0,-80.4,False,False,0,True
10,S0346,6.2399444,116.4347245,S0338,6.1852478,116.4455836,6.199,0,-152.4,False,False,0,True
10,S0346,6.2399444,116.4347245,S0339,6.2473825,116.4525488,2.137,0,-74.3,False,False,0,True
10,S0346,6.2399444,116.4347245,S0340,6.2495427,116.451671,2.156,0,-49.2,False,False,0,True
10,S0346,6.2399444,116.4347245,S0341,6.2491271,116.4754237,4.613,0,-36.5,False,False,0,True
10,S0346,6.2399444,116.4347245,S0343,6.2556724,116.4596676,3.265,0,-51.5,False,False,0,True
10,S0346,6.2399444,116.4347245,S0344,6.2647561,116.4537819,3.471,0,-70.9,False,False,0,True
10,S0346,6.2399444,116.4347245,S0345,6.2888642,116.4473655,5.616,0,-146.0,False,False,0,True
10,S0346,6.2399444,116.4347245,S0348,6.2514125,116.4612922,3.202,0,-59.0,False,False,0,True
10,S0346,6.2399444,116.4347245,S0366,6.2218072,116.4428194,2.206,0,-54.6,False,False,0,True
10,S0346,6.2399444,116.4347245,S0372,6.2275471,116.4499,2.171,0,-72.7,False,False,0,True
10,S0346,6.2399444,116.4347245,S0403,6.2493073,116.4626154,3.254,0,-60.2,False,False,0,True
10,S0348,6.2514125,116.4612922,S0214,6.3056896,116.4403454,6.464,0,-17.0,False,False,0,True
10,S0348,6.2514125,116.4612922,S0215,6.283342,116.453604,3.651,0,8.3,True,True,0,True
10,S0348,6.2514125,116.4612922,S0216,6.281577,116.457519,3.38,0,2.5,True,False,0,True
10,S0348,6.2514125,116.4612922,S0315,6.2285288,116.4551222,2.634,0,-49.4,False,False,0,True
10,S0348,6.2514125,116.4612922,S0316,6.2251585,116.4491033,3.215,0,-27.1,False,False,0,True
10,S0348,6.2514125,116.4612922,S0318,6.2186365,116.4523971,3.775,0,-60.4,False,False,0,True
10,S0348,6.2514125,116.4612922,S0319,6.2360746,116.4494384,2.151,0,-13.5,False,False,0,True
10,S0348,6.2514125,116.4612922,S0320,6.2137719,116.4515128,4.323,0,-42.8,False,False,0,True
10,S0348,6.2514125,116.4612922,S0321,6.2065818,116.4454789,5.283,0,-28.6,False,False,0,True
10,S0348,6.2514125,116.4612922,S0322,6.1992736,116.4466573,6.019,0,-34.5,False,False,0,True
10,S0348,6.2514125,116.4612922,S0338,6.1852478,116.4455836,7.559,0,-44.7,False,False,0,True
10,S0348,6.2514125,116.4612922,S0339,6.2473825,116.4525488,1.065,0,8.4,True,True,0,True
10,S0348,6.2514125,116.4612922,S0340,6.2495427,116.451671,1.084,0,10.0,True,True,0,True
10,S0348,6.2514125,116.4612922,S0341,6.2491271,116.4754237,1.583,0,-49.6,False,False,0,True
10,S0348,6.2514125,116.4612922,S0343,6.2556724,116.4596676,0.507,0,10.1,True,True,0,True
10,S0348,6.2514125,116.4612922,S0344,6.2647561,116.4537819,1.7,0,10.0,True,True,0,True
10,S0348,6.2514125,116.4612922,S0345,6.2888642,116.4473655,4.44,0,-12.3,False,False,0,True
10,S0348,6.2514125,116.4612922,S0346,6.2399444,116.4347245,3.202,0,-65.8,False,False,0,True
10,S0348,6.2514125,116.4612922,S0351,6.2917772,116.5161892,7.547,0,-122.1,False,False,0,True
10,S0348,6.2514125,116.4612922,S0352,6.2893898,116.5213042,7.863,0,-120.0,False,False,0,True
10,S0348,6.2514125,116.4612922,S0366,6.2218072,116.4428194,3.874,0,-17.3,False,False,0,True
10,S0348,6.2514125,116.4612922,S0372,6.2275471,116.4499,2.937,0,-23.9,False,False,0,True
10,S0348,6.2514125,116.4612922,S0403,6.2493073,116.4626154,0.276,0,-1.6,False,False,0,True
10,S0351,6.2917772,116.5161892,S0214,6.3056896,116.4403454,8.524,0,-133.3,False,False,0,True
10,S0351,6.2917772,116.5161892,S0215,6.283342,116.453604,6.981,0,-106.1,False,False,0,True
10,S0351,6.2917772,116.5161892,S0216,6.281577,116.457519,6.583,0,-123.5,False,False,0,True
10,S0351,6.2917772,116.5161892,S0315,6.2285288,116.4551222,9.748,0,-133.1,False,False,0,True
10,S0351,6.2917772,116.5161892,S0319,6.2360746,116.4494384,9.633,0,-98.2,False,False,0,True
10,S0351,6.2917772,116.5161892,S0339,6.2473825,116.4525488,8.594,0,-116.4,False,False,0,True
10,S0351,6.2917772,116.5161892,S0340,6.2495427,116.451671,8.539,0,-105.5,False,False,0,True
10,S0351,6.2917772,116.5161892,S0341,6.2491271,116.4754237,6.542,0,-111.8,False,False,0,True
10,S0351,6.2917772,116.5161892,S0343,6.2556724,116.4596676,7.426,0,-106.8,False,False,0,True
10,S0351,6.2917772,116.5161892,S0344,6.2647561,116.4537819,7.524,0,-120.2,False,False,0,True
10,S0351,6.2917772,116.5161892,S0345,6.2888642,116.4473655,7.614,0,-88.3,False,False,0,True
10,S0351,6.2917772,116.5161892,S0348,6.2514125,116.4612922,7.547,0,-111.2,False,False,0,True
10,S0351,6.2917772,116.5161892,S0352,6.2893898,116.5213042,0.625,0,9.3,True,True,0,True
10,S0351,6.2917772,116.5161892,S0403,6.2493073,116.4626154,7.574,0,-102.4,False,False,0,True
10,S0352,6.2893898,116.5213042,S0214,6.3056896,116.4403454,9.13,1,-136.0,False,False,0,True
10,S0352,6.2893898,116.5213042,S0215,6.283342,116.453604,7.513,1,-145.7,False,False,0,True
10,S0352,6.2893898,116.5213042,S0216,6.281577,116.457519,7.103,1,-164.9,False,False,0,True
10,S0352,6.2893898,116.5213042,S0315,6.2285288,116.4551222,9.965,1,-140.2,False,False,0,True
10,S0352,6.2893898,116.5213042,S0319,6.2360746,116.4494384,9.912,1,-105.1,False,False,0,True
10,S0352,6.2893898,116.5213042,S0339,6.2473825,116.4525488,8.92,1,-117.1,False,False,0,True
10,S0352,6.2893898,116.5213042,S0340,6.2495427,116.451671,8.881,1,-122.8,False,False,0,True
10,S0352,6.2893898,116.5213042,S0341,6.2491271,116.4754237,6.765,1,-104.9,False,False,0,True
10,S0352,6.2893898,116.5213042,S0343,6.2556724,116.4596676,7.776,1,-129.5,False,False,0,True
10,S0352,6.2893898,116.5213042,S0344,6.2647561,116.4537819,7.95,1,-121.3,False,False,0,True
10,S0352,6.2893898,116.5213042,S0345,6.2888642,116.4473655,8.172,1,-105.1,False,False,0,True
10,S0352,6.2893898,116.5213042,S0348,6.2514125,116.4612922,7.863,1,-109.4,False,False,0,True
10,S0352,6.2893898,116.5213042,S0351,6.2917772,116.5161892,0.625,1,9.6,True,True,0,True
10,S0352,6.2893898,116.5213042,S0354,6.2077042,116.5563737,9.876,1,-0.4,False,False,0,True
10,S0352,6.2893898,116.5213042,S0403,6.2493073,116.4626154,7.87,1,-107.7,False,False,0,True
10,S0354,6.2077042,116.5563737,S0352,6.2893898,116.5213042,9.876,0,3.3,True,False,0,True
10,S0355,6.0412176,116.7087175,S0951,6.0886156,116.7732327,8.869,1,-338.1,False,False,0,True
10,S0355,6.0412176,116.7087175,S0952,6.0724026,116.7758169,8.19,1,-205.2,False,False,0,True
10,S0355,6.0412176,116.7087175,S0960,6.0293568,116.7251583,2.246,1,-21.8,False,False,0,True
10,S0355,6.0412176,116.7087175,S0961,6.044906,116.7574738,5.407,1,-85.3,False,False,0,True
10,S0355,6.0412176,116.7087175,S0965,6.0459598,116.7431299,3.842,1,-89.6,False,False,0,True
10,S0355,6.0412176,116.7087175,S0966,6.0247047,116.7371689,3.643,1,-33.8,False,False,0,True
10,S0360,6.3219835,116.3868016,S0179,6.3240036,116.3743229,1.397,0,-134.2,False,False,0,True
10,S0360,6.3219835,116.3868016,S0214,6.3056896,116.4403454,6.189,0,-372.2,False,False,0,True
10,S0360,6.3219835,116.3868016,S0215,6.283342,116.453604,8.542,0,-418.4,False,False,0,True
10,S0360,6.3219835,116.3868016,S0216,6.281577,116.457519,9.015,0,-433.9,False,False,0,True
10,S0360,6.3219835,116.3868016,S0281,6.3847972,116.3463728,8.291,0,-123.2,False,False,0,True
10,S0360,6.3219835,116.3868016,S0307,6.3129372,116.3458603,4.635,0,-115.4,False,False,0,True
10,S0360,6.3219835,116.3868016,S0344,6.2647561,116.4537819,9.762,0,-279.0,False,False,0,True
10,S0360,6.3219835,116.3868016,S0345,6.2888642,116.4473655,7.64,0,-446.0,False,False,0,True
10,S0360,6.3219835,116.3868016,S0404,6.3239734,116.3515484,3.902,0,-143.8,False,False,0,True
10,S0360,6.3219835,116.3868016,S0405,6.3380572,116.3291819,6.614,0,-157.3,False,False,0,True
10,S0360,6.3219835,116.3868016,S0406,6.3394007,116.3431186,5.202,0,-148.2,False,False,0,True
10,S0360,6.3219835,116.3868016,S0407,6.3064939,116.3280651,6.716,0,-105.1,False,False,0,True
10,S0360,6.3219835,116.3868016,S0410,6.3000554,116.328518,6.888,0,-145.8,False,False,0,True
10,S0364,6.4821376,116.4939753,S0036,6.5248946,116.5506256,7.86,0,-15.6,False,False,0,True
10,S0364,6.4821376,116.4939753,S0038,6.5228172,116.5023056,4.616,0,6.2,True,False,0,True
10,S0364,6.4821376,116.4939753,S0041,6.4565219,116.5024247,2.997,0,3.0,True,False,0,True
10,S0364,6.4821376,116.4939753,S0274,6.5215802,116.5176299,5.105,0,1.1,True,False,0,True
10,S0364,6.4821376,116.4939753,S0365,6.4635833,116.4878031,2.173,0,10.1,True,True,0,True
10,S0364,6.4821376,116.4939753,S0393,6.4023072,116.5293282,9.698,0,2.1,True,False,0,True
10,S0364,6.4821376,116.4939753,S0394,6.4442068,116.5127843,4.702,0,7.3,True,False,0,True
10,S0364,6.4821376,116.4939753,S0395,6.4237159,116.5214103,7.169,0,4.8,True,False,0,True
10,S0364,6.4821376,116.4939753,S0396,6.4268077,116.5106171,6.421,0,8.0,True,False,0,True
10,S0365,6.4635833,116.4878031,S0036,6.5248946,116.5506256,9.729,1,-32.0,False,False,0,True
10,S0365,6.4635833,116.4878031,S0038,6.5228172,116.5023056,6.779,1,8.1,True,False,0,True
10,S0365,6.4635833,116.4878031,S0040,6.4203023,116.415399,9.336,1,8.2,True,False,0,True
10,S0365,6.4635833,116.4878031,S0041,6.4565219,116.5024247,1.796,1,2.1,True,False,0,True
10,S0365,6.4635833,116.4878031,S0274,6.5215802,116.5176299,7.242,1,1.7,True,False,0,True
10,S0365,6.4635833,116.4878031,S0364,6.4821376,116.4939753,2.173,1,9.1,True,True,0,True
10,S0365,6.4635833,116.4878031,S0393,6.4023072,116.5293282,8.214,1,0.8,True,False,0,True
10,S0365,6.4635833,116.4878031,S0394,6.4442068,116.5127843,3.502,1,7.3,True,False,0,True
10,S0365,6.4635833,116.4878031,S0395,6.4237159,116.5214103,5.783,1,5.7,True,False,0,True
10,S0365,6.4635833,116.4878031,S0396,6.4268077,116.5106171,4.804,1,10.0,True,True,0,True
10,S0366,6.2218072,116.4428194,S0214,6.3056896,116.4403454,9.331,0,-166.6,False,False,0,True
10,S0366,6.2218072,116.4428194,S0215,6.283342,116.453604,6.945,0,-38.1,False,False,0,True
10,S0366,6.2218072,116.4428194,S0216,6.281577,116.457519,6.842,0,-38.7,False,False,0,True
10,S0366,6.2218072,116.4428194,S0315,6.2285288,116.4551222,1.552,0,9.6,True,True,0,True
10,S0366,6.2218072,116.4428194,S0316,6.2251585,116.4491033,0.788,0,9.8,True,True,0,True
10,S0366,6.2218072,116.4428194,S0318,6.2186365,116.4523971,1.116,0,10.2,True,True,0,True
10,S0366,6.2218072,116.4428194,S0319,6.2360746,116.4494384,1.747,0,-63.1,False,False,0,True
10,S0366,6.2218072,116.4428194,S0320,6.2137719,116.4515128,1.312,0,-11.9,False,False,0,True
10,S0366,6.2218072,116.4428194,S0321,6.2065818,116.4454789,1.718,0,-35.3,False,False,0,True
10,S0366,6.2218072,116.4428194,S0322,6.1992736,116.4466573,2.541,0,-39.5,False,False,0,True
10,S0366,6.2218072,116.4428194,S0334,6.1466984,116.445671,8.358,0,-74.3,False,False,0,True
10,S0366,6.2218072,116.4428194,S0338,6.1852478,116.4455836,4.077,0,-79.6,False,False,0,True
10,S0366,6.2218072,116.4428194,S0339,6.2473825,116.4525488,3.04,0,-54.1,False,False,0,True
10,S0366,6.2218072,116.4428194,S0340,6.2495427,116.451671,3.236,0,-36.7,False,False,0,True
10,S0366,6.2218072,116.4428194,S0341,6.2491271,116.4754237,4.714,0,-1.7,False,False,0,True
10,S0366,6.2218072,116.4428194,S0343,6.2556724,116.4596676,4.201,0,-42.4,False,False,0,True
10,S0366,6.2218072,116.4428194,S0344,6.2647561,116.4537819,4.927,0,-38.6,False,False,0,True
10,S0366,6.2218072,116.4428194,S0345,6.2888642,116.4473655,7.473,0,-83.1,False,False,0,True
10,S0366,6.2218072,116.4428194,S0346,6.2399444,116.4347245,2.206,0,-59.0,False,False,0,True
10,S0366,6.2218072,116.4428194,S0348,6.2514125,116.4612922,3.874,0,-25.7,False,False,0,True
10,S0366,6.2218072,116.4428194,S0372,6.2275471,116.4499,1.01,0,9.4,True,True,0,True
10,S0366,6.2218072,116.4428194,S0403,6.2493073,116.4626154,3.76,0,-50.7,False,False,0,True
10,S0366,6.2218072,116.4428194,S0413,6.1388087,116.4522523,9.288,0,-107.7,False,False,0,True
10,S0372,6.2275471,116.4499,S0214,6.3056896,116.4403454,8.753,0,-78.9,False,False,0,True
10,S0372,6.2275471,116.4499,S0215,6.283342,116.453604,6.218,0,-15.3,False,False,0,True
10,S0372,6.2275471,116.4499,S0216,6.281577,116.457519,6.067,0,-16.1,False,False,0,True
10,S0372,6.2275471,116.4499,S0315,6.2285288,116.4551222,0.587,0,10.1,True,True,0,True
10,S0372,6.2275471,116.4499,S0316,6.2251585,116.4491033,0.28,0,10.1,True,True,0,True
10,S0372,6.2275471,116.4499,S0318,6.2186365,116.4523971,1.029,0,-18.2,False,False,0,True
10,S0372,6.2275471,116.4499,S0319,6.2360746,116.4494384,0.95,0,-28.0,False,False,0,True
10,S0372,6.2275471,116.4499,S0320,6.2137719,116.4515128,1.542,0,7.4,True,True,0,True
10,S0372,6.2275471,116.4499,S0321,6.2065818,116.4454789,2.382,0,-37.8,False,False,0,True
10,S0372,6.2275471,116.4499,S0322,6.1992736,116.4466573,3.164,0,-27.3,False,False,0,True
10,S0372,6.2275471,116.4499,S0334,6.1466984,116.445671,9.002,0,-53.2,False,False,0,True
10,S0372,6.2275471,116.4499,S0338,6.1852478,116.4455836,4.728,0,-44.1,False,False,0,True
10,S0372,6.2275471,116.4499,S0339,6.2473825,116.4525488,2.225,0,-20.4,False,False,0,True
10,S0372,6.2275471,116.4499,S0340,6.2495427,116.451671,2.454,0,-14.5,False,False,0,True
10,S0372,6.2275471,116.4499,S0341,6.2491271,116.4754237,3.704,0,-27.4,False,False,0,True
10,S0372,6.2275471,116.4499,S0343,6.2556724,116.4596676,3.309,0,-14.4,False,False,0,True
10,S0372,6.2275471,116.4499,S0344,6.2647561,116.4537819,4.16,0,-14.2,False,False,0,True
10,S0372,6.2275471,116.4499,S0345,6.2888642,116.4473655,6.824,0,-80.4,False,False,0,True
10,S0372,6.2275471,116.4499,S0346,6.2399444,116.4347245,2.171,0,-61.7,False,False,0,True
10,S0372,6.2275471,116.4499,S0348,6.2514125,116.4612922,2.937,0,-33.2,False,False,0,True
10,S0372,6.2275471,116.4499,S0366,6.2218072,116.4428194,1.01,0,9.7,True,True,0,True
10,S0372,6.2275471,116.4499,S0403,6.2493073,116.4626154,2.798,0,-62.2,False,False,0,True
10,S0372,6.2275471,116.4499,S0413,6.1388087,116.4522523,9.871,0,-121.5,False,False,0,True
10,S0375,6.1940804,116.7735199,S0284,6.1615009,116.7975091,4.49,0,-55.7,False,False,0,True
10,S0375,6.1940804,116.7735199,S0940,6.15882,116.7789947,3.967,0,-45.3,False,False,0,True
10,S0375,6.1940804,116.7735199,S0941,6.119726,116.7986317,8.721,0,-52.6,False,False,0,True
10,S0375,6.1940804,116.7735199,S0943,6.20053,116.7656937,1.124,0,-70.0,False,False,0,True
10,S0375,6.1940804,116.7735199,S0061,6.2072984,116.7677359,1.603,0,-20.0,False,False,0,True
10,S0375,6.1940804,116.7735199,S0935,6.13671,116.7745909,6.38,0,-33.7,False,False,0,True
10,S0379,6.3363692,116.7327757,S0242,6.3120478,116.7332936,2.705,0,9.1,True,True,0,True
10,S0379,6.3363692,116.7327757,S0243,6.3871847,116.7747033,7.307,0,-50.7,False,False,0,True
10,S0379,6.3363692,116.7327757,S0380,6.3424779,116.740202,1.065,0,8.2,True,True,0,True
10,S0379,6.3363692,116.7327757,S0383,6.3795511,116.7597414,5.651,0,-27.0,False,False,0,True
10,S0379,6.3363692,116.7327757,S0381,6.3629363,116.7548147,3.829,0,-26.8,False,False,0,True
10,S0379,6.3363692,116.7327757,S0382,6.36331,116.7450321,3.288,0,8.4,True,False,0,True
10,S0380,6.3424779,116.740202,S0242,6.3120478,116.7332936,3.469,0,9.0,True,True,0,True
10,S0380,6.3424779,116.740202,S0243,6.3871847,116.7747033,6.265,0,-54.7,False,False,0,True
10,S0380,6.3424779,116.740202,S0379,6.3363692,116.7327757,1.065,0,8.1,True,True,0,True
10,S0380,6.3424779,116.740202,S0383,6.3795511,116.7597414,4.654,0,-26.9,False,False,0,True
10,S0380,6.3424779,116.740202,S0381,6.3629363,116.7548147,2.79,0,-22.6,False,False,0,True
10,S0380,6.3424779,116.740202,S0382,6.36331,116.7450321,2.377,0,9.1,True,True,0,True
10,S0383,6.3795511,116.7597414,S0242,6.3120478,116.7332936,8.055,0,5.8,True,False,0,True
10,S0383,6.3795511,116.7597414,S0243,6.3871847,116.7747033,1.859,0,5.5,True,False,0,True
10,S0383,6.3795511,116.7597414,S0273,6.4544107,116.8012118,9.502,0,-219.7,False,False,0,True
10,S0383,6.3795511,116.7597414,S0379,6.3363692,116.7327757,5.651,0,-18.6,False,False,0,True
10,S0383,6.3795511,116.7597414,S0380,6.3424779,116.740202,4.654,0,-20.3,False,False,0,True
10,S0383,6.3795511,116.7597414,S0384,6.4390311,116.8076006,8.468,0,-137.6,False,False,0,True
10,S0383,6.3795511,116.7597414,S0381,6.3629363,116.7548147,1.926,0,9.4,True,True,0,True
10,S0383,6.3795511,116.7597414,S0382,6.36331,116.7450321,2.43,0,-17.5,False,False,0,True
10,S0384,6.4390311,116.8076006,S0033,6.4764024,116.8436982,5.76,0,10.5,True,True,0,True
10,S0384,6.4390311,116.8076006,S0243,6.3871847,116.7747033,6.815,0,-194.1,False,False,0,True
10,S0384,6.4390311,116.8076006,S0273,6.4544107,116.8012118,1.85,0,10.5,True,True,0,True
10,S0384,6.4390311,116.8076006,S0383,6.3795511,116.7597414,8.468,0,-130.7,False,False,0,True
10,S0384,6.4390311,116.8076006,S1190,6.4860679,116.8662016,8.323,0,9.5,True,True,0,True
10,S0389,6.3928187,117.3832823,S0390,6.3981983,117.385528,0.648,1,7.9,True,True,0,True
10,S0390,6.3981983,117.385528,S0389,6.3928187,117.3832823,0.648,0,10.1,True,True,0,True
10,S0393,6.4023072,116.5293282,S0041,6.4565219,116.5024247,6.722,0,5.2,True,False,0,True
10,S0393,6.4023072,116.5293282,S0364,6.4821376,116.4939753,9.698,0,8.0,True,False,0,True
10,S0393,6.4023072,116.5293282,S0365,6.4635833,116.4878031,8.214,0,6.7,True,False,0,True
10,S0393,6.4023072,116.5293282,S0394,6.4442068,116.5127843,5.005,0,6.5,True,False,0,True
10,S0393,6.4023072,116.5293282,S0395,6.4237159,116.5214103,2.536,0,6.4,True,False,0,True
10,S0393,6.4023072,116.5293282,S0396,6.4268077,116.5106171,3.42,0,6.0,True,False,0,True
10,S0394,6.4442068,116.5127843,S0036,6.5248946,116.5506256,9.898,0,-58.1,False,False,0,True
10,S0394,6.4442068,116.5127843,S0038,6.5228172,116.5023056,8.817,0,3.9,True,False,0,True
10,S0394,6.4442068,116.5127843,S0041,6.4565219,116.5024247,1.785,0,5.8,True,True,0,True
10,S0394,6.4442068,116.5127843,S0274,6.5215802,116.5176299,8.62,0,-30.5,False,False,0,True
10,S0394,6.4442068,116.5127843,S0364,6.4821376,116.4939753,4.702,0,8.0,True,True,0,True
10,S0394,6.4442068,116.5127843,S0365,6.4635833,116.4878031,3.502,0,7.2,True,False,0,True
10,S0394,6.4442068,116.5127843,S0393,6.4023072,116.5293282,5.005,0,2.8,True,False,0,True
10,S0394,6.4442068,116.5127843,S0395,6.4237159,116.5214103,2.47,0,5.9,True,False,0,True
10,S0394,6.4442068,116.5127843,S0396,6.4268077,116.5106171,1.949,0,8.9,True,True,0,True
10,S0395,6.4237159,116.5214103,S0041,6.4565219,116.5024247,4.208,0,5.0,True,False,0,True
10,S0395,6.4237159,116.5214103,S0364,6.4821376,116.4939753,7.169,0,8.0,True,False,0,True
10,S0395,6.4237159,116.5214103,S0365,6.4635833,116.4878031,5.783,0,6.2,True,False,0,True
10,S0395,6.4237159,116.5214103,S0393,6.4023072,116.5293282,2.536,0,3.3,True,False,0,True
10,S0395,6.4237159,116.5214103,S0394,6.4442068,116.5127843,2.47,0,6.6,True,True,0,True
10,S0395,6.4237159,116.5214103,S0396,6.4268077,116.5106171,1.241,0,8.5,True,True,0,True
10,S0396,6.4268077,116.5106171,S0041,6.4565219,116.5024247,3.426,0,2.7,True,False,0,True
10,S0396,6.4268077,116.5106171,S0364,6.4821376,116.4939753,6.421,0,8.1,True,False,0,True
10,S0396,6.4268077,116.5106171,S0365,6.4635833,116.4878031,4.804,0,9.2,True,False,0,True
10,S0396,6.4268077,116.5106171,S0393,6.4023072,116.5293282,3.42,0,1.4,True,False,0,True
10,S0396,6.4268077,116.5106171,S0394,6.4442068,116.5127843,1.949,0,7.3,True,True,0,True
10,S0396,6.4268077,116.5106171,S0395,6.4237159,116.5214103,1.241,0,9.6,True,True,0,True
10,S0403,6.2493073,116.4626154,S0214,6.3056896,116.4403454,6.735,0,-22.6,False,False,0,True
10,S0403,6.2493073,116.4626154,S0215,6.283342,116.453604,3.913,0,3.4,True,False,0,True
10,S0403,6.2493073,116.4626154,S0216,6.281577,116.457519,3.632,0,-2.7,False,False,0,True
10,S0403,6.2493073,116.4626154,S0315,6.2285288,116.4551222,2.454,0,-69.8,False,False,0,True
10,S0403,6.2493073,116.4626154,S0316,6.2251585,116.4491033,3.073,0,-54.4,False,False,0,True
10,S0403,6.2493073,116.4626154,S0318,6.2186365,116.4523971,3.593,0,-69.2,False,False,0,True
10,S0403,6.2493073,116.4626154,S0319,6.2360746,116.4494384,2.07,0,-28.2,False,False,0,True
10,S0403,6.2493073,116.4626154,S0320,6.2137719,116.4515128,4.138,0,-63.7,False,False,0,True
10,S0403,6.2493073,116.4626154,S0321,6.2065818,116.4454789,5.115,0,-55.6,False,False,0,True
10,S0403,6.2493073,116.4626154,S0322,6.1992736,116.4466573,5.836,0,-61.4,False,False,0,True
10,S0403,6.2493073,116.4626154,S0338,6.1852478,116.4455836,7.368,0,-61.3,False,False,0,True
10,S0403,6.2493073,116.4626154,S0339,6.2473825,116.4525488,1.133,0,-19.4,False,False,0,True
10,S0403,6.2493073,116.4626154,S0340,6.2495427,116.451671,1.21,0,10.0,True,True,0,True
10,S0403,6.2493073,116.4626154,S0341,6.2491271,116.4754237,1.416,0,-48.1,False,False,0,True
10,S0403,6.2493073,116.4626154,S0343,6.2556724,116.4596676,0.779,0,-7.6,False,False,0,True
10,S0403,6.2493073,116.4626154,S0344,6.2647561,116.4537819,1.976,0,-3.8,False,False,0,True
10,S0403,6.2493073,116.4626154,S0345,6.2888642,116.4473655,4.71,0,-13.7,False,False,0,True
10,S0403,6.2493073,116.4626154,S0346,6.2399444,116.4347245,3.254,0,-65.0,False,False,0,True
10,S0403,6.2493073,116.4626154,S0348,6.2514125,116.4612922,0.276,0,-9.1,False,False,0,True
10,S0403,6.2493073,116.4626154,S0351,6.2917772,116.5161892,7.574,0,-113.6,False,False,0,True
10,S0403,6.2493073,116.4626154,S0352,6.2893898,116.5213042,7.87,0,-118.6,False,False,0,True
10,S0403,6.2493073,116.4626154,S0366,6.2218072,116.4428194,3.76,0,-38.2,False,False,0,True
10,S0403,6.2493073,116.4626154,S0372,6.2275471,116.4499,2.798,0,-54.0,False,False,0,True
10,S0404,6.3239734,116.3515484,S0024,6.2583153,116.3176665,8.205,0,-263.5,False,False,0,True
10,S0404,6.3239734,116.3515484,S0179,6.3240036,116.3743229,2.517,0,21.4,True,True,0,True
10,S0404,6.3239734,116.3515484,S0281,6.3847972,116.3463728,6.787,0,-63.4,False,False,0,True
10,S0404,6.3239734,116.3515484,S0307,6.3129372,116.3458603,1.379,0,-3.9,False,False,0,True
10,S0404,6.3239734,116.3515484,S0360,6.3219835,116.3868016,3.902,0,-155.1,False,False,0,True
10,S0404,6.3239734,116.3515484,S0405,6.3380572,116.3291819,2.926,0,-172.4,False,False,0,True
10,S0404,6.3239734,116.3515484,S0406,6.3394007,116.3431186,1.952,0,-65.2,False,False,0,True
10,S0404,6.3239734,116.3515484,S0407,6.3064939,116.3280651,3.242,0,-98.5,False,False,0,True
10,S0404,6.3239734,116.3515484,S0410,6.3000554,116.328518,3.681,0,-71.4,False,False,0,True
10,S0404,6.3239734,116.3515484,S0408,6.2974555,116.2814788,8.287,0,-123.4,False,False,0,True
10,S0404,6.3239734,116.3515484,S0409,6.3040075,116.2939116,6.746,0,-116.5,False,False,0,True
10,S0405,6.3380572,116.3291819,S0024,6.2583153,116.3176665,8.958,0,-212.7,False,False,0,True
10,S0405,6.3380572,116.3291819,S0179,6.3240036,116.3743229,5.228,0,-140.9,False,False,0,True
10,S0405,6.3380572,116.3291819,S0281,6.3847972,116.3463728,5.534,0,-137.9,False,False,0,True
10,S0405,6.3380572,116.3291819,S0307,6.3129372,116.3458603,3.347,0,-152.9,False,False,0,True
10,S0405,6.3380572,116.3291819,S0360,6.3219835,116.3868016,6.614,0,-172.2,False,False,0,True
10,S0405,6.3380572,116.3291819,S0404,6.3239734,116.3515484,2.926,0,-164.6,False,False,0,True
10,S0405,6.3380572,116.3291819,S0406,6.3394007,116.3431186,1.547,0,-69.3,False,False,0,True
10,S0405,6.3380572,116.3291819,S0407,6.3064939,116.3280651,3.512,0,-140.9,False,False,0,True
10,S0405,6.3380572,116.3291819,S0410,6.3000554,116.328518,4.226,0,-145.7,False,False,0,True
10,S0405,6.3380572,116.3291819,S0408,6.2974555,116.2814788,6.941,0,-66.8,False,False,0,True
10,S0405,6.3380572,116.3291819,S0409,6.3040075,116.2939116,5.434,0,-68.1,False,False,0,True
10,S0406,6.3394007,116.3431186,S0024,6.2583153,116.3176665,9.445,0,-255.4,False,False,0,True
10,S0406,6.3394007,116.3431186,S0179,6.3240036,116.3743229,3.85,0,-29.4,False,False,0,True
10,S0406,6.3394007,116.3431186,S0281,6.3847972,116.3463728,5.061,0,-111.2,False,False,0,True
10,S0406,6.3394007,116.3431186,S0307,6.3129372,116.3458603,2.958,0,-67.2,False,False,0,True
10,S0406,6.3394007,116.3431186,S0360,6.3219835,116.3868016,5.202,0,-162.2,False,False,0,True
10,S0406,6.3394007,116.3431186,S0404,6.3239734,116.3515484,1.952,0,-49.2,False,False,0,True
10,S0406,6.3394007,116.3431186,S0405,6.3380572,116.3291819,1.547,0,-70.2,False,False,0,True
10,S0406,6.3394007,116.3431186,S0407,6.3064939,116.3280651,4.02,0,-132.4,False,False,0,True
10,S0406,6.3394007,116.3431186,S0410,6.3000554,116.328518,4.663,0,-135.5,False,False,0,True
10,S0406,6.3394007,116.3431186,S0408,6.2974555,116.2814788,8.256,0,-160.3,False,False,0,True
10,S0406,6.3394007,116.3431186,S0409,6.3040075,116.2939116,6.713,0,-160.3,False,False,0,True
10,S0407,6.3064939,116.3280651,S0024,6.2583153,116.3176665,5.479,1,-199.3,False,False,0,True
10,S0407,6.3064939,116.3280651,S0178,6.2383709,116.2825212,9.095,1,-199.3,False,False,0,True
10,S0407,6.3064939,116.3280651,S0179,6.3240036,116.3743229,5.471,1,-54.6,False,False,0,True
10,S0407,6.3064939,116.3280651,S0240,6.2443677,116.2902122,8.076,1,-223.0,False,False,0,True
10,S0407,6.3064939,116.3280651,S0281,6.3847972,116.3463728,8.939,1,-161.4,False,False,0,True
10,S0407,6.3064939,116.3280651,S0307,6.3129372,116.3458603,2.093,1,-74.7,False,False,0,True
10,S0407,6.3064939,116.3280651,S0360,6.3219835,116.3868016,6.716,1,-119.3,False,False,0,True
10,S0407,6.3064939,116.3280651,S0404,6.3239734,116.3515484,3.242,1,-94.6,False,False,0,True
10,S0407,6.3064939,116.3280651,S0405,6.3380572,116.3291819,3.512,1,-142.9,False,False,0,True
10,S0407,6.3064939,116.3280651,S0406,6.3394007,116.3431186,4.02,1,-134.2,False,False,0,True
10,S0407,6.3064939,116.3280651,S0410,6.3000554,116.328518,0.718,1,-19.0,False,False,0,True
10,S0407,6.3064939,116.3280651,S0408,6.2974555,116.2814788,5.246,1,-42.4,False,False,0,True
10,S0407,6.3064939,116.3280651,S0409,6.3040075,116.2939116,3.785,1,-11.4,False,False,0,True
10,S0410,6.3000554,116.328518,S0024,6.2583153,116.3176665,4.794,0,-221.6,False,False,0,True
10,S0410,6.3000554,116.328518,S0178,6.2383709,116.2825212,8.538,0,-221.2,False,False,0,True
10,S0410,6.3000554,116.328518,S0179,6.3240036,116.3743229,5.72,0,-60.2,False,False,0,True
10,S0410,6.3000554,116.328518,S0240,6.2443677,116.2902122,7.501,0,-225.0,False,False,0,True
10,S0410,6.3000554,116.328518,S0281,6.3847972,116.3463728,9.627,0,-175.3,False,False,0,True
10,S0410,6.3000554,116.328518,S0307,6.3129372,116.3458603,2.393,0,-50.7,False,False,0,True
10,S0410,6.3000554,116.328518,S0360,6.3219835,116.3868016,6.888,0,-141.1,False,False,0,True
10,S0410,6.3000554,116.328518,S0404,6.3239734,116.3515484,3.681,0,-66.0,False,False,0,True
10,S0410,6.3000554,116.328518,S0405,6.3380572,116.3291819,4.226,0,-151.1,False,False,0,True
10,S0410,6.3000554,116.328518,S0406,6.3394007,116.3431186,4.663,0,-133.7,False,False,0,True
10,S0410,6.3000554,116.328518,S0407,6.3064939,116.3280651,0.718,0,-22.6,False,False,0,True
10,S0410,6.3000554,116.328518,S0408,6.2974555,116.2814788,5.207,0,-45.3,False,False,0,True
10,S0410,6.3000554,116.328518,S0409,6.3040075,116.2939116,3.85,0,4.9,True,False,0,True
10,S0413,6.1388087,116.4522523,S0315,6.2285288,116.4551222,9.981,0,-103.7,False,False,0,True
10,S0413,6.1388087,116.4522523,S0316,6.2251585,116.4491033,9.608,0,-105.9,False,False,0,True
10,S0413,6.1388087,116.4522523,S0318,6.2186365,116.4523971,8.876,0,-107.3,False,False,0,True
10,S0413,6.1388087,116.4522523,S0320,6.2137719,116.4515128,8.336,0,-104.4,False,False,0,True
10,S0413,6.1388087,116.4522523,S0321,6.2065818,116.4454789,7.573,0,-92.1,False,False,0,True
10,S0413,6.1388087,116.4522523,S0322,6.1992736,116.4466573,6.752,0,-94.2,False,False,0,True
10,S0413,6.1388087,116.4522523,S0333,6.1239943,116.4532593,1.651,0,-110.3,False,False,0,True
10,S0413,6.1388087,116.4522523,S0334,6.1466984,116.445671,1.14,0,-29.8,False,False,0,True
10,S0413,6.1388087,116.4522523,S0338,6.1852478,116.4455836,5.216,0,-103.5,False,False,0,True
10,S0413,6.1388087,116.4522523,S0366,6.2218072,116.4428194,9.288,0,-92.6,False,False,0,True
10,S0413,6.1388087,116.4522523,S0372,6.2275471,116.4499,9.871,0,-105.8,False,False,0,True
10,S0417,6.0279292,116.4434492,S0185,6.0282512,116.4629369,2.155,0,-147.2,False,False,0,True
10,S0417,6.0279292,116.4434492,S0419,6.0325619,116.4855496,4.684,0,-260.6,False,False,0,True
10,S0417,6.0279292,116.4434492,S0420,6.0132916,116.4791545,4.271,0,-191.8,False,False,0,True
10,S0419,6.0325619,116.4855496,S0185,6.0282512,116.4629369,2.546,0,9.5,True,True,0,True
10,S0419,6.0325619,116.4855496,S0417,6.0279292,116.4434492,4.684,0,-268.9,False,False,0,True
10,S0419,6.0325619,116.4855496,S0420,6.0132916,116.4791545,2.256,0,2.8,True,False,0,True
10,S0419,6.0325619,116.4855496,S1002,5.9726888,116.5294,8.236,0,-580.0,False,False,0,True
10,S0419,6.0325619,116.4855496,S1005,5.9767187,116.5296757,7.897,0,-604.4,False,False,0,True
10,S0419,6.0325619,116.4855496,S1006,6.0042032,116.5315391,5.984,0,-124.7,False,False,0,True
10,S0420,6.0132916,116.4791545,S0185,6.0282512,116.4629369,2.446,0,1.2,True,False,0,True
10,S0420,6.0132916,116.4791545,S0417,6.0279292,116.4434492,4.271,0,-199.4,False,False,0,True
10,S0420,6.0132916,116.4791545,S0419,6.0325619,116.4855496,2.256,0,10.4,True,True,0,True
10,S0420,6.0132916,116.4791545,S1002,5.9726888,116.5294,7.16,0,-363.9,False,False,0,True
10,S0420,6.0132916,116.4791545,S1005,5.9767187,116.5296757,6.91,0,-411.1,False,False,0,True
10,S0420,6.0132916,116.4791545,S1006,6.0042032,116.5315391,5.88,0,-336.0,False,False,0,True
10,S0420,6.0132916,116.4791545,S1053,5.9458883,116.5351745,9.724,0,-486.7,False,False,0,True
10,S0420,6.0132916,116.4791545,S1054,5.9577048,116.5476671,9.778,0,-289.6,False,False,0,True
10,S0432,4.8645291,115.8777495,S0433,4.8621763,115.8897693,1.357,1,3.9,True,False,0,True
10,S0432,4.8645291,115.8777495,S1257,4.8602808,115.8774283,0.474,1,10.1,True,True,0,True
10,S0432,4.8645291,115.8777495,S1264,4.8380444,115.8888462,3.191,1,-10.5,False,False,0,True
10,S0432,4.8645291,115.8777495,S1265,4.8489683,115.8820235,1.794,1,4.2,True,False,0,True
10,S0432,4.8645291,115.8777495,S1266,4.9000969,115.8990228,4.604,1,-144.3,False,False,0,True
10,S0432,4.8645291,115.8777495,S1270,4.8751133,115.9010094,2.833,1,0.2,True,False,0,True
10,S0432,4.8645291,115.8777495,S1273,4.8816281,115.9076972,3.824,1,-22.0,False,False,0,True
10,S0432,4.8645291,115.8777495,S1274,4.8905928,115.9099937,4.6,1,-65.0,False,False,0,True
10,S0432,4.8645291,115.8777495,S1275,4.9389728,115.9278051,9.964,1,-137.9,False,False,0,True
10,S0432,4.8645291,115.8777495,S1278,4.781721,115.8686313,9.263,1,-96.4,False,False,0,True
10,S0432,4.8645291,115.8777495,S1287,4.8626957,115.8968561,2.127,1,-4.1,False,False,0,True
10,S0432,4.8645291,115.8777495,S1289,4.7973202,115.8746945,7.481,1,-63.3,False,False,0,True
10,S0432,4.8645291,115.8777495,S1290,4.8455687,115.8824868,2.173,1,-0.0,False,False,0,True
10,S0432,4.8645291,115.8777495,S1292,4.931657,115.9209908,8.869,1,-141.0,False,False,0,True
10,S0432,4.8645291,115.8777495,S1293,4.8786559,115.9234644,5.303,1,-167.0,False,False,0,True
10,S0432,4.8645291,115.8777495,S1295,4.8950427,115.9239912,6.145,1,-93.9,False,False,0,True
10,S0432,4.8645291,115.8777495,S1296,4.9424497,115.9189645,9.794,1,-138.7,False,False,0,True
10,S0432,4.8645291,115.8777495,S1297,4.8680918,115.8841145,0.809,1,2.4,True,False,0,True
10,S0432,4.8645291,115.8777495,S1300,4.9350834,115.8993904,8.203,1,-118.4,False,False,0,True
10,S0433,4.8621763,115.8897693,S0432,4.8645291,115.8777495,1.357,0,8.3,True,True,0,True
10,S0433,4.8621763,115.8897693,S1257,4.8602808,115.8774283,1.383,0,10.0,True,True,0,True
10,S0433,4.8621763,115.8897693,S1264,4.8380444,115.8888462,2.685,0,9.7,True,True,0,True
10,S0433,4.8621763,115.8897693,S1265,4.8489683,115.8820235,1.701,0,0.5,True,False,0,True
10,S0433,4.8621763,115.8897693,S1266,4.9000969,115.8990228,4.339,0,-90.2,False,False,0,True
10,S0433,4.8621763,115.8897693,S1270,4.8751133,115.9010094,1.903,0,5.5,True,False,0,True
10,S0433,4.8621763,115.8897693,S1273,4.8816281,115.9076972,2.937,0,8.3,True,True,0,True
10,S0433,4.8621763,115.8897693,S1274,4.8905928,115.9099937,3.874,0,-32.7,False,False,0,True
10,S0433,4.8621763,115.8897693,S1275,4.9389728,115.9278051,9.523,0,-100.3,False,False,0,True
10,S0433,4.8621763,115.8897693,S1278,4.781721,115.8686313,9.248,0,-83.1,False,False,0,True
10,S0433,4.8621763,115.8897693,S1287,4.8626957,115.8968561,0.787,0,1.3,True,False,0,True
10,S0433,4.8621763,115.8897693,S1289,4.7973202,115.8746945,7.403,0,-53.9,False,False,0,True
10,S0433,4.8621763,115.8897693,S1290,4.8455687,115.8824868,2.015,0,7.0,True,True,0,True
10,S0433,4.8621763,115.8897693,S1292,4.931657,115.9209908,8.465,0,-80.7,False,False,0,True
10,S0433,4.8621763,115.8897693,S1293,4.8786559,115.9234644,4.159,0,-177.8,False,False,0,True
10,S0433,4.8621763,115.8897693,S1295,4.8950427,115.9239912,5.266,0,-98.4,False,False,0,True
10,S0433,4.8621763,115.8897693,S1296,4.9424497,115.9189645,9.494,0,-78.6,False,False,0,True
10,S0433,4.8621763,115.8897693,S1297,4.8680918,115.8841145,0.908,0,-0.6,False,False,0,True
10,S0433,4.8621763,115.8897693,S1300,4.9350834,115.8993904,8.177,0,-95.8,False,False,0,True
10,S0456,6.6648177,117.2073658,S0166,6.661511,117.2077305,0.37,0,10.0,True,True,0,True
10,S0465,5.7577913,117.4017668,S0181,5.8241814,117.4379987,8.4,0,9.0,True,True,0,True
10,S0465,5.7577913,117.4017668,S0466,5.8344594,117.4367943,9.364,0,4.6,True,False,0,True
10,S0466,5.8344594,117.4367943,S0035,5.8825565,117.3784228,8.384,0,4.5,True,False,0,True
10,S0466,5.8344594,117.4367943,S0181,5.8241814,117.4379987,1.151,0,4.5,True,True,0,True
10,S0466,5.8344594,117.4367943,S0465,5.7577913,117.4017668,9.364,0,10.2,True,False,0,True
10,S0506,5.0421848,116.4027383,S0511,5.0315794,116.4562941,6.048,1,12.1,True,False,0,True
10,S0506,5.0421848,116.4027383,S0512,5.0185581,116.4597964,6.844,1,-16.3,False,False,0,True
10,S0506,5.0421848,116.4027383,S0513,4.9952745,116.4677671,8.893,1,-61.6,False,False,0,True
10,S0506,5.0421848,116.4027383,S0599,5.0954389,116.3409302,9.052,1,-262.4,False,False,0,True
10,S0506,5.0421848,116.4027383,S0636,5.1225003,116.3911099,9.023,1,-385.7,False,False,0,True
10,S0506,5.0421848,116.4027383,S1073,5.1234242,116.3860528,9.221,1,-450.6,False,False,0,True
10,S0511,5.0315794,116.4562941,S0506,5.0421848,116.4027383,6.048,0,1.5,True,False,0,True
10,S0511,5.0315794,116.4562941,S0512,5.0185581,116.4597964,1.499,0,-10.9,False,False,0,True
10,S0511,5.0315794,116.4562941,S0513,4.9952745,116.4677671,4.232,0,3.5,True,False,0,True
10,S0512,5.0185581,116.4597964,S0506,5.0421848,116.4027383,6.844,0,-10.5,False,False,0,True
10,S0512,5.0185581,116.4597964,S0511,5.0315794,116.4562941,1.499,0,-16.5,False,False,0,True
10,S0512,5.0185581,116.4597964,S0513,4.9952745,116.4677671,2.735,0,6.6,True,False,0,True
10,S0512,5.0185581,116.4597964,S0529,4.9371194,116.4809914,9.355,0,-83.2,False,False,0,True
10,S0513,4.9952745,116.4677671,S0506,5.0421848,116.4027383,8.893,1,-52.3,False,False,0,True
10,S0513,4.9952745,116.4677671,S0511,5.0315794,116.4562941,4.232,1,-11.5,False,False,0,True
10,S0513,4.9952745,116.4677671,S0512,5.0185581,116.4597964,2.735,1,9.2,True,True,0,True
10,S0513,4.9952745,116.4677671,S0120,4.9116486,116.4932214,9.717,1,-61.5,False,False,0,True
10,S0513,4.9952745,116.4677671,S0514,4.9163016,116.4924187,9.196,1,-42.3,False,False,0,True
10,S0513,4.9952745,116.4677671,S0529,4.9371194,116.4809914,6.63,1,-83.0,False,False,0,True
10,S0533,4.7154608,116.47698,S0130,4.7181021,116.4422487,3.86,0,1.6,True,False,0,True
10,S0533,4.7154608,116.47698,S0162,4.7053675,116.4807819,1.199,0,-3.3,False,False,0,True
10,S0533,4.7154608,116.47698,S0553,4.7138076,116.4598441,1.908,0,9.6,True,True,0,True
10,S0533,4.7154608,116.47698,S0555,4.7247292,116.4472719,3.45,0,-59.2,False,False,0,True
10,S0533,4.7154608,116.47698,S0556,4.7125431,116.4669454,1.158,0,6.6,True,True,0,True
10,S0533,4.7154608,116.47698,S0559,4.7157558,116.4513129,2.845,0,-10.9,False,False,0,True
10,S0553,4.7138076,116.4598441,S0130,4.7181021,116.4422487,2.008,0,-17.8,False,False,0,True
10,S0553,4.7138076,116.4598441,S0162,4.7053675,116.4807819,2.503,0,-12.1,False,False,0,True
10,S0553,4.7138076,116.4598441,S0533,4.7154608,116.47698,1.908,0,4.0,True,False,0,True
10,S0553,4.7138076,116.4598441,S0555,4.7247292,116.4472719,1.848,0,-29.3,False,False,0,True
10,S0553,4.7138076,116.4598441,S0556,4.7125431,116.4669454,0.799,0,10.0,True,True,0,True
10,S0553,4.7138076,116.4598441,S0559,4.7157558,116.4513129,0.97,0,-10.7,False,False,0,True
10,S0555,4.7247292,116.4472719,S0130,4.7181021,116.4422487,0.924,0,-2.5,False,False,0,True
10,S0555,4.7247292,116.4472719,S0162,4.7053675,116.4807819,4.292,0,-39.9,False,False,0,True
10,S0555,4.7247292,116.4472719,S0533,4.7154608,116.47698,3.45,0,-51.7,False,False,0,True
10,S0555,4.7247292,116.4472719,S0553,4.7138076,116.4598441,1.848,0,-31.4,False,False,0,True
10,S0555,4.7247292,116.4472719,S0556,4.7125431,116.4669454,2.567,0,-51.2,False,False,0,True
10,S0555,4.7247292,116.4472719,S0559,4.7157558,116.4513129,1.094,0,-10.7,False,False,0,True
10,S0556,4.7125431,116.4669454,S0130,4.7181021,116.4422487,2.806,0,-17.7,False,False,0,True
10,S0556,4.7125431,116.4669454,S0162,4.7053675,116.4807819,1.729,0,-12.1,False,False,0,True
10,S0556,4.7125431,116.4669454,S0533,4.7154608,116.47698,1.158,0,-5.8,False,False,0,True
10,S0556,4.7125431,116.4669454,S0553,4.7138076,116.4598441,0.799,0,8.1,True,True,0,True
10,S0556,4.7125431,116.4669454,S0555,4.7247292,116.4472719,2.567,0,-53.8,False,False,0,True
10,S0556,4.7125431,116.4669454,S0559,4.7157558,116.4513129,1.769,0,-12.4,False,False,0,True
10,S0559,4.7157558,116.4513129,S0130,4.7181021,116.4422487,1.038,0,-14.5,False,False,0,True
10,S0559,4.7157558,116.4513129,S0162,4.7053675,116.4807819,3.464,0,3.3,True,False,0,True
10,S0559,4.7157558,116.4513129,S0533,4.7154608,116.47698,2.845,0,5.2,True,False,0,True
10,S0559,4.7157558,116.4513129,S0553,4.7138076,116.4598441,0.97,0,-2.0,False,False,0,True
10,S0559,4.7157558,116.4513129,S0555,4.7247292,116.4472719,1.094,0,-6.6,False,False,0,True
10,S0559,4.7157558,116.4513129,S0556,4.7125431,116.4669454,1.769,0,1.6,True,False,0,True
10,S0599,5.0954389,116.3409302,S0114,5.1423979,116.289617,7.718,0,-1.1,False,False,0,True
10,S0599,5.0954389,116.3409302,S0506,5.0421848,116.4027383,9.052,0,-260.1,False,False,0,True
10,S0599,5.0954389,116.3409302,S0636,5.1225003,116.3911099,6.32,0,-226.2,False,False,0,True
10,S0599,5.0954389,116.3409302,S0648,5.1481891,116.3564896,6.113,0,-43.1,False,False,0,True
10,S0599,5.0954389,116.3409302,S0650,5.1626227,116.3648085,7.925,0,-87.5,False,False,0,True
10,S0599,5.0954389,116.3409302,S0651,5.1459778,116.3678933,6.364,0,-61.9,False,False,0,True
10,S0599,5.0954389,116.3409302,S0654,5.1518875,116.3337432,6.327,0,3.8,True,False,0,True
10,S0599,5.0954389,116.3409302,S0699,5.1807118,116.3504924,9.541,0,0.5,True,False,0,True
10,S0599,5.0954389,116.3409302,S1073,5.1234242,116.3860528,5.887,0,-199.5,False,False,0,True
10,S0599,5.0954389,116.3409302,S1074,5.1381847,116.2829209,7.992,0,-32.0,False,False,0,True
10,S0599,5.0954389,116.3409302,S0593,5.117645,116.3432834,2.483,0,9.9,True,True,0,True
10,S0599,5.0954389,116.3409302,S1084,5.100738,116.3006846,4.496,0,6.9,True,False,0,True
10,S0603,5.1778704,116.2381905,S0114,5.1423979,116.289617,6.928,0,-6.7,False,False,0,True
10,S0603,5.1778704,116.2381905,S0605,5.1621456,116.2315424,1.897,0,6.7,True,True,0,True
10,S0603,5.1778704,116.2381905,S0608,5.1868176,116.1825533,6.241,0,-56.8,False,False,0,True
10,S0603,5.1778704,116.2381905,S0796,5.2210728,116.1946742,6.804,0,-15.6,False,False,0,True
10,S0603,5.1778704,116.2381905,S0798,5.2096144,116.1942804,6.009,0,-0.3,False,False,0,True
10,S0603,5.1778704,116.2381905,S1074,5.1381847,116.2829209,6.634,0,-23.3,False,False,0,True
10,S0603,5.1778704,116.2381905,S0601,5.1431533,116.2102068,4.95,0,11.1,True,True,0,True
10,S0603,5.1778704,116.2381905,S0609,5.2268314,116.1801678,8.422,0,-129.0,False,False,0,True
10,S0603,5.1778704,116.2381905,S1077,5.2283683,116.175459,8.932,0,-129.9,False,False,0,True
10,S0605,5.1621456,116.2315424,S0114,5.1423979,116.289617,6.796,0,-75.9,False,False,0,True
10,S0605,5.1621456,116.2315424,S0603,5.1778704,116.2381905,1.897,0,9.8,True,True,0,True
10,S0605,5.1621456,116.2315424,S0608,5.1868176,116.1825533,6.079,0,-71.6,False,False,0,True
10,S0605,5.1621456,116.2315424,S0796,5.2210728,116.1946742,7.72,0,-10.6,False,False,0,True
10,S0605,5.1621456,116.2315424,S0798,5.2096144,116.1942804,6.7,0,-4.8,False,False,0,True
10,S0605,5.1621456,116.2315424,S1074,5.1381847,116.2829209,6.283,0,-94.2,False,False,0,True
10,S0605,5.1621456,116.2315424,S0601,5.1431533,116.2102068,3.169,0,11.1,True,True,0,True
10,S0605,5.1621456,116.2315424,S0609,5.2268314,116.1801678,9.171,0,-155.9,False,False,0,True
10,S0605,5.1621456,116.2315424,S1077,5.2283683,116.175459,9.633,0,-140.8,False,False,0,True
10,S0608,5.1868176,116.1825533,S0603,5.1778704,116.2381905,6.241,1,-51.8,False,False,0,True
10,S0608,5.1868176,116.1825533,S0605,5.1621456,116.2315424,6.079,1,-64.3,False,False,0,True
10,S0608,5.1868176,116.1825533,S0725,5.2523622,116.1311946,9.245,1,-41.6,False,False,0,True
10,S0608,5.1868176,116.1825533,S0732,5.2485711,116.1385903,8.417,1,-30.5,False,False,0,True
10,S0608,5.1868176,116.1825533,S0740,5.2381576,116.1437518,7.145,1,-43.8,False,False,0,True
10,S0608,5.1868176,116.1825533,S0744,5.2605311,116.1765327,8.224,1,-43.3,False,False,0,True
10,S0608,5.1868176,116.1825533,S0747,5.2383302,116.1357927,7.721,1,-59.9,False,False,0,True
10,S0608,5.1868176,116.1825533,S0796,5.2210728,116.1946742,4.039,1,-12.0,False,False,0,True
10,S0608,5.1868176,116.1825533,S0798,5.2096144,116.1942804,2.848,1,-5.4,False,False,0,True
10,S0608,5.1868176,116.1825533,S0601,5.1431533,116.2102068,5.74,1,-55.1,False,False,0,True
10,S0608,5.1868176,116.1825533,S0609,5.2268314,116.1801678,4.457,1,-59.2,False,False,0,True
10,S0608,5.1868176,116.1825533,S0739,5.1542775,116.1147343,8.337,1,-76.3,False,False,0,True
10,S0608,5.1868176,116.1825533,S1077,5.2283683,116.175459,4.687,1,-32.4,False,False,0,True
10,S0611,5.4505072,116.5605112,S0066,5.4146548,116.5084813,7.005,0,-34.7,False,False,0,True
10,S0611,5.4505072,116.5605112,S0614,5.4257658,116.5207264,5.193,0,-53.6,False,False,0,True
10,S0611,5.4505072,116.5605112,S0617,5.448024,116.5546504,0.705,0,10.1,True,True,0,True
10,S0611,5.4505072,116.5605112,S0618,5.4025431,116.4863082,9.794,0,-81.7,False,False,0,True
10,S0611,5.4505072,116.5605112,S0620,5.4312578,116.5366919,3.396,0,1.6,True,False,0,True
10,S0611,5.4505072,116.5605112,S0792,5.454468,116.5639703,0.584,0,10.1,True,True,0,True
10,S0614,5.4257658,116.5207264,S0066,5.4146548,116.5084813,1.834,0,-0.9,False,False,0,True
10,S0614,5.4257658,116.5207264,S0611,5.4505072,116.5605112,5.193,0,-43.1,False,False,0,True
10,S0614,5.4257658,116.5207264,S0617,5.448024,116.5546504,4.497,0,-46.8,False,False,0,True
10,S0614,5.4257658,116.5207264,S0618,5.4025431,116.4863082,4.603,0,-87.0,False,False,0,True
10,S0614,5.4257658,116.5207264,S0620,5.4312578,116.5366919,1.87,0,-21.7,False,False,0,True
10,S0614,5.4257658,116.5207264,S0792,5.454468,116.5639703,5.753,0,-50.0,False,False,0,True
10,S0617,5.448024,116.5546504,S0066,5.4146548,116.5084813,6.316,0,-44.4,False,False,0,True
10,S0617,5.448024,116.5546504,S0611,5.4505072,116.5605112,0.705,0,10.0,True,True,0,True
10,S0617,5.448024,116.5546504,S0614,5.4257658,116.5207264,4.497,0,-52.2,False,False,0,True
10,S0617,5.448024,116.5546504,S0618,5.4025431,116.4863082,9.1,0,-86.5,False,False,0,True
10,S0617,5.448024,116.5546504,S0620,5.4312578,116.5366919,2.725,0,-3.3,False,False,0,True
10,S0617,5.448024,116.5546504,S0792,5.454468,116.5639703,1.256,0,1.0,True,False,0,True
10,S0618,5.4025431,116.4863082,S0066,5.4146548,116.5084813,2.8,0,-58.1,False,False,0,True
10,S0618,5.4025431,116.4863082,S0611,5.4505072,116.5605112,9.794,0,-66.0,False,False,0,True
10,S0618,5.4025431,116.4863082,S0614,5.4257658,116.5207264,4.603,0,-76.3,False,False,0,True
10,S0618,5.4025431,116.4863082,S0617,5.448024,116.5546504,9.1,0,-71.1,False,False,0,True
10,S0618,5.4025431,116.4863082,S0620,5.4312578,116.5366919,6.427,0,-49.5,False,False,0,True
10,S0618,5.4025431,116.4863082,S0627,5.3433622,116.4395412,8.373,0,-242.1,False,False,0,True
10,S0620,5.4312578,116.5366919,S0066,5.4146548,116.5084813,3.628,0,-32.1,False,False,0,True
10,S0620,5.4312578,116.5366919,S0611,5.4505072,116.5605112,3.396,0,-2.2,False,False,0,True
10,S0620,5.4312578,116.5366919,S0614,5.4257658,116.5207264,1.87,0,-32.1,False,False,0,True
10,S0620,5.4312578,116.5366919,S0617,5.448024,116.5546504,2.725,0,-15.0,False,False,0,True
10,S0620,5.4312578,116.5366919,S0618,5.4025431,116.4863082,6.427,0,-63.6,False,False,0,True
10,S0620,5.4312578,116.5366919,S0792,5.454468,116.5639703,3.972,0,-12.5,False,False,0,True
10,S0623,5.292031,116.3884042,S0042,5.3132388,116.4101726,3.372,0,0.6,True,False,0,True
10,S0623,5.292031,116.3884042,S0044,5.2313137,116.3580845,7.54,0,-10.3,False,False,0,True
10,S0623,5.292031,116.3884042,S0049,5.2732968,116.3747193,2.576,0,5.0,True,False,0,True
10,S0623,5.292031,116.3884042,S0627,5.3433622,116.4395412,8.04,0,-35.6,False,False,0,True
10,S0623,5.292031,116.3884042,S0629,5.3214327,116.4157143,4.453,0,-5.0,False,False,0,True
10,S0623,5.292031,116.3884042,S0631,5.3030662,116.3959753,1.486,0,-2.0,False,False,0,True
10,S0623,5.292031,116.3884042,S0632,5.2832779,116.379809,1.361,0,9.4,True,True,0,True
10,S0623,5.292031,116.3884042,S0634,5.2882954,116.3810541,0.914,0,4.9,True,False,0,True
10,S0623,5.292031,116.3884042,S0638,5.2601226,116.3734017,3.918,0,-9.8,False,False,0,True
10,S0623,5.292031,116.3884042,S0639,5.2593984,116.3756262,3.895,0,-9.0,False,False,0,True
10,S0623,5.292031,116.3884042,S0693,5.2181166,116.344786,9.533,0,-8.8,False,False,0,True
10,S0623,5.292031,116.3884042,S0697,5.2419511,116.3674556,6.032,0,-8.2,False,False,0,True
10,S0623,5.292031,116.3884042,S0700,5.2314063,116.3720737,6.979,0,-23.2,False,False,0,True
10,S0623,5.292031,116.3884042,S0702,5.2312481,116.358671,7.518,0,-8.1,False,False,0,True
10,S0623,5.292031,116.3884042,S0703,5.2413062,116.3539969,6.806,0,4.1,True,False,0,True
10,S0623,5.292031,116.3884042,S0649,5.2835791,116.4247876,4.137,0,1.8,True,False,0,True
10,S0627,5.3433622,116.4395412,S0042,5.3132388,116.4101726,4.668,0,-20.9,False,False,0,True
10,S0627,5.3433622,116.4395412,S0618,5.4025431,116.4863082,8.373,0,-246.7,False,False,0,True
10,S0627,5.3433622,116.4395412,S0623,5.292031,116.3884042,8.04,0,-19.4,False,False,0,True
10,S0627,5.3433622,116.4395412,S0629,5.3214327,116.4157143,3.592,0,-24.9,False,False,0,True
10,S0627,5.3433622,116.4395412,S0631,5.3030662,116.3959753,6.583,0,-23.2,False,False,0,True
10,S0627,5.3433622,116.4395412,S0632,5.2832779,116.379809,9.401,0,-18.4,False,False,0,True
10,S0627,5.3433622,116.4395412,S0634,5.2882954,116.3810541,8.912,0,-20.7,False,False,0,True
10,S0627,5.3433622,116.4395412,S0649,5.2835791,116.4247876,6.845,0,-90.3,False,False,0,True
10,S0629,5.3214327,116.4157143,S0042,5.3132388,116.4101726,1.098,0,7.7,True,True,0,True
10,S0629,5.3214327,116.4157143,S0049,5.2732968,116.3747193,7.018,0,-0.2,False,False,0,True
10,S0629,5.3214327,116.4157143,S0623,5.292031,116.3884042,4.453,0,1.5,True,False,0,True
10,S0629,5.3214327,116.4157143,S0627,5.3433622,116.4395412,3.592,0,-36.0,False,False,0,True
10,S0629,5.3214327,116.4157143,S0631,5.3030662,116.3959753,2.991,0,-4.5,False,False,0,True
10,S0629,5.3214327,116.4157143,S0632,5.2832779,116.379809,5.814,0,9.2,True,False,0,True
10,S0629,5.3214327,116.4157143,S0634,5.2882954,116.3810541,5.32,0,-10.9,False,False,0,True
10,S0629,5.3214327,116.4157143,S0638,5.2601226,116.3734017,8.272,0,-15.5,False,False,0,True
10,S0629,5.3214327,116.4157143,S0639,5.2593984,116.3756262,8.203,0,-23.6,False,False,0,True
10,S0629,5.3214327,116.4157143,S0649,5.2835791,116.4247876,4.327,0,-110.4,False,False,0,True
10,S0631,5.3030662,116.3959753,S0042,5.3132388,116.4101726,1.937,0,1.6,True,False,0,True
10,S0631,5.3030662,116.3959753,S0044,5.2313137,116.3580845,9.014,0,-8.2,False,False,0,True
10,S0631,5.3030662,116.3959753,S0049,5.2732968,116.3747193,4.062,0,3.8,True,False,0,True
10,S0631,5.3030662,116.3959753,S0623,5.292031,116.3884042,1.486,0,1.6,True,False,0,True
10,S0631,5.3030662,116.3959753,S0627,5.3433622,116.4395412,6.583,0,-38.4,False,False,0,True
10,S0631,5.3030662,116.3959753,S0629,5.3214327,116.4157143,2.991,0,-8.3,False,False,0,True
10,S0631,5.3030662,116.3959753,S0632,5.2832779,116.379809,2.836,0,6.1,True,False,0,True
10,S0631,5.3030662,116.3959753,S0634,5.2882954,116.3810541,2.33,0,-9.2,False,False,0,True
10,S0631,5.3030662,116.3959753,S0638,5.2601226,116.3734017,5.39,0,-15.2,False,False,0,True
10,S0631,5.3030662,116.3959753,S0639,5.2593984,116.3756262,5.353,0,-12.9,False,False,0,True
10,S0631,5.3030662,116.3959753,S0697,5.2419511,116.3674556,7.494,0,-5.2,False,False,0,True
10,S0631,5.3030662,116.3959753,S0700,5.2314063,116.3720737,8.396,0,-27.7,False,False,0,True
10,S0631,5.3030662,116.3959753,S0702,5.2312481,116.358671,8.991,0,-14.7,False,False,0,True
10,S0631,5.3030662,116.3959753,S0703,5.2413062,116.3539969,8.293,0,4.4,True,False,0,True
10,S0631,5.3030662,116.3959753,S0649,5.2835791,116.4247876,3.856,0,-32.9,False,False,0,True
10,S0632,5.2832779,116.379809,S0042,5.3132388,116.4101726,4.733,0,0.6,True,False,0,True
10,S0632,5.2832779,116.379809,S0044,5.2313137,116.3580845,6.259,0,-13.2,False,False,0,True
10,S0632,5.2832779,116.379809,S0049,5.2732968,116.3747193,1.245,0,8.4,True,True,0,True
10,S0632,5.2832779,116.379809,S0623,5.292031,116.3884042,1.361,0,7.5,True,True,0,True
10,S0632,5.2832779,116.379809,S0627,5.3433622,116.4395412,9.401,0,-35.2,False,False,0,True
10,S0632,5.2832779,116.379809,S0629,5.3214327,116.4157143,5.814,0,-4.8,False,False,0,True
10,S0632,5.2832779,116.379809,S0631,5.3030662,116.3959753,2.836,0,-3.9,False,False,0,True
10,S0632,5.2832779,116.379809,S0634,5.2882954,116.3810541,0.575,0,10.1,True,True,0,True
10,S0632,5.2832779,116.379809,S0638,5.2601226,116.3734017,2.671,0,1.1,True,False,0,True
10,S0632,5.2832779,116.379809,S0639,5.2593984,116.3756262,2.695,0,1.2,True,False,0,True
10,S0632,5.2832779,116.379809,S0690,5.1964629,116.359591,9.91,0,-14.0,False,False,0,True
10,S0632,5.2832779,116.379809,S0693,5.2181166,116.344786,8.218,0,3.4,True,False,0,True
10,S0632,5.2832779,116.379809,S0697,5.2419511,116.3674556,4.795,0,-12.5,False,False,0,True
10,S0632,5.2832779,116.379809,S0700,5.2314063,116.3720737,5.831,0,0.1,True,False,0,True
10,S0632,5.2832779,116.379809,S0702,5.2312481,116.358671,6.241,0,-18.2,False,False,0,True
10,S0632,5.2832779,116.379809,S0703,5.2413062,116.3539969,5.473,0,4.3,True,False,0,True
10,S0632,5.2832779,116.379809,S0649,5.2835791,116.4247876,4.98,0,10.0,True,True,0,True
10,S0633,5.1739474,116.391897,S0044,5.2313137,116.3580845,7.397,0,-8.5,False,False,0,True
10,S0633,5.1739474,116.391897,S0636,5.1225003,116.3911099,5.721,0,-57.7,False,False,0,True
10,S0633,5.1739474,116.391897,S0637,5.1920657,116.3999474,2.203,0,-21.2,False,False,0,True
10,S0633,5.1739474,116.391897,S0638,5.2601226,116.3734017,9.799,0,-29.4,False,False,0,True
10,S0633,5.1739474,116.391897,S0639,5.2593984,116.3756262,9.671,0,-31.2,False,False,0,True
10,S0633,5.1739474,116.391897,S0648,5.1481891,116.3564896,4.856,0,9.1,True,True,0,True
10,S0633,5.1739474,116.391897,S0650,5.1626227,116.3648085,3.253,0,6.5,True,False,0,True
10,S0633,5.1739474,116.391897,S0651,5.1459778,116.3678933,4.091,0,6.3,True,False,0,True
10,S0633,5.1739474,116.391897,S0654,5.1518875,116.3337432,6.892,0,8.3,True,False,0,True
10,S0633,5.1739474,116.391897,S0690,5.1964629,116.359591,4.367,0,-1.2,False,False,0,True
10,S0633,5.1739474,116.391897,S0693,5.2181166,116.344786,7.165,0,-5.7,False,False,0,True
10,S0633,5.1739474,116.391897,S0697,5.2419511,116.3674556,8.031,0,5.8,True,False,0,True
10,S0633,5.1739474,116.391897,S0699,5.1807118,116.3504924,4.646,0,-5.1,False,False,0,True
10,S0633,5.1739474,116.391897,S0700,5.2314063,116.3720737,6.756,0,5.1,True,False,0,True
10,S0633,5.1739474,116.391897,S0701,5.1863236,116.3527253,4.551,0,-8.8,False,False,0,True
10,S0633,5.1739474,116.391897,S0702,5.2312481,116.358671,7.358,0,-6.9,False,False,0,True
10,S0633,5.1739474,116.391897,S0703,5.2413062,116.3539969,8.586,0,-5.2,False,False,0,True
10,S0633,5.1739474,116.391897,S1073,5.1234242,116.3860528,5.655,0,-36.3,False,False,0,True
10,S0633,5.1739474,116.391897,S0593,5.117645,116.3432834,8.257,0,-46.7,False,False,0,True
10,S0634,5.2882954,116.3810541,S0042,5.3132388,116.4101726,4.253,0,0.9,True,False,0,True
10,S0634,5.2882954,116.3810541,S0044,5.2313137,116.3580845,6.827,0,-13.9,False,False,0,True
10,S0634,5.2882954,116.3810541,S0049,5.2732968,116.3747193,1.809,0,6.5,True,False,0,True
10,S0634,5.2882954,116.3810541,S0623,5.292031,116.3884042,0.914,0,3.2,True,False,0,True
10,S0634,5.2882954,116.3810541,S0627,5.3433622,116.4395412,8.912,0,-37.2,False,False,0,True
10,S0634,5.2882954,116.3810541,S0629,5.3214327,116.4157143,5.32,0,-8.5,False,False,0,True
10,S0634,5.2882954,116.3810541,S0631,5.3030662,116.3959753,2.33,0,-6.9,False,False,0,True
10,S0634,5.2882954,116.3810541,S0632,5.2832779,116.379809,0.575,0,8.8,True,True,0,True
10,S0634,5.2882954,116.3810541,S0638,5.2601226,116.3734017,3.245,0,-0.1,False,False,0,True
10,S0634,5.2882954,116.3810541,S0639,5.2593984,116.3756262,3.269,0,-1.4,False,False,0,True
10,S0634,5.2882954,116.3810541,S0693,5.2181166,116.344786,8.776,0,-0.9,False,False,0,True
10,S0634,5.2882954,116.3810541,S0697,5.2419511,116.3674556,5.369,0,-12.7,False,False,0,True
10,S0634,5.2882954,116.3810541,S0700,5.2314063,116.3720737,6.403,0,-0.8,False,False,0,True
10,S0634,5.2882954,116.3810541,S0702,5.2312481,116.358671,6.81,0,-17.1,False,False,0,True
10,S0634,5.2882954,116.3810541,S0703,5.2413062,116.3539969,6.023,0,3.4,True,False,0,True
10,S0634,5.2882954,116.3810541,S0649,5.2835791,116.4247876,4.871,0,10.0,True,False,0,True
10,S0636,5.1225003,116.3911099,S0506,5.0421848,116.4027383,9.023,0,-383.1,False,False,0,True
10,S0636,5.1225003,116.3911099,S0599,5.0954389,116.3409302,6.32,0,-215.4,False,False,0,True
10,S0636,5.1225003,116.3911099,S0633,5.1739474,116.391897,5.721,0,-49.0,False,False,0,True
10,S0636,5.1225003,116.3911099,S0637,5.1920657,116.3999474,7.797,0,-19.1,False,False,0,True
10,S0636,5.1225003,116.3911099,S0648,5.1481891,116.3564896,4.781,0,9.1,True,False,0,True
10,S0636,5.1225003,116.3911099,S0650,5.1626227,116.3648085,5.328,0,-2.0,False,False,0,True
10,S0636,5.1225003,116.3911099,S0651,5.1459778,116.3678933,3.664,0,5.6,True,False,0,True
10,S0636,5.1225003,116.3911099,S0654,5.1518875,116.3337432,7.144,0,7.5,True,False,0,True
10,S0636,5.1225003,116.3911099,S0690,5.1964629,116.359591,8.934,0,-24.6,False,False,0,True
10,S0636,5.1225003,116.3911099,S0699,5.1807118,116.3504924,7.882,0,6.0,True,False,0,True
10,S0636,5.1225003,116.3911099,S0701,5.1863236,116.3527253,8.273,0,-7.9,False,False,0,True
10,S0636,5.1225003,116.3911099,S1073,5.1234242,116.3860528,0.569,0,10.0,True,True,0,True
10,S0636,5.1225003,116.3911099,S0593,5.117645,116.3432834,5.324,0,-110.5,False,False,0,True
10,S0637,5.1920657,116.3999474,S0044,5.2313137,116.3580845,6.367,0,9.7,True,True,0,True
10,S0637,5.1920657,116.3999474,S0049,5.2732968,116.3747193,9.455,0,-45.0,False,False,0,True
10,S0637,5.1920657,116.3999474,S0633,5.1739474,116.391897,2.203,0,-13.9,False,False,0,True
10,S0637,5.1920657,116.3999474,S0636,5.1225003,116.3911099,7.797,0,-33.1,False,False,0,True
10,S0637,5.1920657,116.3999474,S0638,5.2601226,116.3734017,8.118,0,-39.1,False,False,0,True
10,S0637,5.1920657,116.3999474,S0639,5.2593984,116.3756262,7.957,0,-36.0,False,False,0,True
10,S0637,5.1920657,116.3999474,S0648,5.1481891,116.3564896,6.853,0,0.2,True,False,0,True
10,S0637,5.1920657,116.3999474,S0650,5.1626227,116.3648085,5.085,0,-14.5,False,False,0,True
10,S0637,5.1920657,116.3999474,S0651,5.1459778,116.3678933,6.234,0,5.7,True,False,0,True
10,S0637,5.1920657,116.3999474,S0654,5.1518875,116.3337432,8.586,0,8.4,True,False,0,True
10,S0637,5.1920657,116.3999474,S0690,5.1964629,116.359591,4.496,0,7.4,True,True,0,True
10,S0637,5.1920657,116.3999474,S0693,5.2181166,116.344786,6.76,0,10.1,True,True,0,True
10,S0637,5.1920657,116.3999474,S0697,5.2419511,116.3674556,6.612,0,-10.4,False,False,0,True
10,S0637,5.1920657,116.3999474,S0699,5.1807118,116.3504924,5.62,0,7.3,True,False,0,True
10,S0637,5.1920657,116.3999474,S0700,5.2314063,116.3720737,5.354,0,-11.4,False,False,0,True
10,S0637,5.1920657,116.3999474,S0701,5.1863236,116.3527253,5.268,0,7.6,True,True,0,True
10,S0637,5.1920657,116.3999474,S0702,5.2312481,116.358671,6.315,0,7.6,True,True,0,True
10,S0637,5.1920657,116.3999474,S0703,5.2413062,116.3539969,7.475,0,5.2,True,False,0,True
10,S0637,5.1920657,116.3999474,S1073,5.1234242,116.3860528,7.786,0,-34.8,False,False,0,True
10,S0638,5.2601226,116.3734017,S0042,5.3132388,116.4101726,7.174,0,-17.6,False,False,0,True
10,S0638,5.2601226,116.3734017,S0044,5.2313137,116.3580845,3.625,0,-4.1,False,False,0,True
10,S0638,5.2601226,116.3734017,S0049,5.2732968,116.3747193,1.472,0,9.5,True,True,0,True
10,S0638,5.2601226,116.3734017,S0623,5.292031,116.3884042,3.918,0,-9.8,False,False,0,True
10,S0638,5.2601226,116.3734017,S0629,5.3214327,116.4157143,8.272,0,-13.2,False,False,0,True
10,S0638,5.2601226,116.3734017,S0631,5.3030662,116.3959753,5.39,0,-9.5,False,False,0,True
10,S0638,5.2601226,116.3734017,S0632,5.2832779,116.379809,2.671,0,3.5,True,False,0,True
10,S0638,5.2601226,116.3734017,S0633,5.1739474,116.391897,9.799,0,-25.5,False,False,0,True
10,S0638,5.2601226,116.3734017,S0634,5.2882954,116.3810541,3.245,0,6.6,True,False,0,True
10,S0638,5.2601226,116.3734017,S0637,5.1920657,116.3999474,8.118,0,-34.8,False,False,0,True
10,S0638,5.2601226,116.3734017,S0639,5.2593984,116.3756262,0.259,0,10.1,True,True,0,True
10,S0638,5.2601226,116.3734017,S0690,5.1964629,116.359591,7.242,0,-2.0,False,False,0,True
10,S0638,5.2601226,116.3734017,S0693,5.2181166,116.344786,5.644,0,-9.1,False,False,0,True
10,S0638,5.2601226,116.3734017,S0697,5.2419511,116.3674556,2.125,0,-9.7,False,False,0,True
10,S0638,5.2601226,116.3734017,S0699,5.1807118,116.3504924,9.187,0,-1.1,False,False,0,True
10,S0638,5.2601226,116.3734017,S0700,5.2314063,116.3720737,3.196,0,1.4,True,False,0,True
10,S0638,5.2601226,116.3734017,S0701,5.1863236,116.3527253,8.52,0,0.4,True,False,0,True
10,S0638,5.2601226,116.3734017,S0702,5.2312481,116.358671,3.601,0,-9.5,False,False,0,True
10,S0638,5.2601226,116.3734017,S0703,5.2413062,116.3539969,2.999,0,6.1,True,False,0,True
10,S0638,5.2601226,116.3734017,S0649,5.2835791,116.4247876,6.259,0,-8.5,False,False,0,True
10,S0639,5.2593984,116.3756262,S0042,5.3132388,116.4101726,7.104,0,-19.0,False,False,0,True
10,S0639,5.2593984,116.3756262,S0044,5.2313137,116.3580845,3.678,0,-10.5,False,False,0,True
10,S0639,5.2593984,116.3756262,S0049,5.2732968,116.3747193,1.549,0,3.6,True,False,0,True
10,S0639,5.2593984,116.3756262,S0623,5.292031,116.3884042,3.895,0,-8.8,False,False,0,True
10,S0639,5.2593984,116.3756262,S0629,5.3214327,116.4157143,8.203,0,-15.8,False,False,0,True
10,S0639,5.2593984,116.3756262,S0631,5.3030662,116.3959753,5.353,0,-5.7,False,False,0,True
10,S0639,5.2593984,116.3756262,S0632,5.2832779,116.379809,2.695,0,1.2,True,False,0,True
10,S0639,5.2593984,116.3756262,S0633,5.1739474,116.391897,9.671,0,-25.7,False,False,0,True
10,S0639,5.2593984,116.3756262,S0634,5.2882954,116.3810541,3.269,0,0.8,True,False,0,True
10,S0639,5.2593984,116.3756262,S0637,5.1920657,116.3999474,7.957,0,-34.9,False,False,0,True
10,S0639,5.2593984,116.3756262,S0638,5.2601226,116.3734017,0.259,0,10.1,True,True,0,True
10,S0639,5.2593984,116.3756262,S0690,5.1964629,116.359591,7.22,0,-0.9,False,False,0,True
10,S0639,5.2593984,116.3756262,S0693,5.2181166,116.344786,5.721,0,-2.4,False,False,0,True
10,S0639,5.2593984,116.3756262,S0697,5.2419511,116.3674556,2.141,0,-4.1,False,False,0,True
10,S0639,5.2593984,116.3756262,S0699,5.1807118,116.3504924,9.182,0,-10.9,False,False,0,True
10,S0639,5.2593984,116.3756262,S0700,5.2314063,116.3720737,3.137,0,3.5,True,False,0,True
10,S0639,5.2593984,116.3756262,S0701,5.1863236,116.3527253,8.512,0,-11.2,False,False,0,True
10,S0639,5.2593984,116.3756262,S0702,5.2312481,116.358671,3.65,0,-12.2,False,False,0,True
10,S0639,5.2593984,116.3756262,S0703,5.2413062,116.3539969,3.128,0,7.0,True,False,0,True
10,S0639,5.2593984,116.3756262,S0649,5.2835791,116.4247876,6.071,0,-21.8,False,False,0,True
10,S0648,5.1481891,116.3564896,S0044,5.2313137,116.3580845,9.245,0,8.1,True,False,0,True
10,S0648,5.1481891,116.3564896,S0114,5.1423979,116.289617,7.434,0,6.6,True,False,0,True
10,S0648,5.1481891,116.3564896,S0599,5.0954389,116.3409302,6.113,0,-40.3,False,False,0,True
10,S0648,5.1481891,116.3564896,S0633,5.1739474,116.391897,4.856,0,4.1,True,False,0,True
10,S0648,5.1481891,116.3564896,S0636,5.1225003,116.3911099,4.781,0,4.8,True,False,0,True
10,S0648,5.1481891,116.3564896,S0637,5.1920657,116.3999474,6.853,0,-12.0,False,False,0,True
10,S0648,5.1481891,116.3564896,S0650,5.1626227,116.3648085,1.851,0,10.1,True,True,0,True
10,S0648,5.1481891,116.3564896,S0651,5.1459778,116.3678933,1.287,0,9.1,True,True,0,True
10,S0648,5.1481891,116.3564896,S0654,5.1518875,116.3337432,2.552,0,9.5,True,True,0,True
10,S0648,5.1481891,116.3564896,S0690,5.1964629,116.359591,5.379,0,9.9,True,True,0,True
10,S0648,5.1481891,116.3564896,S0693,5.2181166,116.344786,7.883,0,-1.6,False,False,0,True
10,S0648,5.1481891,116.3564896,S0699,5.1807118,116.3504924,3.677,0,6.5,True,False,0,True
10,S0648,5.1481891,116.3564896,S0700,5.2314063,116.3720737,9.413,0,7.1,True,True,0,True
10,S0648,5.1481891,116.3564896,S0701,5.1863236,116.3527253,4.261,0,8.8,True,False,0,True
10,S0648,5.1481891,116.3564896,S0702,5.2312481,116.358671,9.239,0,7.3,True,False,0,True
10,S0648,5.1481891,116.3564896,S1073,5.1234242,116.3860528,4.278,0,10.0,True,True,0,True
10,S0648,5.1481891,116.3564896,S1074,5.1381847,116.2829209,8.223,0,6.5,True,False,0,True
10,S0648,5.1481891,116.3564896,S0593,5.117645,116.3432834,3.698,0,3.8,True,False,0,True
10,S0648,5.1481891,116.3564896,S1084,5.100738,116.3006846,8.126,0,-2.9,False,False,0,True
10,S0650,5.1626227,116.3648085,S0044,5.2313137,116.3580845,7.674,0,9.9,True,False,0,True
10,S0650,5.1626227,116.3648085,S0114,5.1423979,116.289617,8.625,0,3.9,True,False,0,True
10,S0650,5.1626227,116.3648085,S0599,5.0954389,116.3409302,7.925,0,-90.5,False,False,0,True
10,S0650,5.1626227,116.3648085,S0633,5.1739474,116.391897,3.253,0,0.4,True,False,0,True
10,S0650,5.1626227,116.3648085,S0636,5.1225003,116.3911099,5.328,0,-3.6,False,False,0,True
10,S0650,5.1626227,116.3648085,S0637,5.1920657,116.3999474,5.085,0,-11.0,False,False,0,True
10,S0650,5.1626227,116.3648085,S0648,5.1481891,116.3564896,1.851,0,8.0,True,True,0,True
10,S0650,5.1626227,116.3648085,S0651,5.1459778,116.3678933,1.882,0,6.9,True,True,0,True
10,S0650,5.1626227,116.3648085,S0654,5.1518875,116.3337432,3.642,0,8.6,True,True,0,True
10,S0650,5.1626227,116.3648085,S0690,5.1964629,116.359591,3.807,0,10.0,True,True,0,True
10,S0650,5.1626227,116.3648085,S0693,5.2181166,116.344786,6.557,0,-1.6,False,False,0,True
10,S0650,5.1626227,116.3648085,S0697,5.2419511,116.3674556,8.826,0,8.1,True,False,0,True
10,S0650,5.1626227,116.3648085,S0699,5.1807118,116.3504924,2.561,0,6.5,True,True,0,True
10,S0650,5.1626227,116.3648085,S0700,5.2314063,116.3720737,7.691,0,7.1,True,True,0,True
10,S0650,5.1626227,116.3648085,S0701,5.1863236,116.3527253,2.956,0,8.9,True,True,0,True
10,S0650,5.1626227,116.3648085,S0702,5.2312481,116.358671,7.661,0,7.2,True,False,0,True
10,S0650,5.1626227,116.3648085,S0703,5.2413062,116.3539969,8.831,0,6.7,True,True,0,True
10,S0650,5.1626227,116.3648085,S1073,5.1234242,116.3860528,4.953,0,10.0,True,True,0,True
10,S0650,5.1626227,116.3648085,S1074,5.1381847,116.2829209,9.467,0,6.6,True,False,0,True
10,S0650,5.1626227,116.3648085,S0593,5.117645,116.3432834,5.54,0,-6.4,False,False,0,True
10,S0650,5.1626227,116.3648085,S1084,5.100738,116.3006846,9.889,0,-5.0,False,False,0,True
10,S0651,5.1459778,116.3678933,S0044,5.2313137,116.3580845,9.551,0,10.1,True,False,0,True
10,S0651,5.1459778,116.3678933,S0114,5.1423979,116.289617,8.678,0,9.1,True,False,0,True
10,S0651,5.1459778,116.3678933,S0599,5.0954389,116.3409302,6.364,0,-62.2,False,False,0,True
10,S0651,5.1459778,116.3678933,S0633,5.1739474,116.391897,4.091,0,5.9,True,False,0,True
10,S0651,5.1459778,116.3678933,S0636,5.1225003,116.3911099,3.664,0,-10.4,False,False,0,True
10,S0651,5.1459778,116.3678933,S0637,5.1920657,116.3999474,6.234,0,-8.7,False,False,0,True
10,S0651,5.1459778,116.3678933,S0648,5.1481891,116.3564896,1.287,0,8.4,True,True,0,True
10,S0651,5.1459778,116.3678933,S0650,5.1626227,116.3648085,1.882,0,9.9,True,True,0,True
10,S0651,5.1459778,116.3678933,S0654,5.1518875,116.3337432,3.839,0,8.8,True,False,0,True
10,S0651,5.1459778,116.3678933,S0690,5.1964629,116.359591,5.688,0,9.6,True,False,0,True
10,S0651,5.1459778,116.3678933,S0693,5.2181166,116.344786,8.42,0,-1.8,False,False,0,True
10,S0651,5.1459778,116.3678933,S0699,5.1807118,116.3504924,4.316,0,8.0,True,False,0,True
10,S0651,5.1459778,116.3678933,S0700,5.2314063,116.3720737,9.511,0,-0.5,False,False,0,True
10,S0651,5.1459778,116.3678933,S0701,5.1863236,116.3527253,4.79,0,6.3,True,False,0,True
10,S0651,5.1459778,116.3678933,S0702,5.2312481,116.358671,9.536,0,7.1,True,False,0,True
10,S0651,5.1459778,116.3678933,S1073,5.1234242,116.3860528,3.215,0,8.4,True,False,0,True
10,S0651,5.1459778,116.3678933,S1074,5.1381847,116.2829209,9.45,0,6.0,True,False,0,True
10,S0651,5.1459778,116.3678933,S0593,5.117645,116.3432834,4.166,0,-46.3,False,False,0,True
10,S0651,5.1459778,116.3678933,S1084,5.100738,116.3006846,8.984,0,0.3,True,False,0,True
10,S0654,5.1518875,116.3337432,S0044,5.2313137,116.3580845,9.234,0,3.5,True,False,0,True
10,S0654,5.1518875,116.3337432,S0114,5.1423979,116.289617,4.999,0,9.1,True,True,0,True
10,S0654,5.1518875,116.3337432,S0599,5.0954389,116.3409302,6.327,0,3.3,True,False,0,True
10,S0654,5.1518875,116.3337432,S0633,5.1739474,116.391897,6.892,0,-0.3,False,False,0,True
10,S0654,5.1518875,116.3337432,S0636,5.1225003,116.3911099,7.144,0,6.9,True,False,0,True
10,S0654,5.1518875,116.3337432,S0637,5.1920657,116.3999474,8.586,0,6.1,True,False,0,True
10,S0654,5.1518875,116.3337432,S0648,5.1481891,116.3564896,2.552,0,6.2,True,True,0,True
10,S0654,5.1518875,116.3337432,S0650,5.1626227,116.3648085,3.642,0,9.5,True,True,0,True
10,S0654,5.1518875,116.3337432,S0651,5.1459778,116.3678933,3.839,0,7.6,True,False,0,True
10,S0654,5.1518875,116.3337432,S0690,5.1964629,116.359591,5.724,0,3.0,True,False,0,True
10,S0654,5.1518875,116.3337432,S0693,5.2181166,116.344786,7.465,0,-2.1,False,False,0,True
10,S0654,5.1518875,116.3337432,S0699,5.1807118,116.3504924,3.703,0,-1.9,False,False,0,True
10,S0654,5.1518875,116.3337432,S0700,5.2314063,116.3720737,9.808,0,7.0,True,False,0,True
10,S0654,5.1518875,116.3337432,S0701,5.1863236,116.3527253,4.368,0,3.9,True,False,0,True
10,S0654,5.1518875,116.3337432,S0702,5.2312481,116.358671,9.246,0,4.5,True,False,0,True
10,S0654,5.1518875,116.3337432,S1073,5.1234242,116.3860528,6.601,0,9.6,True,False,0,True
10,S0654,5.1518875,116.3337432,S1074,5.1381847,116.2829209,5.831,0,6.7,True,False,0,True
10,S0654,5.1518875,116.3337432,S0593,5.117645,116.3432834,3.951,0,8.0,True,True,0,True
10,S0654,5.1518875,116.3337432,S1084,5.100738,116.3006846,6.764,0,-1.2,False,False,0,True
10,S0656,5.3409493,116.1995303,S0057,5.4228974,116.209765,9.182,0,8.4,True,True,0,True
10,S0656,5.3409493,116.1995303,S0658,5.3467074,116.2097255,1.298,0,10.1,True,True,0,True
10,S0656,5.3409493,116.1995303,S0659,5.3797614,116.2340885,5.767,0,8.1,True,False,0,True
10,S0656,5.3409493,116.1995303,S0660,5.3629756,116.2129939,2.867,0,8.6,True,True,0,True
10,S0656,5.3409493,116.1995303,S0661,5.3621802,116.219394,3.226,0,-2.1,False,False,0,True
10,S0656,5.3409493,116.1995303,S0663,5.3891572,116.240027,6.988,0,7.0,True,False,0,True
10,S0656,5.3409493,116.1995303,S0669,5.3997077,116.2381822,7.81,0,4.0,True,False,0,True
10,S0656,5.3409493,116.1995303,S0671,5.4044747,116.2475115,8.838,0,-14.4,False,False,0,True
10,S0656,5.3409493,116.1995303,S0673,5.3940265,116.2424715,7.578,0,9.9,True,False,0,True
10,S0656,5.3409493,116.1995303,S0679,5.4190511,116.2334792,9.463,0,8.0,True,False,0,True
10,S0656,5.3409493,116.1995303,S0689,5.4176834,116.227837,9.09,0,10.3,True,True,0,True
10,S0656,5.3409493,116.1995303,S0708,5.2780362,116.1393509,9.661,0,-18.0,False,False,0,True
10,S0656,5.3409493,116.1995303,S0715,5.2806717,116.1968127,6.709,0,-45.4,False,False,0,True
10,S0656,5.3409493,116.1995303,S0744,5.2605311,116.1765327,9.298,0,-30.2,False,False,0,True
10,S0656,5.3409493,116.1995303,S0759,5.3937999,116.1341623,9.322,0,-12.5,False,False,0,True
10,S0656,5.3409493,116.1995303,S0778,5.3908583,116.1417781,8.466,0,-8.8,False,False,0,True
10,S0656,5.3409493,116.1995303,S1076,5.4127509,116.2331743,8.81,0,4.6,True,False,0,True
10,S0656,5.3409493,116.1995303,S1083,5.3975112,116.1526828,8.152,0,-7.8,False,False,0,True
10,S0656,5.3409493,116.1995303,S1186,5.3178138,116.1933541,2.662,0,-26.3,False,False,0,True
10,S0658,5.3467074,116.2097255,S0057,5.4228974,116.209765,8.472,0,6.8,True,False,0,True
10,S0658,5.3467074,116.2097255,S0656,5.3409493,116.1995303,1.298,0,10.0,True,True,0,True
10,S0658,5.3467074,116.2097255,S0659,5.3797614,116.2340885,4.559,0,-27.3,False,False,0,True
10,S0658,5.3467074,116.2097255,S0660,5.3629756,116.2129939,1.845,0,9.7,True,True,0,True
10,S0658,5.3467074,116.2097255,S0661,5.3621802,116.219394,2.026,0,-19.0,False,False,0,True
10,S0658,5.3467074,116.2097255,S0663,5.3891572,116.240027,5.791,0,-23.4,False,False,0,True
10,S0658,5.3467074,116.2097255,S0665,5.4183322,116.2561088,9.476,0,-15.7,False,False,0,True
10,S0658,5.3467074,116.2097255,S0669,5.3997077,116.2381822,6.683,0,2.9,True,False,0,True
10,S0658,5.3467074,116.2097255,S0671,5.4044747,116.2475115,7.665,0,-19.6,False,False,0,True
10,S0658,5.3467074,116.2097255,S0673,5.3940265,116.2424715,6.39,0,-20.5,False,False,0,True
10,S0658,5.3467074,116.2097255,S0679,5.4190511,116.2334792,8.463,0,7.0,True,False,0,True
10,S0658,5.3467074,116.2097255,S0682,5.426731,116.2391342,9.475,0,9.5,True,True,0,True
10,S0658,5.3467074,116.2097255,S0688,5.4307567,116.2278076,9.558,0,6.6,True,False,0,True
10,S0658,5.3467074,116.2097255,S0689,5.4176834,116.227837,8.143,0,10.6,True,True,0,True
10,S0658,5.3467074,116.2097255,S0715,5.2806717,116.1968127,7.481,0,-79.4,False,False,0,True
10,S0658,5.3467074,116.2097255,S0759,5.3937999,116.1341623,9.869,0,-11.5,False,False,0,True
10,S0658,5.3467074,116.2097255,S0769,5.4328911,116.1968184,9.689,0,2.0,True,False,0,True
10,S0658,5.3467074,116.2097255,S0778,5.3908583,116.1417781,8.983,0,-18.6,False,False,0,True
10,S0658,5.3467074,116.2097255,S1076,5.4127509,116.2331743,7.789,0,2.5,True,False,0,True
10,S0658,5.3467074,116.2097255,S1083,5.3975112,116.1526828,8.473,0,-0.4,False,False,0,True
10,S0658,5.3467074,116.2097255,S1186,5.3178138,116.1933541,3.689,0,-38.3,False,False,0,True
10,S0659,5.3797614,116.2340885,S0057,5.4228974,116.209765,5.501,0,4.8,True,False,0,True
10,S0659,5.3797614,116.2340885,S0062,5.4587899,116.2736526,9.819,0,-1.9,False,False,0,True
10,S0659,5.3797614,116.2340885,S0656,5.3409493,116.1995303,5.767,0,12.1,True,False,0,True
10,S0659,5.3797614,116.2340885,S0658,5.3467074,116.2097255,4.559,0,-32.4,False,False,0,True
10,S0659,5.3797614,116.2340885,S0660,5.3629756,116.2129939,2.99,0,4.9,True,True,0,True
10,S0659,5.3797614,116.2340885,S0661,5.3621802,116.219394,2.543,0,6.8,True,True,0,True
10,S0659,5.3797614,116.2340885,S0663,5.3891572,116.240027,1.234,0,4.9,True,True,0,True
10,S0659,5.3797614,116.2340885,S0664,5.4542071,116.2578834,8.687,0,-1.9,False,False,0,True
10,S0659,5.3797614,116.2340885,S0665,5.4183322,116.2561088,4.933,0,-17.5,False,False,0,True
10,S0659,5.3797614,116.2340885,S0668,5.4489856,116.2702798,8.678,0,-16.7,False,False,0,True
10,S0659,5.3797614,116.2340885,S0669,5.3997077,116.2381822,2.264,0,8.3,True,True,0,True
10,S0659,5.3797614,116.2340885,S0671,5.4044747,116.2475115,3.124,0,-15.8,False,False,0,True
10,S0659,5.3797614,116.2340885,S0673,5.3940265,116.2424715,1.838,0,10.0,True,True,0,True
10,S0659,5.3797614,116.2340885,S0674,5.4455835,116.2688726,8.27,0,-14.2,False,False,0,True
10,S0659,5.3797614,116.2340885,S0675,5.4585487,116.2659994,9.446,0,3.7,True,False,0,True
10,S0659,5.3797614,116.2340885,S0676,5.4464732,116.267259,8.277,0,-1.5,False,False,0,True
10,S0659,5.3797614,116.2340885,S0678,5.4582441,116.2733047,9.747,0,-1.5,False,False,0,True
10,S0659,5.3797614,116.2340885,S0679,5.4190511,116.2334792,4.369,0,11.9,True,True,0,True
10,S0659,5.3797614,116.2340885,S0682,5.426731,116.2391342,5.253,0,8.6,True,True,0,True
10,S0659,5.3797614,116.2340885,S0684,5.455013,116.2639664,8.998,0,3.5,True,False,0,True
10,S0659,5.3797614,116.2340885,S0685,5.451431,116.2568816,8.359,0,-3.1,False,False,0,True
10,S0659,5.3797614,116.2340885,S0686,5.4356626,116.2497626,6.454,0,5.7,True,True,0,True
10,S0659,5.3797614,116.2340885,S0687,5.4457484,116.2570889,7.767,0,2.8,True,False,0,True
10,S0659,5.3797614,116.2340885,S0688,5.4307567,116.2278076,5.713,0,4.0,True,False,0,True
10,S0659,5.3797614,116.2340885,S0689,5.4176834,116.227837,4.273,0,10.7,True,True,0,True
10,S0659,5.3797614,116.2340885,S0735,5.4612709,116.2149548,9.308,0,-22.3,False,False,0,True
10,S0659,5.3797614,116.2340885,S0753,5.4643992,116.2108043,9.758,0,9.3,True,True,0,True
10,S0659,5.3797614,116.2340885,S0754,5.4632208,116.2123797,9.586,0,-0.2,False,False,0,True
10,S0659,5.3797614,116.2340885,S0758,5.4385565,116.1878393,8.304,0,5.5,True,False,0,True
10,S0659,5.3797614,116.2340885,S0769,5.4328911,116.1968184,7.206,0,6.5,True,True,0,True
10,S0659,5.3797614,116.2340885,S1076,5.4127509,116.2331743,3.67,0,10.0,True,True,0,True
10,S0659,5.3797614,116.2340885,S1083,5.3975112,116.1526828,9.226,0,7.9,True,False,0,True
10,S0659,5.3797614,116.2340885,S1186,5.3178138,116.1933541,8.233,0,-30.1,False,False,0,True
10,S0660,5.3629756,116.2129939,S0057,5.4228974,116.209765,6.673,0,7.5,True,False,0,True
10,S0660,5.3629756,116.2129939,S0656,5.3409493,116.1995303,2.867,0,10.1,True,True,0,True
10,S0660,5.3629756,116.2129939,S0658,5.3467074,116.2097255,1.845,0,10.1,True,True,0,True
10,S0660,5.3629756,116.2129939,S0659,5.3797614,116.2340885,2.99,0,8.0,True,False,0,True
10,S0660,5.3629756,116.2129939,S0661,5.3621802,116.219394,0.714,0,4.5,True,False,0,True
10,S0660,5.3629756,116.2129939,S0663,5.3891572,116.240027,4.175,0,8.0,True,True,0,True
10,S0660,5.3629756,116.2129939,S0665,5.4183322,116.2561088,7.789,0,-9.8,False,False,0,True
10,S0660,5.3629756,116.2129939,S0669,5.3997077,116.2381822,4.946,0,4.2,True,False,0,True
10,S0660,5.3629756,116.2129939,S0671,5.4044747,116.2475115,5.991,0,-14.5,False,False,0,True
10,S0660,5.3629756,116.2129939,S0673,5.3940265,116.2424715,4.751,0,9.9,True,True,0,True
10,S0660,5.3629756,116.2129939,S0679,5.4190511,116.2334792,6.635,0,7.7,True,False,0,True
10,S0660,5.3629756,116.2129939,S0682,5.426731,116.2391342,7.657,0,9.4,True,True,0,True
10,S0660,5.3629756,116.2129939,S0686,5.4356626,116.2497626,9.05,0,7.5,True,True,0,True
10,S0660,5.3629756,116.2129939,S0688,5.4307567,116.2278076,7.713,0,6.1,True,False,0,True
10,S0660,5.3629756,116.2129939,S0689,5.4176834,116.227837,6.301,0,10.5,True,True,0,True
10,S0660,5.3629756,116.2129939,S0715,5.2806717,116.1968127,9.325,0,-78.6,False,False,0,True
10,S0660,5.3629756,116.2129939,S0758,5.4385565,116.1878393,8.854,0,6.8,True,False,0,True
10,S0660,5.3629756,116.2129939,S0759,5.3937999,116.1341623,9.376,0,-46.1,False,False,0,True
10,S0660,5.3629756,116.2129939,S0769,5.4328911,116.1968184,7.978,0,4.4,True,False,0,True
10,S0660,5.3629756,116.2129939,S0778,5.3908583,116.1417781,8.472,0,-41.8,False,False,0,True
10,S0660,5.3629756,116.2129939,S1076,5.4127509,116.2331743,5.969,0,3.4,True,False,0,True
10,S0660,5.3629756,116.2129939,S1083,5.3975112,116.1526828,7.702,0,-7.0,False,False,0,True
10,S0660,5.3629756,116.2129939,S1186,5.3178138,116.1933541,5.472,0,-10.0,False,False,0,True
10,S0661,5.3621802,116.219394,S0057,5.4228974,116.209765,6.835,0,1.7,True,False,0,True
10,S0661,5.3621802,116.219394,S0656,5.3409493,116.1995303,3.226,0,12.3,True,True,0,True
10,S0661,5.3621802,116.219394,S0658,5.3467074,116.2097255,2.026,0,-3.7,False,False,0,True
10,S0661,5.3621802,116.219394,S0659,5.3797614,116.2340885,2.543,0,8.1,True,True,0,True
10,S0661,5.3621802,116.219394,S0660,5.3629756,116.2129939,0.714,0,9.6,True,True,0,True
10,S0661,5.3621802,116.219394,S0663,5.3891572,116.240027,3.77,0,7.0,True,True,0,True
10,S0661,5.3621802,116.219394,S0665,5.4183322,116.2561088,7.45,0,-15.8,False,False,0,True
10,S0661,5.3621802,116.219394,S0669,5.3997077,116.2381822,4.663,0,2.2,True,False,0,True
10,S0661,5.3621802,116.219394,S0671,5.4044747,116.2475115,5.64,0,-19.6,False,False,0,True
10,S0661,5.3621802,116.219394,S0673,5.3940265,116.2424715,4.367,0,9.9,True,True,0,True
10,S0661,5.3621802,116.219394,S0679,5.4190511,116.2334792,6.513,0,7.6,True,False,0,True
10,S0661,5.3621802,116.219394,S0682,5.426731,116.2391342,7.503,0,9.4,True,True,0,True
10,S0661,5.3621802,116.219394,S0686,5.4356626,116.2497626,8.835,0,5.8,True,False,0,True
10,S0661,5.3621802,116.219394,S0688,5.4307567,116.2278076,7.682,0,5.1,True,False,0,True
10,S0661,5.3621802,116.219394,S0689,5.4176834,116.227837,6.242,0,11.3,True,True,0,True
10,S0661,5.3621802,116.219394,S0715,5.2806717,116.1968127,9.402,0,-81.6,False,False,0,True
10,S0661,5.3621802,116.219394,S0758,5.4385565,116.1878393,9.183,0,6.1,True,False,0,True
10,S0661,5.3621802,116.219394,S0769,5.4328911,116.1968184,8.25,0,7.4,True,True,0,True
10,S0661,5.3621802,116.219394,S0778,5.3908583,116.1417781,9.165,0,-45.5,False,False,0,True
10,S0661,5.3621802,116.219394,S1076,5.4127509,116.2331743,5.826,0,3.5,True,False,0,True
10,S0661,5.3621802,116.219394,S1083,5.3975112,116.1526828,8.365,0,-7.5,False,False,0,True
10,S0661,5.3621802,116.219394,S1186,5.3178138,116.1933541,5.714,0,-29.7,False,False,0,True
10,S0663,5.3891572,116.240027,S0057,5.4228974,116.209765,5.03,0,4.3,True,False,0,True
10,S0663,5.3891572,116.240027,S0062,5.4587899,116.2736526,8.591,0,-3.4,False,False,0,True
10,S0663,5.3891572,116.240027,S0656,5.3409493,116.1995303,6.988,0,9.6,True,False,0,True
10,S0663,5.3891572,116.240027,S0658,5.3467074,116.2097255,5.791,0,-31.0,False,False,0,True
10,S0663,5.3891572,116.240027,S0659,5.3797614,116.2340885,1.234,0,4.8,True,True,0,True
10,S0663,5.3891572,116.240027,S0660,5.3629756,116.2129939,4.175,0,4.7,True,True,0,True
10,S0663,5.3891572,116.240027,S0661,5.3621802,116.219394,3.77,0,6.6,True,True,0,True
10,S0663,5.3891572,116.240027,S0664,5.4542071,116.2578834,7.498,0,5.3,True,False,0,True
10,S0663,5.3891572,116.240027,S0665,5.4183322,116.2561088,3.7,0,-17.1,False,False,0,True
10,S0663,5.3891572,116.240027,S0668,5.4489856,116.2702798,7.448,0,-3.5,False,False,0,True
10,S0663,5.3891572,116.240027,S0669,5.3997077,116.2381822,1.191,0,10.1,True,True,0,True
10,S0663,5.3891572,116.240027,S0670,5.4728503,116.2654893,9.724,0,-11.7,False,False,0,True
10,S0663,5.3891572,116.240027,S0671,5.4044747,116.2475115,1.894,0,-12.3,False,False,0,True
10,S0663,5.3891572,116.240027,S0673,5.3940265,116.2424715,0.605,0,10.0,True,True,0,True
10,S0663,5.3891572,116.240027,S0674,5.4455835,116.2688726,7.04,0,-3.8,False,False,0,True
10,S0663,5.3891572,116.240027,S0675,5.4585487,116.2659994,8.234,0,4.8,True,False,0,True
10,S0663,5.3891572,116.240027,S0676,5.4464732,116.267259,7.05,0,-6.7,False,False,0,True
10,S0663,5.3891572,116.240027,S0678,5.4582441,116.2733047,8.52,0,-3.2,False,False,0,True
10,S0663,5.3891572,116.240027,S0679,5.4190511,116.2334792,3.402,0,12.0,True,True,0,True
10,S0663,5.3891572,116.240027,S0680,5.4623131,116.2811304,9.321,0,-36.8,False,False,0,True
10,S0663,5.3891572,116.240027,S0682,5.426731,116.2391342,4.179,0,8.6,True,True,0,True
10,S0663,5.3891572,116.240027,S0683,5.4676301,116.2678351,9.253,0,6.1,True,False,0,True
10,S0663,5.3891572,116.240027,S0684,5.455013,116.2639664,7.788,0,3.6,True,False,0,True
10,S0663,5.3891572,116.240027,S0685,5.451431,116.2568816,7.171,0,2.4,True,False,0,True
10,S0663,5.3891572,116.240027,S0686,5.4356626,116.2497626,5.282,0,4.6,True,True,0,True
10,S0663,5.3891572,116.240027,S0687,5.4457484,116.2570889,6.57,0,2.8,True,False,0,True
10,S0663,5.3891572,116.240027,S0688,5.4307567,116.2278076,4.819,0,7.3,True,False,0,True
10,S0663,5.3891572,116.240027,S0689,5.4176834,116.227837,3.447,0,9.9,True,True,0,True
10,S0663,5.3891572,116.240027,S0735,5.4612709,116.2149548,8.485,0,-16.5,False,False,0,True
10,S0663,5.3891572,116.240027,S0753,5.4643992,116.2108043,8.97,0,-10.9,False,False,0,True
10,S0663,5.3891572,116.240027,S0754,5.4632208,116.2123797,8.786,0,-17.1,False,False,0,True
10,S0663,5.3891572,116.240027,S0755,5.4692707,116.2091656,9.541,0,-15.6,False,False,0,True
10,S0663,5.3891572,116.240027,S0758,5.4385565,116.1878393,7.972,0,5.0,True,False,0,True
10,S0663,5.3891572,116.240027,S0769,5.4328911,116.1968184,6.821,0,4.1,True,False,0,True
10,S0663,5.3891572,116.240027,S1076,5.4127509,116.2331743,2.731,0,10.0,True,True,0,True
10,S0663,5.3891572,116.240027,S1083,5.3975112,116.1526828,9.714,0,6.0,True,True,0,True
10,S0663,5.3891572,116.240027,S1186,5.3178138,116.1933541,9.467,0,-26.9,False,False,0,True
10,S0664,5.4542071,116.2578834,S0057,5.4228974,116.209765,6.363,0,0.1,True,False,0,True
10,S0664,5.4542071,116.2578834,S0062,5.4587899,116.2736526,1.818,0,9.9,True,True,0,True
10,S0664,5.4542071,116.2578834,S0659,5.3797614,116.2340885,8.687,0,6.0,True,False,0,True
10,S0664,5.4542071,116.2578834,S0663,5.3891572,116.240027,7.498,0,9.5,True,True,0,True
10,S0664,5.4542071,116.2578834,S0665,5.4183322,116.2561088,3.994,0,10.1,True,True,0,True
10,S0664,5.4542071,116.2578834,S0667,5.4797716,116.2752866,3.434,0,9.7,True,True,0,True
10,S0664,5.4542071,116.2578834,S0668,5.4489856,116.2702798,1.49,0,7.6,True,True,0,True
10,S0664,5.4542071,116.2578834,S0669,5.3997077,116.2381822,6.441,0,4.5,True,False,0,True
10,S0664,5.4542071,116.2578834,S0670,5.4728503,116.2654893,2.237,0,-8.0,False,False,0,True
10,S0664,5.4542071,116.2578834,S0671,5.4044747,116.2475115,5.648,0,9.8,True,True,0,True
10,S0664,5.4542071,116.2578834,S0673,5.3940265,116.2424715,6.906,0,13.2,True,True,0,True
10,S0664,5.4542071,116.2578834,S0674,5.4455835,116.2688726,1.549,0,10.1,True,True,0,True
10,S0664,5.4542071,116.2578834,S0675,5.4585487,116.2659994,1.02,0,-2.1,False,False,0,True
10,S0664,5.4542071,116.2578834,S0676,5.4464732,116.267259,1.348,0,10.0,True,True,0,True
10,S0664,5.4542071,116.2578834,S0677,5.4816186,116.2690947,3.291,0,-8.8,False,False,0,True
10,S0664,5.4542071,116.2578834,S0678,5.4582441,116.2733047,1.765,0,9.3,True,True,0,True
10,S0664,5.4542071,116.2578834,S0679,5.4190511,116.2334792,4.752,0,-2.0,False,False,0,True
10,S0664,5.4542071,116.2578834,S0680,5.4623131,116.2811304,2.727,0,10.1,True,True,0,True
10,S0664,5.4542071,116.2578834,S0681,5.4719211,116.2803596,3.173,0,8.9,True,True,0,True
10,S0664,5.4542071,116.2578834,S0682,5.426731,116.2391342,3.693,0,7.4,True,True,0,True
10,S0664,5.4542071,116.2578834,S0683,5.4676301,116.2678351,1.855,0,9.4,True,True,0,True
10,S0664,5.4542071,116.2578834,S0684,5.455013,116.2639664,0.679,0,8.7,True,True,0,True
10,S0664,5.4542071,116.2578834,S0685,5.451431,116.2568816,0.328,0,8.9,True,True,0,True
10,S0664,5.4542071,116.2578834,S0686,5.4356626,116.2497626,2.249,0,9.9,True,True,0,True
10,S0664,5.4542071,116.2578834,S0687,5.4457484,116.2570889,0.945,0,10.1,True,True,0,True
10,S0664,5.4542071,116.2578834,S0688,5.4307567,116.2278076,4.229,0,0.6,True,False,0,True
10,S0664,5.4542071,116.2578834,S0689,5.4176834,116.227837,5.249,0,9.1,True,False,0,True
10,S0664,5.4542071,116.2578834,S0733,5.472185,116.2000632,6.705,0,-80.5,False,False,0,True
10,S0664,5.4542071,116.2578834,S0735,5.4612709,116.2149548,4.816,0,-63.1,False,False,0,True
10,S0664,5.4542071,116.2578834,S0750,5.4792463,116.2115667,5.834,0,-53.1,False,False,0,True
10,S0664,5.4542071,116.2578834,S0753,5.4643992,116.2108043,5.333,0,-73.9,False,False,0,True
10,S0664,5.4542071,116.2578834,S0754,5.4632208,116.2123797,5.136,0,-72.7,False,False,0,True
10,S0664,5.4542071,116.2578834,S0755,5.4692707,116.2091656,5.647,0,-86.1,False,False,0,True
10,S0664,5.4542071,116.2578834,S0758,5.4385565,116.1878393,7.946,0,-19.3,False,False,0,True
10,S0664,5.4542071,116.2578834,S0769,5.4328911,116.1968184,7.163,0,3.8,True,False,0,True
10,S0664,5.4542071,116.2578834,S0803,5.5282671,116.2851388,8.77,0,-11.2,False,False,0,True
10,S0664,5.4542071,116.2578834,S0805,5.5411224,116.2810617,9.999,0,-23.8,False,False,0,True
10,S0664,5.4542071,116.2578834,S1076,5.4127509,116.2331743,5.36,0,1.5,True,False,0,True
10,S0664,5.4542071,116.2578834,S0064,5.5091912,116.3233754,9.483,0,-72.6,False,False,0,True
10,S0664,5.4542071,116.2578834,S0807,5.5197756,116.3176526,9.845,0,-73.8,False,False,0,True
10,S0665,5.4183322,116.2561088,S0057,5.4228974,116.209765,5.155,0,5.1,True,False,0,True
10,S0665,5.4183322,116.2561088,S0062,5.4587899,116.2736526,4.9,0,9.0,True,True,0,True
10,S0665,5.4183322,116.2561088,S0658,5.3467074,116.2097255,9.476,0,-22.8,False,False,0,True
10,S0665,5.4183322,116.2561088,S0659,5.3797614,116.2340885,4.933,0,-9.7,False,False,0,True
10,S0665,5.4183322,116.2561088,S0660,5.3629756,116.2129939,7.789,0,3.8,True,False,0,True
10,S0665,5.4183322,116.2561088,S0661,5.3621802,116.219394,7.45,0,1.6,True,False,0,True
10,S0665,5.4183322,116.2561088,S0663,5.3891572,116.240027,3.7,0,-19.4,False,False,0,True
10,S0665,5.4183322,116.2561088,S0664,5.4542071,116.2578834,3.994,0,8.4,True,False,0,True
10,S0665,5.4183322,116.2561088,S0667,5.4797716,116.2752866,7.154,0,9.8,True,True,0,True
10,S0665,5.4183322,116.2561088,S0668,5.4489856,116.2702798,3.752,0,5.1,True,False,0,True
10,S0665,5.4183322,116.2561088,S0669,5.3997077,116.2381822,2.868,0,10.3,True,True,0,True
10,S0665,5.4183322,116.2561088,S0670,5.4728503,116.2654893,6.15,0,-9.5,False,False,0,True
10,S0665,5.4183322,116.2561088,S0671,5.4044747,116.2475115,1.811,0,-1.9,False,False,0,True
10,S0665,5.4183322,116.2561088,S0673,5.3940265,116.2424715,3.096,0,-15.6,False,False,0,True
10,S0665,5.4183322,116.2561088,S0674,5.4455835,116.2688726,3.343,0,10.0,True,True,0,True
10,S0665,5.4183322,116.2561088,S0675,5.4585487,116.2659994,4.604,0,6.1,True,True,0,True
10,S0665,5.4183322,116.2561088,S0676,5.4464732,116.267259,3.364,0,6.3,True,True,0,True
10,S0665,5.4183322,116.2561088,S0677,5.4816186,116.2690947,7.182,0,3.6,True,False,0,True
10,S0665,5.4183322,116.2561088,S0678,5.4582441,116.2733047,4.829,0,11.0,True,True,0,True
10,S0665,5.4183322,116.2561088,S0679,5.4190511,116.2334792,2.506,0,10.1,True,True,0,True
10,S0665,5.4183322,116.2561088,S0680,5.4623131,116.2811304,5.62,0,-34.5,False,False,0,True
10,S0665,5.4183322,116.2561088,S0681,5.4719211,116.2803596,6.536,0,8.8,True,True,0,True
10,S0665,5.4183322,116.2561088,S0682,5.426731,116.2391342,2.098,0,9.0,True,True,0,True
10,S0665,5.4183322,116.2561088,S0683,5.4676301,116.2678351,5.633,0,8.9,True,True,0,True
10,S0665,5.4183322,116.2561088,S0684,5.455013,116.2639664,4.17,0,6.1,True,True,0,True
10,S0665,5.4183322,116.2561088,S0685,5.451431,116.2568816,3.681,0,5.7,True,True,0,True
10,S0665,5.4183322,116.2561088,S0686,5.4356626,116.2497626,2.051,0,1.8,True,False,0,True
10,S0665,5.4183322,116.2561088,S0687,5.4457484,116.2570889,3.05,0,10.0,True,True,0,True
10,S0665,5.4183322,116.2561088,S0688,5.4307567,116.2278076,3.424,0,7.6,True,False,0,True
10,S0665,5.4183322,116.2561088,S0689,5.4176834,116.227837,3.13,0,9.0,True,True,0,True
10,S0665,5.4183322,116.2561088,S0733,5.472185,116.2000632,8.622,0,8.2,True,False,0,True
10,S0665,5.4183322,116.2561088,S0735,5.4612709,116.2149548,6.599,0,-16.7,False,False,0,True
10,S0665,5.4183322,116.2561088,S0750,5.4792463,116.2115667,8.378,0,-1.4,False,False,0,True
10,S0665,5.4183322,116.2561088,S0753,5.4643992,116.2108043,7.169,0,-3.3,False,False,0,True
10,S0665,5.4183322,116.2561088,S0754,5.4632208,116.2123797,6.953,0,-1.7,False,False,0,True
10,S0665,5.4183322,116.2561088,S0755,5.4692707,116.2091656,7.687,0,-25.6,False,False,0,True
10,S0665,5.4183322,116.2561088,S0758,5.4385565,116.1878393,7.885,0,4.1,True,False,0,True
10,S0665,5.4183322,116.2561088,S0769,5.4328911,116.1968184,6.76,0,3.2,True,False,0,True
10,S0665,5.4183322,116.2561088,S1076,5.4127509,116.2331743,2.614,0,8.1,True,True,0,True
10,S0667,5.4797716,116.2752866,S0057,5.4228974,116.209765,9.623,0,0.3,True,False,0,True
10,S0667,5.4797716,116.2752866,S0062,5.4587899,116.2736526,2.34,0,10.3,True,True,0,True
10,S0667,5.4797716,116.2752866,S0664,5.4542071,116.2578834,3.434,0,8.5,True,True,0,True
10,S0667,5.4797716,116.2752866,S0665,5.4183322,116.2561088,7.154,0,13.3,True,True,0,True
10,S0667,5.4797716,116.2752866,S0668,5.4489856,116.2702798,3.468,0,8.3,True,True,0,True
10,S0667,5.4797716,116.2752866,S0669,5.3997077,116.2381822,9.804,0,10.4,True,True,0,True
10,S0667,5.4797716,116.2752866,S0670,5.4728503,116.2654893,1.33,0,10.2,True,True,0,True
10,S0667,5.4797716,116.2752866,S0671,5.4044747,116.2475115,8.919,0,8.7,True,True,0,True
10,S0667,5.4797716,116.2752866,S0674,5.4455835,116.2688726,3.867,0,10.3,True,True,0,True
10,S0667,5.4797716,116.2752866,S0675,5.4585487,116.2659994,2.574,0,10.3,True,True,0,True
10,S0667,5.4797716,116.2752866,S0676,5.4464732,116.267259,3.808,0,9.2,True,True,0,True
10,S0667,5.4797716,116.2752866,S0677,5.4816186,116.2690947,0.715,0,-7.0,False,False,0,True
10,S0667,5.4797716,116.2752866,S0678,5.4582441,116.2733047,2.404,0,10.3,True,True,0,True
10,S0667,5.4797716,116.2752866,S0679,5.4190511,116.2334792,8.186,0,0.5,True,False,0,True
10,S0667,5.4797716,116.2752866,S0680,5.4623131,116.2811304,2.046,0,4.0,True,False,0,True
10,S0667,5.4797716,116.2752866,S0681,5.4719211,116.2803596,1.038,0,-3.8,False,False,0,True
10,S0667,5.4797716,116.2752866,S0682,5.426731,116.2391342,7.127,0,7.8,True,True,0,True
10,S0667,5.4797716,116.2752866,S0683,5.4676301,116.2678351,1.582,0,10.1,True,True,0,True
10,S0667,5.4797716,116.2752866,S0684,5.455013,116.2639664,3.025,0,7.7,True,True,0,True
10,S0667,5.4797716,116.2752866,S0685,5.451431,116.2568816,3.753,0,7.2,True,True,0,True
10,S0667,5.4797716,116.2752866,S0686,5.4356626,116.2497626,5.66,0,10.3,True,True,0,True
10,S0667,5.4797716,116.2752866,S0687,5.4457484,116.2570889,4.286,0,10.3,True,True,0,True
10,S0667,5.4797716,116.2752866,S0688,5.4307567,116.2278076,7.571,0,7.7,True,False,0,True
10,S0667,5.4797716,116.2752866,S0689,5.4176834,116.227837,8.675,0,9.3,True,True,0,True
10,S0667,5.4797716,116.2752866,S0733,5.472185,116.2000632,8.369,0,-132.1,False,False,0,True
10,S0667,5.4797716,116.2752866,S0735,5.4612709,116.2149548,6.988,0,-102.6,False,False,0,True
10,S0667,5.4797716,116.2752866,S0750,5.4792463,116.2115667,7.053,0,-98.8,False,False,0,True
10,S0667,5.4797716,116.2752866,S0753,5.4643992,116.2108043,7.339,0,-123.2,False,False,0,True
10,S0667,5.4797716,116.2752866,S0754,5.4632208,116.2123797,7.202,0,-99.1,False,False,0,True
10,S0667,5.4797716,116.2752866,S0755,5.4692707,116.2091656,7.411,0,-141.1,False,False,0,True
10,S0667,5.4797716,116.2752866,S0803,5.5282671,116.2851388,5.502,0,-76.7,False,False,0,True
10,S0667,5.4797716,116.2752866,S0805,5.5411224,116.2810617,6.852,0,-115.6,False,False,0,True
10,S0667,5.4797716,116.2752866,S0813,5.5584849,116.2419076,9.5,0,-59.6,False,False,0,True
10,S0667,5.4797716,116.2752866,S1076,5.4127509,116.2331743,8.79,0,5.3,True,False,0,True
10,S0667,5.4797716,116.2752866,S0064,5.5091912,116.3233754,6.248,0,-67.6,False,False,0,True
10,S0667,5.4797716,116.2752866,S0807,5.5197756,116.3176526,6.463,0,-89.1,False,False,0,True
10,S0668,5.4489856,116.2702798,S0057,5.4228974,116.209765,7.3,0,-9.8,False,False,0,True
10,S0668,5.4489856,116.2702798,S0062,5.4587899,116.2736526,1.152,0,9.1,True,True,0,True
10,S0668,5.4489856,116.2702798,S0659,5.3797614,116.2340885,8.678,0,-23.8,False,False,0,True
10,S0668,5.4489856,116.2702798,S0663,5.3891572,116.240027,7.448,0,-14.8,False,False,0,True
10,S0668,5.4489856,116.2702798,S0664,5.4542071,116.2578834,1.49,0,1.5,True,False,0,True
10,S0668,5.4489856,116.2702798,S0665,5.4183322,116.2561088,3.752,0,10.0,True,True,0,True
10,S0668,5.4489856,116.2702798,S0667,5.4797716,116.2752866,3.468,0,9.6,True,True,0,True
10,S0668,5.4489856,116.2702798,S0669,5.3997077,116.2381822,6.531,0,5.5,True,False,0,True
10,S0668,5.4489856,116.2702798,S0670,5.4728503,116.2654893,2.706,0,6.1,True,True,0,True
10,S0668,5.4489856,116.2702798,S0671,5.4044747,116.2475115,5.554,0,7.1,True,False,0,True
10,S0668,5.4489856,116.2702798,S0673,5.3940265,116.2424715,6.843,0,-11.1,False,False,0,True
10,S0668,5.4489856,116.2702798,S0674,5.4455835,116.2688726,0.409,0,10.0,True,True,0,True
10,S0668,5.4489856,116.2702798,S0675,5.4585487,116.2659994,1.164,0,10.0,True,True,0,True
10,S0668,5.4489856,116.2702798,S0676,5.4464732,116.267259,0.436,0,9.6,True,True,0,True
10,S0668,5.4489856,116.2702798,S0677,5.4816186,116.2690947,3.631,0,8.5,True,False,0,True
10,S0668,5.4489856,116.2702798,S0678,5.4582441,116.2733047,1.083,0,10.0,True,True,0,True
10,S0668,5.4489856,116.2702798,S0679,5.4190511,116.2334792,5.261,0,-5.7,False,False,0,True
10,S0668,5.4489856,116.2702798,S0680,5.4623131,116.2811304,1.908,0,5.9,True,True,0,True
10,S0668,5.4489856,116.2702798,S0681,5.4719211,116.2803596,2.784,0,8.4,True,True,0,True
10,S0668,5.4489856,116.2702798,S0682,5.426731,116.2391342,4.244,0,-3.4,False,False,0,True
10,S0668,5.4489856,116.2702798,S0683,5.4676301,116.2678351,2.091,0,8.6,True,True,0,True
10,S0668,5.4489856,116.2702798,S0684,5.455013,116.2639664,0.968,0,8.4,True,True,0,True
10,S0668,5.4489856,116.2702798,S0685,5.451431,116.2568816,1.508,0,6.4,True,True,0,True
10,S0668,5.4489856,116.2702798,S0686,5.4356626,116.2497626,2.712,0,5.1,True,False,0,True
10,S0668,5.4489856,116.2702798,S0687,5.4457484,116.2570889,1.504,0,9.9,True,True,0,True
10,S0668,5.4489856,116.2702798,S0688,5.4307567,116.2278076,5.12,0,-6.3,False,False,0,True
10,S0668,5.4489856,116.2702798,S0689,5.4176834,116.227837,5.847,0,-4.4,False,False,0,True
10,S0668,5.4489856,116.2702798,S0733,5.472185,116.2000632,8.189,0,-76.6,False,False,0,True
10,S0668,5.4489856,116.2702798,S0735,5.4612709,116.2149548,6.275,0,-56.7,False,False,0,True
10,S0668,5.4489856,116.2702798,S0750,5.4792463,116.2115667,7.318,0,-39.2,False,False,0,True
10,S0668,5.4489856,116.2702798,S0753,5.4643992,116.2108043,6.803,0,-59.4,False,False,0,True
10,S0668,5.4489856,116.2702798,S0754,5.4632208,116.2123797,6.602,0,-48.3,False,False,0,True
10,S0668,5.4489856,116.2702798,S0755,5.4692707,116.2091656,7.131,0,-83.8,False,False,0,True
10,S0668,5.4489856,116.2702798,S0758,5.4385565,116.1878393,9.199,0,-7.7,False,False,0,True
10,S0668,5.4489856,116.2702798,S0769,5.4328911,116.1968184,8.326,0,-12.1,False,False,0,True
10,S0668,5.4489856,116.2702798,S0803,5.5282671,116.2851388,8.968,0,-18.9,False,False,0,True
10,S0668,5.4489856,116.2702798,S1076,5.4127509,116.2331743,5.754,0,5.3,True,False,0,True
10,S0668,5.4489856,116.2702798,S0064,5.5091912,116.3233754,8.908,0,-106.7,False,False,0,True
10,S0668,5.4489856,116.2702798,S0807,5.5197756,116.3176526,9.458,0,-110.7,False,False,0,True
10,S0669,5.3997077,116.2381822,S0057,5.4228974,116.209765,4.068,0,-3.5,False,False,0,True
10,S0669,5.3997077,116.2381822,S0062,5.4587899,116.2736526,7.654,0,8.6,True,False,0,True
10,S0669,5.3997077,116.2381822,S0656,5.3409493,116.1995303,7.81,0,12.2,True,True,0,True
10,S0669,5.3997077,116.2381822,S0658,5.3467074,116.2097255,6.683,0,-4.6,False,False,0,True
10,S0669,5.3997077,116.2381822,S0659,5.3797614,116.2340885,2.264,0,6.5,True,True,0,True
10,S0669,5.3997077,116.2381822,S0660,5.3629756,116.2129939,4.946,0,3.5,True,False,0,True
10,S0669,5.3997077,116.2381822,S0661,5.3621802,116.219394,4.663,0,6.5,True,True,0,True
10,S0669,5.3997077,116.2381822,S0663,5.3891572,116.240027,1.191,0,10.1,True,True,0,True
10,S0669,5.3997077,116.2381822,S0664,5.4542071,116.2578834,6.441,0,-1.4,False,False,0,True
10,S0669,5.3997077,116.2381822,S0665,5.4183322,116.2561088,2.868,0,-2.9,False,False,0,True
10,S0669,5.3997077,116.2381822,S0667,5.4797716,116.2752866,9.804,0,10.4,True,True,0,True
10,S0669,5.3997077,116.2381822,S0668,5.4489856,116.2702798,6.531,0,5.0,True,False,0,True
10,S0669,5.3997077,116.2381822,S0670,5.4728503,116.2654893,8.677,0,-12.9,False,False,0,True
10,S0669,5.3997077,116.2381822,S0671,5.4044747,116.2475115,1.161,0,8.0,True,True,0,True
10,S0669,5.3997077,116.2381822,S0673,5.3940265,116.2424715,0.79,0,12.3,True,True,0,True
10,S0669,5.3997077,116.2381822,S0674,5.4455835,116.2688726,6.129,0,8.4,True,False,0,True
10,S0669,5.3997077,116.2381822,S0675,5.4585487,116.2659994,7.231,0,-3.8,False,False,0,True
10,S0669,5.3997077,116.2381822,S0676,5.4464732,116.267259,6.116,0,2.9,True,False,0,True
10,S0669,5.3997077,116.2381822,S0677,5.4816186,116.2690947,9.73,0,-20.7,False,False,0,True
10,S0669,5.3997077,116.2381822,S0678,5.4582441,116.2733047,7.582,0,9.2,True,False,0,True
10,S0669,5.3997077,116.2381822,S0679,5.4190511,116.2334792,2.213,0,12.0,True,True,0,True
10,S0669,5.3997077,116.2381822,S0680,5.4623131,116.2811304,8.43,0,-3.0,False,False,0,True
10,S0669,5.3997077,116.2381822,S0681,5.4719211,116.2803596,9.288,0,8.8,True,True,0,True
10,S0669,5.3997077,116.2381822,S0682,5.426731,116.2391342,3.007,0,8.5,True,True,0,True
10,S0669,5.3997077,116.2381822,S0683,5.4676301,116.2678351,8.235,0,3.1,True,False,0,True
10,S0669,5.3997077,116.2381822,S0684,5.455013,116.2639664,6.78,0,-4.8,False,False,0,True
10,S0669,5.3997077,116.2381822,S0685,5.451431,116.2568816,6.113,0,-2.4,False,False,0,True
10,S0669,5.3997077,116.2381822,S0686,5.4356626,116.2497626,4.199,0,5.7,True,True,0,True
10,S0669,5.3997077,116.2381822,S0687,5.4457484,116.2570889,5.531,0,2.8,True,False,0,True
10,S0669,5.3997077,116.2381822,S0688,5.4307567,116.2278076,3.638,0,7.5,True,False,0,True
10,S0669,5.3997077,116.2381822,S0689,5.4176834,116.227837,2.304,0,9.7,True,True,0,True
10,S0669,5.3997077,116.2381822,S0733,5.472185,116.2000632,9.097,0,10.8,True,False,0,True
10,S0669,5.3997077,116.2381822,S0735,5.4612709,116.2149548,7.312,0,-18.4,False,False,0,True
10,S0669,5.3997077,116.2381822,S0750,5.4792463,116.2115667,9.322,0,7.9,True,True,0,True
10,S0669,5.3997077,116.2381822,S0753,5.4643992,116.2108043,7.806,0,-20.3,False,False,0,True
10,S0669,5.3997077,116.2381822,S0754,5.4632208,116.2123797,7.618,0,-10.2,False,False,0,True
10,S0669,5.3997077,116.2381822,S0755,5.4692707,116.2091656,8.375,0,-23.3,False,False,0,True
10,S0669,5.3997077,116.2381822,S0758,5.4385565,116.1878393,7.051,0,3.5,True,False,0,True
10,S0669,5.3997077,116.2381822,S0769,5.4328911,116.1968184,5.881,0,2.8,True,False,0,True
10,S0669,5.3997077,116.2381822,S1076,5.4127509,116.2331743,1.553,0,10.0,True,True,0,True
10,S0669,5.3997077,116.2381822,S1083,5.3975112,116.1526828,9.468,0,6.0,True,True,0,True
10,S0670,5.4728503,116.2654893,S0057,5.4228974,116.209765,8.301,0,-13.9,False,False,0,True
10,S0670,5.4728503,116.2654893,S0062,5.4587899,116.2736526,1.806,0,10.1,True,True,0,True
10,S0670,5.4728503,116.2654893,S0663,5.3891572,116.240027,9.724,0,5.9,True,False,0,True
10,S0670,5.4728503,116.2654893,S0664,5.4542071,116.2578834,2.237,0,1.5,True,False,0,True
10,S0670,5.4728503,116.2654893,S0665,5.4183322,116.2561088,6.15,0,6.1,True,False,0,True
10,S0670,5.4728503,116.2654893,S0667,5.4797716,116.2752866,1.33,0,8.2,True,True,0,True
10,S0670,5.4728503,116.2654893,S0668,5.4489856,116.2702798,2.706,0,6.5,True,True,0,True
10,S0670,5.4728503,116.2654893,S0669,5.3997077,116.2381822,8.677,0,-2.6,False,False,0,True
10,S0670,5.4728503,116.2654893,S0671,5.4044747,116.2475115,7.859,0,5.8,True,False,0,True
10,S0670,5.4728503,116.2654893,S0673,5.3940265,116.2424715,9.128,0,6.0,True,False,0,True
10,S0670,5.4728503,116.2654893,S0674,5.4455835,116.2688726,3.055,0,10.2,True,True,0,True
10,S0670,5.4728503,116.2654893,S0675,5.4585487,116.2659994,1.591,0,10.1,True,True,0,True
10,S0670,5.4728503,116.2654893,S0676,5.4464732,116.267259,2.94,0,8.9,True,True,0,True
10,S0670,5.4728503,116.2654893,S0677,5.4816186,116.2690947,1.054,0,7.5,True,True,0,True
10,S0670,5.4728503,116.2654893,S0678,5.4582441,116.2733047,1.84,0,9.7,True,True,0,True
10,S0670,5.4728503,116.2654893,S0679,5.4190511,116.2334792,6.953,0,-9.1,False,False,0,True
10,S0670,5.4728503,116.2654893,S0680,5.4623131,116.2811304,2.091,0,10.1,True,True,0,True
10,S0670,5.4728503,116.2654893,S0681,5.4719211,116.2803596,1.649,0,7.5,True,True,0,True
10,S0670,5.4728503,116.2654893,S0682,5.426731,116.2391342,5.9,0,4.0,True,False,0,True
10,S0670,5.4728503,116.2654893,S0683,5.4676301,116.2678351,0.636,0,8.1,True,True,0,True
10,S0670,5.4728503,116.2654893,S0684,5.455013,116.2639664,1.991,0,2.6,True,False,0,True
10,S0670,5.4728503,116.2654893,S0685,5.451431,116.2568816,2.565,0,1.9,True,False,0,True
10,S0670,5.4728503,116.2654893,S0686,5.4356626,116.2497626,4.487,0,4.9,True,False,0,True
10,S0670,5.4728503,116.2654893,S0687,5.4457484,116.2570889,3.154,0,3.4,True,False,0,True
10,S0670,5.4728503,116.2654893,S0688,5.4307567,116.2278076,6.269,0,-3.5,False,False,0,True
10,S0670,5.4728503,116.2654893,S0689,5.4176834,116.227837,7.416,0,0.2,True,False,0,True
10,S0670,5.4728503,116.2654893,S0733,5.472185,116.2000632,7.242,0,-140.3,False,False,0,True
10,S0670,5.4728503,116.2654893,S0735,5.4612709,116.2149548,5.74,0,-139.7,False,False,0,True
10,S0670,5.4728503,116.2654893,S0750,5.4792463,116.2115667,6.011,0,-144.0,False,False,0,True
10,S0670,5.4728503,116.2654893,S0753,5.4643992,116.2108043,6.126,0,-134.9,False,False,0,True
10,S0670,5.4728503,116.2654893,S0754,5.4632208,116.2123797,5.975,0,-136.4,False,False,0,True
10,S0670,5.4728503,116.2654893,S0755,5.4692707,116.2091656,6.247,0,-127.1,False,False,0,True
10,S0670,5.4728503,116.2654893,S0758,5.4385565,116.1878393,9.403,0,-110.5,False,False,0,True
10,S0670,5.4728503,116.2654893,S0769,5.4328911,116.1968184,8.805,0,-81.0,False,False,0,True
10,S0670,5.4728503,116.2654893,S0803,5.5282671,116.2851388,6.535,0,-47.1,False,False,0,True
10,S0670,5.4728503,116.2654893,S0805,5.5411224,116.2810617,7.785,0,-57.0,False,False,0,True
10,S0670,5.4728503,116.2654893,S0813,5.5584849,116.2419076,9.873,0,-107.3,False,False,0,True
10,S0670,5.4728503,116.2654893,S1076,5.4127509,116.2331743,7.58,0,-5.1,False,False,0,True
10,S0670,5.4728503,116.2654893,S0064,5.5091912,116.3233754,7.575,0,-79.8,False,False,0,True
10,S0670,5.4728503,116.2654893,S0807,5.5197756,116.3176526,7.782,0,-138.6,False,False,0,True
10,S0671,5.4044747,116.2475115,S0057,5.4228974,116.209765,4.654,0,5.9,True,False,0,True
10,S0671,5.4044747,116.2475115,S0062,5.4587899,116.2736526,6.697,0,9.0,True,True,0,True
10,S0671,5.4044747,116.2475115,S0656,5.3409493,116.1995303,8.838,0,4.1,True,False,0,True
10,S0671,5.4044747,116.2475115,S0658,5.3467074,116.2097255,7.665,0,-25.0,False,False,0,True
10,S0671,5.4044747,116.2475115,S0659,5.3797614,116.2340885,3.124,0,-0.5,False,False,0,True
10,S0671,5.4044747,116.2475115,S0660,5.3629756,116.2129939,5.991,0,3.4,True,False,0,True
10,S0671,5.4044747,116.2475115,S0661,5.3621802,116.219394,5.64,0,-2.1,False,False,0,True
10,S0671,5.4044747,116.2475115,S0663,5.3891572,116.240027,1.894,0,0.2,True,False,0,True
10,S0671,5.4044747,116.2475115,S0664,5.4542071,116.2578834,5.648,0,6.6,True,False,0,True
10,S0671,5.4044747,116.2475115,S0665,5.4183322,116.2561088,1.811,0,-15.0,False,False,0,True
10,S0671,5.4044747,116.2475115,S0667,5.4797716,116.2752866,8.919,0,10.5,True,True,0,True
10,S0671,5.4044747,116.2475115,S0668,5.4489856,116.2702798,5.554,0,4.8,True,False,0,True
10,S0671,5.4044747,116.2475115,S0669,5.3997077,116.2381822,1.161,0,11.1,True,True,0,True
10,S0671,5.4044747,116.2475115,S0670,5.4728503,116.2654893,7.859,0,-10.8,False,False,0,True
10,S0671,5.4044747,116.2475115,S0673,5.3940265,116.2424715,1.289,0,-0.5,False,False,0,True
10,S0671,5.4044747,116.2475115,S0674,5.4455835,116.2688726,5.146,0,10.0,True,True,0,True
10,S0671,5.4044747,116.2475115,S0675,5.4585487,116.2659994,6.352,0,4.9,True,False,0,True
10,S0671,5.4044747,116.2475115,S0676,5.4464732,116.267259,5.156,0,4.5,True,False,0,True
10,S0671,5.4044747,116.2475115,S0677,5.4816186,116.2690947,8.905,0,-2.5,False,False,0,True
10,S0671,5.4044747,116.2475115,S0678,5.4582441,116.2733047,6.626,0,11.0,True,True,0,True
10,S0671,5.4044747,116.2475115,S0679,5.4190511,116.2334792,2.245,0,12.0,True,True,0,True
10,S0671,5.4044747,116.2475115,S0680,5.4623131,116.2811304,7.43,0,-31.7,False,False,0,True
10,S0671,5.4044747,116.2475115,S0681,5.4719211,116.2803596,8.335,0,8.7,True,True,0,True
10,S0671,5.4044747,116.2475115,S0682,5.426731,116.2391342,2.643,0,9.8,True,True,0,True
10,S0671,5.4044747,116.2475115,S0683,5.4676301,116.2678351,7.374,0,6.7,True,False,0,True
10,S0671,5.4044747,116.2475115,S0684,5.455013,116.2639664,5.907,0,3.9,True,False,0,True
10,S0671,5.4044747,116.2475115,S0685,5.451431,116.2568816,5.323,0,4.7,True,False,0,True
10,S0671,5.4044747,116.2475115,S0686,5.4356626,116.2497626,3.477,0,3.3,True,False,0,True
10,S0671,5.4044747,116.2475115,S0687,5.4457484,116.2570889,4.71,0,4.6,True,False,0,True
10,S0671,5.4044747,116.2475115,S0688,5.4307567,116.2278076,3.647,0,8.7,True,True,0,True
10,S0671,5.4044747,116.2475115,S0689,5.4176834,116.227837,2.627,0,9.9,True,True,0,True
10,S0671,5.4044747,116.2475115,S0733,5.472185,116.2000632,9.18,0,10.0,True,False,0,True
10,S0671,5.4044747,116.2475115,S0735,5.4612709,116.2149548,7.271,0,-18.6,False,False,0,True
10,S0671,5.4044747,116.2475115,S0750,5.4792463,116.2115667,9.217,0,8.0,True,False,0,True
10,S0671,5.4044747,116.2475115,S0753,5.4643992,116.2108043,7.804,0,-6.5,False,False,0,True
10,S0671,5.4044747,116.2475115,S0754,5.4632208,116.2123797,7.602,0,-6.3,False,False,0,True
10,S0671,5.4044747,116.2475115,S0755,5.4692707,116.2091656,8.362,0,-11.7,False,False,0,True
10,S0671,5.4044747,116.2475115,S0758,5.4385565,116.1878393,7.615,0,3.8,True,False,0,True
10,S0671,5.4044747,116.2475115,S0769,5.4328911,116.1968184,6.44,0,1.9,True,False,0,True
10,S0671,5.4044747,116.2475115,S1076,5.4127509,116.2331743,1.835,0,11.1,True,True,0,True
10,S0673,5.3940265,116.2424715,S0057,5.4228974,116.209765,4.839,0,1.0,True,False,0,True
10,S0673,5.3940265,116.2424715,S0062,5.4587899,116.2736526,7.986,0,2.6,True,False,0,True
10,S0673,5.3940265,116.2424715,S0656,5.3409493,116.1995303,7.578,0,9.5,True,False,0,True
10,S0673,5.3940265,116.2424715,S0658,5.3467074,116.2097255,6.39,0,-29.4,False,False,0,True
10,S0673,5.3940265,116.2424715,S0659,5.3797614,116.2340885,1.838,0,4.3,True,True,0,True
10,S0673,5.3940265,116.2424715,S0660,5.3629756,116.2129939,4.751,0,4.8,True,True,0,True
10,S0673,5.3940265,116.2424715,S0661,5.3621802,116.219394,4.367,0,6.8,True,True,0,True
10,S0673,5.3940265,116.2424715,S0663,5.3891572,116.240027,0.605,0,10.1,True,True,0,True
10,S0673,5.3940265,116.2424715,S0664,5.4542071,116.2578834,6.906,0,6.3,True,False,0,True
10,S0673,5.3940265,116.2424715,S0665,5.4183322,116.2561088,3.096,0,-16.3,False,False,0,True
10,S0673,5.3940265,116.2424715,S0668,5.4489856,116.2702798,6.843,0,2.9,True,False,0,True
10,S0673,5.3940265,116.2424715,S0669,5.3997077,116.2381822,0.79,0,11.1,True,True,0,True
10,S0673,5.3940265,116.2424715,S0670,5.4728503,116.2654893,9.128,0,-11.4,False,False,0,True
10,S0673,5.3940265,116.2424715,S0671,5.4044747,116.2475115,1.289,0,-9.7,False,False,0,True
10,S0673,5.3940265,116.2424715,S0674,5.4455835,116.2688726,6.435,0,2.0,True,False,0,True
10,S0673,5.3940265,116.2424715,S0675,5.4585487,116.2659994,7.633,0,4.9,True,False,0,True
10,S0673,5.3940265,116.2424715,S0676,5.4464732,116.267259,6.445,0,1.5,True,False,0,True
10,S0673,5.3940265,116.2424715,S0678,5.4582441,116.2733047,7.914,0,2.7,True,False,0,True
10,S0673,5.3940265,116.2424715,S0679,5.4190511,116.2334792,2.955,0,12.0,True,True,0,True
10,S0673,5.3940265,116.2424715,S0680,5.4623131,116.2811304,8.716,0,-36.0,False,False,0,True
10,S0673,5.3940265,116.2424715,S0681,5.4719211,116.2803596,9.623,0,7.3,True,False,0,True
10,S0673,5.3940265,116.2424715,S0682,5.426731,116.2391342,3.655,0,8.7,True,True,0,True
10,S0673,5.3940265,116.2424715,S0683,5.4676301,116.2678351,8.653,0,6.7,True,False,0,True
10,S0673,5.3940265,116.2424715,S0684,5.455013,116.2639664,7.187,0,3.8,True,False,0,True
10,S0673,5.3940265,116.2424715,S0685,5.451431,116.2568816,6.579,0,3.7,True,False,0,True
10,S0673,5.3940265,116.2424715,S0686,5.4356626,116.2497626,4.7,0,4.7,True,True,0,True
10,S0673,5.3940265,116.2424715,S0687,5.4457484,116.2570889,5.975,0,3.4,True,False,0,True
10,S0673,5.3940265,116.2424715,S0688,5.4307567,116.2278076,4.395,0,8.7,True,True,0,True
10,S0673,5.3940265,116.2424715,S0689,5.4176834,116.227837,3.089,0,9.9,True,True,0,True
10,S0673,5.3940265,116.2424715,S0733,5.472185,116.2000632,9.878,0,11.3,True,False,0,True
10,S0673,5.3940265,116.2424715,S0735,5.4612709,116.2149548,8.074,0,-17.3,False,False,0,True
10,S0673,5.3940265,116.2424715,S0753,5.4643992,116.2108043,8.574,0,-17.4,False,False,0,True
10,S0673,5.3940265,116.2424715,S0754,5.4632208,116.2123797,8.384,0,1.6,True,False,0,True
10,S0673,5.3940265,116.2424715,S0755,5.4692707,116.2091656,9.143,0,-8.2,False,False,0,True
10,S0673,5.3940265,116.2424715,S0758,5.4385565,116.1878393,7.816,0,3.8,True,False,0,True
10,S0673,5.3940265,116.2424715,S0769,5.4328911,116.1968184,6.65,0,3.1,True,False,0,True
10,S0673,5.3940265,116.2424715,S1076,5.4127509,116.2331743,2.323,0,11.1,True,True,0,True
10,S0673,5.3940265,116.2424715,S1083,5.3975112,116.1526828,9.947,0,6.1,True,True,0,True
10,S0674,5.4455835,116.2688726,S0057,5.4228974,116.209765,7.012,0,-2.4,False,False,0,True
10,S0674,5.4455835,116.2688726,S0062,5.4587899,116.2736526,1.561,0,9.1,True,True,0,True
10,S0674,5.4455835,116.2688726,S0659,5.3797614,116.2340885,8.27,0,-20.8,False,False,0,True
10,S0674,5.4455835,116.2688726,S0663,5.3891572,116.240027,7.04,0,-14.3,False,False,0,True
10,S0674,5.4455835,116.2688726,S0664,5.4542071,116.2578834,1.549,0,6.4,True,True,0,True
10,S0674,5.4455835,116.2688726,S0665,5.4183322,116.2561088,3.343,0,10.1,True,True,0,True
10,S0674,5.4455835,116.2688726,S0667,5.4797716,116.2752866,3.867,0,9.8,True,True,0,True
10,S0674,5.4455835,116.2688726,S0668,5.4489856,116.2702798,0.409,0,9.7,True,True,0,True
10,S0674,5.4455835,116.2688726,S0669,5.3997077,116.2381822,6.129,0,8.3,True,False,0,True
10,S0674,5.4455835,116.2688726,S0670,5.4728503,116.2654893,3.055,0,6.4,True,True,0,True
10,S0674,5.4455835,116.2688726,S0671,5.4044747,116.2475115,5.146,0,7.3,True,False,0,True
10,S0674,5.4455835,116.2688726,S0673,5.3940265,116.2424715,6.435,0,-11.4,False,False,0,True
10,S0674,5.4455835,116.2688726,S0675,5.4585487,116.2659994,1.476,0,10.0,True,True,0,True
10,S0674,5.4455835,116.2688726,S0676,5.4464732,116.267259,0.204,0,10.1,True,True,0,True
10,S0674,5.4455835,116.2688726,S0677,5.4816186,116.2690947,4.007,0,8.7,True,False,0,True
10,S0674,5.4455835,116.2688726,S0678,5.4582441,116.2733047,1.491,0,10.0,True,True,0,True
10,S0674,5.4455835,116.2688726,S0679,5.4190511,116.2334792,4.904,0,1.0,True,False,0,True
10,S0674,5.4455835,116.2688726,S0680,5.4623131,116.2811304,2.303,0,5.3,True,False,0,True
10,S0674,5.4455835,116.2688726,S0681,5.4719211,116.2803596,3.193,0,8.5,True,True,0,True
10,S0674,5.4455835,116.2688726,S0682,5.426731,116.2391342,3.903,0,4.5,True,False,0,True
10,S0674,5.4455835,116.2688726,S0683,5.4676301,116.2678351,2.454,0,8.9,True,True,0,True
10,S0674,5.4455835,116.2688726,S0684,5.455013,116.2639664,1.181,0,7.5,True,True,0,True
10,S0674,5.4455835,116.2688726,S0685,5.451431,116.2568816,1.478,0,5.7,True,False,0,True
10,S0674,5.4455835,116.2688726,S0686,5.4356626,116.2497626,2.386,0,6.3,True,False,0,True
10,S0674,5.4455835,116.2688726,S0687,5.4457484,116.2570889,1.305,0,10.0,True,True,0,True
10,S0674,5.4455835,116.2688726,S0688,5.4307567,116.2278076,4.835,0,0.8,True,False,0,True
10,S0674,5.4455835,116.2688726,S0689,5.4176834,116.227837,5.501,0,8.1,True,False,0,True
10,S0674,5.4455835,116.2688726,S0733,5.472185,116.2000632,8.171,0,-52.4,False,False,0,True
10,S0674,5.4455835,116.2688726,S0735,5.4612709,116.2149548,6.218,0,-44.8,False,False,0,True
10,S0674,5.4455835,116.2688726,S0750,5.4792463,116.2115667,7.365,0,-46.1,False,False,0,True
10,S0674,5.4455835,116.2688726,S0753,5.4643992,116.2108043,6.76,0,-47.0,False,False,0,True
10,S0674,5.4455835,116.2688726,S0754,5.4632208,116.2123797,6.554,0,-46.5,False,False,0,True
10,S0674,5.4455835,116.2688726,S0755,5.4692707,116.2091656,7.115,0,-62.9,False,False,0,True
10,S0674,5.4455835,116.2688726,S0758,5.4385565,116.1878393,9.004,0,-5.4,False,False,0,True
10,S0674,5.4455835,116.2688726,S0769,5.4328911,116.1968184,8.1,0,3.8,True,False,0,True
10,S0674,5.4455835,116.2688726,S0803,5.5282671,116.2851388,9.369,0,-16.2,False,False,0,True
10,S0674,5.4455835,116.2688726,S1076,5.4127509,116.2331743,5.38,0,7.5,True,False,0,True
10,S0674,5.4455835,116.2688726,S0064,5.5091912,116.3233754,9.296,0,-116.1,False,False,0,True
10,S0674,5.4455835,116.2688726,S0807,5.5197756,116.3176526,9.86,0,-116.4,False,False,0,True
10,S0675,5.4585487,116.2659994,S0057,5.4228974,116.209765,7.38,0,-6.7,False,False,0,True
10,S0675,5.4585487,116.2659994,S0062,5.4587899,116.2736526,0.848,0,10.1,True,True,0,True
10,S0675,5.4585487,116.2659994,S0659,5.3797614,116.2340885,9.446,0,3.9,True,False,0,True
10,S0675,5.4585487,116.2659994,S0663,5.3891572,116.240027,8.234,0,3.6,True,False,0,True
10,S0675,5.4585487,116.2659994,S0664,5.4542071,116.2578834,1.02,0,7.4,True,True,0,True
10,S0675,5.4585487,116.2659994,S0665,5.4183322,116.2561088,4.604,0,10.1,True,True,0,True
10,S0675,5.4585487,116.2659994,S0667,5.4797716,116.2752866,2.574,0,9.5,True,True,0,True
10,S0675,5.4585487,116.2659994,S0668,5.4489856,116.2702798,1.164,0,7.2,True,True,0,True
10,S0675,5.4585487,116.2659994,S0669,5.3997077,116.2381822,7.231,0,0.8,True,False,0,True
10,S0675,5.4585487,116.2659994,S0670,5.4728503,116.2654893,1.591,0,6.5,True,True,0,True
10,S0675,5.4585487,116.2659994,S0671,5.4044747,116.2475115,6.352,0,8.3,True,True,0,True
10,S0675,5.4585487,116.2659994,S0673,5.3940265,116.2424715,7.633,0,-4.7,False,False,0,True
10,S0675,5.4585487,116.2659994,S0674,5.4455835,116.2688726,1.476,0,10.1,True,True,0,True
10,S0675,5.4585487,116.2659994,S0676,5.4464732,116.267259,1.35,0,8.9,True,True,0,True
10,S0675,5.4585487,116.2659994,S0677,5.4816186,116.2690947,2.588,0,3.8,True,False,0,True
10,S0675,5.4585487,116.2659994,S0678,5.4582441,116.2733047,0.809,0,9.4,True,True,0,True
10,S0675,5.4585487,116.2659994,S0679,5.4190511,116.2334792,5.679,0,-7.1,False,False,0,True
10,S0675,5.4585487,116.2659994,S0680,5.4623131,116.2811304,1.726,0,10.0,True,True,0,True
10,S0675,5.4585487,116.2659994,S0681,5.4719211,116.2803596,2.177,0,8.7,True,True,0,True
10,S0675,5.4585487,116.2659994,S0682,5.426731,116.2391342,4.622,0,4.9,True,False,0,True
10,S0675,5.4585487,116.2659994,S0683,5.4676301,116.2678351,1.03,0,9.1,True,True,0,True
10,S0675,5.4585487,116.2659994,S0684,5.455013,116.2639664,0.453,0,8.4,True,True,0,True
10,S0675,5.4585487,116.2659994,S0685,5.451431,116.2568816,1.283,0,3.6,True,False,0,True
10,S0675,5.4585487,116.2659994,S0686,5.4356626,116.2497626,3.116,0,8.6,True,False,0,True
10,S0675,5.4585487,116.2659994,S0687,5.4457484,116.2570889,1.732,0,7.7,True,True,0,True
10,S0675,5.4585487,116.2659994,S0688,5.4307567,116.2278076,5.237,0,-13.0,False,False,0,True
10,S0675,5.4585487,116.2659994,S0689,5.4176834,116.227837,6.204,0,5.3,True,False,0,True
10,S0675,5.4585487,116.2659994,S0733,5.472185,116.2000632,7.454,0,-70.4,False,False,0,True
10,S0675,5.4585487,116.2659994,S0735,5.4612709,116.2149548,5.658,0,-94.5,False,False,0,True
10,S0675,5.4585487,116.2659994,S0750,5.4792463,116.2115667,6.45,0,-112.8,False,False,0,True
10,S0675,5.4585487,116.2659994,S0753,5.4643992,116.2108043,6.144,0,-88.1,False,False,0,True
10,S0675,5.4585487,116.2659994,S0754,5.4632208,116.2123797,5.958,0,-93.8,False,False,0,True
10,S0675,5.4585487,116.2659994,S0755,5.4692707,116.2091656,6.403,0,-91.2,False,False,0,True
10,S0675,5.4585487,116.2659994,S0758,5.4385565,116.1878393,8.933,0,-37.1,False,False,0,True
10,S0675,5.4585487,116.2659994,S0769,5.4328911,116.1968184,8.172,0,-8.4,False,False,0,True
10,S0675,5.4585487,116.2659994,S0803,5.5282671,116.2851388,8.037,0,-59.5,False,False,0,True
10,S0675,5.4585487,116.2659994,S0805,5.5411224,116.2810617,9.332,0,-46.0,False,False,0,True
10,S0675,5.4585487,116.2659994,S1076,5.4127509,116.2331743,6.256,0,-6.7,False,False,0,True
10,S0675,5.4585487,116.2659994,S0064,5.5091912,116.3233754,8.488,0,-73.8,False,False,0,True
10,S0675,5.4585487,116.2659994,S0807,5.5197756,116.3176526,8.89,0,-78.3,False,False,0,True
10,S0676,5.4464732,116.267259,S0057,5.4228974,116.209765,6.883,0,-6.0,False,False,0,True
10,S0676,5.4464732,116.267259,S0062,5.4587899,116.2736526,1.542,0,9.1,True,True,0,True
10,S0676,5.4464732,116.267259,S0659,5.3797614,116.2340885,8.277,0,-7.7,False,False,0,True
10,S0676,5.4464732,116.267259,S0663,5.3891572,116.240027,7.05,0,-18.0,False,False,0,True
10,S0676,5.4464732,116.267259,S0664,5.4542071,116.2578834,1.348,0,5.5,True,False,0,True
10,S0676,5.4464732,116.267259,S0665,5.4183322,116.2561088,3.364,0,10.1,True,True,0,True
10,S0676,5.4464732,116.267259,S0667,5.4797716,116.2752866,3.808,0,9.8,True,True,0,True
10,S0676,5.4464732,116.267259,S0668,5.4489856,116.2702798,0.436,0,8.2,True,True,0,True
10,S0676,5.4464732,116.267259,S0669,5.3997077,116.2381822,6.116,0,8.3,True,False,0,True
10,S0676,5.4464732,116.267259,S0670,5.4728503,116.2654893,2.94,0,6.2,True,True,0,True
10,S0676,5.4464732,116.267259,S0671,5.4044747,116.2475115,5.156,0,7.2,True,True,0,True
10,S0676,5.4464732,116.267259,S0673,5.3940265,116.2424715,6.445,0,-12.7,False,False,0,True
10,S0676,5.4464732,116.267259,S0674,5.4455835,116.2688726,0.204,0,10.0,True,True,0,True
10,S0676,5.4464732,116.267259,S0675,5.4585487,116.2659994,1.35,0,10.0,True,True,0,True
10,S0676,5.4464732,116.267259,S0677,5.4816186,116.2690947,3.913,0,6.7,True,False,0,True
10,S0676,5.4464732,116.267259,S0678,5.4582441,116.2733047,1.47,0,10.0,True,True,0,True
10,S0676,5.4464732,116.267259,S0679,5.4190511,116.2334792,4.825,0,-3.8,False,False,0,True
10,S0676,5.4464732,116.267259,S0680,5.4623131,116.2811304,2.337,0,8.0,True,True,0,True
10,S0676,5.4464732,116.267259,S0681,5.4719211,116.2803596,3.18,0,8.5,True,True,0,True
10,S0676,5.4464732,116.267259,S0682,5.426731,116.2391342,3.809,0,-0.2,False,False,0,True
10,S0676,5.4464732,116.267259,S0683,5.4676301,116.2678351,2.353,0,8.7,True,True,0,True
10,S0676,5.4464732,116.267259,S0684,5.455013,116.2639664,1.017,0,6.7,True,True,0,True
10,S0676,5.4464732,116.267259,S0685,5.451431,116.2568816,1.274,0,4.3,True,False,0,True
10,S0676,5.4464732,116.267259,S0686,5.4356626,116.2497626,2.279,0,5.6,True,False,0,True
10,S0676,5.4464732,116.267259,S0687,5.4457484,116.2570889,1.129,0,10.0,True,True,0,True
10,S0676,5.4464732,116.267259,S0688,5.4307567,116.2278076,4.704,0,-3.3,False,False,0,True
10,S0676,5.4464732,116.267259,S0689,5.4176834,116.227837,5.412,0,-2.4,False,False,0,True
10,S0676,5.4464732,116.267259,S0733,5.472185,116.2000632,7.969,0,-58.8,False,False,0,True
10,S0676,5.4464732,116.267259,S0735,5.4612709,116.2149548,6.019,0,-46.6,False,False,0,True
10,S0676,5.4464732,116.267259,S0750,5.4792463,116.2115667,7.161,0,-48.7,False,False,0,True
10,S0676,5.4464732,116.267259,S0753,5.4643992,116.2108043,6.559,0,-49.0,False,False,0,True
10,S0676,5.4464732,116.267259,S0754,5.4632208,116.2123797,6.354,0,-49.4,False,False,0,True
10,S0676,5.4464732,116.267259,S0755,5.4692707,116.2091656,6.912,0,-72.4,False,False,0,True
10,S0676,5.4464732,116.267259,S0758,5.4385565,116.1878393,8.835,0,-7.3,False,False,0,True
10,S0676,5.4464732,116.267259,S0769,5.4328911,116.1968184,7.942,0,-3.8,False,False,0,True
10,S0676,5.4464732,116.267259,S0803,5.5282671,116.2851388,9.308,0,-52.5,False,False,0,True
10,S0676,5.4464732,116.267259,S1076,5.4127509,116.2331743,5.319,0,3.6,True,False,0,True
10,S0676,5.4464732,116.267259,S0064,5.5091912,116.3233754,9.339,0,-101.2,False,False,0,True
10,S0676,5.4464732,116.267259,S0807,5.5197756,116.3176526,9.877,0,-94.2,False,False,0,True
10,S0677,5.4816186,116.2690947,S0057,5.4228974,116.209765,9.261,0,-55.7,False,False,0,True
10,S0677,5.4816186,116.2690947,S0062,5.4587899,116.2736526,2.588,0,10.1,True,True,0,True
10,S0677,5.4816186,116.2690947,S0664,5.4542071,116.2578834,3.291,0,-8.6,False,False,0,True
10,S0677,5.4816186,116.2690947,S0665,5.4183322,116.2561088,7.182,0,13.2,True,False,0,True
10,S0677,5.4816186,116.2690947,S0667,5.4797716,116.2752866,0.715,0,6.3,True,True,0,True
10,S0677,5.4816186,116.2690947,S0668,5.4489856,116.2702798,3.631,0,6.1,True,True,0,True
10,S0677,5.4816186,116.2690947,S0669,5.3997077,116.2381822,9.73,0,-9.1,False,False,0,True
10,S0677,5.4816186,116.2690947,S0670,5.4728503,116.2654893,1.054,0,5.9,True,True,0,True
10,S0677,5.4816186,116.2690947,S0671,5.4044747,116.2475115,8.905,0,8.5,True,False,0,True
10,S0677,5.4816186,116.2690947,S0674,5.4455835,116.2688726,4.007,0,10.1,True,True,0,True
10,S0677,5.4816186,116.2690947,S0675,5.4585487,116.2659994,2.588,0,2.0,True,False,0,True
10,S0677,5.4816186,116.2690947,S0676,5.4464732,116.267259,3.913,0,8.6,True,True,0,True
10,S0677,5.4816186,116.2690947,S0678,5.4582441,116.2733047,2.641,0,10.1,True,True,0,True
10,S0677,5.4816186,116.2690947,S0679,5.4190511,116.2334792,7.997,0,-19.7,False,False,0,True
10,S0677,5.4816186,116.2690947,S0680,5.4623131,116.2811304,2.526,0,13.2,True,True,0,True
10,S0677,5.4816186,116.2690947,S0681,5.4719211,116.2803596,1.648,0,-28.8,False,False,0,True
10,S0677,5.4816186,116.2690947,S0682,5.426731,116.2391342,6.946,0,-11.1,False,False,0,True
10,S0677,5.4816186,116.2690947,S0683,5.4676301,116.2678351,1.562,0,8.6,True,True,0,True
10,S0677,5.4816186,116.2690947,S0684,5.455013,116.2639664,3.012,0,-2.9,False,False,0,True
10,S0677,5.4816186,116.2690947,S0685,5.451431,116.2568816,3.619,0,-8.8,False,False,0,True
10,S0677,5.4816186,116.2690947,S0686,5.4356626,116.2497626,5.54,0,-5.2,False,False,0,True
10,S0677,5.4816186,116.2690947,S0687,5.4457484,116.2570889,4.204,0,-6.3,False,False,0,True
10,S0677,5.4816186,116.2690947,S0688,5.4307567,116.2278076,7.271,0,-43.9,False,False,0,True
10,S0677,5.4816186,116.2690947,S0689,5.4176834,116.227837,8.45,0,-25.7,False,False,0,True
10,S0677,5.4816186,116.2690947,S0733,5.472185,116.2000632,7.713,0,-173.6,False,False,0,True
10,S0677,5.4816186,116.2690947,S0735,5.4612709,116.2149548,6.406,0,-160.9,False,False,0,True
10,S0677,5.4816186,116.2690947,S0750,5.4792463,116.2115667,6.373,0,-137.4,False,False,0,True
10,S0677,5.4816186,116.2690947,S0753,5.4643992,116.2108043,6.73,0,-191.5,False,False,0,True
10,S0677,5.4816186,116.2690947,S0754,5.4632208,116.2123797,6.603,0,-164.5,False,False,0,True
10,S0677,5.4816186,116.2690947,S0755,5.4692707,116.2091656,6.774,0,-179.4,False,False,0,True
10,S0677,5.4816186,116.2690947,S0769,5.4328911,116.1968184,9.662,0,-149.9,False,False,0,True
10,S0677,5.4816186,116.2690947,S0803,5.5282671,116.2851388,5.483,0,-92.4,False,False,0,True
10,S0677,5.4816186,116.2690947,S0805,5.5411224,116.2810617,6.748,0,-100.6,False,False,0,True
10,S0677,5.4816186,116.2690947,S0813,5.5584849,116.2419076,9.061,0,-83.5,False,False,0,True
10,S0677,5.4816186,116.2690947,S1076,5.4127509,116.2331743,8.628,0,-10.8,False,False,0,True
10,S0677,5.4816186,116.2690947,S0064,5.5091912,116.3233754,6.745,0,-114.0,False,False,0,True
10,S0677,5.4816186,116.2690947,S0807,5.5197756,116.3176526,6.847,0,-154.1,False,False,0,True
10,S0678,5.4582441,116.2733047,S0057,5.4228974,116.209765,8.057,0,-16.8,False,False,0,True
10,S0678,5.4582441,116.2733047,S0062,5.4587899,116.2736526,0.072,0,10.1,True,True,0,True
10,S0678,5.4582441,116.2733047,S0659,5.3797614,116.2340885,9.747,0,-9.9,False,False,0,True
10,S0678,5.4582441,116.2733047,S0663,5.3891572,116.240027,8.52,0,-16.0,False,False,0,True
10,S0678,5.4582441,116.2733047,S0664,5.4542071,116.2578834,1.765,0,5.1,True,False,0,True
10,S0678,5.4582441,116.2733047,S0665,5.4183322,116.2561088,4.829,0,10.1,True,True,0,True
10,S0678,5.4582441,116.2733047,S0667,5.4797716,116.2752866,2.404,0,9.5,True,True,0,True
10,S0678,5.4582441,116.2733047,S0668,5.4489856,116.2702798,1.083,0,7.9,True,True,0,True
10,S0678,5.4582441,116.2733047,S0669,5.3997077,116.2381822,7.582,0,7.8,True,False,0,True
10,S0678,5.4582441,116.2733047,S0670,5.4728503,116.2654893,1.84,0,4.4,True,False,0,True
10,S0678,5.4582441,116.2733047,S0671,5.4044747,116.2475115,6.626,0,7.2,True,True,0,True
10,S0678,5.4582441,116.2733047,S0673,5.3940265,116.2424715,7.914,0,-12.6,False,False,0,True
10,S0678,5.4582441,116.2733047,S0674,5.4455835,116.2688726,1.491,0,9.9,True,True,0,True
10,S0678,5.4582441,116.2733047,S0675,5.4585487,116.2659994,0.809,0,10.0,True,True,0,True
10,S0678,5.4582441,116.2733047,S0676,5.4464732,116.267259,1.47,0,8.6,True,True,0,True
10,S0678,5.4582441,116.2733047,S0677,5.4816186,116.2690947,2.641,0,8.8,True,True,0,True
10,S0678,5.4582441,116.2733047,S0679,5.4190511,116.2334792,6.199,0,-9.2,False,False,0,True
10,S0678,5.4582441,116.2733047,S0680,5.4623131,116.2811304,0.977,0,10.0,True,True,0,True
10,S0678,5.4582441,116.2733047,S0681,5.4719211,116.2803596,1.71,0,8.2,True,True,0,True
10,S0678,5.4582441,116.2733047,S0682,5.426731,116.2391342,5.156,0,6.0,True,False,0,True
10,S0678,5.4582441,116.2733047,S0683,5.4676301,116.2678351,1.207,0,9.9,True,True,0,True
10,S0678,5.4582441,116.2733047,S0684,5.455013,116.2639664,1.094,0,9.7,True,True,0,True
10,S0678,5.4582441,116.2733047,S0685,5.451431,116.2568816,1.969,0,1.8,True,False,0,True
10,S0678,5.4582441,116.2733047,S0686,5.4356626,116.2497626,3.619,0,5.8,True,False,0,True
10,S0678,5.4582441,116.2733047,S0687,5.4457484,116.2570889,2.27,0,6.1,True,False,0,True
10,S0678,5.4582441,116.2733047,S0688,5.4307567,116.2278076,5.891,0,-5.5,False,False,0,True
10,S0678,5.4582441,116.2733047,S0689,5.4176834,116.227837,6.758,0,3.1,True,False,0,True
10,S0678,5.4582441,116.2733047,S0733,5.472185,116.2000632,8.254,0,-65.6,False,False,0,True
10,S0678,5.4582441,116.2733047,S0735,5.4612709,116.2149548,6.468,0,-92.1,False,False,0,True
10,S0678,5.4582441,116.2733047,S0750,5.4792463,116.2115667,7.222,0,-98.7,False,False,0,True
10,S0678,5.4582441,116.2733047,S0753,5.4643992,116.2108043,6.952,0,-84.5,False,False,0,True
10,S0678,5.4582441,116.2733047,S0754,5.4632208,116.2123797,6.766,0,-90.6,False,False,0,True
10,S0678,5.4582441,116.2733047,S0755,5.4692707,116.2091656,7.205,0,-74.6,False,False,0,True
10,S0678,5.4582441,116.2733047,S0758,5.4385565,116.1878393,9.71,0,-28.7,False,False,0,True
10,S0678,5.4582441,116.2733047,S0769,5.4328911,116.1968184,8.924,0,-0.9,False,False,0,True
10,S0678,5.4582441,116.2733047,S0803,5.5282671,116.2851388,7.896,0,-39.3,False,False,0,True
10,S0678,5.4582441,116.2733047,S0805,5.5411224,116.2810617,9.256,0,-98.7,False,False,0,True
10,S0678,5.4582441,116.2733047,S1076,5.4127509,116.2331743,6.732,0,-3.7,False,False,0,True
10,S0678,5.4582441,116.2733047,S0064,5.5091912,116.3233754,7.925,0,-84.3,False,False,0,True
10,S0678,5.4582441,116.2733047,S0807,5.5197756,116.3176526,8.421,0,-62.6,False,False,0,True
10,S0679,5.4190511,116.2334792,S0057,5.4228974,116.209765,2.66,0,6.6,True,False,0,True
10,S0679,5.4190511,116.2334792,S0062,5.4587899,116.2736526,6.269,0,-6.1,False,False,0,True
10,S0679,5.4190511,116.2334792,S0656,5.3409493,116.1995303,9.463,0,10.4,True,False,0,True
10,S0679,5.4190511,116.2334792,S0658,5.3467074,116.2097255,8.463,0,2.0,True,False,0,True
10,S0679,5.4190511,116.2334792,S0659,5.3797614,116.2340885,4.369,0,8.2,True,True,0,True
10,S0679,5.4190511,116.2334792,S0660,5.3629756,116.2129939,6.635,0,2.8,True,False,0,True
10,S0679,5.4190511,116.2334792,S0661,5.3621802,116.219394,6.513,0,6.8,True,False,0,True
10,S0679,5.4190511,116.2334792,S0663,5.3891572,116.240027,3.402,0,10.1,True,True,0,True
10,S0679,5.4190511,116.2334792,S0664,5.4542071,116.2578834,4.752,0,-2.1,False,False,0,True
10,S0679,5.4190511,116.2334792,S0665,5.4183322,116.2561088,2.506,0,10.1,True,True,0,True
10,S0679,5.4190511,116.2334792,S0667,5.4797716,116.2752866,8.186,0,9.8,True,True,0,True
10,S0679,5.4190511,116.2334792,S0668,5.4489856,116.2702798,5.261,0,-6.0,False,False,0,True
10,S0679,5.4190511,116.2334792,S0669,5.3997077,116.2381822,2.213,0,9.3,True,True,0,True
10,S0679,5.4190511,116.2334792,S0670,5.4728503,116.2654893,6.953,0,-13.9,False,False,0,True
10,S0679,5.4190511,116.2334792,S0671,5.4044747,116.2475115,2.245,0,10.1,True,True,0,True
10,S0679,5.4190511,116.2334792,S0673,5.3940265,116.2424715,2.955,0,13.1,True,True,0,True
10,S0679,5.4190511,116.2334792,S0674,5.4455835,116.2688726,4.904,0,-2.7,False,False,0,True
10,S0679,5.4190511,116.2334792,S0675,5.4585487,116.2659994,5.679,0,-4.4,False,False,0,True
10,S0679,5.4190511,116.2334792,S0676,5.4464732,116.267259,4.825,0,-5.2,False,False,0,True
10,S0679,5.4190511,116.2334792,S0677,5.4816186,116.2690947,7.997,0,-29.7,False,False,0,True
10,S0679,5.4190511,116.2334792,S0678,5.4582441,116.2733047,6.199,0,-5.7,False,False,0,True
10,S0679,5.4190511,116.2334792,S0680,5.4623131,116.2811304,7.139,0,-1.3,False,False,0,True
10,S0679,5.4190511,116.2334792,S0681,5.4719211,116.2803596,7.842,0,8.9,True,False,0,True
10,S0679,5.4190511,116.2334792,S0682,5.426731,116.2391342,1.059,0,9.9,True,True,0,True
10,S0679,5.4190511,116.2334792,S0683,5.4676301,116.2678351,6.606,0,-1.7,False,False,0,True
10,S0679,5.4190511,116.2334792,S0684,5.455013,116.2639664,5.233,0,-4.4,False,False,0,True
10,S0679,5.4190511,116.2334792,S0685,5.451431,116.2568816,4.436,0,-0.1,False,False,0,True
10,S0679,5.4190511,116.2334792,S0686,5.4356626,116.2497626,2.581,0,7.6,True,True,0,True
10,S0679,5.4190511,116.2334792,S0687,5.4457484,116.2570889,3.955,0,3.4,True,False,0,True
10,S0679,5.4190511,116.2334792,S0688,5.4307567,116.2278076,1.445,0,8.9,True,True,0,True
10,S0679,5.4190511,116.2334792,S0689,5.4176834,116.227837,0.643,0,9.1,True,True,0,True
10,S0679,5.4190511,116.2334792,S0733,5.472185,116.2000632,6.971,0,9.7,True,False,0,True
10,S0679,5.4190511,116.2334792,S0735,5.4612709,116.2149548,5.123,0,-20.5,False,False,0,True
10,S0679,5.4190511,116.2334792,S0750,5.4792463,116.2115667,7.119,0,8.0,True,True,0,True
10,S0679,5.4190511,116.2334792,S0753,5.4643992,116.2108043,5.633,0,-10.7,False,False,0,True
10,S0679,5.4190511,116.2334792,S0754,5.4632208,116.2123797,5.439,0,-5.3,False,False,0,True
10,S0679,5.4190511,116.2334792,S0755,5.4692707,116.2091656,6.199,0,-9.1,False,False,0,True
10,S0679,5.4190511,116.2334792,S0758,5.4385565,116.1878393,5.498,0,2.0,True,False,0,True
10,S0679,5.4190511,116.2334792,S0769,5.4328911,116.1968184,4.34,0,2.8,True,False,0,True
10,S0679,5.4190511,116.2334792,S1076,5.4127509,116.2331743,0.701,0,7.8,True,True,0,True
10,S0679,5.4190511,116.2334792,S1083,5.3975112,116.1526828,9.259,0,2.2,True,False,0,True
10,S0680,5.4623131,116.2811304,S0057,5.4228974,116.209765,9.034,0,-12.4,False,False,0,True
10,S0680,5.4623131,116.2811304,S0062,5.4587899,116.2736526,0.916,0,8.5,True,True,0,True
10,S0680,5.4623131,116.2811304,S0663,5.3891572,116.240027,9.321,0,-35.6,False,False,0,True
10,S0680,5.4623131,116.2811304,S0664,5.4542071,116.2578834,2.727,0,6.3,True,False,0,True
10,S0680,5.4623131,116.2811304,S0665,5.4183322,116.2561088,5.62,0,-22.3,False,False,0,True
10,S0680,5.4623131,116.2811304,S0667,5.4797716,116.2752866,2.046,0,-7.2,False,False,0,True
10,S0680,5.4623131,116.2811304,S0668,5.4489856,116.2702798,1.908,0,8.8,True,True,0,True
10,S0680,5.4623131,116.2811304,S0669,5.3997077,116.2381822,8.43,0,7.3,True,False,0,True
10,S0680,5.4623131,116.2811304,S0670,5.4728503,116.2654893,2.091,0,5.0,True,True,0,True
10,S0680,5.4623131,116.2811304,S0671,5.4044747,116.2475115,7.43,0,-17.4,False,False,0,True
10,S0680,5.4623131,116.2811304,S0673,5.3940265,116.2424715,8.716,0,-21.0,False,False,0,True
10,S0680,5.4623131,116.2811304,S0674,5.4455835,116.2688726,2.303,0,9.9,True,True,0,True
10,S0680,5.4623131,116.2811304,S0675,5.4585487,116.2659994,1.726,0,10.1,True,True,0,True
10,S0680,5.4623131,116.2811304,S0676,5.4464732,116.267259,2.337,0,8.6,True,True,0,True
10,S0680,5.4623131,116.2811304,S0677,5.4816186,116.2690947,2.526,0,3.2,True,False,0,True
10,S0680,5.4623131,116.2811304,S0678,5.4582441,116.2733047,0.977,0,10.1,True,True,0,True
10,S0680,5.4623131,116.2811304,S0679,5.4190511,116.2334792,7.139,0,-6.9,False,False,0,True
10,S0680,5.4623131,116.2811304,S0681,5.4719211,116.2803596,1.072,0,8.3,True,True,0,True
10,S0680,5.4623131,116.2811304,S0682,5.426731,116.2391342,6.104,0,8.1,True,False,0,True
10,S0680,5.4623131,116.2811304,S0683,5.4676301,116.2678351,1.586,0,10.0,True,True,0,True
10,S0680,5.4623131,116.2811304,S0684,5.455013,116.2639664,2.066,0,9.6,True,True,0,True
10,S0680,5.4623131,116.2811304,S0685,5.451431,116.2568816,2.944,0,3.1,True,False,0,True
10,S0680,5.4623131,116.2811304,S0686,5.4356626,116.2497626,4.565,0,6.6,True,False,0,True
10,S0680,5.4623131,116.2811304,S0687,5.4457484,116.2570889,3.236,0,6.8,True,False,0,True
10,S0680,5.4623131,116.2811304,S0688,5.4307567,116.2278076,6.867,0,-0.9,False,False,0,True
10,S0680,5.4623131,116.2811304,S0689,5.4176834,116.227837,7.709,0,6.6,True,False,0,True
10,S0680,5.4623131,116.2811304,S0733,5.472185,116.2000632,9.04,0,-116.6,False,False,0,True
10,S0680,5.4623131,116.2811304,S0735,5.4612709,116.2149548,7.326,0,-83.9,False,False,0,True
10,S0680,5.4623131,116.2811304,S0750,5.4792463,116.2115667,7.927,0,-94.6,False,False,0,True
10,S0680,5.4623131,116.2811304,S0753,5.4643992,116.2108043,7.788,0,-86.9,False,False,0,True
10,S0680,5.4623131,116.2811304,S0754,5.4632208,116.2123797,7.611,0,-69.2,False,False,0,True
10,S0680,5.4623131,116.2811304,S0755,5.4692707,116.2091656,8.003,0,-99.6,False,False,0,True
10,S0680,5.4623131,116.2811304,S0769,5.4328911,116.1968184,9.89,0,3.0,True,False,0,True
10,S0680,5.4623131,116.2811304,S0803,5.5282671,116.2851388,7.347,0,-24.5,False,False,0,True
10,S0680,5.4623131,116.2811304,S0805,5.5411224,116.2810617,8.763,0,-53.1,False,False,0,True
10,S0680,5.4623131,116.2811304,S1076,5.4127509,116.2331743,7.652,0,0.4,True,False,0,True
10,S0680,5.4623131,116.2811304,S0064,5.5091912,116.3233754,7.003,0,-103.2,False,False,0,True
10,S0680,5.4623131,116.2811304,S0807,5.5197756,116.3176526,7.561,0,-120.5,False,False,0,True
10,S0681,5.4719211,116.2803596,S0057,5.4228974,116.209765,9.528,0,0.5,True,False,0,True
10,S0681,5.4719211,116.2803596,S0062,5.4587899,116.2736526,1.638,0,9.2,True,True,0,True
10,S0681,5.4719211,116.2803596,S0664,5.4542071,116.2578834,3.173,0,8.3,True,True,0,True
10,S0681,5.4719211,116.2803596,S0665,5.4183322,116.2561088,6.536,0,13.2,True,True,0,True
10,S0681,5.4719211,116.2803596,S0667,5.4797716,116.2752866,1.038,0,-13.1,False,False,0,True
10,S0681,5.4719211,116.2803596,S0668,5.4489856,116.2702798,2.784,0,9.0,True,True,0,True
10,S0681,5.4719211,116.2803596,S0669,5.3997077,116.2381822,9.288,0,10.3,True,True,0,True
10,S0681,5.4719211,116.2803596,S0670,5.4728503,116.2654893,1.649,0,10.1,True,True,0,True
10,S0681,5.4719211,116.2803596,S0671,5.4044747,116.2475115,8.335,0,8.5,True,True,0,True
10,S0681,5.4719211,116.2803596,S0673,5.3940265,116.2424715,9.623,0,-8.8,False,False,0,True
10,S0681,5.4719211,116.2803596,S0674,5.4455835,116.2688726,3.193,0,10.2,True,True,0,True
10,S0681,5.4719211,116.2803596,S0675,5.4585487,116.2659994,2.177,0,10.2,True,True,0,True
10,S0681,5.4719211,116.2803596,S0676,5.4464732,116.267259,3.18,0,9.0,True,True,0,True
10,S0681,5.4719211,116.2803596,S0677,5.4816186,116.2690947,1.648,0,-26.7,False,False,0,True
10,S0681,5.4719211,116.2803596,S0678,5.4582441,116.2733047,1.71,0,10.2,True,True,0,True
10,S0681,5.4719211,116.2803596,S0679,5.4190511,116.2334792,7.842,0,-0.8,False,False,0,True
10,S0681,5.4719211,116.2803596,S0680,5.4623131,116.2811304,1.072,0,10.2,True,True,0,True
10,S0681,5.4719211,116.2803596,S0682,5.426731,116.2391342,6.788,0,7.5,True,False,0,True
10,S0681,5.4719211,116.2803596,S0683,5.4676301,116.2678351,1.466,0,10.1,True,True,0,True
10,S0681,5.4719211,116.2803596,S0684,5.455013,116.2639664,2.613,0,8.6,True,True,0,True
10,S0681,5.4719211,116.2803596,S0685,5.451431,116.2568816,3.456,0,6.9,True,True,0,True
10,S0681,5.4719211,116.2803596,S0686,5.4356626,116.2497626,5.266,0,10.5,True,True,0,True
10,S0681,5.4719211,116.2803596,S0687,5.4457484,116.2570889,3.886,0,10.2,True,True,0,True
10,S0681,5.4719211,116.2803596,S0688,5.4307567,116.2278076,7.402,0,3.6,True,False,0,True
10,S0681,5.4719211,116.2803596,S0689,5.4176834,116.227837,8.377,0,9.2,True,False,0,True
10,S0681,5.4719211,116.2803596,S0733,5.472185,116.2000632,8.888,0,-97.5,False,False,0,True
10,S0681,5.4719211,116.2803596,S0735,5.4612709,116.2149548,7.336,0,-99.1,False,False,0,True
10,S0681,5.4719211,116.2803596,S0750,5.4792463,116.2115667,7.658,0,-130.1,False,False,0,True
10,S0681,5.4719211,116.2803596,S0753,5.4643992,116.2108043,7.744,0,-123.1,False,False,0,True
10,S0681,5.4719211,116.2803596,S0754,5.4632208,116.2123797,7.587,0,-102.1,False,False,0,True
10,S0681,5.4719211,116.2803596,S0755,5.4692707,116.2091656,7.886,0,-111.2,False,False,0,True
10,S0681,5.4719211,116.2803596,S0803,5.5282671,116.2851388,6.288,0,-26.2,False,False,0,True
10,S0681,5.4719211,116.2803596,S0805,5.5411224,116.2810617,7.695,0,-50.2,False,False,0,True
10,S0681,5.4719211,116.2803596,S1076,5.4127509,116.2331743,8.401,0,0.0,True,False,0,True
10,S0681,5.4719211,116.2803596,S0064,5.5091912,116.3233754,6.312,0,-72.1,False,False,0,True
10,S0681,5.4719211,116.2803596,S0807,5.5197756,116.3176526,6.734,0,-59.0,False,False,0,True
10,S0682,5.426731,116.2391342,S0057,5.4228974,116.209765,3.279,0,8.2,True,False,0,True
10,S0682,5.426731,116.2391342,S0062,5.4587899,116.2736526,5.226,0,7.8,True,False,0,True
10,S0682,5.426731,116.2391342,S0658,5.3467074,116.2097255,9.475,0,3.4,True,False,0,True
10,S0682,5.426731,116.2391342,S0659,5.3797614,116.2340885,5.253,0,8.3,True,True,0,True
10,S0682,5.426731,116.2391342,S0660,5.3629756,116.2129939,7.657,0,1.8,True,False,0,True
10,S0682,5.426731,116.2391342,S0661,5.3621802,116.219394,7.503,0,6.8,True,False,0,True
10,S0682,5.426731,116.2391342,S0663,5.3891572,116.240027,4.179,0,10.2,True,True,0,True
10,S0682,5.426731,116.2391342,S0664,5.4542071,116.2578834,3.693,0,3.0,True,False,0,True
10,S0682,5.426731,116.2391342,S0665,5.4183322,116.2561088,2.098,0,10.1,True,True,0,True
10,S0682,5.426731,116.2391342,S0667,5.4797716,116.2752866,7.127,0,9.8,True,True,0,True
10,S0682,5.426731,116.2391342,S0668,5.4489856,116.2702798,4.244,0,1.9,True,False,0,True
10,S0682,5.426731,116.2391342,S0669,5.3997077,116.2381822,3.007,0,7.8,True,True,0,True
10,S0682,5.426731,116.2391342,S0670,5.4728503,116.2654893,5.9,0,-12.2,False,False,0,True
10,S0682,5.426731,116.2391342,S0671,5.4044747,116.2475115,2.643,0,10.1,True,True,0,True
10,S0682,5.426731,116.2391342,S0673,5.3940265,116.2424715,3.655,0,13.1,True,True,0,True
10,S0682,5.426731,116.2391342,S0674,5.4455835,116.2688726,3.903,0,7.2,True,False,0,True
10,S0682,5.426731,116.2391342,S0675,5.4585487,116.2659994,4.622,0,-0.4,False,False,0,True
10,S0682,5.426731,116.2391342,S0676,5.4464732,116.267259,3.809,0,1.7,True,False,0,True
10,S0682,5.426731,116.2391342,S0677,5.4816186,116.2690947,6.946,0,-22.4,False,False,0,True
10,S0682,5.426731,116.2391342,S0678,5.4582441,116.2733047,5.156,0,8.1,True,False,0,True
10,S0682,5.426731,116.2391342,S0679,5.4190511,116.2334792,1.059,0,8.4,True,True,0,True
10,S0682,5.426731,116.2391342,S0680,5.4623131,116.2811304,6.104,0,10.1,True,True,0,True
10,S0682,5.426731,116.2391342,S0681,5.4719211,116.2803596,6.788,0,8.9,True,True,0,True
10,S0682,5.426731,116.2391342,S0683,5.4676301,116.2678351,5.548,0,8.6,True,False,0,True
10,S0682,5.426731,116.2391342,S0684,5.455013,116.2639664,4.177,0,1.0,True,False,0,True
10,S0682,5.426731,116.2391342,S0685,5.451431,116.2568816,3.377,0,4.0,True,False,0,True
10,S0682,5.426731,116.2391342,S0686,5.4356626,116.2497626,1.54,0,10.1,True,True,0,True
10,S0682,5.426731,116.2391342,S0687,5.4457484,116.2570889,2.902,0,7.8,True,True,0,True
10,S0682,5.426731,116.2391342,S0688,5.4307567,116.2278076,1.331,0,9.3,True,True,0,True
10,S0682,5.426731,116.2391342,S0689,5.4176834,116.227837,1.605,0,9.2,True,True,0,True
10,S0682,5.426731,116.2391342,S0733,5.472185,116.2000632,6.652,0,9.6,True,False,0,True
10,S0682,5.426731,116.2391342,S0735,5.4612709,116.2149548,4.681,0,-11.7,False,False,0,True
10,S0682,5.426731,116.2391342,S0750,5.4792463,116.2115667,6.589,0,-8.9,False,False,0,True
10,S0682,5.426731,116.2391342,S0753,5.4643992,116.2108043,5.232,0,-8.4,False,False,0,True
10,S0682,5.426731,116.2391342,S0754,5.4632208,116.2123797,5.023,0,-9.8,False,False,0,True
10,S0682,5.426731,116.2391342,S0755,5.4692707,116.2091656,5.777,0,-11.1,False,False,0,True
10,S0682,5.426731,116.2391342,S0758,5.4385565,116.1878393,5.828,0,5.4,True,False,0,True
10,S0682,5.426731,116.2391342,S0769,5.4328911,116.1968184,4.734,0,5.5,True,False,0,True
10,S0682,5.426731,116.2391342,S1076,5.4127509,116.2331743,1.689,0,8.7,True,True,0,True
10,S0683,5.4676301,116.2678351,S0057,5.4228974,116.209765,8.128,0,-6.3,False,False,0,True
10,S0683,5.4676301,116.2678351,S0062,5.4587899,116.2736526,1.175,0,10.1,True,True,0,True
10,S0683,5.4676301,116.2678351,S0663,5.3891572,116.240027,9.253,0,7.9,True,False,0,True
10,S0683,5.4676301,116.2678351,S0664,5.4542071,116.2578834,1.855,0,8.2,True,True,0,True
10,S0683,5.4676301,116.2678351,S0665,5.4183322,116.2561088,5.633,0,13.1,True,True,0,True
10,S0683,5.4676301,116.2678351,S0667,5.4797716,116.2752866,1.582,0,6.6,True,True,0,True
10,S0683,5.4676301,116.2678351,S0668,5.4489856,116.2702798,2.091,0,6.8,True,True,0,True
10,S0683,5.4676301,116.2678351,S0669,5.3997077,116.2381822,8.235,0,4.5,True,False,0,True
10,S0683,5.4676301,116.2678351,S0670,5.4728503,116.2654893,0.636,0,5.9,True,True,0,True
10,S0683,5.4676301,116.2678351,S0671,5.4044747,116.2475115,7.374,0,8.5,True,False,0,True
10,S0683,5.4676301,116.2678351,S0673,5.3940265,116.2424715,8.653,0,-1.2,False,False,0,True
10,S0683,5.4676301,116.2678351,S0674,5.4455835,116.2688726,2.454,0,10.1,True,True,0,True
10,S0683,5.4676301,116.2678351,S0675,5.4585487,116.2659994,1.03,0,10.1,True,True,0,True
10,S0683,5.4676301,116.2678351,S0676,5.4464732,116.267259,2.353,0,8.9,True,True,0,True
10,S0683,5.4676301,116.2678351,S0677,5.4816186,116.2690947,1.562,0,9.0,True,True,0,True
10,S0683,5.4676301,116.2678351,S0678,5.4582441,116.2733047,1.207,0,9.9,True,True,0,True
10,S0683,5.4676301,116.2678351,S0679,5.4190511,116.2334792,6.606,0,-4.9,False,False,0,True
10,S0683,5.4676301,116.2678351,S0680,5.4623131,116.2811304,1.586,0,10.1,True,True,0,True
10,S0683,5.4676301,116.2678351,S0681,5.4719211,116.2803596,1.466,0,9.9,True,True,0,True
10,S0683,5.4676301,116.2678351,S0682,5.426731,116.2391342,5.548,0,7.3,True,False,0,True
10,S0683,5.4676301,116.2678351,S0684,5.455013,116.2639664,1.467,0,4.7,True,False,0,True
10,S0683,5.4676301,116.2678351,S0685,5.451431,116.2568816,2.171,0,6.1,True,True,0,True
10,S0683,5.4676301,116.2678351,S0686,5.4356626,116.2497626,4.079,0,9.5,True,True,0,True
10,S0683,5.4676301,116.2678351,S0687,5.4457484,116.2570889,2.708,0,6.5,True,False,0,True
10,S0683,5.4676301,116.2678351,S0688,5.4307567,116.2278076,6.037,0,-2.6,False,False,0,True
10,S0683,5.4676301,116.2678351,S0689,5.4176834,116.227837,7.103,0,3.0,True,False,0,True
10,S0683,5.4676301,116.2678351,S0733,5.472185,116.2000632,7.519,0,-133.5,False,False,0,True
10,S0683,5.4676301,116.2678351,S0735,5.4612709,116.2149548,5.896,0,-96.9,False,False,0,True
10,S0683,5.4676301,116.2678351,S0750,5.4792463,116.2115667,6.361,0,-103.6,False,False,0,True
10,S0683,5.4676301,116.2678351,S0753,5.4643992,116.2108043,6.323,0,-119.7,False,False,0,True
10,S0683,5.4676301,116.2678351,S0754,5.4632208,116.2123797,6.158,0,-104.2,False,False,0,True
10,S0683,5.4676301,116.2678351,S0755,5.4692707,116.2091656,6.497,0,-122.9,False,False,0,True
10,S0683,5.4676301,116.2678351,S0758,5.4385565,116.1878393,9.427,0,-79.9,False,False,0,True
10,S0683,5.4676301,116.2678351,S0769,5.4328911,116.1968184,8.759,0,-33.1,False,False,0,True
10,S0683,5.4676301,116.2678351,S0803,5.5282671,116.2851388,7.009,0,-65.7,False,False,0,True
10,S0683,5.4676301,116.2678351,S0805,5.5411224,116.2810617,8.302,0,-59.7,False,False,0,True
10,S0683,5.4676301,116.2678351,S1076,5.4127509,116.2331743,7.208,0,-1.8,False,False,0,True
10,S0683,5.4676301,116.2678351,S0064,5.5091912,116.3233754,7.691,0,-81.8,False,False,0,True
10,S0683,5.4676301,116.2678351,S0807,5.5197756,116.3176526,8.002,0,-86.1,False,False,0,True
10,S0684,5.455013,116.2639664,S0057,5.4228974,116.209765,6.982,0,-13.6,False,False,0,True
10,S0684,5.455013,116.2639664,S0062,5.4587899,116.2736526,1.151,0,9.3,True,True,0,True
10,S0684,5.455013,116.2639664,S0659,5.3797614,116.2340885,8.998,0,3.9,True,False,0,True
10,S0684,5.455013,116.2639664,S0663,5.3891572,116.240027,7.788,0,6.4,True,False,0,True
10,S0684,5.455013,116.2639664,S0664,5.4542071,116.2578834,0.679,0,8.5,True,True,0,True
10,S0684,5.455013,116.2639664,S0665,5.4183322,116.2561088,4.17,0,10.1,True,True,0,True
10,S0684,5.455013,116.2639664,S0667,5.4797716,116.2752866,3.025,0,9.7,True,True,0,True
10,S0684,5.455013,116.2639664,S0668,5.4489856,116.2702798,0.968,0,7.8,True,True,0,True
10,S0684,5.455013,116.2639664,S0669,5.3997077,116.2381822,6.78,0,1.4,True,False,0,True
10,S0684,5.455013,116.2639664,S0670,5.4728503,116.2654893,1.991,0,6.1,True,False,0,True
10,S0684,5.455013,116.2639664,S0671,5.4044747,116.2475115,5.907,0,8.3,True,False,0,True
10,S0684,5.455013,116.2639664,S0673,5.3940265,116.2424715,7.187,0,-4.3,False,False,0,True
10,S0684,5.455013,116.2639664,S0674,5.4455835,116.2688726,1.181,0,10.1,True,True,0,True
10,S0684,5.455013,116.2639664,S0675,5.4585487,116.2659994,0.453,0,7.4,True,True,0,True
10,S0684,5.455013,116.2639664,S0676,5.4464732,116.267259,1.017,0,9.3,True,True,0,True
10,S0684,5.455013,116.2639664,S0677,5.4816186,116.2690947,3.012,0,6.4,True,False,0,True
10,S0684,5.455013,116.2639664,S0678,5.4582441,116.2733047,1.094,0,9.3,True,True,0,True
10,S0684,5.455013,116.2639664,S0679,5.4190511,116.2334792,5.233,0,-5.7,False,False,0,True
10,S0684,5.455013,116.2639664,S0680,5.4623131,116.2811304,2.066,0,10.0,True,True,0,True
10,S0684,5.455013,116.2639664,S0681,5.4719211,116.2803596,2.613,0,8.7,True,True,0,True
10,S0684,5.455013,116.2639664,S0682,5.426731,116.2391342,4.177,0,5.8,True,False,0,True
10,S0684,5.455013,116.2639664,S0683,5.4676301,116.2678351,1.467,0,9.0,True,True,0,True
10,S0684,5.455013,116.2639664,S0685,5.451431,116.2568816,0.88,0,3.9,True,False,0,True
10,S0684,5.455013,116.2639664,S0686,5.4356626,116.2497626,2.665,0,7.8,True,False,0,True
10,S0684,5.455013,116.2639664,S0687,5.4457484,116.2570889,1.281,0,8.5,True,True,0,True
10,S0684,5.455013,116.2639664,S0688,5.4307567,116.2278076,4.827,0,-12.3,False,False,0,True
10,S0684,5.455013,116.2639664,S0689,5.4176834,116.227837,5.764,0,6.1,True,False,0,True
10,S0684,5.455013,116.2639664,S0733,5.472185,116.2000632,7.327,0,-82.5,False,False,0,True
10,S0684,5.455013,116.2639664,S0735,5.4612709,116.2149548,5.47,0,-83.4,False,False,0,True
10,S0684,5.455013,116.2639664,S0750,5.4792463,116.2115667,6.395,0,-55.9,False,False,0,True
10,S0684,5.455013,116.2639664,S0753,5.4643992,116.2108043,5.976,0,-85.8,False,False,0,True
10,S0684,5.455013,116.2639664,S0754,5.4632208,116.2123797,5.783,0,-78.8,False,False,0,True
10,S0684,5.455013,116.2639664,S0755,5.4692707,116.2091656,6.27,0,-92.0,False,False,0,True
10,S0684,5.455013,116.2639664,S0758,5.4385565,116.1878393,8.623,0,-23.7,False,False,0,True
10,S0684,5.455013,116.2639664,S0769,5.4328911,116.1968184,7.829,0,-0.2,False,False,0,True
10,S0684,5.455013,116.2639664,S0803,5.5282671,116.2851388,8.476,0,-37.7,False,False,0,True
10,S0684,5.455013,116.2639664,S0805,5.5411224,116.2810617,9.76,0,-35.4,False,False,0,True
10,S0684,5.455013,116.2639664,S1076,5.4127509,116.2331743,5.805,0,-4.2,False,False,0,True
10,S0684,5.455013,116.2639664,S0064,5.5091912,116.3233754,8.918,0,-75.9,False,False,0,True
10,S0684,5.455013,116.2639664,S0807,5.5197756,116.3176526,9.336,0,-76.5,False,False,0,True
10,S0685,5.451431,116.2568816,S0057,5.4228974,116.209765,6.105,0,-3.1,False,False,0,True
10,S0685,5.451431,116.2568816,S0062,5.4587899,116.2736526,2.029,0,9.2,True,True,0,True
10,S0685,5.451431,116.2568816,S0659,5.3797614,116.2340885,8.359,0,6.0,True,False,0,True
10,S0685,5.451431,116.2568816,S0663,5.3891572,116.240027,7.171,0,9.5,True,False,0,True
10,S0685,5.451431,116.2568816,S0664,5.4542071,116.2578834,0.328,0,10.0,True,True,0,True
10,S0685,5.451431,116.2568816,S0665,5.4183322,116.2561088,3.681,0,10.1,True,True,0,True
10,S0685,5.451431,116.2568816,S0667,5.4797716,116.2752866,3.753,0,9.7,True,True,0,True
10,S0685,5.451431,116.2568816,S0668,5.4489856,116.2702798,1.508,0,7.5,True,True,0,True
10,S0685,5.451431,116.2568816,S0669,5.3997077,116.2381822,6.113,0,4.8,True,False,0,True
10,S0685,5.451431,116.2568816,S0670,5.4728503,116.2654893,2.565,0,-9.0,False,False,0,True
10,S0685,5.451431,116.2568816,S0671,5.4044747,116.2475115,5.323,0,9.8,True,True,0,True
10,S0685,5.451431,116.2568816,S0673,5.3940265,116.2424715,6.579,0,13.2,True,True,0,True
10,S0685,5.451431,116.2568816,S0674,5.4455835,116.2688726,1.478,0,10.1,True,True,0,True
10,S0685,5.451431,116.2568816,S0675,5.4585487,116.2659994,1.283,0,3.0,True,False,0,True
10,S0685,5.451431,116.2568816,S0676,5.4464732,116.267259,1.274,0,9.8,True,True,0,True
10,S0685,5.451431,116.2568816,S0677,5.4816186,116.2690947,3.619,0,-10.7,False,False,0,True
10,S0685,5.451431,116.2568816,S0678,5.4582441,116.2733047,1.969,0,10.1,True,True,0,True
10,S0685,5.451431,116.2568816,S0679,5.4190511,116.2334792,4.436,0,-2.7,False,False,0,True
10,S0685,5.451431,116.2568816,S0680,5.4623131,116.2811304,2.944,0,10.1,True,True,0,True
10,S0685,5.451431,116.2568816,S0681,5.4719211,116.2803596,3.456,0,8.9,True,True,0,True
10,S0685,5.451431,116.2568816,S0682,5.426731,116.2391342,3.377,0,7.3,True,True,0,True
10,S0685,5.451431,116.2568816,S0683,5.4676301,116.2678351,2.171,0,9.3,True,True,0,True
10,S0685,5.451431,116.2568816,S0684,5.455013,116.2639664,0.88,0,5.3,True,False,0,True
10,S0685,5.451431,116.2568816,S0686,5.4356626,116.2497626,1.922,0,9.9,True,True,0,True
10,S0685,5.451431,116.2568816,S0687,5.4457484,116.2570889,0.632,0,9.7,True,True,0,True
10,S0685,5.451431,116.2568816,S0688,5.4307567,116.2278076,3.955,0,-1.5,False,False,0,True
10,S0685,5.451431,116.2568816,S0689,5.4176834,116.227837,4.942,0,8.0,True,False,0,True
10,S0685,5.451431,116.2568816,S0733,5.472185,116.2000632,6.699,0,-68.6,False,False,0,True
10,S0685,5.451431,116.2568816,S0735,5.4612709,116.2149548,4.768,0,-54.1,False,False,0,True
10,S0685,5.451431,116.2568816,S0750,5.4792463,116.2115667,5.893,0,-67.4,False,False,0,True
10,S0685,5.451431,116.2568816,S0753,5.4643992,116.2108043,5.3,0,-47.9,False,False,0,True
10,S0685,5.451431,116.2568816,S0754,5.4632208,116.2123797,5.097,0,-45.6,False,False,0,True
10,S0685,5.451431,116.2568816,S0755,5.4692707,116.2091656,5.642,0,-75.3,False,False,0,True
10,S0685,5.451431,116.2568816,S0758,5.4385565,116.1878393,7.775,0,-17.8,False,False,0,True
10,S0685,5.451431,116.2568816,S0769,5.4328911,116.1968184,6.961,0,3.6,True,False,0,True
10,S0685,5.451431,116.2568816,S0803,5.5282671,116.2851388,9.098,0,-7.1,False,False,0,True
10,S0685,5.451431,116.2568816,S1076,5.4127509,116.2331743,5.038,0,1.4,True,False,0,True
10,S0685,5.451431,116.2568816,S0064,5.5091912,116.3233754,9.768,0,-70.3,False,False,0,True
10,S0686,5.4356626,116.2497626,S0057,5.4228974,116.209765,4.65,0,4.2,True,False,0,True
10,S0686,5.4356626,116.2497626,S0062,5.4587899,116.2736526,3.689,0,8.7,True,True,0,True
10,S0686,5.4356626,116.2497626,S0659,5.3797614,116.2340885,6.454,0,6.1,True,True,0,True
10,S0686,5.4356626,116.2497626,S0660,5.3629756,116.2129939,9.05,0,1.4,True,False,0,True
10,S0686,5.4356626,116.2497626,S0661,5.3621802,116.219394,8.835,0,6.6,True,True,0,True
10,S0686,5.4356626,116.2497626,S0663,5.3891572,116.240027,5.282,0,9.9,True,True,0,True
10,S0686,5.4356626,116.2497626,S0664,5.4542071,116.2578834,2.249,0,7.9,True,True,0,True
10,S0686,5.4356626,116.2497626,S0665,5.4183322,116.2561088,2.051,0,10.1,True,True,0,True
10,S0686,5.4356626,116.2497626,S0667,5.4797716,116.2752866,5.66,0,9.9,True,True,0,True
10,S0686,5.4356626,116.2497626,S0668,5.4489856,116.2702798,2.712,0,6.0,True,True,0,True
10,S0686,5.4356626,116.2497626,S0669,5.3997077,116.2381822,4.199,0,10.3,True,True,0,True
10,S0686,5.4356626,116.2497626,S0670,5.4728503,116.2654893,4.487,0,-9.9,False,False,0,True
10,S0686,5.4356626,116.2497626,S0671,5.4044747,116.2475115,3.477,0,10.1,True,True,0,True
10,S0686,5.4356626,116.2497626,S0673,5.3940265,116.2424715,4.7,0,13.2,True,True,0,True
10,S0686,5.4356626,116.2497626,S0674,5.4455835,116.2688726,2.386,0,10.1,True,True,0,True
10,S0686,5.4356626,116.2497626,S0675,5.4585487,116.2659994,3.116,0,4.8,True,False,0,True
10,S0686,5.4356626,116.2497626,S0676,5.4464732,116.267259,2.279,0,10.0,True,True,0,True
10,S0686,5.4356626,116.2497626,S0677,5.4816186,116.2690947,5.54,0,-13.3,False,False,0,True
10,S0686,5.4356626,116.2497626,S0678,5.4582441,116.2733047,3.619,0,11.1,True,True,0,True
10,S0686,5.4356626,116.2497626,S0679,5.4190511,116.2334792,2.581,0,7.1,True,False,0,True
10,S0686,5.4356626,116.2497626,S0680,5.4623131,116.2811304,4.565,0,10.1,True,True,0,True
10,S0686,5.4356626,116.2497626,S0681,5.4719211,116.2803596,5.266,0,8.9,True,True,0,True
10,S0686,5.4356626,116.2497626,S0682,5.426731,116.2391342,1.54,0,7.9,True,True,0,True
10,S0686,5.4356626,116.2497626,S0683,5.4676301,116.2678351,4.079,0,7.0,True,False,0,True
10,S0686,5.4356626,116.2497626,S0684,5.455013,116.2639664,2.665,0,0.9,True,False,0,True
10,S0686,5.4356626,116.2497626,S0685,5.451431,116.2568816,1.922,0,6.9,True,True,0,True
10,S0686,5.4356626,116.2497626,S0687,5.4457484,116.2570889,1.384,0,9.1,True,True,0,True
10,S0686,5.4356626,116.2497626,S0688,5.4307567,116.2278076,2.491,0,10.1,True,True,0,True
10,S0686,5.4356626,116.2497626,S0689,5.4176834,116.227837,3.144,0,9.2,True,True,0,True
10,S0686,5.4356626,116.2497626,S0733,5.472185,116.2000632,6.838,0,-27.3,False,False,0,True
10,S0686,5.4356626,116.2497626,S0735,5.4612709,116.2149548,4.791,0,-42.6,False,False,0,True
10,S0686,5.4356626,116.2497626,S0750,5.4792463,116.2115667,6.431,0,-14.3,False,False,0,True
10,S0686,5.4356626,116.2497626,S0753,5.4643992,116.2108043,5.367,0,-35.8,False,False,0,True
10,S0686,5.4356626,116.2497626,S0754,5.4632208,116.2123797,5.149,0,-35.1,False,False,0,True
10,S0686,5.4356626,116.2497626,S0755,5.4692707,116.2091656,5.845,0,-34.5,False,False,0,True
10,S0686,5.4356626,116.2497626,S0758,5.4385565,116.1878393,6.862,0,2.3,True,False,0,True
10,S0686,5.4356626,116.2497626,S0769,5.4328911,116.1968184,5.869,0,4.4,True,False,0,True
10,S0686,5.4356626,116.2497626,S1076,5.4127509,116.2331743,3.14,0,8.4,True,False,0,True
10,S0687,5.4457484,116.2570889,S0057,5.4228974,116.209765,5.822,0,1.3,True,False,0,True
10,S0687,5.4457484,116.2570889,S0062,5.4587899,116.2736526,2.338,0,8.9,True,True,0,True
10,S0687,5.4457484,116.2570889,S0659,5.3797614,116.2340885,7.767,0,5.9,True,True,0,True
10,S0687,5.4457484,116.2570889,S0663,5.3891572,116.240027,6.57,0,9.5,True,True,0,True
10,S0687,5.4457484,116.2570889,S0664,5.4542071,116.2578834,0.945,0,10.0,True,True,0,True
10,S0687,5.4457484,116.2570889,S0665,5.4183322,116.2561088,3.05,0,10.1,True,True,0,True
10,S0687,5.4457484,116.2570889,S0667,5.4797716,116.2752866,4.286,0,9.9,True,True,0,True
10,S0687,5.4457484,116.2570889,S0668,5.4489856,116.2702798,1.504,0,6.4,True,True,0,True
10,S0687,5.4457484,116.2570889,S0669,5.3997077,116.2381822,5.531,0,10.2,True,True,0,True
10,S0687,5.4457484,116.2570889,S0670,5.4728503,116.2654893,3.154,0,-8.9,False,False,0,True
10,S0687,5.4457484,116.2570889,S0671,5.4044747,116.2475115,4.71,0,8.7,True,True,0,True
10,S0687,5.4457484,116.2570889,S0673,5.3940265,116.2424715,5.975,0,13.1,True,True,0,True
10,S0687,5.4457484,116.2570889,S0674,5.4455835,116.2688726,1.305,0,10.1,True,True,0,True
10,S0687,5.4457484,116.2570889,S0675,5.4585487,116.2659994,1.732,0,5.4,True,True,0,True
10,S0687,5.4457484,116.2570889,S0676,5.4464732,116.267259,1.129,0,9.9,True,True,0,True
10,S0687,5.4457484,116.2570889,S0677,5.4816186,116.2690947,4.204,0,-9.8,False,False,0,True
10,S0687,5.4457484,116.2570889,S0678,5.4582441,116.2733047,2.27,0,10.1,True,True,0,True
10,S0687,5.4457484,116.2570889,S0679,5.4190511,116.2334792,3.955,0,-0.1,False,False,0,True
10,S0687,5.4457484,116.2570889,S0680,5.4623131,116.2811304,3.236,0,10.1,True,True,0,True
10,S0687,5.4457484,116.2570889,S0681,5.4719211,116.2803596,3.886,0,8.9,True,True,0,True
10,S0687,5.4457484,116.2570889,S0682,5.426731,116.2391342,2.902,0,7.4,True,False,0,True
10,S0687,5.4457484,116.2570889,S0683,5.4676301,116.2678351,2.708,0,9.2,True,True,0,True
10,S0687,5.4457484,116.2570889,S0684,5.455013,116.2639664,1.281,0,3.9,True,False,0,True
10,S0687,5.4457484,116.2570889,S0685,5.451431,116.2568816,0.632,0,8.9,True,True,0,True
10,S0687,5.4457484,116.2570889,S0686,5.4356626,116.2497626,1.384,0,10.1,True,True,0,True
10,S0687,5.4457484,116.2570889,S0688,5.4307567,116.2278076,3.645,0,2.9,True,False,0,True
10,S0687,5.4457484,116.2570889,S0689,5.4176834,116.227837,4.497,0,9.1,True,False,0,True
10,S0687,5.4457484,116.2570889,S0733,5.472185,116.2000632,6.963,0,-37.6,False,False,0,True
10,S0687,5.4457484,116.2570889,S0735,5.4612709,116.2149548,4.973,0,-41.5,False,False,0,True
10,S0687,5.4457484,116.2570889,S0750,5.4792463,116.2115667,6.266,0,-51.9,False,False,0,True
10,S0687,5.4457484,116.2570889,S0753,5.4643992,116.2108043,5.527,0,-37.2,False,False,0,True
10,S0687,5.4457484,116.2570889,S0754,5.4632208,116.2123797,5.317,0,-35.3,False,False,0,True
10,S0687,5.4457484,116.2570889,S0755,5.4692707,116.2091656,5.914,0,-47.8,False,False,0,True
10,S0687,5.4457484,116.2570889,S0758,5.4385565,116.1878393,7.707,0,1.2,True,False,0,True
10,S0687,5.4457484,116.2570889,S0769,5.4328911,116.1968184,6.823,0,3.2,True,False,0,True
10,S0687,5.4457484,116.2570889,S0803,5.5282671,116.2851388,9.687,0,-6.1,False,False,0,True
10,S0687,5.4457484,116.2570889,S1076,5.4127509,116.2331743,4.524,0,2.1,True,False,0,True
10,S0688,5.4307567,116.2278076,S0057,5.4228974,116.209765,2.18,0,6.8,True,False,0,True
10,S0688,5.4307567,116.2278076,S0062,5.4587899,116.2736526,5.956,0,-4.7,False,False,0,True
10,S0688,5.4307567,116.2278076,S0658,5.3467074,116.2097255,9.558,0,10.6,True,False,0,True
10,S0688,5.4307567,116.2278076,S0659,5.3797614,116.2340885,5.713,0,10.9,True,True,0,True
10,S0688,5.4307567,116.2278076,S0660,5.3629756,116.2129939,7.713,0,-1.9,False,False,0,True
10,S0688,5.4307567,116.2278076,S0661,5.3621802,116.219394,7.682,0,6.8,True,True,0,True
10,S0688,5.4307567,116.2278076,S0663,5.3891572,116.240027,4.819,0,10.2,True,True,0,True
10,S0688,5.4307567,116.2278076,S0664,5.4542071,116.2578834,4.229,0,-7.8,False,False,0,True
10,S0688,5.4307567,116.2278076,S0665,5.4183322,116.2561088,3.424,0,10.1,True,True,0,True
10,S0688,5.4307567,116.2278076,S0667,5.4797716,116.2752866,7.571,0,9.8,True,True,0,True
10,S0688,5.4307567,116.2278076,S0668,5.4489856,116.2702798,5.12,0,-3.5,False,False,0,True
10,S0688,5.4307567,116.2278076,S0669,5.3997077,116.2381822,3.638,0,9.1,True,True,0,True
10,S0688,5.4307567,116.2278076,S0670,5.4728503,116.2654893,6.269,0,-18.2,False,False,0,True
10,S0688,5.4307567,116.2278076,S0671,5.4044747,116.2475115,3.647,0,10.1,True,True,0,True
10,S0688,5.4307567,116.2278076,S0673,5.3940265,116.2424715,4.395,0,13.1,True,True,0,True
10,S0688,5.4307567,116.2278076,S0674,5.4455835,116.2688726,4.835,0,0.0,True,False,0,True
10,S0688,5.4307567,116.2278076,S0675,5.4585487,116.2659994,5.237,0,-15.9,False,False,0,True
10,S0688,5.4307567,116.2278076,S0676,5.4464732,116.267259,4.704,0,-4.9,False,False,0,True
10,S0688,5.4307567,116.2278076,S0677,5.4816186,116.2690947,7.271,0,-55.5,False,False,0,True
10,S0688,5.4307567,116.2278076,S0678,5.4582441,116.2733047,5.891,0,-3.4,False,False,0,True
10,S0688,5.4307567,116.2278076,S0679,5.4190511,116.2334792,1.445,0,7.9,True,True,0,True
10,S0688,5.4307567,116.2278076,S0680,5.4623131,116.2811304,6.867,0,3.6,True,False,0,True
10,S0688,5.4307567,116.2278076,S0681,5.4719211,116.2803596,7.402,0,7.2,True,False,0,True
10,S0688,5.4307567,116.2278076,S0682,5.426731,116.2391342,1.331,0,10.1,True,True,0,True
10,S0688,5.4307567,116.2278076,S0683,5.4676301,116.2678351,6.037,0,-0.2,False,False,0,True
10,S0688,5.4307567,116.2278076,S0684,5.455013,116.2639664,4.827,0,-13.0,False,False,0,True
10,S0688,5.4307567,116.2278076,S0685,5.451431,116.2568816,3.955,0,-8.7,False,False,0,True
10,S0688,5.4307567,116.2278076,S0686,5.4356626,116.2497626,2.491,0,8.6,True,True,0,True
10,S0688,5.4307567,116.2278076,S0687,5.4457484,116.2570889,3.645,0,2.4,True,False,0,True
10,S0688,5.4307567,116.2278076,S0689,5.4176834,116.227837,1.454,0,10.1,True,True,0,True
10,S0688,5.4307567,116.2278076,S0733,5.472185,116.2000632,5.536,0,5.2,True,False,0,True
10,S0688,5.4307567,116.2278076,S0735,5.4612709,116.2149548,3.679,0,-20.9,False,False,0,True
10,S0688,5.4307567,116.2278076,S0750,5.4792463,116.2115667,5.684,0,7.7,True,True,0,True
10,S0688,5.4307567,116.2278076,S0753,5.4643992,116.2108043,4.188,0,-12.2,False,False,0,True
10,S0688,5.4307567,116.2278076,S0754,5.4632208,116.2123797,3.993,0,-6.5,False,False,0,True
10,S0688,5.4307567,116.2278076,S0755,5.4692707,116.2091656,4.754,0,-9.6,False,False,0,True
10,S0688,5.4307567,116.2278076,S0758,5.4385565,116.1878393,4.509,0,2.3,True,False,0,True
10,S0688,5.4307567,116.2278076,S0769,5.4328911,116.1968184,3.439,0,4.1,True,False,0,True
10,S0688,5.4307567,116.2278076,S1076,5.4127509,116.2331743,2.088,0,5.0,True,False,0,True
10,S0688,5.4307567,116.2278076,S1083,5.3975112,116.1526828,9.101,0,1.0,True,False,0,True
10,S0689,5.4176834,116.227837,S0057,5.4228974,116.209765,2.083,0,7.5,True,True,0,True
10,S0689,5.4176834,116.227837,S0062,5.4587899,116.2736526,6.827,0,1.6,True,False,0,True
10,S0689,5.4176834,116.227837,S0656,5.3409493,116.1995303,9.09,0,9.8,True,True,0,True
10,S0689,5.4176834,116.227837,S0658,5.3467074,116.2097255,8.143,0,10.6,True,False,0,True
10,S0689,5.4176834,116.227837,S0659,5.3797614,116.2340885,4.273,0,11.2,True,True,0,True
10,S0689,5.4176834,116.227837,S0660,5.3629756,116.2129939,6.301,0,2.0,True,False,0,True
10,S0689,5.4176834,116.227837,S0661,5.3621802,116.219394,6.242,0,7.0,True,True,0,True
10,S0689,5.4176834,116.227837,S0663,5.3891572,116.240027,3.447,0,9.8,True,True,0,True
10,S0689,5.4176834,116.227837,S0664,5.4542071,116.2578834,5.249,0,-1.1,False,False,0,True
10,S0689,5.4176834,116.227837,S0665,5.4183322,116.2561088,3.13,0,10.1,True,True,0,True
10,S0689,5.4176834,116.227837,S0667,5.4797716,116.2752866,8.675,0,9.8,True,True,0,True
10,S0689,5.4176834,116.227837,S0668,5.4489856,116.2702798,5.847,0,-7.2,False,False,0,True
10,S0689,5.4176834,116.227837,S0669,5.3997077,116.2381822,2.304,0,9.5,True,True,0,True
10,S0689,5.4176834,116.227837,S0670,5.4728503,116.2654893,7.416,0,-11.6,False,False,0,True
10,S0689,5.4176834,116.227837,S0671,5.4044747,116.2475115,2.627,0,10.1,True,True,0,True
10,S0689,5.4176834,116.227837,S0673,5.3940265,116.2424715,3.089,0,12.4,True,True,0,True
10,S0689,5.4176834,116.227837,S0674,5.4455835,116.2688726,5.501,0,3.0,True,False,0,True
10,S0689,5.4176834,116.227837,S0675,5.4585487,116.2659994,6.204,0,-6.4,False,False,0,True
10,S0689,5.4176834,116.227837,S0676,5.4464732,116.267259,5.412,0,-6.9,False,False,0,True
10,S0689,5.4176834,116.227837,S0677,5.4816186,116.2690947,8.45,0,-38.6,False,False,0,True
10,S0689,5.4176834,116.227837,S0678,5.4582441,116.2733047,6.758,0,1.9,True,False,0,True
10,S0689,5.4176834,116.227837,S0679,5.4190511,116.2334792,0.643,0,8.1,True,True,0,True
10,S0689,5.4176834,116.227837,S0680,5.4623131,116.2811304,7.709,0,10.0,True,False,0,True
10,S0689,5.4176834,116.227837,S0681,5.4719211,116.2803596,8.377,0,8.9,True,True,0,True
10,S0689,5.4176834,116.227837,S0682,5.426731,116.2391342,1.605,0,10.0,True,True,0,True
10,S0689,5.4176834,116.227837,S0683,5.4676301,116.2678351,7.103,0,1.2,True,False,0,True
10,S0689,5.4176834,116.227837,S0684,5.455013,116.2639664,5.764,0,-2.2,False,False,0,True
10,S0689,5.4176834,116.227837,S0685,5.451431,116.2568816,4.942,0,0.1,True,False,0,True
10,S0689,5.4176834,116.227837,S0686,5.4356626,116.2497626,3.144,0,9.4,True,True,0,True
10,S0689,5.4176834,116.227837,S0687,5.4457484,116.2570889,4.497,0,5.2,True,False,0,True
10,S0689,5.4176834,116.227837,S0688,5.4307567,116.2278076,1.454,0,10.0,True,True,0,True
10,S0689,5.4176834,116.227837,S0733,5.472185,116.2000632,6.796,0,10.8,True,True,0,True
10,S0689,5.4176834,116.227837,S0735,5.4612709,116.2149548,5.052,0,-15.0,False,False,0,True
10,S0689,5.4176834,116.227837,S0750,5.4792463,116.2115667,7.078,0,8.1,True,True,0,True
10,S0689,5.4176834,116.227837,S0753,5.4643992,116.2108043,5.526,0,-9.5,False,False,0,True
10,S0689,5.4176834,116.227837,S0754,5.4632208,116.2123797,5.345,0,-19.5,False,False,0,True
10,S0689,5.4176834,116.227837,S0755,5.4692707,116.2091656,6.097,0,-11.4,False,False,0,True
10,S0689,5.4176834,116.227837,S0758,5.4385565,116.1878393,4.999,0,4.0,True,False,0,True
10,S0689,5.4176834,116.227837,S0769,5.4328911,116.1968184,3.827,0,2.3,True,False,0,True
10,S0689,5.4176834,116.227837,S0778,5.3908583,116.1417781,9.983,0,-84.5,False,False,0,True
10,S0689,5.4176834,116.227837,S1076,5.4127509,116.2331743,0.806,0,8.5,True,True,0,True
10,S0689,5.4176834,116.227837,S1083,5.3975112,116.1526828,8.617,0,2.4,True,False,0,True
10,S0690,5.1964629,116.359591,S0044,5.2313137,116.3580845,3.879,0,9.6,True,False,0,True
10,S0690,5.1964629,116.359591,S0049,5.2732968,116.3747193,8.706,0,-11.9,False,False,0,True
10,S0690,5.1964629,116.359591,S0114,5.1423979,116.289617,9.808,0,-10.4,False,False,0,True
10,S0690,5.1964629,116.359591,S0632,5.2832779,116.379809,9.91,0,-16.7,False,False,0,True
10,S0690,5.1964629,116.359591,S0633,5.1739474,116.391897,4.367,0,-14.7,False,False,0,True
10,S0690,5.1964629,116.359591,S0636,5.1225003,116.3911099,8.934,0,-32.6,False,False,0,True
10,S0690,5.1964629,116.359591,S0637,5.1920657,116.3999474,4.496,0,11.0,True,True,0,True
10,S0690,5.1964629,116.359591,S0638,5.2601226,116.3734017,7.242,0,-13.4,False,False,0,True
10,S0690,5.1964629,116.359591,S0639,5.2593984,116.3756262,7.22,0,-11.9,False,False,0,True
10,S0690,5.1964629,116.359591,S0648,5.1481891,116.3564896,5.379,0,7.1,True,True,0,True
10,S0690,5.1964629,116.359591,S0650,5.1626227,116.3648085,3.807,0,10.2,True,True,0,True
10,S0690,5.1964629,116.359591,S0651,5.1459778,116.3678933,5.688,0,4.9,True,False,0,True
10,S0690,5.1964629,116.359591,S0654,5.1518875,116.3337432,5.724,0,4.7,True,False,0,True
10,S0690,5.1964629,116.359591,S0693,5.2181166,116.344786,2.913,0,3.0,True,False,0,True
10,S0690,5.1964629,116.359591,S0697,5.2419511,116.3674556,5.132,0,10.0,True,True,0,True
10,S0690,5.1964629,116.359591,S0699,5.1807118,116.3504924,2.021,0,8.7,True,True,0,True
10,S0690,5.1964629,116.359591,S0700,5.2314063,116.3720737,4.124,0,7.1,True,True,0,True
10,S0690,5.1964629,116.359591,S0701,5.1863236,116.3527253,1.36,0,9.1,True,True,0,True
10,S0690,5.1964629,116.359591,S0702,5.2312481,116.358671,3.869,0,7.7,True,False,0,True
10,S0690,5.1964629,116.359591,S0703,5.2413062,116.3539969,5.025,0,6.5,True,True,0,True
10,S0690,5.1964629,116.359591,S1073,5.1234242,116.3860528,8.634,0,-8.5,False,False,0,True
10,S0690,5.1964629,116.359591,S0593,5.117645,116.3432834,8.948,0,10.0,True,False,0,True
10,S0693,5.2181166,116.344786,S0044,5.2313137,116.3580845,2.079,0,10.1,True,True,0,True
10,S0693,5.2181166,116.344786,S0049,5.2732968,116.3747193,6.974,0,-11.0,False,False,0,True
10,S0693,5.2181166,116.344786,S0623,5.292031,116.3884042,9.533,0,-11.0,False,False,0,True
10,S0693,5.2181166,116.344786,S0632,5.2832779,116.379809,8.218,0,-0.2,False,False,0,True
10,S0693,5.2181166,116.344786,S0633,5.1739474,116.391897,7.165,0,-21.7,False,False,0,True
10,S0693,5.2181166,116.344786,S0634,5.2882954,116.3810541,8.776,0,-3.0,False,False,0,True
10,S0693,5.2181166,116.344786,S0637,5.1920657,116.3999474,6.76,0,11.0,True,True,0,True
10,S0693,5.2181166,116.344786,S0638,5.2601226,116.3734017,5.644,0,-17.1,False,False,0,True
10,S0693,5.2181166,116.344786,S0639,5.2593984,116.3756262,5.721,0,-10.9,False,False,0,True
10,S0693,5.2181166,116.344786,S0648,5.1481891,116.3564896,7.883,0,7.1,True,False,0,True
10,S0693,5.2181166,116.344786,S0650,5.1626227,116.3648085,6.557,0,7.7,True,True,0,True
10,S0693,5.2181166,116.344786,S0651,5.1459778,116.3678933,8.42,0,5.7,True,False,0,True
10,S0693,5.2181166,116.344786,S0654,5.1518875,116.3337432,7.465,0,8.3,True,False,0,True
10,S0693,5.2181166,116.344786,S0690,5.1964629,116.359591,2.913,0,8.3,True,True,0,True
10,S0693,5.2181166,116.344786,S0697,5.2419511,116.3674556,3.65,0,8.3,True,True,0,True
10,S0693,5.2181166,116.344786,S0699,5.1807118,116.3504924,4.207,0,9.5,True,False,0,True
10,S0693,5.2181166,116.344786,S0700,5.2314063,116.3720737,3.364,0,10.1,True,True,0,True
10,S0693,5.2181166,116.344786,S0701,5.1863236,116.3527253,3.643,0,8.1,True,False,0,True
10,S0693,5.2181166,116.344786,S0702,5.2312481,116.358671,2.12,0,8.2,True,True,0,True
10,S0693,5.2181166,116.344786,S0703,5.2413062,116.3539969,2.773,0,6.3,True,True,0,True
10,S0697,5.2419511,116.3674556,S0042,5.3132388,116.4101726,9.231,0,-26.2,False,False,0,True
10,S0697,5.2419511,116.3674556,S0044,5.2313137,116.3580845,1.573,0,10.1,True,True,0,True
10,S0697,5.2419511,116.3674556,S0049,5.2732968,116.3747193,3.577,0,1.3,True,False,0,True
10,S0697,5.2419511,116.3674556,S0623,5.292031,116.3884042,6.032,0,-12.9,False,False,0,True
10,S0697,5.2419511,116.3674556,S0631,5.3030662,116.3959753,7.494,0,-3.0,False,False,0,True
10,S0697,5.2419511,116.3674556,S0632,5.2832779,116.379809,4.795,0,3.5,True,False,0,True
10,S0697,5.2419511,116.3674556,S0633,5.1739474,116.391897,8.031,0,-10.6,False,False,0,True
10,S0697,5.2419511,116.3674556,S0634,5.2882954,116.3810541,5.369,0,3.6,True,False,0,True
10,S0697,5.2419511,116.3674556,S0637,5.1920657,116.3999474,6.612,0,-27.1,False,False,0,True
10,S0697,5.2419511,116.3674556,S0638,5.2601226,116.3734017,2.125,0,0.5,True,False,0,True
10,S0697,5.2419511,116.3674556,S0639,5.2593984,116.3756262,2.141,0,5.7,True,False,0,True
10,S0697,5.2419511,116.3674556,S0650,5.1626227,116.3648085,8.826,0,10.2,True,True,0,True
10,S0697,5.2419511,116.3674556,S0690,5.1964629,116.359591,5.132,0,7.4,True,True,0,True
10,S0697,5.2419511,116.3674556,S0693,5.2181166,116.344786,3.65,0,5.6,True,False,0,True
10,S0697,5.2419511,116.3674556,S0699,5.1807118,116.3504924,7.064,0,8.5,True,False,0,True
10,S0697,5.2419511,116.3674556,S0700,5.2314063,116.3720737,1.279,0,10.1,True,True,0,True
10,S0697,5.2419511,116.3674556,S0701,5.1863236,116.3527253,6.397,0,7.9,True,False,0,True
10,S0697,5.2419511,116.3674556,S0702,5.2312481,116.358671,1.537,0,10.0,True,True,0,True
10,S0697,5.2419511,116.3674556,S0703,5.2413062,116.3539969,1.492,0,7.4,True,True,0,True
10,S0697,5.2419511,116.3674556,S0649,5.2835791,116.4247876,7.857,0,-39.3,False,False,0,True
10,S0699,5.1807118,116.3504924,S0044,5.2313137,116.3580845,5.689,0,9.2,True,True,0,True
10,S0699,5.1807118,116.3504924,S0114,5.1423979,116.289617,7.975,0,-7.1,False,False,0,True
10,S0699,5.1807118,116.3504924,S0599,5.0954389,116.3409302,9.541,0,3.8,True,False,0,True
10,S0699,5.1807118,116.3504924,S0633,5.1739474,116.391897,4.646,0,-17.9,False,False,0,True
10,S0699,5.1807118,116.3504924,S0636,5.1225003,116.3911099,7.882,0,-6.9,False,False,0,True
10,S0699,5.1807118,116.3504924,S0637,5.1920657,116.3999474,5.62,0,12.0,True,True,0,True
10,S0699,5.1807118,116.3504924,S0638,5.2601226,116.3734017,9.187,0,-14.3,False,False,0,True
10,S0699,5.1807118,116.3504924,S0639,5.2593984,116.3756262,9.182,0,-24.0,False,False,0,True
10,S0699,5.1807118,116.3504924,S0648,5.1481891,116.3564896,3.677,0,7.2,True,True,0,True
10,S0699,5.1807118,116.3504924,S0650,5.1626227,116.3648085,2.561,0,7.0,True,True,0,True
10,S0699,5.1807118,116.3504924,S0651,5.1459778,116.3678933,4.316,0,5.7,True,False,0,True
10,S0699,5.1807118,116.3504924,S0654,5.1518875,116.3337432,3.703,0,7.7,True,False,0,True
10,S0699,5.1807118,116.3504924,S0690,5.1964629,116.359591,2.021,0,10.2,True,True,0,True
10,S0699,5.1807118,116.3504924,S0693,5.2181166,116.344786,4.207,0,-1.6,False,False,0,True
10,S0699,5.1807118,116.3504924,S0697,5.2419511,116.3674556,7.064,0,11.0,True,False,0,True
10,S0699,5.1807118,116.3504924,S0700,5.2314063,116.3720737,6.123,0,7.0,True,True,0,True
10,S0699,5.1807118,116.3504924,S0701,5.1863236,116.3527253,0.671,0,10.1,True,True,0,True
10,S0699,5.1807118,116.3504924,S0702,5.2312481,116.358671,5.692,0,7.4,True,False,0,True
10,S0699,5.1807118,116.3504924,S0703,5.2413062,116.3539969,6.749,0,4.4,True,False,0,True
10,S0699,5.1807118,116.3504924,S1073,5.1234242,116.3860528,7.489,0,10.0,True,False,0,True
10,S0699,5.1807118,116.3504924,S1074,5.1381847,116.2829209,8.852,0,-5.0,False,False,0,True
10,S0699,5.1807118,116.3504924,S0593,5.117645,116.3432834,7.058,0,10.0,True,True,0,True
10,S0700,5.2314063,116.3720737,S0044,5.2313137,116.3580845,1.549,0,10.1,True,True,0,True
10,S0700,5.2314063,116.3720737,S0049,5.2732968,116.3747193,4.667,0,0.3,True,False,0,True
10,S0700,5.2314063,116.3720737,S0623,5.292031,116.3884042,6.979,0,-18.0,False,False,0,True
10,S0700,5.2314063,116.3720737,S0631,5.3030662,116.3959753,8.396,0,-27.3,False,False,0,True
10,S0700,5.2314063,116.3720737,S0632,5.2832779,116.379809,5.831,0,-0.4,False,False,0,True
10,S0700,5.2314063,116.3720737,S0633,5.1739474,116.391897,6.756,0,-10.7,False,False,0,True
10,S0700,5.2314063,116.3720737,S0634,5.2882954,116.3810541,6.403,0,-3.9,False,False,0,True
10,S0700,5.2314063,116.3720737,S0637,5.1920657,116.3999474,5.354,0,-27.3,False,False,0,True
10,S0700,5.2314063,116.3720737,S0638,5.2601226,116.3734017,3.196,0,2.1,True,False,0,True
10,S0700,5.2314063,116.3720737,S0639,5.2593984,116.3756262,3.137,0,-9.1,False,False,0,True
10,S0700,5.2314063,116.3720737,S0648,5.1481891,116.3564896,9.413,0,9.1,True,True,0,True
10,S0700,5.2314063,116.3720737,S0650,5.1626227,116.3648085,7.691,0,10.1,True,True,0,True
10,S0700,5.2314063,116.3720737,S0651,5.1459778,116.3678933,9.511,0,-9.5,False,False,0,True
10,S0700,5.2314063,116.3720737,S0654,5.1518875,116.3337432,9.808,0,1.4,True,False,0,True
10,S0700,5.2314063,116.3720737,S0690,5.1964629,116.359591,4.124,0,7.7,True,False,0,True
10,S0700,5.2314063,116.3720737,S0693,5.2181166,116.344786,3.364,0,7.7,True,False,0,True
10,S0700,5.2314063,116.3720737,S0697,5.2419511,116.3674556,1.279,0,10.0,True,True,0,True
10,S0700,5.2314063,116.3720737,S0699,5.1807118,116.3504924,6.123,0,8.3,True,False,0,True
10,S0700,5.2314063,116.3720737,S0701,5.1863236,116.3527253,5.452,0,8.3,True,False,0,True
10,S0700,5.2314063,116.3720737,S0702,5.2312481,116.358671,1.484,0,7.0,True,True,0,True
10,S0700,5.2314063,116.3720737,S0703,5.2413062,116.3539969,2.284,0,5.1,True,True,0,True
10,S0700,5.2314063,116.3720737,S0649,5.2835791,116.4247876,8.23,0,-63.0,False,False,0,True
10,S0701,5.1863236,116.3527253,S0044,5.2313137,116.3580845,5.038,0,9.3,True,True,0,True
10,S0701,5.1863236,116.3527253,S0049,5.2732968,116.3747193,9.973,0,-13.1,False,False,0,True
10,S0701,5.1863236,116.3527253,S0114,5.1423979,116.289617,8.526,0,-8.2,False,False,0,True
10,S0701,5.1863236,116.3527253,S0633,5.1739474,116.391897,4.551,0,-22.0,False,False,0,True
10,S0701,5.1863236,116.3527253,S0636,5.1225003,116.3911099,8.273,0,-14.9,False,False,0,True
10,S0701,5.1863236,116.3527253,S0637,5.1920657,116.3999474,5.268,0,12.0,True,True,0,True
10,S0701,5.1863236,116.3527253,S0638,5.2601226,116.3734017,8.52,0,-12.2,False,False,0,True
10,S0701,5.1863236,116.3527253,S0639,5.2593984,116.3756262,8.512,0,-23.8,False,False,0,True
10,S0701,5.1863236,116.3527253,S0648,5.1481891,116.3564896,4.261,0,7.1,True,True,0,True
10,S0701,5.1863236,116.3527253,S0650,5.1626227,116.3648085,2.956,0,6.1,True,True,0,True
10,S0701,5.1863236,116.3527253,S0651,5.1459778,116.3678933,4.79,0,5.7,True,False,0,True
10,S0701,5.1863236,116.3527253,S0654,5.1518875,116.3337432,4.368,0,7.6,True,False,0,True
10,S0701,5.1863236,116.3527253,S0690,5.1964629,116.359591,1.36,0,11.1,True,True,0,True
10,S0701,5.1863236,116.3527253,S0693,5.2181166,116.344786,3.643,0,-4.4,False,False,0,True
10,S0701,5.1863236,116.3527253,S0697,5.2419511,116.3674556,6.397,0,11.0,True,True,0,True
10,S0701,5.1863236,116.3527253,S0699,5.1807118,116.3504924,0.671,0,9.9,True,True,0,True
10,S0701,5.1863236,116.3527253,S0700,5.2314063,116.3720737,5.452,0,7.1,True,True,0,True
10,S0701,5.1863236,116.3527253,S0702,5.2312481,116.358671,5.039,0,7.1,True,False,0,True
10,S0701,5.1863236,116.3527253,S0703,5.2413062,116.3539969,6.115,0,4.4,True,False,0,True
10,S0701,5.1863236,116.3527253,S1073,5.1234242,116.3860528,7.908,0,10.0,True,True,0,True
10,S0701,5.1863236,116.3527253,S1074,5.1381847,116.2829209,9.403,0,-8.3,False,False,0,True
10,S0701,5.1863236,116.3527253,S0593,5.117645,116.3432834,7.708,0,10.0,True,False,0,True
10,S0702,5.2312481,116.358671,S0044,5.2313137,116.3580845,0.065,0,10.0,True,True,0,True
10,S0702,5.2312481,116.358671,S0049,5.2732968,116.3747193,5.002,0,-22.8,False,False,0,True
10,S0702,5.2312481,116.358671,S0623,5.292031,116.3884042,7.518,0,-15.6,False,False,0,True
10,S0702,5.2312481,116.358671,S0631,5.3030662,116.3959753,8.991,0,-11.0,False,False,0,True
10,S0702,5.2312481,116.358671,S0632,5.2832779,116.379809,6.241,0,-13.7,False,False,0,True
10,S0702,5.2312481,116.358671,S0633,5.1739474,116.391897,7.358,0,-23.3,False,False,0,True
10,S0702,5.2312481,116.358671,S0634,5.2882954,116.3810541,6.81,0,-14.6,False,False,0,True
10,S0702,5.2312481,116.358671,S0637,5.1920657,116.3999474,6.315,0,1.3,True,False,0,True
10,S0702,5.2312481,116.358671,S0638,5.2601226,116.3734017,3.601,0,-11.8,False,False,0,True
10,S0702,5.2312481,116.358671,S0639,5.2593984,116.3756262,3.65,0,-11.3,False,False,0,True
10,S0702,5.2312481,116.358671,S0648,5.1481891,116.3564896,9.239,0,7.1,True,False,0,True
10,S0702,5.2312481,116.358671,S0650,5.1626227,116.3648085,7.661,0,10.1,True,True,0,True
10,S0702,5.2312481,116.358671,S0651,5.1459778,116.3678933,9.536,0,4.7,True,False,0,True
10,S0702,5.2312481,116.358671,S0654,5.1518875,116.3337432,9.246,0,4.7,True,False,0,True
10,S0702,5.2312481,116.358671,S0690,5.1964629,116.359591,3.869,0,7.3,True,True,0,True
10,S0702,5.2312481,116.358671,S0693,5.2181166,116.344786,2.12,0,6.1,True,False,0,True
10,S0702,5.2312481,116.358671,S0697,5.2419511,116.3674556,1.537,0,10.0,True,True,0,True
10,S0702,5.2312481,116.358671,S0699,5.1807118,116.3504924,5.692,0,8.3,True,False,0,True
10,S0702,5.2312481,116.358671,S0700,5.2314063,116.3720737,1.484,0,10.0,True,True,0,True
10,S0702,5.2312481,116.358671,S0701,5.1863236,116.3527253,5.039,0,7.9,True,True,0,True
10,S0702,5.2312481,116.358671,S0703,5.2413062,116.3539969,1.232,0,6.0,True,True,0,True
10,S0702,5.2312481,116.358671,S0649,5.2835791,116.4247876,9.352,0,-51.8,False,False,0,True
10,S0703,5.2413062,116.3539969,S0044,5.2313137,116.3580845,1.2,0,10.1,True,True,0,True
10,S0703,5.2413062,116.3539969,S0049,5.2732968,116.3747193,4.233,0,-3.2,False,False,0,True
10,S0703,5.2413062,116.3539969,S0623,5.292031,116.3884042,6.806,0,6.0,True,False,0,True
10,S0703,5.2413062,116.3539969,S0631,5.3030662,116.3959753,8.293,0,-5.6,False,False,0,True
10,S0703,5.2413062,116.3539969,S0632,5.2832779,116.379809,5.473,0,8.3,True,False,0,True
10,S0703,5.2413062,116.3539969,S0633,5.1739474,116.391897,8.586,0,-22.1,False,False,0,True
10,S0703,5.2413062,116.3539969,S0634,5.2882954,116.3810541,6.023,0,2.3,True,False,0,True
10,S0703,5.2413062,116.3539969,S0637,5.1920657,116.3999474,7.475,0,-8.2,False,False,0,True
10,S0703,5.2413062,116.3539969,S0638,5.2601226,116.3734017,2.999,0,-5.4,False,False,0,True
10,S0703,5.2413062,116.3539969,S0639,5.2593984,116.3756262,3.128,0,1.7,True,False,0,True
10,S0703,5.2413062,116.3539969,S0650,5.1626227,116.3648085,8.831,0,10.2,True,True,0,True
10,S0703,5.2413062,116.3539969,S0690,5.1964629,116.359591,5.025,0,7.8,True,True,0,True
10,S0703,5.2413062,116.3539969,S0693,5.2181166,116.344786,2.773,0,5.3,True,False,0,True
10,S0703,5.2413062,116.3539969,S0697,5.2419511,116.3674556,1.492,0,3.1,True,False,0,True
10,S0703,5.2413062,116.3539969,S0699,5.1807118,116.3504924,6.749,0,8.7,True,False,0,True
10,S0703,5.2413062,116.3539969,S0700,5.2314063,116.3720737,2.284,0,10.1,True,True,0,True
10,S0703,5.2413062,116.3539969,S0701,5.1863236,116.3527253,6.115,0,7.5,True,True,0,True
10,S0703,5.2413062,116.3539969,S0702,5.2312481,116.358671,1.232,0,8.7,True,True,0,True
10,S0703,5.2413062,116.3539969,S0649,5.2835791,116.4247876,9.14,0,-21.0,False,False,0,True
10,S0707,5.3012077,116.0350168,S0053,5.2908601,116.0344046,1.153,0,9.5,True,True,0,True
10,S0707,5.3012077,116.0350168,S0714,5.3047058,116.0623524,3.051,0,-15.3,False,False,0,True
10,S0707,5.3012077,116.0350168,S0716,5.3158088,116.0891985,6.215,0,-137.6,False,False,0,True
10,S0707,5.3012077,116.0350168,S0720,5.2787276,116.1215895,9.906,0,-209.1,False,False,0,True
10,S0707,5.3012077,116.0350168,S0721,5.2778914,116.1196595,9.724,0,-205.5,False,False,0,True
10,S0707,5.3012077,116.0350168,S0724,5.3403046,116.0926618,7.722,0,-194.7,False,False,0,True
10,S0707,5.3012077,116.0350168,S0746,5.3050012,116.0470604,1.399,0,-12.6,False,False,0,True
10,S0707,5.3012077,116.0350168,S0751,5.3175429,116.0864757,5.98,0,-117.8,False,False,0,True
10,S0707,5.3012077,116.0350168,S0752,5.2886435,116.0349977,1.397,0,9.9,True,True,0,True
10,S0707,5.3012077,116.0350168,S0718,5.3025712,116.0534426,2.046,0,-61.2,False,False,0,True
10,S0708,5.2780362,116.1393509,S0656,5.3409493,116.1995303,9.661,0,-35.8,False,False,0,True
10,S0708,5.2780362,116.1393509,S0710,5.2703372,116.1251851,1.787,0,-18.1,False,False,0,True
10,S0708,5.2780362,116.1393509,S0714,5.3047058,116.0623524,9.026,0,-10.4,False,False,0,True
10,S0708,5.2780362,116.1393509,S0715,5.2806717,116.1968127,6.369,0,-12.1,False,False,0,True
10,S0708,5.2780362,116.1393509,S0716,5.3158088,116.0891985,6.962,0,-10.8,False,False,0,True
10,S0708,5.2780362,116.1393509,S0720,5.2787276,116.1215895,1.968,0,-14.5,False,False,0,True
10,S0708,5.2780362,116.1393509,S0721,5.2778914,116.1196595,2.18,0,-13.2,False,False,0,True
10,S0708,5.2780362,116.1393509,S0723,5.2759528,116.131931,0.854,0,-24.9,False,False,0,True
10,S0708,5.2780362,116.1393509,S0724,5.3403046,116.0926618,8.641,0,-35.0,False,False,0,True
10,S0708,5.2780362,116.1393509,S0725,5.2523622,116.1311946,2.994,0,-12.5,False,False,0,True
10,S0708,5.2780362,116.1393509,S0732,5.2485711,116.1385903,3.277,0,-20.2,False,False,0,True
10,S0708,5.2780362,116.1393509,S0740,5.2381576,116.1437518,4.461,0,9.1,True,True,0,True
10,S0708,5.2780362,116.1393509,S0744,5.2605311,116.1765327,4.554,0,1.9,True,False,0,True
10,S0708,5.2780362,116.1393509,S0747,5.2383302,116.1357927,4.433,0,-18.9,False,False,0,True
10,S0708,5.2780362,116.1393509,S0751,5.3175429,116.0864757,7.319,0,-10.9,False,False,0,True
10,S0708,5.2780362,116.1393509,S0796,5.2210728,116.1946742,8.812,0,5.2,True,False,0,True
10,S0708,5.2780362,116.1393509,S0798,5.2096144,116.1942804,9.741,0,-0.7,False,False,0,True
10,S0708,5.2780362,116.1393509,S1186,5.3178138,116.1933541,7.437,0,-27.9,False,False,0,True
10,S0708,5.2780362,116.1393509,S0609,5.2268314,116.1801678,7.269,0,-23.3,False,False,0,True
10,S0708,5.2780362,116.1393509,S0718,5.3025712,116.0534426,9.895,0,-117.1,False,False,0,True
10,S0708,5.2780362,116.1393509,S1077,5.2283683,116.175459,6.818,0,-5.5,False,False,0,True
10,S0710,5.2703372,116.1251851,S0708,5.2780362,116.1393509,1.787,0,-28.6,False,False,0,True
10,S0710,5.2703372,116.1251851,S0714,5.3047058,116.0623524,7.938,0,-15.9,False,False,0,True
10,S0710,5.2703372,116.1251851,S0715,5.2806717,116.1968127,8.014,0,-126.3,False,False,0,True
10,S0710,5.2703372,116.1251851,S0716,5.3158088,116.0891985,6.437,0,-44.1,False,False,0,True
10,S0710,5.2703372,116.1251851,S0720,5.2787276,116.1215895,1.014,0,10.1,True,True,0,True
10,S0710,5.2703372,116.1251851,S0721,5.2778914,116.1196595,1.039,0,8.5,True,True,0,True
10,S0710,5.2703372,116.1251851,S0723,5.2759528,116.131931,0.974,0,-3.0,False,False,0,True
10,S0710,5.2703372,116.1251851,S0724,5.3403046,116.0926618,8.573,0,-57.3,False,False,0,True
10,S0710,5.2703372,116.1251851,S0725,5.2523622,116.1311946,2.107,0,-56.7,False,False,0,True
10,S0710,5.2703372,116.1251851,S0732,5.2485711,116.1385903,2.839,0,-63.6,False,False,0,True
10,S0710,5.2703372,116.1251851,S0740,5.2381576,116.1437518,4.127,0,-67.8,False,False,0,True
10,S0710,5.2703372,116.1251851,S0744,5.2605311,116.1765327,5.789,0,-47.7,False,False,0,True
10,S0710,5.2703372,116.1251851,S0746,5.3050012,116.0470604,9.47,0,-194.7,False,False,0,True
10,S0710,5.2703372,116.1251851,S0747,5.2383302,116.1357927,3.748,0,-65.2,False,False,0,True
10,S0710,5.2703372,116.1251851,S0751,5.3175429,116.0864757,6.777,0,-49.9,False,False,0,True
10,S0710,5.2703372,116.1251851,S0796,5.2210728,116.1946742,9.445,0,-45.2,False,False,0,True
10,S0710,5.2703372,116.1251851,S1186,5.3178138,116.1933541,9.211,0,-134.8,False,False,0,True
10,S0710,5.2703372,116.1251851,S0609,5.2268314,116.1801678,7.776,0,-61.6,False,False,0,True
10,S0710,5.2703372,116.1251851,S0718,5.3025712,116.0534426,8.715,0,-144.3,False,False,0,True
10,S0710,5.2703372,116.1251851,S1077,5.2283683,116.175459,7.264,0,-64.6,False,False,0,True
10,S0714,5.3047058,116.0623524,S0053,5.2908601,116.0344046,3.456,0,9.3,True,True,0,True
10,S0714,5.3047058,116.0623524,S0707,5.3012077,116.0350168,3.051,0,1.1,True,False,0,True
10,S0714,5.3047058,116.0623524,S0708,5.2780362,116.1393509,9.026,0,-29.6,False,False,0,True
10,S0714,5.3047058,116.0623524,S0710,5.2703372,116.1251851,7.938,0,-23.5,False,False,0,True
10,S0714,5.3047058,116.0623524,S0716,5.3158088,116.0891985,3.219,0,10.3,True,True,0,True
10,S0714,5.3047058,116.0623524,S0720,5.2787276,116.1215895,7.167,0,-53.0,False,False,0,True
10,S0714,5.3047058,116.0623524,S0721,5.2778914,116.1196595,7.011,0,-89.7,False,False,0,True
10,S0714,5.3047058,116.0623524,S0723,5.2759528,116.131931,8.341,0,17.7,True,True,0,True
10,S0714,5.3047058,116.0623524,S0724,5.3403046,116.0926618,5.189,0,-8.9,False,False,0,True
10,S0714,5.3047058,116.0623524,S0725,5.2523622,116.1311946,9.591,0,-23.2,False,False,0,True
10,S0714,5.3047058,116.0623524,S0746,5.3050012,116.0470604,1.693,0,-69.4,False,False,0,True
10,S0714,5.3047058,116.0623524,S0751,5.3175429,116.0864757,3.028,0,8.0,True,True,0,True
10,S0714,5.3047058,116.0623524,S0752,5.2886435,116.0349977,3.516,0,-2.4,False,False,0,True
10,S0714,5.3047058,116.0623524,S0718,5.3025712,116.0534426,1.015,0,-27.0,False,False,0,True
10,S0715,5.2806717,116.1968127,S0656,5.3409493,116.1995303,6.709,0,-50.0,False,False,0,True
10,S0715,5.2806717,116.1968127,S0658,5.3467074,116.2097255,7.481,0,-89.4,False,False,0,True
10,S0715,5.2806717,116.1968127,S0660,5.3629756,116.2129939,9.325,0,-82.6,False,False,0,True
10,S0715,5.2806717,116.1968127,S0661,5.3621802,116.219394,9.402,0,-85.7,False,False,0,True
10,S0715,5.2806717,116.1968127,S0708,5.2780362,116.1393509,6.369,0,-1.3,False,False,0,True
10,S0715,5.2806717,116.1968127,S0710,5.2703372,116.1251851,8.014,0,-138.6,False,False,0,True
10,S0715,5.2806717,116.1968127,S0720,5.2787276,116.1215895,8.332,0,-165.6,False,False,0,True
10,S0715,5.2806717,116.1968127,S0721,5.2778914,116.1196595,8.548,0,-171.7,False,False,0,True
10,S0715,5.2806717,116.1968127,S0723,5.2759528,116.131931,7.203,0,-96.4,False,False,0,True
10,S0715,5.2806717,116.1968127,S0725,5.2523622,116.1311946,7.918,0,-26.7,False,False,0,True
10,S0715,5.2806717,116.1968127,S0732,5.2485711,116.1385903,7.369,0,-46.1,False,False,0,True
10,S0715,5.2806717,116.1968127,S0740,5.2381576,116.1437518,7.541,0,-52.7,False,False,0,True
10,S0715,5.2806717,116.1968127,S0744,5.2605311,116.1765327,3.171,0,-20.3,False,False,0,True
10,S0715,5.2806717,116.1968127,S0747,5.2383302,116.1357927,8.235,0,-38.0,False,False,0,True
10,S0715,5.2806717,116.1968127,S0796,5.2210728,116.1946742,6.631,0,-20.8,False,False,0,True
10,S0715,5.2806717,116.1968127,S0798,5.2096144,116.1942804,7.906,0,-43.1,False,False,0,True
10,S0715,5.2806717,116.1968127,S1186,5.3178138,116.1933541,4.148,0,-17.6,False,False,0,True
10,S0715,5.2806717,116.1968127,S0609,5.2268314,116.1801678,6.264,0,-128.3,False,False,0,True
10,S0715,5.2806717,116.1968127,S1077,5.2283683,116.175459,6.278,0,-96.6,False,False,0,True
10,S0716,5.3158088,116.0891985,S0053,5.2908601,116.0344046,6.671,1,-162.6,False,False,0,True
10,S0716,5.3158088,116.0891985,S0707,5.3012077,116.0350168,6.215,1,-135.4,False,False,0,True
10,S0716,5.3158088,116.0891985,S0708,5.2780362,116.1393509,6.962,1,-29.8,False,False,0,True
10,S0716,5.3158088,116.0891985,S0710,5.2703372,116.1251851,6.437,1,-43.4,False,False,0,True
10,S0716,5.3158088,116.0891985,S0714,5.3047058,116.0623524,3.219,1,2.3,True,False,0,True
10,S0716,5.3158088,116.0891985,S0720,5.2787276,116.1215895,5.465,1,-55.2,False,False,0,True
10,S0716,5.3158088,116.0891985,S0721,5.2778914,116.1196595,5.399,1,-72.1,False,False,0,True
10,S0716,5.3158088,116.0891985,S0723,5.2759528,116.131931,6.483,1,-12.2,False,False,0,True
10,S0716,5.3158088,116.0891985,S0724,5.3403046,116.0926618,2.751,1,-0.6,False,False,0,True
10,S0716,5.3158088,116.0891985,S0725,5.2523622,116.1311946,8.449,1,-22.8,False,False,0,True
10,S0716,5.3158088,116.0891985,S0732,5.2485711,116.1385903,9.263,1,-56.3,False,False,0,True
10,S0716,5.3158088,116.0891985,S0746,5.3050012,116.0470604,4.818,1,-144.7,False,False,0,True
10,S0716,5.3158088,116.0891985,S0751,5.3175429,116.0864757,0.358,1,9.4,True,True,0,True
10,S0716,5.3158088,116.0891985,S0752,5.2886435,116.0349977,6.718,1,-150.4,False,False,0,True
10,S0716,5.3158088,116.0891985,S0759,5.3937999,116.1341623,9.999,1,-37.9,False,False,0,True
10,S0716,5.3158088,116.0891985,S0775,5.3928004,116.119851,9.209,1,10.5,True,False,0,True
10,S0716,5.3158088,116.0891985,S0718,5.3025712,116.0534426,4.224,1,-126.3,False,False,0,True
10,S0720,5.2787276,116.1215895,S0053,5.2908601,116.0344046,9.747,1,-247.6,False,False,0,True
10,S0720,5.2787276,116.1215895,S0707,5.3012077,116.0350168,9.906,1,-216.3,False,False,0,True
10,S0720,5.2787276,116.1215895,S0708,5.2780362,116.1393509,1.968,1,-30.7,False,False,0,True
10,S0720,5.2787276,116.1215895,S0710,5.2703372,116.1251851,1.014,1,10.0,True,True,0,True
10,S0720,5.2787276,116.1215895,S0714,5.3047058,116.0623524,7.167,1,-45.9,False,False,0,True
10,S0720,5.2787276,116.1215895,S0715,5.2806717,116.1968127,8.332,1,-154.2,False,False,0,True
10,S0720,5.2787276,116.1215895,S0716,5.3158088,116.0891985,5.465,1,-51.9,False,False,0,True
10,S0720,5.2787276,116.1215895,S0721,5.2778914,116.1196595,0.233,1,10.1,True,True,0,True
10,S0720,5.2787276,116.1215895,S0723,5.2759528,116.131931,1.186,1,9.6,True,True,0,True
10,S0720,5.2787276,116.1215895,S0724,5.3403046,116.0926618,7.559,1,-72.2,False,False,0,True
10,S0720,5.2787276,116.1215895,S0725,5.2523622,116.1311946,3.119,1,-48.9,False,False,0,True
10,S0720,5.2787276,116.1215895,S0732,5.2485711,116.1385903,3.846,1,-86.9,False,False,0,True
10,S0720,5.2787276,116.1215895,S0740,5.2381576,116.1437518,5.135,1,-83.2,False,False,0,True
10,S0720,5.2787276,116.1215895,S0744,5.2605311,116.1765327,6.411,1,-127.8,False,False,0,True
10,S0720,5.2787276,116.1215895,S0746,5.3050012,116.0470604,8.754,1,-193.9,False,False,0,True
10,S0720,5.2787276,116.1215895,S0747,5.2383302,116.1357927,4.759,1,-65.8,False,False,0,True
10,S0720,5.2787276,116.1215895,S0751,5.3175429,116.0864757,5.809,1,-63.9,False,False,0,True
10,S0720,5.2787276,116.1215895,S0752,5.2886435,116.0349977,9.651,1,-253.2,False,False,0,True
10,S0720,5.2787276,116.1215895,S1186,5.3178138,116.1933541,9.057,1,-62.8,False,False,0,True
10,S0720,5.2787276,116.1215895,S0609,5.2268314,116.1801678,8.682,1,-40.0,False,False,0,True
10,S0720,5.2787276,116.1215895,S0718,5.3025712,116.0534426,7.998,1,-142.5,False,False,0,True
10,S0720,5.2787276,116.1215895,S1077,5.2283683,116.175459,8.181,1,-49.4,False,False,0,True
10,S0721,5.2778914,116.1196595,S0053,5.2908601,116.0344046,9.549,0,-246.6,False,False,0,True
10,S0721,5.2778914,116.1196595,S0707,5.3012077,116.0350168,9.724,0,-213.2,False,False,0,True
10,S0721,5.2778914,116.1196595,S0708,5.2780362,116.1393509,2.18,0,-29.7,False,False,0,True
10,S0721,5.2778914,116.1196595,S0710,5.2703372,116.1251851,1.039,0,10.0,True,True,0,True
10,S0721,5.2778914,116.1196595,S0714,5.3047058,116.0623524,7.011,0,-81.4,False,False,0,True
10,S0721,5.2778914,116.1196595,S0715,5.2806717,116.1968127,8.548,0,-161.1,False,False,0,True
10,S0721,5.2778914,116.1196595,S0716,5.3158088,116.0891985,5.399,0,-69.1,False,False,0,True
10,S0721,5.2778914,116.1196595,S0720,5.2787276,116.1215895,0.233,0,10.1,True,True,0,True
10,S0721,5.2778914,116.1196595,S0723,5.2759528,116.131931,1.376,0,9.4,True,True,0,True
10,S0721,5.2778914,116.1196595,S0724,5.3403046,116.0926618,7.556,0,-103.8,False,False,0,True
10,S0721,5.2778914,116.1196595,S0725,5.2523622,116.1311946,3.113,0,-40.2,False,False,0,True
10,S0721,5.2778914,116.1196595,S0732,5.2485711,116.1385903,3.876,0,-77.8,False,False,0,True
10,S0721,5.2778914,116.1196595,S0740,5.2381576,116.1437518,5.161,0,-88.4,False,False,0,True
10,S0721,5.2778914,116.1196595,S0744,5.2605311,116.1765327,6.587,0,-122.3,False,False,0,True
10,S0721,5.2778914,116.1196595,S0746,5.3050012,116.0470604,8.585,0,-193.6,False,False,0,True
10,S0721,5.2778914,116.1196595,S0747,5.2383302,116.1357927,4.748,0,-75.8,False,False,0,True
10,S0721,5.2778914,116.1196595,S0751,5.3175429,116.0864757,5.739,0,-79.7,False,False,0,True
10,S0721,5.2778914,116.1196595,S0752,5.2886435,116.0349977,9.45,0,-250.1,False,False,0,True
10,S0721,5.2778914,116.1196595,S1186,5.3178138,116.1933541,9.289,0,-57.6,False,False,0,True
10,S0721,5.2778914,116.1196595,S0609,5.2268314,116.1801678,8.782,0,-73.4,False,False,0,True
10,S0721,5.2778914,116.1196595,S0718,5.3025712,116.0534426,7.828,0,-141.8,False,False,0,True
10,S0721,5.2778914,116.1196595,S1077,5.2283683,116.175459,8.276,0,-82.4,False,False,0,True
10,S0723,5.2759528,116.131931,S0708,5.2780362,116.1393509,0.854,0,-26.7,False,False,0,True
10,S0723,5.2759528,116.131931,S0710,5.2703372,116.1251851,0.974,0,5.0,True,False,0,True
10,S0723,5.2759528,116.131931,S0714,5.3047058,116.0623524,8.341,0,10.4,True,True,0,True
10,S0723,5.2759528,116.131931,S0715,5.2806717,116.1968127,7.203,0,-80.4,False,False,0,True
10,S0723,5.2759528,116.131931,S0716,5.3158088,116.0891985,6.483,0,-16.6,False,False,0,True
10,S0723,5.2759528,116.131931,S0720,5.2787276,116.1215895,1.186,0,10.3,True,True,0,True
10,S0723,5.2759528,116.131931,S0721,5.2778914,116.1196595,1.376,0,10.3,True,True,0,True
10,S0723,5.2759528,116.131931,S0724,5.3403046,116.0926618,8.373,0,-33.7,False,False,0,True
10,S0723,5.2759528,116.131931,S0725,5.2523622,116.1311946,2.624,0,-36.4,False,False,0,True
10,S0723,5.2759528,116.131931,S0732,5.2485711,116.1385903,3.133,0,-42.5,False,False,0,True
10,S0723,5.2759528,116.131931,S0740,5.2381576,116.1437518,4.402,0,-10.6,False,False,0,True
10,S0723,5.2759528,116.131931,S0744,5.2605311,116.1765327,5.228,0,-52.0,False,False,0,True
10,S0723,5.2759528,116.131931,S0746,5.3050012,116.0470604,9.937,0,-172.5,False,False,0,True
10,S0723,5.2759528,116.131931,S0747,5.2383302,116.1357927,4.205,0,-45.5,False,False,0,True
10,S0723,5.2759528,116.131931,S0751,5.3175429,116.0864757,6.835,0,-22.0,False,False,0,True
10,S0723,5.2759528,116.131931,S0796,5.2210728,116.1946742,9.247,0,-29.9,False,False,0,True
10,S0723,5.2759528,116.131931,S1186,5.3178138,116.1933541,8.241,0,-74.2,False,False,0,True
10,S0723,5.2759528,116.131931,S0609,5.2268314,116.1801678,7.64,0,-37.7,False,False,0,True
10,S0723,5.2759528,116.131931,S0718,5.3025712,116.0534426,9.181,0,-128.1,False,False,0,True
10,S0723,5.2759528,116.131931,S1077,5.2283683,116.175459,7.157,0,-37.1,False,False,0,True
10,S0724,5.3403046,116.0926618,S0053,5.2908601,116.0344046,8.475,0,-142.5,False,False,0,True
10,S0724,5.3403046,116.0926618,S0707,5.3012077,116.0350168,7.722,0,-192.9,False,False,0,True
10,S0724,5.3403046,116.0926618,S0708,5.2780362,116.1393509,8.641,0,-21.5,False,False,0,True
10,S0724,5.3403046,116.0926618,S0710,5.2703372,116.1251851,8.573,0,-60.1,False,False,0,True
10,S0724,5.3403046,116.0926618,S0714,5.3047058,116.0623524,5.189,0,0.1,True,False,0,True
10,S0724,5.3403046,116.0926618,S0716,5.3158088,116.0891985,2.751,0,-5.6,False,False,0,True
10,S0724,5.3403046,116.0926618,S0720,5.2787276,116.1215895,7.559,0,-78.2,False,False,0,True
10,S0724,5.3403046,116.0926618,S0721,5.2778914,116.1196595,7.556,0,-109.5,False,False,0,True
10,S0724,5.3403046,116.0926618,S0723,5.2759528,116.131931,8.373,0,-14.6,False,False,0,True
10,S0724,5.3403046,116.0926618,S0746,5.3050012,116.0470604,6.395,0,-189.0,False,False,0,True
10,S0724,5.3403046,116.0926618,S0751,5.3175429,116.0864757,2.622,0,3.9,True,False,0,True
10,S0724,5.3403046,116.0926618,S0752,5.2886435,116.0349977,8.588,0,-141.4,False,False,0,True
10,S0724,5.3403046,116.0926618,S0759,5.3937999,116.1341623,7.516,0,-105.5,False,False,0,True
10,S0724,5.3403046,116.0926618,S0775,5.3928004,116.119851,6.568,0,-89.9,False,False,0,True
10,S0724,5.3403046,116.0926618,S0778,5.3908583,116.1417781,7.821,0,-71.6,False,False,0,True
10,S0724,5.3403046,116.0926618,S1083,5.3975112,116.1526828,9.199,0,-105.0,False,False,0,True
10,S0724,5.3403046,116.0926618,S0718,5.3025712,116.0534426,6.038,0,-125.5,False,False,0,True
10,S0725,5.2523622,116.1311946,S0608,5.1868176,116.1825533,9.245,0,-36.1,False,False,0,True
10,S0725,5.2523622,116.1311946,S0708,5.2780362,116.1393509,2.994,0,-26.7,False,False,0,True
10,S0725,5.2523622,116.1311946,S0710,5.2703372,116.1251851,2.107,0,-51.0,False,False,0,True
10,S0725,5.2523622,116.1311946,S0714,5.3047058,116.0623524,9.591,0,-14.9,False,False,0,True
10,S0725,5.2523622,116.1311946,S0715,5.2806717,116.1968127,7.918,0,-40.4,False,False,0,True
10,S0725,5.2523622,116.1311946,S0716,5.3158088,116.0891985,8.449,0,-25.7,False,False,0,True
10,S0725,5.2523622,116.1311946,S0720,5.2787276,116.1215895,3.119,0,-39.0,False,False,0,True
10,S0725,5.2523622,116.1311946,S0721,5.2778914,116.1196595,3.113,0,-28.8,False,False,0,True
10,S0725,5.2523622,116.1311946,S0723,5.2759528,116.131931,2.624,0,-32.9,False,False,0,True
10,S0725,5.2523622,116.1311946,S0732,5.2485711,116.1385903,0.921,0,-37.6,False,False,0,True
10,S0725,5.2523622,116.1311946,S0740,5.2381576,116.1437518,2.104,0,-35.3,False,False,0,True
10,S0725,5.2523622,116.1311946,S0744,5.2605311,116.1765327,5.102,0,-9.6,False,False,0,True
10,S0725,5.2523622,116.1311946,S0747,5.2383302,116.1357927,1.641,0,-44.9,False,False,0,True
10,S0725,5.2523622,116.1311946,S0751,5.3175429,116.0864757,8.778,0,-45.7,False,False,0,True
10,S0725,5.2523622,116.1311946,S0796,5.2210728,116.1946742,7.843,0,-7.8,False,False,0,True
10,S0725,5.2523622,116.1311946,S0798,5.2096144,116.1942804,8.449,0,-16.7,False,False,0,True
10,S0725,5.2523622,116.1311946,S0609,5.2268314,116.1801678,6.121,0,-18.2,False,False,0,True
10,S0725,5.2523622,116.1311946,S1077,5.2283683,116.175459,5.581,0,-17.9,False,False,0,True
10,S0732,5.2485711,116.1385903,S0608,5.1868176,116.1825533,8.417,0,-39.6,False,False,0,True
10,S0732,5.2485711,116.1385903,S0708,5.2780362,116.1393509,3.277,0,-32.6,False,False,0,True
10,S0732,5.2485711,116.1385903,S0710,5.2703372,116.1251851,2.839,0,-67.9,False,False,0,True
10,S0732,5.2485711,116.1385903,S0715,5.2806717,116.1968127,7.369,0,-54.1,False,False,0,True
10,S0732,5.2485711,116.1385903,S0716,5.3158088,116.0891985,9.263,0,-42.7,False,False,0,True
10,S0732,5.2485711,116.1385903,S0720,5.2787276,116.1215895,3.846,0,-85.1,False,False,0,True
10,S0732,5.2485711,116.1385903,S0721,5.2778914,116.1196595,3.876,0,-72.8,False,False,0,True
10,S0732,5.2485711,116.1385903,S0723,5.2759528,116.131931,3.133,0,-30.0,False,False,0,True
10,S0732,5.2485711,116.1385903,S0725,5.2523622,116.1311946,0.921,0,-42.3,False,False,0,True
10,S0732,5.2485711,116.1385903,S0740,5.2381576,116.1437518,1.291,0,10.1,True,True,0,True
10,S0732,5.2485711,116.1385903,S0744,5.2605311,116.1765327,4.407,0,-7.0,False,False,0,True
10,S0732,5.2485711,116.1385903,S0747,5.2383302,116.1357927,1.18,0,8.8,True,True,0,True
10,S0732,5.2485711,116.1385903,S0751,5.3175429,116.0864757,9.598,0,-44.2,False,False,0,True
10,S0732,5.2485711,116.1385903,S0796,5.2210728,116.1946742,6.922,0,5.7,True,False,0,True
10,S0732,5.2485711,116.1385903,S0798,5.2096144,116.1942804,7.536,0,-4.4,False,False,0,True
10,S0732,5.2485711,116.1385903,S1186,5.3178138,116.1933541,9.8,0,3.5,True,False,0,True
10,S0732,5.2485711,116.1385903,S0609,5.2268314,116.1801678,5.2,0,-17.9,False,False,0,True
10,S0732,5.2485711,116.1385903,S1077,5.2283683,116.175459,4.66,0,-21.1,False,False,0,True
10,S0733,5.472185,116.2000632,S0057,5.4228974,116.209765,5.585,0,8.5,True,True,0,True
10,S0733,5.472185,116.2000632,S0062,5.4587899,116.2736526,8.281,0,-72.8,False,False,0,True
10,S0733,5.472185,116.2000632,S0664,5.4542071,116.2578834,6.705,0,-88.0,False,False,0,True
10,S0733,5.472185,116.2000632,S0665,5.4183322,116.2561088,8.622,0,14.9,True,False,0,True
10,S0733,5.472185,116.2000632,S0667,5.4797716,116.2752866,8.369,0,-136.1,False,False,0,True
10,S0733,5.472185,116.2000632,S0668,5.4489856,116.2702798,8.189,0,-79.1,False,False,0,True
10,S0733,5.472185,116.2000632,S0669,5.3997077,116.2381822,9.097,0,9.6,True,True,0,True
10,S0733,5.472185,116.2000632,S0670,5.4728503,116.2654893,7.242,0,-148.6,False,False,0,True
10,S0733,5.472185,116.2000632,S0671,5.4044747,116.2475115,9.18,0,10.5,True,True,0,True
10,S0733,5.472185,116.2000632,S0673,5.3940265,116.2424715,9.878,0,12.5,True,True,0,True
10,S0733,5.472185,116.2000632,S0674,5.4455835,116.2688726,8.171,0,-55.1,False,False,0,True
10,S0733,5.472185,116.2000632,S0675,5.4585487,116.2659994,7.454,0,-78.7,False,False,0,True
10,S0733,5.472185,116.2000632,S0676,5.4464732,116.267259,7.969,0,-61.9,False,False,0,True
10,S0733,5.472185,116.2000632,S0677,5.4816186,116.2690947,7.713,0,-179.5,False,False,0,True
10,S0733,5.472185,116.2000632,S0678,5.4582441,116.2733047,8.254,0,-68.0,False,False,0,True
10,S0733,5.472185,116.2000632,S0679,5.4190511,116.2334792,6.971,0,8.0,True,False,0,True
10,S0733,5.472185,116.2000632,S0680,5.4623131,116.2811304,9.04,0,-118.9,False,False,0,True
10,S0733,5.472185,116.2000632,S0681,5.4719211,116.2803596,8.888,0,-103.8,False,False,0,True
10,S0733,5.472185,116.2000632,S0682,5.426731,116.2391342,6.652,0,10.4,True,False,0,True
10,S0733,5.472185,116.2000632,S0683,5.4676301,116.2678351,7.519,0,-141.5,False,False,0,True
10,S0733,5.472185,116.2000632,S0684,5.455013,116.2639664,7.327,0,-87.3,False,False,0,True
10,S0733,5.472185,116.2000632,S0685,5.451431,116.2568816,6.699,0,-75.8,False,False,0,True
10,S0733,5.472185,116.2000632,S0686,5.4356626,116.2497626,6.838,0,-28.1,False,False,0,True
10,S0733,5.472185,116.2000632,S0687,5.4457484,116.2570889,6.963,0,-36.8,False,False,0,True
10,S0733,5.472185,116.2000632,S0688,5.4307567,116.2278076,5.536,0,1.8,True,False,0,True
10,S0733,5.472185,116.2000632,S0689,5.4176834,116.227837,6.796,0,10.5,True,True,0,True
10,S0733,5.472185,116.2000632,S0735,5.4612709,116.2149548,2.047,0,8.1,True,True,0,True
10,S0733,5.472185,116.2000632,S0750,5.4792463,116.2115667,1.496,0,10.0,True,True,0,True
10,S0733,5.472185,116.2000632,S0753,5.4643992,116.2108043,1.471,0,10.2,True,True,0,True
10,S0733,5.472185,116.2000632,S0754,5.4632208,116.2123797,1.689,0,12.6,True,True,0,True
10,S0733,5.472185,116.2000632,S0755,5.4692707,116.2091656,1.058,0,9.4,True,True,0,True
10,S0733,5.472185,116.2000632,S0758,5.4385565,116.1878393,3.977,0,2.6,True,False,0,True
10,S0733,5.472185,116.2000632,S0769,5.4328911,116.1968184,4.384,0,7.9,True,True,0,True
10,S0733,5.472185,116.2000632,S1076,5.4127509,116.2331743,7.557,0,3.5,True,False,0,True
10,S0733,5.472185,116.2000632,S1083,5.3975112,116.1526828,9.821,0,-16.8,False,False,0,True
10,S0735,5.4612709,116.2149548,S0057,5.4228974,116.209765,4.305,0,-4.4,False,False,0,True
10,S0735,5.4612709,116.2149548,S0062,5.4587899,116.2736526,6.503,0,-90.4,False,False,0,True
10,S0735,5.4612709,116.2149548,S0659,5.3797614,116.2340885,9.308,0,-7.8,False,False,0,True
10,S0735,5.4612709,116.2149548,S0663,5.3891572,116.240027,8.485,0,0.0,True,False,0,True
10,S0735,5.4612709,116.2149548,S0664,5.4542071,116.2578834,4.816,0,-65.3,False,False,0,True
10,S0735,5.4612709,116.2149548,S0665,5.4183322,116.2561088,6.599,0,-6.2,False,False,0,True
10,S0735,5.4612709,116.2149548,S0667,5.4797716,116.2752866,6.988,0,-102.9,False,False,0,True
10,S0735,5.4612709,116.2149548,S0668,5.4489856,116.2702798,6.275,0,-46.0,False,False,0,True
10,S0735,5.4612709,116.2149548,S0669,5.3997077,116.2381822,7.312,0,-2.2,False,False,0,True
10,S0735,5.4612709,116.2149548,S0670,5.4728503,116.2654893,5.74,0,-145.9,False,False,0,True
10,S0735,5.4612709,116.2149548,S0671,5.4044747,116.2475115,7.271,0,-1.4,False,False,0,True
10,S0735,5.4612709,116.2149548,S0673,5.3940265,116.2424715,8.074,0,-0.1,False,False,0,True
10,S0735,5.4612709,116.2149548,S0674,5.4455835,116.2688726,6.218,0,-34.0,False,False,0,True
10,S0735,5.4612709,116.2149548,S0675,5.4585487,116.2659994,5.658,0,-94.2,False,False,0,True
10,S0735,5.4612709,116.2149548,S0676,5.4464732,116.267259,6.019,0,-36.3,False,False,0,True
10,S0735,5.4612709,116.2149548,S0677,5.4816186,116.2690947,6.406,0,-164.3,False,False,0,True
10,S0735,5.4612709,116.2149548,S0678,5.4582441,116.2733047,6.468,0,-89.3,False,False,0,True
10,S0735,5.4612709,116.2149548,S0679,5.4190511,116.2334792,5.123,0,-6.7,False,False,0,True
10,S0735,5.4612709,116.2149548,S0680,5.4623131,116.2811304,7.326,0,-78.7,False,False,0,True
10,S0735,5.4612709,116.2149548,S0681,5.4719211,116.2803596,7.336,0,-96.9,False,False,0,True
10,S0735,5.4612709,116.2149548,S0682,5.426731,116.2391342,4.681,0,3.4,True,False,0,True
10,S0735,5.4612709,116.2149548,S0683,5.4676301,116.2678351,5.896,0,-101.2,False,False,0,True
10,S0735,5.4612709,116.2149548,S0684,5.455013,116.2639664,5.47,0,-82.7,False,False,0,True
10,S0735,5.4612709,116.2149548,S0685,5.451431,116.2568816,4.768,0,-46.4,False,False,0,True
10,S0735,5.4612709,116.2149548,S0686,5.4356626,116.2497626,4.791,0,-35.2,False,False,0,True
10,S0735,5.4612709,116.2149548,S0687,5.4457484,116.2570889,4.973,0,-33.2,False,False,0,True
10,S0735,5.4612709,116.2149548,S0688,5.4307567,116.2278076,3.679,0,-9.8,False,False,0,True
10,S0735,5.4612709,116.2149548,S0689,5.4176834,116.227837,5.052,0,-1.1,False,False,0,True
10,S0735,5.4612709,116.2149548,S0733,5.472185,116.2000632,2.047,0,8.8,True,True,0,True
10,S0735,5.4612709,116.2149548,S0750,5.4792463,116.2115667,2.034,0,7.2,True,True,0,True
10,S0735,5.4612709,116.2149548,S0753,5.4643992,116.2108043,0.576,0,9.1,True,True,0,True
10,S0735,5.4612709,116.2149548,S0754,5.4632208,116.2123797,0.358,0,10.0,True,True,0,True
10,S0735,5.4612709,116.2149548,S0755,5.4692707,116.2091656,1.096,0,-5.8,False,False,0,True
10,S0735,5.4612709,116.2149548,S0758,5.4385565,116.1878393,3.923,0,-5.1,False,False,0,True
10,S0735,5.4612709,116.2149548,S0769,5.4328911,116.1968184,3.74,0,4.2,True,False,0,True
10,S0735,5.4612709,116.2149548,S1076,5.4127509,116.2331743,5.76,0,-5.4,False,False,0,True
10,S0735,5.4612709,116.2149548,S1083,5.3975112,116.1526828,9.888,0,-11.3,False,False,0,True
10,S0740,5.2381576,116.1437518,S0608,5.1868176,116.1825533,7.145,0,-41.8,False,False,0,True
10,S0740,5.2381576,116.1437518,S0708,5.2780362,116.1393509,4.461,0,-9.4,False,False,0,True
10,S0740,5.2381576,116.1437518,S0710,5.2703372,116.1251851,4.127,0,-74.7,False,False,0,True
10,S0740,5.2381576,116.1437518,S0715,5.2806717,116.1968127,7.541,0,-52.5,False,False,0,True
10,S0740,5.2381576,116.1437518,S0720,5.2787276,116.1215895,5.135,0,-86.7,False,False,0,True
10,S0740,5.2381576,116.1437518,S0721,5.2778914,116.1196595,5.161,0,-90.2,False,False,0,True
10,S0740,5.2381576,116.1437518,S0723,5.2759528,116.131931,4.402,0,-12.3,False,False,0,True
10,S0740,5.2381576,116.1437518,S0725,5.2523622,116.1311946,2.104,0,-48.3,False,False,0,True
10,S0740,5.2381576,116.1437518,S0732,5.2485711,116.1385903,1.291,0,10.1,True,True,0,True
10,S0740,5.2381576,116.1437518,S0744,5.2605311,116.1765327,4.401,0,-0.8,False,False,0,True
10,S0740,5.2381576,116.1437518,S0747,5.2383302,116.1357927,0.882,0,10.1,True,True,0,True
10,S0740,5.2381576,116.1437518,S0796,5.2210728,116.1946742,5.95,0,2.0,True,False,0,True
10,S0740,5.2381576,116.1437518,S0798,5.2096144,116.1942804,6.433,0,-5.1,False,False,0,True
10,S0740,5.2381576,116.1437518,S0609,5.2268314,116.1801678,4.225,0,-32.4,False,False,0,True
10,S0740,5.2381576,116.1437518,S0739,5.1542775,116.1147343,9.865,0,-74.4,False,False,0,True
10,S0740,5.2381576,116.1437518,S1077,5.2283683,116.175459,3.676,0,-27.9,False,False,0,True
10,S0744,5.2605311,116.1765327,S0608,5.1868176,116.1825533,8.224,0,-37.0,False,False,0,True
10,S0744,5.2605311,116.1765327,S0656,5.3409493,116.1995303,9.298,0,-47.9,False,False,0,True
10,S0744,5.2605311,116.1765327,S0708,5.2780362,116.1393509,4.554,0,9.8,True,True,0,True
10,S0744,5.2605311,116.1765327,S0710,5.2703372,116.1251851,5.789,0,-58.0,False,False,0,True
10,S0744,5.2605311,116.1765327,S0715,5.2806717,116.1968127,3.171,0,-23.4,False,False,0,True
10,S0744,5.2605311,116.1765327,S0720,5.2787276,116.1215895,6.411,0,-135.6,False,False,0,True
10,S0744,5.2605311,116.1765327,S0721,5.2778914,116.1196595,6.587,0,-129.0,False,False,0,True
10,S0744,5.2605311,116.1765327,S0723,5.2759528,116.131931,5.228,0,-66.2,False,False,0,True
10,S0744,5.2605311,116.1765327,S0725,5.2523622,116.1311946,5.102,0,-18.5,False,False,0,True
10,S0744,5.2605311,116.1765327,S0732,5.2485711,116.1385903,4.407,0,6.2,True,False,0,True
10,S0744,5.2605311,116.1765327,S0740,5.2381576,116.1437518,4.401,0,7.2,True,False,0,True
10,S0744,5.2605311,116.1765327,S0747,5.2383302,116.1357927,5.142,0,2.5,True,False,0,True
10,S0744,5.2605311,116.1765327,S0796,5.2210728,116.1946742,4.826,0,-4.5,False,False,0,True
10,S0744,5.2605311,116.1765327,S0798,5.2096144,116.1942804,5.993,0,-10.9,False,False,0,True
10,S0744,5.2605311,116.1765327,S1186,5.3178138,116.1933541,6.636,0,-10.6,False,False,0,True
10,S0744,5.2605311,116.1765327,S0609,5.2268314,116.1801678,3.769,0,-82.7,False,False,0,True
10,S0744,5.2605311,116.1765327,S1077,5.2283683,116.175459,3.578,0,-31.8,False,False,0,True
10,S0746,5.3050012,116.0470604,S0053,5.2908601,116.0344046,2.106,0,-4.3,False,False,0,True
10,S0746,5.3050012,116.0470604,S0707,5.3012077,116.0350168,1.399,0,-9.1,False,False,0,True
10,S0746,5.3050012,116.0470604,S0710,5.2703372,116.1251851,9.47,0,-182.5,False,False,0,True
10,S0746,5.3050012,116.0470604,S0714,5.3047058,116.0623524,1.693,0,-56.7,False,False,0,True
10,S0746,5.3050012,116.0470604,S0716,5.3158088,116.0891985,4.818,0,-141.4,False,False,0,True
10,S0746,5.3050012,116.0470604,S0720,5.2787276,116.1215895,8.754,0,-183.1,False,False,0,True
10,S0746,5.3050012,116.0470604,S0721,5.2778914,116.1196595,8.585,0,-182.9,False,False,0,True
10,S0746,5.3050012,116.0470604,S0723,5.2759528,116.131931,9.937,0,-160.6,False,False,0,True
10,S0746,5.3050012,116.0470604,S0724,5.3403046,116.0926618,6.395,0,-187.5,False,False,0,True
10,S0746,5.3050012,116.0470604,S0751,5.3175429,116.0864757,4.581,0,-123.3,False,False,0,True
10,S0746,5.3050012,116.0470604,S0752,5.2886435,116.0349977,2.257,0,-15.6,False,False,0,True
10,S0746,5.3050012,116.0470604,S0718,5.3025712,116.0534426,0.757,0,-20.9,False,False,0,True
10,S0747,5.2383302,116.1357927,S0608,5.1868176,116.1825533,7.721,0,-59.5,False,False,0,True
10,S0747,5.2383302,116.1357927,S0708,5.2780362,116.1393509,4.433,0,-33.3,False,False,0,True
10,S0747,5.2383302,116.1357927,S0710,5.2703372,116.1251851,3.748,0,-70.5,False,False,0,True
10,S0747,5.2383302,116.1357927,S0715,5.2806717,116.1968127,8.235,0,-45.8,False,False,0,True
10,S0747,5.2383302,116.1357927,S0720,5.2787276,116.1215895,4.759,0,-66.2,False,False,0,True
10,S0747,5.2383302,116.1357927,S0721,5.2778914,116.1196595,4.748,0,-75.5,False,False,0,True
10,S0747,5.2383302,116.1357927,S0723,5.2759528,116.131931,4.205,0,-36.1,False,False,0,True
10,S0747,5.2383302,116.1357927,S0725,5.2523622,116.1311946,1.641,0,-38.1,False,False,0,True
10,S0747,5.2383302,116.1357927,S0732,5.2485711,116.1385903,1.18,0,10.1,True,True,0,True
10,S0747,5.2383302,116.1357927,S0740,5.2381576,116.1437518,0.882,0,10.1,True,True,0,True
10,S0747,5.2383302,116.1357927,S0744,5.2605311,116.1765327,5.142,0,-11.9,False,False,0,True
10,S0747,5.2383302,116.1357927,S0796,5.2210728,116.1946742,6.797,0,3.0,True,False,0,True
10,S0747,5.2383302,116.1357927,S0798,5.2096144,116.1942804,7.221,0,-4.5,False,False,0,True
10,S0747,5.2383302,116.1357927,S0609,5.2268314,116.1801678,5.077,0,-29.0,False,False,0,True
10,S0747,5.2383302,116.1357927,S0739,5.1542775,116.1147343,9.633,0,-61.2,False,False,0,True
10,S0747,5.2383302,116.1357927,S1077,5.2283683,116.175459,4.53,0,-26.1,False,False,0,True
10,S0750,5.4792463,116.2115667,S0057,5.4228974,116.209765,6.269,0,8.6,True,True,0,True
10,S0750,5.4792463,116.2115667,S0062,5.4587899,116.2736526,7.239,0,-91.8,False,False,0,True
10,S0750,5.4792463,116.2115667,S0664,5.4542071,116.2578834,5.834,0,-55.1,False,False,0,True
10,S0750,5.4792463,116.2115667,S0665,5.4183322,116.2561088,8.378,0,4.7,True,False,0,True
10,S0750,5.4792463,116.2115667,S0667,5.4797716,116.2752866,7.053,0,-100.1,False,False,0,True
10,S0750,5.4792463,116.2115667,S0668,5.4489856,116.2702798,7.318,0,-36.5,False,False,0,True
10,S0750,5.4792463,116.2115667,S0669,5.3997077,116.2381822,9.322,0,9.6,True,True,0,True
10,S0750,5.4792463,116.2115667,S0670,5.4728503,116.2654893,6.011,0,-148.6,False,False,0,True
10,S0750,5.4792463,116.2115667,S0671,5.4044747,116.2475115,9.217,0,10.6,True,True,0,True
10,S0750,5.4792463,116.2115667,S0674,5.4455835,116.2688726,7.365,0,-43.8,False,False,0,True
10,S0750,5.4792463,116.2115667,S0675,5.4585487,116.2659994,6.45,0,-117.2,False,False,0,True
10,S0750,5.4792463,116.2115667,S0676,5.4464732,116.267259,7.161,0,-47.4,False,False,0,True
10,S0750,5.4792463,116.2115667,S0677,5.4816186,116.2690947,6.373,0,-150.9,False,False,0,True
10,S0750,5.4792463,116.2115667,S0678,5.4582441,116.2733047,7.222,0,-100.9,False,False,0,True
10,S0750,5.4792463,116.2115667,S0679,5.4190511,116.2334792,7.119,0,8.2,True,True,0,True
10,S0750,5.4792463,116.2115667,S0680,5.4623131,116.2811304,7.927,0,-93.9,False,False,0,True
10,S0750,5.4792463,116.2115667,S0681,5.4719211,116.2803596,7.658,0,-129.5,False,False,0,True
10,S0750,5.4792463,116.2115667,S0682,5.426731,116.2391342,6.589,0,-9.0,False,False,0,True
10,S0750,5.4792463,116.2115667,S0683,5.4676301,116.2678351,6.361,0,-112.7,False,False,0,True
10,S0750,5.4792463,116.2115667,S0684,5.455013,116.2639664,6.395,0,-61.4,False,False,0,True
10,S0750,5.4792463,116.2115667,S0685,5.451431,116.2568816,5.893,0,-69.8,False,False,0,True
10,S0750,5.4792463,116.2115667,S0686,5.4356626,116.2497626,6.431,0,-7.0,False,False,0,True
10,S0750,5.4792463,116.2115667,S0687,5.4457484,116.2570889,6.266,0,-56.3,False,False,0,True
10,S0750,5.4792463,116.2115667,S0688,5.4307567,116.2278076,5.684,0,10.1,True,True,0,True
10,S0750,5.4792463,116.2115667,S0689,5.4176834,116.227837,7.078,0,10.5,True,True,0,True
10,S0750,5.4792463,116.2115667,S0733,5.472185,116.2000632,1.496,0,10.1,True,True,0,True
10,S0750,5.4792463,116.2115667,S0735,5.4612709,116.2149548,2.034,0,10.3,True,True,0,True
10,S0750,5.4792463,116.2115667,S0753,5.4643992,116.2108043,1.653,0,3.2,True,False,0,True
10,S0750,5.4792463,116.2115667,S0754,5.4632208,116.2123797,1.784,0,5.2,True,False,0,True
10,S0750,5.4792463,116.2115667,S0755,5.4692707,116.2091656,1.141,0,7.1,True,True,0,True
10,S0750,5.4792463,116.2115667,S0758,5.4385565,116.1878393,5.232,0,4.0,True,False,0,True
10,S0750,5.4792463,116.2115667,S0769,5.4328911,116.1968184,5.407,0,8.1,True,False,0,True
10,S0750,5.4792463,116.2115667,S0803,5.5282671,116.2851388,9.799,0,-85.3,False,False,0,True
10,S0750,5.4792463,116.2115667,S0813,5.5584849,116.2419076,9.429,0,-20.0,False,False,0,True
10,S0750,5.4792463,116.2115667,S1076,5.4127509,116.2331743,7.771,0,5.6,True,False,0,True
10,S0751,5.3175429,116.0864757,S0053,5.2908601,116.0344046,6.484,0,-151.9,False,False,0,True
10,S0751,5.3175429,116.0864757,S0707,5.3012077,116.0350168,5.98,0,-115.0,False,False,0,True
10,S0751,5.3175429,116.0864757,S0708,5.2780362,116.1393509,7.319,0,-30.0,False,False,0,True
10,S0751,5.3175429,116.0864757,S0710,5.2703372,116.1251851,6.777,0,-50.0,False,False,0,True
10,S0751,5.3175429,116.0864757,S0714,5.3047058,116.0623524,3.028,0,-5.7,False,False,0,True
10,S0751,5.3175429,116.0864757,S0716,5.3158088,116.0891985,0.358,0,5.9,True,True,0,True
10,S0751,5.3175429,116.0864757,S0720,5.2787276,116.1215895,5.809,0,-68.9,False,False,0,True
10,S0751,5.3175429,116.0864757,S0721,5.2778914,116.1196595,5.739,0,-83.4,False,False,0,True
10,S0751,5.3175429,116.0864757,S0723,5.2759528,116.131931,6.835,0,-18.8,False,False,0,True
10,S0751,5.3175429,116.0864757,S0724,5.3403046,116.0926618,2.622,0,5.1,True,True,0,True
10,S0751,5.3175429,116.0864757,S0725,5.2523622,116.1311946,8.778,0,-29.9,False,False,0,True
10,S0751,5.3175429,116.0864757,S0732,5.2485711,116.1385903,9.598,0,-57.9,False,False,0,True
10,S0751,5.3175429,116.0864757,S0746,5.3050012,116.0470604,4.581,0,-125.7,False,False,0,True
10,S0751,5.3175429,116.0864757,S0752,5.2886435,116.0349977,6.543,0,-156.4,False,False,0,True
10,S0751,5.3175429,116.0864757,S0759,5.3937999,116.1341623,9.989,0,-45.0,False,False,0,True
10,S0751,5.3175429,116.0864757,S0775,5.3928004,116.119851,9.148,0,12.6,True,False,0,True
10,S0751,5.3175429,116.0864757,S0718,5.3025712,116.0534426,4.018,0,-102.4,False,False,0,True
10,S0752,5.2886435,116.0349977,S0053,5.2908601,116.0344046,0.255,0,10.0,True,True,0,True
10,S0752,5.2886435,116.0349977,S0707,5.3012077,116.0350168,1.397,0,9.8,True,True,0,True
10,S0752,5.2886435,116.0349977,S0714,5.3047058,116.0623524,3.516,0,0.2,True,False,0,True
10,S0752,5.2886435,116.0349977,S0716,5.3158088,116.0891985,6.718,0,-151.5,False,False,0,True
10,S0752,5.2886435,116.0349977,S0720,5.2787276,116.1215895,9.651,0,-247.7,False,False,0,True
10,S0752,5.2886435,116.0349977,S0721,5.2778914,116.1196595,9.45,0,-244.8,False,False,0,True
10,S0752,5.2886435,116.0349977,S0724,5.3403046,116.0926618,8.588,0,-142.2,False,False,0,True
10,S0752,5.2886435,116.0349977,S0746,5.3050012,116.0470604,2.257,0,-11.5,False,False,0,True
10,S0752,5.2886435,116.0349977,S0751,5.3175429,116.0864757,6.543,0,-156.4,False,False,0,True
10,S0752,5.2886435,116.0349977,S0718,5.3025712,116.0534426,2.563,0,-37.3,False,False,0,True
10,S0753,5.4643992,116.2108043,S0057,5.4228974,116.209765,4.616,0,8.4,True,False,0,True
10,S0753,5.4643992,116.2108043,S0062,5.4587899,116.2736526,6.985,0,-78.9,False,False,0,True
10,S0753,5.4643992,116.2108043,S0659,5.3797614,116.2340885,9.758,0,11.4,True,True,0,True
10,S0753,5.4643992,116.2108043,S0663,5.3891572,116.240027,8.97,0,1.6,True,False,0,True
10,S0753,5.4643992,116.2108043,S0664,5.4542071,116.2578834,5.333,0,-77.6,False,False,0,True
10,S0753,5.4643992,116.2108043,S0665,5.4183322,116.2561088,7.169,0,4.3,True,False,0,True
10,S0753,5.4643992,116.2108043,S0667,5.4797716,116.2752866,7.339,0,-125.6,False,False,0,True
10,S0753,5.4643992,116.2108043,S0668,5.4489856,116.2702798,6.803,0,-58.3,False,False,0,True
10,S0753,5.4643992,116.2108043,S0669,5.3997077,116.2381822,7.806,0,-9.4,False,False,0,True
10,S0753,5.4643992,116.2108043,S0670,5.4728503,116.2654893,6.126,0,-140.7,False,False,0,True
10,S0753,5.4643992,116.2108043,S0671,5.4044747,116.2475115,7.804,0,6.1,True,False,0,True
10,S0753,5.4643992,116.2108043,S0673,5.3940265,116.2424715,8.574,0,-5.7,False,False,0,True
10,S0753,5.4643992,116.2108043,S0674,5.4455835,116.2688726,6.76,0,-38.7,False,False,0,True
10,S0753,5.4643992,116.2108043,S0675,5.4585487,116.2659994,6.144,0,-89.1,False,False,0,True
10,S0753,5.4643992,116.2108043,S0676,5.4464732,116.267259,6.559,0,-41.1,False,False,0,True
10,S0753,5.4643992,116.2108043,S0677,5.4816186,116.2690947,6.73,0,-198.1,False,False,0,True
10,S0753,5.4643992,116.2108043,S0678,5.4582441,116.2733047,6.952,0,-82.8,False,False,0,True
10,S0753,5.4643992,116.2108043,S0679,5.4190511,116.2334792,5.633,0,-3.4,False,False,0,True
10,S0753,5.4643992,116.2108043,S0680,5.4623131,116.2811304,7.788,0,-81.8,False,False,0,True
10,S0753,5.4643992,116.2108043,S0681,5.4719211,116.2803596,7.744,0,-124.7,False,False,0,True
10,S0753,5.4643992,116.2108043,S0682,5.426731,116.2391342,5.232,0,0.9,True,False,0,True
10,S0753,5.4643992,116.2108043,S0683,5.4676301,116.2678351,6.323,0,-123.3,False,False,0,True
10,S0753,5.4643992,116.2108043,S0684,5.455013,116.2639664,5.976,0,-87.4,False,False,0,True
10,S0753,5.4643992,116.2108043,S0685,5.451431,116.2568816,5.3,0,-42.5,False,False,0,True
10,S0753,5.4643992,116.2108043,S0686,5.4356626,116.2497626,5.367,0,-31.3,False,False,0,True
10,S0753,5.4643992,116.2108043,S0687,5.4457484,116.2570889,5.527,0,-31.7,False,False,0,True
10,S0753,5.4643992,116.2108043,S0688,5.4307567,116.2278076,4.188,0,-9.3,False,False,0,True
10,S0753,5.4643992,116.2108043,S0689,5.4176834,116.227837,5.526,0,-2.6,False,False,0,True
10,S0753,5.4643992,116.2108043,S0733,5.472185,116.2000632,1.471,0,9.4,True,True,0,True
10,S0753,5.4643992,116.2108043,S0735,5.4612709,116.2149548,0.576,0,10.1,True,True,0,True
10,S0753,5.4643992,116.2108043,S0750,5.4792463,116.2115667,1.653,0,7.4,True,True,0,True
10,S0753,5.4643992,116.2108043,S0754,5.4632208,116.2123797,0.218,0,10.1,True,True,0,True
10,S0753,5.4643992,116.2108043,S0755,5.4692707,116.2091656,0.571,0,9.3,True,True,0,True
10,S0753,5.4643992,116.2108043,S0758,5.4385565,116.1878393,3.837,0,3.1,True,False,0,True
10,S0753,5.4643992,116.2108043,S0769,5.4328911,116.1968184,3.83,0,5.8,True,False,0,True
10,S0753,5.4643992,116.2108043,S1076,5.4127509,116.2331743,6.254,0,-16.0,False,False,0,True
10,S0753,5.4643992,116.2108043,S1083,5.3975112,116.1526828,9.834,0,-10.9,False,False,0,True
10,S0754,5.4632208,116.2123797,S0057,5.4228974,116.209765,4.493,0,8.3,True,False,0,True
10,S0754,5.4632208,116.2123797,S0062,5.4587899,116.2736526,6.8,0,-86.0,False,False,0,True
10,S0754,5.4632208,116.2123797,S0659,5.3797614,116.2340885,9.586,0,11.4,True,False,0,True
10,S0754,5.4632208,116.2123797,S0663,5.3891572,116.240027,8.786,0,-4.2,False,False,0,True
10,S0754,5.4632208,116.2123797,S0664,5.4542071,116.2578834,5.136,0,-75.9,False,False,0,True
10,S0754,5.4632208,116.2123797,S0665,5.4183322,116.2561088,6.953,0,6.8,True,False,0,True
10,S0754,5.4632208,116.2123797,S0667,5.4797716,116.2752866,7.202,0,-102.8,False,False,0,True
10,S0754,5.4632208,116.2123797,S0668,5.4489856,116.2702798,6.602,0,-38.7,False,False,0,True
10,S0754,5.4632208,116.2123797,S0669,5.3997077,116.2381822,7.618,0,1.7,True,False,0,True
10,S0754,5.4632208,116.2123797,S0670,5.4728503,116.2654893,5.975,0,-142.1,False,False,0,True
10,S0754,5.4632208,116.2123797,S0671,5.4044747,116.2475115,7.602,0,7.3,True,False,0,True
10,S0754,5.4632208,116.2123797,S0673,5.3940265,116.2424715,8.384,0,13.4,True,False,0,True
10,S0754,5.4632208,116.2123797,S0674,5.4455835,116.2688726,6.554,0,-37.4,False,False,0,True
10,S0754,5.4632208,116.2123797,S0675,5.4585487,116.2659994,5.958,0,-94.7,False,False,0,True
10,S0754,5.4632208,116.2123797,S0676,5.4464732,116.267259,6.354,0,-40.7,False,False,0,True
10,S0754,5.4632208,116.2123797,S0677,5.4816186,116.2690947,6.603,0,-170.6,False,False,0,True
10,S0754,5.4632208,116.2123797,S0678,5.4582441,116.2733047,6.766,0,-88.9,False,False,0,True
10,S0754,5.4632208,116.2123797,S0679,5.4190511,116.2334792,5.439,0,5.7,True,False,0,True
10,S0754,5.4632208,116.2123797,S0680,5.4623131,116.2811304,7.611,0,-63.7,False,False,0,True
10,S0754,5.4632208,116.2123797,S0681,5.4719211,116.2803596,7.587,0,-101.8,False,False,0,True
10,S0754,5.4632208,116.2123797,S0682,5.426731,116.2391342,5.023,0,3.5,True,False,0,True
10,S0754,5.4632208,116.2123797,S0683,5.4676301,116.2678351,6.158,0,-107.0,False,False,0,True
10,S0754,5.4632208,116.2123797,S0684,5.455013,116.2639664,5.783,0,-79.9,False,False,0,True
10,S0754,5.4632208,116.2123797,S0685,5.451431,116.2568816,5.097,0,-39.2,False,False,0,True
10,S0754,5.4632208,116.2123797,S0686,5.4356626,116.2497626,5.149,0,-29.5,False,False,0,True
10,S0754,5.4632208,116.2123797,S0687,5.4457484,116.2570889,5.317,0,-28.6,False,False,0,True
10,S0754,5.4632208,116.2123797,S0688,5.4307567,116.2278076,3.993,0,1.2,True,False,0,True
10,S0754,5.4632208,116.2123797,S0689,5.4176834,116.227837,5.345,0,-11.4,False,False,0,True
10,S0754,5.4632208,116.2123797,S0733,5.472185,116.2000632,1.689,0,9.5,True,True,0,True
10,S0754,5.4632208,116.2123797,S0735,5.4612709,116.2149548,0.358,0,10.1,True,True,0,True
10,S0754,5.4632208,116.2123797,S0750,5.4792463,116.2115667,1.784,0,7.5,True,True,0,True
10,S0754,5.4632208,116.2123797,S0753,5.4643992,116.2108043,0.218,0,10.1,True,True,0,True
10,S0754,5.4632208,116.2123797,S0755,5.4692707,116.2091656,0.761,0,2.5,True,False,0,True
10,S0754,5.4632208,116.2123797,S0758,5.4385565,116.1878393,3.86,0,3.5,True,False,0,True
10,S0754,5.4632208,116.2123797,S0769,5.4328911,116.1968184,3.787,0,5.6,True,False,0,True
10,S0754,5.4632208,116.2123797,S1076,5.4127509,116.2331743,6.066,0,-1.1,False,False,0,True
10,S0754,5.4632208,116.2123797,S1083,5.3975112,116.1526828,9.852,0,-11.0,False,False,0,True
10,S0755,5.4692707,116.2091656,S0057,5.4228974,116.209765,5.157,0,8.4,True,True,0,True
10,S0755,5.4692707,116.2091656,S0062,5.4587899,116.2736526,7.233,0,-70.0,False,False,0,True
10,S0755,5.4692707,116.2091656,S0663,5.3891572,116.240027,9.541,0,-5.2,False,False,0,True
10,S0755,5.4692707,116.2091656,S0664,5.4542071,116.2578834,5.647,0,-91.2,False,False,0,True
10,S0755,5.4692707,116.2091656,S0665,5.4183322,116.2561088,7.687,0,-19.2,False,False,0,True
10,S0755,5.4692707,116.2091656,S0667,5.4797716,116.2752866,7.411,0,-145.5,False,False,0,True
10,S0755,5.4692707,116.2091656,S0668,5.4489856,116.2702798,7.131,0,-83.6,False,False,0,True
10,S0755,5.4692707,116.2091656,S0669,5.3997077,116.2381822,8.375,0,-14.4,False,False,0,True
10,S0755,5.4692707,116.2091656,S0670,5.4728503,116.2654893,6.247,0,-138.2,False,False,0,True
10,S0755,5.4692707,116.2091656,S0671,5.4044747,116.2475115,8.362,0,1.3,True,False,0,True
10,S0755,5.4692707,116.2091656,S0673,5.3940265,116.2424715,9.143,0,1.7,True,False,0,True
10,S0755,5.4692707,116.2091656,S0674,5.4455835,116.2688726,7.115,0,-62.9,False,False,0,True
10,S0755,5.4692707,116.2091656,S0675,5.4585487,116.2659994,6.403,0,-90.8,False,False,0,True
10,S0755,5.4692707,116.2091656,S0676,5.4464732,116.267259,6.912,0,-72.7,False,False,0,True
10,S0755,5.4692707,116.2091656,S0677,5.4816186,116.2690947,6.774,0,-183.5,False,False,0,True
10,S0755,5.4692707,116.2091656,S0678,5.4582441,116.2733047,7.205,0,-73.7,False,False,0,True
10,S0755,5.4692707,116.2091656,S0679,5.4190511,116.2334792,6.199,0,-2.8,False,False,0,True
10,S0755,5.4692707,116.2091656,S0680,5.4623131,116.2811304,8.003,0,-99.0,False,False,0,True
10,S0755,5.4692707,116.2091656,S0681,5.4719211,116.2803596,7.886,0,-111.8,False,False,0,True
10,S0755,5.4692707,116.2091656,S0682,5.426731,116.2391342,5.777,0,0.8,True,False,0,True
10,S0755,5.4692707,116.2091656,S0683,5.4676301,116.2678351,6.497,0,-129.0,False,False,0,True
10,S0755,5.4692707,116.2091656,S0684,5.455013,116.2639664,6.27,0,-94.8,False,False,0,True
10,S0755,5.4692707,116.2091656,S0685,5.451431,116.2568816,5.642,0,-80.1,False,False,0,True
10,S0755,5.4692707,116.2091656,S0686,5.4356626,116.2497626,5.845,0,-31.6,False,False,0,True
10,S0755,5.4692707,116.2091656,S0687,5.4457484,116.2570889,5.914,0,-43.4,False,False,0,True
10,S0755,5.4692707,116.2091656,S0688,5.4307567,116.2278076,4.754,0,-9.2,False,False,0,True
10,S0755,5.4692707,116.2091656,S0689,5.4176834,116.227837,6.097,0,-6.8,False,False,0,True
10,S0755,5.4692707,116.2091656,S0733,5.472185,116.2000632,1.058,0,7.3,True,True,0,True
10,S0755,5.4692707,116.2091656,S0735,5.4612709,116.2149548,1.096,0,-3.7,False,False,0,True
10,S0755,5.4692707,116.2091656,S0750,5.4792463,116.2115667,1.141,0,9.4,True,True,0,True
10,S0755,5.4692707,116.2091656,S0753,5.4643992,116.2108043,0.571,0,4.9,True,True,0,True
10,S0755,5.4692707,116.2091656,S0754,5.4632208,116.2123797,0.761,0,-0.5,False,False,0,True
10,S0755,5.4692707,116.2091656,S0758,5.4385565,116.1878393,4.152,0,1.7,True,False,0,True
10,S0755,5.4692707,116.2091656,S0769,5.4328911,116.1968184,4.27,0,0.4,True,False,0,True
10,S0755,5.4692707,116.2091656,S1076,5.4127509,116.2331743,6.824,0,-21.1,False,False,0,True
10,S0758,5.4385565,116.1878393,S0057,5.4228974,116.209765,2.987,0,7.7,True,False,0,True
10,S0758,5.4385565,116.1878393,S0062,5.4587899,116.2736526,9.762,0,-31.1,False,False,0,True
10,S0758,5.4385565,116.1878393,S0659,5.3797614,116.2340885,8.304,0,11.2,True,True,0,True
10,S0758,5.4385565,116.1878393,S0660,5.3629756,116.2129939,8.854,0,8.9,True,True,0,True
10,S0758,5.4385565,116.1878393,S0661,5.3621802,116.219394,9.183,0,7.3,True,True,0,True
10,S0758,5.4385565,116.1878393,S0663,5.3891572,116.240027,7.972,0,9.6,True,True,0,True
10,S0758,5.4385565,116.1878393,S0664,5.4542071,116.2578834,7.946,0,-23.4,False,False,0,True
10,S0758,5.4385565,116.1878393,S0665,5.4183322,116.2561088,7.885,0,14.1,True,False,0,True
10,S0758,5.4385565,116.1878393,S0668,5.4489856,116.2702798,9.199,0,-17.7,False,False,0,True
10,S0758,5.4385565,116.1878393,S0669,5.3997077,116.2381822,7.051,0,4.1,True,False,0,True
10,S0758,5.4385565,116.1878393,S0670,5.4728503,116.2654893,9.403,0,-121.0,False,False,0,True
10,S0758,5.4385565,116.1878393,S0671,5.4044747,116.2475115,7.615,0,12.8,True,True,0,True
10,S0758,5.4385565,116.1878393,S0673,5.3940265,116.2424715,7.816,0,12.3,True,True,0,True
10,S0758,5.4385565,116.1878393,S0674,5.4455835,116.2688726,9.004,0,-14.3,False,False,0,True
10,S0758,5.4385565,116.1878393,S0675,5.4585487,116.2659994,8.933,0,-39.1,False,False,0,True
10,S0758,5.4385565,116.1878393,S0676,5.4464732,116.267259,8.835,0,-17.2,False,False,0,True
10,S0758,5.4385565,116.1878393,S0678,5.4582441,116.2733047,9.71,0,-28.4,False,False,0,True
10,S0758,5.4385565,116.1878393,S0679,5.4190511,116.2334792,5.498,0,-0.5,False,False,0,True
10,S0758,5.4385565,116.1878393,S0682,5.426731,116.2391342,5.828,0,10.2,True,True,0,True
10,S0758,5.4385565,116.1878393,S0683,5.4676301,116.2678351,9.427,0,-85.6,False,False,0,True
10,S0758,5.4385565,116.1878393,S0684,5.455013,116.2639664,8.623,0,-25.8,False,False,0,True
10,S0758,5.4385565,116.1878393,S0685,5.451431,116.2568816,7.775,0,-17.7,False,False,0,True
10,S0758,5.4385565,116.1878393,S0686,5.4356626,116.2497626,6.862,0,8.3,True,False,0,True
10,S0758,5.4385565,116.1878393,S0687,5.4457484,116.2570889,7.707,0,-6.7,False,False,0,True
10,S0758,5.4385565,116.1878393,S0688,5.4307567,116.2278076,4.509,0,8.7,True,True,0,True
10,S0758,5.4385565,116.1878393,S0689,5.4176834,116.227837,4.999,0,10.2,True,True,0,True
10,S0758,5.4385565,116.1878393,S0733,5.472185,116.2000632,3.977,0,9.8,True,True,0,True
10,S0758,5.4385565,116.1878393,S0735,5.4612709,116.2149548,3.923,0,-10.0,False,False,0,True
10,S0758,5.4385565,116.1878393,S0750,5.4792463,116.2115667,5.232,0,13.8,True,True,0,True
10,S0758,5.4385565,116.1878393,S0753,5.4643992,116.2108043,3.837,0,-5.0,False,False,0,True
10,S0758,5.4385565,116.1878393,S0754,5.4632208,116.2123797,3.86,0,-3.1,False,False,0,True
10,S0758,5.4385565,116.1878393,S0755,5.4692707,116.2091656,4.152,0,-5.6,False,False,0,True
10,S0758,5.4385565,116.1878393,S0759,5.3937999,116.1341623,7.751,0,-59.9,False,False,0,True
10,S0758,5.4385565,116.1878393,S0769,5.4328911,116.1968184,1.177,0,10.8,True,True,0,True
10,S0758,5.4385565,116.1878393,S0775,5.3928004,116.119851,9.085,0,4.1,True,False,0,True
10,S0758,5.4385565,116.1878393,S0778,5.3908583,116.1417781,7.357,0,-84.0,False,False,0,True
10,S0758,5.4385565,116.1878393,S1076,5.4127509,116.2331743,5.781,0,-2.4,False,False,0,True
10,S0758,5.4385565,116.1878393,S1083,5.3975112,116.1526828,5.998,0,-14.9,False,False,0,True
10,S0759,5.3937999,116.1341623,S0057,5.4228974,116.209765,8.973,0,-39.6,False,False,0,True
10,S0759,5.3937999,116.1341623,S0656,5.3409493,116.1995303,9.322,0,-1.2,False,False,0,True
10,S0759,5.3937999,116.1341623,S0658,5.3467074,116.2097255,9.869,0,0.9,True,False,0,True
10,S0759,5.3937999,116.1341623,S0660,5.3629756,116.2129939,9.376,0,-33.6,False,False,0,True
10,S0759,5.3937999,116.1341623,S0716,5.3158088,116.0891985,9.999,0,-23.2,False,False,0,True
10,S0759,5.3937999,116.1341623,S0724,5.3403046,116.0926618,7.516,0,-111.2,False,False,0,True
10,S0759,5.3937999,116.1341623,S0751,5.3175429,116.0864757,9.989,0,-52.2,False,False,0,True
10,S0759,5.3937999,116.1341623,S0758,5.4385565,116.1878393,7.751,0,-46.8,False,False,0,True
10,S0759,5.3937999,116.1341623,S0769,5.4328911,116.1968184,8.185,0,-41.7,False,False,0,True
10,S0759,5.3937999,116.1341623,S0775,5.3928004,116.119851,1.588,0,-45.5,False,False,0,True
10,S0759,5.3937999,116.1341623,S0778,5.3908583,116.1417781,0.904,0,10.1,True,True,0,True
10,S0759,5.3937999,116.1341623,S1083,5.3975112,116.1526828,2.091,0,-73.5,False,False,0,True
10,S0769,5.4328911,116.1968184,S0057,5.4228974,116.209765,1.813,0,8.2,True,True,0,True
10,S0769,5.4328911,116.1968184,S0062,5.4587899,116.2736526,8.979,0,-8.4,False,False,0,True
10,S0769,5.4328911,116.1968184,S0658,5.3467074,116.2097255,9.689,0,11.3,True,True,0,True
10,S0769,5.4328911,116.1968184,S0659,5.3797614,116.2340885,7.206,0,11.3,True,True,0,True
10,S0769,5.4328911,116.1968184,S0660,5.3629756,116.2129939,7.978,0,2.0,True,False,0,True
10,S0769,5.4328911,116.1968184,S0661,5.3621802,116.219394,8.25,0,7.2,True,True,0,True
10,S0769,5.4328911,116.1968184,S0663,5.3891572,116.240027,6.821,0,9.5,True,True,0,True
10,S0769,5.4328911,116.1968184,S0664,5.4542071,116.2578834,7.163,0,-2.9,False,False,0,True
10,S0769,5.4328911,116.1968184,S0665,5.4183322,116.2561088,6.76,0,16.0,True,True,0,True
10,S0769,5.4328911,116.1968184,S0668,5.4489856,116.2702798,8.326,0,-19.1,False,False,0,True
10,S0769,5.4328911,116.1968184,S0669,5.3997077,116.2381822,5.881,0,5.9,True,False,0,True
10,S0769,5.4328911,116.1968184,S0670,5.4728503,116.2654893,8.805,0,-85.6,False,False,0,True
10,S0769,5.4328911,116.1968184,S0671,5.4044747,116.2475115,6.44,0,10.2,True,True,0,True
10,S0769,5.4328911,116.1968184,S0673,5.3940265,116.2424715,6.65,0,12.2,True,True,0,True
10,S0769,5.4328911,116.1968184,S0674,5.4455835,116.2688726,8.1,0,-2.5,False,False,0,True
10,S0769,5.4328911,116.1968184,S0675,5.4585487,116.2659994,8.172,0,-12.5,False,False,0,True
10,S0769,5.4328911,116.1968184,S0676,5.4464732,116.267259,7.942,0,-11.7,False,False,0,True
10,S0769,5.4328911,116.1968184,S0677,5.4816186,116.2690947,9.662,0,-161.8,False,False,0,True
10,S0769,5.4328911,116.1968184,S0678,5.4582441,116.2733047,8.924,0,-9.8,False,False,0,True
10,S0769,5.4328911,116.1968184,S0679,5.4190511,116.2334792,4.34,0,-0.4,False,False,0,True
10,S0769,5.4328911,116.1968184,S0680,5.4623131,116.2811304,9.89,0,0.6,True,False,0,True
10,S0769,5.4328911,116.1968184,S0682,5.426731,116.2391342,4.734,0,10.1,True,True,0,True
10,S0769,5.4328911,116.1968184,S0683,5.4676301,116.2678351,8.759,0,-33.1,False,False,0,True
10,S0769,5.4328911,116.1968184,S0684,5.455013,116.2639664,7.829,0,-13.2,False,False,0,True
10,S0769,5.4328911,116.1968184,S0685,5.451431,116.2568816,6.961,0,-2.2,False,False,0,True
10,S0769,5.4328911,116.1968184,S0686,5.4356626,116.2497626,5.869,0,8.7,True,False,0,True
10,S0769,5.4328911,116.1968184,S0687,5.4457484,116.2570889,6.823,0,-9.6,False,False,0,True
10,S0769,5.4328911,116.1968184,S0688,5.4307567,116.2278076,3.439,0,8.8,True,True,0,True
10,S0769,5.4328911,116.1968184,S0689,5.4176834,116.227837,3.827,0,10.2,True,True,0,True
10,S0769,5.4328911,116.1968184,S0733,5.472185,116.2000632,4.384,0,13.2,True,True,0,True
10,S0769,5.4328911,116.1968184,S0735,5.4612709,116.2149548,3.74,0,9.3,True,False,0,True
10,S0769,5.4328911,116.1968184,S0750,5.4792463,116.2115667,5.407,0,14.0,True,True,0,True
10,S0769,5.4328911,116.1968184,S0753,5.4643992,116.2108043,3.83,0,7.1,True,False,0,True
10,S0769,5.4328911,116.1968184,S0754,5.4632208,116.2123797,3.787,0,15.6,True,True,0,True
10,S0769,5.4328911,116.1968184,S0755,5.4692707,116.2091656,4.27,0,-5.4,False,False,0,True
10,S0769,5.4328911,116.1968184,S0758,5.4385565,116.1878393,1.177,0,5.9,True,True,0,True
10,S0769,5.4328911,116.1968184,S0759,5.3937999,116.1341623,8.185,0,-54.3,False,False,0,True
10,S0769,5.4328911,116.1968184,S0775,5.3928004,116.119851,9.616,0,10.1,True,True,0,True
10,S0769,5.4328911,116.1968184,S0778,5.3908583,116.1417781,7.679,0,-78.8,False,False,0,True
10,S0769,5.4328911,116.1968184,S1076,5.4127509,116.2331743,4.606,0,-1.3,False,False,0,True
10,S0769,5.4328911,116.1968184,S1083,5.3975112,116.1526828,6.273,0,-11.5,False,False,0,True
10,S0775,5.3928004,116.119851,S0716,5.3158088,116.0891985,9.209,0,1.4,True,False,0,True
10,S0775,5.3928004,116.119851,S0724,5.3403046,116.0926618,6.568,0,-101.8,False,False,0,True
10,S0775,5.3928004,116.119851,S0751,5.3175429,116.0864757,9.148,0,13.7,True,True,0,True
10,S0775,5.3928004,116.119851,S0758,5.4385565,116.1878393,9.085,0,6.0,True,False,0,True
10,S0775,5.3928004,116.119851,S0759,5.3937999,116.1341623,1.588,0,-39.5,False,False,0,True
10,S0775,5.3928004,116.119851,S0769,5.4328911,116.1968184,9.616,0,11.9,True,True,0,True
10,S0775,5.3928004,116.119851,S0778,5.3908583,116.1417781,2.437,0,0.9,True,False,0,True
10,S0775,5.3928004,116.119851,S1083,5.3975112,116.1526828,3.672,0,5.6,True,False,0,True
10,S0778,5.3908583,116.1417781,S0057,5.4228974,116.209765,8.327,0,-58.9,False,False,0,True
10,S0778,5.3908583,116.1417781,S0656,5.3409493,116.1995303,8.466,0,6.7,True,False,0,True
10,S0778,5.3908583,116.1417781,S0658,5.3467074,116.2097255,8.983,0,-3.7,False,False,0,True
10,S0778,5.3908583,116.1417781,S0660,5.3629756,116.2129939,8.472,0,-25.9,False,False,0,True
10,S0778,5.3908583,116.1417781,S0661,5.3621802,116.219394,9.165,0,-29.5,False,False,0,True
10,S0778,5.3908583,116.1417781,S0689,5.4176834,116.227837,9.983,0,-67.1,False,False,0,True
10,S0778,5.3908583,116.1417781,S0724,5.3403046,116.0926618,7.821,0,-86.9,False,False,0,True
10,S0778,5.3908583,116.1417781,S0758,5.4385565,116.1878393,7.357,0,-66.5,False,False,0,True
10,S0778,5.3908583,116.1417781,S0759,5.3937999,116.1341623,0.904,0,10.0,True,True,0,True
10,S0778,5.3908583,116.1417781,S0769,5.4328911,116.1968184,7.679,0,-61.2,False,False,0,True
10,S0778,5.3908583,116.1417781,S0775,5.3928004,116.119851,2.437,0,-10.1,False,False,0,True
10,S0778,5.3908583,116.1417781,S1083,5.3975112,116.1526828,1.416,0,-64.2,False,False,0,True
10,S0778,5.3908583,116.1417781,S1186,5.3178138,116.1933541,9.928,0,11.3,True,True,0,True
10,S0792,5.454468,116.5639703,S0066,5.4146548,116.5084813,7.571,0,-47.8,False,False,0,True
10,S0792,5.454468,116.5639703,S0611,5.4505072,116.5605112,0.584,0,8.6,True,True,0,True
10,S0792,5.454468,116.5639703,S0614,5.4257658,116.5207264,5.753,0,-54.4,False,False,0,True
10,S0792,5.454468,116.5639703,S0617,5.448024,116.5546504,1.256,0,-6.9,False,False,0,True
10,S0792,5.454468,116.5639703,S0620,5.4312578,116.5366919,3.972,0,-12.1,False,False,0,True
10,S0796,5.2210728,116.1946742,S0603,5.1778704,116.2381905,6.804,0,-22.4,False,False,0,True
10,S0796,5.2210728,116.1946742,S0605,5.1621456,116.2315424,7.72,0,-14.2,False,False,0,True
10,S0796,5.2210728,116.1946742,S0608,5.1868176,116.1825533,4.039,0,-9.6,False,False,0,True
10,S0796,5.2210728,116.1946742,S0708,5.2780362,116.1393509,8.812,0,7.9,True,True,0,True
10,S0796,5.2210728,116.1946742,S0710,5.2703372,116.1251851,9.445,0,-61.2,False,False,0,True
10,S0796,5.2210728,116.1946742,S0715,5.2806717,116.1968127,6.631,0,-26.9,False,False,0,True
10,S0796,5.2210728,116.1946742,S0723,5.2759528,116.131931,9.247,0,-47.3,False,False,0,True
10,S0796,5.2210728,116.1946742,S0725,5.2523622,116.1311946,7.843,0,-26.3,False,False,0,True
10,S0796,5.2210728,116.1946742,S0732,5.2485711,116.1385903,6.922,0,11.7,True,True,0,True
10,S0796,5.2210728,116.1946742,S0740,5.2381576,116.1437518,5.95,0,10.7,True,True,0,True
10,S0796,5.2210728,116.1946742,S0744,5.2605311,116.1765327,4.826,0,-7.8,False,False,0,True
10,S0796,5.2210728,116.1946742,S0747,5.2383302,116.1357927,6.797,0,10.7,True,True,0,True
10,S0796,5.2210728,116.1946742,S0798,5.2096144,116.1942804,1.275,0,9.3,True,True,0,True
10,S0796,5.2210728,116.1946742,S0601,5.1431533,116.2102068,8.833,0,-15.0,False,False,0,True
10,S0796,5.2210728,116.1946742,S0609,5.2268314,116.1801678,1.729,0,-32.4,False,False,0,True
10,S0796,5.2210728,116.1946742,S1077,5.2283683,116.175459,2.277,0,3.0,True,False,0,True
10,S0798,5.2096144,116.1942804,S0603,5.1778704,116.2381905,6.009,0,-12.1,False,False,0,True
10,S0798,5.2096144,116.1942804,S0605,5.1621456,116.2315424,6.7,0,-10.0,False,False,0,True
10,S0798,5.2096144,116.1942804,S0608,5.1868176,116.1825533,2.848,0,4.4,True,False,0,True
10,S0798,5.2096144,116.1942804,S0708,5.2780362,116.1393509,9.741,0,4.3,True,False,0,True
10,S0798,5.2096144,116.1942804,S0715,5.2806717,116.1968127,7.906,0,-41.0,False,False,0,True
10,S0798,5.2096144,116.1942804,S0725,5.2523622,116.1311946,8.449,0,-35.1,False,False,0,True
10,S0798,5.2096144,116.1942804,S0732,5.2485711,116.1385903,7.536,0,11.7,True,True,0,True
10,S0798,5.2096144,116.1942804,S0740,5.2381576,116.1437518,6.433,0,3.5,True,False,0,True
10,S0798,5.2096144,116.1942804,S0744,5.2605311,116.1765327,5.993,0,-16.1,False,False,0,True
10,S0798,5.2096144,116.1942804,S0747,5.2383302,116.1357927,7.221,0,10.7,True,True,0,True
10,S0798,5.2096144,116.1942804,S0796,5.2210728,116.1946742,1.275,0,10.0,True,True,0,True
10,S0798,5.2096144,116.1942804,S0601,5.1431533,116.2102068,7.598,0,3.8,True,False,0,True
10,S0798,5.2096144,116.1942804,S0609,5.2268314,116.1801678,2.471,0,-48.0,False,False,0,True
10,S0798,5.2096144,116.1942804,S1077,5.2283683,116.175459,2.948,0,-22.2,False,False,0,True
10,S0803,5.5282671,116.2851388,S0062,5.4587899,116.2736526,7.829,0,-42.6,False,False,0,True
10,S0803,5.5282671,116.2851388,S0664,5.4542071,116.2578834,8.77,0,-6.2,False,False,0,True
10,S0803,5.5282671,116.2851388,S0667,5.4797716,116.2752866,5.502,0,-83.1,False,False,0,True
10,S0803,5.5282671,116.2851388,S0668,5.4489856,116.2702798,8.968,0,-15.4,False,False,0,True
10,S0803,5.5282671,116.2851388,S0670,5.4728503,116.2654893,6.535,0,-47.2,False,False,0,True
10,S0803,5.5282671,116.2851388,S0674,5.4455835,116.2688726,9.369,0,-3.6,False,False,0,True
10,S0803,5.5282671,116.2851388,S0675,5.4585487,116.2659994,8.037,0,-57.9,False,False,0,True
10,S0803,5.5282671,116.2851388,S0676,5.4464732,116.267259,9.308,0,-48.1,False,False,0,True
10,S0803,5.5282671,116.2851388,S0677,5.4816186,116.2690947,5.483,0,-108.8,False,False,0,True
10,S0803,5.5282671,116.2851388,S0678,5.4582441,116.2733047,7.896,0,-39.7,False,False,0,True
10,S0803,5.5282671,116.2851388,S0680,5.4623131,116.2811304,7.347,0,-7.8,False,False,0,True
10,S0803,5.5282671,116.2851388,S0681,5.4719211,116.2803596,6.288,0,-20.0,False,False,0,True
10,S0803,5.5282671,116.2851388,S0683,5.4676301,116.2678351,7.009,0,-66.8,False,False,0,True
10,S0803,5.5282671,116.2851388,S0684,5.455013,116.2639664,8.476,0,-34.4,False,False,0,True
10,S0803,5.5282671,116.2851388,S0685,5.451431,116.2568816,9.098,0,-1.5,False,False,0,True
10,S0803,5.5282671,116.2851388,S0687,5.4457484,116.2570889,9.687,0,8.5,True,False,0,True
10,S0803,5.5282671,116.2851388,S0750,5.4792463,116.2115667,9.799,0,-91.2,False,False,0,True
10,S0803,5.5282671,116.2851388,S0805,5.5411224,116.2810617,1.499,0,9.0,True,True,0,True
10,S0803,5.5282671,116.2851388,S0813,5.5584849,116.2419076,5.847,0,11.4,True,True,0,True
10,S0803,5.5282671,116.2851388,S0816,5.5883975,116.3007588,6.906,0,-22.3,False,False,0,True
10,S0803,5.5282671,116.2851388,S0820,5.5897802,116.3212195,7.92,0,-197.4,False,False,0,True
10,S0803,5.5282671,116.2851388,S0822,5.602903,116.3286917,9.597,0,-54.0,False,False,0,True
10,S0803,5.5282671,116.2851388,S0823,5.602858,116.3074828,8.655,0,-135.3,False,False,0,True
10,S0803,5.5282671,116.2851388,S0064,5.5091912,116.3233754,4.734,0,7.7,True,True,0,True
10,S0803,5.5282671,116.2851388,S0807,5.5197756,116.3176526,3.72,0,-28.3,False,False,0,True
10,S0805,5.5411224,116.2810617,S0062,5.4587899,116.2736526,9.192,0,-104.8,False,False,0,True
10,S0805,5.5411224,116.2810617,S0664,5.4542071,116.2578834,9.999,0,-19.6,False,False,0,True
10,S0805,5.5411224,116.2810617,S0667,5.4797716,116.2752866,6.852,0,-125.9,False,False,0,True
10,S0805,5.5411224,116.2810617,S0670,5.4728503,116.2654893,7.785,0,-58.0,False,False,0,True
10,S0805,5.5411224,116.2810617,S0675,5.4585487,116.2659994,9.332,0,-45.0,False,False,0,True
10,S0805,5.5411224,116.2810617,S0677,5.4816186,116.2690947,6.748,0,-107.4,False,False,0,True
10,S0805,5.5411224,116.2810617,S0678,5.4582441,116.2733047,9.256,0,-101.0,False,False,0,True
10,S0805,5.5411224,116.2810617,S0680,5.4623131,116.2811304,8.763,0,-45.1,False,False,0,True
10,S0805,5.5411224,116.2810617,S0681,5.4719211,116.2803596,7.695,0,-45.6,False,False,0,True
10,S0805,5.5411224,116.2810617,S0683,5.4676301,116.2678351,8.302,0,-61.0,False,False,0,True
10,S0805,5.5411224,116.2810617,S0684,5.455013,116.2639664,9.76,0,-33.7,False,False,0,True
10,S0805,5.5411224,116.2810617,S0803,5.5282671,116.2851388,1.499,0,10.1,True,True,0,True
10,S0805,5.5411224,116.2810617,S0813,5.5584849,116.2419076,4.744,0,11.5,True,True,0,True
10,S0805,5.5411224,116.2810617,S0816,5.5883975,116.3007588,5.691,0,-12.5,False,False,0,True
10,S0805,5.5411224,116.2810617,S0819,5.6206223,116.2959576,8.992,0,-124.3,False,False,0,True
10,S0805,5.5411224,116.2810617,S0820,5.5897802,116.3212195,7.002,0,-163.0,False,False,0,True
10,S0805,5.5411224,116.2810617,S0822,5.602903,116.3286917,8.659,0,-5.1,False,False,0,True
10,S0805,5.5411224,116.2810617,S0823,5.602858,116.3074828,7.461,0,-147.2,False,False,0,True
10,S0805,5.5411224,116.2810617,S0825,5.6159659,116.3264611,9.721,0,-121.5,False,False,0,True
10,S0805,5.5411224,116.2810617,S0064,5.5091912,116.3233754,5.877,0,-16.2,False,False,0,True
10,S0805,5.5411224,116.2810617,S0807,5.5197756,116.3176526,4.694,0,-58.4,False,False,0,True
10,S0813,5.5584849,116.2419076,S0667,5.4797716,116.2752866,9.5,0,-75.7,False,False,0,True
10,S0813,5.5584849,116.2419076,S0670,5.4728503,116.2654893,9.873,0,-115.1,False,False,0,True
10,S0813,5.5584849,116.2419076,S0677,5.4816186,116.2690947,9.061,0,-95.1,False,False,0,True
10,S0813,5.5584849,116.2419076,S0750,5.4792463,116.2115667,9.429,0,-33.5,False,False,0,True
10,S0813,5.5584849,116.2419076,S0803,5.5282671,116.2851388,5.847,0,10.3,True,True,0,True
10,S0813,5.5584849,116.2419076,S0805,5.5411224,116.2810617,4.744,0,18.7,True,True,0,True
10,S0813,5.5584849,116.2419076,S0815,5.6394475,116.2778346,9.841,0,-155.7,False,False,0,True
10,S0813,5.5584849,116.2419076,S0816,5.5883975,116.3007588,7.313,0,-39.4,False,False,0,True
10,S0813,5.5584849,116.2419076,S0819,5.6206223,116.2959576,9.139,0,-65.2,False,False,0,True
10,S0813,5.5584849,116.2419076,S0820,5.5897802,116.3212195,9.442,0,-100.9,False,False,0,True
10,S0813,5.5584849,116.2419076,S0823,5.602858,116.3074828,8.776,0,-180.2,False,False,0,True
10,S0813,5.5584849,116.2419076,S0807,5.5197756,116.3176526,9.424,0,-120.7,False,False,0,True
10,S0815,5.6394475,116.2778346,S0813,5.5584849,116.2419076,9.841,0,-146.0,False,False,0,True
10,S0815,5.6394475,116.2778346,S0816,5.5883975,116.3007588,6.218,0,-23.2,False,False,0,True
10,S0815,5.6394475,116.2778346,S0819,5.6206223,116.2959576,2.899,0,-11.1,False,False,0,True
10,S0815,5.6394475,116.2778346,S0820,5.5897802,116.3212195,7.318,0,-79.6,False,False,0,True
10,S0815,5.6394475,116.2778346,S0822,5.602903,116.3286917,6.942,0,-57.9,False,False,0,True
10,S0815,5.6394475,116.2778346,S0823,5.602858,116.3074828,5.227,0,-119.4,False,False,0,True
10,S0815,5.6394475,116.2778346,S0825,5.6159659,116.3264611,5.981,0,-111.5,False,False,0,True
10,S0815,5.6394475,116.2778346,S0826,5.6363052,116.3045859,2.981,0,-146.8,False,False,0,True
10,S0816,5.5883975,116.3007588,S0803,5.5282671,116.2851388,6.906,1,-21.7,False,False,0,True
10,S0816,5.5883975,116.3007588,S0805,5.5411224,116.2810617,5.691,1,-7.5,False,False,0,True
10,S0816,5.5883975,116.3007588,S0813,5.5584849,116.2419076,7.313,1,-47.4,False,False,0,True
10,S0816,5.5883975,116.3007588,S0815,5.6394475,116.2778346,6.218,1,-23.4,False,False,0,True
10,S0816,5.5883975,116.3007588,S0819,5.6206223,116.2959576,3.622,1,-31.2,False,False,0,True
10,S0816,5.5883975,116.3007588,S0820,5.5897802,116.3212195,2.27,1,10.4,True,True,0,True
10,S0816,5.5883975,116.3007588,S0822,5.602903,116.3286917,3.487,1,-14.8,False,False,0,True
10,S0816,5.5883975,116.3007588,S0823,5.602858,116.3074828,1.772,1,-52.0,False,False,0,True
10,S0816,5.5883975,116.3007588,S0825,5.6159659,116.3264611,4.182,1,-58.3,False,False,0,True
10,S0816,5.5883975,116.3007588,S0826,5.6363052,116.3045859,5.344,1,1.0,True,False,0,True
10,S0816,5.5883975,116.3007588,S0064,5.5091912,116.3233754,9.156,1,-163.0,False,False,0,True
10,S0816,5.5883975,116.3007588,S0807,5.5197756,116.3176526,7.856,1,-199.8,False,False,0,True
10,S0819,5.6206223,116.2959576,S0805,5.5411224,116.2810617,8.992,0,-118.9,False,False,0,True
10,S0819,5.6206223,116.2959576,S0813,5.5584849,116.2419076,9.139,0,-75.2,False,False,0,True
10,S0819,5.6206223,116.2959576,S0815,5.6394475,116.2778346,2.899,0,-21.5,False,False,0,True
10,S0819,5.6206223,116.2959576,S0816,5.5883975,116.3007588,3.622,0,-14.9,False,False,0,True
10,S0819,5.6206223,116.2959576,S0820,5.5897802,116.3212195,4.425,0,-62.7,False,False,0,True
10,S0819,5.6206223,116.2959576,S0822,5.602903,116.3286917,4.124,0,-1.8,False,False,0,True
10,S0819,5.6206223,116.2959576,S0823,5.602858,116.3074828,2.351,0,-92.1,False,False,0,True
10,S0819,5.6206223,116.2959576,S0825,5.6159659,116.3264611,3.415,0,-76.3,False,False,0,True
10,S0819,5.6206223,116.2959576,S0826,5.6363052,116.3045859,1.988,0,-32.8,False,False,0,True
10,S0820,5.5897802,116.3212195,S0803,5.5282671,116.2851388,7.92,0,-187.8,False,False,0,True
10,S0820,5.5897802,116.3212195,S0805,5.5411224,116.2810617,7.002,0,-155.4,False,False,0,True
10,S0820,5.5897802,116.3212195,S0813,5.5584849,116.2419076,9.442,0,-111.4,False,False,0,True
10,S0820,5.5897802,116.3212195,S0815,5.6394475,116.2778346,7.318,0,-76.7,False,False,0,True
10,S0820,5.5897802,116.3212195,S0816,5.5883975,116.3007588,2.27,0,4.4,True,True,0,True
10,S0820,5.5897802,116.3212195,S0819,5.6206223,116.2959576,4.425,0,-70.4,False,False,0,True
10,S0820,5.5897802,116.3212195,S0822,5.602903,116.3286917,1.677,0,-53.6,False,False,0,True
10,S0820,5.5897802,116.3212195,S0823,5.602858,116.3074828,2.104,0,-28.9,False,False,0,True
10,S0820,5.5897802,116.3212195,S0825,5.6159659,116.3264611,2.969,0,-165.5,False,False,0,True
10,S0820,5.5897802,116.3212195,S0826,5.6363052,116.3045859,5.491,0,-119.9,False,False,0,True
10,S0820,5.5897802,116.3212195,S0064,5.5091912,116.3233754,8.964,0,-245.1,False,False,0,True
10,S0820,5.5897802,116.3212195,S0807,5.5197756,116.3176526,7.794,0,-277.3,False,False,0,True
10,S0822,5.602903,116.3286917,S0803,5.5282671,116.2851388,9.597,0,-49.7,False,False,0,True
10,S0822,5.602903,116.3286917,S0805,5.5411224,116.2810617,8.659,0,-4.2,False,False,0,True
10,S0822,5.602903,116.3286917,S0815,5.6394475,116.2778346,6.942,0,-73.9,False,False,0,True
10,S0822,5.602903,116.3286917,S0816,5.5883975,116.3007588,3.487,0,-5.4,False,False,0,True
10,S0822,5.602903,116.3286917,S0819,5.6206223,116.2959576,4.124,0,13.3,True,True,0,True
10,S0822,5.602903,116.3286917,S0820,5.5897802,116.3212195,1.677,0,-50.5,False,False,0,True
10,S0822,5.602903,116.3286917,S0823,5.602858,116.3074828,2.347,0,-93.7,False,False,0,True
10,S0822,5.602903,116.3286917,S0825,5.6159659,116.3264611,1.473,0,-3.8,False,False,0,True
10,S0822,5.602903,116.3286917,S0826,5.6363052,116.3045859,4.573,0,-10.5,False,False,0,True
10,S0822,5.602903,116.3286917,S0807,5.5197756,116.3176526,9.324,0,-251.5,False,False,0,True
10,S0823,5.602858,116.3074828,S0803,5.5282671,116.2851388,8.655,0,-124.2,False,False,0,True
10,S0823,5.602858,116.3074828,S0805,5.5411224,116.2810617,7.461,0,-137.3,False,False,0,True
10,S0823,5.602858,116.3074828,S0813,5.5584849,116.2419076,8.776,0,-174.0,False,False,0,True
10,S0823,5.602858,116.3074828,S0815,5.6394475,116.2778346,5.227,0,-106.7,False,False,0,True
10,S0823,5.602858,116.3074828,S0816,5.5883975,116.3007588,1.772,0,-58.1,False,False,0,True
10,S0823,5.602858,116.3074828,S0819,5.6206223,116.2959576,2.351,0,-89.1,False,False,0,True
10,S0823,5.602858,116.3074828,S0820,5.5897802,116.3212195,2.104,0,-30.3,False,False,0,True
10,S0823,5.602858,116.3074828,S0822,5.602903,116.3286917,2.347,0,-95.1,False,False,0,True
10,S0823,5.602858,116.3074828,S0825,5.6159659,116.3264611,2.556,0,-100.8,False,False,0,True
10,S0823,5.602858,116.3074828,S0826,5.6363052,116.3045859,3.733,0,-39.3,False,False,0,True
10,S0823,5.602858,116.3074828,S0807,5.5197756,116.3176526,9.307,0,-304.9,False,False,0,True
10,S0825,5.6159659,116.3264611,S0805,5.5411224,116.2810617,9.721,0,-108.1,False,False,0,True
10,S0825,5.6159659,116.3264611,S0815,5.6394475,116.2778346,5.981,0,-126.6,False,False,0,True
10,S0825,5.6159659,116.3264611,S0816,5.5883975,116.3007588,4.182,0,-52.5,False,False,0,True
10,S0825,5.6159659,116.3264611,S0819,5.6206223,116.2959576,3.415,0,-73.7,False,False,0,True
10,S0825,5.6159659,116.3264611,S0820,5.5897802,116.3212195,2.969,0,-170.0,False,False,0,True
10,S0825,5.6159659,116.3264611,S0822,5.602903,116.3286917,1.473,0,2.5,True,False,0,True
10,S0825,5.6159659,116.3264611,S0823,5.602858,116.3074828,2.556,0,-106.9,False,False,0,True
10,S0825,5.6159659,116.3264611,S0826,5.6363052,116.3045859,3.313,0,-62.3,False,False,0,True
10,S0826,5.6363052,116.3045859,S0815,5.6394475,116.2778346,2.981,0,-158.0,False,False,0,True
10,S0826,5.6363052,116.3045859,S0816,5.5883975,116.3007588,5.344,0,-15.6,False,False,0,True
10,S0826,5.6363052,116.3045859,S0819,5.6206223,116.2959576,1.988,0,-33.3,False,False,0,True
10,S0826,5.6363052,116.3045859,S0820,5.5897802,116.3212195,5.491,0,-130.3,False,False,0,True
10,S0826,5.6363052,116.3045859,S0822,5.602903,116.3286917,4.573,0,5.9,True,False,0,True
10,S0826,5.6363052,116.3045859,S0823,5.602858,116.3074828,3.733,0,-34.5,False,False,0,True
10,S0826,5.6363052,116.3045859,S0825,5.6159659,116.3264611,3.313,0,-68.7,False,False,0,True
10,S0831,5.8661453,116.5365456,S0078,5.8641269,116.5839984,5.254,0,-338.4,False,False,0,True
10,S0831,5.8661453,116.5365456,S0834,5.8713255,116.4973945,4.369,0,-141.8,False,False,0,True
10,S0831,5.8661453,116.5365456,S0840,5.8053237,116.4818104,9.077,0,-309.0,False,False,0,True
10,S0831,5.8661453,116.5365456,S0845,5.8723062,116.5007533,4.018,0,-163.1,False,False,0,True
10,S0831,5.8661453,116.5365456,S0854,5.8545828,116.4912239,5.175,0,-182.1,False,False,0,True
10,S0831,5.8661453,116.5365456,S0988,5.8670441,116.5672761,3.401,0,-237.7,False,False,0,True
10,S0831,5.8661453,116.5365456,S1008,5.864768,116.578317,4.623,0,-250.8,False,False,0,True
10,S0831,5.8661453,116.5365456,S1019,5.9148989,116.5523936,5.698,0,-431.0,False,False,0,True
10,S0831,5.8661453,116.5365456,S1020,5.8730698,116.5840241,5.308,0,-366.9,False,False,0,True
10,S0831,5.8661453,116.5365456,S1023,5.9285252,116.5524134,7.155,0,-505.4,False,False,0,True
10,S0831,5.8661453,116.5365456,S1024,5.9428587,116.5545268,8.759,0,-398.3,False,False,0,True
10,S0831,5.8661453,116.5365456,S1025,5.9272681,116.5622378,7.367,0,-405.3,False,False,0,True
10,S0831,5.8661453,116.5365456,S1026,5.898538,116.5572532,4.268,0,-226.1,False,False,0,True
10,S0831,5.8661453,116.5365456,S1030,5.9197567,116.5389621,5.967,0,-403.2,False,False,0,True
10,S0831,5.8661453,116.5365456,S1034,5.9048187,116.5573592,4.878,0,-243.8,False,False,0,True
10,S0831,5.8661453,116.5365456,S1050,5.9480847,116.5420322,9.131,0,-438.1,False,False,0,True
10,S0831,5.8661453,116.5365456,S1053,5.9458883,116.5351745,8.868,0,-388.9,False,False,0,True
10,S0834,5.8713255,116.4973945,S0078,5.8641269,116.5839984,9.613,0,-322.2,False,False,0,True
10,S0834,5.8713255,116.4973945,S0831,5.8661453,116.5365456,4.369,0,-141.6,False,False,0,True
10,S0834,5.8713255,116.4973945,S0839,5.7916927,116.4734878,9.241,0,-205.1,False,False,0,True
10,S0834,5.8713255,116.4973945,S0840,5.8053237,116.4818104,7.539,0,-189.5,False,False,0,True
10,S0834,5.8713255,116.4973945,S0845,5.8723062,116.5007533,0.387,0,10.1,True,True,0,True
10,S0834,5.8713255,116.4973945,S0846,5.7986386,116.4696292,8.646,0,-208.6,False,False,0,True
10,S0834,5.8713255,116.4973945,S0854,5.8545828,116.4912239,1.983,0,-198.2,False,False,0,True
10,S0834,5.8713255,116.4973945,S0988,5.8670441,116.5672761,7.744,0,-200.0,False,False,0,True
10,S0834,5.8713255,116.4973945,S1008,5.864768,116.578317,8.981,0,-187.9,False,False,0,True
10,S0834,5.8713255,116.4973945,S1019,5.9148989,116.5523936,7.777,0,-484.7,False,False,0,True
10,S0834,5.8713255,116.4973945,S1020,5.8730698,116.5840241,9.584,0,-308.5,False,False,0,True
10,S0834,5.8713255,116.4973945,S1023,5.9285252,116.5524134,8.803,0,-572.6,False,False,0,True
10,S0834,5.8713255,116.4973945,S1025,5.9272681,116.5622378,9.494,0,-522.9,False,False,0,True
10,S0834,5.8713255,116.4973945,S1026,5.898538,116.5572532,7.28,0,-294.2,False,False,0,True
10,S0834,5.8713255,116.4973945,S1030,5.9197567,116.5389621,7.081,0,-446.4,False,False,0,True
10,S0834,5.8713255,116.4973945,S1034,5.9048187,116.5573592,7.607,0,-308.9,False,False,0,True
10,S0834,5.8713255,116.4973945,S1050,5.9480847,116.5420322,9.86,0,-408.2,False,False,0,True
10,S0834,5.8713255,116.4973945,S1053,5.9458883,116.5351745,9.284,0,-412.3,False,False,0,True
10,S0839,5.7916927,116.4734878,S0080,5.7636797,116.4468761,4.286,1,-8.0,False,False,0,True
10,S0839,5.7916927,116.4734878,S0834,5.8713255,116.4973945,9.241,1,-210.8,False,False,0,True
10,S0839,5.7916927,116.4734878,S0840,5.8053237,116.4818104,1.773,1,-18.1,False,False,0,True
10,S0839,5.7916927,116.4734878,S0845,5.8723062,116.5007533,9.458,1,-188.3,False,False,0,True
10,S0839,5.7916927,116.4734878,S0846,5.7986386,116.4696292,0.882,1,-37.9,False,False,0,True
10,S0839,5.7916927,116.4734878,S0854,5.8545828,116.4912239,7.263,1,-239.9,False,False,0,True
10,S0839,5.7916927,116.4734878,S1151,5.7396865,116.4067157,9.381,1,-221.9,False,False,0,True
10,S0840,5.8053237,116.4818104,S0080,5.7636797,116.4468761,6.031,0,-21.8,False,False,0,True
10,S0840,5.8053237,116.4818104,S0831,5.8661453,116.5365456,9.077,0,-313.1,False,False,0,True
10,S0840,5.8053237,116.4818104,S0834,5.8713255,116.4973945,7.539,0,-205.7,False,False,0,True
10,S0840,5.8053237,116.4818104,S0839,5.7916927,116.4734878,1.773,0,-32.0,False,False,0,True
10,S0840,5.8053237,116.4818104,S0845,5.8723062,116.5007533,7.737,0,-171.7,False,False,0,True
10,S0840,5.8053237,116.4818104,S0846,5.7986386,116.4696292,1.539,0,-0.1,False,False,0,True
10,S0840,5.8053237,116.4818104,S0854,5.8545828,116.4912239,5.575,0,-225.5,False,False,0,True
10,S0845,5.8723062,116.5007533,S0078,5.8641269,116.5839984,9.253,0,-324.0,False,False,0,True
10,S0845,5.8723062,116.5007533,S0831,5.8661453,116.5365456,4.018,0,-160.7,False,False,0,True
10,S0845,5.8723062,116.5007533,S0834,5.8713255,116.4973945,0.387,0,10.1,True,True,0,True
10,S0845,5.8723062,116.5007533,S0839,5.7916927,116.4734878,9.458,0,-179.9,False,False,0,True
10,S0845,5.8723062,116.5007533,S0840,5.8053237,116.4818104,7.737,0,-156.2,False,False,0,True
10,S0845,5.8723062,116.5007533,S0846,5.7986386,116.4696292,8.886,0,-205.1,False,False,0,True
10,S0845,5.8723062,116.5007533,S0854,5.8545828,116.4912239,2.235,0,-222.5,False,False,0,True
10,S0845,5.8723062,116.5007533,S0988,5.8670441,116.5672761,7.381,0,-202.3,False,False,0,True
10,S0845,5.8723062,116.5007533,S1008,5.864768,116.578317,8.62,0,-191.8,False,False,0,True
10,S0845,5.8723062,116.5007533,S1019,5.9148989,116.5523936,7.42,0,-468.8,False,False,0,True
10,S0845,5.8723062,116.5007533,S1020,5.8730698,116.5840241,9.211,0,-307.4,False,False,0,True
10,S0845,5.8723062,116.5007533,S1023,5.9285252,116.5524134,8.469,0,-552.8,False,False,0,True
10,S0845,5.8723062,116.5007533,S1024,5.9428587,116.5545268,9.845,0,-475.5,False,False,0,True
10,S0845,5.8723062,116.5007533,S1025,5.9272681,116.5622378,9.143,0,-525.1,False,False,0,True
10,S0845,5.8723062,116.5007533,S1026,5.898538,116.5572532,6.897,0,-296.6,False,False,0,True
10,S0845,5.8723062,116.5007533,S1030,5.9197567,116.5389621,6.76,0,-460.9,False,False,0,True
10,S0845,5.8723062,116.5007533,S1034,5.9048187,116.5573592,7.23,0,-302.4,False,False,0,True
10,S0845,5.8723062,116.5007533,S1050,5.9480847,116.5420322,9.584,0,-400.5,False,False,0,True
10,S0845,5.8723062,116.5007533,S1053,5.9458883,116.5351745,9.024,0,-399.4,False,False,0,True
10,S0846,5.7986386,116.4696292,S0080,5.7636797,116.4468761,4.631,0,-81.0,False,False,0,True
10,S0846,5.7986386,116.4696292,S0834,5.8713255,116.4973945,8.646,0,-212.9,False,False,0,True
10,S0846,5.7986386,116.4696292,S0839,5.7916927,116.4734878,0.882,0,-39.6,False,False,0,True
10,S0846,5.7986386,116.4696292,S0840,5.8053237,116.4818104,1.539,0,-4.6,False,False,0,True
10,S0846,5.7986386,116.4696292,S0845,5.8723062,116.5007533,8.886,0,-209.0,False,False,0,True
10,S0846,5.7986386,116.4696292,S0854,5.8545828,116.4912239,6.664,0,-244.7,False,False,0,True
10,S0846,5.7986386,116.4696292,S1151,5.7396865,116.4067157,9.561,0,-263.0,False,False,0,True
10,S0854,5.8545828,116.4912239,S0831,5.8661453,116.5365456,5.175,0,-182.1,False,False,0,True
10,S0854,5.8545828,116.4912239,S0834,5.8713255,116.4973945,1.983,0,-203.7,False,False,0,True
10,S0854,5.8545828,116.4912239,S0839,5.7916927,116.4734878,7.263,0,-227.6,False,False,0,True
10,S0854,5.8545828,116.4912239,S0840,5.8053237,116.4818104,5.575,0,-215.0,False,False,0,True
10,S0854,5.8545828,116.4912239,S0845,5.8723062,116.5007533,2.235,0,-225.3,False,False,0,True
10,S0854,5.8545828,116.4912239,S0846,5.7986386,116.4696292,6.664,0,-233.3,False,False,0,True
10,S0854,5.8545828,116.4912239,S0988,5.8670441,116.5672761,8.526,0,-177.5,False,False,0,True
10,S0854,5.8545828,116.4912239,S1008,5.864768,116.578317,9.7,0,-233.9,False,False,0,True
10,S0854,5.8545828,116.4912239,S1019,5.9148989,116.5523936,9.527,0,-448.3,False,False,0,True
10,S0854,5.8545828,116.4912239,S1026,5.898538,116.5572532,8.788,0,-246.9,False,False,0,True
10,S0854,5.8545828,116.4912239,S1030,5.9197567,116.5389621,8.967,0,-397.7,False,False,0,True
10,S0854,5.8545828,116.4912239,S1034,5.9048187,116.5573592,9.204,0,-201.3,False,False,0,True
10,S0856,5.7919059,116.811607,S0077,5.7908133,116.8168422,0.592,0,8.2,True,True,0,True
10,S0856,5.7919059,116.811607,S0862,5.797142,116.8189854,1.003,0,10.1,True,True,0,True
10,S0856,5.7919059,116.811607,S0870,5.788846,116.8179208,0.777,0,10.1,True,True,0,True
10,S0856,5.7919059,116.811607,S0875,5.7984346,116.8143039,0.785,0,4.3,True,False,0,True
10,S0862,5.797142,116.8189854,S0077,5.7908133,116.8168422,0.743,0,-2.5,False,False,0,True
10,S0862,5.797142,116.8189854,S0856,5.7919059,116.811607,1.003,0,0.9,True,False,0,True
10,S0862,5.797142,116.8189854,S0870,5.788846,116.8179208,0.93,0,-19.5,False,False,0,True
10,S0862,5.797142,116.8189854,S0875,5.7984346,116.8143039,0.537,0,10.0,True,True,0,True
10,S0864,5.9551434,116.7545236,S0048,5.9303108,116.7709674,3.306,0,-103.6,False,False,0,True
10,S0864,5.9551434,116.7545236,S0872,5.9384793,116.7797184,3.346,0,-30.9,False,False,0,True
10,S0864,5.9551434,116.7545236,S0886,5.9452917,116.7695968,1.995,0,-42.3,False,False,0,True
10,S0864,5.9551434,116.7545236,S0949,6.006978,116.7930835,7.17,0,-116.7,False,False,0,True
10,S0864,5.9551434,116.7545236,S0960,6.0293568,116.7251583,8.868,0,-165.7,False,False,0,True
10,S0864,5.9551434,116.7545236,S0961,6.044906,116.7574738,9.986,0,-265.3,False,False,0,True
10,S0864,5.9551434,116.7545236,S0966,6.0247047,116.7371689,7.969,0,-179.8,False,False,0,True
10,S0870,5.788846,116.8179208,S0077,5.7908133,116.8168422,0.249,0,10.1,True,True,0,True
10,S0870,5.788846,116.8179208,S0856,5.7919059,116.811607,0.777,0,10.0,True,True,0,True
10,S0870,5.788846,116.8179208,S0862,5.797142,116.8189854,0.93,0,-22.3,False,False,0,True
10,S0870,5.788846,116.8179208,S0875,5.7984346,116.8143039,1.139,0,8.9,True,True,0,True
10,S0872,5.9384793,116.7797184,S0048,5.9303108,116.7709674,1.327,0,9.0,True,True,0,True
10,S0872,5.9384793,116.7797184,S0864,5.9551434,116.7545236,3.346,0,-42.1,False,False,0,True
10,S0872,5.9384793,116.7797184,S0886,5.9452917,116.7695968,1.352,0,6.0,True,True,0,True
10,S0872,5.9384793,116.7797184,S0949,6.006978,116.7930835,7.759,0,-207.2,False,False,0,True
10,S0875,5.7984346,116.8143039,S0077,5.7908133,116.8168422,0.893,0,8.8,True,True,0,True
10,S0875,5.7984346,116.8143039,S0856,5.7919059,116.811607,0.785,0,-7.7,False,False,0,True
10,S0875,5.7984346,116.8143039,S0862,5.797142,116.8189854,0.537,0,10.1,True,True,0,True
10,S0875,5.7984346,116.8143039,S0870,5.788846,116.8179208,1.139,0,10.1,True,True,0,True
10,S0886,5.9452917,116.7695968,S0048,5.9303108,116.7709674,1.673,0,-11.5,False,False,0,True
10,S0886,5.9452917,116.7695968,S0864,5.9551434,116.7545236,1.995,0,-47.4,False,False,0,True
10,S0886,5.9452917,116.7695968,S0872,5.9384793,116.7797184,1.352,0,10.0,True,True,0,True
10,S0886,5.9452917,116.7695968,S0949,6.006978,116.7930835,7.335,0,-202.8,False,False,0,True
10,S0886,5.9452917,116.7695968,S0966,6.0247047,116.7371689,9.531,0,-154.7,False,False,0,True
10,S0915,6.126042,116.863994,S0060,6.1135252,116.8611805,1.426,0,7.5,True,True,0,True
10,S0915,6.126042,116.863994,S0063,6.108734,116.8184033,5.396,0,-196.8,False,False,0,True
10,S0915,6.126042,116.863994,S0284,6.1615009,116.7975091,8.341,0,-159.6,False,False,0,True
10,S0915,6.126042,116.863994,S0928,6.1095094,116.8182326,5.383,0,-193.1,False,False,0,True
10,S0915,6.126042,116.863994,S0931,6.1160327,116.863674,1.114,0,8.8,True,True,0,True
10,S0915,6.126042,116.863994,S0941,6.119726,116.7986317,7.261,0,-304.1,False,False,0,True
10,S0915,6.126042,116.863994,S0944,6.1141163,116.8612539,1.36,0,8.5,True,True,0,True
10,S0915,6.126042,116.863994,S0946,6.0692593,116.7974408,9.696,0,-199.0,False,False,0,True
10,S0915,6.126042,116.863994,S0957,6.0633286,116.8001574,9.922,0,-153.2,False,False,0,True
10,S0915,6.126042,116.863994,S0935,6.13671,116.7745909,9.955,0,-313.4,False,False,0,True
10,S0928,6.1095094,116.8182326,S0060,6.1135252,116.8611805,4.769,0,-123.4,False,False,0,True
10,S0928,6.1095094,116.8182326,S0063,6.108734,116.8184033,0.088,0,5.6,True,True,0,True
10,S0928,6.1095094,116.8182326,S0284,6.1615009,116.7975091,6.219,0,-68.3,False,False,0,True
10,S0928,6.1095094,116.8182326,S0915,6.126042,116.863994,5.383,0,-191.7,False,False,0,True
10,S0928,6.1095094,116.8182326,S0931,6.1160327,116.863674,5.076,0,-137.3,False,False,0,True
10,S0928,6.1095094,116.8182326,S0940,6.15882,116.7789947,6.992,0,-63.7,False,False,0,True
10,S0928,6.1095094,116.8182326,S0941,6.119726,116.7986317,2.447,0,4.2,True,True,0,True
10,S0928,6.1095094,116.8182326,S0944,6.1141163,116.8612539,4.784,0,-126.4,False,False,0,True
10,S0928,6.1095094,116.8182326,S0946,6.0692593,116.7974408,5.032,0,-46.6,False,False,0,True
10,S0928,6.1095094,116.8182326,S0951,6.0886156,116.7732327,5.491,0,-325.4,False,False,0,True
10,S0928,6.1095094,116.8182326,S0952,6.0724026,116.7758169,6.247,0,-160.7,False,False,0,True
10,S0928,6.1095094,116.8182326,S0957,6.0633286,116.8001574,5.51,0,-83.1,False,False,0,True
10,S0928,6.1095094,116.8182326,S0961,6.044906,116.7574738,9.835,0,-121.2,False,False,0,True
10,S0928,6.1095094,116.8182326,S0935,6.13671,116.7745909,5.695,0,-90.1,False,False,0,True
10,S0931,6.1160327,116.863674,S0060,6.1135252,116.8611805,0.392,0,10.0,True,True,0,True
10,S0931,6.1160327,116.863674,S0063,6.108734,116.8184033,5.071,0,-136.2,False,False,0,True
10,S0931,6.1160327,116.863674,S0284,6.1615009,116.7975091,8.892,0,-203.9,False,False,0,True
10,S0931,6.1160327,116.863674,S0915,6.126042,116.863994,1.114,0,10.1,True,True,0,True
10,S0931,6.1160327,116.863674,S0928,6.1095094,116.8182326,5.076,0,-135.4,False,False,0,True
10,S0931,6.1160327,116.863674,S0941,6.119726,116.7986317,7.203,0,-180.7,False,False,0,True
10,S0931,6.1160327,116.863674,S0944,6.1141163,116.8612539,0.342,0,10.0,True,True,0,True
10,S0931,6.1160327,116.863674,S0946,6.0692593,116.7974408,8.982,0,-192.6,False,False,0,True
10,S0931,6.1160327,116.863674,S0957,6.0633286,116.8001574,9.147,0,-106.6,False,False,0,True
10,S0940,6.15882,116.7789947,S0063,6.108734,116.8184033,7.071,0,-60.7,False,False,0,True
10,S0940,6.15882,116.7789947,S0284,6.1615009,116.7975091,2.068,0,-23.0,False,False,0,True
10,S0940,6.15882,116.7789947,S0375,6.1940804,116.7735199,3.967,0,-42.7,False,False,0,True
10,S0940,6.15882,116.7789947,S0928,6.1095094,116.8182326,6.992,0,-62.0,False,False,0,True
10,S0940,6.15882,116.7789947,S0941,6.119726,116.7986317,4.859,0,-39.5,False,False,0,True
10,S0940,6.15882,116.7789947,S0943,6.20053,116.7656937,4.865,0,-102.3,False,False,0,True
10,S0940,6.15882,116.7789947,S0951,6.0886156,116.7732327,7.832,0,-369.3,False,False,0,True
10,S0940,6.15882,116.7789947,S0952,6.0724026,116.7758169,9.616,0,-366.2,False,False,0,True
10,S0940,6.15882,116.7789947,S0061,6.2072984,116.7677359,5.532,0,-71.3,False,False,0,True
10,S0940,6.15882,116.7789947,S0935,6.13671,116.7745909,2.506,0,-10.3,False,False,0,True
10,S0941,6.119726,116.7986317,S0060,6.1135252,116.8611805,6.95,1,-161.8,False,False,0,True
10,S0941,6.119726,116.7986317,S0063,6.108734,116.8184033,2.504,1,0.9,True,False,0,True
10,S0941,6.119726,116.7986317,S0284,6.1615009,116.7975091,4.647,1,-90.1,False,False,0,True
10,S0941,6.119726,116.7986317,S0375,6.1940804,116.7735199,8.721,1,-37.3,False,False,0,True
10,S0941,6.119726,116.7986317,S0915,6.126042,116.863994,7.261,1,-306.9,False,False,0,True
10,S0941,6.119726,116.7986317,S0928,6.1095094,116.8182326,2.447,1,8.2,True,True,0,True
10,S0941,6.119726,116.7986317,S0931,6.1160327,116.863674,7.203,1,-185.8,False,False,0,True
10,S0941,6.119726,116.7986317,S0940,6.15882,116.7789947,4.859,1,-36.3,False,False,0,True
10,S0941,6.119726,116.7986317,S0943,6.20053,116.7656937,9.695,1,-102.5,False,False,0,True
10,S0941,6.119726,116.7986317,S0944,6.1141163,116.8612539,6.952,1,-185.4,False,False,0,True
10,S0941,6.119726,116.7986317,S0946,6.0692593,116.7974408,5.613,1,-196.5,False,False,0,True
10,S0941,6.119726,116.7986317,S0951,6.0886156,116.7732327,4.456,1,-314.5,False,False,0,True
10,S0941,6.119726,116.7986317,S0952,6.0724026,116.7758169,5.836,1,-369.2,False,False,0,True
10,S0941,6.119726,116.7986317,S0957,6.0633286,116.8001574,6.273,1,-140.8,False,False,0,True
10,S0941,6.119726,116.7986317,S0961,6.044906,116.7574738,9.483,1,-325.6,False,False,0,True
10,S0941,6.119726,116.7986317,S0935,6.13671,116.7745909,3.261,1,-102.4,False,False,0,True
10,S0943,6.20053,116.7656937,S0284,6.1615009,116.7975091,5.586,0,-75.2,False,False,0,True
10,S0943,6.20053,116.7656937,S0375,6.1940804,116.7735199,1.124,0,-69.8,False,False,0,True
10,S0943,6.20053,116.7656937,S0940,6.15882,116.7789947,4.865,0,-91.3,False,False,0,True
10,S0943,6.20053,116.7656937,S0941,6.119726,116.7986317,9.695,0,-87.1,False,False,0,True
10,S0943,6.20053,116.7656937,S0061,6.2072984,116.7677359,0.786,0,-23.2,False,False,0,True
10,S0943,6.20053,116.7656937,S0935,6.13671,116.7745909,7.164,0,-102.7,False,False,0,True
10,S0944,6.1141163,116.8612539,S0060,6.1135252,116.8611805,0.066,0,10.1,True,True,0,True
10,S0944,6.1141163,116.8612539,S0063,6.108734,116.8184033,4.775,0,-120.2,False,False,0,True
10,S0944,6.1141163,116.8612539,S0284,6.1615009,116.7975091,8.799,0,-234.4,False,False,0,True
10,S0944,6.1141163,116.8612539,S0915,6.126042,116.863994,1.36,0,10.1,True,True,0,True
10,S0944,6.1141163,116.8612539,S0928,6.1095094,116.8182326,4.784,0,-123.5,False,False,0,True
10,S0944,6.1141163,116.8612539,S0931,6.1160327,116.863674,0.342,0,10.0,True,True,0,True
10,S0944,6.1141163,116.8612539,S0941,6.119726,116.7986317,6.952,0,-178.7,False,False,0,True
10,S0944,6.1141163,116.8612539,S0946,6.0692593,116.7974408,8.641,0,-192.3,False,False,0,True
10,S0944,6.1141163,116.8612539,S0957,6.0633286,116.8001574,8.805,0,-105.2,False,False,0,True
10,S0944,6.1141163,116.8612539,S0935,6.13671,116.7745909,9.905,0,-295.2,False,False,0,True
10,S0946,6.0692593,116.7974408,S0060,6.1135252,116.8611805,8.596,0,-186.9,False,False,0,True
10,S0946,6.0692593,116.7974408,S0063,6.108734,116.8184033,4.964,0,-41.7,False,False,0,True
10,S0946,6.0692593,116.7974408,S0915,6.126042,116.863994,9.696,0,-191.8,False,False,0,True
10,S0946,6.0692593,116.7974408,S0928,6.1095094,116.8182326,5.032,0,-42.3,False,False,0,True
10,S0946,6.0692593,116.7974408,S0931,6.1160327,116.863674,8.982,0,-188.0,False,False,0,True
10,S0946,6.0692593,116.7974408,S0941,6.119726,116.7986317,5.613,0,-199.9,False,False,0,True
10,S0946,6.0692593,116.7974408,S0944,6.1141163,116.8612539,8.641,0,-188.3,False,False,0,True
10,S0946,6.0692593,116.7974408,S0949,6.006978,116.7930835,6.942,0,-39.9,False,False,0,True
10,S0946,6.0692593,116.7974408,S0951,6.0886156,116.7732327,3.435,0,-10.1,False,False,0,True
10,S0946,6.0692593,116.7974408,S0952,6.0724026,116.7758169,2.416,0,-24.4,False,False,0,True
10,S0946,6.0692593,116.7974408,S0957,6.0633286,116.8001574,0.725,0,10.0,True,True,0,True
10,S0946,6.0692593,116.7974408,S0960,6.0293568,116.7251583,9.142,0,-78.6,False,False,0,True
10,S0946,6.0692593,116.7974408,S0961,6.044906,116.7574738,5.183,0,-140.1,False,False,0,True
10,S0946,6.0692593,116.7974408,S0965,6.0459598,116.7431299,6.54,0,-89.8,False,False,0,True
10,S0946,6.0692593,116.7974408,S0966,6.0247047,116.7371689,8.304,0,-217.1,False,False,0,True
10,S0946,6.0692593,116.7974408,S0935,6.13671,116.7745909,7.914,0,-345.1,False,False,0,True
10,S0949,6.006978,116.7930835,S0048,5.9303108,116.7709674,8.869,1,-219.5,False,False,0,True
10,S0949,6.006978,116.7930835,S0864,5.9551434,116.7545236,7.17,1,-106.6,False,False,0,True
10,S0949,6.006978,116.7930835,S0872,5.9384793,116.7797184,7.759,1,-204.9,False,False,0,True
10,S0949,6.006978,116.7930835,S0886,5.9452917,116.7695968,7.335,1,-201.5,False,False,0,True
10,S0949,6.006978,116.7930835,S0946,6.0692593,116.7974408,6.942,1,-42.7,False,False,0,True
10,S0949,6.006978,116.7930835,S0951,6.0886156,116.7732327,9.339,1,-221.7,False,False,0,True
10,S0949,6.006978,116.7930835,S0952,6.0724026,116.7758169,7.521,1,-248.3,False,False,0,True
10,S0949,6.006978,116.7930835,S0957,6.0633286,116.8001574,6.315,1,-21.5,False,False,0,True
10,S0949,6.006978,116.7930835,S0960,6.0293568,116.7251583,7.913,1,-39.7,False,False,0,True
10,S0949,6.006978,116.7930835,S0961,6.044906,116.7574738,5.77,1,-109.0,False,False,0,True
10,S0949,6.006978,116.7930835,S0965,6.0459598,116.7431299,7.022,1,-269.6,False,False,0,True
10,S0949,6.006978,116.7930835,S0966,6.0247047,116.7371689,6.49,1,-64.8,False,False,0,True
10,S0951,6.0886156,116.7732327,S0063,6.108734,116.8184033,5.472,0,-326.9,False,False,0,True
10,S0951,6.0886156,116.7732327,S0284,6.1615009,116.7975091,8.537,0,-335.1,False,False,0,True
10,S0951,6.0886156,116.7732327,S0355,6.0412176,116.7087175,8.869,0,-335.6,False,False,0,True
10,S0951,6.0886156,116.7732327,S0928,6.1095094,116.8182326,5.491,0,-323.8,False,False,0,True
10,S0951,6.0886156,116.7732327,S0940,6.15882,116.7789947,7.832,0,-366.7,False,False,0,True
10,S0951,6.0886156,116.7732327,S0941,6.119726,116.7986317,4.456,0,-317.9,False,False,0,True
10,S0951,6.0886156,116.7732327,S0946,6.0692593,116.7974408,3.435,0,3.1,True,False,0,True
10,S0951,6.0886156,116.7732327,S0949,6.006978,116.7930835,9.339,0,-217.1,False,False,0,True
10,S0951,6.0886156,116.7732327,S0952,6.0724026,116.7758169,1.825,0,-74.7,False,False,0,True
10,S0951,6.0886156,116.7732327,S0957,6.0633286,116.8001574,4.095,0,3.4,True,False,0,True
10,S0951,6.0886156,116.7732327,S0960,6.0293568,116.7251583,8.466,0,-98.3,False,False,0,True
10,S0951,6.0886156,116.7732327,S0961,6.044906,116.7574738,5.163,0,-88.0,False,False,0,True
10,S0951,6.0886156,116.7732327,S0965,6.0459598,116.7431299,5.795,0,-156.4,False,False,0,True
10,S0951,6.0886156,116.7732327,S0966,6.0247047,116.7371689,8.149,0,-271.9,False,False,0,True
10,S0951,6.0886156,116.7732327,S0935,6.13671,116.7745909,5.35,0,-389.2,False,False,0,True
10,S0952,6.0724026,116.7758169,S0063,6.108734,116.8184033,6.204,0,-179.5,False,False,0,True
10,S0952,6.0724026,116.7758169,S0355,6.0412176,116.7087175,8.19,0,-195.4,False,False,0,True
10,S0952,6.0724026,116.7758169,S0928,6.1095094,116.8182326,6.247,0,-165.1,False,False,0,True
10,S0952,6.0724026,116.7758169,S0940,6.15882,116.7789947,9.616,0,-368.5,False,False,0,True
10,S0952,6.0724026,116.7758169,S0941,6.119726,116.7986317,5.836,0,-374.9,False,False,0,True
10,S0952,6.0724026,116.7758169,S0946,6.0692593,116.7974408,2.416,0,-19.0,False,False,0,True
10,S0952,6.0724026,116.7758169,S0949,6.006978,116.7930835,7.521,0,-238.1,False,False,0,True
10,S0952,6.0724026,116.7758169,S0951,6.0886156,116.7732327,1.825,0,-83.4,False,False,0,True
10,S0952,6.0724026,116.7758169,S0957,6.0633286,116.8001574,2.874,0,-31.2,False,False,0,True
10,S0952,6.0724026,116.7758169,S0960,6.0293568,116.7251583,7.368,0,-167.4,False,False,0,True
10,S0952,6.0724026,116.7758169,S0961,6.044906,116.7574738,3.669,0,5.7,True,True,0,True
10,S0952,6.0724026,116.7758169,S0965,6.0459598,116.7431299,4.659,0,-222.4,False,False,0,True
10,S0952,6.0724026,116.7758169,S0966,6.0247047,116.7371689,6.811,0,-97.6,False,False,0,True
10,S0952,6.0724026,116.7758169,S0935,6.13671,116.7745909,7.152,0,-378.3,False,False,0,True
10,S0957,6.0633286,116.8001574,S0060,6.1135252,116.8611805,8.757,0,-104.4,False,False,0,True
10,S0957,6.0633286,116.8001574,S0063,6.108734,116.8184033,5.437,0,-94.5,False,False,0,True
10,S0957,6.0633286,116.8001574,S0915,6.126042,116.863994,9.922,0,-148.4,False,False,0,True
10,S0957,6.0633286,116.8001574,S0928,6.1095094,116.8182326,5.51,0,-87.3,False,False,0,True
10,S0957,6.0633286,116.8001574,S0931,6.1160327,116.863674,9.147,0,-103.5,False,False,0,True
10,S0957,6.0633286,116.8001574,S0941,6.119726,116.7986317,6.273,0,-147.0,False,False,0,True
10,S0957,6.0633286,116.8001574,S0944,6.1141163,116.8612539,8.805,0,-102.8,False,False,0,True
10,S0957,6.0633286,116.8001574,S0946,6.0692593,116.7974408,0.725,0,7.9,True,True,0,True
10,S0957,6.0633286,116.8001574,S0949,6.006978,116.7930835,6.315,0,-24.3,False,False,0,True
10,S0957,6.0633286,116.8001574,S0951,6.0886156,116.7732327,4.095,0,-9.0,False,False,0,True
10,S0957,6.0633286,116.8001574,S0952,6.0724026,116.7758169,2.874,0,-39.8,False,False,0,True
10,S0957,6.0633286,116.8001574,S0960,6.0293568,116.7251583,9.113,0,-166.4,False,False,0,True
10,S0957,6.0633286,116.8001574,S0961,6.044906,116.7574738,5.145,0,-197.5,False,False,0,True
10,S0957,6.0633286,116.8001574,S0965,6.0459598,116.7431299,6.595,0,-211.7,False,False,0,True
10,S0957,6.0633286,116.8001574,S0966,6.0247047,116.7371689,8.183,0,-222.8,False,False,0,True
10,S0957,6.0633286,116.8001574,S0935,6.13671,116.7745909,8.635,0,-340.1,False,False,0,True
10,S0960,6.0293568,116.7251583,S0355,6.0412176,116.7087175,2.246,0,-8.4,False,False,0,True
10,S0960,6.0293568,116.7251583,S0864,5.9551434,116.7545236,8.868,0,-174.0,False,False,0,True
10,S0960,6.0293568,116.7251583,S0946,6.0692593,116.7974408,9.142,0,-88.5,False,False,0,True
10,S0960,6.0293568,116.7251583,S0949,6.006978,116.7930835,7.913,0,-49.0,False,False,0,True
10,S0960,6.0293568,116.7251583,S0951,6.0886156,116.7732327,8.466,0,-115.6,False,False,0,True
10,S0960,6.0293568,116.7251583,S0952,6.0724026,116.7758169,7.368,0,-174.8,False,False,0,True
10,S0960,6.0293568,116.7251583,S0957,6.0633286,116.8001574,9.113,0,-174.8,False,False,0,True
10,S0960,6.0293568,116.7251583,S0961,6.044906,116.7574738,3.97,0,-81.8,False,False,0,True
10,S0960,6.0293568,116.7251583,S0965,6.0459598,116.7431299,2.712,0,-107.8,False,False,0,True
10,S0960,6.0293568,116.7251583,S0966,6.0247047,116.7371689,1.425,0,7.6,True,True,0,True
10,S0961,6.044906,116.7574738,S0063,6.108734,116.8184033,9.786,0,-104.2,False,False,0,True
10,S0961,6.044906,116.7574738,S0355,6.0412176,116.7087175,5.407,0,-83.9,False,False,0,True
10,S0961,6.044906,116.7574738,S0864,5.9551434,116.7545236,9.986,0,-249.4,False,False,0,True
10,S0961,6.044906,116.7574738,S0928,6.1095094,116.8182326,9.835,0,-131.1,False,False,0,True
10,S0961,6.044906,116.7574738,S0941,6.119726,116.7986317,9.483,0,-337.2,False,False,0,True
10,S0961,6.044906,116.7574738,S0946,6.0692593,116.7974408,5.183,0,-142.3,False,False,0,True
10,S0961,6.044906,116.7574738,S0949,6.006978,116.7930835,5.77,0,-96.7,False,False,0,True
10,S0961,6.044906,116.7574738,S0951,6.0886156,116.7732327,5.163,0,-104.6,False,False,0,True
10,S0961,6.044906,116.7574738,S0952,6.0724026,116.7758169,3.669,0,8.7,True,True,0,True
10,S0961,6.044906,116.7574738,S0957,6.0633286,116.8001574,5.145,0,-197.7,False,False,0,True
10,S0961,6.044906,116.7574738,S0960,6.0293568,116.7251583,3.97,0,-79.1,False,False,0,True
10,S0961,6.044906,116.7574738,S0965,6.0459598,116.7431299,1.59,0,10.0,True,True,0,True
10,S0961,6.044906,116.7574738,S0966,6.0247047,116.7371689,3.176,0,-89.8,False,False,0,True
10,S0965,6.0459598,116.7431299,S0355,6.0412176,116.7087175,3.842,0,-74.8,False,False,0,True
10,S0965,6.0459598,116.7431299,S0946,6.0692593,116.7974408,6.54,0,-92.1,False,False,0,True
10,S0965,6.0459598,116.7431299,S0949,6.006978,116.7930835,7.022,0,-261.0,False,False,0,True
10,S0965,6.0459598,116.7431299,S0951,6.0886156,116.7732327,5.795,0,-153.6,False,False,0,True
10,S0965,6.0459598,116.7431299,S0952,6.0724026,116.7758169,4.659,0,-222.8,False,False,0,True
10,S0965,6.0459598,116.7431299,S0957,6.0633286,116.8001574,6.595,0,-218.0,False,False,0,True
10,S0965,6.0459598,116.7431299,S0960,6.0293568,116.7251583,2.712,0,-101.3,False,False,0,True
10,S0965,6.0459598,116.7431299,S0961,6.044906,116.7574738,1.59,0,7.7,True,True,0,True
10,S0965,6.0459598,116.7431299,S0966,6.0247047,116.7371689,2.454,0,-118.8,False,False,0,True
10,S0966,6.0247047,116.7371689,S0355,6.0412176,116.7087175,3.643,0,-34.3,False,False,0,True
10,S0966,6.0247047,116.7371689,S0864,5.9551434,116.7545236,7.969,0,-186.8,False,False,0,True
10,S0966,6.0247047,116.7371689,S0886,5.9452917,116.7695968,9.531,0,-155.6,False,False,0,True
10,S0966,6.0247047,116.7371689,S0946,6.0692593,116.7974408,8.304,0,-226.0,False,False,0,True
10,S0966,6.0247047,116.7371689,S0949,6.006978,116.7930835,6.49,0,-71.4,False,False,0,True
10,S0966,6.0247047,116.7371689,S0951,6.0886156,116.7732327,8.149,0,-275.4,False,False,0,True
10,S0966,6.0247047,116.7371689,S0952,6.0724026,116.7758169,6.811,0,-90.1,False,False,0,True
10,S0966,6.0247047,116.7371689,S0957,6.0633286,116.8001574,8.183,0,-229.0,False,False,0,True
10,S0966,6.0247047,116.7371689,S0960,6.0293568,116.7251583,1.425,0,-3.2,False,False,0,True
10,S0966,6.0247047,116.7371689,S0961,6.044906,116.7574738,3.176,0,-99.2,False,False,0,True
10,S0966,6.0247047,116.7371689,S0965,6.0459598,116.7431299,2.454,0,-125.9,False,False,0,True
10,S0988,5.8670441,116.5672761,S0078,5.8641269,116.5839984,1.878,0,-121.2,False,False,0,True
10,S0988,5.8670441,116.5672761,S0831,5.8661453,116.5365456,3.401,0,-230.6,False,False,0,True
10,S0988,5.8670441,116.5672761,S0834,5.8713255,116.4973945,7.744,0,-185.6,False,False,0,True
10,S0988,5.8670441,116.5672761,S0845,5.8723062,116.5007533,7.381,0,-188.0,False,False,0,True
10,S0988,5.8670441,116.5672761,S0854,5.8545828,116.4912239,8.526,0,-185.1,False,False,0,True
10,S0988,5.8670441,116.5672761,S0997,5.9490421,116.5742441,9.15,0,-303.3,False,False,0,True
10,S0988,5.8670441,116.5672761,S1000,5.942872,116.5879609,8.737,0,-259.0,False,False,0,True
10,S0988,5.8670441,116.5672761,S1008,5.864768,116.578317,1.247,0,-6.3,False,False,0,True
10,S0988,5.8670441,116.5672761,S1019,5.9148989,116.5523936,5.57,0,-318.0,False,False,0,True
10,S0988,5.8670441,116.5672761,S1020,5.8730698,116.5840241,1.97,0,-112.0,False,False,0,True
10,S0988,5.8670441,116.5672761,S1023,5.9285252,116.5524134,7.031,0,-305.0,False,False,0,True
10,S0988,5.8670441,116.5672761,S1024,5.9428587,116.5545268,8.547,0,-244.0,False,False,0,True
10,S0988,5.8670441,116.5672761,S1025,5.9272681,116.5622378,6.72,0,-275.8,False,False,0,True
10,S0988,5.8670441,116.5672761,S1026,5.898538,116.5572532,3.673,0,-292.1,False,False,0,True
10,S0988,5.8670441,116.5672761,S1030,5.9197567,116.5389621,6.646,0,-352.3,False,False,0,True
10,S0988,5.8670441,116.5672761,S1034,5.9048187,116.5573592,4.341,0,-253.6,False,False,0,True
10,S0988,5.8670441,116.5672761,S1050,5.9480847,116.5420322,9.434,0,-273.9,False,False,0,True
10,S0988,5.8670441,116.5672761,S1053,5.9458883,116.5351745,9.459,0,-302.4,False,False,0,True
10,S0990,5.9164702,116.650652,S0078,5.8641269,116.5839984,9.393,0,-461.2,False,False,0,True
10,S0990,5.9164702,116.650652,S0993,5.9610547,116.5955176,7.859,0,-51.4,False,False,0,True
10,S0990,5.9164702,116.650652,S0997,5.9490421,116.5742441,9.194,0,-258.5,False,False,0,True
10,S0990,5.9164702,116.650652,S1000,5.942872,116.5879609,7.53,0,-318.3,False,False,0,True
10,S0990,5.9164702,116.650652,S1003,5.9715748,116.6005266,8.263,0,-69.1,False,False,0,True
10,S0990,5.9164702,116.650652,S1008,5.864768,116.578317,9.852,0,-226.6,False,False,0,True
10,S0990,5.9164702,116.650652,S1010,5.9699241,116.610333,7.431,0,-115.0,False,False,0,True
10,S0990,5.9164702,116.650652,S1020,5.8730698,116.5840241,8.809,0,-148.9,False,False,0,True
10,S0990,5.9164702,116.650652,S1025,5.9272681,116.5622378,9.852,0,-238.1,False,False,0,True
10,S0990,5.9164702,116.650652,S1040,5.9776888,116.6271793,7.285,0,-163.7,False,False,0,True
10,S0990,5.9164702,116.650652,S1041,5.9616214,116.6317392,5.439,0,-158.4,False,False,0,True
10,S0990,5.9164702,116.650652,S1042,5.9490482,116.6312945,4.208,0,-132.3,False,False,0,True
10,S0990,5.9164702,116.650652,S1043,5.9360702,116.6275559,3.358,0,-75.2,False,False,0,True
10,S0990,5.9164702,116.650652,S1044,5.9398281,116.6218703,4.108,0,-62.2,False,False,0,True
10,S0990,5.9164702,116.650652,S1046,5.9431707,116.6217402,4.363,0,-61.5,False,False,0,True
10,S0990,5.9164702,116.650652,S1047,5.967166,116.6315073,6.022,0,-175.5,False,False,0,True
10,S0990,5.9164702,116.650652,S1048,5.9577252,116.6394034,4.753,0,-242.3,False,False,0,True
10,S0990,5.9164702,116.650652,S1049,5.945148,116.6327509,3.753,0,-125.3,False,False,0,True
10,S0993,5.9610547,116.5955176,S0990,5.9164702,116.650652,7.859,0,-69.0,False,False,0,True
10,S0993,5.9610547,116.5955176,S0997,5.9490421,116.5742441,2.705,0,-78.3,False,False,0,True
10,S0993,5.9610547,116.5955176,S1000,5.942872,116.5879609,2.188,0,-108.0,False,False,0,True
10,S0993,5.9610547,116.5955176,S1002,5.9726888,116.5294,7.426,0,-98.1,False,False,0,True
10,S0993,5.9610547,116.5955176,S1003,5.9715748,116.6005266,1.294,0,-3.2,False,False,0,True
10,S0993,5.9610547,116.5955176,S1005,5.9767187,116.5296757,7.487,0,-102.2,False,False,0,True
10,S0993,5.9610547,116.5955176,S1006,6.0042032,116.5315391,8.549,0,-143.2,False,False,0,True
10,S0993,5.9610547,116.5955176,S1010,5.9699241,116.610333,1.912,0,10.4,True,True,0,True
10,S0993,5.9610547,116.5955176,S1019,5.9148989,116.5523936,7.006,0,-318.8,False,False,0,True
10,S0993,5.9610547,116.5955176,S1020,5.8730698,116.5840241,9.866,0,-4.7,False,False,0,True
10,S0993,5.9610547,116.5955176,S1023,5.9285252,116.5524134,5.984,0,-372.3,False,False,0,True
10,S0993,5.9610547,116.5955176,S1024,5.9428587,116.5545268,4.964,0,-125.5,False,False,0,True
10,S0993,5.9610547,116.5955176,S1025,5.9272681,116.5622378,5.259,0,-391.8,False,False,0,True
10,S0993,5.9610547,116.5955176,S1026,5.898538,116.5572532,8.138,0,-54.6,False,False,0,True
10,S0993,5.9610547,116.5955176,S1030,5.9197567,116.5389621,7.76,0,-201.9,False,False,0,True
10,S0993,5.9610547,116.5955176,S1034,5.9048187,116.5573592,7.544,0,17.6,True,True,0,True
10,S0993,5.9610547,116.5955176,S1040,5.9776888,116.6271793,3.96,0,-178.1,False,False,0,True
10,S0993,5.9610547,116.5955176,S1041,5.9616214,116.6317392,4.006,0,-110.0,False,False,0,True
10,S0993,5.9610547,116.5955176,S1042,5.9490482,116.6312945,4.176,0,-31.1,False,False,0,True
10,S0993,5.9610547,116.5955176,S1043,5.9360702,116.6275559,4.503,0,-42.1,False,False,0,True
10,S0993,5.9610547,116.5955176,S1044,5.9398281,116.6218703,3.75,0,3.4,True,False,0,True
10,S0993,5.9610547,116.5955176,S1046,5.9431707,116.6217402,3.516,0,7.6,True,True,0,True
10,S0993,5.9610547,116.5955176,S1047,5.967166,116.6315073,4.038,0,-172.9,False,False,0,True
10,S0993,5.9610547,116.5955176,S1048,5.9577252,116.6394034,4.868,0,-59.1,False,False,0,True
10,S0993,5.9610547,116.5955176,S1049,5.945148,116.6327509,4.482,0,-96.4,False,False,0,True
10,S0993,5.9610547,116.5955176,S1050,5.9480847,116.5420322,6.088,0,-122.1,False,False,0,True
10,S0993,5.9610547,116.5955176,S1053,5.9458883,116.5351745,6.883,0,-102.0,False,False,0,True
10,S0993,5.9610547,116.5955176,S1054,5.9577048,116.5476671,5.305,0,-56.7,False,False,0,True
10,S0997,5.9490421,116.5742441,S0078,5.8641269,116.5839984,9.504,0,-160.9,False,False,0,True
10,S0997,5.9490421,116.5742441,S0988,5.8670441,116.5672761,9.15,0,-291.0,False,False,0,True
10,S0997,5.9490421,116.5742441,S0990,5.9164702,116.650652,9.194,0,-251.2,False,False,0,True
10,S0997,5.9490421,116.5742441,S0993,5.9610547,116.5955176,2.705,0,-83.1,False,False,0,True
10,S0997,5.9490421,116.5742441,S1000,5.942872,116.5879609,1.665,0,10.4,True,True,0,True
10,S0997,5.9490421,116.5742441,S1002,5.9726888,116.5294,5.613,0,-256.4,False,False,0,True
10,S0997,5.9490421,116.5742441,S1003,5.9715748,116.6005266,3.838,0,-230.3,False,False,0,True
10,S0997,5.9490421,116.5742441,S1005,5.9767187,116.5296757,5.811,0,-211.2,False,False,0,True
10,S0997,5.9490421,116.5742441,S1006,6.0042032,116.5315391,7.741,0,8.4,True,True,0,True
10,S0997,5.9490421,116.5742441,S1008,5.864768,116.578317,9.382,0,-179.3,False,False,0,True
10,S0997,5.9490421,116.5742441,S1010,5.9699241,116.610333,4.618,0,-179.9,False,False,0,True
10,S0997,5.9490421,116.5742441,S1019,5.9148989,116.5523936,4.5,0,-380.6,False,False,0,True
10,S0997,5.9490421,116.5742441,S1020,5.8730698,116.5840241,8.517,0,-114.5,False,False,0,True
10,S0997,5.9490421,116.5742441,S1023,5.9285252,116.5524134,3.322,0,-395.2,False,False,0,True
10,S0997,5.9490421,116.5742441,S1024,5.9428587,116.5545268,2.286,0,-201.8,False,False,0,True
10,S0997,5.9490421,116.5742441,S1025,5.9272681,116.5622378,2.761,0,-417.1,False,False,0,True
10,S0997,5.9490421,116.5742441,S1026,5.898538,116.5572532,5.922,0,-323.6,False,False,0,True
10,S0997,5.9490421,116.5742441,S1030,5.9197567,116.5389621,5.082,0,-312.1,False,False,0,True
10,S0997,5.9490421,116.5742441,S1034,5.9048187,116.5573592,5.26,0,-302.2,False,False,0,True
10,S0997,5.9490421,116.5742441,S1040,5.9776888,116.6271793,6.665,0,-232.3,False,False,0,True
10,S0997,5.9490421,116.5742441,S1041,5.9616214,116.6317392,6.511,0,-202.0,False,False,0,True
10,S0997,5.9490421,116.5742441,S1042,5.9490482,116.6312945,6.31,0,-271.3,False,False,0,True
10,S0997,5.9490421,116.5742441,S1043,5.9360702,116.6275559,6.07,0,-252.2,False,False,0,True
10,S0997,5.9490421,116.5742441,S1044,5.9398281,116.6218703,5.366,0,-231.7,False,False,0,True
10,S0997,5.9490421,116.5742441,S1046,5.9431707,116.6217402,5.293,0,-234.1,False,False,0,True
10,S0997,5.9490421,116.5742441,S1047,5.967166,116.6315073,6.646,0,-229.6,False,False,0,True
10,S0997,5.9490421,116.5742441,S1048,5.9577252,116.6394034,7.271,0,-258.5,False,False,0,True
10,S0997,5.9490421,116.5742441,S1049,5.945148,116.6327509,6.485,0,-254.1,False,False,0,True
10,S0997,5.9490421,116.5742441,S1050,5.9480847,116.5420322,3.564,0,-220.5,False,False,0,True
10,S0997,5.9490421,116.5742441,S1053,5.9458883,116.5351745,4.335,0,-212.1,False,False,0,True
10,S0997,5.9490421,116.5742441,S1054,5.9577048,116.5476671,3.093,0,-143.3,False,False,0,True
10,S1000,5.942872,116.5879609,S0078,5.8641269,116.5839984,8.767,0,-188.0,False,False,0,True
10,S1000,5.942872,116.5879609,S0988,5.8670441,116.5672761,8.737,0,-275.0,False,False,0,True
10,S1000,5.942872,116.5879609,S0990,5.9164702,116.650652,7.53,0,-305.3,False,False,0,True
10,S1000,5.942872,116.5879609,S0993,5.9610547,116.5955176,2.188,0,-109.9,False,False,0,True
10,S1000,5.942872,116.5879609,S0997,5.9490421,116.5742441,1.665,0,11.7,True,True,0,True
10,S1000,5.942872,116.5879609,S1002,5.9726888,116.5294,7.276,0,-285.0,False,False,0,True
10,S1000,5.942872,116.5879609,S1003,5.9715748,116.6005266,3.481,0,-198.7,False,False,0,True
10,S1000,5.942872,116.5879609,S1005,5.9767187,116.5296757,7.464,0,-227.7,False,False,0,True
10,S1000,5.942872,116.5879609,S1006,6.0042032,116.5315391,9.244,0,-35.5,False,False,0,True
10,S1000,5.942872,116.5879609,S1008,5.864768,116.578317,8.75,0,-93.3,False,False,0,True
10,S1000,5.942872,116.5879609,S1010,5.9699241,116.610333,3.895,0,-251.0,False,False,0,True
10,S1000,5.942872,116.5879609,S1019,5.9148989,116.5523936,5.015,0,-323.9,False,False,0,True
10,S1000,5.942872,116.5879609,S1020,5.8730698,116.5840241,7.774,0,-123.1,False,False,0,True
10,S1000,5.942872,116.5879609,S1023,5.9285252,116.5524134,4.243,0,-493.4,False,False,0,True
10,S1000,5.942872,116.5879609,S1024,5.9428587,116.5545268,3.698,0,-307.1,False,False,0,True
10,S1000,5.942872,116.5879609,S1025,5.9272681,116.5622378,3.332,0,-419.5,False,False,0,True
10,S1000,5.942872,116.5879609,S1026,5.898538,116.5572532,5.986,0,-116.8,False,False,0,True
10,S1000,5.942872,116.5879609,S1030,5.9197567,116.5389621,5.998,0,-401.4,False,False,0,True
10,S1000,5.942872,116.5879609,S1034,5.9048187,116.5573592,5.418,0,-102.9,False,False,0,True
10,S1000,5.942872,116.5879609,S1040,5.9776888,116.6271793,5.814,0,-302.6,False,False,0,True
10,S1000,5.942872,116.5879609,S1041,5.9616214,116.6317392,5.271,0,-317.8,False,False,0,True
10,S1000,5.942872,116.5879609,S1042,5.9490482,116.6312945,4.842,0,-274.9,False,False,0,True
10,S1000,5.942872,116.5879609,S1043,5.9360702,116.6275559,4.444,0,-281.7,False,False,0,True
10,S1000,5.942872,116.5879609,S1044,5.9398281,116.6218703,3.766,0,-260.9,False,False,0,True
10,S1000,5.942872,116.5879609,S1046,5.9431707,116.6217402,3.736,0,-254.9,False,False,0,True
10,S1000,5.942872,116.5879609,S1047,5.967166,116.6315073,5.522,0,-330.7,False,False,0,True
10,S1000,5.942872,116.5879609,S1048,5.9577252,116.6394034,5.924,0,-319.2,False,False,0,True
10,S1000,5.942872,116.5879609,S1049,5.945148,116.6327509,4.96,0,-266.1,False,False,0,True
10,S1000,5.942872,116.5879609,S1050,5.9480847,116.5420322,5.113,0,-287.2,False,False,0,True
10,S1000,5.942872,116.5879609,S1053,5.9458883,116.5351745,5.848,0,-294.3,False,False,0,True
10,S1000,5.942872,116.5879609,S1054,5.9577048,116.5476671,4.752,0,-178.9,False,False,0,True
10,S1002,5.9726888,116.5294,S0185,6.0282512,116.4629369,9.602,0,-371.0,False,False,0,True
10,S1002,5.9726888,116.5294,S0419,6.0325619,116.4855496,8.236,0,-577.7,False,False,0,True
10,S1002,5.9726888,116.5294,S0420,6.0132916,116.4791545,7.16,0,-362.9,False,False,0,True
10,S1002,5.9726888,116.5294,S0993,5.9610547,116.5955176,7.426,0,-114.4,False,False,0,True
10,S1002,5.9726888,116.5294,S0997,5.9490421,116.5742441,5.613,0,-252.6,False,False,0,True
10,S1002,5.9726888,116.5294,S1000,5.942872,116.5879609,7.276,0,-277.4,False,False,0,True
10,S1002,5.9726888,116.5294,S1003,5.9715748,116.6005266,7.867,0,-343.6,False,False,0,True
10,S1002,5.9726888,116.5294,S1005,5.9767187,116.5296757,0.449,0,10.1,True,True,0,True
10,S1002,5.9726888,116.5294,S1006,6.0042032,116.5315391,3.512,0,-21.6,False,False,0,True
10,S1002,5.9726888,116.5294,S1010,5.9699241,116.610333,8.956,0,-369.8,False,False,0,True
10,S1002,5.9726888,116.5294,S1019,5.9148989,116.5523936,6.911,0,-427.9,False,False,0,True
10,S1002,5.9726888,116.5294,S1023,5.9285252,116.5524134,5.531,0,-471.7,False,False,0,True
10,S1002,5.9726888,116.5294,S1024,5.9428587,116.5545268,4.327,0,-324.7,False,False,0,True
10,S1002,5.9726888,116.5294,S1025,5.9272681,116.5622378,6.221,0,-419.9,False,False,0,True
10,S1002,5.9726888,116.5294,S1026,5.898538,116.5572532,8.802,0,-391.9,False,False,0,True
10,S1002,5.9726888,116.5294,S1030,5.9197567,116.5389621,5.98,0,-441.4,False,False,0,True
10,S1002,5.9726888,116.5294,S1034,5.9048187,116.5573592,8.156,0,-375.4,False,False,0,True
10,S1002,5.9726888,116.5294,S1050,5.9480847,116.5420322,3.072,0,-353.0,False,False,0,True
10,S1002,5.9726888,116.5294,S1053,5.9458883,116.5351745,3.048,0,-375.1,False,False,0,True
10,S1002,5.9726888,116.5294,S1054,5.9577048,116.5476671,2.619,0,-76.5,False,False,0,True
10,S1003,5.9715748,116.6005266,S0990,5.9164702,116.650652,8.263,0,-79.9,False,False,0,True
10,S1003,5.9715748,116.6005266,S0993,5.9610547,116.5955176,1.294,0,-19.6,False,False,0,True
10,S1003,5.9715748,116.6005266,S0997,5.9490421,116.5742441,3.838,0,-226.1,False,False,0,True
10,S1003,5.9715748,116.6005266,S1000,5.942872,116.5879609,3.481,0,-205.0,False,False,0,True
10,S1003,5.9715748,116.6005266,S1002,5.9726888,116.5294,7.867,0,-332.0,False,False,0,True
10,S1003,5.9715748,116.6005266,S1005,5.9767187,116.5296757,7.856,0,-373.2,False,False,0,True
10,S1003,5.9715748,116.6005266,S1006,6.0042032,116.5315391,8.448,0,-247.5,False,False,0,True
10,S1003,5.9715748,116.6005266,S1010,5.9699241,116.610333,1.1,0,10.2,True,True,0,True
10,S1003,5.9715748,116.6005266,S1019,5.9148989,116.5523936,8.25,0,-356.2,False,False,0,True
10,S1003,5.9715748,116.6005266,S1023,5.9285252,116.5524134,7.157,0,-421.8,False,False,0,True
10,S1003,5.9715748,116.6005266,S1024,5.9428587,116.5545268,6.006,0,-203.7,False,False,0,True
10,S1003,5.9715748,116.6005266,S1025,5.9272681,116.5622378,6.496,0,-402.7,False,False,0,True
10,S1003,5.9715748,116.6005266,S1026,5.898538,116.5572532,9.427,0,-105.0,False,False,0,True
10,S1003,5.9715748,116.6005266,S1030,5.9197567,116.5389621,8.92,0,-226.7,False,False,0,True
10,S1003,5.9715748,116.6005266,S1034,5.9048187,116.5573592,8.826,0,-100.9,False,False,0,True
10,S1003,5.9715748,116.6005266,S1040,5.9776888,116.6271793,3.025,0,-171.5,False,False,0,True
10,S1003,5.9715748,116.6005266,S1041,5.9616214,116.6317392,3.625,0,-185.1,False,False,0,True
10,S1003,5.9715748,116.6005266,S1042,5.9490482,116.6312945,4.225,0,-21.9,False,False,0,True
10,S1003,5.9715748,116.6005266,S1043,5.9360702,116.6275559,4.952,0,-89.8,False,False,0,True
10,S1003,5.9715748,116.6005266,S1044,5.9398281,116.6218703,4.247,0,-14.6,False,False,0,True
10,S1003,5.9715748,116.6005266,S1046,5.9431707,116.6217402,3.934,0,-5.0,False,False,0,True
10,S1003,5.9715748,116.6005266,S1047,5.967166,116.6315073,3.461,0,-208.4,False,False,0,True
10,S1003,5.9715748,116.6005266,S1048,5.9577252,116.6394034,4.567,0,-209.2,False,False,0,True
10,S1003,5.9715748,116.6005266,S1049,5.945148,116.6327509,4.619,0,-86.7,False,False,0,True
10,S1003,5.9715748,116.6005266,S1050,5.9480847,116.5420322,6.977,0,-229.1,False,False,0,True
10,S1003,5.9715748,116.6005266,S1053,5.9458883,116.5351745,7.771,0,-224.0,False,False,0,True
10,S1003,5.9715748,116.6005266,S1054,5.9577048,116.5476671,6.046,0,-200.0,False,False,0,True
10,S1005,5.9767187,116.5296757,S0185,6.0282512,116.4629369,9.344,0,-480.7,False,False,0,True
10,S1005,5.9767187,116.5296757,S0419,6.0325619,116.4855496,7.897,0,-602.1,False,False,0,True
10,S1005,5.9767187,116.5296757,S0420,6.0132916,116.4791545,6.91,0,-408.5,False,False,0,True
10,S1005,5.9767187,116.5296757,S0993,5.9610547,116.5955176,7.487,0,-118.5,False,False,0,True
10,S1005,5.9767187,116.5296757,S0997,5.9490421,116.5742441,5.811,0,-208.5,False,False,0,True
10,S1005,5.9767187,116.5296757,S1000,5.942872,116.5879609,7.464,0,-224.2,False,False,0,True
10,S1005,5.9767187,116.5296757,S1002,5.9726888,116.5294,0.449,0,9.8,True,True,0,True
10,S1005,5.9767187,116.5296757,S1003,5.9715748,116.6005266,7.856,0,-382.5,False,False,0,True
10,S1005,5.9767187,116.5296757,S1006,6.0042032,116.5315391,3.063,0,-54.7,False,False,0,True
10,S1005,5.9767187,116.5296757,S1010,5.9699241,116.610333,8.952,0,-398.5,False,False,0,True
10,S1005,5.9767187,116.5296757,S1019,5.9148989,116.5523936,7.319,0,-462.7,False,False,0,True
10,S1005,5.9767187,116.5296757,S1023,5.9285252,116.5524134,5.92,0,-499.1,False,False,0,True
10,S1005,5.9767187,116.5296757,S1024,5.9428587,116.5545268,4.661,0,-342.9,False,False,0,True
10,S1005,5.9767187,116.5296757,S1025,5.9272681,116.5622378,6.573,0,-431.1,False,False,0,True
10,S1005,5.9767187,116.5296757,S1026,5.898538,116.5572532,9.213,0,-419.6,False,False,0,True
10,S1005,5.9767187,116.5296757,S1030,5.9197567,116.5389621,6.417,0,-453.8,False,False,0,True
10,S1005,5.9767187,116.5296757,S1034,5.9048187,116.5573592,8.561,0,-402.4,False,False,0,True
10,S1005,5.9767187,116.5296757,S1050,5.9480847,116.5420322,3.465,0,-360.1,False,False,0,True
10,S1005,5.9767187,116.5296757,S1053,5.9458883,116.5351745,3.482,0,-374.7,False,False,0,True
10,S1005,5.9767187,116.5296757,S1054,5.9577048,116.5476671,2.903,0,-75.4,False,False,0,True
10,S1006,6.0042032,116.5315391,S0185,6.0282512,116.4629369,8.044,0,-269.8,False,False,0,True
10,S1006,6.0042032,116.5315391,S0419,6.0325619,116.4855496,5.984,0,-127.5,False,False,0,True
10,S1006,6.0042032,116.5315391,S0420,6.0132916,116.4791545,5.88,0,-332.2,False,False,0,True
10,S1006,6.0042032,116.5315391,S0993,5.9610547,116.5955176,8.549,0,-145.2,False,False,0,True
10,S1006,6.0042032,116.5315391,S0997,5.9490421,116.5742441,7.741,0,-3.7,False,False,0,True
10,S1006,6.0042032,116.5315391,S1000,5.942872,116.5879609,9.244,0,-31.3,False,False,0,True
10,S1006,6.0042032,116.5315391,S1002,5.9726888,116.5294,3.512,0,-16.3,False,False,0,True
10,S1006,6.0042032,116.5315391,S1003,5.9715748,116.6005266,8.448,0,-243.6,False,False,0,True
10,S1006,6.0042032,116.5315391,S1005,5.9767187,116.5296757,3.063,0,-51.9,False,False,0,True
10,S1006,6.0042032,116.5315391,S1010,5.9699241,116.610333,9.511,0,-242.3,False,False,0,True
10,S1006,6.0042032,116.5315391,S1023,5.9285252,116.5524134,8.726,0,-308.8,False,False,0,True
10,S1006,6.0042032,116.5315391,S1024,5.9428587,116.5545268,7.28,0,-63.5,False,False,0,True
10,S1006,6.0042032,116.5315391,S1025,5.9272681,116.5622378,9.204,0,-188.3,False,False,0,True
10,S1006,6.0042032,116.5315391,S1030,5.9197567,116.5389621,9.426,0,-202.2,False,False,0,True
10,S1006,6.0042032,116.5315391,S1050,5.9480847,116.5420322,6.347,0,-218.8,False,False,0,True
10,S1006,6.0042032,116.5315391,S1053,5.9458883,116.5351745,6.497,0,-216.5,False,False,0,True
10,S1006,6.0042032,116.5315391,S1054,5.9577048,116.5476671,5.469,0,-9.7,False,False,0,True
10,S1008,5.864768,116.578317,S0078,5.8641269,116.5839984,0.632,0,-2.5,False,False,0,True
10,S1008,5.864768,116.578317,S0831,5.8661453,116.5365456,4.623,0,-251.4,False,False,0,True
10,S1008,5.864768,116.578317,S0834,5.8713255,116.4973945,8.981,0,-178.2,False,False,0,True
10,S1008,5.864768,116.578317,S0845,5.8723062,116.5007533,8.62,0,-182.6,False,False,0,True
10,S1008,5.864768,116.578317,S0854,5.8545828,116.4912239,9.7,0,-243.0,False,False,0,True
10,S1008,5.864768,116.578317,S0988,5.8670441,116.5672761,1.247,0,1.8,True,False,0,True
10,S1008,5.864768,116.578317,S0990,5.9164702,116.650652,9.852,0,-223.0,False,False,0,True
10,S1008,5.864768,116.578317,S0997,5.9490421,116.5742441,9.382,0,-191.3,False,False,0,True
10,S1008,5.864768,116.578317,S1000,5.942872,116.5879609,8.75,0,-96.2,False,False,0,True
10,S1008,5.864768,116.578317,S1019,5.9148989,116.5523936,6.269,0,-234.6,False,False,0,True
10,S1008,5.864768,116.578317,S1020,5.8730698,116.5840241,1.118,0,10.1,True,True,0,True
10,S1008,5.864768,116.578317,S1023,5.9285252,116.5524134,7.647,0,-208.2,False,False,0,True
10,S1008,5.864768,116.578317,S1024,5.9428587,116.5545268,9.073,0,-166.6,False,False,0,True
10,S1008,5.864768,116.578317,S1025,5.9272681,116.5622378,7.174,0,-189.4,False,False,0,True
10,S1008,5.864768,116.578317,S1026,5.898538,116.5572532,4.419,0,-217.6,False,False,0,True
10,S1008,5.864768,116.578317,S1030,5.9197567,116.5389621,7.506,0,-265.6,False,False,0,True
10,S1008,5.864768,116.578317,S1034,5.9048187,116.5573592,5.021,0,-186.2,False,False,0,True
10,S1008,5.864768,116.578317,S1043,5.9360702,116.6275559,9.619,0,-98.4,False,False,0,True
10,S1008,5.864768,116.578317,S1044,5.9398281,116.6218703,9.637,0,-120.1,False,False,0,True
10,S1008,5.864768,116.578317,S1046,5.9431707,116.6217402,9.953,0,-105.0,False,False,0,True
10,S1010,5.9699241,116.610333,S0990,5.9164702,116.650652,7.431,0,-111.2,False,False,0,True
10,S1010,5.9699241,116.610333,S0993,5.9610547,116.5955176,1.912,0,-6.3,False,False,0,True
10,S1010,5.9699241,116.610333,S0997,5.9490421,116.5742441,4.618,0,-181.8,False,False,0,True
10,S1010,5.9699241,116.610333,S1000,5.942872,116.5879609,3.895,0,-259.8,False,False,0,True
10,S1010,5.9699241,116.610333,S1002,5.9726888,116.5294,8.956,0,-362.1,False,False,0,True
10,S1010,5.9699241,116.610333,S1003,5.9715748,116.6005266,1.1,0,9.4,True,True,0,True
10,S1010,5.9699241,116.610333,S1005,5.9767187,116.5296757,8.952,0,-392.9,False,False,0,True
10,S1010,5.9699241,116.610333,S1006,6.0042032,116.5315391,9.511,0,-248.1,False,False,0,True
10,S1010,5.9699241,116.610333,S1019,5.9148989,116.5523936,8.86,0,-367.6,False,False,0,True
10,S1010,5.9699241,116.610333,S1023,5.9285252,116.5524134,7.888,0,-460.5,False,False,0,True
10,S1010,5.9699241,116.610333,S1024,5.9428587,116.5545268,6.867,0,-178.8,False,False,0,True
10,S1010,5.9699241,116.610333,S1025,5.9272681,116.5622378,7.127,0,-437.9,False,False,0,True
10,S1010,5.9699241,116.610333,S1026,5.898538,116.5572532,9.873,0,-142.8,False,False,0,True
10,S1010,5.9699241,116.610333,S1030,5.9197567,116.5389621,9.666,0,-285.7,False,False,0,True
10,S1010,5.9699241,116.610333,S1034,5.9048187,116.5573592,9.313,0,-103.5,False,False,0,True
10,S1010,5.9699241,116.610333,S1040,5.9776888,116.6271793,2.053,0,-181.1,False,False,0,True
10,S1010,5.9699241,116.610333,S1041,5.9616214,116.6317392,2.541,0,-174.0,False,False,0,True
10,S1010,5.9699241,116.610333,S1042,5.9490482,116.6312945,3.281,0,-84.2,False,False,0,True
10,S1010,5.9699241,116.610333,S1043,5.9360702,116.6275559,4.219,0,-124.4,False,False,0,True
10,S1010,5.9699241,116.610333,S1044,5.9398281,116.6218703,3.582,0,-33.1,False,False,0,True
10,S1010,5.9699241,116.610333,S1046,5.9431707,116.6217402,3.231,0,-20.6,False,False,0,True
10,S1010,5.9699241,116.610333,S1047,5.967166,116.6315073,2.362,0,-197.8,False,False,0,True
10,S1010,5.9699241,116.610333,S1048,5.9577252,116.6394034,3.489,0,-203.4,False,False,0,True
10,S1010,5.9699241,116.610333,S1049,5.945148,116.6327509,3.706,0,-46.0,False,False,0,True
10,S1010,5.9699241,116.610333,S1050,5.9480847,116.5420322,7.934,0,-221.6,False,False,0,True
10,S1010,5.9699241,116.610333,S1053,5.9458883,116.5351745,8.731,0,-214.2,False,False,0,True
10,S1010,5.9699241,116.610333,S1054,5.9577048,116.5476671,7.062,0,-188.3,False,False,0,True
10,S1019,5.9148989,116.5523936,S0078,5.8641269,116.5839984,6.64,0,-284.6,False,False,0,True
10,S1019,5.9148989,116.5523936,S0831,5.8661453,116.5365456,5.698,0,-419.3,False,False,0,True
10,S1019,5.9148989,116.5523936,S0834,5.8713255,116.4973945,7.777,0,-471.3,False,False,0,True
10,S1019,5.9148989,116.5523936,S0845,5.8723062,116.5007533,7.42,0,-455.8,False,False,0,True
10,S1019,5.9148989,116.5523936,S0854,5.8545828,116.4912239,9.527,0,-433.0,False,False,0,True
10,S1019,5.9148989,116.5523936,S0988,5.8670441,116.5672761,5.57,0,-329.1,False,False,0,True
10,S1019,5.9148989,116.5523936,S0993,5.9610547,116.5955176,7.006,0,-316.1,False,False,0,True
10,S1019,5.9148989,116.5523936,S0997,5.9490421,116.5742441,4.5,0,-390.0,False,False,0,True
10,S1019,5.9148989,116.5523936,S1000,5.942872,116.5879609,5.015,0,-328.5,False,False,0,True
10,S1019,5.9148989,116.5523936,S1002,5.9726888,116.5294,6.911,0,-438.2,False,False,0,True
10,S1019,5.9148989,116.5523936,S1003,5.9715748,116.6005266,8.25,0,-351.2,False,False,0,True
10,S1019,5.9148989,116.5523936,S1005,5.9767187,116.5296757,7.319,0,-470.8,False,False,0,True
10,S1019,5.9148989,116.5523936,S1008,5.864768,116.578317,6.269,0,-246.6,False,False,0,True
10,S1019,5.9148989,116.5523936,S1010,5.9699241,116.610333,8.86,0,-361.4,False,False,0,True
10,S1019,5.9148989,116.5523936,S1020,5.8730698,116.5840241,5.82,0,-181.7,False,False,0,True
10,S1019,5.9148989,116.5523936,S1023,5.9285252,116.5524134,1.515,0,10.2,True,True,0,True
10,S1019,5.9148989,116.5523936,S1024,5.9428587,116.5545268,3.118,0,8.8,True,True,0,True
10,S1019,5.9148989,116.5523936,S1025,5.9272681,116.5622378,1.754,0,10.1,True,True,0,True
10,S1019,5.9148989,116.5523936,S1026,5.898538,116.5572532,1.897,0,-170.4,False,False,0,True
10,S1019,5.9148989,116.5523936,S1030,5.9197567,116.5389621,1.581,0,-108.9,False,False,0,True
10,S1019,5.9148989,116.5523936,S1034,5.9048187,116.5573592,1.248,0,-25.9,False,False,0,True
10,S1019,5.9148989,116.5523936,S1042,5.9490482,116.6312945,9.517,0,-261.0,False,False,0,True
10,S1019,5.9148989,116.5523936,S1043,5.9360702,116.6275559,8.64,0,-296.5,False,False,0,True
10,S1019,5.9148989,116.5523936,S1044,5.9398281,116.6218703,8.169,0,-297.9,False,False,0,True
10,S1019,5.9148989,116.5523936,S1046,5.9431707,116.6217402,8.289,0,-228.1,False,False,0,True
10,S1019,5.9148989,116.5523936,S1049,5.945148,116.6327509,9.503,0,-281.8,False,False,0,True
10,S1019,5.9148989,116.5523936,S1050,5.9480847,116.5420322,3.864,0,9.2,True,True,0,True
10,S1019,5.9148989,116.5523936,S1053,5.9458883,116.5351745,3.937,0,8.3,True,True,0,True
10,S1019,5.9148989,116.5523936,S1054,5.9577048,116.5476671,4.788,0,12.2,True,True,0,True
10,S1020,5.8730698,116.5840241,S0078,5.8641269,116.5839984,0.994,0,5.9,True,True,0,True
10,S1020,5.8730698,116.5840241,S0831,5.8661453,116.5365456,5.308,0,-369.2,False,False,0,True
10,S1020,5.8730698,116.5840241,S0834,5.8713255,116.4973945,9.584,0,-300.7,False,False,0,True
10,S1020,5.8730698,116.5840241,S0845,5.8723062,116.5007533,9.211,0,-300.1,False,False,0,True
10,S1020,5.8730698,116.5840241,S0988,5.8670441,116.5672761,1.97,0,-109.4,False,False,0,True
10,S1020,5.8730698,116.5840241,S0990,5.9164702,116.650652,8.809,0,-141.0,False,False,0,True
10,S1020,5.8730698,116.5840241,S0993,5.9610547,116.5955176,9.866,0,-19.9,False,False,0,True
10,S1020,5.8730698,116.5840241,S0997,5.9490421,116.5742441,8.517,0,-125.8,False,False,0,True
10,S1020,5.8730698,116.5840241,S1000,5.942872,116.5879609,7.774,0,-128.0,False,False,0,True
10,S1020,5.8730698,116.5840241,S1008,5.864768,116.578317,1.118,0,8.0,True,True,0,True
10,S1020,5.8730698,116.5840241,S1019,5.9148989,116.5523936,5.82,0,-191.8,False,False,0,True
10,S1020,5.8730698,116.5840241,S1023,5.9285252,116.5524134,7.089,0,-89.3,False,False,0,True
10,S1020,5.8730698,116.5840241,S1024,5.9428587,116.5545268,8.418,0,2.5,True,True,0,True
10,S1020,5.8730698,116.5840241,S1025,5.9272681,116.5622378,6.49,0,-1.9,False,False,0,True
10,S1020,5.8730698,116.5840241,S1026,5.898538,116.5572532,4.097,0,-30.3,False,False,0,True
10,S1020,5.8730698,116.5840241,S1030,5.9197567,116.5389621,7.197,0,-174.2,False,False,0,True
10,S1020,5.8730698,116.5840241,S1034,5.9048187,116.5573592,4.6,0,-28.0,False,False,0,True
10,S1020,5.8730698,116.5840241,S1042,5.9490482,116.6312945,9.935,0,-88.3,False,False,0,True
10,S1020,5.8730698,116.5840241,S1043,5.9360702,116.6275559,8.5,0,-96.4,False,False,0,True
10,S1020,5.8730698,116.5840241,S1044,5.9398281,116.6218703,8.522,0,-120.8,False,False,0,True
10,S1020,5.8730698,116.5840241,S1046,5.9431707,116.6217402,8.841,0,-105.5,False,False,0,True
10,S1020,5.8730698,116.5840241,S1049,5.945148,116.6327509,9.658,0,5.8,True,False,0,True
10,S1020,5.8730698,116.5840241,S1050,5.9480847,116.5420322,9.547,0,0.5,True,False,0,True
10,S1020,5.8730698,116.5840241,S1053,5.9458883,116.5351745,9.734,0,-3.2,False,False,0,True
10,S1023,5.9285252,116.5524134,S0078,5.8641269,116.5839984,7.968,0,-266.1,False,False,0,True
10,S1023,5.9285252,116.5524134,S0831,5.8661453,116.5365456,7.155,0,-498.9,False,False,0,True
10,S1023,5.9285252,116.5524134,S0834,5.8713255,116.4973945,8.803,0,-566.0,False,False,0,True
10,S1023,5.9285252,116.5524134,S0845,5.8723062,116.5007533,8.469,0,-547.1,False,False,0,True
10,S1023,5.9285252,116.5524134,S0988,5.8670441,116.5672761,7.031,0,-318.4,False,False,0,True
10,S1023,5.9285252,116.5524134,S0993,5.9610547,116.5955176,5.984,0,-367.0,False,False,0,True
10,S1023,5.9285252,116.5524134,S0997,5.9490421,116.5742441,3.322,0,-402.2,False,False,0,True
10,S1023,5.9285252,116.5524134,S1000,5.942872,116.5879609,4.243,0,-494.0,False,False,0,True
10,S1023,5.9285252,116.5524134,S1002,5.9726888,116.5294,5.531,0,-478.7,False,False,0,True
10,S1023,5.9285252,116.5524134,S1003,5.9715748,116.6005266,7.157,0,-414.2,False,False,0,True
10,S1023,5.9285252,116.5524134,S1005,5.9767187,116.5296757,5.92,0,-503.7,False,False,0,True
10,S1023,5.9285252,116.5524134,S1006,6.0042032,116.5315391,8.726,0,-304.4,False,False,0,True
10,S1023,5.9285252,116.5524134,S1008,5.864768,116.578317,7.647,0,-222.5,False,False,0,True
10,S1023,5.9285252,116.5524134,S1010,5.9699241,116.610333,7.888,0,-451.6,False,False,0,True
10,S1023,5.9285252,116.5524134,S1019,5.9148989,116.5523936,1.515,0,9.5,True,True,0,True
10,S1023,5.9285252,116.5524134,S1020,5.8730698,116.5840241,7.089,0,-84.7,False,False,0,True
10,S1023,5.9285252,116.5524134,S1024,5.9428587,116.5545268,1.611,0,1.9,True,False,0,True
10,S1023,5.9285252,116.5524134,S1025,5.9272681,116.5622378,1.096,0,-3.7,False,False,0,True
10,S1023,5.9285252,116.5524134,S1026,5.898538,116.5572532,3.377,0,-162.3,False,False,0,True
10,S1023,5.9285252,116.5524134,S1030,5.9197567,116.5389621,1.779,0,-61.9,False,False,0,True
10,S1023,5.9285252,116.5524134,S1034,5.9048187,116.5573592,2.692,0,17.2,True,True,0,True
10,S1023,5.9285252,116.5524134,S1040,5.9776888,116.6271793,9.913,0,-482.5,False,False,0,True
10,S1023,5.9285252,116.5524134,S1041,5.9616214,116.6317392,9.514,0,-489.5,False,False,0,True
10,S1023,5.9285252,116.5524134,S1042,5.9490482,116.6312945,9.018,0,-462.7,False,False,0,True
10,S1023,5.9285252,116.5524134,S1043,5.9360702,116.6275559,8.353,0,-386.7,False,False,0,True
10,S1023,5.9285252,116.5524134,S1044,5.9398281,116.6218703,7.784,0,-380.4,False,False,0,True
10,S1023,5.9285252,116.5524134,S1046,5.9431707,116.6217402,7.839,0,-411.5,False,False,0,True
10,S1023,5.9285252,116.5524134,S1047,5.967166,116.6315073,9.746,0,-479.2,False,False,0,True
10,S1023,5.9285252,116.5524134,S1049,5.945148,116.6327509,9.075,0,-422.9,False,False,0,True
10,S1023,5.9285252,116.5524134,S1050,5.9480847,116.5420322,2.459,0,9.1,True,True,0,True
10,S1023,5.9285252,116.5524134,S1053,5.9458883,116.5351745,2.713,0,7.0,True,True,0,True
10,S1023,5.9285252,116.5524134,S1054,5.9577048,116.5476671,3.287,0,8.9,True,True,0,True
10,S1024,5.9428587,116.5545268,S0078,5.8641269,116.5839984,9.342,0,-222.4,False,False,0,True
10,S1024,5.9428587,116.5545268,S0831,5.8661453,116.5365456,8.759,0,-408.6,False,False,0,True
10,S1024,5.9428587,116.5545268,S0845,5.8723062,116.5007533,9.845,0,-485.5,False,False,0,True
10,S1024,5.9428587,116.5545268,S0988,5.8670441,116.5672761,8.547,0,-258.4,False,False,0,True
10,S1024,5.9428587,116.5545268,S0993,5.9610547,116.5955176,4.964,0,-119.2,False,False,0,True
10,S1024,5.9428587,116.5545268,S0997,5.9490421,116.5742441,2.286,0,-205.5,False,False,0,True
10,S1024,5.9428587,116.5545268,S1000,5.942872,116.5879609,3.698,0,-302.2,False,False,0,True
10,S1024,5.9428587,116.5545268,S1002,5.9726888,116.5294,4.327,0,-325.1,False,False,0,True
10,S1024,5.9428587,116.5545268,S1003,5.9715748,116.6005266,6.006,0,-214.0,False,False,0,True
10,S1024,5.9428587,116.5545268,S1005,5.9767187,116.5296757,4.661,0,-341.0,False,False,0,True
10,S1024,5.9428587,116.5545268,S1006,6.0042032,116.5315391,7.28,0,-56.1,False,False,0,True
10,S1024,5.9428587,116.5545268,S1008,5.864768,116.578317,9.073,0,-181.9,False,False,0,True
10,S1024,5.9428587,116.5545268,S1010,5.9699241,116.610333,6.867,0,-182.3,False,False,0,True
10,S1024,5.9428587,116.5545268,S1019,5.9148989,116.5523936,3.118,0,10.7,True,True,0,True
10,S1024,5.9428587,116.5545268,S1020,5.8730698,116.5840241,8.418,0,-4.1,False,False,0,True
10,S1024,5.9428587,116.5545268,S1023,5.9285252,116.5524134,1.611,0,10.9,True,True,0,True
10,S1024,5.9428587,116.5545268,S1025,5.9272681,116.5622378,1.932,0,-15.1,False,False,0,True
10,S1024,5.9428587,116.5545268,S1026,5.898538,116.5572532,4.937,0,-127.0,False,False,0,True
10,S1024,5.9428587,116.5545268,S1030,5.9197567,116.5389621,3.092,0,4.2,True,False,0,True
10,S1024,5.9428587,116.5545268,S1034,5.9048187,116.5573592,4.241,0,20.1,True,True,0,True
10,S1024,5.9428587,116.5545268,S1040,5.9776888,116.6271793,8.92,0,-222.5,False,False,0,True
10,S1024,5.9428587,116.5545268,S1041,5.9616214,116.6317392,8.791,0,-199.4,False,False,0,True
10,S1024,5.9428587,116.5545268,S1042,5.9490482,116.6312945,8.518,0,-221.9,False,False,0,True
10,S1024,5.9428587,116.5545268,S1043,5.9360702,116.6275559,8.112,0,-283.2,False,False,0,True
10,S1024,5.9428587,116.5545268,S1044,5.9398281,116.6218703,7.456,0,-271.7,False,False,0,True
10,S1024,5.9428587,116.5545268,S1046,5.9431707,116.6217402,7.434,0,-245.3,False,False,0,True
10,S1024,5.9428587,116.5545268,S1047,5.967166,116.6315073,8.932,0,-222.7,False,False,0,True
10,S1024,5.9428587,116.5545268,S1048,5.9577252,116.6394034,9.531,0,-266.5,False,False,0,True
10,S1024,5.9428587,116.5545268,S1049,5.945148,116.6327509,8.655,0,-230.0,False,False,0,True
10,S1024,5.9428587,116.5545268,S1050,5.9480847,116.5420322,1.499,0,9.9,True,True,0,True
10,S1024,5.9428587,116.5545268,S1053,5.9458883,116.5351745,2.167,0,9.2,True,True,0,True
10,S1024,5.9428587,116.5545268,S1054,5.9577048,116.5476671,1.817,0,-20.6,False,False,0,True
10,S1025,5.9272681,116.5622378,S0078,5.8641269,116.5839984,7.422,1,-239.2,False,False,0,True
10,S1025,5.9272681,116.5622378,S0831,5.8661453,116.5365456,7.367,1,-412.6,False,False,0,True
10,S1025,5.9272681,116.5622378,S0834,5.8713255,116.4973945,9.494,1,-516.0,False,False,0,True
10,S1025,5.9272681,116.5622378,S0845,5.8723062,116.5007533,9.143,1,-518.7,False,False,0,True
10,S1025,5.9272681,116.5622378,S0988,5.8670441,116.5672761,6.72,1,-288.8,False,False,0,True
10,S1025,5.9272681,116.5622378,S0990,5.9164702,116.650652,9.852,1,-238.1,False,False,0,True
10,S1025,5.9272681,116.5622378,S0993,5.9610547,116.5955176,5.259,1,-382.0,False,False,0,True
10,S1025,5.9272681,116.5622378,S0997,5.9490421,116.5742441,2.761,1,-417.9,False,False,0,True
10,S1025,5.9272681,116.5622378,S1000,5.942872,116.5879609,3.332,1,-415.1,False,False,0,True
10,S1025,5.9272681,116.5622378,S1002,5.9726888,116.5294,6.221,1,-427.2,False,False,0,True
10,S1025,5.9272681,116.5622378,S1003,5.9715748,116.6005266,6.496,1,-391.1,False,False,0,True
10,S1025,5.9272681,116.5622378,S1005,5.9767187,116.5296757,6.573,1,-435.7,False,False,0,True
10,S1025,5.9272681,116.5622378,S1006,6.0042032,116.5315391,9.204,1,-179.0,False,False,0,True
10,S1025,5.9272681,116.5622378,S1008,5.864768,116.578317,7.174,1,-203.5,False,False,0,True
10,S1025,5.9272681,116.5622378,S1010,5.9699241,116.610333,7.127,1,-425.3,False,False,0,True
10,S1025,5.9272681,116.5622378,S1019,5.9148989,116.5523936,1.754,1,10.0,True,True,0,True
10,S1025,5.9272681,116.5622378,S1020,5.8730698,116.5840241,6.49,1,-13.7,False,False,0,True
10,S1025,5.9272681,116.5622378,S1023,5.9285252,116.5524134,1.096,1,-1.2,False,False,0,True
10,S1025,5.9272681,116.5622378,S1024,5.9428587,116.5545268,1.932,1,-22.1,False,False,0,True
10,S1025,5.9272681,116.5622378,S1026,5.898538,116.5572532,3.242,1,-142.3,False,False,0,True
10,S1025,5.9272681,116.5622378,S1030,5.9197567,116.5389621,2.706,1,-66.9,False,False,0,True
10,S1025,5.9272681,116.5622378,S1034,5.9048187,116.5573592,2.554,1,15.7,True,True,0,True
10,S1025,5.9272681,116.5622378,S1040,5.9776888,116.6271793,9.111,1,-443.4,False,False,0,True
10,S1025,5.9272681,116.5622378,S1041,5.9616214,116.6317392,8.584,1,-386.9,False,False,0,True
10,S1025,5.9272681,116.5622378,S1042,5.9490482,116.6312945,8.012,1,-303.8,False,False,0,True
10,S1025,5.9272681,116.5622378,S1043,5.9360702,116.6275559,7.29,1,-367.7,False,False,0,True
10,S1025,5.9272681,116.5622378,S1044,5.9398281,116.6218703,6.742,1,-285.5,False,False,0,True
10,S1025,5.9272681,116.5622378,S1046,5.9431707,116.6217402,6.814,1,-289.0,False,False,0,True
10,S1025,5.9272681,116.5622378,S1047,5.967166,116.6315073,8.853,1,-408.7,False,False,0,True
10,S1025,5.9272681,116.5622378,S1048,5.9577252,116.6394034,9.182,1,-351.7,False,False,0,True
10,S1025,5.9272681,116.5622378,S1049,5.945148,116.6327509,8.048,1,-293.2,False,False,0,True
10,S1025,5.9272681,116.5622378,S1050,5.9480847,116.5420322,3.217,1,20.4,True,True,0,True
10,S1025,5.9272681,116.5622378,S1053,5.9458883,116.5351745,3.639,1,7.3,True,True,0,True
10,S1025,5.9272681,116.5622378,S1054,5.9577048,116.5476671,3.748,1,-51.7,False,False,0,True
10,S1026,5.898538,116.5572532,S0078,5.8641269,116.5839984,4.837,0,-287.0,False,False,0,True
10,S1026,5.898538,116.5572532,S0831,5.8661453,116.5365456,4.268,0,-223.6,False,False,0,True
10,S1026,5.898538,116.5572532,S0834,5.8713255,116.4973945,7.28,0,-301.1,False,False,0,True
10,S1026,5.898538,116.5572532,S0845,5.8723062,116.5007533,6.897,0,-305.2,False,False,0,True
10,S1026,5.898538,116.5572532,S0854,5.8545828,116.4912239,8.788,0,-238.0,False,False,0,True
10,S1026,5.898538,116.5572532,S0988,5.8670441,116.5672761,3.673,0,-299.0,False,False,0,True
10,S1026,5.898538,116.5572532,S0993,5.9610547,116.5955176,8.138,0,-38.8,False,False,0,True
10,S1026,5.898538,116.5572532,S0997,5.9490421,116.5742441,5.922,0,-334.5,False,False,0,True
10,S1026,5.898538,116.5572532,S1000,5.942872,116.5879609,5.986,0,-126.3,False,False,0,True
10,S1026,5.898538,116.5572532,S1002,5.9726888,116.5294,8.802,0,-404.3,False,False,0,True
10,S1026,5.898538,116.5572532,S1003,5.9715748,116.6005266,9.427,0,-119.9,False,False,0,True
10,S1026,5.898538,116.5572532,S1005,5.9767187,116.5296757,9.213,0,-430.2,False,False,0,True
10,S1026,5.898538,116.5572532,S1008,5.864768,116.578317,4.419,0,-225.7,False,False,0,True
10,S1026,5.898538,116.5572532,S1010,5.9699241,116.610333,9.873,0,-151.3,False,False,0,True
10,S1026,5.898538,116.5572532,S1019,5.9148989,116.5523936,1.897,0,-161.8,False,False,0,True
10,S1026,5.898538,116.5572532,S1020,5.8730698,116.5840241,4.097,0,-47.0,False,False,0,True
10,S1026,5.898538,116.5572532,S1023,5.9285252,116.5524134,3.377,0,-148.5,False,False,0,True
10,S1026,5.898538,116.5572532,S1024,5.9428587,116.5545268,4.937,0,-111.3,False,False,0,True
10,S1026,5.898538,116.5572532,S1025,5.9272681,116.5622378,3.242,0,-129.1,False,False,0,True
10,S1026,5.898538,116.5572532,S1030,5.9197567,116.5389621,3.108,0,-196.7,False,False,0,True
10,S1026,5.898538,116.5572532,S1034,5.9048187,116.5573592,0.698,0,-72.4,False,False,0,True
10,S1026,5.898538,116.5572532,S1042,5.9490482,116.6312945,9.93,0,-179.9,False,False,0,True
10,S1026,5.898538,116.5572532,S1043,5.9360702,116.6275559,8.825,0,-249.8,False,False,0,True
10,S1026,5.898538,116.5572532,S1044,5.9398281,116.6218703,8.494,0,-185.6,False,False,0,True
10,S1026,5.898538,116.5572532,S1046,5.9431707,116.6217402,8.689,0,-169.2,False,False,0,True
10,S1026,5.898538,116.5572532,S1049,5.945148,116.6327509,9.828,0,-160.0,False,False,0,True
10,S1026,5.898538,116.5572532,S1050,5.9480847,116.5420322,5.761,0,-109.1,False,False,0,True
10,S1026,5.898538,116.5572532,S1053,5.9458883,116.5351745,5.804,0,-116.8,False,False,0,True
10,S1026,5.898538,116.5572532,S1054,5.9577048,116.5476671,6.664,0,-98.2,False,False,0,True
10,S1030,5.9197567,116.5389621,S0078,5.8641269,116.5839984,7.942,0,-318.6,False,False,0,True
10,S1030,5.9197567,116.5389621,S0831,5.8661453,116.5365456,5.967,0,-390.1,False,False,0,True
10,S1030,5.9197567,116.5389621,S0834,5.8713255,116.4973945,7.081,0,-450.9,False,False,0,True
10,S1030,5.9197567,116.5389621,S0845,5.8723062,116.5007533,6.76,0,-467.1,False,False,0,True
10,S1030,5.9197567,116.5389621,S0854,5.8545828,116.4912239,8.967,0,-388.7,False,False,0,True
10,S1030,5.9197567,116.5389621,S0988,5.8670441,116.5672761,6.646,0,-364.5,False,False,0,True
10,S1030,5.9197567,116.5389621,S0993,5.9610547,116.5955176,7.76,0,-202.6,False,False,0,True
10,S1030,5.9197567,116.5389621,S0997,5.9490421,116.5742441,5.082,0,-323.7,False,False,0,True
10,S1030,5.9197567,116.5389621,S1000,5.942872,116.5879609,5.998,0,-407.6,False,False,0,True
10,S1030,5.9197567,116.5389621,S1002,5.9726888,116.5294,5.98,0,-450.7,False,False,0,True
10,S1030,5.9197567,116.5389621,S1003,5.9715748,116.6005266,8.92,0,-224.7,False,False,0,True
10,S1030,5.9197567,116.5389621,S1005,5.9767187,116.5296757,6.417,0,-460.5,False,False,0,True
10,S1030,5.9197567,116.5389621,S1006,6.0042032,116.5315391,9.426,0,-200.4,False,False,0,True
10,S1030,5.9197567,116.5389621,S1008,5.864768,116.578317,7.506,0,-254.3,False,False,0,True
10,S1030,5.9197567,116.5389621,S1010,5.9699241,116.610333,9.666,0,-282.1,False,False,0,True
10,S1030,5.9197567,116.5389621,S1019,5.9148989,116.5523936,1.581,0,-95.6,False,False,0,True
10,S1030,5.9197567,116.5389621,S1020,5.8730698,116.5840241,7.197,0,-162.7,False,False,0,True
10,S1030,5.9197567,116.5389621,S1023,5.9285252,116.5524134,1.779,0,-47.4,False,False,0,True
10,S1030,5.9197567,116.5389621,S1024,5.9428587,116.5545268,3.092,0,9.7,True,True,0,True
10,S1030,5.9197567,116.5389621,S1025,5.9272681,116.5622378,2.706,0,-50.3,False,False,0,True
10,S1030,5.9197567,116.5389621,S1026,5.898538,116.5572532,3.108,0,-198.0,False,False,0,True
10,S1030,5.9197567,116.5389621,S1034,5.9048187,116.5573592,2.627,0,-78.3,False,False,0,True
10,S1030,5.9197567,116.5389621,S1043,5.9360702,116.6275559,9.965,0,-311.2,False,False,0,True
10,S1030,5.9197567,116.5389621,S1044,5.9398281,116.6218703,9.437,0,-227.4,False,False,0,True
10,S1030,5.9197567,116.5389621,S1046,5.9431707,116.6217402,9.518,0,-199.3,False,False,0,True
10,S1030,5.9197567,116.5389621,S1050,5.9480847,116.5420322,3.168,0,9.5,True,True,0,True
10,S1030,5.9197567,116.5389621,S1053,5.9458883,116.5351745,2.936,0,9.2,True,True,0,True
10,S1030,5.9197567,116.5389621,S1054,5.9577048,116.5476671,4.328,0,5.0,True,True,0,True
10,S1034,5.9048187,116.5573592,S0078,5.8641269,116.5839984,5.4,0,-235.8,False,False,0,True
10,S1034,5.9048187,116.5573592,S0831,5.8661453,116.5365456,4.878,0,-244.1,False,False,0,True
10,S1034,5.9048187,116.5573592,S0834,5.8713255,116.4973945,7.607,0,-315.7,False,False,0,True
10,S1034,5.9048187,116.5573592,S0845,5.8723062,116.5007533,7.23,0,-310.7,False,False,0,True
10,S1034,5.9048187,116.5573592,S0854,5.8545828,116.4912239,9.204,0,-193.4,False,False,0,True
10,S1034,5.9048187,116.5573592,S0988,5.8670441,116.5672761,4.341,0,-262.7,False,False,0,True
10,S1034,5.9048187,116.5573592,S0993,5.9610547,116.5955176,7.544,0,7.8,True,False,0,True
10,S1034,5.9048187,116.5573592,S0997,5.9490421,116.5742441,5.26,0,-311.8,False,False,0,True
10,S1034,5.9048187,116.5573592,S1000,5.942872,116.5879609,5.418,0,-111.2,False,False,0,True
10,S1034,5.9048187,116.5573592,S1002,5.9726888,116.5294,8.156,0,-387.0,False,False,0,True
10,S1034,5.9048187,116.5573592,S1003,5.9715748,116.6005266,8.826,0,-115.2,False,False,0,True
10,S1034,5.9048187,116.5573592,S1005,5.9767187,116.5296757,8.561,0,-412.3,False,False,0,True
10,S1034,5.9048187,116.5573592,S1008,5.864768,116.578317,5.021,0,-196.4,False,False,0,True
10,S1034,5.9048187,116.5573592,S1010,5.9699241,116.610333,9.313,0,-111.4,False,False,0,True
10,S1034,5.9048187,116.5573592,S1019,5.9148989,116.5523936,1.248,0,-35.8,False,False,0,True
10,S1034,5.9048187,116.5573592,S1020,5.8730698,116.5840241,4.6,0,-24.1,False,False,0,True
10,S1034,5.9048187,116.5573592,S1023,5.9285252,116.5524134,2.692,0,12.8,True,True,0,True
10,S1034,5.9048187,116.5573592,S1024,5.9428587,116.5545268,4.241,0,10.0,True,True,0,True
10,S1034,5.9048187,116.5573592,S1025,5.9272681,116.5622378,2.554,0,10.7,True,True,0,True
10,S1034,5.9048187,116.5573592,S1026,5.898538,116.5572532,0.698,0,-64.4,False,False,0,True
10,S1034,5.9048187,116.5573592,S1030,5.9197567,116.5389621,2.627,0,-94.6,False,False,0,True
10,S1034,5.9048187,116.5573592,S1042,5.9490482,116.6312945,9.542,0,-197.6,False,False,0,True
10,S1034,5.9048187,116.5573592,S1043,5.9360702,116.6275559,8.506,0,-224.7,False,False,0,True
10,S1034,5.9048187,116.5573592,S1044,5.9398281,116.6218703,8.128,0,-164.9,False,False,0,True
10,S1034,5.9048187,116.5573592,S1046,5.9431707,116.6217402,8.3,0,-178.7,False,False,0,True
10,S1034,5.9048187,116.5573592,S1049,5.945148,116.6327509,9.468,0,-130.8,False,False,0,True
10,S1034,5.9048187,116.5573592,S1050,5.9480847,116.5420322,5.101,0,9.8,True,True,0,True
10,S1034,5.9048187,116.5573592,S1053,5.9458883,116.5351745,5.184,0,9.7,True,True,0,True
10,S1034,5.9048187,116.5573592,S1054,5.9577048,116.5476671,5.978,0,13.9,True,True,0,True
10,S1040,5.9776888,116.6271793,S0990,5.9164702,116.650652,7.285,0,-173.8,False,False,0,True
10,S1040,5.9776888,116.6271793,S0993,5.9610547,116.5955176,3.96,0,-167.7,False,False,0,True
10,S1040,5.9776888,116.6271793,S0997,5.9490421,116.5742441,6.665,0,-230.7,False,False,0,True
10,S1040,5.9776888,116.6271793,S1000,5.942872,116.5879609,5.814,0,-315.0,False,False,0,True
10,S1040,5.9776888,116.6271793,S1003,5.9715748,116.6005266,3.025,0,-164.7,False,False,0,True
10,S1040,5.9776888,116.6271793,S1010,5.9699241,116.610333,2.053,0,-180.0,False,False,0,True
10,S1040,5.9776888,116.6271793,S1023,5.9285252,116.5524134,9.913,0,-493.9,False,False,0,True
10,S1040,5.9776888,116.6271793,S1024,5.9428587,116.5545268,8.92,0,-221.2,False,False,0,True
10,S1040,5.9776888,116.6271793,S1025,5.9272681,116.5622378,9.111,0,-457.8,False,False,0,True
10,S1040,5.9776888,116.6271793,S1041,5.9616214,116.6317392,1.856,0,-50.0,False,False,0,True
10,S1040,5.9776888,116.6271793,S1042,5.9490482,116.6312945,3.217,0,-83.7,False,False,0,True
10,S1040,5.9776888,116.6271793,S1043,5.9360702,116.6275559,4.628,0,-193.4,False,False,0,True
10,S1040,5.9776888,116.6271793,S1044,5.9398281,116.6218703,4.251,0,-171.6,False,False,0,True
10,S1040,5.9776888,116.6271793,S1046,5.9431707,116.6217402,3.885,0,-158.0,False,False,0,True
10,S1040,5.9776888,116.6271793,S1047,5.967166,116.6315073,1.264,0,-2.9,False,False,0,True
10,S1040,5.9776888,116.6271793,S1048,5.9577252,116.6394034,2.599,0,10.7,True,True,0,True
10,S1040,5.9776888,116.6271793,S1049,5.945148,116.6327509,3.67,0,-58.9,False,False,0,True
10,S1040,5.9776888,116.6271793,S1050,5.9480847,116.5420322,9.975,0,-283.0,False,False,0,True
10,S1040,5.9776888,116.6271793,S1054,5.9577048,116.5476671,9.07,0,-246.8,False,False,0,True
10,S1041,5.9616214,116.6317392,S0990,5.9164702,116.650652,5.439,0,-164.5,False,False,0,True
10,S1041,5.9616214,116.6317392,S0993,5.9610547,116.5955176,4.006,0,-96.3,False,False,0,True
10,S1041,5.9616214,116.6317392,S0997,5.9490421,116.5742441,6.511,0,-209.0,False,False,0,True
10,S1041,5.9616214,116.6317392,S1000,5.942872,116.5879609,5.271,0,-330.9,False,False,0,True
10,S1041,5.9616214,116.6317392,S1003,5.9715748,116.6005266,3.625,0,-175.4,False,False,0,True
10,S1041,5.9616214,116.6317392,S1010,5.9699241,116.610333,2.541,0,-167.9,False,False,0,True
10,S1041,5.9616214,116.6317392,S1023,5.9285252,116.5524134,9.514,0,-500.2,False,False,0,True
10,S1041,5.9616214,116.6317392,S1024,5.9428587,116.5545268,8.791,0,-213.5,False,False,0,True
10,S1041,5.9616214,116.6317392,S1025,5.9272681,116.5622378,8.584,0,-400.6,False,False,0,True
10,S1041,5.9616214,116.6317392,S1040,5.9776888,116.6271793,1.856,0,-39.2,False,False,0,True
10,S1041,5.9616214,116.6317392,S1042,5.9490482,116.6312945,1.399,0,10.1,True,True,0,True
10,S1041,5.9616214,116.6317392,S1043,5.9360702,116.6275559,2.879,0,-157.5,False,False,0,True
10,S1041,5.9616214,116.6317392,S1044,5.9398281,116.6218703,2.658,0,-155.5,False,False,0,True
10,S1041,5.9616214,116.6317392,S1046,5.9431707,116.6217402,2.331,0,-123.7,False,False,0,True
10,S1041,5.9616214,116.6317392,S1047,5.967166,116.6315073,0.617,0,-26.9,False,False,0,True
10,S1041,5.9616214,116.6317392,S1048,5.9577252,116.6394034,0.952,0,10.5,True,True,0,True
10,S1041,5.9616214,116.6317392,S1049,5.945148,116.6327509,1.835,0,10.1,True,True,0,True
10,S1041,5.9616214,116.6317392,S1054,5.9577048,116.5476671,9.308,0,-170.9,False,False,0,True
10,S1042,5.9490482,116.6312945,S0990,5.9164702,116.650652,4.208,0,-133.0,False,False,0,True
10,S1042,5.9490482,116.6312945,S0993,5.9610547,116.5955176,4.176,0,-12.5,False,False,0,True
10,S1042,5.9490482,116.6312945,S0997,5.9490421,116.5742441,6.31,0,-274.9,False,False,0,True
10,S1042,5.9490482,116.6312945,S1000,5.942872,116.5879609,4.842,0,-288.1,False,False,0,True
10,S1042,5.9490482,116.6312945,S1003,5.9715748,116.6005266,4.225,0,-8.2,False,False,0,True
10,S1042,5.9490482,116.6312945,S1010,5.9699241,116.610333,3.281,0,-89.2,False,False,0,True
10,S1042,5.9490482,116.6312945,S1019,5.9148989,116.5523936,9.517,0,-256.3,False,False,0,True
10,S1042,5.9490482,116.6312945,S1020,5.8730698,116.5840241,9.935,0,-69.8,False,False,0,True
10,S1042,5.9490482,116.6312945,S1023,5.9285252,116.5524134,9.018,0,-472.7,False,False,0,True
10,S1042,5.9490482,116.6312945,S1024,5.9428587,116.5545268,8.518,0,-235.6,False,False,0,True
10,S1042,5.9490482,116.6312945,S1025,5.9272681,116.5622378,8.012,0,-319.0,False,False,0,True
10,S1042,5.9490482,116.6312945,S1026,5.898538,116.5572532,9.93,0,-174.8,False,False,0,True
10,S1042,5.9490482,116.6312945,S1034,5.9048187,116.5573592,9.542,0,-192.9,False,False,0,True
10,S1042,5.9490482,116.6312945,S1040,5.9776888,116.6271793,3.217,0,-85.8,False,False,0,True
10,S1042,5.9490482,116.6312945,S1041,5.9616214,116.6317392,1.399,0,10.0,True,True,0,True
10,S1042,5.9490482,116.6312945,S1043,5.9360702,116.6275559,1.501,0,-85.5,False,False,0,True
10,S1042,5.9490482,116.6312945,S1044,5.9398281,116.6218703,1.462,0,-91.9,False,False,0,True
10,S1042,5.9490482,116.6312945,S1046,5.9431707,116.6217402,1.242,0,-87.7,False,False,0,True
10,S1042,5.9490482,116.6312945,S1047,5.967166,116.6315073,2.015,0,-43.9,False,False,0,True
10,S1042,5.9490482,116.6312945,S1048,5.9577252,116.6394034,1.317,0,10.4,True,True,0,True
10,S1042,5.9490482,116.6312945,S1049,5.945148,116.6327509,0.463,0,5.1,True,True,0,True
10,S1042,5.9490482,116.6312945,S1050,5.9480847,116.5420322,9.873,0,-252.1,False,False,0,True
10,S1042,5.9490482,116.6312945,S1054,5.9577048,116.5476671,9.299,0,-103.7,False,False,0,True
10,S1043,5.9360702,116.6275559,S0078,5.8641269,116.5839984,9.338,0,-208.2,False,False,0,True
10,S1043,5.9360702,116.6275559,S0990,5.9164702,116.650652,3.358,0,-88.8,False,False,0,True
10,S1043,5.9360702,116.6275559,S0993,5.9610547,116.5955176,4.503,0,-30.0,False,False,0,True
10,S1043,5.9360702,116.6275559,S0997,5.9490421,116.5742441,6.07,0,-256.4,False,False,0,True
10,S1043,5.9360702,116.6275559,S1000,5.942872,116.5879609,4.444,0,-293.3,False,False,0,True
10,S1043,5.9360702,116.6275559,S1003,5.9715748,116.6005266,4.952,0,-79.2,False,False,0,True
10,S1043,5.9360702,116.6275559,S1008,5.864768,116.578317,9.619,0,-85.4,False,False,0,True
10,S1043,5.9360702,116.6275559,S1010,5.9699241,116.610333,4.219,0,-116.3,False,False,0,True
10,S1043,5.9360702,116.6275559,S1019,5.9148989,116.5523936,8.64,0,-289.5,False,False,0,True
10,S1043,5.9360702,116.6275559,S1020,5.8730698,116.5840241,8.5,0,-84.3,False,False,0,True
10,S1043,5.9360702,116.6275559,S1023,5.9285252,116.5524134,8.353,0,-380.4,False,False,0,True
10,S1043,5.9360702,116.6275559,S1024,5.9428587,116.5545268,8.112,0,-296.1,False,False,0,True
10,S1043,5.9360702,116.6275559,S1025,5.9272681,116.5622378,7.29,0,-362.7,False,False,0,True
10,S1043,5.9360702,116.6275559,S1026,5.898538,116.5572532,8.825,0,-241.7,False,False,0,True
10,S1043,5.9360702,116.6275559,S1030,5.9197567,116.5389621,9.965,0,-302.2,False,False,0,True
10,S1043,5.9360702,116.6275559,S1034,5.9048187,116.5573592,8.506,0,-217.6,False,False,0,True
10,S1043,5.9360702,116.6275559,S1040,5.9776888,116.6271793,4.628,0,-185.1,False,False,0,True
10,S1043,5.9360702,116.6275559,S1041,5.9616214,116.6317392,2.879,0,-153.9,False,False,0,True
10,S1043,5.9360702,116.6275559,S1042,5.9490482,116.6312945,1.501,0,-94.5,False,False,0,True
10,S1043,5.9360702,116.6275559,S1044,5.9398281,116.6218703,0.755,0,6.4,True,True,0,True
10,S1043,5.9360702,116.6275559,S1046,5.9431707,116.6217402,1.018,0,-0.8,False,False,0,True
10,S1043,5.9360702,116.6275559,S1047,5.967166,116.6315073,3.485,0,-164.7,False,False,0,True
10,S1043,5.9360702,116.6275559,S1048,5.9577252,116.6394034,2.741,0,-117.3,False,False,0,True
10,S1043,5.9360702,116.6275559,S1049,5.945148,116.6327509,1.161,0,-14.5,False,False,0,True
10,S1043,5.9360702,116.6275559,S1050,5.9480847,116.5420322,9.553,0,-265.9,False,False,0,True
10,S1043,5.9360702,116.6275559,S1054,5.9577048,116.5476671,9.157,0,-197.5,False,False,0,True
10,S1044,5.9398281,116.6218703,S0078,5.8641269,116.5839984,9.402,0,-178.8,False,False,0,True
10,S1044,5.9398281,116.6218703,S0990,5.9164702,116.650652,4.108,0,-77.6,False,False,0,True
10,S1044,5.9398281,116.6218703,S0993,5.9610547,116.5955176,3.75,0,5.6,True,True,0,True
10,S1044,5.9398281,116.6218703,S0997,5.9490421,116.5742441,5.366,0,-233.6,False,False,0,True
10,S1044,5.9398281,116.6218703,S1000,5.942872,116.5879609,3.766,0,-271.8,False,False,0,True
10,S1044,5.9398281,116.6218703,S1003,5.9715748,116.6005266,4.247,0,3.2,True,False,0,True
10,S1044,5.9398281,116.6218703,S1008,5.864768,116.578317,9.637,0,-107.7,False,False,0,True
10,S1044,5.9398281,116.6218703,S1010,5.9699241,116.610333,3.582,0,-25.8,False,False,0,True
10,S1044,5.9398281,116.6218703,S1019,5.9148989,116.5523936,8.169,0,-288.7,False,False,0,True
10,S1044,5.9398281,116.6218703,S1020,5.8730698,116.5840241,8.522,0,-109.4,False,False,0,True
10,S1044,5.9398281,116.6218703,S1023,5.9285252,116.5524134,7.784,0,-388.7,False,False,0,True
10,S1044,5.9398281,116.6218703,S1024,5.9428587,116.5545268,7.456,0,-284.2,False,False,0,True
10,S1044,5.9398281,116.6218703,S1025,5.9272681,116.5622378,6.742,0,-299.9,False,False,0,True
10,S1044,5.9398281,116.6218703,S1026,5.898538,116.5572532,8.494,0,-176.8,False,False,0,True
10,S1044,5.9398281,116.6218703,S1030,5.9197567,116.5389621,9.437,0,-216.8,False,False,0,True
10,S1044,5.9398281,116.6218703,S1034,5.9048187,116.5573592,8.128,0,-156.6,False,False,0,True
10,S1044,5.9398281,116.6218703,S1040,5.9776888,116.6271793,4.251,0,-177.8,False,False,0,True
10,S1044,5.9398281,116.6218703,S1041,5.9616214,116.6317392,2.658,0,-150.7,False,False,0,True
10,S1044,5.9398281,116.6218703,S1042,5.9490482,116.6312945,1.462,0,-101.7,False,False,0,True
10,S1044,5.9398281,116.6218703,S1043,5.9360702,116.6275559,0.755,0,10.4,True,True,0,True
10,S1044,5.9398281,116.6218703,S1046,5.9431707,116.6217402,0.372,0,7.5,True,True,0,True
10,S1044,5.9398281,116.6218703,S1047,5.967166,116.6315073,3.221,0,-147.0,False,False,0,True
10,S1044,5.9398281,116.6218703,S1048,5.9577252,116.6394034,2.779,0,-149.5,False,False,0,True
10,S1044,5.9398281,116.6218703,S1049,5.945148,116.6327509,1.341,0,-23.9,False,False,0,True
10,S1044,5.9398281,116.6218703,S1050,5.9480847,116.5420322,8.877,0,-220.8,False,False,0,True
10,S1044,5.9398281,116.6218703,S1053,5.9458883,116.5351745,9.612,0,-231.1,False,False,0,True
10,S1044,5.9398281,116.6218703,S1054,5.9577048,116.5476671,8.444,0,-179.8,False,False,0,True
10,S1046,5.9431707,116.6217402,S0078,5.8641269,116.5839984,9.73,0,-167.6,False,False,0,True
10,S1046,5.9431707,116.6217402,S0990,5.9164702,116.650652,4.363,0,-76.8,False,False,0,True
10,S1046,5.9431707,116.6217402,S0993,5.9610547,116.5955176,3.516,0,6.3,True,True,0,True
10,S1046,5.9431707,116.6217402,S0997,5.9490421,116.5742441,5.293,0,-235.9,False,False,0,True
10,S1046,5.9431707,116.6217402,S1000,5.942872,116.5879609,3.736,0,-266.0,False,False,0,True
10,S1046,5.9431707,116.6217402,S1003,5.9715748,116.6005266,3.934,0,10.8,True,True,0,True
10,S1046,5.9431707,116.6217402,S1008,5.864768,116.578317,9.953,0,-94.0,False,False,0,True
10,S1046,5.9431707,116.6217402,S1010,5.9699241,116.610333,3.231,0,-10.2,False,False,0,True
10,S1046,5.9431707,116.6217402,S1019,5.9148989,116.5523936,8.289,0,-219.6,False,False,0,True
10,S1046,5.9431707,116.6217402,S1020,5.8730698,116.5840241,8.841,0,-95.6,False,False,0,True
10,S1046,5.9431707,116.6217402,S1023,5.9285252,116.5524134,7.839,0,-419.5,False,False,0,True
10,S1046,5.9431707,116.6217402,S1024,5.9428587,116.5545268,7.434,0,-258.0,False,False,0,True
10,S1046,5.9431707,116.6217402,S1025,5.9272681,116.5622378,6.814,0,-303.2,False,False,0,True
10,S1046,5.9431707,116.6217402,S1026,5.898538,116.5572532,8.689,0,-160.2,False,False,0,True
10,S1046,5.9431707,116.6217402,S1030,5.9197567,116.5389621,9.518,0,-190.0,False,False,0,True
10,S1046,5.9431707,116.6217402,S1034,5.9048187,116.5573592,8.3,0,-169.6,False,False,0,True
10,S1046,5.9431707,116.6217402,S1040,5.9776888,116.6271793,3.885,0,-162.8,False,False,0,True
10,S1046,5.9431707,116.6217402,S1041,5.9616214,116.6317392,2.331,0,-113.9,False,False,0,True
10,S1046,5.9431707,116.6217402,S1042,5.9490482,116.6312945,1.242,0,-97.0,False,False,0,True
10,S1046,5.9431707,116.6217402,S1043,5.9360702,116.6275559,1.018,0,9.9,True,True,0,True
10,S1046,5.9431707,116.6217402,S1044,5.9398281,116.6218703,0.372,0,9.8,True,True,0,True
10,S1046,5.9431707,116.6217402,S1047,5.967166,116.6315073,2.879,0,-107.1,False,False,0,True
10,S1046,5.9431707,116.6217402,S1048,5.9577252,116.6394034,2.537,0,-144.4,False,False,0,True
10,S1046,5.9431707,116.6217402,S1049,5.945148,116.6327509,1.237,0,-31.1,False,False,0,True
10,S1046,5.9431707,116.6217402,S1050,5.9480847,116.5420322,8.832,0,-166.1,False,False,0,True
10,S1046,5.9431707,116.6217402,S1053,5.9458883,116.5351745,9.579,0,-214.1,False,False,0,True
10,S1046,5.9431707,116.6217402,S1054,5.9577048,116.5476671,8.35,0,-165.8,False,False,0,True
10,S1047,5.967166,116.6315073,S0990,5.9164702,116.650652,6.022,0,-183.5,False,False,0,True
10,S1047,5.967166,116.6315073,S0993,5.9610547,116.5955176,4.038,0,-159.9,False,False,0,True
10,S1047,5.967166,116.6315073,S0997,5.9490421,116.5742441,6.646,0,-226.7,False,False,0,True
10,S1047,5.967166,116.6315073,S1000,5.942872,116.5879609,5.522,0,-342.4,False,False,0,True
10,S1047,5.967166,116.6315073,S1003,5.9715748,116.6005266,3.461,0,-201.7,False,False,0,True
10,S1047,5.967166,116.6315073,S1010,5.9699241,116.610333,2.362,0,-196.1,False,False,0,True
10,S1047,5.967166,116.6315073,S1023,5.9285252,116.5524134,9.746,0,-490.2,False,False,0,True
10,S1047,5.967166,116.6315073,S1024,5.9428587,116.5545268,8.932,0,-207.2,False,False,0,True
10,S1047,5.967166,116.6315073,S1025,5.9272681,116.5622378,8.853,0,-422.7,False,False,0,True
10,S1047,5.967166,116.6315073,S1040,5.9776888,116.6271793,1.264,0,9.8,True,True,0,True
10,S1047,5.967166,116.6315073,S1041,5.9616214,116.6317392,0.617,0,-22.8,False,False,0,True
10,S1047,5.967166,116.6315073,S1042,5.9490482,116.6312945,2.015,0,-28.4,False,False,0,True
10,S1047,5.967166,116.6315073,S1043,5.9360702,116.6275559,3.485,0,-170.4,False,False,0,True
10,S1047,5.967166,116.6315073,S1044,5.9398281,116.6218703,3.221,0,-155.5,False,False,0,True
10,S1047,5.967166,116.6315073,S1046,5.9431707,116.6217402,2.879,0,-119.2,False,False,0,True
10,S1047,5.967166,116.6315073,S1048,5.9577252,116.6394034,1.366,0,10.5,True,True,0,True
10,S1047,5.967166,116.6315073,S1049,5.945148,116.6327509,2.452,0,-14.9,False,False,0,True
10,S1047,5.967166,116.6315073,S1054,5.9577048,116.5476671,9.332,0,-216.9,False,False,0,True
10,S1048,5.9577252,116.6394034,S0990,5.9164702,116.650652,4.753,0,-247.6,False,False,0,True
10,S1048,5.9577252,116.6394034,S0993,5.9610547,116.5955176,4.868,0,-51.7,False,False,0,True
10,S1048,5.9577252,116.6394034,S0997,5.9490421,116.5742441,7.271,0,-266.8,False,False,0,True
10,S1048,5.9577252,116.6394034,S1000,5.942872,116.5879609,5.924,0,-333.0,False,False,0,True
10,S1048,5.9577252,116.6394034,S1003,5.9715748,116.6005266,4.567,0,-205.9,False,False,0,True
10,S1048,5.9577252,116.6394034,S1010,5.9699241,116.610333,3.489,0,-205.0,False,False,0,True
10,S1048,5.9577252,116.6394034,S1024,5.9428587,116.5545268,9.531,0,-267.5,False,False,0,True
10,S1048,5.9577252,116.6394034,S1025,5.9272681,116.5622378,9.182,0,-365.8,False,False,0,True
10,S1048,5.9577252,116.6394034,S1040,5.9776888,116.6271793,2.599,0,7.9,True,False,0,True
10,S1048,5.9577252,116.6394034,S1041,5.9616214,116.6317392,0.952,0,9.0,True,True,0,True
10,S1048,5.9577252,116.6394034,S1042,5.9490482,116.6312945,1.317,0,6.9,True,True,0,True
10,S1048,5.9577252,116.6394034,S1043,5.9360702,116.6275559,2.741,0,-123.0,False,False,0,True
10,S1048,5.9577252,116.6394034,S1044,5.9398281,116.6218703,2.779,0,-153.3,False,False,0,True
10,S1048,5.9577252,116.6394034,S1046,5.9431707,116.6217402,2.537,0,-150.4,False,False,0,True
10,S1048,5.9577252,116.6394034,S1047,5.967166,116.6315073,1.366,0,0.4,True,False,0,True
10,S1048,5.9577252,116.6394034,S1049,5.945148,116.6327509,1.58,0,1.9,True,False,0,True
10,S1049,5.945148,116.6327509,S0990,5.9164702,116.650652,3.753,0,-120.3,False,False,0,True
10,S1049,5.945148,116.6327509,S0993,5.9610547,116.5955176,4.482,0,-83.4,False,False,0,True
10,S1049,5.945148,116.6327509,S0997,5.9490421,116.5742441,6.485,0,-259.1,False,False,0,True
10,S1049,5.945148,116.6327509,S1000,5.942872,116.5879609,4.96,0,-279.2,False,False,0,True
10,S1049,5.945148,116.6327509,S1003,5.9715748,116.6005266,4.619,0,-72.1,False,False,0,True
10,S1049,5.945148,116.6327509,S1010,5.9699241,116.610333,3.706,0,-52.9,False,False,0,True
10,S1049,5.945148,116.6327509,S1019,5.9148989,116.5523936,9.503,0,-276.5,False,False,0,True
10,S1049,5.945148,116.6327509,S1020,5.8730698,116.5840241,9.658,0,13.8,True,False,0,True
10,S1049,5.945148,116.6327509,S1023,5.9285252,116.5524134,9.075,0,-432.6,False,False,0,True
10,S1049,5.945148,116.6327509,S1024,5.9428587,116.5545268,8.655,0,-243.6,False,False,0,True
10,S1049,5.945148,116.6327509,S1025,5.9272681,116.5622378,8.048,0,-308.6,False,False,0,True
10,S1049,5.945148,116.6327509,S1026,5.898538,116.5572532,9.828,0,-155.2,False,False,0,True
10,S1049,5.945148,116.6327509,S1034,5.9048187,116.5573592,9.468,0,-126.5,False,False,0,True
10,S1049,5.945148,116.6327509,S1040,5.9776888,116.6271793,3.67,0,-63.7,False,False,0,True
10,S1049,5.945148,116.6327509,S1041,5.9616214,116.6317392,1.835,0,10.1,True,True,0,True
10,S1049,5.945148,116.6327509,S1042,5.9490482,116.6312945,0.463,0,3.4,True,False,0,True
10,S1049,5.945148,116.6327509,S1043,5.9360702,116.6275559,1.161,0,-2.6,False,False,0,True
10,S1049,5.945148,116.6327509,S1044,5.9398281,116.6218703,1.341,0,-12.1,False,False,0,True
10,S1049,5.945148,116.6327509,S1046,5.9431707,116.6217402,1.237,0,-21.7,False,False,0,True
10,S1049,5.945148,116.6327509,S1047,5.967166,116.6315073,2.452,0,-30.9,False,False,0,True
10,S1049,5.945148,116.6327509,S1048,5.9577252,116.6394034,1.58,0,10.5,True,True,0,True
10,S1049,5.945148,116.6327509,S1054,5.9577048,116.5476671,9.513,0,-116.5,False,False,0,True
10,S1050,5.9480847,116.5420322,S0831,5.8661453,116.5365456,9.131,0,-436.7,False,False,0,True
10,S1050,5.9480847,116.5420322,S0834,5.8713255,116.4973945,9.86,0,-407.4,False,False,0,True
10,S1050,5.9480847,116.5420322,S0845,5.8723062,116.5007533,9.584,0,-399.7,False,False,0,True
10,S1050,5.9480847,116.5420322,S0988,5.8670441,116.5672761,9.434,0,-288.7,False,False,0,True
10,S1050,5.9480847,116.5420322,S0993,5.9610547,116.5955176,6.088,0,-111.5,False,False,0,True
10,S1050,5.9480847,116.5420322,S0997,5.9490421,116.5742441,3.564,0,-233.3,False,False,0,True
10,S1050,5.9480847,116.5420322,S1000,5.942872,116.5879609,5.113,0,-288.5,False,False,0,True
10,S1050,5.9480847,116.5420322,S1002,5.9726888,116.5294,3.072,0,-350.3,False,False,0,True
10,S1050,5.9480847,116.5420322,S1003,5.9715748,116.6005266,6.977,0,-240.0,False,False,0,True
10,S1050,5.9480847,116.5420322,S1005,5.9767187,116.5296757,3.465,0,-354.9,False,False,0,True
10,S1050,5.9480847,116.5420322,S1006,6.0042032,116.5315391,6.347,0,-206.0,False,False,0,True
10,S1050,5.9480847,116.5420322,S1010,5.9699241,116.610333,7.934,0,-229.6,False,False,0,True
10,S1050,5.9480847,116.5420322,S1019,5.9148989,116.5523936,3.864,0,10.8,True,True,0,True
10,S1050,5.9480847,116.5420322,S1020,5.8730698,116.5840241,9.547,0,-18.1,False,False,0,True
10,S1050,5.9480847,116.5420322,S1023,5.9285252,116.5524134,2.459,0,11.0,True,True,0,True
10,S1050,5.9480847,116.5420322,S1024,5.9428587,116.5545268,1.499,0,0.8,True,False,0,True
10,S1050,5.9480847,116.5420322,S1025,5.9272681,116.5622378,3.217,0,2.8,True,False,0,True
10,S1050,5.9480847,116.5420322,S1026,5.898538,116.5572532,5.761,0,-125.5,False,False,0,True
10,S1050,5.9480847,116.5420322,S1030,5.9197567,116.5389621,3.168,0,10.4,True,True,0,True
10,S1050,5.9480847,116.5420322,S1034,5.9048187,116.5573592,5.101,0,20.3,True,True,0,True
10,S1050,5.9480847,116.5420322,S1040,5.9776888,116.6271793,9.975,0,-285.2,False,False,0,True
10,S1050,5.9480847,116.5420322,S1042,5.9490482,116.6312945,9.873,0,-256.7,False,False,0,True
10,S1050,5.9480847,116.5420322,S1043,5.9360702,116.6275559,9.553,0,-257.1,False,False,0,True
10,S1050,5.9480847,116.5420322,S1044,5.9398281,116.6218703,8.877,0,-213.1,False,False,0,True
10,S1050,5.9480847,116.5420322,S1046,5.9431707,116.6217402,8.832,0,-173.1,False,False,0,True
10,S1050,5.9480847,116.5420322,S1053,5.9458883,116.5351745,0.797,0,9.4,True,True,0,True
10,S1050,5.9480847,116.5420322,S1054,5.9577048,116.5476671,1.238,0,-15.4,False,False,0,True
10,S1053,5.9458883,116.5351745,S0420,6.0132916,116.4791545,9.724,0,-482.4,False,False,0,True
10,S1053,5.9458883,116.5351745,S0831,5.8661453,116.5365456,8.868,0,-387.1,False,False,0,True
10,S1053,5.9458883,116.5351745,S0834,5.8713255,116.4973945,9.284,0,-410.6,False,False,0,True
10,S1053,5.9458883,116.5351745,S0845,5.8723062,116.5007533,9.024,0,-398.2,False,False,0,True
10,S1053,5.9458883,116.5351745,S0988,5.8670441,116.5672761,9.459,0,-317.2,False,False,0,True
10,S1053,5.9458883,116.5351745,S0993,5.9610547,116.5955176,6.883,0,-95.2,False,False,0,True
10,S1053,5.9458883,116.5351745,S0997,5.9490421,116.5742441,4.335,0,-225.6,False,False,0,True
10,S1053,5.9458883,116.5351745,S1000,5.942872,116.5879609,5.848,0,-298.0,False,False,0,True
10,S1053,5.9458883,116.5351745,S1002,5.9726888,116.5294,3.048,0,-373.0,False,False,0,True
10,S1053,5.9458883,116.5351745,S1003,5.9715748,116.6005266,7.771,0,-235.7,False,False,0,True
10,S1053,5.9458883,116.5351745,S1005,5.9767187,116.5296757,3.482,0,-371.9,False,False,0,True
10,S1053,5.9458883,116.5351745,S1006,6.0042032,116.5315391,6.497,0,-205.3,False,False,0,True
10,S1053,5.9458883,116.5351745,S1010,5.9699241,116.610333,8.731,0,-223.4,False,False,0,True
10,S1053,5.9458883,116.5351745,S1019,5.9148989,116.5523936,3.937,0,10.0,True,True,0,True
10,S1053,5.9458883,116.5351745,S1020,5.8730698,116.5840241,9.734,0,-21.8,False,False,0,True
10,S1053,5.9458883,116.5351745,S1023,5.9285252,116.5524134,2.713,0,11.1,True,True,0,True
10,S1053,5.9458883,116.5351745,S1024,5.9428587,116.5545268,2.167,0,6.2,True,True,0,True
10,S1053,5.9458883,116.5351745,S1025,5.9272681,116.5622378,3.639,0,4.0,True,True,0,True
10,S1053,5.9458883,116.5351745,S1026,5.898538,116.5572532,5.804,0,-133.3,False,False,0,True
10,S1053,5.9458883,116.5351745,S1030,5.9197567,116.5389621,2.936,0,10.5,True,True,0,True
10,S1053,5.9458883,116.5351745,S1034,5.9048187,116.5573592,5.184,0,20.4,True,True,0,True
10,S1053,5.9458883,116.5351745,S1044,5.9398281,116.6218703,9.612,0,-225.6,False,False,0,True
10,S1053,5.9458883,116.5351745,S1046,5.9431707,116.6217402,9.579,0,-208.4,False,False,0,True
10,S1053,5.9458883,116.5351745,S1050,5.9480847,116.5420322,0.797,0,-4.8,False,False,0,True
10,S1053,5.9458883,116.5351745,S1054,5.9577048,116.5476671,1.907,0,-21.6,False,False,0,True
10,S1054,5.9577048,116.5476671,S0420,6.0132916,116.4791545,9.778,0,-294.1,False,False,0,True
10,S1054,5.9577048,116.5476671,S0993,5.9610547,116.5955176,5.305,0,-71.9,False,False,0,True
10,S1054,5.9577048,116.5476671,S0997,5.9490421,116.5742441,3.093,0,-153.3,False,False,0,True
10,S1054,5.9577048,116.5476671,S1000,5.942872,116.5879609,4.752,0,-179.5,False,False,0,True
10,S1054,5.9577048,116.5476671,S1002,5.9726888,116.5294,2.619,0,-63.7,False,False,0,True
10,S1054,5.9577048,116.5476671,S1003,5.9715748,116.6005266,6.046,0,-209.5,False,False,0,True
10,S1054,5.9577048,116.5476671,S1005,5.9767187,116.5296757,2.903,0,-62.1,False,False,0,True
10,S1054,5.9577048,116.5476671,S1006,6.0042032,116.5315391,5.469,0,9.3,True,True,0,True
10,S1054,5.9577048,116.5476671,S1010,5.9699241,116.610333,7.062,0,-194.5,False,False,0,True
10,S1054,5.9577048,116.5476671,S1019,5.9148989,116.5523936,4.788,0,11.3,True,True,0,True
10,S1054,5.9577048,116.5476671,S1023,5.9285252,116.5524134,3.287,0,11.4,True,True,0,True
10,S1054,5.9577048,116.5476671,S1024,5.9428587,116.5545268,1.817,0,-32.9,False,False,0,True
10,S1054,5.9577048,116.5476671,S1025,5.9272681,116.5622378,3.748,0,-47.7,False,False,0,True
10,S1054,5.9577048,116.5476671,S1026,5.898538,116.5572532,6.664,0,-115.2,False,False,0,True
10,S1054,5.9577048,116.5476671,S1030,5.9197567,116.5389621,4.328,0,15.8,True,True,0,True
10,S1054,5.9577048,116.5476671,S1034,5.9048187,116.5573592,5.978,0,20.7,True,True,0,True
10,S1054,5.9577048,116.5476671,S1040,5.9776888,116.6271793,9.07,0,-246.6,False,False,0,True
10,S1054,5.9577048,116.5476671,S1041,5.9616214,116.6317392,9.308,0,-170.9,False,False,0,True
10,S1054,5.9577048,116.5476671,S1042,5.9490482,116.6312945,9.299,0,-105.6,False,False,0,True
10,S1054,5.9577048,116.5476671,S1043,5.9360702,116.6275559,9.157,0,-201.7,False,False,0,True
10,S1054,5.9577048,116.5476671,S1044,5.9398281,116.6218703,8.444,0,-185.8,False,False,0,True
10,S1054,5.9577048,116.5476671,S1046,5.9431707,116.6217402,8.35,0,-172.4,False,False,0,True
10,S1054,5.9577048,116.5476671,S1047,5.967166,116.6315073,9.332,0,-228.7,False,False,0,True
10,S1054,5.9577048,116.5476671,S1049,5.945148,116.6327509,9.513,0,-118.3,False,False,0,True
10,S1054,5.9577048,116.5476671,S1050,5.9480847,116.5420322,1.238,0,-23.4,False,False,0,True
10,S1054,5.9577048,116.5476671,S1053,5.9458883,116.5351745,1.907,0,-12.9,False,False,0,True
10,S1073,5.1234242,116.3860528,S0506,5.0421848,116.4027383,9.221,0,-449.0,False,False,0,True
10,S1073,5.1234242,116.3860528,S0599,5.0954389,116.3409302,5.887,0,-185.9,False,False,0,True
10,S1073,5.1234242,116.3860528,S0633,5.1739474,116.391897,5.655,0,-28.9,False,False,0,True
10,S1073,5.1234242,116.3860528,S0636,5.1225003,116.3911099,0.569,0,8.7,True,True,0,True
10,S1073,5.1234242,116.3860528,S0637,5.1920657,116.3999474,7.786,0,-23.4,False,False,0,True
10,S1073,5.1234242,116.3860528,S0648,5.1481891,116.3564896,4.278,0,9.1,True,True,0,True
10,S1073,5.1234242,116.3860528,S0650,5.1626227,116.3648085,4.953,0,10.5,True,True,0,True
10,S1073,5.1234242,116.3860528,S0651,5.1459778,116.3678933,3.215,0,6.2,True,False,0,True
10,S1073,5.1234242,116.3860528,S0654,5.1518875,116.3337432,6.601,0,9.2,True,False,0,True
10,S1073,5.1234242,116.3860528,S0690,5.1964629,116.359591,8.634,0,-3.2,False,False,0,True
10,S1073,5.1234242,116.3860528,S0699,5.1807118,116.3504924,7.489,0,6.3,True,False,0,True
10,S1073,5.1234242,116.3860528,S0701,5.1863236,116.3527253,7.908,0,8.5,True,True,0,True
10,S1073,5.1234242,116.3860528,S0593,5.117645,116.3432834,4.78,0,-91.9,False,False,0,True
10,S1073,5.1234242,116.3860528,S1084,5.100738,116.3006846,9.786,0,-97.0,False,False,0,True
10,S1074,5.1381847,116.2829209,S0114,5.1423979,116.289617,0.877,0,10.0,True,True,0,True
10,S1074,5.1381847,116.2829209,S0599,5.0954389,116.3409302,7.992,0,-17.1,False,False,0,True
10,S1074,5.1381847,116.2829209,S0603,5.1778704,116.2381905,6.634,0,-25.0,False,False,0,True
10,S1074,5.1381847,116.2829209,S0605,5.1621456,116.2315424,6.283,0,-97.5,False,False,0,True
10,S1074,5.1381847,116.2829209,S0648,5.1481891,116.3564896,8.223,0,10.0,True,True,0,True
10,S1074,5.1381847,116.2829209,S0650,5.1626227,116.3648085,9.467,0,9.1,True,False,0,True
10,S1074,5.1381847,116.2829209,S0651,5.1459778,116.3678933,9.45,0,7.5,True,False,0,True
10,S1074,5.1381847,116.2829209,S0654,5.1518875,116.3337432,5.831,0,-2.2,False,False,0,True
10,S1074,5.1381847,116.2829209,S0699,5.1807118,116.3504924,8.852,0,-3.1,False,False,0,True
10,S1074,5.1381847,116.2829209,S0701,5.1863236,116.3527253,9.403,0,5.1,True,False,0,True
10,S1074,5.1381847,116.2829209,S0593,5.117645,116.3432834,7.065,0,3.7,True,False,0,True
10,S1074,5.1381847,116.2829209,S0601,5.1431533,116.2102068,8.072,0,-105.2,False,False,0,True
10,S1074,5.1381847,116.2829209,S1084,5.100738,116.3006846,4.605,0,1.6,True,False,0,True
10,S1076,5.4127509,116.2331743,S0057,5.4228974,116.209765,2.826,0,3.4,True,False,0,True
10,S1076,5.4127509,116.2331743,S0062,5.4587899,116.2736526,6.803,0,-4.7,False,False,0,True
10,S1076,5.4127509,116.2331743,S0656,5.3409493,116.1995303,8.81,0,9.6,True,False,0,True
10,S1076,5.4127509,116.2331743,S0658,5.3467074,116.2097255,7.789,0,0.4,True,False,0,True
10,S1076,5.4127509,116.2331743,S0659,5.3797614,116.2340885,3.67,0,8.0,True,True,0,True
10,S1076,5.4127509,116.2331743,S0660,5.3629756,116.2129939,5.969,0,1.0,True,False,0,True
10,S1076,5.4127509,116.2331743,S0661,5.3621802,116.219394,5.826,0,6.6,True,False,0,True
10,S1076,5.4127509,116.2331743,S0663,5.3891572,116.240027,2.731,0,10.1,True,True,0,True
10,S1076,5.4127509,116.2331743,S0664,5.4542071,116.2578834,5.36,0,1.1,True,False,0,True
10,S1076,5.4127509,116.2331743,S0665,5.4183322,116.2561088,2.614,0,10.0,True,True,0,True
10,S1076,5.4127509,116.2331743,S0667,5.4797716,116.2752866,8.79,0,10.5,True,True,0,True
10,S1076,5.4127509,116.2331743,S0668,5.4489856,116.2702798,5.754,0,1.4,True,False,0,True
10,S1076,5.4127509,116.2331743,S0669,5.3997077,116.2381822,1.553,0,9.4,True,True,0,True
10,S1076,5.4127509,116.2331743,S0670,5.4728503,116.2654893,7.58,0,-14.4,False,False,0,True
10,S1076,5.4127509,116.2331743,S0671,5.4044747,116.2475115,1.835,0,10.1,True,True,0,True
10,S1076,5.4127509,116.2331743,S0673,5.3940265,116.2424715,2.323,0,12.3,True,True,0,True
10,S1076,5.4127509,116.2331743,S0674,5.4455835,116.2688726,5.38,0,10.0,True,True,0,True
10,S1076,5.4127509,116.2331743,S0675,5.4585487,116.2659994,6.256,0,-4.9,False,False,0,True
10,S1076,5.4127509,116.2331743,S0676,5.4464732,116.267259,5.319,0,-3.0,False,False,0,True
10,S1076,5.4127509,116.2331743,S0677,5.4816186,116.2690947,8.628,0,-23.9,False,False,0,True
10,S1076,5.4127509,116.2331743,S0678,5.4582441,116.2733047,6.732,0,-4.2,False,False,0,True
10,S1076,5.4127509,116.2331743,S0679,5.4190511,116.2334792,0.701,0,10.0,True,True,0,True
10,S1076,5.4127509,116.2331743,S0680,5.4623131,116.2811304,7.652,0,1.8,True,False,0,True
10,S1076,5.4127509,116.2331743,S0681,5.4719211,116.2803596,8.401,0,6.4,True,False,0,True
10,S1076,5.4127509,116.2331743,S0682,5.426731,116.2391342,1.689,0,9.4,True,True,0,True
10,S1076,5.4127509,116.2331743,S0683,5.4676301,116.2678351,7.208,0,0.2,True,False,0,True
10,S1076,5.4127509,116.2331743,S0684,5.455013,116.2639664,5.805,0,-7.5,False,False,0,True
10,S1076,5.4127509,116.2331743,S0685,5.451431,116.2568816,5.038,0,0.1,True,False,0,True
10,S1076,5.4127509,116.2331743,S0686,5.4356626,116.2497626,3.14,0,6.3,True,False,0,True
10,S1076,5.4127509,116.2331743,S0687,5.4457484,116.2570889,4.524,0,2.6,True,False,0,True
10,S1076,5.4127509,116.2331743,S0688,5.4307567,116.2278076,2.088,0,6.7,True,False,0,True
10,S1076,5.4127509,116.2331743,S0689,5.4176834,116.227837,0.806,0,9.7,True,True,0,True
10,S1076,5.4127509,116.2331743,S0733,5.472185,116.2000632,7.557,0,3.3,True,False,0,True
10,S1076,5.4127509,116.2331743,S0735,5.4612709,116.2149548,5.76,0,-19.4,False,False,0,True
10,S1076,5.4127509,116.2331743,S0750,5.4792463,116.2115667,7.771,0,7.9,True,True,0,True
10,S1076,5.4127509,116.2331743,S0753,5.4643992,116.2108043,6.254,0,-24.8,False,False,0,True
10,S1076,5.4127509,116.2331743,S0754,5.4632208,116.2123797,6.066,0,-11.6,False,False,0,True
10,S1076,5.4127509,116.2331743,S0755,5.4692707,116.2091656,6.824,0,-27.5,False,False,0,True
10,S1076,5.4127509,116.2331743,S0758,5.4385565,116.1878393,5.781,0,3.3,True,False,0,True
10,S1076,5.4127509,116.2331743,S0769,5.4328911,116.1968184,4.606,0,1.5,True,False,0,True
10,S1076,5.4127509,116.2331743,S1083,5.3975112,116.1526828,9.07,0,2.1,True,False,0,True
10,S1083,5.3975112,116.1526828,S0057,5.4228974,116.209765,6.921,0,10.2,True,True,0,True
10,S1083,5.3975112,116.1526828,S0656,5.3409493,116.1995303,8.152,0,7.0,True,False,0,True
10,S1083,5.3975112,116.1526828,S0658,5.3467074,116.2097255,8.473,0,13.4,True,True,0,True
10,S1083,5.3975112,116.1526828,S0659,5.3797614,116.2340885,9.226,0,9.3,True,True,0,True
10,S1083,5.3975112,116.1526828,S0660,5.3629756,116.2129939,7.702,0,8.9,True,False,0,True
10,S1083,5.3975112,116.1526828,S0661,5.3621802,116.219394,8.365,0,3.8,True,False,0,True
10,S1083,5.3975112,116.1526828,S0663,5.3891572,116.240027,9.714,0,9.3,True,True,0,True
10,S1083,5.3975112,116.1526828,S0669,5.3997077,116.2381822,9.468,0,9.3,True,True,0,True
10,S1083,5.3975112,116.1526828,S0673,5.3940265,116.2424715,9.947,0,12.3,True,True,0,True
10,S1083,5.3975112,116.1526828,S0679,5.4190511,116.2334792,9.259,0,-0.9,False,False,0,True
10,S1083,5.3975112,116.1526828,S0688,5.4307567,116.2278076,9.101,0,9.6,True,True,0,True
10,S1083,5.3975112,116.1526828,S0689,5.4176834,116.227837,8.617,0,11.4,True,True,0,True
10,S1083,5.3975112,116.1526828,S0724,5.3403046,116.0926618,9.199,0,-88.4,False,False,0,True
10,S1083,5.3975112,116.1526828,S0733,5.472185,116.2000632,9.821,0,-2.5,False,False,0,True
10,S1083,5.3975112,116.1526828,S0735,5.4612709,116.2149548,9.888,0,7.9,True,False,0,True
10,S1083,5.3975112,116.1526828,S0753,5.4643992,116.2108043,9.834,0,5.5,True,False,0,True
10,S1083,5.3975112,116.1526828,S0754,5.4632208,116.2123797,9.852,0,5.5,True,False,0,True
10,S1083,5.3975112,116.1526828,S0758,5.4385565,116.1878393,5.998,0,-4.6,False,False,0,True
10,S1083,5.3975112,116.1526828,S0759,5.3937999,116.1341623,2.091,0,-76.5,False,False,0,True
10,S1083,5.3975112,116.1526828,S0769,5.4328911,116.1968184,6.273,0,6.9,True,False,0,True
10,S1083,5.3975112,116.1526828,S0775,5.3928004,116.119851,3.672,0,-8.1,False,False,0,True
10,S1083,5.3975112,116.1526828,S0778,5.3908583,116.1417781,1.416,0,-75.0,False,False,0,True
10,S1083,5.3975112,116.1526828,S1076,5.4127509,116.2331743,9.07,0,5.6,True,False,0,True
10,S1083,5.3975112,116.1526828,S1186,5.3178138,116.1933541,9.94,0,-10.8,False,False,0,True
10,S1102,6.8333174,117.1625517,S0004,6.839631,117.0723261,9.986,0,-4.2,False,False,0,True
10,S1151,5.7396865,116.4067157,S0080,5.7636797,116.4468761,5.183,0,-130.9,False,False,0,True
10,S1151,5.7396865,116.4067157,S0839,5.7916927,116.4734878,9.381,0,-212.3,False,False,0,True
10,S1151,5.7396865,116.4067157,S0846,5.7986386,116.4696292,9.561,0,-252.9,False,False,0,True
10,S1186,5.3178138,116.1933541,S0656,5.3409493,116.1995303,2.662,0,-38.6,False,False,0,True
10,S1186,5.3178138,116.1933541,S0658,5.3467074,116.2097255,3.689,0,-48.8,False,False,0,True
10,S1186,5.3178138,116.1933541,S0659,5.3797614,116.2340885,8.233,0,-32.2,False,False,0,True
10,S1186,5.3178138,116.1933541,S0660,5.3629756,116.2129939,5.472,0,-4.9,False,False,0,True
10,S1186,5.3178138,116.1933541,S0661,5.3621802,116.219394,5.714,0,-29.3,False,False,0,True
10,S1186,5.3178138,116.1933541,S0663,5.3891572,116.240027,9.467,0,-21.4,False,False,0,True
10,S1186,5.3178138,116.1933541,S0708,5.2780362,116.1393509,7.437,0,-41.3,False,False,0,True
10,S1186,5.3178138,116.1933541,S0710,5.2703372,116.1251851,9.211,0,-147.4,False,False,0,True
10,S1186,5.3178138,116.1933541,S0715,5.2806717,116.1968127,4.148,0,-9.1,False,False,0,True
10,S1186,5.3178138,116.1933541,S0720,5.2787276,116.1215895,9.057,0,-69.5,False,False,0,True
10,S1186,5.3178138,116.1933541,S0721,5.2778914,116.1196595,9.289,0,-64.1,False,False,0,True
10,S1186,5.3178138,116.1933541,S0723,5.2759528,116.131931,8.241,0,-90.4,False,False,0,True
10,S1186,5.3178138,116.1933541,S0732,5.2485711,116.1385903,9.8,0,-6.4,False,False,0,True
10,S1186,5.3178138,116.1933541,S0744,5.2605311,116.1765327,6.636,0,-18.7,False,False,0,True
10,S1186,5.3178138,116.1933541,S0778,5.3908583,116.1417781,9.928,0,6.5,True,False,0,True
10,S1186,5.3178138,116.1933541,S1083,5.3975112,116.1526828,9.94,0,-27.4,False,False,0,True
10,S1190,6.4860679,116.8662016,S0033,6.4764024,116.8436982,2.709,0,4.2,True,False,0,True
10,S1190,6.4860679,116.8662016,S0273,6.4544107,116.8012118,7.997,0,4.1,True,False,0,True
10,S1190,6.4860679,116.8662016,S0384,6.4390311,116.8076006,8.323,0,5.7,True,True,0,True
10,S1190,6.4860679,116.8662016,S1378,6.5309639,116.8482926,5.37,0,1.5,True,False,0,True
10,S1213,6.6776111,117.0855448,S1214,6.6688346,117.0750177,1.518,1,-0.8,False,False,0,True
10,S1213,6.6776111,117.0855448,S1238,6.6726134,117.0904352,0.775,1,6.7,True,True,0,True
10,S1214,6.6688346,117.0750177,S1213,6.6776111,117.0855448,1.518,0,-3.0,False,False,0,True
10,S1214,6.6688346,117.0750177,S1238,6.6726134,117.0904352,1.754,0,-41.5,False,False,0,True
10,S1238,6.6726134,117.0904352,S1213,6.6776111,117.0855448,0.775,0,7.4,True,True,0,True
10,S1238,6.6726134,117.0904352,S1214,6.6688346,117.0750177,1.754,0,-28.3,False,False,0,True
10,S1257,4.8602808,115.8774283,S0432,4.8645291,115.8777495,0.474,0,10.0,True,True,0,True
10,S1257,4.8602808,115.8774283,S0433,4.8621763,115.8897693,1.383,0,8.0,True,True,0,True
10,S1257,4.8602808,115.8774283,S1264,4.8380444,115.8888462,2.777,0,-23.2,False,False,0,True
10,S1257,4.8602808,115.8774283,S1265,4.8489683,115.8820235,1.357,0,2.4,True,False,0,True
10,S1257,4.8602808,115.8774283,S1266,4.9000969,115.8990228,5.032,0,-133.0,False,False,0,True
10,S1257,4.8602808,115.8774283,S1270,4.8751133,115.9010094,3.09,0,1.0,True,False,0,True
10,S1257,4.8602808,115.8774283,S1273,4.8816281,115.9076972,4.109,0,4.3,True,False,0,True
10,S1257,4.8602808,115.8774283,S1274,4.8905928,115.9099937,4.937,0,-40.5,False,False,0,True
10,S1257,4.8602808,115.8774283,S1278,4.781721,115.8686313,8.79,0,-102.1,False,False,0,True
10,S1257,4.8602808,115.8774283,S1287,4.8626957,115.8968561,2.169,0,-1.0,False,False,0,True
10,S1257,4.8602808,115.8774283,S1289,4.7973202,115.8746945,7.007,0,-66.1,False,False,0,True
10,S1257,4.8602808,115.8774283,S1290,4.8455687,115.8824868,1.729,0,-3.2,False,False,0,True
10,S1257,4.8602808,115.8774283,S1292,4.931657,115.9209908,9.289,0,-155.0,False,False,0,True
10,S1257,4.8602808,115.8774283,S1293,4.8786559,115.9234644,5.495,0,-169.6,False,False,0,True
10,S1257,4.8602808,115.8774283,S1295,4.8950427,115.9239912,6.446,0,-97.7,False,False,0,True
10,S1257,4.8602808,115.8774283,S1297,4.8680918,115.8841145,1.142,0,-3.9,False,False,0,True
10,S1257,4.8602808,115.8774283,S1300,4.9350834,115.8993904,8.666,0,-132.9,False,False,0,True
10,S1262,4.9498512,115.9165432,S0111,5.0186735,115.9059101,7.743,0,-21.1,False,False,0,True
10,S1262,4.9498512,115.9165432,S1266,4.9000969,115.8990228,5.863,0,-13.5,False,False,0,True
10,S1262,4.9498512,115.9165432,S1267,4.9567649,115.9287947,1.56,0,4.8,True,False,0,True
10,S1262,4.9498512,115.9165432,S1270,4.8751133,115.9010094,8.487,0,-64.4,False,False,0,True
10,S1262,4.9498512,115.9165432,S1273,4.8816281,115.9076972,7.649,0,-66.2,False,False,0,True
10,S1262,4.9498512,115.9165432,S1274,4.8905928,115.9099937,6.629,0,12.2,True,False,0,True
10,S1262,4.9498512,115.9165432,S1275,4.9389728,115.9278051,1.738,0,8.4,True,True,0,True
10,S1262,4.9498512,115.9165432,S1282,4.9714154,115.8933589,3.514,0,-33.4,False,False,0,True
10,S1262,4.9498512,115.9165432,S1286,5.01491,115.9389239,7.647,0,-33.4,False,False,0,True
10,S1262,4.9498512,115.9165432,S1287,4.8626957,115.8968561,9.934,0,-76.3,False,False,0,True
10,S1262,4.9498512,115.9165432,S1288,4.9828339,115.8918758,4.574,0,-8.9,False,False,0,True
10,S1262,4.9498512,115.9165432,S1292,4.931657,115.9209908,2.082,0,4.6,True,False,0,True
10,S1262,4.9498512,115.9165432,S1293,4.8786559,115.9234644,7.954,0,-8.9,False,False,0,True
10,S1262,4.9498512,115.9165432,S1294,5.009984,115.9218609,6.712,0,-24.6,False,False,0,True
10,S1262,4.9498512,115.9165432,S1295,4.8950427,115.9239912,6.15,0,-35.4,False,False,0,True
10,S1262,4.9498512,115.9165432,S1296,4.9424497,115.9189645,0.866,0,-5.5,False,False,0,True
10,S1262,4.9498512,115.9165432,S1297,4.8680918,115.8841145,9.775,0,-143.7,False,False,0,True
10,S1262,4.9498512,115.9165432,S1299,4.9725045,115.9099196,2.624,0,-11.2,False,False,0,True
10,S1262,4.9498512,115.9165432,S1300,4.9350834,115.8993904,2.511,0,-1.9,False,False,0,True
10,S1262,4.9498512,115.9165432,S1307,4.9820097,115.8942416,4.346,0,-21.9,False,False,0,True
10,S1262,4.9498512,115.9165432,S1308,4.9617425,115.9377015,2.691,0,10.0,True,True,0,True
10,S1262,4.9498512,115.9165432,S1309,4.9686314,115.9343143,2.87,0,14.1,True,True,0,True
10,S1262,4.9498512,115.9165432,S1310,5.0057309,115.9360104,6.577,0,-34.7,False,False,0,True
10,S1262,4.9498512,115.9165432,S1312,4.955506,115.9182353,0.656,0,2.8,True,False,0,True
10,S1262,4.9498512,115.9165432,S1313,5.0073294,115.9475247,7.254,0,0.4,True,False,0,True
10,S1262,4.9498512,115.9165432,S1316,5.0042828,115.929199,6.213,0,-19.3,False,False,0,True
10,S1264,4.8380444,115.8888462,S0432,4.8645291,115.8777495,3.191,0,-4.0,False,False,0,True
10,S1264,4.8380444,115.8888462,S0433,4.8621763,115.8897693,2.685,0,6.5,True,True,0,True
10,S1264,4.8380444,115.8888462,S1257,4.8602808,115.8774283,2.777,0,-20.6,False,False,0,True
10,S1264,4.8380444,115.8888462,S1265,4.8489683,115.8820235,1.431,0,-31.6,False,False,0,True
10,S1264,4.8380444,115.8888462,S1266,4.9000969,115.8990228,6.991,0,-48.8,False,False,0,True
10,S1264,4.8380444,115.8888462,S1270,4.8751133,115.9010094,4.337,0,2.8,True,False,0,True
10,S1264,4.8380444,115.8888462,S1273,4.8816281,115.9076972,5.277,0,2.5,True,False,0,True
10,S1264,4.8380444,115.8888462,S1274,4.8905928,115.9099937,6.295,0,-26.2,False,False,0,True
10,S1264,4.8380444,115.8888462,S1278,4.781721,115.8686313,6.651,0,-120.4,False,False,0,True
10,S1264,4.8380444,115.8888462,S1287,4.8626957,115.8968561,2.881,0,-0.2,False,False,0,True
10,S1264,4.8380444,115.8888462,S1289,4.7973202,115.8746945,4.792,0,-104.4,False,False,0,True
10,S1264,4.8380444,115.8888462,S1290,4.8455687,115.8824868,1.094,0,9.5,True,True,0,True
10,S1264,4.8380444,115.8888462,S1293,4.8786559,115.9234644,5.925,0,-200.3,False,False,0,True
10,S1264,4.8380444,115.8888462,S1295,4.8950427,115.9239912,7.439,0,-171.1,False,False,0,True
10,S1264,4.8380444,115.8888462,S1297,4.8680918,115.8841145,3.382,0,-3.7,False,False,0,True
10,S1265,4.8489683,115.8820235,S0432,4.8645291,115.8777495,1.794,0,10.0,True,True,0,True
10,S1265,4.8489683,115.8820235,S0433,4.8621763,115.8897693,1.701,0,7.2,True,True,0,True
10,S1265,4.8489683,115.8820235,S1257,4.8602808,115.8774283,1.357,0,7.7,True,True,0,True
10,S1265,4.8489683,115.8820235,S1264,4.8380444,115.8888462,1.431,0,-16.6,False,False,0,True
10,S1265,4.8489683,115.8820235,S1266,4.9000969,115.8990228,5.989,0,-96.1,False,False,0,True
10,S1265,4.8489683,115.8820235,S1270,4.8751133,115.9010094,3.588,0,9.2,True,True,0,True
10,S1265,4.8489683,115.8820235,S1273,4.8816281,115.9076972,4.613,0,7.9,True,True,0,True
10,S1265,4.8489683,115.8820235,S1274,4.8905928,115.9099937,5.57,0,-29.8,False,False,0,True
10,S1265,4.8489683,115.8820235,S1278,4.781721,115.8686313,7.623,0,-97.0,False,False,0,True
10,S1265,4.8489683,115.8820235,S1287,4.8626957,115.8968561,2.243,0,-1.9,False,False,0,True
10,S1265,4.8489683,115.8820235,S1289,4.7973202,115.8746945,5.8,0,-75.2,False,False,0,True
10,S1265,4.8489683,115.8820235,S1290,4.8455687,115.8824868,0.381,0,-8.7,False,False,0,True
10,S1265,4.8489683,115.8820235,S1293,4.8786559,115.9234644,5.655,0,-165.6,False,False,0,True
10,S1265,4.8489683,115.8820235,S1295,4.8950427,115.9239912,6.919,0,-111.7,False,False,0,True
10,S1265,4.8489683,115.8820235,S1297,4.8680918,115.8841145,2.139,0,-3.6,False,False,0,True
10,S1265,4.8489683,115.8820235,S1300,4.9350834,115.8993904,9.767,0,-139.6,False,False,0,True
10,S1266,4.9000969,115.8990228,S0432,4.8645291,115.8777495,4.604,0,-150.8,False,False,0,True
10,S1266,4.9000969,115.8990228,S0433,4.8621763,115.8897693,4.339,0,-92.1,False,False,0,True
10,S1266,4.9000969,115.8990228,S1257,4.8602808,115.8774283,5.032,0,-135.0,False,False,0,True
10,S1266,4.9000969,115.8990228,S1262,4.9498512,115.9165432,5.863,0,-23.3,False,False,0,True
10,S1266,4.9000969,115.8990228,S1264,4.8380444,115.8888462,6.991,0,-39.6,False,False,0,True
10,S1266,4.9000969,115.8990228,S1265,4.8489683,115.8820235,5.989,0,-96.9,False,False,0,True
10,S1266,4.9000969,115.8990228,S1267,4.9567649,115.9287947,7.112,0,-3.5,False,False,0,True
10,S1266,4.9000969,115.8990228,S1270,4.8751133,115.9010094,2.787,0,-42.7,False,False,0,True
10,S1266,4.9000969,115.8990228,S1273,4.8816281,115.9076972,2.267,0,-71.9,False,False,0,True
10,S1266,4.9000969,115.8990228,S1274,4.8905928,115.9099937,1.611,0,-39.7,False,False,0,True
10,S1266,4.9000969,115.8990228,S1275,4.9389728,115.9278051,5.372,0,-11.5,False,False,0,True
10,S1266,4.9000969,115.8990228,S1282,4.9714154,115.8933589,7.955,0,-52.1,False,False,0,True
10,S1266,4.9000969,115.8990228,S1287,4.8626957,115.8968561,4.166,0,-56.6,False,False,0,True
10,S1266,4.9000969,115.8990228,S1288,4.9828339,115.8918758,9.234,0,-28.2,False,False,0,True
10,S1266,4.9000969,115.8990228,S1290,4.8455687,115.8824868,6.334,0,-80.9,False,False,0,True
10,S1266,4.9000969,115.8990228,S1292,4.931657,115.9209908,4.271,0,-22.8,False,False,0,True
10,S1266,4.9000969,115.8990228,S1293,4.8786559,115.9234644,3.608,0,-163.9,False,False,0,True
10,S1266,4.9000969,115.8990228,S1295,4.8950427,115.9239912,2.823,0,-76.0,False,False,0,True
10,S1266,4.9000969,115.8990228,S1296,4.9424497,115.9189645,5.202,0,-18.3,False,False,0,True
10,S1266,4.9000969,115.8990228,S1297,4.8680918,115.8841145,3.923,0,-121.3,False,False,0,True
10,S1266,4.9000969,115.8990228,S1299,4.9725045,115.9099196,8.141,0,-31.2,False,False,0,True
10,S1266,4.9000969,115.8990228,S1300,4.9350834,115.8993904,3.891,0,-1.5,False,False,0,True
10,S1266,4.9000969,115.8990228,S1307,4.9820097,115.8942416,9.124,0,-54.3,False,False,0,True
10,S1266,4.9000969,115.8990228,S1308,4.9617425,115.9377015,8.084,0,7.8,True,False,0,True
10,S1266,4.9000969,115.8990228,S1309,4.9686314,115.9343143,8.565,0,3.5,True,False,0,True
10,S1266,4.9000969,115.8990228,S1312,4.955506,115.9182353,6.519,0,-25.7,False,False,0,True
10,S1267,4.9567649,115.9287947,S0111,5.0186735,115.9059101,7.336,0,-25.1,False,False,0,True
10,S1267,4.9567649,115.9287947,S1262,4.9498512,115.9165432,1.56,0,7.6,True,True,0,True
10,S1267,4.9567649,115.9287947,S1266,4.9000969,115.8990228,7.112,0,-3.9,False,False,0,True
10,S1267,4.9567649,115.9287947,S1268,5.0300298,115.9677481,9.219,0,-182.1,False,False,0,True
10,S1267,4.9567649,115.9287947,S1270,4.8751133,115.9010094,9.587,0,-96.4,False,False,0,True
10,S1267,4.9567649,115.9287947,S1273,4.8816281,115.9076972,8.676,0,-48.1,False,False,0,True
10,S1267,4.9567649,115.9287947,S1274,4.8905928,115.9099937,7.647,0,14.4,True,True,0,True
10,S1267,4.9567649,115.9287947,S1275,4.9389728,115.9278051,1.981,0,10.0,True,True,0,True
10,S1267,4.9567649,115.9287947,S1282,4.9714154,115.8933589,4.25,0,-0.9,False,False,0,True
10,S1267,4.9567649,115.9287947,S1286,5.01491,115.9389239,6.562,0,-17.1,False,False,0,True
10,S1267,4.9567649,115.9287947,S1288,4.9828339,115.8918758,5.013,0,9.7,True,True,0,True
10,S1267,4.9567649,115.9287947,S1292,4.931657,115.9209908,2.923,0,8.4,True,True,0,True
10,S1267,4.9567649,115.9287947,S1293,4.8786559,115.9234644,8.705,0,-41.0,False,False,0,True
10,S1267,4.9567649,115.9287947,S1294,5.009984,115.9218609,5.967,0,-36.7,False,False,0,True
10,S1267,4.9567649,115.9287947,S1295,4.8950427,115.9239912,6.884,0,-3.6,False,False,0,True
10,S1267,4.9567649,115.9287947,S1296,4.9424497,115.9189645,1.929,0,-2.8,False,False,0,True
10,S1267,4.9567649,115.9287947,S1299,4.9725045,115.9099196,2.727,0,6.8,True,False,0,True
10,S1267,4.9567649,115.9287947,S1300,4.9350834,115.8993904,4.053,0,0.8,True,False,0,True
10,S1267,4.9567649,115.9287947,S1307,4.9820097,115.8942416,4.747,0,-6.7,False,False,0,True
10,S1267,4.9567649,115.9287947,S1308,4.9617425,115.9377015,1.131,0,10.0,True,True,0,True
10,S1267,4.9567649,115.9287947,S1309,4.9686314,115.9343143,1.454,0,14.0,True,True,0,True
10,S1267,4.9567649,115.9287947,S1310,5.0057309,115.9360104,5.503,0,-25.9,False,False,0,True
10,S1267,4.9567649,115.9287947,S1312,4.955506,115.9182353,1.178,0,8.6,True,True,0,True
10,S1267,4.9567649,115.9287947,S1313,5.0073294,115.9475247,5.993,0,-87.5,False,False,0,True
10,S1267,4.9567649,115.9287947,S1316,5.0042828,115.929199,5.284,0,-25.0,False,False,0,True
10,S1268,5.0300298,115.9677481,S0111,5.0186735,115.9059101,6.965,0,-48.5,False,False,0,True
10,S1268,5.0300298,115.9677481,S1267,4.9567649,115.9287947,9.219,0,-174.3,False,False,0,True
10,S1268,5.0300298,115.9677481,S1286,5.01491,115.9389239,3.608,0,-71.8,False,False,0,True
10,S1268,5.0300298,115.9677481,S1288,4.9828339,115.8918758,9.908,0,-75.3,False,False,0,True
10,S1268,5.0300298,115.9677481,S1294,5.009984,115.9218609,5.55,0,-50.9,False,False,0,True
10,S1268,5.0300298,115.9677481,S1299,4.9725045,115.9099196,9.053,0,-100.0,False,False,0,True
10,S1268,5.0300298,115.9677481,S1307,4.9820097,115.8942416,9.737,0,-80.2,False,False,0,True
10,S1268,5.0300298,115.9677481,S1308,4.9617425,115.9377015,8.291,0,-169.7,False,False,0,True
10,S1268,5.0300298,115.9677481,S1309,4.9686314,115.9343143,7.767,0,-171.1,False,False,0,True
10,S1268,5.0300298,115.9677481,S1310,5.0057309,115.9360104,4.434,0,-97.6,False,False,0,True
10,S1268,5.0300298,115.9677481,S1312,4.955506,115.9182353,9.937,0,-140.1,False,False,0,True
10,S1268,5.0300298,115.9677481,S1313,5.0073294,115.9475247,3.375,0,-101.3,False,False,0,True
10,S1268,5.0300298,115.9677481,S1316,5.0042828,115.929199,5.141,0,-89.6,False,False,0,True
10,S1268,5.0300298,115.9677481,S1318,5.117836,115.966963,9.764,0,-9.9,False,False,0,True
10,S1270,4.8751133,115.9010094,S0432,4.8645291,115.8777495,2.833,0,-10.9,False,False,0,True
10,S1270,4.8751133,115.9010094,S0433,4.8621763,115.8897693,1.903,0,7.0,True,True,0,True
10,S1270,4.8751133,115.9010094,S1257,4.8602808,115.8774283,3.09,0,-7.8,False,False,0,True
10,S1270,4.8751133,115.9010094,S1262,4.9498512,115.9165432,8.487,0,-50.3,False,False,0,True
10,S1270,4.8751133,115.9010094,S1264,4.8380444,115.8888462,4.337,0,-14.7,False,False,0,True
10,S1270,4.8751133,115.9010094,S1265,4.8489683,115.8820235,3.588,0,2.9,True,False,0,True
10,S1270,4.8751133,115.9010094,S1266,4.9000969,115.8990228,2.787,0,-28.1,False,False,0,True
10,S1270,4.8751133,115.9010094,S1267,4.9567649,115.9287947,9.587,0,-82.0,False,False,0,True
10,S1270,4.8751133,115.9010094,S1273,4.8816281,115.9076972,1.036,0,7.8,True,True,0,True
10,S1270,4.8751133,115.9010094,S1274,4.8905928,115.9099937,1.988,0,-33.2,False,False,0,True
10,S1270,4.8751133,115.9010094,S1275,4.9389728,115.9278051,7.696,0,-100.3,False,False,0,True
10,S1270,4.8751133,115.9010094,S1287,4.8626957,115.8968561,1.455,0,6.1,True,False,0,True
10,S1270,4.8751133,115.9010094,S1289,4.7973202,115.8746945,9.128,0,-47.4,False,False,0,True
10,S1270,4.8751133,115.9010094,S1290,4.8455687,115.8824868,3.874,0,7.1,True,True,0,True
10,S1270,4.8751133,115.9010094,S1292,4.931657,115.9209908,6.666,0,-89.1,False,False,0,True
10,S1270,4.8751133,115.9010094,S1293,4.8786559,115.9234644,2.519,0,-152.3,False,False,0,True
10,S1270,4.8751133,115.9010094,S1295,4.8950427,115.9239912,3.375,0,-65.1,False,False,0,True
10,S1270,4.8751133,115.9010094,S1296,4.9424497,115.9189645,7.747,0,-73.1,False,False,0,True
10,S1270,4.8751133,115.9010094,S1297,4.8680918,115.8841145,2.028,0,5.0,True,True,0,True
10,S1270,4.8751133,115.9010094,S1300,4.9350834,115.8993904,6.671,0,-25.8,False,False,0,True
10,S1270,4.8751133,115.9010094,S1312,4.955506,115.9182353,9.141,0,-52.3,False,False,0,True
10,S1273,4.8816281,115.9076972,S0432,4.8645291,115.8777495,3.824,0,-10.0,False,False,0,True
10,S1273,4.8816281,115.9076972,S0433,4.8621763,115.8897693,2.937,0,7.0,True,True,0,True
10,S1273,4.8816281,115.9076972,S1257,4.8602808,115.8774283,4.109,0,-3.6,False,False,0,True
10,S1273,4.8816281,115.9076972,S1262,4.9498512,115.9165432,7.649,0,-50.2,False,False,0,True
10,S1273,4.8816281,115.9076972,S1264,4.8380444,115.8888462,5.277,0,-15.3,False,False,0,True
10,S1273,4.8816281,115.9076972,S1265,4.8489683,115.8820235,4.613,0,4.7,True,False,0,True
10,S1273,4.8816281,115.9076972,S1266,4.9000969,115.8990228,2.267,0,-61.3,False,False,0,True
10,S1273,4.8816281,115.9076972,S1267,4.9567649,115.9287947,8.676,0,-31.7,False,False,0,True
10,S1273,4.8816281,115.9076972,S1270,4.8751133,115.9010094,1.036,0,10.1,True,True,0,True
10,S1273,4.8816281,115.9076972,S1274,4.8905928,115.9099937,1.029,0,-17.9,False,False,0,True
10,S1273,4.8816281,115.9076972,S1275,4.9389728,115.9278051,6.754,0,-29.3,False,False,0,True
10,S1273,4.8816281,115.9076972,S1287,4.8626957,115.8968561,2.424,0,10.2,True,True,0,True
10,S1273,4.8816281,115.9076972,S1290,4.8455687,115.8824868,4.887,0,8.6,True,True,0,True
10,S1273,4.8816281,115.9076972,S1292,4.931657,115.9209908,5.755,0,-41.4,False,False,0,True
10,S1273,4.8816281,115.9076972,S1293,4.8786559,115.9234644,1.778,0,-143.8,False,False,0,True
10,S1273,4.8816281,115.9076972,S1295,4.8950427,115.9239912,2.342,0,-42.7,False,False,0,True
10,S1273,4.8816281,115.9076972,S1296,4.9424497,115.9189645,6.877,0,-53.0,False,False,0,True
10,S1273,4.8816281,115.9076972,S1297,4.8680918,115.8841145,3.015,0,-9.2,False,False,0,True
10,S1273,4.8816281,115.9076972,S1300,4.9350834,115.8993904,6.015,0,-50.5,False,False,0,True
10,S1273,4.8816281,115.9076972,S1308,4.9617425,115.9377015,9.508,0,-25.3,False,False,0,True
10,S1273,4.8816281,115.9076972,S1312,4.955506,115.9182353,8.297,0,-50.1,False,False,0,True
10,S1274,4.8905928,115.9099937,S0432,4.8645291,115.8777495,4.6,0,-70.2,False,False,0,True
10,S1274,4.8905928,115.9099937,S0433,4.8621763,115.8897693,3.874,0,-21.5,False,False,0,True
10,S1274,4.8905928,115.9099937,S1257,4.8602808,115.8774283,4.937,0,-28.9,False,False,0,True
10,S1274,4.8905928,115.9099937,S1262,4.9498512,115.9165432,6.629,0,-6.0,False,False,0,True
10,S1274,4.8905928,115.9099937,S1264,4.8380444,115.8888462,6.295,0,-14.1,False,False,0,True
10,S1274,4.8905928,115.9099937,S1265,4.8489683,115.8820235,5.57,0,-11.8,False,False,0,True
10,S1274,4.8905928,115.9099937,S1266,4.9000969,115.8990228,1.611,0,-27.3,False,False,0,True
10,S1274,4.8905928,115.9099937,S1267,4.9567649,115.9287947,7.647,0,12.2,True,True,0,True
10,S1274,4.8905928,115.9099937,S1270,4.8751133,115.9010094,1.988,0,-19.2,False,False,0,True
10,S1274,4.8905928,115.9099937,S1273,4.8816281,115.9076972,1.029,0,-7.7,False,False,0,True
10,S1274,4.8905928,115.9099937,S1275,4.9389728,115.9278051,5.73,0,4.8,True,False,0,True
10,S1274,4.8905928,115.9099937,S1282,4.9714154,115.8933589,9.174,0,-49.6,False,False,0,True
10,S1274,4.8905928,115.9099937,S1287,4.8626957,115.8968561,3.427,0,-17.0,False,False,0,True
10,S1274,4.8905928,115.9099937,S1290,4.8455687,115.8824868,5.861,0,-9.6,False,False,0,True
10,S1274,4.8905928,115.9099937,S1292,4.931657,115.9209908,4.726,0,7.9,True,False,0,True
10,S1274,4.8905928,115.9099937,S1293,4.8786559,115.9234644,1.997,0,-134.4,False,False,0,True
10,S1274,4.8905928,115.9099937,S1295,4.8950427,115.9239912,1.628,0,-2.8,False,False,0,True
10,S1274,4.8905928,115.9099937,S1296,4.9424497,115.9189645,5.851,0,4.7,True,False,0,True
10,S1274,4.8905928,115.9099937,S1297,4.8680918,115.8841145,3.805,0,-72.5,False,False,0,True
10,S1274,4.8905928,115.9099937,S1299,4.9725045,115.9099196,9.108,0,-17.8,False,False,0,True
10,S1274,4.8905928,115.9099937,S1300,4.9350834,115.8993904,5.085,0,-4.7,False,False,0,True
10,S1274,4.8905928,115.9099937,S1308,4.9617425,115.9377015,8.486,0,19.4,True,True,0,True
10,S1274,4.8905928,115.9099937,S1309,4.9686314,115.9343143,9.086,0,16.4,True,True,0,True
10,S1274,4.8905928,115.9099937,S1312,4.955506,115.9182353,7.276,0,-1.7,False,False,0,True
10,S1275,4.9389728,115.9278051,S0111,5.0186735,115.9059101,9.188,0,-24.4,False,False,0,True
10,S1275,4.9389728,115.9278051,S0432,4.8645291,115.8777495,9.964,0,-150.9,False,False,0,True
10,S1275,4.9389728,115.9278051,S0433,4.8621763,115.8897693,9.523,0,-102.3,False,False,0,True
10,S1275,4.9389728,115.9278051,S1262,4.9498512,115.9165432,1.738,0,-2.2,False,False,0,True
10,S1275,4.9389728,115.9278051,S1266,4.9000969,115.8990228,5.372,0,-7.7,False,False,0,True
10,S1275,4.9389728,115.9278051,S1267,4.9567649,115.9287947,1.981,0,7.2,True,False,0,True
10,S1275,4.9389728,115.9278051,S1270,4.8751133,115.9010094,7.696,0,-110.8,False,False,0,True
10,S1275,4.9389728,115.9278051,S1273,4.8816281,115.9076972,6.754,0,-44.9,False,False,0,True
10,S1275,4.9389728,115.9278051,S1274,4.8905928,115.9099937,5.73,0,14.4,True,True,0,True
10,S1275,4.9389728,115.9278051,S1282,4.9714154,115.8933589,5.251,0,-41.3,False,False,0,True
10,S1275,4.9389728,115.9278051,S1286,5.01491,115.9389239,8.533,0,-41.7,False,False,0,True
10,S1275,4.9389728,115.9278051,S1287,4.8626957,115.8968561,9.148,0,-143.8,False,False,0,True
10,S1275,4.9389728,115.9278051,S1288,4.9828339,115.8918758,6.295,0,-2.6,False,False,0,True
10,S1275,4.9389728,115.9278051,S1292,4.931657,115.9209908,1.11,0,10.1,True,True,0,True
10,S1275,4.9389728,115.9278051,S1293,4.8786559,115.9234644,6.724,0,-53.6,False,False,0,True
10,S1275,4.9389728,115.9278051,S1294,5.009984,115.9218609,7.924,0,-33.5,False,False,0,True
10,S1275,4.9389728,115.9278051,S1295,4.8950427,115.9239912,4.903,0,-8.6,False,False,0,True
10,S1275,4.9389728,115.9278051,S1296,4.9424497,115.9189645,1.053,0,8.2,True,True,0,True
10,S1275,4.9389728,115.9278051,S1297,4.8680918,115.8841145,9.249,0,-112.1,False,False,0,True
10,S1275,4.9389728,115.9278051,S1299,4.9725045,115.9099196,4.222,0,1.3,True,False,0,True
10,S1275,4.9389728,115.9278051,S1300,4.9350834,115.8993904,3.177,0,-4.1,False,False,0,True
10,S1275,4.9389728,115.9278051,S1307,4.9820097,115.8942416,6.06,0,-18.5,False,False,0,True
10,S1275,4.9389728,115.9278051,S1308,4.9617425,115.9377015,2.759,0,10.0,True,True,0,True
10,S1275,4.9389728,115.9278051,S1309,4.9686314,115.9343143,3.376,0,14.0,True,True,0,True
10,S1275,4.9389728,115.9278051,S1310,5.0057309,115.9360104,7.479,0,-24.7,False,False,0,True
10,S1275,4.9389728,115.9278051,S1312,4.955506,115.9182353,2.122,0,2.4,True,False,0,True
10,S1275,4.9389728,115.9278051,S1313,5.0073294,115.9475247,7.909,0,-103.6,False,False,0,True
10,S1275,4.9389728,115.9278051,S1316,5.0042828,115.929199,7.264,0,-26.1,False,False,0,True
10,S1278,4.781721,115.8686313,S0432,4.8645291,115.8777495,9.263,0,-88.3,False,False,0,True
10,S1278,4.781721,115.8686313,S0433,4.8621763,115.8897693,9.248,0,-75.7,False,False,0,True
10,S1278,4.781721,115.8686313,S1257,4.8602808,115.8774283,8.79,0,-95.0,False,False,0,True
10,S1278,4.781721,115.8686313,S1264,4.8380444,115.8888462,6.651,0,-127.4,False,False,0,True
10,S1278,4.781721,115.8686313,S1265,4.8489683,115.8820235,7.623,0,-93.5,False,False,0,True
10,S1278,4.781721,115.8686313,S1287,4.8626957,115.8968561,9.532,0,-77.6,False,False,0,True
10,S1278,4.781721,115.8686313,S1289,4.7973202,115.8746945,1.86,0,-39.3,False,False,0,True
10,S1278,4.781721,115.8686313,S1290,4.8455687,115.8824868,7.264,0,-77.9,False,False,0,True
10,S1278,4.781721,115.8686313,S1297,4.8680918,115.8841145,9.756,0,-64.4,False,False,0,True
10,S1282,4.9714154,115.8933589,S0111,5.0186735,115.9059101,5.436,0,-47.8,False,False,0,True
10,S1282,4.9714154,115.8933589,S1262,4.9498512,115.9165432,3.514,0,-29.7,False,False,0,True
10,S1282,4.9714154,115.8933589,S1266,4.9000969,115.8990228,7.955,0,-33.4,False,False,0,True
10,S1282,4.9714154,115.8933589,S1267,4.9567649,115.9287947,4.25,0,11.1,True,True,0,True
10,S1282,4.9714154,115.8933589,S1274,4.8905928,115.9099937,9.174,0,-30.5,False,False,0,True
10,S1282,4.9714154,115.8933589,S1275,4.9389728,115.9278051,5.251,0,-24.6,False,False,0,True
10,S1282,4.9714154,115.8933589,S1286,5.01491,115.9389239,6.99,0,-10.2,False,False,0,True
10,S1282,4.9714154,115.8933589,S1288,4.9828339,115.8918758,1.28,0,-10.8,False,False,0,True
10,S1282,4.9714154,115.8933589,S1292,4.931657,115.9209908,5.377,0,-39.6,False,False,0,True
10,S1282,4.9714154,115.8933589,S1294,5.009984,115.9218609,5.325,0,-16.7,False,False,0,True
10,S1282,4.9714154,115.8933589,S1295,4.8950427,115.9239912,9.145,0,-36.8,False,False,0,True
10,S1282,4.9714154,115.8933589,S1296,4.9424497,115.9189645,4.292,0,-31.5,False,False,0,True
10,S1282,4.9714154,115.8933589,S1299,4.9725045,115.9099196,1.839,0,-35.4,False,False,0,True
10,S1282,4.9714154,115.8933589,S1300,4.9350834,115.8993904,4.095,0,-33.7,False,False,0,True
10,S1282,4.9714154,115.8933589,S1307,4.9820097,115.8942416,1.182,0,-12.7,False,False,0,True
10,S1282,4.9714154,115.8933589,S1308,4.9617425,115.9377015,5.029,0,11.4,True,False,0,True
10,S1282,4.9714154,115.8933589,S1309,4.9686314,115.9343143,4.547,0,-8.0,False,False,0,True
10,S1282,4.9714154,115.8933589,S1310,5.0057309,115.9360104,6.073,0,-9.3,False,False,0,True
10,S1282,4.9714154,115.8933589,S1312,4.955506,115.9182353,3.275,0,-6.1,False,False,0,True
10,S1282,4.9714154,115.8933589,S1313,5.0073294,115.9475247,7.208,0,-5.4,False,False,0,True
10,S1282,4.9714154,115.8933589,S1316,5.0042828,115.929199,5.396,0,-11.6,False,False,0,True
10,S1286,5.01491,115.9389239,S0111,5.0186735,115.9059101,3.681,0,-10.7,False,False,0,True
10,S1286,5.01491,115.9389239,S1262,4.9498512,115.9165432,7.647,0,-39.7,False,False,0,True
10,S1286,5.01491,115.9389239,S1267,4.9567649,115.9287947,6.562,0,-20.7,False,False,0,True
10,S1286,5.01491,115.9389239,S1268,5.0300298,115.9677481,3.608,0,-83.2,False,False,0,True
10,S1286,5.01491,115.9389239,S1275,4.9389728,115.9278051,8.533,0,-42.2,False,False,0,True
10,S1286,5.01491,115.9389239,S1282,4.9714154,115.8933589,6.99,0,-27.4,False,False,0,True
10,S1286,5.01491,115.9389239,S1288,4.9828339,115.8918758,6.315,0,-3.6,False,False,0,True
10,S1286,5.01491,115.9389239,S1292,4.931657,115.9209908,9.468,0,-19.8,False,False,0,True
10,S1286,5.01491,115.9389239,S1294,5.009984,115.9218609,1.968,0,6.2,True,False,0,True
10,S1286,5.01491,115.9389239,S1296,4.9424497,115.9189645,8.355,0,-43.0,False,False,0,True
10,S1286,5.01491,115.9389239,S1299,4.9725045,115.9099196,5.706,0,-26.9,False,False,0,True
10,S1286,5.01491,115.9389239,S1300,4.9350834,115.8993904,9.898,0,-8.9,False,False,0,True
10,S1286,5.01491,115.9389239,S1307,4.9820097,115.8942416,6.155,0,-29.7,False,False,0,True
10,S1286,5.01491,115.9389239,S1308,4.9617425,115.9377015,5.914,0,-106.5,False,False,0,True
10,S1286,5.01491,115.9389239,S1309,4.9686314,115.9343143,5.171,0,-71.2,False,False,0,True
10,S1286,5.01491,115.9389239,S1310,5.0057309,115.9360104,1.07,0,10.1,True,True,0,True
10,S1286,5.01491,115.9389239,S1312,4.955506,115.9182353,6.992,0,-47.0,False,False,0,True
10,S1286,5.01491,115.9389239,S1313,5.0073294,115.9475247,1.272,0,7.7,True,True,0,True
10,S1286,5.01491,115.9389239,S1316,5.0042828,115.929199,1.599,0,8.2,True,True,0,True
10,S1287,4.8626957,115.8968561,S0432,4.8645291,115.8777495,2.127,0,-7.1,False,False,0,True
10,S1287,4.8626957,115.8968561,S0433,4.8621763,115.8897693,0.787,0,7.5,True,True,0,True
10,S1287,4.8626957,115.8968561,S1257,4.8602808,115.8774283,2.169,0,10.0,True,True,0,True
10,S1287,4.8626957,115.8968561,S1262,4.9498512,115.9165432,9.934,0,-64.6,False,False,0,True
10,S1287,4.8626957,115.8968561,S1264,4.8380444,115.8888462,2.881,0,-16.4,False,False,0,True
10,S1287,4.8626957,115.8968561,S1265,4.8489683,115.8820235,2.243,0,1.8,True,False,0,True
10,S1287,4.8626957,115.8968561,S1266,4.9000969,115.8990228,4.166,0,-60.3,False,False,0,True
10,S1287,4.8626957,115.8968561,S1270,4.8751133,115.9010094,1.455,0,2.5,True,False,0,True
10,S1287,4.8626957,115.8968561,S1273,4.8816281,115.9076972,2.424,0,8.3,True,True,0,True
10,S1287,4.8626957,115.8968561,S1274,4.8905928,115.9099937,3.427,0,-33.6,False,False,0,True
10,S1287,4.8626957,115.8968561,S1275,4.9389728,115.9278051,9.148,0,-138.2,False,False,0,True
10,S1287,4.8626957,115.8968561,S1278,4.781721,115.8686313,9.532,0,-79.0,False,False,0,True
10,S1287,4.8626957,115.8968561,S1289,4.7973202,115.8746945,7.673,0,-67.7,False,False,0,True
10,S1287,4.8626957,115.8968561,S1290,4.8455687,115.8824868,2.482,0,3.9,True,False,0,True
10,S1287,4.8626957,115.8968561,S1292,4.931657,115.9209908,8.121,0,-120.5,False,False,0,True
10,S1287,4.8626957,115.8968561,S1293,4.8786559,115.9234644,3.441,0,-174.7,False,False,0,True
10,S1287,4.8626957,115.8968561,S1295,4.8950427,115.9239912,4.688,0,-107.2,False,False,0,True
10,S1287,4.8626957,115.8968561,S1296,4.9424497,115.9189645,9.2,0,-87.1,False,False,0,True
10,S1287,4.8626957,115.8968561,S1297,4.8680918,115.8841145,1.534,0,2.2,True,False,0,True
10,S1287,4.8626957,115.8968561,S1300,4.9350834,115.8993904,8.054,0,-65.1,False,False,0,True
10,S1288,4.9828339,115.8918758,S0111,5.0186735,115.9059101,4.278,0,-57.1,False,False,0,True
10,S1288,4.9828339,115.8918758,S1262,4.9498512,115.9165432,4.574,0,-16.7,False,False,0,True
10,S1288,4.9828339,115.8918758,S1266,4.9000969,115.8990228,9.234,0,-17.7,False,False,0,True
10,S1288,4.9828339,115.8918758,S1267,4.9567649,115.9287947,5.013,0,11.4,True,True,0,True
10,S1288,4.9828339,115.8918758,S1268,5.0300298,115.9677481,9.908,0,-92.3,False,False,0,True
10,S1288,4.9828339,115.8918758,S1275,4.9389728,115.9278051,6.295,0,8.7,True,False,0,True
10,S1288,4.9828339,115.8918758,S1282,4.9714154,115.8933589,1.28,0,-23.6,False,False,0,True
10,S1288,4.9828339,115.8918758,S1286,5.01491,115.9389239,6.315,0,10.4,True,True,0,True
10,S1288,4.9828339,115.8918758,S1292,4.931657,115.9209908,6.541,0,-1.5,False,False,0,True
10,S1288,4.9828339,115.8918758,S1294,5.009984,115.9218609,4.489,0,0.7,True,False,0,True
10,S1288,4.9828339,115.8918758,S1296,4.9424497,115.9189645,5.401,0,-18.8,False,False,0,True
10,S1288,4.9828339,115.8918758,S1299,4.9725045,115.9099196,2.305,0,9.5,True,True,0,True
10,S1288,4.9828339,115.8918758,S1300,4.9350834,115.8993904,5.374,0,-16.3,False,False,0,True
10,S1288,4.9828339,115.8918758,S1307,4.9820097,115.8942416,0.278,0,10.1,True,True,0,True
10,S1288,4.9828339,115.8918758,S1308,4.9617425,115.9377015,5.592,0,15.2,True,True,0,True
10,S1288,4.9828339,115.8918758,S1309,4.9686314,115.9343143,4.959,0,-13.9,False,False,0,True
10,S1288,4.9828339,115.8918758,S1310,5.0057309,115.9360104,5.512,0,8.4,True,True,0,True
10,S1288,4.9828339,115.8918758,S1312,4.955506,115.9182353,4.214,0,-7.2,False,False,0,True
10,S1288,4.9828339,115.8918758,S1313,5.0073294,115.9475247,6.739,0,10.3,True,True,0,True
10,S1288,4.9828339,115.8918758,S1316,5.0042828,115.929199,4.773,0,10.4,True,True,0,True
10,S1289,4.7973202,115.8746945,S0432,4.8645291,115.8777495,7.481,0,-50.8,False,False,0,True
10,S1289,4.7973202,115.8746945,S0433,4.8621763,115.8897693,7.403,0,-47.8,False,False,0,True
10,S1289,4.7973202,115.8746945,S1257,4.8602808,115.8774283,7.007,0,-65.9,False,False,0,True
10,S1289,4.7973202,115.8746945,S1264,4.8380444,115.8888462,4.792,0,-106.5,False,False,0,True
10,S1289,4.7973202,115.8746945,S1265,4.8489683,115.8820235,5.8,0,-73.9,False,False,0,True
10,S1289,4.7973202,115.8746945,S1270,4.8751133,115.9010094,9.128,0,-39.0,False,False,0,True
10,S1289,4.7973202,115.8746945,S1278,4.781721,115.8686313,1.86,0,-30.6,False,False,0,True
10,S1289,4.7973202,115.8746945,S1287,4.8626957,115.8968561,7.673,0,-61.4,False,False,0,True
10,S1289,4.7973202,115.8746945,S1290,4.8455687,115.8824868,5.434,0,-57.9,False,False,0,True
10,S1289,4.7973202,115.8746945,S1297,4.8680918,115.8841145,7.938,0,-43.7,False,False,0,True
10,S1290,4.8455687,115.8824868,S0432,4.8645291,115.8777495,2.173,0,10.2,True,True,0,True
10,S1290,4.8455687,115.8824868,S0433,4.8621763,115.8897693,2.015,0,7.6,True,True,0,True
10,S1290,4.8455687,115.8824868,S1257,4.8602808,115.8774283,1.729,0,8.8,True,True,0,True
10,S1290,4.8455687,115.8824868,S1264,4.8380444,115.8888462,1.094,0,4.8,True,False,0,True
10,S1290,4.8455687,115.8824868,S1265,4.8489683,115.8820235,0.381,0,-11.9,False,False,0,True
10,S1290,4.8455687,115.8824868,S1266,4.9000969,115.8990228,6.334,0,-86.2,False,False,0,True
10,S1290,4.8455687,115.8824868,S1270,4.8751133,115.9010094,3.874,0,12.3,True,True,0,True
10,S1290,4.8455687,115.8824868,S1273,4.8816281,115.9076972,4.887,0,9.0,True,True,0,True
10,S1290,4.8455687,115.8824868,S1274,4.8905928,115.9099937,5.861,0,-27.5,False,False,0,True
10,S1290,4.8455687,115.8824868,S1278,4.781721,115.8686313,7.264,0,-80.5,False,False,0,True
10,S1290,4.8455687,115.8824868,S1287,4.8626957,115.8968561,2.482,0,2.1,True,False,0,True
10,S1290,4.8455687,115.8824868,S1289,4.7973202,115.8746945,5.434,0,-63.2,False,False,0,True
10,S1290,4.8455687,115.8824868,S1293,4.8786559,115.9234644,5.844,0,-149.9,False,False,0,True
10,S1290,4.8455687,115.8824868,S1295,4.8950427,115.9239912,7.17,0,-100.9,False,False,0,True
10,S1290,4.8455687,115.8824868,S1297,4.8680918,115.8841145,2.511,0,0.7,True,False,0,True
10,S1292,4.931657,115.9209908,S0111,5.0186735,115.9059101,9.819,0,-20.5,False,False,0,True
10,S1292,4.931657,115.9209908,S0432,4.8645291,115.8777495,8.869,0,-153.1,False,False,0,True
10,S1292,4.931657,115.9209908,S0433,4.8621763,115.8897693,8.465,0,-79.0,False,False,0,True
10,S1292,4.931657,115.9209908,S1257,4.8602808,115.8774283,9.289,0,-165.4,False,False,0,True
10,S1292,4.931657,115.9209908,S1262,4.9498512,115.9165432,2.082,0,-9.6,False,False,0,True
10,S1292,4.931657,115.9209908,S1266,4.9000969,115.8990228,4.271,0,-12.9,False,False,0,True
10,S1292,4.931657,115.9209908,S1267,4.9567649,115.9287947,2.923,0,10.1,True,True,0,True
10,S1292,4.931657,115.9209908,S1270,4.8751133,115.9010094,6.666,0,-100.7,False,False,0,True
10,S1292,4.931657,115.9209908,S1273,4.8816281,115.9076972,5.755,0,-55.8,False,False,0,True
10,S1292,4.931657,115.9209908,S1274,4.8905928,115.9099937,4.726,0,14.2,True,True,0,True
10,S1292,4.931657,115.9209908,S1275,4.9389728,115.9278051,1.11,0,4.9,True,True,0,True
10,S1292,4.931657,115.9209908,S1282,4.9714154,115.8933589,5.377,0,-56.7,False,False,0,True
10,S1292,4.931657,115.9209908,S1286,5.01491,115.9389239,9.468,0,-26.6,False,False,0,True
10,S1292,4.931657,115.9209908,S1287,4.8626957,115.8968561,8.121,0,-126.5,False,False,0,True
10,S1292,4.931657,115.9209908,S1288,4.9828339,115.8918758,6.541,0,-4.0,False,False,0,True
10,S1292,4.931657,115.9209908,S1293,4.8786559,115.9234644,5.9,0,-26.7,False,False,0,True
10,S1292,4.931657,115.9209908,S1294,5.009984,115.9218609,8.71,0,-22.5,False,False,0,True
10,S1292,4.931657,115.9209908,S1295,4.8950427,115.9239912,4.085,0,-12.0,False,False,0,True
10,S1292,4.931657,115.9209908,S1296,4.9424497,115.9189645,1.221,0,7.1,True,True,0,True
10,S1292,4.931657,115.9209908,S1297,4.8680918,115.8841145,8.164,0,-125.5,False,False,0,True
10,S1292,4.931657,115.9209908,S1299,4.9725045,115.9099196,4.705,0,-11.8,False,False,0,True
10,S1292,4.931657,115.9209908,S1300,4.9350834,115.8993904,2.423,0,-1.8,False,False,0,True
10,S1292,4.931657,115.9209908,S1307,4.9820097,115.8942416,6.335,0,-24.3,False,False,0,True
10,S1292,4.931657,115.9209908,S1308,4.9617425,115.9377015,3.823,0,10.0,True,True,0,True
10,S1292,4.931657,115.9209908,S1309,4.9686314,115.9343143,4.368,0,14.0,True,True,0,True
10,S1292,4.931657,115.9209908,S1310,5.0057309,115.9360104,8.403,0,-32.0,False,False,0,True
10,S1292,4.931657,115.9209908,S1312,4.955506,115.9182353,2.669,0,-0.7,False,False,0,True
10,S1292,4.931657,115.9209908,S1313,5.0073294,115.9475247,8.913,0,-91.9,False,False,0,True
10,S1292,4.931657,115.9209908,S1316,5.0042828,115.929199,8.127,0,-38.6,False,False,0,True
10,S1293,4.8786559,115.9234644,S0432,4.8645291,115.8777495,5.303,0,-151.2,False,False,0,True
10,S1293,4.8786559,115.9234644,S0433,4.8621763,115.8897693,4.159,0,-163.7,False,False,0,True
10,S1293,4.8786559,115.9234644,S1257,4.8602808,115.8774283,5.495,0,-153.8,False,False,0,True
10,S1293,4.8786559,115.9234644,S1262,4.9498512,115.9165432,7.954,0,-11.0,False,False,0,True
10,S1293,4.8786559,115.9234644,S1264,4.8380444,115.8888462,5.925,0,-205.5,False,False,0,True
10,S1293,4.8786559,115.9234644,S1265,4.8489683,115.8820235,5.655,0,-150.6,False,False,0,True
10,S1293,4.8786559,115.9234644,S1266,4.9000969,115.8990228,3.608,0,-152.6,False,False,0,True
10,S1293,4.8786559,115.9234644,S1267,4.9567649,115.9287947,8.705,0,-27.4,False,False,0,True
10,S1293,4.8786559,115.9234644,S1270,4.8751133,115.9010094,2.519,0,-140.3,False,False,0,True
10,S1293,4.8786559,115.9234644,S1273,4.8816281,115.9076972,1.778,0,-133.6,False,False,0,True
10,S1293,4.8786559,115.9234644,S1274,4.8905928,115.9099937,1.997,0,-128.5,False,False,0,True
10,S1293,4.8786559,115.9234644,S1275,4.9389728,115.9278051,6.724,0,-41.4,False,False,0,True
10,S1293,4.8786559,115.9234644,S1287,4.8626957,115.8968561,3.441,0,-162.0,False,False,0,True
10,S1293,4.8786559,115.9234644,S1290,4.8455687,115.8824868,5.844,0,-135.0,False,False,0,True
10,S1293,4.8786559,115.9234644,S1292,4.931657,115.9209908,5.9,0,-29.4,False,False,0,True
10,S1293,4.8786559,115.9234644,S1295,4.8950427,115.9239912,1.823,0,-24.5,False,False,0,True
10,S1293,4.8786559,115.9234644,S1296,4.9424497,115.9189645,7.111,0,-24.3,False,False,0,True
10,S1293,4.8786559,115.9234644,S1297,4.8680918,115.8841145,4.515,0,-149.4,False,False,0,True
10,S1293,4.8786559,115.9234644,S1300,4.9350834,115.8993904,6.818,0,-58.4,False,False,0,True
10,S1293,4.8786559,115.9234644,S1308,4.9617425,115.9377015,9.372,0,-97.9,False,False,0,True
10,S1293,4.8786559,115.9234644,S1312,4.955506,115.9182353,8.565,0,-19.7,False,False,0,True
10,S1294,5.009984,115.9218609,S0111,5.0186735,115.9059101,2.014,0,5.9,True,True,0,True
10,S1294,5.009984,115.9218609,S1262,4.9498512,115.9165432,6.712,0,-31.2,False,False,0,True
10,S1294,5.009984,115.9218609,S1267,4.9567649,115.9287947,5.967,0,-44.9,False,False,0,True
10,S1294,5.009984,115.9218609,S1268,5.0300298,115.9677481,5.55,0,-67.0,False,False,0,True
10,S1294,5.009984,115.9218609,S1275,4.9389728,115.9278051,7.924,0,-35.0,False,False,0,True
10,S1294,5.009984,115.9218609,S1282,4.9714154,115.8933589,5.325,0,-24.7,False,False,0,True
10,S1294,5.009984,115.9218609,S1286,5.01491,115.9389239,1.968,0,6.9,True,False,0,True
10,S1294,5.009984,115.9218609,S1288,4.9828339,115.8918758,4.489,0,-11.6,False,False,0,True
10,S1294,5.009984,115.9218609,S1292,4.931657,115.9209908,8.71,0,-22.7,False,False,0,True
10,S1294,5.009984,115.9218609,S1296,4.9424497,115.9189645,7.516,0,-35.1,False,False,0,True
10,S1294,5.009984,115.9218609,S1299,4.9725045,115.9099196,4.372,0,-36.3,False,False,0,True
10,S1294,5.009984,115.9218609,S1300,4.9350834,115.8993904,8.693,0,-10.5,False,False,0,True
10,S1294,5.009984,115.9218609,S1307,4.9820097,115.8942416,4.363,0,-29.4,False,False,0,True
10,S1294,5.009984,115.9218609,S1308,4.9617425,115.9377015,5.644,0,-33.2,False,False,0,True
10,S1294,5.009984,115.9218609,S1309,4.9686314,115.9343143,4.801,0,-11.2,False,False,0,True
10,S1294,5.009984,115.9218609,S1310,5.0057309,115.9360104,1.637,0,9.1,True,True,0,True
10,S1294,5.009984,115.9218609,S1312,4.955506,115.9182353,6.071,0,-42.2,False,False,0,True
10,S1294,5.009984,115.9218609,S1313,5.0073294,115.9475247,2.858,0,9.9,True,True,0,True
10,S1294,5.009984,115.9218609,S1316,5.0042828,115.929199,1.031,0,10.1,True,True,0,True
10,S1295,4.8950427,115.9239912,S0432,4.8645291,115.8777495,6.145,0,-85.0,False,False,0,True
10,S1295,4.8950427,115.9239912,S0433,4.8621763,115.8897693,5.266,0,-90.6,False,False,0,True
10,S1295,4.8950427,115.9239912,S1257,4.8602808,115.8774283,6.446,0,-87.5,False,False,0,True
10,S1295,4.8950427,115.9239912,S1262,4.9498512,115.9165432,6.15,0,-25.4,False,False,0,True
10,S1295,4.8950427,115.9239912,S1264,4.8380444,115.8888462,7.439,0,-158.9,False,False,0,True
10,S1295,4.8950427,115.9239912,S1265,4.8489683,115.8820235,6.919,0,-99.4,False,False,0,True
10,S1295,4.8950427,115.9239912,S1266,4.9000969,115.8990228,2.823,0,-80.1,False,False,0,True
10,S1295,4.8950427,115.9239912,S1267,4.9567649,115.9287947,6.884,0,-5.4,False,False,0,True
10,S1295,4.8950427,115.9239912,S1270,4.8751133,115.9010094,3.375,0,-63.0,False,False,0,True
10,S1295,4.8950427,115.9239912,S1273,4.8816281,115.9076972,2.342,0,-48.6,False,False,0,True
10,S1295,4.8950427,115.9239912,S1274,4.8905928,115.9099937,1.628,0,-13.0,False,False,0,True
10,S1295,4.8950427,115.9239912,S1275,4.9389728,115.9278051,4.903,0,-19.5,False,False,0,True
10,S1295,4.8950427,115.9239912,S1282,4.9714154,115.8933589,9.145,0,-55.4,False,False,0,True
10,S1295,4.8950427,115.9239912,S1287,4.8626957,115.8968561,4.688,0,-98.7,False,False,0,True
10,S1295,4.8950427,115.9239912,S1290,4.8455687,115.8824868,7.17,0,-88.2,False,False,0,True
10,S1295,4.8950427,115.9239912,S1292,4.931657,115.9209908,4.085,0,-11.5,False,False,0,True
10,S1295,4.8950427,115.9239912,S1293,4.8786559,115.9234644,1.823,0,-15.9,False,False,0,True
10,S1295,4.8950427,115.9239912,S1296,4.9424497,115.9189645,5.301,0,-20.4,False,False,0,True
10,S1295,4.8950427,115.9239912,S1297,4.8680918,115.8841145,5.339,0,-76.6,False,False,0,True
10,S1295,4.8950427,115.9239912,S1299,4.9725045,115.9099196,8.753,0,-21.6,False,False,0,True
10,S1295,4.8950427,115.9239912,S1300,4.9350834,115.8993904,5.22,0,5.5,True,False,0,True
10,S1295,4.8950427,115.9239912,S1308,4.9617425,115.9377015,7.571,0,-67.1,False,False,0,True
10,S1295,4.8950427,115.9239912,S1309,4.9686314,115.9343143,8.262,0,-13.5,False,False,0,True
10,S1295,4.8950427,115.9239912,S1312,4.955506,115.9182353,6.753,0,-15.6,False,False,0,True
10,S1296,4.9424497,115.9189645,S0111,5.0186735,115.9059101,8.598,0,-21.4,False,False,0,True
10,S1296,4.9424497,115.9189645,S0432,4.8645291,115.8777495,9.794,0,-152.3,False,False,0,True
10,S1296,4.9424497,115.9189645,S0433,4.8621763,115.8897693,9.494,0,-87.2,False,False,0,True
10,S1296,4.9424497,115.9189645,S1262,4.9498512,115.9165432,0.866,0,-6.8,False,False,0,True
10,S1296,4.9424497,115.9189645,S1266,4.9000969,115.8990228,5.202,0,-12.0,False,False,0,True
10,S1296,4.9424497,115.9189645,S1267,4.9567649,115.9287947,1.929,0,10.1,True,True,0,True
10,S1296,4.9424497,115.9189645,S1270,4.8751133,115.9010094,7.747,0,-80.5,False,False,0,True
10,S1296,4.9424497,115.9189645,S1273,4.8816281,115.9076972,6.877,0,-68.5,False,False,0,True
10,S1296,4.9424497,115.9189645,S1274,4.8905928,115.9099937,5.851,0,10.3,True,False,0,True
10,S1296,4.9424497,115.9189645,S1275,4.9389728,115.9278051,1.053,0,8.3,True,True,0,True
10,S1296,4.9424497,115.9189645,S1282,4.9714154,115.8933589,4.292,0,-47.5,False,False,0,True
10,S1296,4.9424497,115.9189645,S1286,5.01491,115.9389239,8.355,0,-39.7,False,False,0,True
10,S1296,4.9424497,115.9189645,S1287,4.8626957,115.8968561,9.2,0,-89.9,False,False,0,True
10,S1296,4.9424497,115.9189645,S1288,4.9828339,115.8918758,5.401,0,-12.3,False,False,0,True
10,S1296,4.9424497,115.9189645,S1292,4.931657,115.9209908,1.221,0,7.0,True,True,0,True
10,S1296,4.9424497,115.9189645,S1293,4.8786559,115.9234644,7.111,0,-24.7,False,False,0,True
10,S1296,4.9424497,115.9189645,S1294,5.009984,115.9218609,7.516,0,-31.3,False,False,0,True
10,S1296,4.9424497,115.9189645,S1295,4.8950427,115.9239912,5.301,0,-28.8,False,False,0,True
10,S1296,4.9424497,115.9189645,S1297,4.8680918,115.8841145,9.125,0,-130.5,False,False,0,True
10,S1296,4.9424497,115.9189645,S1299,4.9725045,115.9099196,3.489,0,-12.3,False,False,0,True
10,S1296,4.9424497,115.9189645,S1300,4.9350834,115.8993904,2.318,0,-6.0,False,False,0,True
10,S1296,4.9424497,115.9189645,S1307,4.9820097,115.8942416,5.182,0,-24.9,False,False,0,True
10,S1296,4.9424497,115.9189645,S1308,4.9617425,115.9377015,2.985,0,10.0,True,True,0,True
10,S1296,4.9424497,115.9189645,S1309,4.9686314,115.9343143,3.372,0,10.9,True,True,0,True
10,S1296,4.9424497,115.9189645,S1310,5.0057309,115.9360104,7.286,0,-42.6,False,False,0,True
10,S1296,4.9424497,115.9189645,S1312,4.955506,115.9182353,1.454,0,-1.9,False,False,0,True
10,S1296,4.9424497,115.9189645,S1313,5.0073294,115.9475247,7.878,0,-41.1,False,False,0,True
10,S1296,4.9424497,115.9189645,S1316,5.0042828,115.929199,6.968,0,-41.7,False,False,0,True
10,S1297,4.8680918,115.8841145,S0432,4.8645291,115.8777495,0.809,0,4.0,True,False,0,True
10,S1297,4.8680918,115.8841145,S0433,4.8621763,115.8897693,0.908,0,4.9,True,False,0,True
10,S1297,4.8680918,115.8841145,S1257,4.8602808,115.8774283,1.142,0,3.9,True,False,0,True
10,S1297,4.8680918,115.8841145,S1262,4.9498512,115.9165432,9.775,0,-128.2,False,False,0,True
10,S1297,4.8680918,115.8841145,S1264,4.8380444,115.8888462,3.382,0,-15.8,False,False,0,True
10,S1297,4.8680918,115.8841145,S1265,4.8489683,115.8820235,2.139,0,9.3,True,True,0,True
10,S1297,4.8680918,115.8841145,S1266,4.9000969,115.8990228,3.923,0,-115.1,False,False,0,True
10,S1297,4.8680918,115.8841145,S1270,4.8751133,115.9010094,2.028,0,0.9,True,False,0,True
10,S1297,4.8680918,115.8841145,S1273,4.8816281,115.9076972,3.015,0,-19.1,False,False,0,True
10,S1297,4.8680918,115.8841145,S1274,4.8905928,115.9099937,3.805,0,-62.1,False,False,0,True
10,S1297,4.8680918,115.8841145,S1275,4.9389728,115.9278051,9.249,0,-98.1,False,False,0,True
10,S1297,4.8680918,115.8841145,S1278,4.781721,115.8686313,9.756,0,-72.9,False,False,0,True
10,S1297,4.8680918,115.8841145,S1287,4.8626957,115.8968561,1.534,0,8.6,True,True,0,True
10,S1297,4.8680918,115.8841145,S1289,4.7973202,115.8746945,7.938,0,-58.4,False,False,0,True
10,S1297,4.8680918,115.8841145,S1290,4.8455687,115.8824868,2.511,0,3.0,True,False,0,True
10,S1297,4.8680918,115.8841145,S1292,4.931657,115.9209908,8.164,0,-112.2,False,False,0,True
10,S1297,4.8680918,115.8841145,S1293,4.8786559,115.9234644,4.515,0,-164.4,False,False,0,True
10,S1297,4.8680918,115.8841145,S1295,4.8950427,115.9239912,5.339,0,-83.9,False,False,0,True
10,S1297,4.8680918,115.8841145,S1296,4.9424497,115.9189645,9.125,0,-116.5,False,False,0,True
10,S1297,4.8680918,115.8841145,S1300,4.9350834,115.8993904,7.639,0,-114.2,False,False,0,True
10,S1299,4.9725045,115.9099196,S0111,5.0186735,115.9059101,5.153,0,-19.3,False,False,0,True
10,S1299,4.9725045,115.9099196,S1262,4.9498512,115.9165432,2.624,0,0.5,True,False,0,True
10,S1299,4.9725045,115.9099196,S1266,4.9000969,115.8990228,8.141,0,-13.5,False,False,0,True
10,S1299,4.9725045,115.9099196,S1267,4.9567649,115.9287947,2.727,0,10.7,True,True,0,True
10,S1299,4.9725045,115.9099196,S1268,5.0300298,115.9677481,9.053,0,-116.0,False,False,0,True
10,S1299,4.9725045,115.9099196,S1274,4.8905928,115.9099937,9.108,0,-0.9,False,False,0,True
10,S1299,4.9725045,115.9099196,S1275,4.9389728,115.9278051,4.222,0,9.4,True,True,0,True
10,S1299,4.9725045,115.9099196,S1282,4.9714154,115.8933589,1.839,0,-28.8,False,False,0,True
10,S1299,4.9725045,115.9099196,S1286,5.01491,115.9389239,5.706,0,-10.2,False,False,0,True
10,S1299,4.9725045,115.9099196,S1288,4.9828339,115.8918758,2.305,0,9.3,True,True,0,True
10,S1299,4.9725045,115.9099196,S1292,4.931657,115.9209908,4.705,0,0.7,True,False,0,True
10,S1299,4.9725045,115.9099196,S1294,5.009984,115.9218609,4.372,0,-20.7,False,False,0,True
10,S1299,4.9725045,115.9099196,S1295,4.8950427,115.9239912,8.753,0,-34.7,False,False,0,True
10,S1299,4.9725045,115.9099196,S1296,4.9424497,115.9189645,3.489,0,-10.1,False,False,0,True
10,S1299,4.9725045,115.9099196,S1300,4.9350834,115.8993904,4.321,0,-9.2,False,False,0,True
10,S1299,4.9725045,115.9099196,S1307,4.9820097,115.8942416,2.033,0,-11.8,False,False,0,True
10,S1299,4.9725045,115.9099196,S1308,4.9617425,115.9377015,3.302,0,-4.5,False,False,0,True
10,S1299,4.9725045,115.9099196,S1309,4.9686314,115.9343143,2.736,0,-13.0,False,False,0,True
10,S1299,4.9725045,115.9099196,S1310,5.0057309,115.9360104,4.691,0,-17.2,False,False,0,True
10,S1299,4.9725045,115.9099196,S1312,4.955506,115.9182353,2.103,0,6.5,True,False,0,True
10,S1299,4.9725045,115.9099196,S1313,5.0073294,115.9475247,5.688,0,-5.3,False,False,0,True
10,S1299,4.9725045,115.9099196,S1316,5.0042828,115.929199,4.129,0,-11.5,False,False,0,True
10,S1300,4.9350834,115.8993904,S0111,5.0186735,115.9059101,9.323,1,-48.6,False,False,0,True
10,S1300,4.9350834,115.8993904,S0432,4.8645291,115.8777495,8.203,1,-131.2,False,False,0,True
10,S1300,4.9350834,115.8993904,S0433,4.8621763,115.8897693,8.177,1,-106.0,False,False,0,True
10,S1300,4.9350834,115.8993904,S1257,4.8602808,115.8774283,8.666,1,-144.3,False,False,0,True
10,S1300,4.9350834,115.8993904,S1262,4.9498512,115.9165432,2.511,1,7.4,True,True,0,True
10,S1300,4.9350834,115.8993904,S1265,4.8489683,115.8820235,9.767,1,-146.3,False,False,0,True
10,S1300,4.9350834,115.8993904,S1266,4.9000969,115.8990228,3.891,1,-0.6,False,False,0,True
10,S1300,4.9350834,115.8993904,S1267,4.9567649,115.9287947,4.053,1,9.0,True,True,0,True
10,S1300,4.9350834,115.8993904,S1270,4.8751133,115.9010094,6.671,1,-43.4,False,False,0,True
10,S1300,4.9350834,115.8993904,S1273,4.8816281,115.9076972,6.015,1,-64.8,False,False,0,True
10,S1300,4.9350834,115.8993904,S1274,4.8905928,115.9099937,5.085,1,-20.4,False,False,0,True
10,S1300,4.9350834,115.8993904,S1275,4.9389728,115.9278051,3.177,1,4.5,True,False,0,True
10,S1300,4.9350834,115.8993904,S1282,4.9714154,115.8933589,4.095,1,-51.2,False,False,0,True
10,S1300,4.9350834,115.8993904,S1286,5.01491,115.9389239,9.898,1,-5.9,False,False,0,True
10,S1300,4.9350834,115.8993904,S1287,4.8626957,115.8968561,8.054,1,-72.7,False,False,0,True
10,S1300,4.9350834,115.8993904,S1288,4.9828339,115.8918758,5.374,1,-24.6,False,False,0,True
10,S1300,4.9350834,115.8993904,S1292,4.931657,115.9209908,2.423,1,-4.3,False,False,0,True
10,S1300,4.9350834,115.8993904,S1293,4.8786559,115.9234644,6.818,1,-72.3,False,False,0,True
10,S1300,4.9350834,115.8993904,S1294,5.009984,115.9218609,8.693,1,-12.8,False,False,0,True
10,S1300,4.9350834,115.8993904,S1295,4.8950427,115.9239912,5.22,1,1.8,True,False,0,True
10,S1300,4.9350834,115.8993904,S1296,4.9424497,115.9189645,2.318,1,-7.0,False,False,0,True
10,S1300,4.9350834,115.8993904,S1297,4.8680918,115.8841145,7.639,1,-128.4,False,False,0,True
10,S1300,4.9350834,115.8993904,S1299,4.9725045,115.9099196,4.321,1,-24.8,False,False,0,True
10,S1300,4.9350834,115.8993904,S1307,4.9820097,115.8942416,5.249,1,-36.2,False,False,0,True
10,S1300,4.9350834,115.8993904,S1308,4.9617425,115.9377015,5.177,1,20.2,True,True,0,True
10,S1300,4.9350834,115.8993904,S1309,4.9686314,115.9343143,5.374,1,14.2,True,True,0,True
10,S1300,4.9350834,115.8993904,S1310,5.0057309,115.9360104,8.841,1,-15.8,False,False,0,True
10,S1300,4.9350834,115.8993904,S1312,4.955506,115.9182353,3.085,1,0.3,True,False,0,True
10,S1300,4.9350834,115.8993904,S1313,5.0073294,115.9475247,9.642,1,7.5,True,False,0,True
10,S1300,4.9350834,115.8993904,S1316,5.0042828,115.929199,8.373,1,-19.3,False,False,0,True
10,S1307,4.9820097,115.8942416,S0111,5.0186735,115.9059101,4.277,0,-52.0,False,False,0,True
10,S1307,4.9820097,115.8942416,S1262,4.9498512,115.9165432,4.346,0,-13.9,False,False,0,True
10,S1307,4.9820097,115.8942416,S1266,4.9000969,115.8990228,9.124,0,-40.9,False,False,0,True
10,S1307,4.9820097,115.8942416,S1267,4.9567649,115.9287947,4.747,0,11.1,True,True,0,True
10,S1307,4.9820097,115.8942416,S1268,5.0300298,115.9677481,9.737,0,-97.0,False,False,0,True
10,S1307,4.9820097,115.8942416,S1275,4.9389728,115.9278051,6.06,0,-7.2,False,False,0,True
10,S1307,4.9820097,115.8942416,S1282,4.9714154,115.8933589,1.182,0,-24.5,False,False,0,True
10,S1307,4.9820097,115.8942416,S1286,5.01491,115.9389239,6.155,0,-10.8,False,False,0,True
10,S1307,4.9820097,115.8942416,S1288,4.9828339,115.8918758,0.278,0,9.2,True,True,0,True
10,S1307,4.9820097,115.8942416,S1292,4.931657,115.9209908,6.335,0,-11.1,False,False,0,True
10,S1307,4.9820097,115.8942416,S1294,5.009984,115.9218609,4.363,0,-11.0,False,False,0,True
10,S1307,4.9820097,115.8942416,S1296,4.9424497,115.9189645,5.182,0,-13.6,False,False,0,True
10,S1307,4.9820097,115.8942416,S1299,4.9725045,115.9099196,2.033,0,6.3,True,True,0,True
10,S1307,4.9820097,115.8942416,S1300,4.9350834,115.8993904,5.249,0,-27.8,False,False,0,True
10,S1307,4.9820097,115.8942416,S1308,4.9617425,115.9377015,5.316,0,3.1,True,False,0,True
10,S1307,4.9820097,115.8942416,S1309,4.9686314,115.9343143,4.682,0,-19.8,False,False,0,True
10,S1307,4.9820097,115.8942416,S1310,5.0057309,115.9360104,5.326,0,-10.7,False,False,0,True
10,S1307,4.9820097,115.8942416,S1312,4.955506,115.9182353,3.969,0,-24.7,False,False,0,True
10,S1307,4.9820097,115.8942416,S1313,5.0073294,115.9475247,6.539,0,-9.4,False,False,0,True
10,S1307,4.9820097,115.8942416,S1316,5.0042828,115.929199,4.597,0,-11.3,False,False,0,True
10,S1308,4.9617425,115.9377015,S0111,5.0186735,115.9059101,7.244,0,-34.2,False,False,0,True
10,S1308,4.9617425,115.9377015,S1262,4.9498512,115.9165432,2.691,0,7.7,True,True,0,True
10,S1308,4.9617425,115.9377015,S1266,4.9000969,115.8990228,8.084,0,1.5,True,False,0,True
10,S1308,4.9617425,115.9377015,S1267,4.9567649,115.9287947,1.131,0,10.0,True,True,0,True
10,S1308,4.9617425,115.9377015,S1268,5.0300298,115.9677481,8.291,0,-175.8,False,False,0,True
10,S1308,4.9617425,115.9377015,S1273,4.8816281,115.9076972,9.508,0,-42.2,False,False,0,True
10,S1308,4.9617425,115.9377015,S1274,4.8905928,115.9099937,8.486,0,14.7,True,True,0,True
10,S1308,4.9617425,115.9377015,S1275,4.9389728,115.9278051,2.759,0,6.0,True,False,0,True
10,S1308,4.9617425,115.9377015,S1282,4.9714154,115.8933589,5.029,0,1.4,True,False,0,True
10,S1308,4.9617425,115.9377015,S1286,5.01491,115.9389239,5.914,0,-100.0,False,False,0,True
10,S1308,4.9617425,115.9377015,S1288,4.9828339,115.8918758,5.592,0,9.8,True,True,0,True
10,S1308,4.9617425,115.9377015,S1292,4.931657,115.9209908,3.823,0,9.4,True,True,0,True
10,S1308,4.9617425,115.9377015,S1293,4.8786559,115.9234644,9.372,0,-101.3,False,False,0,True
10,S1308,4.9617425,115.9377015,S1294,5.009984,115.9218609,5.644,0,-24.6,False,False,0,True
10,S1308,4.9617425,115.9377015,S1295,4.8950427,115.9239912,7.571,0,-62.3,False,False,0,True
10,S1308,4.9617425,115.9377015,S1296,4.9424497,115.9189645,2.985,0,5.9,True,True,0,True
10,S1308,4.9617425,115.9377015,S1299,4.9725045,115.9099196,3.302,0,-11.8,False,False,0,True
10,S1308,4.9617425,115.9377015,S1300,4.9350834,115.8993904,5.177,0,2.2,True,False,0,True
10,S1308,4.9617425,115.9377015,S1307,4.9820097,115.8942416,5.316,0,-16.0,False,False,0,True
10,S1308,4.9617425,115.9377015,S1309,4.9686314,115.9343143,0.853,0,10.1,True,True,0,True
10,S1308,4.9617425,115.9377015,S1310,5.0057309,115.9360104,4.895,0,-91.4,False,False,0,True
10,S1308,4.9617425,115.9377015,S1312,4.955506,115.9182353,2.265,0,8.1,True,True,0,True
10,S1308,4.9617425,115.9377015,S1313,5.0073294,115.9475247,5.185,0,-110.5,False,False,0,True
10,S1308,4.9617425,115.9377015,S1316,5.0042828,115.929199,4.823,0,-54.6,False,False,0,True
10,S1309,4.9686314,115.9343143,S0111,5.0186735,115.9059101,6.392,0,-35.6,False,False,0,True
10,S1309,4.9686314,115.9343143,S1262,4.9498512,115.9165432,2.87,0,7.3,True,True,0,True
10,S1309,4.9686314,115.9343143,S1266,4.9000969,115.8990228,8.565,0,-2.9,False,False,0,True
10,S1309,4.9686314,115.9343143,S1267,4.9567649,115.9287947,1.454,0,10.1,True,True,0,True
10,S1309,4.9686314,115.9343143,S1268,5.0300298,115.9677481,7.767,0,-176.6,False,False,0,True
10,S1309,4.9686314,115.9343143,S1274,4.8905928,115.9099937,9.086,0,14.7,True,True,0,True
10,S1309,4.9686314,115.9343143,S1275,4.9389728,115.9278051,3.376,0,8.5,True,False,0,True
10,S1309,4.9686314,115.9343143,S1282,4.9714154,115.8933589,4.547,0,-8.0,False,False,0,True
10,S1309,4.9686314,115.9343143,S1286,5.01491,115.9389239,5.171,0,-58.2,False,False,0,True
10,S1309,4.9686314,115.9343143,S1288,4.9828339,115.8918758,4.959,0,-2.2,False,False,0,True
10,S1309,4.9686314,115.9343143,S1292,4.931657,115.9209908,4.368,0,8.7,True,False,0,True
10,S1309,4.9686314,115.9343143,S1294,5.009984,115.9218609,4.801,0,-12.3,False,False,0,True
10,S1309,4.9686314,115.9343143,S1295,4.8950427,115.9239912,8.262,0,-20.4,False,False,0,True
10,S1309,4.9686314,115.9343143,S1296,4.9424497,115.9189645,3.372,0,-6.2,False,False,0,True
10,S1309,4.9686314,115.9343143,S1299,4.9725045,115.9099196,2.736,0,-18.5,False,False,0,True
10,S1309,4.9686314,115.9343143,S1300,4.9350834,115.8993904,5.374,0,0.0,True,False,0,True
10,S1309,4.9686314,115.9343143,S1307,4.9820097,115.8942416,4.682,0,-16.5,False,False,0,True
10,S1309,4.9686314,115.9343143,S1308,4.9617425,115.9377015,0.853,0,7.0,True,True,0,True
10,S1309,4.9686314,115.9343143,S1310,5.0057309,115.9360104,4.13,0,-56.6,False,False,0,True
10,S1309,4.9686314,115.9343143,S1312,4.955506,115.9182353,2.303,0,7.9,True,True,0,True
10,S1309,4.9686314,115.9343143,S1313,5.0073294,115.9475247,4.545,0,-93.4,False,False,0,True
10,S1309,4.9686314,115.9343143,S1316,5.0042828,115.929199,4.005,0,-29.5,False,False,0,True
10,S1310,5.0057309,115.9360104,S0111,5.0186735,115.9059101,3.632,0,6.2,True,True,0,True
10,S1310,5.0057309,115.9360104,S1262,4.9498512,115.9165432,6.577,0,-38.8,False,False,0,True
10,S1310,5.0057309,115.9360104,S1267,4.9567649,115.9287947,5.503,0,-20.3,False,False,0,True
10,S1310,5.0057309,115.9360104,S1268,5.0300298,115.9677481,4.434,0,-110.8,False,False,0,True
10,S1310,5.0057309,115.9360104,S1275,4.9389728,115.9278051,7.479,0,-16.3,False,False,0,True
10,S1310,5.0057309,115.9360104,S1282,4.9714154,115.8933589,6.073,0,-26.1,False,False,0,True
10,S1310,5.0057309,115.9360104,S1286,5.01491,115.9389239,1.07,0,10.1,True,True,0,True
10,S1310,5.0057309,115.9360104,S1288,4.9828339,115.8918758,5.512,0,-0.8,False,False,0,True
10,S1310,5.0057309,115.9360104,S1292,4.931657,115.9209908,8.403,0,-19.3,False,False,0,True
10,S1310,5.0057309,115.9360104,S1294,5.009984,115.9218609,1.637,0,8.4,True,True,0,True
10,S1310,5.0057309,115.9360104,S1296,4.9424497,115.9189645,7.286,0,-43.6,False,False,0,True
10,S1310,5.0057309,115.9360104,S1299,4.9725045,115.9099196,4.691,0,-26.7,False,False,0,True
10,S1310,5.0057309,115.9360104,S1300,4.9350834,115.8993904,8.841,0,-6.0,False,False,0,True
10,S1310,5.0057309,115.9360104,S1307,4.9820097,115.8942416,5.326,0,-29.7,False,False,0,True
10,S1310,5.0057309,115.9360104,S1308,4.9617425,115.9377015,4.895,0,-98.0,False,False,0,True
10,S1310,5.0057309,115.9360104,S1309,4.9686314,115.9343143,4.13,0,-68.9,False,False,0,True
10,S1310,5.0057309,115.9360104,S1312,4.955506,115.9182353,5.922,0,-45.0,False,False,0,True
10,S1310,5.0057309,115.9360104,S1313,5.0073294,115.9475247,1.288,0,9.8,True,True,0,True
10,S1310,5.0057309,115.9360104,S1316,5.0042828,115.929199,0.771,0,8.3,True,True,0,True
10,S1312,4.955506,115.9182353,S0111,5.0186735,115.9059101,7.155,0,-22.2,False,False,0,True
10,S1312,4.955506,115.9182353,S1262,4.9498512,115.9165432,0.656,0,8.7,True,True,0,True
10,S1312,4.955506,115.9182353,S1266,4.9000969,115.8990228,6.519,0,-19.2,False,False,0,True
10,S1312,4.955506,115.9182353,S1267,4.9567649,115.9287947,1.178,0,10.1,True,True,0,True
10,S1312,4.955506,115.9182353,S1268,5.0300298,115.9677481,9.937,0,-146.6,False,False,0,True
10,S1312,4.955506,115.9182353,S1270,4.8751133,115.9010094,9.141,0,-65.0,False,False,0,True
10,S1312,4.955506,115.9182353,S1273,4.8816281,115.9076972,8.297,0,-66.4,False,False,0,True
10,S1312,4.955506,115.9182353,S1274,4.8905928,115.9099937,7.276,0,12.2,True,False,0,True
10,S1312,4.955506,115.9182353,S1275,4.9389728,115.9278051,2.122,0,8.3,True,True,0,True
10,S1312,4.955506,115.9182353,S1282,4.9714154,115.8933589,3.275,0,-15.1,False,False,0,True
10,S1312,4.955506,115.9182353,S1286,5.01491,115.9389239,6.992,0,-38.1,False,False,0,True
10,S1312,4.955506,115.9182353,S1288,4.9828339,115.8918758,4.214,0,-11.4,False,False,0,True
10,S1312,4.955506,115.9182353,S1292,4.931657,115.9209908,2.669,0,4.9,True,False,0,True
10,S1312,4.955506,115.9182353,S1293,4.8786559,115.9234644,8.565,0,-24.2,False,False,0,True
10,S1312,4.955506,115.9182353,S1294,5.009984,115.9218609,6.071,0,-32.6,False,False,0,True
10,S1312,4.955506,115.9182353,S1295,4.8950427,115.9239912,6.753,0,-26.2,False,False,0,True
10,S1312,4.955506,115.9182353,S1296,4.9424497,115.9189645,1.454,0,-8.1,False,False,0,True
10,S1312,4.955506,115.9182353,S1299,4.9725045,115.9099196,2.103,0,-1.6,False,False,0,True
10,S1312,4.955506,115.9182353,S1300,4.9350834,115.8993904,3.085,0,-3.1,False,False,0,True
10,S1312,4.955506,115.9182353,S1307,4.9820097,115.8942416,3.969,0,-29.8,False,False,0,True
10,S1312,4.955506,115.9182353,S1308,4.9617425,115.9377015,2.265,0,10.0,True,True,0,True
10,S1312,4.955506,115.9182353,S1309,4.9686314,115.9343143,2.303,0,14.0,True,True,0,True
10,S1312,4.955506,115.9182353,S1310,5.0057309,115.9360104,5.922,0,-37.9,False,False,0,True
10,S1312,4.955506,115.9182353,S1313,5.0073294,115.9475247,6.613,0,-18.4,False,False,0,True
10,S1312,4.955506,115.9182353,S1316,5.0042828,115.929199,5.558,0,-19.8,False,False,0,True
10,S1313,5.0073294,115.9475247,S0111,5.0186735,115.9059101,4.779,0,3.2,True,False,0,True
10,S1313,5.0073294,115.9475247,S1262,4.9498512,115.9165432,7.254,0,-4.7,False,False,0,True
10,S1313,5.0073294,115.9475247,S1267,4.9567649,115.9287947,5.993,0,-89.8,False,False,0,True
10,S1313,5.0073294,115.9475247,S1268,5.0300298,115.9677481,3.375,0,-110.6,False,False,0,True
10,S1313,5.0073294,115.9475247,S1275,4.9389728,115.9278051,7.909,0,-91.8,False,False,0,True
10,S1313,5.0073294,115.9475247,S1282,4.9714154,115.8933589,7.208,0,-22.2,False,False,0,True
10,S1313,5.0073294,115.9475247,S1286,5.01491,115.9389239,1.272,0,10.2,True,True,0,True
10,S1313,5.0073294,115.9475247,S1288,4.9828339,115.8918758,6.739,0,4.6,True,False,0,True
10,S1313,5.0073294,115.9475247,S1292,4.931657,115.9209908,8.913,0,-86.3,False,False,0,True
10,S1313,5.0073294,115.9475247,S1294,5.009984,115.9218609,2.858,0,10.1,True,True,0,True
10,S1313,5.0073294,115.9475247,S1296,4.9424497,115.9189645,7.878,0,-39.5,False,False,0,True
10,S1313,5.0073294,115.9475247,S1299,4.9725045,115.9099196,5.688,0,-21.7,False,False,0,True
10,S1313,5.0073294,115.9475247,S1300,4.9350834,115.8993904,9.642,0,7.9,True,False,0,True
10,S1313,5.0073294,115.9475247,S1307,4.9820097,115.8942416,6.539,0,-28.6,False,False,0,True
10,S1313,5.0073294,115.9475247,S1308,4.9617425,115.9377015,5.185,0,-103.1,False,False,0,True
10,S1313,5.0073294,115.9475247,S1309,4.9686314,115.9343143,4.545,0,-102.0,False,False,0,True
10,S1313,5.0073294,115.9475247,S1310,5.0057309,115.9360104,1.288,0,10.2,True,True,0,True
10,S1313,5.0073294,115.9475247,S1312,4.955506,115.9182353,6.613,0,-25.5,False,False,0,True
10,S1313,5.0073294,115.9475247,S1316,5.0042828,115.929199,2.058,0,8.5,True,True,0,True
10,S1315,5.122124,116.0012316,S1318,5.117836,115.966963,3.825,0,-98.9,False,False,0,True
10,S1316,5.0042828,115.929199,S0111,5.0186735,115.9059101,3.036,0,6.0,True,True,0,True
10,S1316,5.0042828,115.929199,S1262,4.9498512,115.9165432,6.213,0,-24.2,False,False,0,True
10,S1316,5.0042828,115.929199,S1267,4.9567649,115.9287947,5.284,0,-17.4,False,False,0,True
10,S1316,5.0042828,115.929199,S1268,5.0300298,115.9677481,5.141,0,-103.5,False,False,0,True
10,S1316,5.0042828,115.929199,S1275,4.9389728,115.9278051,7.264,0,-14.1,False,False,0,True
10,S1316,5.0042828,115.929199,S1282,4.9714154,115.8933589,5.396,0,-28.2,False,False,0,True
10,S1316,5.0042828,115.929199,S1286,5.01491,115.9389239,1.599,0,10.1,True,True,0,True
10,S1316,5.0042828,115.929199,S1288,4.9828339,115.8918758,4.773,0,-2.9,False,False,0,True
10,S1316,5.0042828,115.929199,S1292,4.931657,115.9209908,8.127,0,-35.6,False,False,0,True
10,S1316,5.0042828,115.929199,S1294,5.009984,115.9218609,1.031,0,5.9,True,True,0,True
10,S1316,5.0042828,115.929199,S1296,4.9424497,115.9189645,6.968,0,-42.6,False,False,0,True
10,S1316,5.0042828,115.929199,S1299,4.9725045,115.9099196,4.129,0,-26.8,False,False,0,True
10,S1316,5.0042828,115.929199,S1300,4.9350834,115.8993904,8.373,0,-7.2,False,False,0,True
10,S1316,5.0042828,115.929199,S1307,4.9820097,115.8942416,4.597,0,-30.0,False,False,0,True
10,S1316,5.0042828,115.929199,S1308,4.9617425,115.9377015,4.823,0,-61.3,False,False,0,True
10,S1316,5.0042828,115.929199,S1309,4.9686314,115.9343143,4.005,0,-41.4,False,False,0,True
10,S1316,5.0042828,115.929199,S1310,5.0057309,115.9360104,0.771,0,8.6,True,True,0,True
10,S1316,5.0042828,115.929199,S1312,4.955506,115.9182353,5.558,0,-27.6,False,False,0,True
10,S1316,5.0042828,115.929199,S1313,5.0073294,115.9475247,2.058,0,9.9,True,True,0,True
10,S1318,5.117836,115.966963,S1268,5.0300298,115.9677481,9.764,1,-15.6,False,False,0,True
10,S1318,5.117836,115.966963,S1315,5.122124,116.0012316,3.825,1,-99.9,False,False,0,True
10,S1323,5.2775082,119.214677,S1324,5.3663703,119.2047753,9.942,1,-30.0,False,False,0,True
10,S1323,5.2775082,119.214677,S1322,5.2335919,119.2067601,4.961,1,9.9,True,True,0,True
10,S1324,5.3663703,119.2047753,S1323,5.2775082,119.214677,9.942,0,-28.0,False,False,0,True
10,S1333,4.6544051,118.2607451,S1334,4.6596024,118.2888423,3.167,0,-28.3,False,False,0,True
10,S1333,4.6544051,118.2607451,S1335,4.6530187,118.2946921,3.765,0,-16.4,False,False,0,True
10,S1333,4.6544051,118.2607451,S1336,4.6562419,118.2945101,3.748,0,-20.4,False,False,0,True
10,S1333,4.6544051,118.2607451,S1337,4.6596061,118.2787498,2.078,0,3.0,True,False,0,True
10,S1333,4.6544051,118.2607451,S1338,4.6567709,118.2701645,1.077,0,-0.4,False,False,0,True
10,S1333,4.6544051,118.2607451,S1346,4.7108573,118.2130149,8.209,0,-49.2,False,False,0,True
10,S1333,4.6544051,118.2607451,S1347,4.7042168,118.2035741,8.416,0,-40.3,False,False,0,True
10,S1334,4.6596024,118.2888423,S1333,4.6544051,118.2607451,3.167,0,-17.0,False,False,0,True
10,S1334,4.6596024,118.2888423,S1335,4.6530187,118.2946921,0.978,0,9.1,True,True,0,True
10,S1334,4.6596024,118.2888423,S1336,4.6562419,118.2945101,0.731,0,10.1,True,True,0,True
10,S1334,4.6596024,118.2888423,S1337,4.6596061,118.2787498,1.119,0,1.5,True,False,0,True
10,S1334,4.6596024,118.2888423,S1338,4.6567709,118.2701645,2.094,0,-9.3,False,False,0,True
10,S1334,4.6596024,118.2888423,S1442,4.6296769,118.3606267,8.624,0,10.0,True,False,0,True
10,S1335,4.6530187,118.2946921,S1333,4.6544051,118.2607451,3.765,0,-31.5,False,False,0,True
10,S1335,4.6530187,118.2946921,S1334,4.6596024,118.2888423,0.978,0,10.1,True,True,0,True
10,S1335,4.6530187,118.2946921,S1336,4.6562419,118.2945101,0.359,0,10.1,True,True,0,True
10,S1335,4.6530187,118.2946921,S1337,4.6596061,118.2787498,1.913,0,-32.8,False,False,0,True
10,S1335,4.6530187,118.2946921,S1338,4.6567709,118.2701645,2.75,0,-12.6,False,False,0,True
10,S1335,4.6530187,118.2946921,S1442,4.6296769,118.3606267,7.755,0,10.0,True,True,0,True
10,S1336,4.6562419,118.2945101,S1333,4.6544051,118.2607451,3.748,0,-34.5,False,False,0,True
10,S1336,4.6562419,118.2945101,S1334,4.6596024,118.2888423,0.731,0,10.1,True,True,0,True
10,S1336,4.6562419,118.2945101,S1335,4.6530187,118.2946921,0.359,0,10.0,True,True,0,True
10,S1336,4.6562419,118.2945101,S1337,4.6596061,118.2787498,1.786,0,-17.4,False,False,0,True
10,S1336,4.6562419,118.2945101,S1338,4.6567709,118.2701645,2.699,0,-14.9,False,False,0,True
10,S1336,4.6562419,118.2945101,S1442,4.6296769,118.3606267,7.901,0,10.0,True,False,0,True
10,S1337,4.6596061,118.2787498,S1333,4.6544051,118.2607451,2.078,1,1.4,True,False,0,True
10,S1337,4.6596061,118.2787498,S1334,4.6596024,118.2888423,1.119,1,-1.2,False,False,0,True
10,S1337,4.6596061,118.2787498,S1335,4.6530187,118.2946921,1.913,1,-24.6,False,False,0,True
10,S1337,4.6596061,118.2787498,S1336,4.6562419,118.2945101,1.786,1,-8.6,False,False,0,True
10,S1337,4.6596061,118.2787498,S1338,4.6567709,118.2701645,1.002,1,8.7,True,True,0,True
10,S1337,4.6596061,118.2787498,S1346,4.7108573,118.2130149,9.249,1,-2.6,False,False,0,True
10,S1337,4.6596061,118.2787498,S1347,4.7042168,118.2035741,9.696,1,-57.3,False,False,0,True
10,S1337,4.6596061,118.2787498,S1442,4.6296769,118.3606267,9.665,1,-21.8,False,False,0,True
10,S1338,4.6567709,118.2701645,S1333,4.6544051,118.2607451,1.077,0,1.2,True,False,0,True
10,S1338,4.6567709,118.2701645,S1334,4.6596024,118.2888423,2.094,0,-16.8,False,False,0,True
10,S1338,4.6567709,118.2701645,S1335,4.6530187,118.2946921,2.75,0,-13.5,False,False,0,True
10,S1338,4.6567709,118.2701645,S1336,4.6562419,118.2945101,2.699,0,-10.7,False,False,0,True
10,S1338,4.6567709,118.2701645,S1337,4.6596061,118.2787498,1.002,0,3.3,True,False,0,True
10,S1338,4.6567709,118.2701645,S1346,4.7108573,118.2130149,8.734,0,-20.3,False,False,0,True
10,S1338,4.6567709,118.2701645,S1347,4.7042168,118.2035741,9.072,0,-51.8,False,False,0,True
10,S1345,4.7240551,118.1892659,S1346,4.7108573,118.2130149,3.013,1,9.8,True,True,0,True
10,S1345,4.7240551,118.1892659,S1347,4.7042168,118.2035741,2.717,1,10.0,True,True,0,True
10,S1346,4.7108573,118.2130149,S1333,4.6544051,118.2607451,8.209,0,-34.7,False,False,0,True
10,S1346,4.7108573,118.2130149,S1337,4.6596061,118.2787498,9.249,0,5.1,True,False,0,True
10,S1346,4.7108573,118.2130149,S1338,4.6567709,118.2701645,8.734,0,-3.9,False,False,0,True
10,S1346,4.7108573,118.2130149,S1345,4.7240551,118.1892659,3.013,0,4.8,True,False,0,True
10,S1346,4.7108573,118.2130149,S1347,4.7042168,118.2035741,1.281,0,9.6,True,True,0,True
10,S1347,4.7042168,118.2035741,S1333,4.6544051,118.2607451,8.416,0,-28.3,False,False,0,True
10,S1347,4.7042168,118.2035741,S1337,4.6596061,118.2787498,9.696,0,-43.7,False,False,0,True
10,S1347,4.7042168,118.2035741,S1338,4.6567709,118.2701645,9.072,0,-38.7,False,False,0,True
10,S1347,4.7042168,118.2035741,S1345,4.7240551,118.1892659,2.717,0,4.2,True,False,0,True
10,S1347,4.7042168,118.2035741,S1346,4.7108573,118.2130149,1.281,0,10.1,True,True,0,True
10,S1365,5.9484425,118.0140645,S0196,5.9479941,118.014302,0.056,0,10.1,True,True,0,True
10,S1366,5.9945988,117.9113975,S0205,5.9696538,117.9102422,2.777,0,6.4,True,False,0,True
10,S1374,6.5225146,116.7520247,S0015,6.5323956,116.7030749,5.518,0,2.4,True,False,0,True
10,S1374,6.5225146,116.7520247,S0273,6.4544107,116.8012118,9.321,0,5.1,True,False,0,True
10,S1375,6.0192661,116.1981364,S1411,6.0962064,116.2318513,9.332,0,-378.7,False,False,0,True
10,S1375,6.0192661,116.1981364,S1421,6.0579997,116.2132233,4.619,0,-276.4,False,False,0,True
10,S1375,6.0192661,116.1981364,S1422,6.0665881,116.2285495,6.245,0,-389.7,False,False,0,True
10,S1375,6.0192661,116.1981364,S1423,6.0810601,116.2373578,8.125,0,-313.1,False,False,0,True
10,S1375,6.0192661,116.1981364,S1428,6.0023531,116.2380284,4.796,0,-365.6,False,False,0,True
10,S1378,6.5309639,116.8482926,S0017,6.5872942,116.8545206,6.301,0,-3.9,False,False,0,True
10,S1378,6.5309639,116.8482926,S0033,6.4764024,116.8436982,6.088,0,-2.3,False,False,0,True
10,S1378,6.5309639,116.8482926,S0273,6.4544107,116.8012118,9.976,0,0.2,True,False,0,True
10,S1378,6.5309639,116.8482926,S1190,6.4860679,116.8662016,5.37,0,7.6,True,False,0,True
10,S1382,6.2253902,116.2167048,S0138,6.2478396,116.2403592,3.615,0,7.0,True,True,0,True
10,S1382,6.2253902,116.2167048,S0178,6.2383709,116.2825212,7.417,0,-69.9,False,False,0,True
10,S1382,6.2253902,116.2167048,S0240,6.2443677,116.2902122,8.395,0,-71.0,False,False,0,True
10,S1382,6.2253902,116.2167048,S1390,6.2252622,116.2206638,0.438,0,10.1,True,True,0,True
10,S1386,6.0582824,116.282368,S0132,6.0508758,116.2835896,0.835,0,-1.4,False,False,0,True
10,S1386,6.0582824,116.282368,S1398,6.1248417,116.2392569,8.803,0,-388.1,False,False,0,True
10,S1386,6.0582824,116.282368,S1402,6.1135339,116.2403083,7.705,0,-449.9,False,False,0,True
10,S1386,6.0582824,116.282368,S1411,6.0962064,116.2318513,6.999,0,-544.0,False,False,0,True
10,S1386,6.0582824,116.282368,S1413,6.1010524,116.2487948,6.033,0,-208.9,False,False,0,True
10,S1386,6.0582824,116.282368,S1421,6.0579997,116.2132233,7.646,0,-239.0,False,False,0,True
10,S1386,6.0582824,116.282368,S1422,6.0665881,116.2285495,6.022,0,-209.8,False,False,0,True
10,S1386,6.0582824,116.282368,S1423,6.0810601,116.2373578,5.584,0,-206.8,False,False,0,True
10,S1386,6.0582824,116.282368,S1428,6.0023531,116.2380284,7.919,0,-129.9,False,False,0,True
10,S1390,6.2252622,116.2206638,S0138,6.2478396,116.2403592,3.323,0,-23.0,False,False,0,True
10,S1390,6.2252622,116.2206638,S0178,6.2383709,116.2825212,6.991,0,-56.5,False,False,0,True
10,S1390,6.2252622,116.2206638,S0240,6.2443677,116.2902122,7.976,0,-66.0,False,False,0,True
10,S1390,6.2252622,116.2206638,S1382,6.2253902,116.2167048,0.438,0,10.1,True,True,0,True
10,S1398,6.1248417,116.2392569,S0132,6.0508758,116.2835896,9.575,0,-371.6,False,False,0,True
10,S1398,6.1248417,116.2392569,S1386,6.0582824,116.282368,8.803,0,-385.9,False,False,0,True
10,S1398,6.1248417,116.2392569,S1402,6.1135339,116.2403083,1.263,0,-1.6,False,False,0,True
10,S1398,6.1248417,116.2392569,S1411,6.0962064,116.2318513,3.288,0,-10.2,False,False,0,True
10,S1398,6.1248417,116.2392569,S1413,6.1010524,116.2487948,2.848,0,7.2,True,True,0,True
10,S1398,6.1248417,116.2392569,S1421,6.0579997,116.2132233,7.97,0,9.0,True,True,0,True
10,S1398,6.1248417,116.2392569,S1422,6.0665881,116.2285495,6.585,0,-107.9,False,False,0,True
10,S1398,6.1248417,116.2392569,S1423,6.0810601,116.2373578,4.873,0,8.6,True,True,0,True
10,S1402,6.1135339,116.2403083,S0132,6.0508758,116.2835896,8.452,0,-425.6,False,False,0,True
10,S1402,6.1135339,116.2403083,S1386,6.0582824,116.282368,7.705,0,-444.3,False,False,0,True
10,S1402,6.1135339,116.2403083,S1398,6.1248417,116.2392569,1.263,0,3.3,True,False,0,True
10,S1402,6.1135339,116.2403083,S1411,6.0962064,116.2318513,2.142,0,-22.1,False,False,0,True
10,S1402,6.1135339,116.2403083,S1413,6.1010524,116.2487948,1.675,0,3.2,True,False,0,True
10,S1402,6.1135339,116.2403083,S1421,6.0579997,116.2132233,6.863,0,-34.6,False,False,0,True
10,S1402,6.1135339,116.2403083,S1422,6.0665881,116.2285495,5.38,0,-137.2,False,False,0,True
10,S1402,6.1135339,116.2403083,S1423,6.0810601,116.2373578,3.626,0,7.3,True,True,0,True
10,S1411,6.0962064,116.2318513,S0132,6.0508758,116.2835896,7.625,0,-489.7,False,False,0,True
10,S1411,6.0962064,116.2318513,S1375,6.0192661,116.1981364,9.332,0,-384.1,False,False,0,True
10,S1411,6.0962064,116.2318513,S1386,6.0582824,116.282368,6.999,0,-536.5,False,False,0,True
10,S1411,6.0962064,116.2318513,S1398,6.1248417,116.2392569,3.288,0,6.4,True,False,0,True
10,S1411,6.0962064,116.2318513,S1402,6.1135339,116.2403083,2.142,0,-17.8,False,False,0,True
10,S1411,6.0962064,116.2318513,S1413,6.1010524,116.2487948,1.949,0,-20.4,False,False,0,True
10,S1411,6.0962064,116.2318513,S1421,6.0579997,116.2132233,4.721,0,-85.6,False,False,0,True
10,S1411,6.0962064,116.2318513,S1422,6.0665881,116.2285495,3.314,0,-122.1,False,False,0,True
10,S1411,6.0962064,116.2318513,S1423,6.0810601,116.2373578,1.791,0,5.1,True,True,0,True
10,S1413,6.1010524,116.2487948,S0132,6.0508758,116.2835896,6.777,0,-167.9,False,False,0,True
10,S1413,6.1010524,116.2487948,S1386,6.0582824,116.282368,6.033,0,-196.4,False,False,0,True
10,S1413,6.1010524,116.2487948,S1398,6.1248417,116.2392569,2.848,0,11.0,True,True,0,True
10,S1413,6.1010524,116.2487948,S1402,6.1135339,116.2403083,1.675,0,-3.0,False,False,0,True
10,S1413,6.1010524,116.2487948,S1411,6.0962064,116.2318513,1.949,0,-13.6,False,False,0,True
10,S1413,6.1010524,116.2487948,S1421,6.0579997,116.2132233,6.196,0,-29.9,False,False,0,True
10,S1413,6.1010524,116.2487948,S1422,6.0665881,116.2285495,4.438,0,-194.9,False,False,0,True
10,S1413,6.1010524,116.2487948,S1423,6.0810601,116.2373578,2.558,0,-23.5,False,False,0,True
10,S1421,6.0579997,116.2132233,S0132,6.0508758,116.2835896,7.821,1,-173.1,False,False,0,True
10,S1421,6.0579997,116.2132233,S1375,6.0192661,116.1981364,4.619,1,-266.6,False,False,0,True
10,S1421,6.0579997,116.2132233,S1386,6.0582824,116.282368,7.646,1,-231.0,False,False,0,True
10,S1421,6.0579997,116.2132233,S1398,6.1248417,116.2392569,7.97,1,11.1,True,True,0,True
10,S1421,6.0579997,116.2132233,S1402,6.1135339,116.2403083,6.863,1,-36.7,False,False,0,True
10,S1421,6.0579997,116.2132233,S1411,6.0962064,116.2318513,4.721,1,-97.5,False,False,0,True
10,S1421,6.0579997,116.2132233,S1413,6.1010524,116.2487948,6.196,1,-47.5,False,False,0,True
10,S1421,6.0579997,116.2132233,S1422,6.0665881,116.2285495,1.945,1,10.1,True,True,0,True
10,S1421,6.0579997,116.2132233,S1423,6.0810601,116.2373578,3.701,1,-12.2,False,False,0,True
10,S1421,6.0579997,116.2132233,S1428,6.0023531,116.2380284,6.768,1,-337.7,False,False,0,True
10,S1422,6.0665881,116.2285495,S0132,6.0508758,116.2835896,6.332,0,-179.0,False,False,0,True
10,S1422,6.0665881,116.2285495,S1375,6.0192661,116.1981364,6.245,0,-388.5,False,False,0,True
10,S1422,6.0665881,116.2285495,S1386,6.0582824,116.282368,6.022,0,-193.5,False,False,0,True
10,S1422,6.0665881,116.2285495,S1398,6.1248417,116.2392569,6.585,0,-93.3,False,False,0,True
10,S1422,6.0665881,116.2285495,S1402,6.1135339,116.2403083,5.38,0,-123.9,False,False,0,True
10,S1422,6.0665881,116.2285495,S1411,6.0962064,116.2318513,3.314,0,-112.4,False,False,0,True
10,S1422,6.0665881,116.2285495,S1413,6.1010524,116.2487948,4.438,0,-185.8,False,False,0,True
10,S1422,6.0665881,116.2285495,S1421,6.0579997,116.2132233,1.945,0,10.0,True,True,0,True
10,S1422,6.0665881,116.2285495,S1423,6.0810601,116.2373578,1.881,0,-98.4,False,False,0,True
10,S1422,6.0665881,116.2285495,S1428,6.0023531,116.2380284,7.219,0,-184.3,False,False,0,True
10,S1423,6.0810601,116.2373578,S0132,6.0508758,116.2835896,6.115,0,-60.0,False,False,0,True
10,S1423,6.0810601,116.2373578,S1375,6.0192661,116.1981364,8.125,0,-316.8,False,False,0,True
10,S1423,6.0810601,116.2373578,S1386,6.0582824,116.282368,5.584,0,-202.5,False,False,0,True
10,S1423,6.0810601,116.2373578,S1398,6.1248417,116.2392569,4.873,0,11.5,True,True,0,True
10,S1423,6.0810601,116.2373578,S1402,6.1135339,116.2403083,3.626,0,8.6,True,True,0,True
10,S1423,6.0810601,116.2373578,S1411,6.0962064,116.2318513,1.791,0,11.3,True,True,0,True
10,S1423,6.0810601,116.2373578,S1413,6.1010524,116.2487948,2.558,0,-36.0,False,False,0,True
10,S1423,6.0810601,116.2373578,S1421,6.0579997,116.2132233,3.701,0,7.0,True,True,0,True
10,S1423,6.0810601,116.2373578,S1422,6.0665881,116.2285495,1.881,0,-93.1,False,False,0,True
10,S1423,6.0810601,116.2373578,S1428,6.0023531,116.2380284,8.752,0,-120.4,False,False,0,True
10,S1428,6.0023531,116.2380284,S0132,6.0508758,116.2835896,7.382,0,-108.1,False,False,0,True
10,S1428,6.0023531,116.2380284,S1375,6.0192661,116.1981364,4.796,0,-377.9,False,False,0,True
10,S1428,6.0023531,116.2380284,S1386,6.0582824,116.282368,7.919,0,-126.5,False,False,0,True
10,S1428,6.0023531,116.2380284,S1421,6.0579997,116.2132233,6.768,0,-344.4,False,False,0,True
10,S1428,6.0023531,116.2380284,S1422,6.0665881,116.2285495,7.219,0,-187.6,False,False,0,True
10,S1428,6.0023531,116.2380284,S1423,6.0810601,116.2373578,8.752,0,-121.0,False,False,0,True
10,S1442,4.6296769,118.3606267,S1334,4.6596024,118.2888423,8.624,0,5.3,True,False,0,True
10,S1442,4.6296769,118.3606267,S1335,4.6530187,118.2946921,7.755,0,11.8,True,True,0,True
10,S1442,4.6296769,118.3606267,S1336,4.6562419,118.2945101,7.901,0,3.5,True,False,0,True
10,S1442,4.6296769,118.3606267,S1337,4.6596061,118.2787498,9.665,0,-39.6,False,False,0,True
10,S1443,4.3745678,117.8130913,S1444,4.3921384,117.7907485,3.155,1,6.4,True,False,0,True
10,S1443,4.3745678,117.8130913,S1447,4.4175388,117.7759373,6.309,1,-1.0,False,False,0,True
10,S1443,4.3745678,117.8130913,S1445,4.4075531,117.8187132,3.72,1,6.0,True,True,0,True
10,S1444,4.3921384,117.7907485,S1443,4.3745678,117.8130913,3.155,0,5.1,True,False,0,True
10,S1444,4.3921384,117.7907485,S1447,4.4175388,117.7759373,3.267,0,5.5,True,False,0,True
10,S1444,4.3921384,117.7907485,S1445,4.4075531,117.8187132,3.543,0,9.5,True,True,0,True
10,S1447,4.4175388,117.7759373,S1443,4.3745678,117.8130913,6.309,0,-3.5,False,False,0,True
10,S1447,4.4175388,117.7759373,S1444,4.3921384,117.7907485,3.267,0,5.8,True,False,0,True
10,S1447,4.4175388,117.7759373,S1445,4.4075531,117.8187132,4.871,0,9.8,True,True,0,True
10,S0061,6.2072984,116.7677359,S0284,6.1615009,116.7975091,6.064,0,-77.8,False,False,0,True
10,S0061,6.2072984,116.7677359,S0375,6.1940804,116.7735199,1.603,0,-8.0,False,False,0,True
10,S0061,6.2072984,116.7677359,S0940,6.15882,116.7789947,5.532,0,-63.7,False,False,0,True
10,S0061,6.2072984,116.7677359,S0943,6.20053,116.7656937,0.786,0,-21.7,False,False,0,True
10,S0061,6.2072984,116.7677359,S0935,6.13671,116.7745909,7.886,0,-93.0,False,False,0,True
10,S0064,5.5091912,116.3233754,S0062,5.4587899,116.2736526,7.855,0,-79.7,False,False,0,True
10,S0064,5.5091912,116.3233754,S0664,5.4542071,116.2578834,9.483,0,-56.1,False,False,0,True
10,S0064,5.5091912,116.3233754,S0667,5.4797716,116.2752866,6.248,0,-50.8,False,False,0,True
10,S0064,5.5091912,116.3233754,S0668,5.4489856,116.2702798,8.908,0,-102.5,False,False,0,True
10,S0064,5.5091912,116.3233754,S0670,5.4728503,116.2654893,7.575,0,-75.3,False,False,0,True
10,S0064,5.5091912,116.3233754,S0674,5.4455835,116.2688726,9.296,0,-111.1,False,False,0,True
10,S0064,5.5091912,116.3233754,S0675,5.4585487,116.2659994,8.488,0,-58.3,False,False,0,True
10,S0064,5.5091912,116.3233754,S0676,5.4464732,116.267259,9.339,0,-96.4,False,False,0,True
10,S0064,5.5091912,116.3233754,S0677,5.4816186,116.2690947,6.745,0,-124.1,False,False,0,True
10,S0064,5.5091912,116.3233754,S0678,5.4582441,116.2733047,7.925,0,-78.9,False,False,0,True
10,S0064,5.5091912,116.3233754,S0680,5.4623131,116.2811304,7.003,0,-103.7,False,False,0,True
10,S0064,5.5091912,116.3233754,S0681,5.4719211,116.2803596,6.312,0,-55.1,False,False,0,True
10,S0064,5.5091912,116.3233754,S0683,5.4676301,116.2678351,7.691,0,-75.6,False,False,0,True
10,S0064,5.5091912,116.3233754,S0684,5.455013,116.2639664,8.918,0,-58.0,False,False,0,True
10,S0064,5.5091912,116.3233754,S0685,5.451431,116.2568816,9.768,0,-52.0,False,False,0,True
10,S0064,5.5091912,116.3233754,S0803,5.5282671,116.2851388,4.734,0,-0.0,False,False,0,True
10,S0064,5.5091912,116.3233754,S0805,5.5411224,116.2810617,5.877,0,-19.0,False,False,0,True
10,S0064,5.5091912,116.3233754,S0816,5.5883975,116.3007588,9.156,0,-164.7,False,False,0,True
10,S0064,5.5091912,116.3233754,S0820,5.5897802,116.3212195,8.964,0,-243.1,False,False,0,True
10,S0064,5.5091912,116.3233754,S0807,5.5197756,116.3176526,1.337,0,10.1,True,True,0,True
10,S0120,4.9116486,116.4932214,S0513,4.9952745,116.4677671,9.717,1,-64.1,False,False,0,True
10,S0120,4.9116486,116.4932214,S0514,4.9163016,116.4924187,0.525,1,2.0,True,False,0,True
10,S0120,4.9116486,116.4932214,S0519,4.8604172,116.4956051,5.703,1,-76.2,False,False,0,True
10,S0120,4.9116486,116.4932214,S0520,4.894948,116.4895586,1.901,1,-16.0,False,False,0,True
10,S0120,4.9116486,116.4932214,S0529,4.9371194,116.4809914,3.14,1,-32.7,False,False,0,True
10,S0128,4.6724662,116.6034504,S0523,4.6745323,116.611379,0.908,1,9.7,True,True,0,True
10,S0128,4.6724662,116.6034504,S0537,4.6730583,116.5948824,0.952,1,6.2,True,True,0,True
10,S0128,4.6724662,116.6034504,S0538,4.6867419,116.6096772,1.731,1,2.5,True,False,0,True
10,S0128,4.6724662,116.6034504,S0541,4.6656659,116.6072803,0.867,1,-9.3,False,False,0,True
10,S0381,6.3629363,116.7548147,S0242,6.3120478,116.7332936,6.138,0,-8.7,False,False,0,True
10,S0381,6.3629363,116.7548147,S0243,6.3871847,116.7747033,3.479,0,-56.3,False,False,0,True
10,S0381,6.3629363,116.7548147,S0379,6.3363692,116.7327757,3.829,0,-11.5,False,False,0,True
10,S0381,6.3629363,116.7548147,S0380,6.3424779,116.740202,2.79,0,-8.0,False,False,0,True
10,S0381,6.3629363,116.7548147,S0383,6.3795511,116.7597414,1.926,0,1.7,True,False,0,True
10,S0381,6.3629363,116.7548147,S0382,6.36331,116.7450321,1.082,0,-17.1,False,False,0,True
10,S0382,6.36331,116.7450321,S0242,6.3120478,116.7332936,5.846,0,9.1,True,True,0,True
10,S0382,6.36331,116.7450321,S0243,6.3871847,116.7747033,4.219,0,-3.3,False,False,0,True
10,S0382,6.36331,116.7450321,S0379,6.3363692,116.7327757,3.288,0,4.9,True,False,0,True
10,S0382,6.36331,116.7450321,S0380,6.3424779,116.740202,2.377,0,-1.8,False,False,0,True
10,S0382,6.36331,116.7450321,S0383,6.3795511,116.7597414,2.43,0,-12.2,False,False,0,True
10,S0382,6.36331,116.7450321,S0381,6.3629363,116.7548147,1.082,0,-21.3,False,False,0,True
10,S0408,6.2974555,116.2814788,S0024,6.2583153,116.3176665,5.911,0,-129.8,False,False,0,True
10,S0408,6.2974555,116.2814788,S0138,6.2478396,116.2403592,7.148,0,-204.6,False,False,0,True
10,S0408,6.2974555,116.2814788,S0178,6.2383709,116.2825212,6.571,0,-105.8,False,False,0,True
10,S0408,6.2974555,116.2814788,S0240,6.2443677,116.2902122,5.982,0,-81.6,False,False,0,True
10,S0408,6.2974555,116.2814788,S0307,6.3129372,116.3458603,7.321,0,-91.6,False,False,0,True
10,S0408,6.2974555,116.2814788,S0404,6.3239734,116.3515484,8.287,0,-134.1,False,False,0,True
10,S0408,6.2974555,116.2814788,S0405,6.3380572,116.3291819,6.941,0,-51.7,False,False,0,True
10,S0408,6.2974555,116.2814788,S0406,6.3394007,116.3431186,8.256,0,-175.5,False,False,0,True
10,S0408,6.2974555,116.2814788,S0407,6.3064939,116.3280651,5.246,0,-28.8,False,False,0,True
10,S0408,6.2974555,116.2814788,S0410,6.3000554,116.328518,5.207,0,-31.9,False,False,0,True
10,S0408,6.2974555,116.2814788,S0409,6.3040075,116.2939116,1.555,0,-68.1,False,False,0,True
10,S0409,6.3040075,116.2939116,S0024,6.2583153,116.3176665,5.719,0,-231.2,False,False,0,True
10,S0409,6.3040075,116.2939116,S0138,6.2478396,116.2403592,8.605,0,-177.4,False,False,0,True
10,S0409,6.3040075,116.2939116,S0178,6.2383709,116.2825212,7.406,0,-106.4,False,False,0,True
10,S0409,6.3040075,116.2939116,S0179,6.3240036,116.3743229,9.161,0,-60.6,False,False,0,True
10,S0409,6.3040075,116.2939116,S0240,6.2443677,116.2902122,6.644,0,-113.4,False,False,0,True
10,S0409,6.3040075,116.2939116,S0307,6.3129372,116.3458603,5.827,0,-92.6,False,False,0,True
10,S0409,6.3040075,116.2939116,S0404,6.3239734,116.3515484,6.746,0,-127.1,False,False,0,True
10,S0409,6.3040075,116.2939116,S0405,6.3380572,116.3291819,5.434,0,-75.4,False,False,0,True
10,S0409,6.3040075,116.2939116,S0406,6.3394007,116.3431186,6.713,0,-174.7,False,False,0,True
10,S0409,6.3040075,116.2939116,S0407,6.3064939,116.3280651,3.785,0,-25.4,False,False,0,True
10,S0409,6.3040075,116.2939116,S0410,6.3000554,116.328518,3.85,0,-4.6,False,False,0,True
10,S0409,6.3040075,116.2939116,S0408,6.2974555,116.2814788,1.555,0,-65.6,False,False,0,True
10,S0461,4.9560925,116.140719,S0588,4.9564866,116.1395051,0.141,1,10.0,True,True,0,True
10,S0514,4.9163016,116.4924187,S0513,4.9952745,116.4677671,9.196,0,-44.1,False,False,0,True
10,S0514,4.9163016,116.4924187,S0120,4.9116486,116.4932214,0.525,0,7.4,True,True,0,True
10,S0514,4.9163016,116.4924187,S0519,4.8604172,116.4956051,6.224,0,-45.1,False,False,0,True
10,S0514,4.9163016,116.4924187,S0520,4.894948,116.4895586,2.395,0,-4.1,False,False,0,True
10,S0514,4.9163016,116.4924187,S0529,4.9371194,116.4809914,2.638,0,-11.6,False,False,0,True
10,S0519,4.8604172,116.4956051,S0120,4.9116486,116.4932214,5.703,0,-86.8,False,False,0,True
10,S0519,4.8604172,116.4956051,S0514,4.9163016,116.4924187,6.224,0,-53.0,False,False,0,True
10,S0519,4.8604172,116.4956051,S0520,4.894948,116.4895586,3.898,0,-41.1,False,False,0,True
10,S0519,4.8604172,116.4956051,S0529,4.9371194,116.4809914,8.681,0,-46.0,False,False,0,True
10,S0520,4.894948,116.4895586,S0120,4.9116486,116.4932214,1.901,0,-6.8,False,False,0,True
10,S0520,4.894948,116.4895586,S0514,4.9163016,116.4924187,2.395,0,-2.3,False,False,0,True
10,S0520,4.894948,116.4895586,S0519,4.8604172,116.4956051,3.898,0,-37.6,False,False,0,True
10,S0520,4.894948,116.4895586,S0529,4.9371194,116.4809914,4.784,0,-23.8,False,False,0,True
10,S0523,4.6745323,116.611379,S0128,4.6724662,116.6034504,0.908,0,14.0,True,True,0,True
10,S0523,4.6745323,116.611379,S0537,4.6730583,116.5948824,1.836,0,5.4,True,True,0,True
10,S0523,4.6745323,116.611379,S0538,4.6867419,116.6096772,1.371,0,-25.2,False,False,0,True
10,S0523,4.6745323,116.611379,S0541,4.6656659,116.6072803,1.086,0,10.0,True,True,0,True
10,S0529,4.9371194,116.4809914,S0512,5.0185581,116.4597964,9.355,0,-72.6,False,False,0,True
10,S0529,4.9371194,116.4809914,S0513,4.9952745,116.4677671,6.63,0,-76.6,False,False,0,True
10,S0529,4.9371194,116.4809914,S0120,4.9116486,116.4932214,3.14,0,-40.2,False,False,0,True
10,S0529,4.9371194,116.4809914,S0514,4.9163016,116.4924187,2.638,0,-2.0,False,False,0,True
10,S0529,4.9371194,116.4809914,S0519,4.8604172,116.4956051,8.681,0,-55.3,False,False,0,True
10,S0529,4.9371194,116.4809914,S0520,4.894948,116.4895586,4.784,0,-21.2,False,False,0,True
10,S0537,4.6730583,116.5948824,S0128,4.6724662,116.6034504,0.952,0,10.1,True,True,0,True
10,S0537,4.6730583,116.5948824,S0523,4.6745323,116.611379,1.836,0,9.5,True,True,0,True
10,S0537,4.6730583,116.5948824,S0538,4.6867419,116.6096772,2.237,0,-3.5,False,False,0,True
10,S0537,4.6730583,116.5948824,S0541,4.6656659,116.6072803,1.601,0,-12.4,False,False,0,True
10,S0538,4.6867419,116.6096772,S0128,4.6724662,116.6034504,1.731,0,7.4,True,False,0,True
10,S0538,4.6867419,116.6096772,S0523,4.6745323,116.611379,1.371,0,-26.3,False,False,0,True
10,S0538,4.6867419,116.6096772,S0537,4.6730583,116.5948824,2.237,0,-1.1,False,False,0,True
10,S0538,4.6867419,116.6096772,S0541,4.6656659,116.6072803,2.359,0,-3.6,False,False,0,True
10,S0541,4.6656659,116.6072803,S0128,4.6724662,116.6034504,0.867,0,-5.7,False,False,0,True
10,S0541,4.6656659,116.6072803,S0523,4.6745323,116.611379,1.086,0,9.6,True,True,0,True
10,S0541,4.6656659,116.6072803,S0537,4.6730583,116.5948824,1.601,0,-1.0,False,False,0,True
10,S0541,4.6656659,116.6072803,S0538,4.6867419,116.6096772,2.359,0,-10.8,False,False,0,True
10,S0588,4.9564866,116.1395051,S0461,4.9560925,116.140719,0.141,0,10.1,True,True,0,True
10,S0593,5.117645,116.3432834,S0114,5.1423979,116.289617,6.55,0,10.9,True,True,0,True
10,S0593,5.117645,116.3432834,S0599,5.0954389,116.3409302,2.483,0,10.1,True,True,0,True
10,S0593,5.117645,116.3432834,S0633,5.1739474,116.391897,8.257,0,-32.2,False,False,0,True
10,S0593,5.117645,116.3432834,S0636,5.1225003,116.3911099,5.324,0,-120.2,False,False,0,True
10,S0593,5.117645,116.3432834,S0648,5.1481891,116.3564896,3.698,0,10.1,True,False,0,True
10,S0593,5.117645,116.3432834,S0650,5.1626227,116.3648085,5.54,0,5.2,True,False,0,True
10,S0593,5.117645,116.3432834,S0651,5.1459778,116.3678933,4.166,0,-37.2,False,False,0,True
10,S0593,5.117645,116.3432834,S0654,5.1518875,116.3337432,3.951,0,8.1,True,True,0,True
10,S0593,5.117645,116.3432834,S0690,5.1964629,116.359591,8.948,0,9.7,True,False,0,True
10,S0593,5.117645,116.3432834,S0699,5.1807118,116.3504924,7.058,0,2.0,True,False,0,True
10,S0593,5.117645,116.3432834,S0701,5.1863236,116.3527253,7.708,0,0.9,True,False,0,True
10,S0593,5.117645,116.3432834,S1073,5.1234242,116.3860528,4.78,0,-100.5,False,False,0,True
10,S0593,5.117645,116.3432834,S1074,5.1381847,116.2829209,7.065,0,-8.7,False,False,0,True
10,S0593,5.117645,116.3432834,S1084,5.100738,116.3006846,5.079,0,-1.2,False,False,0,True
10,S0601,5.1431533,116.2102068,S0114,5.1423979,116.289617,8.795,0,-95.2,False,False,0,True
10,S0601,5.1431533,116.2102068,S0603,5.1778704,116.2381905,4.95,0,9.9,True,True,0,True
10,S0601,5.1431533,116.2102068,S0605,5.1621456,116.2315424,3.169,0,8.1,True,True,0,True
10,S0601,5.1431533,116.2102068,S0608,5.1868176,116.1825533,5.74,0,-60.5,False,False,0,True
10,S0601,5.1431533,116.2102068,S0796,5.2210728,116.1946742,8.833,0,-7.4,False,False,0,True
10,S0601,5.1431533,116.2102068,S0798,5.2096144,116.1942804,7.598,0,-1.7,False,False,0,True
10,S0601,5.1431533,116.2102068,S1074,5.1381847,116.2829209,8.072,0,-94.0,False,False,0,True
10,S0601,5.1431533,116.2102068,S0609,5.2268314,116.1801678,9.881,0,-122.3,False,False,0,True
10,S0609,5.2268314,116.1801678,S0603,5.1778704,116.2381905,8.422,0,-119.3,False,False,0,True
10,S0609,5.2268314,116.1801678,S0605,5.1621456,116.2315424,9.171,0,-146.1,False,False,0,True
10,S0609,5.2268314,116.1801678,S0608,5.1868176,116.1825533,4.457,0,-50.3,False,False,0,True
10,S0609,5.2268314,116.1801678,S0708,5.2780362,116.1393509,7.269,0,-14.9,False,False,0,True
10,S0609,5.2268314,116.1801678,S0710,5.2703372,116.1251851,7.776,0,-76.6,False,False,0,True
10,S0609,5.2268314,116.1801678,S0715,5.2806717,116.1968127,6.264,0,-122.6,False,False,0,True
10,S0609,5.2268314,116.1801678,S0720,5.2787276,116.1215895,8.682,0,-52.9,False,False,0,True
10,S0609,5.2268314,116.1801678,S0721,5.2778914,116.1196595,8.782,0,-84.7,False,False,0,True
10,S0609,5.2268314,116.1801678,S0723,5.2759528,116.131931,7.64,0,-54.4,False,False,0,True
10,S0609,5.2268314,116.1801678,S0725,5.2523622,116.1311946,6.121,0,-35.9,False,False,0,True
10,S0609,5.2268314,116.1801678,S0732,5.2485711,116.1385903,5.2,0,-12.5,False,False,0,True
10,S0609,5.2268314,116.1801678,S0740,5.2381576,116.1437518,4.225,0,-32.8,False,False,0,True
10,S0609,5.2268314,116.1801678,S0744,5.2605311,116.1765327,3.769,0,-72.7,False,False,0,True
10,S0609,5.2268314,116.1801678,S0747,5.2383302,116.1357927,5.077,0,-26.2,False,False,0,True
10,S0609,5.2268314,116.1801678,S0796,5.2210728,116.1946742,1.729,0,-18.5,False,False,0,True
10,S0609,5.2268314,116.1801678,S0798,5.2096144,116.1942804,2.471,0,-32.0,False,False,0,True
10,S0609,5.2268314,116.1801678,S0601,5.1431533,116.2102068,9.881,0,-108.3,False,False,0,True
10,S0609,5.2268314,116.1801678,S1077,5.2283683,116.175459,0.549,0,8.7,True,True,0,True
10,S0649,5.2835791,116.4247876,S0042,5.3132388,116.4101726,3.674,0,-109.6,False,False,0,True
10,S0649,5.2835791,116.4247876,S0044,5.2313137,116.3580845,9.398,0,-51.5,False,False,0,True
10,S0649,5.2835791,116.4247876,S0049,5.2732968,116.3747193,5.66,0,-15.1,False,False,0,True
10,S0649,5.2835791,116.4247876,S0623,5.292031,116.3884042,4.137,0,-5.9,False,False,0,True
10,S0649,5.2835791,116.4247876,S0627,5.3433622,116.4395412,6.845,0,-97.6,False,False,0,True
10,S0649,5.2835791,116.4247876,S0629,5.3214327,116.4157143,4.327,0,-114.5,False,False,0,True
10,S0649,5.2835791,116.4247876,S0631,5.3030662,116.3959753,3.856,0,-39.6,False,False,0,True
10,S0649,5.2835791,116.4247876,S0632,5.2832779,116.379809,4.98,0,11.1,True,False,0,True
10,S0649,5.2835791,116.4247876,S0634,5.2882954,116.3810541,4.871,0,6.7,True,False,0,True
10,S0649,5.2835791,116.4247876,S0638,5.2601226,116.3734017,6.259,0,-16.6,False,False,0,True
10,S0649,5.2835791,116.4247876,S0639,5.2593984,116.3756262,6.071,0,-28.9,False,False,0,True
10,S0649,5.2835791,116.4247876,S0697,5.2419511,116.3674556,7.857,0,-43.1,False,False,0,True
10,S0649,5.2835791,116.4247876,S0700,5.2314063,116.3720737,8.23,0,-65.2,False,False,0,True
10,S0649,5.2835791,116.4247876,S0702,5.2312481,116.358671,9.352,0,-52.2,False,False,0,True
10,S0649,5.2835791,116.4247876,S0703,5.2413062,116.3539969,9.14,0,-20.4,False,False,0,True
10,S0718,5.3025712,116.0534426,S0053,5.2908601,116.0344046,2.478,0,-35.2,False,False,0,True
10,S0718,5.3025712,116.0534426,S0707,5.3012077,116.0350168,2.046,0,-48.9,False,False,0,True
10,S0718,5.3025712,116.0534426,S0708,5.2780362,116.1393509,9.895,0,-101.9,False,False,0,True
10,S0718,5.3025712,116.0534426,S0710,5.2703372,116.1251851,8.715,0,-141.6,False,False,0,True
10,S0718,5.3025712,116.0534426,S0714,5.3047058,116.0623524,1.015,0,-33.4,False,False,0,True
10,S0718,5.3025712,116.0534426,S0716,5.3158088,116.0891985,4.224,0,-118.6,False,False,0,True
10,S0718,5.3025712,116.0534426,S0720,5.2787276,116.1215895,7.998,0,-142.2,False,False,0,True
10,S0718,5.3025712,116.0534426,S0721,5.2778914,116.1196595,7.828,0,-145.6,False,False,0,True
10,S0718,5.3025712,116.0534426,S0723,5.2759528,116.131931,9.181,0,-113.6,False,False,0,True
10,S0718,5.3025712,116.0534426,S0724,5.3403046,116.0926618,6.038,0,-116.6,False,False,0,True
10,S0718,5.3025712,116.0534426,S0746,5.3050012,116.0470604,0.757,0,-30.3,False,False,0,True
10,S0718,5.3025712,116.0534426,S0751,5.3175429,116.0864757,4.018,0,-96.0,False,False,0,True
10,S0718,5.3025712,116.0534426,S0752,5.2886435,116.0349977,2.563,0,-29.0,False,False,0,True
10,S0739,5.1542775,116.1147343,S0608,5.1868176,116.1825533,8.337,0,-76.5,False,False,0,True
10,S0739,5.1542775,116.1147343,S0740,5.2381576,116.1437518,9.865,0,-68.8,False,False,0,True
10,S0739,5.1542775,116.1147343,S0747,5.2383302,116.1357927,9.633,0,-56.8,False,False,0,True
10,S0807,5.5197756,116.3176526,S0062,5.4587899,116.2736526,8.349,0,-62.7,False,False,0,True
10,S0807,5.5197756,116.3176526,S0664,5.4542071,116.2578834,9.845,0,-73.1,False,False,0,True
10,S0807,5.5197756,116.3176526,S0667,5.4797716,116.2752866,6.463,0,-95.4,False,False,0,True
10,S0807,5.5197756,116.3176526,S0668,5.4489856,116.2702798,9.458,0,-104.7,False,False,0,True
10,S0807,5.5197756,116.3176526,S0670,5.4728503,116.2654893,7.782,0,-141.0,False,False,0,True
10,S0807,5.5197756,116.3176526,S0674,5.4455835,116.2688726,9.86,0,-109.8,False,False,0,True
10,S0807,5.5197756,116.3176526,S0675,5.4585487,116.2659994,8.89,0,-80.2,False,False,0,True
10,S0807,5.5197756,116.3176526,S0676,5.4464732,116.267259,9.877,0,-87.8,False,False,0,True
10,S0807,5.5197756,116.3176526,S0677,5.4816186,116.2690947,6.847,0,-166.9,False,False,0,True
10,S0807,5.5197756,116.3176526,S0678,5.4582441,116.2733047,8.421,0,-58.1,False,False,0,True
10,S0807,5.5197756,116.3176526,S0680,5.4623131,116.2811304,7.561,0,-117.8,False,False,0,True
10,S0807,5.5197756,116.3176526,S0681,5.4719211,116.2803596,6.734,0,-54.7,False,False,0,True
10,S0807,5.5197756,116.3176526,S0683,5.4676301,116.2678351,8.002,0,-90.3,False,False,0,True
10,S0807,5.5197756,116.3176526,S0684,5.455013,116.2639664,9.336,0,-77.4,False,False,0,True
10,S0807,5.5197756,116.3176526,S0803,5.5282671,116.2851388,3.72,0,-11.8,False,False,0,True
10,S0807,5.5197756,116.3176526,S0805,5.5411224,116.2810617,4.694,0,-49.8,False,False,0,True
10,S0807,5.5197756,116.3176526,S0813,5.5584849,116.2419076,9.424,0,-110.1,False,False,0,True
10,S0807,5.5197756,116.3176526,S0816,5.5883975,116.3007588,7.856,0,-184.7,False,False,0,True
10,S0807,5.5197756,116.3176526,S0820,5.5897802,116.3212195,7.794,0,-274.8,False,False,0,True
10,S0807,5.5197756,116.3176526,S0822,5.602903,116.3286917,9.324,0,-239.3,False,False,0,True
10,S0807,5.5197756,116.3176526,S0823,5.602858,116.3074828,9.307,0,-298.6,False,False,0,True
10,S0807,5.5197756,116.3176526,S0064,5.5091912,116.3233754,1.337,0,-0.2,False,False,0,True
10,S0935,6.13671,116.7745909,S0060,6.1135252,116.8611805,9.914,0,-288.2,False,False,0,True
10,S0935,6.13671,116.7745909,S0063,6.108734,116.8184033,5.757,0,-81.6,False,False,0,True
10,S0935,6.13671,116.7745909,S0284,6.1615009,116.7975091,3.744,0,3.7,True,False,0,True
10,S0935,6.13671,116.7745909,S0375,6.1940804,116.7735199,6.38,0,-47.0,False,False,0,True
10,S0935,6.13671,116.7745909,S0915,6.126042,116.863994,9.955,0,-319.0,False,False,0,True
10,S0935,6.13671,116.7745909,S0928,6.1095094,116.8182326,5.695,0,-78.2,False,False,0,True
10,S0935,6.13671,116.7745909,S0940,6.15882,116.7789947,2.506,0,-4.5,False,False,0,True
10,S0935,6.13671,116.7745909,S0941,6.119726,116.7986317,3.261,0,-98.5,False,False,0,True
10,S0935,6.13671,116.7745909,S0943,6.20053,116.7656937,7.164,0,-116.5,False,False,0,True
10,S0935,6.13671,116.7745909,S0944,6.1141163,116.8612539,9.905,0,-304.2,False,False,0,True
10,S0935,6.13671,116.7745909,S0946,6.0692593,116.7974408,7.914,0,-333.3,False,False,0,True
10,S0935,6.13671,116.7745909,S0951,6.0886156,116.7732327,5.35,0,-384.9,False,False,0,True
10,S0935,6.13671,116.7745909,S0952,6.0724026,116.7758169,7.152,0,-369.8,False,False,0,True
10,S0935,6.13671,116.7745909,S0957,6.0633286,116.8001574,8.635,0,-327.8,False,False,0,True
10,S0935,6.13671,116.7745909,S0061,6.2072984,116.7677359,7.886,0,-104.0,False,False,0,True
10,S1077,5.2283683,116.175459,S0603,5.1778704,116.2381905,8.932,0,-121.7,False,False,0,True
10,S1077,5.2283683,116.175459,S0605,5.1621456,116.2315424,9.633,0,-131.3,False,False,0,True
10,S1077,5.2283683,116.175459,S0608,5.1868176,116.1825533,4.687,0,-29.5,False,False,0,True
10,S1077,5.2283683,116.175459,S0708,5.2780362,116.1393509,6.818,0,1.4,True,False,0,True
10,S1077,5.2283683,116.175459,S0710,5.2703372,116.1251851,7.264,0,-79.1,False,False,0,True
10,S1077,5.2283683,116.175459,S0715,5.2806717,116.1968127,6.278,0,-90.6,False,False,0,True
10,S1077,5.2283683,116.175459,S0720,5.2787276,116.1215895,8.181,0,-61.9,False,False,0,True
10,S1077,5.2283683,116.175459,S0721,5.2778914,116.1196595,8.276,0,-93.2,False,False,0,True
10,S1077,5.2283683,116.175459,S0723,5.2759528,116.131931,7.157,0,-53.9,False,False,0,True
10,S1077,5.2283683,116.175459,S0725,5.2523622,116.1311946,5.581,0,-35.5,False,False,0,True
10,S1077,5.2283683,116.175459,S0732,5.2485711,116.1385903,4.66,0,-12.2,False,False,0,True
10,S1077,5.2283683,116.175459,S0740,5.2381576,116.1437518,3.676,0,-25.3,False,False,0,True
10,S1077,5.2283683,116.175459,S0744,5.2605311,116.1765327,3.578,0,-30.6,False,False,0,True
10,S1077,5.2283683,116.175459,S0747,5.2383302,116.1357927,4.53,0,-20.4,False,False,0,True
10,S1077,5.2283683,116.175459,S0796,5.2210728,116.1946742,2.277,0,-6.3,False,False,0,True
10,S1077,5.2283683,116.175459,S0798,5.2096144,116.1942804,2.948,0,-25.7,False,False,0,True
10,S1077,5.2283683,116.175459,S0609,5.2268314,116.1801678,0.549,0,7.3,True,True,0,True
10,S1084,5.100738,116.3006846,S0114,5.1423979,116.289617,4.792,0,-21.4,False,False,0,True
10,S1084,5.100738,116.3006846,S0599,5.0954389,116.3409302,4.496,0,5.3,True,False,0,True
10,S1084,5.100738,116.3006846,S0648,5.1481891,116.3564896,8.126,0,-0.2,False,False,0,True
10,S1084,5.100738,116.3006846,S0650,5.1626227,116.3648085,9.889,0,-2.0,False,False,0,True
10,S1084,5.100738,116.3006846,S0651,5.1459778,116.3678933,8.984,0,0.1,True,False,0,True
10,S1084,5.100738,116.3006846,S0654,5.1518875,116.3337432,6.764,0,6.1,True,False,0,True
10,S1084,5.100738,116.3006846,S1073,5.1234242,116.3860528,9.786,0,-113.5,False,False,0,True
10,S1084,5.100738,116.3006846,S1074,5.1381847,116.2829209,4.605,0,-13.6,False,False,0,True
10,S1084,5.100738,116.3006846,S0593,5.117645,116.3432834,5.079,0,-2.4,False,False,0,True
10,S1322,5.2335919,119.2067601,S1323,5.2775082,119.214677,4.961,0,10.2,True,True,0,True
10,S1432,4.5526744,118.5791731,S1439,4.5534766,118.5939145,1.636,1,6.7,True,True,0,True
10,S1439,4.5534766,118.5939145,S1432,4.5526744,118.5791731,1.636,0,10.1,True,True,0,True
10,S1445,4.4075531,117.8187132,S1443,4.3745678,117.8130913,3.72,0,0.8,True,False,0,True
10,S1445,4.4075531,117.8187132,S1444,4.3921384,117.7907485,3.543,0,8.9,True,True,0,True
10,S1445,4.4075531,117.8187132,S1447,4.4175388,117.7759373,4.871,0,9.0,True,False,0,True
