settlement_id,year,max_1km,mean_1km
S0000,2013,106.1884536743164,54.233384591309154
S0004,2013,1.7272390127182007,0.4498765021981934
S0007,2013,0.0,0.0
S0009,2013,4.121629238128662,1.4380748468663611
S0010,2013,6.69785737991333,2.384227615340374
S0011,2013,0.0,0.0
S0012,2013,0.0,0.0
S0015,2013,2.2471089363098145,0.8371086268077994
S0016,2013,1.8895682096481323,0.8464657172972276
S0017,2013,0.0,0.0
S0018,2013,1.498904824256897,0.11386045065472788
S0019,2013,0.0,0.0
S0020,2013,2.1165130138397217,0.7615816515069783
S0021,2013,0.0,0.0
S0022,2013,0.0,0.0
S0023,2013,0.6440955996513367,0.20337251537565085
S0024,2013,0.6134844422340393,0.049064680335286714
S0026,2013,0.0,0.0
S0028,2013,0.0,0.0
S0029,2013,0.0,0.0
S0030,2013,0.0,0.0
S0033,2013,0.2057683765888214,0.01591756624410864
S0034,2013,1.467971682548523,0.4044548391046302
S0035,2013,0.0,0.0
S0036,2013,0.9253526926040649,0.4446894878041257
S0037,2013,0.0,0.0
S0038,2013,0.0,0.0
S0040,2013,0.7068948149681091,0.2906244126029481
S0041,2013,0.0,0.0
S0042,2013,0.2744896411895752,0.0007771018467147457
S0044,2013,0.0,0.0
S0045,2013,0.0,0.0
S0048,2013,0.0,0.0
S0049,2013,0.0,0.0
S0050,2013,0.0,0.0
S0051,2013,1.1246869564056396,0.2771749713458997
S0052,2013,0.0,0.0
S0053,2013,0.0,0.0
S0054,2013,0.0,0.0
S0055,2013,0.0,0.0
S0056,2013,0.0,0.0
S0057,2013,0.0,0.0
S0058,2013,0.0,0.0
S0059,2013,0.0,0.0
S0060,2013,0.0,0.0
S0062,2013,0.9626613855361938,0.10053891520180143
S0063,2013,0.0,0.0
S0066,2013,0.0,0.0
S0069,2013,10.7138090133667,5.056857203702967
S0070,2013,2.719318151473999,0.5092760055011974
S0072,2013,2.0471198558807373,0.540686781528678
S0073,2013,2.842087745666504,1.346226561852081
S0074,2013,0.0,0.0
S0075,2013,0.0,0.0
S0076,2013,0.0,0.0
S0077,2013,0.0,0.0
S0078,2013,0.0,0.0
S0079,2013,1.0269039869308472,0.23053767917952195
S0080,2013,0.5679648518562317,0.16708089095528345
S0081,2013,0.0,0.0
S0082,2013,0.0,0.0
S0083,2013,1.9639933109283447,0.3432912840301647
S0084,2013,0.7609866857528687,0.2780758803730772
S0085,2013,0.0,0.0
S0086,2013,2.0415000915527344,0.14009997863469162
S0087,2013,0.38932400941848755,0.016064069078028577
S0088,2013,0.9017303586006165,0.25848674754963774
S0089,2013,1.9071383476257324,0.8373547926002265
S0090,2013,0.0,0.0
S0091,2013,3.959664821624756,1.6678341715115903
S0092,2013,1.3733422756195068,0.5217026494499436
S0093,2013,0.0,0.0
S0094,2013,0.6558813452720642,0.04313837442515523
S0095,2013,8.332441329956055,2.590034592166595
S0096,2013,0.3729889988899231,0.055812814517039164
S0098,2013,4.835043907165527,1.2567540608919583
S0099,2013,3.2601239681243896,1.3891167785717136
S0101,2013,1.5607739686965942,0.3203885269299613
S0102,2013,0.0,0.0
S0104,2013,1.760514736175537,0.2802844451952821
S0105,2013,0.0,0.0
S0107,2013,0.0,0.0
S0109,2013,0.0,0.0
S0111,2013,0.0,0.0
S0113,2013,3.2795989513397217,0.7388054862866567
S0114,2013,2.1137328147888184,0.536814456809678
S0115,2013,0.0,0.0
S0116,2013,3.066070079803467,0.6678670626315089
S0117,2013,2.33296537399292,0.5323160109845586
S0118,2013,2.1985840797424316,0.17934971469747538
S0119,2013,0.4361830949783325,0.03431351372091055
S0121,2013,0.0,0.0
S0124,2013,0.0,0.0
S0125,2013,0.0,0.0
S0126,2013,0.13428270816802979,0.017106847837567333
S0130,2013,0.0,0.0
S0131,2013,25.84295654296875,9.601922740139553
S0132,2013,2.822418451309204,0.6726740372240749
S0133,2013,0.0,0.0
S0134,2013,1.6180543899536133,0.3382192338014038
S0135,2013,0.0,0.0
S0137,2013,0.45527052879333496,0.03126069604138639
S0138,2013,2.30245304107666,1.0119356223579044
S0139,2013,4.572890758514404,0.6696912468865424
S0140,2013,19.63777732849121,8.059406425801559
S0141,2013,7.696387767791748,3.59465425922757
S0145,2013,0.0,0.0
S0149,2013,0.0,0.0
S0150,2013,0.0,0.0
S0151,2013,0.0,0.0
S0152,2013,16.45892906188965,7.833085003756608
S0153,2013,17.85883331298828,8.659380249280034
S0154,2013,29.69974136352539,11.751995393079731
S0155,2013,9.497159004211426,4.293113130658537
S0156,2013,18.7508544921875,8.280451048799875
S0157,2013,0.0,0.0
S0158,2013,6.713931083679199,3.5112281896610567
S0159,2013,5.500670909881592,1.269059577600144
S0160,2013,17.51791000366211,4.568976518382522
S0162,2013,0.0,0.0
S0164,2013,0.0,0.0
S0165,2013,20.11038589477539,11.602790541988929
S0166,2013,1.1157151460647583,0.05901546315823635
S0168,2013,15.296394348144531,6.660072198229016
S0169,2013,17.358797073364258,9.643272063696944
S0170,2013,25.182483673095703,7.99859845261196
S0171,2013,3.5982677936553955,1.5168246365019926
S0172,2013,0.0,0.0
S0173,2013,19.753936767578125,4.9670781987361945
S0174,2013,90.30662536621094,34.80997454386261
S0175,2013,17.036376953125,9.70920381230071
S0176,2013,20.652559280395508,11.657983731844416
S0177,2013,42.30748748779297,17.609714806716344
S0178,2013,0.0,0.0
S0179,2013,0.0,0.0
S0180,2013,0.0,0.0
S0181,2013,0.0,0.0
S0182,2013,0.44080430269241333,0.16400983625814936
S0183,2013,1.6363904476165771,0.499668605299857
S0184,2013,4.99276876449585,2.237681012355422
S0185,2013,0.0,0.0
S0186,2013,1.1563605070114136,0.4747940891992368
S0187,2013,1.1563605070114136,0.29613524847682904
S0188,2013,1.9639933109283447,0.13801581990377815
S0189,2013,0.9017303586006165,0.08506130924372975
S0190,2013,0.0,0.0
S0191,2013,0.8321837782859802,0.07112609246992069
S0192,2013,0.0,0.0
S0193,2013,6.508213043212891,2.96830871728342
S0194,2013,7.816954135894775,3.2591153920481077
S0195,2013,1.6777509450912476,0.6808136400003829
S0196,2013,1.915270209312439,0.27247069748982156
S0197,2013,4.2108612060546875,1.7561801369842758
S0198,2013,19.55078125,8.313888199158388
S0199,2013,5.871744632720947,2.899914130236328
S0200,2013,6.5487141609191895,3.344396697171091
S0201,2013,0.0,0.0
S0202,2013,0.4934577941894531,0.12410095890675943
S0203,2013,3.2339425086975098,1.2443024290103142
S0205,2013,0.0,0.0
S0207,2013,0.0,0.0
S0208,2013,30.954723358154297,19.61546602976068
S0209,2013,8.132100105285645,3.411519119428877
S0210,2013,36.96004104614258,10.841608855430332
S0211,2013,36.96004104614258,8.444071602148696
S0212,2013,1.9261829853057861,0.19863929733563818
S0213,2013,9.797333717346191,2.3098968510180997
S0214,2013,0.14012819528579712,0.01804936749207146
S0215,2013,0.0,0.0
S0216,2013,0.0,0.0
S0217,2013,44.88032150268555,27.3168954101793
S0218,2013,25.182483673095703,13.260870887288055
S0219,2013,21.756702423095703,9.106481563146287
S0220,2013,0.0,0.0
S0221,2013,2.4228975772857666,0.9920804870649538
S0222,2013,36.96004104614258,12.632782675583757
S0223,2013,3.1164026260375977,0.1424096087676978
S0224,2013,0.5598783493041992,0.3025856600242591
S0225,2013,8.5635404586792,3.515480150713424
S0226,2013,9.57852554321289,2.0947626501536467
S0227,2013,10.728116035461426,4.478090633481816
S0229,2013,1.7289422750473022,0.9754507459262389
S0230,2013,4.988415718078613,0.3298264720456727
S0231,2013,1.0474214553833008,0.33023239246703706
S0232,2013,0.0,0.0
S0233,2013,0.23987795412540436,0.010509279182171403
S0234,2013,2.722337484359741,0.9847381806789309
S0235,2013,2.722337484359741,1.0771787034617746
S0239,2013,0.0,0.0
S0240,2013,0.0,0.0
S0241,2013,0.6853793859481812,0.13415880142970618
S0242,2013,0.0,0.0
S0243,2013,0.0,0.0
S0244,2013,0.0,0.0
S0245,2013,0.3908768594264984,0.020224800636602005
S0246,2013,18.7508544921875,5.467227773592205
S0247,2013,18.7508544921875,3.0990852255619425
S0248,2013,18.7508544921875,6.9055112409113635
S0249,2013,1.8252755403518677,0.8666141328012422
S0250,2013,2.5714945793151855,1.6192205086635296
S0251,2013,1.8252755403518677,1.0453096958514547
S0252,2013,1.0619513988494873,0.2164962906378736
S0253,2013,3.445084810256958,1.1120240211749393
S0254,2013,9.911799430847168,2.875618576358852
S0255,2013,1.2914214134216309,0.5663435558400258
S0256,2013,1.506103277206421,0.7683575836254567
S0257,2013,9.371835708618164,3.9738543443451855
S0258,2013,15.162102699279785,6.2220780019476125
S0259,2013,2.004092216491699,0.9922864104819112
S0260,2013,0.0,0.0
S0261,2013,0.4934577941894531,0.1442277320909919
S0262,2013,0.46250003576278687,0.17021913759988547
S0263,2013,0.0,0.0
S0265,2013,0.0,0.0
S0266,2013,0.0,0.0
S0267,2013,0.0,0.0
S0269,2013,0.0,0.0
S0272,2013,0.6753763556480408,0.18296585177239197
S0273,2013,0.0,0.0
S0274,2013,0.0,0.0
S0275,2013,2.1485161781311035,0.6002155699772416
S0276,2013,0.0,0.0
S0277,2013,0.0,0.0
S0279,2013,0.3877432644367218,0.034719261272651396
S0280,2013,0.3293888568878174,0.00327139342424827
S0281,2013,0.9126278758049011,0.45915423984258946
S0282,2013,0.0,0.0
S0284,2013,0.0,0.0
S0285,2013,0.0,0.0
S0287,2013,0.0,0.0
S0289,2013,0.0,0.0
S0290,2013,0.0,0.0
S0291,2013,0.0,0.0
S0293,2013,0.0,0.0
S0294,2013,0.0,0.0
S0295,2013,0.0,0.0
S0296,2013,0.0,0.0
S0297,2013,0.0,0.0
S0298,2013,2.224552869796753,0.9754150153833532
S0300,2013,23.440305709838867,8.959407887514129
S0301,2013,17.084320068359375,9.54563289533231
S0302,2013,5.5634446144104,2.2641810608238804
S0307,2013,0.16068577766418457,0.0035194006372005386
S0308,2013,1.689500331878662,0.929590753206771
S0309,2013,6.216564178466797,2.539699524996718
S0310,2013,0.0,0.0
S0311,2013,8.764406204223633,3.3428073567869387
S0312,2013,0.0,0.0
S0313,2013,0.0,0.0
S0314,2013,0.0,0.0
S0315,2013,0.6390347480773926,0.037940463498585646
S0316,2013,0.8907784223556519,0.1816625798286169
S0317,2013,0.0,0.0
S0318,2013,1.5661360025405884,0.3701621377872682
S0319,2013,0.0,0.0
S0320,2013,1.85744309425354,0.6396206033851334
S0321,2013,1.85744309425354,0.6853581870800296
S0322,2013,1.85744309425354,0.3065335343995022
S0323,2013,0.10434836149215698,6.560726909283682e-05
S0324,2013,0.0,0.0
S0325,2013,0.0,0.0
S0326,2013,0.0,0.0
S0327,2013,0.0,0.0
S0328,2013,0.0,0.0
S0329,2013,0.0,0.0
S0330,2013,0.0,0.0
S0331,2013,0.0,0.0
S0332,2013,0.0,0.0
S0333,2013,0.0,0.0
S0334,2013,0.0,0.0
S0335,2013,0.0,0.0
S0336,2013,0.0,0.0
S0337,2013,0.0,0.0
S0338,2013,0.0,0.0
S0339,2013,0.0,0.0
S0340,2013,0.0,0.0
S0341,2013,0.0,0.0
S0342,2013,0.0,0.0
S0343,2013,0.0,0.0
S0344,2013,0.0,0.0
S0345,2013,0.0,0.0
S0346,2013,0.0,0.0
S0348,2013,0.0,0.0
S0349,2013,5.602239608764648,0.9528357019680023
S0350,2013,1.1087621450424194,0.3626301496782037
S0351,2013,0.0,0.0
S0352,2013,0.0,0.0
S0353,2013,0.0,0.0
S0354,2013,0.0,0.0
S0355,2013,0.6168234348297119,0.14685689245379538
S0356,2013,0.0,0.0
S0357,2013,0.0,0.0
S0358,2013,0.0,0.0
S0359,2013,0.37536290287971497,0.030014907567992265
S0360,2013,0.9569229483604431,0.13136633767809958
S0361,2013,1.56961989402771,0.45520337076353534
S0362,2013,4.831113338470459,1.0436452789358175
S0363,2013,0.0,0.0
S0364,2013,0.34262344241142273,0.021325490892008227
S0365,2013,0.0,0.0
S0366,2013,1.0178431272506714,0.22401762017556226
S0367,2013,0.0,0.0
S0368,2013,0.0,0.0
S0369,2013,0.0,0.0
S0370,2013,0.27554574608802795,0.012685632532082713
S0371,2013,1.3176624774932861,0.6323488654346211
S0372,2013,0.6390347480773926,0.11099197758442175
S0373,2013,1.3176624774932861,0.4769779471592606
S0374,2013,0.0,0.0
S0375,2013,0.0,0.0
S0377,2013,0.0,0.0
S0378,2013,0.0,0.0
S0379,2013,0.0,0.0
S0380,2013,0.0,0.0
S0383,2013,0.0,0.0
S0384,2013,0.0,0.0
S0386,2013,0.0,0.0
S0387,2013,0.0,0.0
S0388,2013,0.2832982540130615,0.0446619728027053
S0389,2013,0.0,0.0
S0390,2013,0.0,0.0
S0391,2013,0.0,0.0
S0392,2013,0.0,0.0
S0393,2013,3.3664798736572266,0.9523015022884519
S0394,2013,0.0,0.0
S0395,2013,0.0,0.0
S0396,2013,0.0,0.0
S0397,2013,0.47773781418800354,0.0021895059822416895
S0399,2013,0.0,0.0
S0400,2013,0.0,0.0
S0401,2013,0.0,0.0
S0402,2013,0.0,0.0
S0403,2013,0.0,0.0
S0404,2013,0.0,0.0
S0405,2013,0.0,0.0
S0406,2013,0.0,0.0
S0407,2013,0.9368131160736084,0.3595849772560064
S0410,2013,0.9368131160736084,0.23630513400119327
S0411,2013,0.0,0.0
S0412,2013,0.0,0.0
S0413,2013,0.0,0.0
S0414,2013,2.0867035388946533,0.812469966229762
S0416,2013,0.0,0.0
S0417,2013,0.0,0.0
S0418,2013,0.0,0.0
S0419,2013,0.0,0.0
S0420,2013,0.0,0.0
S0421,2013,0.0,0.0
S0422,2013,0.0,0.0
S0423,2013,0.0,0.0
S0424,2013,0.0,0.0
S0428,2013,0.0,0.0
S0429,2013,7.516808986663818,4.228100814070256
S0430,2013,0.0,0.0
S0432,2013,0.0,0.0
S0433,2013,0.0,0.0
S0434,2013,0.0,0.0
S0443,2013,0.0,0.0
S0444,2013,0.0,0.0
S0445,2013,0.0,0.0
S0449,2013,7.0940046310424805,2.856342495011596
S0450,2013,1.3210633993148804,0.6486041630232716
S0453,2013,9.683109283447266,1.5281973293585804
S0455,2013,0.0,0.0
S0456,2013,0.3747464418411255,0.011865503595847832
S0459,2013,0.0,0.0
S0460,2013,0.0,0.0
S0462,2013,0.0,0.0
S0463,2013,0.0,0.0
S0464,2013,0.0,0.0
S0465,2013,0.0,0.0
S0466,2013,0.0,0.0
S0470,2013,7.947240352630615,2.680305703691164
S0471,2013,6.3279805183410645,2.6243355515906517
S0472,2013,0.38750097155570984,0.0957019829280829
S0474,2013,0.0,0.0
S0475,2013,0.0,0.0
S0476,2013,0.0,0.0
S0477,2013,0.0,0.0
S0487,2013,0.0,0.0
S0488,2013,0.0,0.0
S0490,2013,0.0,0.0
S0492,2013,0.0,0.0
S0493,2013,0.0,0.0
S0495,2013,0.0,0.0
S0496,2013,0.0,0.0
S0497,2013,0.0,0.0
S0499,2013,0.0,0.0
S0500,2013,0.0,0.0
S0501,2013,0.2946951985359192,0.013196477554867104
S0503,2013,0.5413178205490112,0.03148295579181201
S0504,2013,0.4240460693836212,0.035304494101611426
S0505,2013,0.0,0.0
S0506,2013,0.0,0.0
S0507,2013,0.0,0.0
S0508,2013,0.576439619064331,0.05420790533974486
S0509,2013,0.0,0.0
S0510,2013,0.0,0.0
S0511,2013,0.3882581889629364,0.0031704500355013657
S0512,2013,0.0,0.0
S0513,2013,0.0,0.0
S0515,2013,0.0,0.0
S0516,2013,0.392643541097641,0.016190212113248652
S0533,2013,0.0,0.0
S0539,2013,0.0,0.0
S0540,2013,0.0,0.0
S0544,2013,0.0,0.0
S0546,2013,0.0,0.0
S0547,2013,0.0,0.0
S0550,2013,0.0,0.0
S0551,2013,0.0,0.0
S0552,2013,0.0,0.0
S0553,2013,0.0,0.0
S0554,2013,0.0,0.0
S0555,2013,0.0,0.0
S0556,2013,0.0,0.0
S0558,2013,0.0,0.0
S0559,2013,0.0,0.0
S0560,2013,0.0,0.0
S0561,2013,0.0,0.0
S0562,2013,0.0,0.0
S0563,2013,0.0,0.0
S0564,2013,0.0,0.0
S0565,2013,0.0,0.0
S0566,2013,0.0,0.0
S0567,2013,0.0,0.0
S0569,2013,0.0,0.0
S0571,2013,0.0,0.0
S0573,2013,0.0,0.0
S0576,2013,0.0,0.0
S0587,2013,0.0,0.0
S0590,2013,0.0,0.0
S0592,2013,0.0,0.0
S0595,2013,0.0,0.0
S0596,2013,0.0,0.0
S0597,2013,0.0,0.0
S0599,2013,0.0,0.0
S0602,2013,0.0,0.0
S0603,2013,0.0,0.0
S0605,2013,0.0,0.0
S0607,2013,0.0,0.0
S0608,2013,0.0,0.0
S0610,2013,0.0,0.0
S0611,2013,0.0,0.0
S0612,2013,0.0,0.0
S0614,2013,0.0,0.0
S0615,2013,0.0,0.0
S0617,2013,0.0,0.0
S0618,2013,0.0,0.0
S0620,2013,0.0,0.0
S0623,2013,0.6306189298629761,0.19308472507269295
S0624,2013,0.0,0.0
S0627,2013,0.5467830896377563,0.14702198798286498
S0628,2013,0.0,0.0
S0629,2013,0.8138726949691772,0.14018406563135627
S0630,2013,0.0,0.0
S0631,2013,0.6306189298629761,0.10211900739194762
S0632,2013,0.17345277965068817,0.004517282934109544
S0633,2013,0.0,0.0
S0634,2013,0.6306189298629761,0.03643058238078061
S0635,2013,0.0,0.0
S0636,2013,0.0,0.0
S0637,2013,0.0,0.0
S0638,2013,0.0,0.0
S0639,2013,0.0,0.0
S0640,2013,0.0,0.0
S0643,2013,0.0,0.0
S0644,2013,0.0,0.0
S0645,2013,0.0,0.0
S0646,2013,0.0,0.0
S0648,2013,0.7578532695770264,0.30442288473876794
S0650,2013,0.0,0.0
S0651,2013,0.7578532695770264,0.09719110859503961
S0652,2013,0.0,0.0
S0653,2013,1.604225516319275,0.17279856904285157
S0654,2013,0.0,0.0
S0655,2013,0.0,0.0
S0656,2013,1.1185067892074585,0.6044597072260721
S0657,2013,1.4322928190231323,0.6361107884937295
S0658,2013,0.6985315680503845,0.06373102740760436
S0659,2013,0.0,0.0
S0660,2013,0.0,0.0
S0661,2013,0.0,0.0
S0662,2013,0.0,0.0
S0663,2013,0.0,0.0
S0664,2013,0.725733757019043,0.11528546969765227
S0665,2013,0.0,0.0
S0666,2013,0.0,0.0
S0667,2013,0.7934637665748596,0.03552326209212545
S0668,2013,0.0,0.0
S0669,2013,0.0,0.0
S0670,2013,0.9626613855361938,0.3448794429382337
S0671,2013,0.0,0.0
S0672,2013,0.0,0.0
S0673,2013,0.0,0.0
S0674,2013,0.0,0.0
S0675,2013,0.9626613855361938,0.19683639194284164
S0676,2013,0.0,0.0
S0677,2013,0.33713021874427795,0.0571794858127458
S0678,2013,0.9626613855361938,0.09399274184114714
S0679,2013,0.0,0.0
S0680,2013,0.1842154860496521,0.017161441557903962
S0681,2013,0.1842154860496521,0.027128542357849523
S0682,2013,0.397290974855423,0.035171754913684065
S0683,2013,0.9626613855361938,0.42210171495952875
S0684,2013,0.9626613855361938,0.07791163064212243
S0685,2013,1.1194428205490112,0.16034578453368092
S0686,2013,0.5662629008293152,0.17344651398922248
S0687,2013,1.1194428205490112,0.17427824623238256
S0688,2013,0.0,0.0
S0689,2013,0.0,0.0
S0690,2013,0.0,0.0
S0693,2013,0.0,0.0
S0696,2013,0.24890278279781342,0.013128937993730818
S0697,2013,0.0,0.0
S0699,2013,0.0,0.0
S0700,2013,0.0,0.0
S0701,2013,0.10298780351877213,0.003367095745348099
S0702,2013,0.0,0.0
S0703,2013,0.0,0.0
S0704,2013,0.6850293874740601,0.19731025116539766
S0705,2013,0.0,0.0
S0706,2013,1.6104609966278076,0.18676211885327476
S0707,2013,0.0,0.0
S0708,2013,0.683667778968811,0.07808162795530785
S0709,2013,1.827176570892334,0.018090253032671096
S0710,2013,0.9151927828788757,0.11779048400599591
S0712,2013,0.0,0.0
S0713,2013,1.827176570892334,0.18780636454824373
S0714,2013,0.2973368465900421,0.01314540253703598
S0715,2013,0.0,0.0
S0716,2013,0.6763380765914917,0.03972393855405825
S0717,2013,0.3853858411312103,0.000364488500439354
S0719,2013,0.0,0.0
S0720,2013,2.626781702041626,0.6834568976047197
S0721,2013,2.626781702041626,0.6182365518825271
S0723,2013,0.9151927828788757,0.23280011004846876
S0724,2013,0.0,0.0
S0725,2013,0.0,0.0
S0726,2013,0.0,0.0
S0732,2013,0.0,0.0
S0733,2013,0.0,0.0
S0734,2013,0.0,0.0
S0735,2013,0.0,0.0
S0736,2013,1.827176570892334,0.13787819124285858
S0740,2013,0.0,0.0
S0742,2013,0.337181955575943,0.010256083314790363
S0743,2013,0.0,0.0
S0744,2013,0.4444773197174072,0.020676953807210446
S0746,2013,0.0,0.0
S0747,2013,0.0,0.0
S0748,2013,0.0,0.0
S0750,2013,0.0,0.0
S0751,2013,1.0160037279129028,0.08981648525935942
S0752,2013,0.0,0.0
S0753,2013,0.0,0.0
S0754,2013,0.0,0.0
S0755,2013,0.0,0.0
S0756,2013,0.0,0.0
S0757,2013,0.4996659457683563,0.0699083305125873
S0758,2013,0.0,0.0
S0759,2013,0.0,0.0
S0760,2013,0.7153358459472656,0.2119659649785444
S0761,2013,8.48098087310791,2.7804475361402403
S0762,2013,8.48098087310791,3.1378594053584328
S0763,2013,1.229671835899353,0.23464036868079535
S0764,2013,2.5719363689422607,0.34370519797044663
S0765,2013,7.188347339630127,2.416083887733262
S0766,2013,0.7153358459472656,0.3482085051638238
S0767,2013,0.42091235518455505,0.08451841687043707
S0768,2013,1.3296574354171753,0.2852036428320539
S0769,2013,0.0,0.0
S0770,2013,0.5801524519920349,0.044987954246173106
S0771,2013,0.5211336612701416,0.09225581901253395
S0772,2013,1.0633577108383179,0.17179187557366737
S0773,2013,1.229671835899353,0.5426298078415984
S0774,2013,0.5801524519920349,0.05297685856354127
S0775,2013,0.0,0.0
S0776,2013,0.0,0.0
S0777,2013,0.7459272146224976,0.0983001718624648
S0778,2013,0.0,0.0
S0779,2013,3.775825262069702,1.115845744704093
S0780,2013,3.795591115951538,2.191911257446863
S0781,2013,3.795591115951538,1.7260100303827348
S0792,2013,0.0,0.0
S0796,2013,0.0,0.0
S0797,2013,1.6104609966278076,0.2918843764864554
S0798,2013,0.0,0.0
S0799,2013,0.0,0.0
S0800,2013,0.0,0.0
S0801,2013,0.0,0.0
S0803,2013,0.0,0.0
S0804,2013,0.0,0.0
S0805,2013,0.0,0.0
S0808,2013,0.0,0.0
S0809,2013,0.0,0.0
S0813,2013,0.0,0.0
S0814,2013,0.0,0.0
S0815,2013,0.0,0.0
S0816,2013,0.0,0.0
S0817,2013,0.0,0.0
S0818,2013,0.0,0.0
S0819,2013,0.0,0.0
S0820,2013,0.0,0.0
S0822,2013,0.0,0.0
S0823,2013,0.0,0.0
S0824,2013,0.0,0.0
S0825,2013,0.0,0.0
S0826,2013,0.0,0.0
S0828,2013,0.8627105951309204,0.14744710200327407
S0829,2013,0.0,0.0
S0831,2013,0.0,0.0
S0832,2013,0.0,0.0
S0833,2013,0.0,0.0
S0834,2013,0.0,0.0
S0835,2013,0.0,0.0
S0836,2013,0.0,0.0
S0837,2013,0.0,0.0
S0839,2013,0.0,0.0
S0840,2013,0.0,0.0
S0841,2013,0.0,0.0
S0843,2013,0.0,0.0
S0845,2013,0.0,0.0
S0846,2013,0.0,0.0
S0847,2013,0.0,0.0
S0848,2013,0.0,0.0
S0849,2013,0.0,0.0
S0850,2013,0.0,0.0
S0851,2013,0.0,0.0
S0852,2013,0.0,0.0
S0854,2013,0.0,0.0
S0856,2013,0.0,0.0
S0857,2013,0.0,0.0
S0858,2013,0.0,0.0
S0860,2013,0.0,0.0
S0861,2013,0.0,0.0
S0862,2013,0.0,0.0
S0863,2013,0.0,0.0
S0864,2013,0.0,0.0
S0865,2013,0.0,0.0
S0866,2013,0.0,0.0
S0867,2013,0.0,0.0
S0868,2013,14.663666725158691,3.882569047886262
S0870,2013,0.0,0.0
S0871,2013,0.0,0.0
S0872,2013,0.4582352042198181,0.12362355799275761
S0873,2013,0.0,0.0
S0874,2013,1.0051937103271484,0.18397653948628967
S0875,2013,0.0,0.0
S0876,2013,0.0,0.0
S0879,2013,0.0,0.0
S0881,2013,15.296394348144531,3.5872611499311944
S0882,2013,0.7282739281654358,0.0436523779640417
S0883,2013,15.296394348144531,5.81761844120382
S0885,2013,0.4313129484653473,0.02479354335596569
S0886,2013,0.0,0.0
S0887,2013,0.0,0.0
S0888,2013,0.0,0.0
S0889,2013,0.0,0.0
S0890,2013,7.947501182556152,1.7101688059102422
S0891,2013,15.296394348144531,4.339287891155884
S0892,2013,0.5289574861526489,0.025825645214347305
S0893,2013,8.357041358947754,2.5728768891617255
S0894,2013,2.266143560409546,0.8161192864834609
S0895,2013,7.947501182556152,1.2263675832602763
S0896,2013,15.296394348144531,4.009586052546088
S0897,2013,15.296394348144531,5.076587227213692
S0898,2013,15.296394348144531,1.5714941464990861
S0899,2013,14.663666725158691,3.466146674761578
S0900,2013,0.0,0.0
S0902,2013,0.0,0.0
S0903,2013,0.0,0.0
S0904,2013,0.0,0.0
S0905,2013,0.0,0.0
S0906,2013,0.0,0.0
S0907,2013,0.0,0.0
S0908,2013,0.0,0.0
S0909,2013,0.0,0.0
S0910,2013,0.0,0.0
S0912,2013,0.0,0.0
S0914,2013,0.0,0.0
S0915,2013,0.0,0.0
S0916,2013,0.0,0.0
S0917,2013,0.0,0.0
S0918,2013,0.0,0.0
S0919,2013,0.0,0.0
S0920,2013,0.0,0.0
S0921,2013,0.0,0.0
S0922,2013,0.0,0.0
S0924,2013,0.0,0.0
S0925,2013,0.0,0.0
S0926,2013,0.0,0.0
S0927,2013,0.0,0.0
S0928,2013,0.0,0.0
S0929,2013,0.0,0.0
S0930,2013,0.0,0.0
S0931,2013,0.0,0.0
S0934,2013,0.0,0.0
S0936,2013,0.0,0.0
S0938,2013,0.0,0.0
S0939,2013,0.0,0.0
S0940,2013,0.0,0.0
S0941,2013,0.0,0.0
S0942,2013,0.0,0.0
S0943,2013,0.0,0.0
S0944,2013,0.0,0.0
S0945,2013,0.0,0.0
S0946,2013,0.0,0.0
S0949,2013,0.0,0.0
S0950,2013,0.0,0.0
S0951,2013,0.0,0.0
S0952,2013,0.0,0.0
S0953,2013,0.0,0.0
S0954,2013,0.0,0.0
S0955,2013,0.0,0.0
S0956,2013,0.36281245946884155,0.045715727091806886
S0957,2013,0.0,0.0
S0958,2013,6.455471992492676,1.7753947504274141
S0959,2013,0.0,0.0
S0960,2013,0.0,0.0
S0961,2013,0.0,0.0
S0962,2013,0.0,0.0
S0963,2013,1.3503448963165283,0.11293306478164482
S0964,2013,0.36281245946884155,0.05193781039761267
S0965,2013,0.0,0.0
S0966,2013,0.0,0.0
S0967,2013,1.9530937671661377,0.8088694980764898
S0968,2013,1.3224678039550781,0.23433077717342934
S0969,2013,1.9530937671661377,0.6036090695843063
S0970,2013,0.2896028459072113,0.03588084435125566
S0971,2013,0.2896028459072113,0.029412058929396703
S0972,2013,0.0,0.0
S0973,2013,2.7718265056610107,0.9216770819372585
S0974,2013,0.2896028459072113,0.027788416149100537
S0975,2013,0.2896028459072113,0.035568866488701875
S0976,2013,0.9456725120544434,0.1488238478342194
S0977,2013,0.0,0.0
S0978,2013,14.663666725158691,2.958904458219789
S0979,2013,0.5672261118888855,0.04488318908255663
S0980,2013,2.521470069885254,0.813501761013488
S0981,2013,0.9456725120544434,0.238664761508263
S0982,2013,8.357041358947754,2.1267789551468526
S0983,2013,0.4001317024230957,0.013886531884957079
S0984,2013,4.99276876449585,1.9954234446477743
S0985,2013,4.99276876449585,1.8401213863233148
S0986,2013,0.0,0.0
S0987,2013,0.0,0.0
S0988,2013,0.0,0.0
S0989,2013,0.6873108744621277,0.33494221662146334
S0990,2013,0.3908768594264984,0.010202759297980101
S0991,2013,4.99276876449585,1.6571679665233654
S0992,2013,1.846492052078247,0.34844614338177776
S0993,2013,0.48980075120925903,0.014415074464890171
S0994,2013,4.99276876449585,1.6803142456968028
S0995,2013,0.9663538336753845,0.23546740391231263
S0996,2013,4.99276876449585,2.114144300138984
S0997,2013,0.0,0.0
S0998,2013,0.0,0.0
S1000,2013,0.0,0.0
S1002,2013,1.8389509916305542,0.3566418111202935
S1003,2013,0.0,0.0
S1004,2013,1.8389509916305542,0.7716238509524951
S1005,2013,1.8389509916305542,0.6609662508131455
S1006,2013,1.6020691394805908,0.27028457223154917
S1007,2013,1.3199210166931152,0.38867446429534214
S1008,2013,0.0,0.0
S1010,2013,0.0,0.0
S1011,2013,0.0,0.0
S1015,2013,0.0,0.0
S1016,2013,0.0,0.0
S1018,2013,0.0,0.0
S1019,2013,0.0,0.0
S1020,2013,0.0,0.0
S1021,2013,0.0,0.0
S1022,2013,0.0,0.0
S1023,2013,0.0,0.0
S1024,2013,0.0,0.0
S1025,2013,0.0,0.0
S1026,2013,0.0,0.0
S1027,2013,0.0,0.0
S1028,2013,0.0,0.0
S1029,2013,0.0,0.0
S1030,2013,0.0,0.0
S1031,2013,0.0,0.0
S1032,2013,0.0,0.0
S1033,2013,0.0,0.0
S1034,2013,0.0,0.0
S1035,2013,0.0,0.0
S1036,2013,0.0,0.0
S1037,2013,0.0,0.0
S1038,2013,0.0,0.0
S1039,2013,0.0,0.0
S1040,2013,0.0,0.0
S1041,2013,0.0,0.0
S1042,2013,0.0,0.0
S1043,2013,0.0,0.0
S1044,2013,0.0,0.0
S1045,2013,0.0,0.0
S1046,2013,0.0,0.0
S1047,2013,0.0,0.0
S1048,2013,0.5062587857246399,0.07073170894586306
S1049,2013,0.0,0.0
S1050,2013,0.0,0.0
S1052,2013,0.0,0.0
S1053,2013,0.0,0.0
S1054,2013,0.0,0.0
S1055,2013,0.0,0.0
S1059,2013,0.0,0.0
S1060,2013,29.69974136352539,5.556529978742865
S1064,2013,0.0,0.0
S1066,2013,5.583602428436279,1.7108543586002334
S1067,2013,11.743189811706543,4.286954094567643
S1068,2013,11.78065013885498,4.192299457809053
S1069,2013,0.9984098672866821,0.26618417258020327
S1070,2013,0.5725000500679016,0.008981801852336081
S1071,2013,7.951474189758301,2.0505956439406536
S1072,2013,0.0,0.0
S1073,2013,0.0,0.0
S1074,2013,0.7387292981147766,0.10036154598691616
S1076,2013,0.0,0.0
S1078,2013,4.1192474365234375,1.0505839501940086
S1079,2013,2.5719363689422607,0.5461391429305824
S1080,2013,4.866308212280273,1.2831018458321768
S1081,2013,7.3869218826293945,2.9276696880370885
S1083,2013,0.0,0.0
S1091,2013,0.0,0.0
S1092,2013,0.0,0.0
S1093,2013,0.0,0.0
S1094,2013,0.0,0.0
S1097,2013,0.0,0.0
S1102,2013,0.4523179531097412,0.15876700385976047
S1103,2013,0.0,0.0
S1106,2013,0.0,0.0
S1110,2013,0.0,0.0
S1114,2013,0.0,0.0
S1115,2013,0.0,0.0
S1116,2013,0.0,0.0
S1117,2013,0.0,0.0
S1118,2013,0.0,0.0
S1119,2013,0.0,0.0
S1120,2013,0.0,0.0
S1121,2013,0.0,0.0
S1122,2013,2.260349988937378,0.310737068771006
S1127,2013,16.0266170501709,7.3284383955455965
S1128,2013,0.0,0.0
S1130,2013,0.0,0.0
S1133,2013,0.0,0.0
S1135,2013,0.0,0.0
S1136,2013,0.2991972863674164,0.021607068265119694
S1137,2013,0.0,0.0
S1138,2013,0.9021117091178894,0.2350219763637786
S1139,2013,106.1884536743164,54.876445274257165
S1140,2013,24.71135711669922,14.939589599000556
S1141,2013,0.0,0.0
S1142,2013,25.182483673095703,9.355529856241278
S1143,2013,71.6668930053711,38.45777800547106
S1144,2013,8.504523277282715,3.5887093083756127
S1145,2013,1.0366889238357544,0.4174973917838922
S1146,2013,2.9018149375915527,1.1858045466185736
S1147,2013,9.497159004211426,4.222296956489826
S1148,2013,0.8368778228759766,0.10804594403754068
S1149,2013,9.497159004211426,2.443638123480411
S1150,2013,2.0297021865844727,0.8290058073013131
S1151,2013,0.3999823331832886,0.021601133988898933
S1152,2013,2.0297021865844727,0.6121516465431168
S1153,2013,1.8354310989379883,0.6915096388406146
S1154,2013,17.85883331298828,4.543486842421413
S1155,2013,0.0,0.0
S1156,2013,29.69974136352539,11.295565143236942
S1157,2013,29.69974136352539,9.759778446471277
S1158,2013,29.69974136352539,8.491470558286725
S1159,2013,12.12934398651123,5.423596440886255
S1160,2013,10.276985168457031,4.297001510830517
S1161,2013,10.728116035461426,4.439653470788618
S1162,2013,10.728116035461426,4.248936890638792
S1163,2013,10.728116035461426,3.6571657882331503
S1164,2013,36.96004104614258,13.0080365035572
S1165,2013,36.96004104614258,14.857370957142887
S1166,2013,4.333486080169678,0.9903082443882049
S1167,2013,2.983703374862671,1.8599022160454566
S1168,2013,21.964651107788086,11.813308156772427
S1169,2013,8.345340728759766,4.988390318782429
S1170,2013,106.1884536743164,48.766569159458875
S1171,2013,38.24033737182617,28.905375763577236
S1172,2013,51.567787170410156,30.797446504711136
S1173,2013,39.407169342041016,32.21604560020015
S1174,2013,28.858572006225586,21.63566403824097
S1175,2013,106.1884536743164,53.69570341367654
S1176,2013,41.516326904296875,25.22537552131402
S1177,2013,48.08646011352539,28.491810793257038
S1178,2013,71.8486099243164,44.75022140026543
S1179,2013,71.8486099243164,45.921050497698815
S1180,2013,26.413301467895508,16.242057618100255
S1181,2013,16.056318283081055,3.6988911747219952
S1182,2013,29.69974136352539,6.743547267225771
S1183,2013,3.3683993816375732,1.4289123189602575
S1184,2013,19.49085807800293,6.543705131807174
S1185,2013,1.9319618940353394,1.047762110048527
S1186,2013,1.9319618940353394,0.4057434454381879
S1187,2013,9.193217277526855,3.3253899252121935
S1188,2013,2.158599615097046,0.6742903020592671
S1189,2013,0.0,0.0
S1190,2013,0.0,0.0
S1191,2013,0.0,0.0
S1192,2013,0.0,0.0
S1193,2013,0.19387201964855194,0.019581711840275122
S1194,2013,0.0,0.0
S1195,2013,7.224305152893066,2.8824593320470235
S1198,2013,0.0,0.0
S1203,2013,0.0,0.0
S1205,2013,0.0,0.0
S1207,2013,0.0,0.0
S1208,2013,0.0,0.0
S1209,2013,0.0,0.0
S1210,2013,0.0,0.0
S1211,2013,0.0,0.0
S1212,2013,0.0,0.0
S1213,2013,3.1400513648986816,0.4806986849824101
S1214,2013,3.1400513648986816,0.7155924676682842
S1215,2013,0.0,0.0
S1216,2013,0.0,0.0
S1217,2013,0.0,0.0
S1220,2013,0.0,0.0
S1221,2013,0.0,0.0
S1222,2013,0.12783513963222504,0.005529316173177324
S1223,2013,0.0,0.0
S1224,2013,0.0,0.0
S1226,2013,0.0,0.0
S1227,2013,0.0,0.0
S1228,2013,0.0,0.0
S1229,2013,0.0,0.0
S1230,2013,0.0,0.0
S1231,2013,0.0,0.0
S1232,2013,0.0,0.0
S1233,2013,0.0,0.0
S1235,2013,0.7332748174667358,0.028222253624822058
S1236,2013,0.0,0.0
S1238,2013,0.7937154173851013,0.10369523630547062
S1240,2013,0.0,0.0
S1241,2013,0.0,0.0
S1242,2013,0.0,0.0
S1243,2013,0.0,0.0
S1244,2013,0.0,0.0
S1245,2013,0.0,0.0
S1247,2013,0.0,0.0
S1248,2013,0.10394466668367386,0.0015353234865281807
S1249,2013,0.0,0.0
S1250,2013,0.38958197832107544,0.014467589648116922
S1251,2013,0.0,0.0
S1252,2013,0.17448419332504272,0.008598248070317548
S1253,2013,0.0,0.0
S1254,2013,0.0,0.0
S1255,2013,0.0,0.0
S1256,2013,0.0,0.0
S1257,2013,0.0,0.0
S1259,2013,0.0,0.0
S1262,2013,0.0,0.0
S1263,2013,0.0,0.0
S1264,2013,0.0,0.0
S1265,2013,0.0,0.0
S1266,2013,0.0,0.0
S1267,2013,0.0,0.0
S1268,2013,0.0,0.0
S1270,2013,0.0,0.0
S1271,2013,0.0,0.0
S1272,2013,0.0,0.0
S1273,2013,0.0,0.0
S1274,2013,0.0,0.0
S1275,2013,0.0,0.0
S1278,2013,0.0,0.0
S1279,2013,0.0,0.0
S1282,2013,0.0,0.0
S1283,2013,0.0,0.0
S1286,2013,0.0,0.0
S1287,2013,0.0,0.0
S1288,2013,0.0,0.0
S1289,2013,0.0,0.0
S1290,2013,0.0,0.0
S1291,2013,0.0,0.0
S1292,2013,0.1883273422718048,0.0002367408450934064
S1293,2013,0.0,0.0
S1294,2013,0.0,0.0
S1295,2013,0.0,0.0
S1296,2013,0.0,0.0
S1297,2013,0.0,0.0
S1299,2013,0.0,0.0
S1300,2013,0.0,0.0
S1302,2013,0.0,0.0
S1304,2013,0.0,0.0
S1305,2013,0.0,0.0
S1306,2013,0.0,0.0
S1307,2013,0.0,0.0
S1308,2013,0.0,0.0
S1309,2013,0.0,0.0
S1310,2013,0.0,0.0
S1311,2013,0.0,0.0
S1312,2013,0.0,0.0
S1313,2013,0.0,0.0
S1314,2013,0.0,0.0
S1315,2013,0.0,0.0
S1316,2013,0.0,0.0
S1317,2013,0.0,0.0
S1318,2013,1.0869898796081543,0.33002359409983256
S1319,2013,16.45892906188965,6.120072443278756
S1320,2013,2.260349988937378,0.9969948779282803
S1321,2013,0.7501155138015747,0.2949265681350506
S1323,2013,1.2212674617767334,0.39783424519747024
S1324,2013,1.130365014076233,0.5248145835060016
S1325,2013,2.281909942626953,1.0555974934331962
S1326,2013,2.9014673233032227,1.6978318011276818
S1327,2013,6.188255786895752,2.886438780785205
S1328,2013,10.572609901428223,5.133002430022008
S1329,2013,17.084320068359375,6.862361242142468
S1330,2013,17.084320068359375,9.684722259139775
S1331,2013,10.425188064575195,1.2955098963404306
S1332,2013,2.938058614730835,0.665995178977686
S1333,2013,0.39908063411712646,0.10287843441166221
S1334,2013,1.3629169464111328,0.41598080048989683
S1335,2013,0.7234365344047546,0.24830513442588958
S1336,2013,1.3629169464111328,0.26756368953639775
S1337,2013,1.3629169464111328,0.31270038671814965
S1338,2013,0.5194013714790344,0.1440719547855603
S1339,2013,17.084320068359375,6.291707426253284
S1340,2013,9.829106330871582,3.6259567278797675
S1341,2013,8.647655487060547,2.6358124318361957
S1342,2013,11.598313331604004,3.0900211609614696
S1343,2013,6.470855712890625,1.0055592248575238
S1344,2013,2.471731185913086,0.6146161502534218
S1345,2013,1.0216602087020874,0.6111385835430478
S1346,2013,0.7934302091598511,0.2678164008381992
S1347,2013,1.036434292793274,0.5150185683100582
S1348,2013,2.1590287685394287,1.1080550941636007
S1349,2013,2.1310689449310303,0.7086772586549935
S1350,2013,2.1590287685394287,0.9163163531378636
S1351,2013,2.0486364364624023,0.9295028284487947
S1352,2013,2.1590287685394287,0.6508563822399075
S1353,2013,2.1590287685394287,0.8232984230048536
S1354,2013,2.1731972694396973,0.875507325495607
S1355,2013,1.1888904571533203,0.5555031813690486
S1356,2013,0.0,0.0
S1357,2013,0.0,0.0
S1359,2013,18.757808685302734,6.425701002578688
S1361,2013,1.1984632015228271,0.404734370509472
S1364,2013,0.0,0.0
S1365,2013,0.6226420998573303,0.24847487693972684
S1366,2013,0.0,0.0
S1367,2013,0.0,0.0
S1370,2013,0.0,0.0
S1372,2013,7.037804126739502,1.8586637063143276
S1373,2013,4.1192474365234375,0.8597343550137027
S1374,2013,1.2922402620315552,0.7187805486790437
S1375,2013,0.9553911685943604,0.4766963853129247
S1376,2013,0.0,0.0
S1377,2013,2.877887487411499,1.273229070405103
S1378,2013,4.602527141571045,1.1944389380584692
S1379,2013,0.5824914574623108,0.1341535734036715
S1380,2013,1.2535806894302368,0.6420599404890932
S1381,2013,2.30245304107666,1.1366341065337824
S1382,2013,3.2118539810180664,1.2560144638938735
S1383,2013,5.936458110809326,1.6334359255472422
S1384,2013,2.0636630058288574,0.8891384719607228
S1385,2013,5.936458110809326,0.9814742486730821
S1386,2013,2.822418451309204,1.097641944239412
S1387,2013,5.979839324951172,1.8837533311820651
S1388,2013,3.2118539810180664,1.5515969782078023
S1389,2013,3.2118539810180664,1.2067757527825225
S1390,2013,3.2118539810180664,1.2811994505509325
S1391,2013,0.9493522047996521,0.5876962841025689
S1392,2013,10.605990409851074,2.961279004027969
S1393,2013,4.322385311126709,2.3380862014559245
S1394,2013,5.561875820159912,2.7237864531508964
S1395,2013,19.63777732849121,3.8322707981790223
S1396,2013,2.975301504135132,1.8477797905292626
S1397,2013,7.696387767791748,2.417435796291448
S1398,2013,3.7663016319274902,1.3854898282454475
S1399,2013,7.696387767791748,2.8649388279916357
S1400,2013,7.696387767791748,3.0071257299153005
S1401,2013,4.85678768157959,1.1807463975287726
S1402,2013,1.3339349031448364,0.44784675589440126
S1403,2013,12.01989459991455,3.258074638462366
S1404,2013,4.626094818115234,1.8905420359737592
S1405,2013,36.130611419677734,8.913647766889353
S1406,2013,3.6795969009399414,0.8348686723321834
S1407,2013,13.337235450744629,4.657734176853917
S1408,2013,4.292875289916992,1.4118884943166323
S1409,2013,7.399651050567627,1.8598516044323072
S1410,2013,14.643136024475098,7.249253015401705
S1411,2013,1.2792706489562988,0.45774652067113375
S1412,2013,3.476808547973633,0.6939644983836583
S1413,2013,0.0,0.0
S1414,2013,18.69755744934082,5.274225472619166
S1415,2013,13.762279510498047,2.0495287072981028
S1416,2013,42.55035400390625,14.41071936710223
S1417,2013,26.681396484375,11.221599499060185
S1418,2013,19.084644317626953,6.46568017519115
S1419,2013,27.636966705322266,13.814463156102295
S1420,2013,28.924854278564453,13.734564732757852
S1421,2013,0.8484857082366943,0.17838650773843176
S1422,2013,1.3108091354370117,0.3726321645734602
S1423,2013,0.5809736251831055,0.021401449739373177
S1424,2013,2.625852346420288,1.009377098990442
S1425,2013,40.115623474121094,14.656650749351074
S1426,2013,3.4502856731414795,1.5445385252910464
S1427,2013,1.1268248558044434,0.12294649355906025
S1428,2013,0.0,0.0
S1435,2013,0.0,0.0
S1436,2013,0.3179374635219574,0.0056870988525777036
S1437,2013,0.9570931792259216,0.3006626579652792
S1441,2013,1.2547329664230347,0.7124947090750217
S1442,2013,0.3342936336994171,0.04869497417607773
S1443,2013,2.134640693664551,0.6948159395003167
S1444,2013,1.9557602405548096,0.8350463302989182
S1446,2013,3.298285484313965,1.4296994345477927
S1447,2013,1.5016807317733765,0.940220369074005
S0001,2013,0.0,0.0
S0002,2013,0.0,0.0
S0003,2013,0.0,0.0
S0005,2013,0.0,0.0
S0006,2013,1.6150882244110107,0.625341238360852
S0008,2013,0.0,0.0
S0013,2013,0.0,0.0
S0014,2013,0.0,0.0
S0025,2013,0.0,0.0
S0027,2013,0.0,0.0
S0031,2013,0.0,0.0
S0032,2013,0.0,0.0
S0039,2013,0.0,0.0
S0043,2013,0.0,0.0
S0046,2013,0.0,0.0
S0047,2013,0.0,0.0
S0061,2013,0.0,0.0
S0064,2013,0.0,0.0
S0065,2013,0.0,0.0
S0067,2013,0.5193865895271301,0.044630293418674055
S0068,2013,0.0,0.0
S0071,2013,0.0,0.0
S0097,2013,0.0,0.0
S0100,2013,0.0,0.0
S0103,2013,0.6608712077140808,0.05946521332188247
S0106,2013,0.0,0.0
S0108,2013,0.0,0.0
S0110,2013,0.0,0.0
S0112,2013,0.0,0.0
S0120,2013,0.06936313956975937,0.006405181437029448
S0122,2013,0.0,0.0
S0123,2013,0.0,0.0
S0127,2013,0.0,0.0
S0128,2013,0.0,0.0
S0129,2013,0.0,0.0
S0136,2013,0.0,0.0
S0142,2013,0.0,0.0
S0143,2013,0.0,0.0
S0144,2013,0.0,0.0
S0146,2013,0.0,0.0
S0147,2013,0.0,0.0
S0148,2013,0.0,0.0
S0161,2013,0.0,0.0
S0163,2013,0.0,0.0
S0167,2013,0.0,0.0
S0204,2013,0.0,0.0
S0206,2013,0.0,0.0
S0228,2013,0.20276473462581635,0.008020060250191106
S0236,2013,0.9588765501976013,0.06060684082232355
S0237,2013,0.0,0.0
S0238,2013,0.0,0.0
S0264,2013,0.0,0.0
S0268,2013,0.0,0.0
S0270,2013,0.0,0.0
S0271,2013,0.0,0.0
S0278,2013,0.0,0.0
S0283,2013,0.0,0.0
S0286,2013,0.0,0.0
S0288,2013,0.0,0.0
S0292,2013,0.0,0.0
S0299,2013,0.0,0.0
S0303,2013,0.0,0.0
S0304,2013,0.0,0.0
S0305,2013,0.0,0.0
S0306,2013,0.0,0.0
S0347,2013,0.0,0.0
S0376,2013,0.0,0.0
S0381,2013,0.0,0.0
S0382,2013,0.0,0.0
S0385,2013,0.0,0.0
S0398,2013,0.0,0.0
S0408,2013,0.0,0.0
S0409,2013,0.0,0.0
S0415,2013,0.0,0.0
S0425,2013,0.0,0.0
S0426,2013,0.0,0.0
S0427,2013,0.0,0.0
S0431,2013,0.0,0.0
S0435,2013,0.0,0.0
S0436,2013,0.0,0.0
S0437,2013,0.0,0.0
S0438,2013,0.0,0.0
S0439,2013,0.0,0.0
S0440,2013,0.0,0.0
S0441,2013,0.0,0.0
S0442,2013,0.0,0.0
S0446,2013,0.0,0.0
S0447,2013,0.0,0.0
S0448,2013,0.0,0.0
S0451,2013,0.0,0.0
S0452,2013,0.0,0.0
S0454,2013,0.0,0.0
S0457,2013,0.0,0.0
S0458,2013,0.0,0.0
S0461,2013,0.0,0.0
S0467,2013,0.0,0.0
S0468,2013,0.0,0.0
S0469,2013,0.0,0.0
S0473,2013,0.0,0.0
S0478,2013,0.0,0.0
S0479,2013,0.0,0.0
S0480,2013,0.0,0.0
S0481,2013,0.0,0.0
S0482,2013,0.0,0.0
S0483,2013,0.0,0.0
S0484,2013,0.0,0.0
S0485,2013,0.0,0.0
S0486,2013,0.0,0.0
S0489,2013,0.0,0.0
S0491,2013,0.0,0.0
S0494,2013,0.0,0.0
S0498,2013,0.0,0.0
S0502,2013,1.1627295017242432,0.3604693712777028
S0514,2013,0.0,0.0
S0517,2013,0.0,0.0
S0518,2013,0.6973646879196167,0.10479447590406497
S0519,2013,0.0,0.0
S0520,2013,0.6608712077140808,0.259740189098811
S0521,2013,0.0,0.0
S0522,2013,0.0,0.0
S0523,2013,0.0,0.0
S0524,2013,0.0,0.0
S0525,2013,0.6608712077140808,0.06574655197780886
S0526,2013,0.0,0.0
S0527,2013,0.0,0.0
S0528,2013,0.0,0.0
S0529,2013,0.0,0.0
S0530,2013,0.0,0.0
S0531,2013,0.0,0.0
S0532,2013,0.0,0.0
S0534,2013,0.0,0.0
S0535,2013,0.0,0.0
S0536,2013,0.0,0.0
S0537,2013,0.0,0.0
S0538,2013,0.0,0.0
S0541,2013,0.0,0.0
S0542,2013,0.0,0.0
S0543,2013,0.0,0.0
S0545,2013,0.0,0.0
S0548,2013,0.0,0.0
S0549,2013,0.0,0.0
S0557,2013,0.0,0.0
S0568,2013,0.0,0.0
S0570,2013,0.0,0.0
S0572,2013,0.0,0.0
S0574,2013,0.0,0.0
S0575,2013,0.0,0.0
S0577,2013,0.0,0.0
S0578,2013,0.0,0.0
S0579,2013,0.0,0.0
S0580,2013,0.0,0.0
S0581,2013,0.0,0.0
S0582,2013,0.0,0.0
S0583,2013,0.0,0.0
S0584,2013,0.0,0.0
S0585,2013,0.0,0.0
S0586,2013,0.0,0.0
S0588,2013,0.0,0.0
S0589,2013,0.0,0.0
S0591,2013,0.0,0.0
S0593,2013,0.8952268362045288,0.09485499311701265
S0594,2013,0.0,0.0
S0598,2013,0.0,0.0
S0600,2013,0.0,0.0
S0601,2013,0.0,0.0
S0604,2013,0.0,0.0
S0606,2013,0.0,0.0
S0609,2013,0.0,0.0
S0613,2013,0.0,0.0
S0616,2013,0.0,0.0
S0619,2013,0.0,0.0
S0621,2013,0.0,0.0
S0622,2013,0.0,0.0
S0625,2013,0.0,0.0
S0626,2013,0.0,0.0
S0641,2013,0.0,0.0
S0642,2013,0.0,0.0
S0647,2013,0.0,0.0
S0649,2013,0.0,0.0
S0691,2013,0.0,0.0
S0692,2013,0.0,0.0
S0694,2013,0.0,0.0
S0695,2013,0.0,0.0
S0698,2013,0.13776671886444092,0.007902596544463845
S0711,2013,0.0,0.0
S0718,2013,0.0,0.0
S0722,2013,0.0,0.0
S0727,2013,0.0,0.0
S0728,2013,0.0,0.0
S0729,2013,0.0,0.0
S0730,2013,0.0,0.0
S0731,2013,0.0,0.0
S0737,2013,0.0,0.0
S0738,2013,0.0,0.0
S0739,2013,0.0,0.0
S0741,2013,0.0,0.0
S0745,2013,0.0,0.0
S0749,2013,0.0,0.0
S0782,2013,0.0,0.0
S0783,2013,0.0,0.0
S0784,2013,0.0,0.0
S0785,2013,0.0,0.0
S0786,2013,0.0,0.0
S0787,2013,0.0,0.0
S0788,2013,0.0,0.0
S0789,2013,0.0,0.0
S0790,2013,0.0,0.0
S0791,2013,0.0,0.0
S0793,2013,0.0,0.0
S0794,2013,0.0,0.0
S0795,2013,0.0,0.0
S0802,2013,0.0,0.0
S0806,2013,0.0,0.0
S0807,2013,0.0,0.0
S0810,2013,0.0,0.0
S0811,2013,0.0,0.0
S0812,2013,0.0,0.0
S0821,2013,0.0,0.0
S0827,2013,0.0,0.0
S0830,2013,0.0,0.0
S0838,2013,0.0,0.0
S0842,2013,0.0,0.0
S0844,2013,0.0,0.0
S0853,2013,0.0,0.0
S0855,2013,0.0,0.0
S0859,2013,0.0,0.0
S0869,2013,0.0,0.0
S0877,2013,0.0,0.0
S0878,2013,0.0,0.0
S0880,2013,0.0,0.0
S0884,2013,0.0,0.0
S0901,2013,0.0,0.0
S0911,2013,0.0,0.0
S0913,2013,0.0,0.0
S0923,2013,0.0,0.0
S0932,2013,0.0,0.0
S0933,2013,0.0,0.0
S0935,2013,0.0,0.0
S0937,2013,0.0,0.0
S0947,2013,0.0,0.0
S0948,2013,0.0,0.0
S0999,2013,0.0,0.0
S1001,2013,0.0,0.0
S1009,2013,0.0,0.0
S1012,2013,0.0,0.0
S1013,2013,0.0,0.0
S1014,2013,0.0,0.0
S1017,2013,0.0,0.0
S1051,2013,0.0,0.0
S1056,2013,0.0,0.0
S1057,2013,0.0,0.0
S1058,2013,0.0,0.0
S1061,2013,0.0,0.0
S1062,2013,0.0,0.0
S1063,2013,0.0,0.0
S1065,2013,0.0,0.0
S1075,2013,0.0,0.0
S1077,2013,0.0,0.0
S1082,2013,0.0,0.0
S1084,2013,0.0,0.0
S1085,2013,0.0,0.0
S1086,2013,0.0,0.0
S1087,2013,0.0,0.0
S1088,2013,0.0,0.0
S1089,2013,0.0,0.0
S1090,2013,0.0,0.0
S1095,2013,0.0,0.0
S1096,2013,0.0,0.0
S1098,2013,0.0,0.0
S1099,2013,0.0,0.0
S1100,2013,0.0,0.0
S1101,2013,0.0,0.0
S1104,2013,0.0,0.0
S1105,2013,0.0,0.0
S1107,2013,0.0,0.0
S1108,2013,0.0,0.0
S1109,2013,0.0,0.0
S1111,2013,0.0,0.0
S1112,2013,0.0,0.0
S1113,2013,0.0,0.0
S1123,2013,0.0,0.0
S1124,2013,0.0,0.0
S1125,2013,0.0,0.0
S1126,2013,0.0,0.0
S1129,2013,0.0,0.0
S1131,2013,0.0,0.0
S1132,2013,0.0,0.0
S1134,2013,0.0,0.0
S1196,2013,0.0,0.0
S1197,2013,0.0,0.0
S1199,2013,0.0,0.0
S1200,2013,0.0,0.0
S1201,2013,0.0,0.0
S1202,2013,0.0,0.0
S1204,2013,0.0,0.0
S1206,2013,0.0,0.0
S1218,2013,0.0,0.0
S1219,2013,0.0,0.0
S1225,2013,0.0,0.0
S1234,2013,0.0,0.0
S1237,2013,0.0,0.0
S1239,2013,0.0,0.0
S1246,2013,0.0,0.0
S1258,2013,0.0,0.0
S1260,2013,0.0,0.0
S1261,2013,0.0,0.0
S1269,2013,0.0,0.0
S1276,2013,0.0,0.0
S1277,2013,0.0,0.0
S1280,2013,0.0,0.0
S1281,2013,0.0,0.0
S1284,2013,0.0,0.0
S1285,2013,0.0,0.0
S1298,2013,0.0,0.0
S1301,2013,0.0,0.0
S1303,2013,0.0,0.0
S1322,2013,1.419067144393921,0.541122208015492
S1358,2013,0.0,0.0
S1360,2013,0.0,0.0
S1362,2013,1.0442782640457153,0.45529020270029263
S1363,2013,0.5927828550338745,0.23414645381832036
S1368,2013,0.0,0.0
S1369,2013,0.0,0.0
S1371,2013,0.0,0.0
S1429,2013,0.0,0.0
S1430,2013,0.0,0.0
S1431,2013,0.0,0.0
S1432,2013,0.08444508910179138,0.0066101311494329
S1433,2013,0.0,0.0
S1434,2013,0.0,0.0
S1438,2013,0.0,0.0
S1439,2013,0.0,0.0
S1440,2013,0.0,0.0
S1445,2013,1.72417151927948,0.44409151419589404
S0000,2014,116.37476348876953,58.89775276401438
S0004,2014,1.3172448873519897,0.40843160165528575
S0007,2014,0.0,0.0
S0009,2014,4.529073238372803,1.495044939392678
S0010,2014,4.978732109069824,1.6007744225209903
S0011,2014,0.07792487740516663,0.00888187966940365
S0012,2014,0.0,0.0
S0015,2014,3.22402286529541,1.0049134805122264
S0016,2014,2.2927613258361816,0.8358813681980574
S0017,2014,0.0,0.0
S0018,2014,1.3943369388580322,0.09827345055474093
S0019,2014,0.0,0.0
S0020,2014,1.9118889570236206,0.7800792705799853
S0021,2014,0.0,0.0
S0022,2014,0.0,0.0
S0023,2014,0.730720579624176,0.2417668829405237
S0024,2014,0.4929541051387787,0.03178236413365891
S0026,2014,0.0,0.0
S0028,2014,0.0,0.0
S0029,2014,0.0,0.0
S0030,2014,0.0,0.0
S0033,2014,0.0,0.0
S0034,2014,0.9514638781547546,0.3619672251592514
S0035,2014,0.0,0.0
S0036,2014,0.2259223312139511,0.02046860216080018
S0037,2014,0.0,0.0
S0038,2014,0.5746150016784668,0.06375513324061206
S0040,2014,1.103973150253296,0.36501531741747584
S0041,2014,0.09282658249139786,0.00023286693632210186
S0042,2014,0.18855489790439606,0.0005338138034411968
S0044,2014,0.0,0.0
S0045,2014,0.0,0.0
S0048,2014,0.0,0.0
S0049,2014,0.0,0.0
S0050,2014,0.0,0.0
S0051,2014,1.1773253679275513,0.43449030404892336
S0052,2014,0.0,0.0
S0053,2014,0.0,0.0
S0054,2014,0.0,0.0
S0055,2014,0.7101640105247498,0.0492039193968084
S0056,2014,0.0,0.0
S0057,2014,0.0,0.0
S0058,2014,0.0,0.0
S0059,2014,0.7101640105247498,0.1937529471211951
S0060,2014,0.0,0.0
S0062,2014,0.8539872169494629,0.07603183967705157
S0063,2014,0.0,0.0
S0066,2014,0.0,0.0
S0069,2014,8.652336120605469,4.562881166758139
S0070,2014,2.766357183456421,0.5822722594617412
S0072,2014,1.57205069065094,0.799978000821179
S0073,2014,2.3620054721832275,1.3232208319871643
S0074,2014,0.0,0.0
S0075,2014,0.0,0.0
S0076,2014,0.0,0.0
S0077,2014,0.0,0.0
S0078,2014,0.0,0.0
S0079,2014,3.1074743270874023,0.40404335022626636
S0080,2014,0.5929003357887268,0.15025935323217388
S0081,2014,0.0,0.0
S0082,2014,0.0,0.0
S0083,2014,1.5101228952407837,0.2695014341153554
S0084,2014,0.6550660133361816,0.21098551351550196
S0085,2014,0.0,0.0
S0086,2014,3.360635757446289,0.10935564034567104
S0087,2014,0.46080225706100464,0.014324010711795879
S0088,2014,0.896661639213562,0.23266001896864213
S0089,2014,2.163628339767456,0.6341407791659912
S0090,2014,0.0,0.0
S0091,2014,5.378600597381592,1.8343325413092575
S0092,2014,2.8325467109680176,1.049561191303539
S0093,2014,0.0,0.0
S0094,2014,0.3832857012748718,0.018713941899893016
S0095,2014,7.489078044891357,2.462243406880646
S0096,2014,0.20755712687969208,0.006196708690625627
S0098,2014,6.1560845375061035,1.5884352240027213
S0099,2014,3.210387706756592,1.194856173166271
S0101,2014,2.775800943374634,0.7283236482704871
S0102,2014,0.0,0.0
S0104,2014,2.0046229362487793,0.08772248271958363
S0105,2014,0.0,0.0
S0107,2014,0.0,0.0
S0109,2014,0.0,0.0
S0111,2014,0.0,0.0
S0113,2014,2.978525161743164,0.7301586343363476
S0114,2014,1.0827518701553345,0.20772617606952867
S0115,2014,0.0,0.0
S0116,2014,3.381476402282715,0.8020092757372522
S0117,2014,2.124345064163208,0.5216517705651617
S0118,2014,1.9473886489868164,0.18633437943660924
S0119,2014,0.0,0.0
S0121,2014,0.0,0.0
S0124,2014,0.0,0.0
S0125,2014,0.0,0.0
S0126,2014,0.0,0.0
S0130,2014,0.0,0.0
S0131,2014,22.16692352294922,10.019254428807216
S0132,2014,2.8943824768066406,0.5931598665049623
S0133,2014,0.0,0.0
S0134,2014,1.497220754623413,0.21561533885738032
S0135,2014,0.3083668053150177,0.0070833155405904
S0137,2014,0.3860333561897278,0.0007993016003965773
S0138,2014,2.3141465187072754,0.9713364398906542
S0139,2014,4.722172260284424,0.9662600522319589
S0140,2014,21.164791107177734,9.72200743126315
S0141,2014,11.560578346252441,3.9403758714521717
S0145,2014,0.0,0.0
S0149,2014,0.0,0.0
S0150,2014,0.0,0.0
S0151,2014,0.0,0.0
S0152,2014,16.704082489013672,9.144726348987579
S0153,2014,26.862396240234375,11.890737535447238
S0154,2014,33.790157318115234,12.910284432259635
S0155,2014,12.979642868041992,6.781461136793977
S0156,2014,15.292959213256836,7.391483181843978
S0157,2014,0.0,0.0
S0158,2014,14.697378158569336,6.545447384092367
S0159,2014,9.436697006225586,1.476047721954395
S0160,2014,13.879850387573242,4.803612352372864
S0162,2014,0.0,0.0
S0164,2014,0.0,0.0
S0165,2014,22.040149688720703,12.033884809514198
S0166,2014,0.7830880284309387,0.06120665023382113
S0168,2014,18.824726104736328,7.502738418744045
S0169,2014,16.5273380279541,8.862193818441398
S0170,2014,30.00330352783203,9.331775316466294
S0171,2014,3.6047091484069824,1.6682235584163279
S0172,2014,0.1885775327682495,0.0018928736036963564
S0173,2014,22.902584075927734,4.845771081567562
S0174,2014,87.08004760742188,36.3920147187596
S0175,2014,31.33172607421875,15.933433383292423
S0176,2014,21.79802703857422,11.692917187020223
S0177,2014,42.47121047973633,20.347814978778963
S0178,2014,0.0,0.0
S0179,2014,0.0,0.0
S0180,2014,0.10681651532649994,0.005043272678305003
S0181,2014,0.0,0.0
S0182,2014,1.096213698387146,0.4066628860794662
S0183,2014,1.0633867979049683,0.31257578179699597
S0184,2014,9.843530654907227,4.050057431429532
S0185,2014,0.6748101711273193,0.10001961658603717
S0186,2014,0.7063560485839844,0.19595790359067752
S0187,2014,0.5727469325065613,0.08160273160578799
S0188,2014,1.5101228952407837,0.13067896096858542
S0189,2014,0.896661639213562,0.038046449214771766
S0190,2014,0.0,0.0
S0191,2014,0.6709568500518799,0.03528989601015408
S0192,2014,0.0,0.0
S0193,2014,9.790021896362305,3.4647730458078057
S0194,2014,9.96928596496582,3.739814072679309
S0195,2014,3.110635280609131,0.9688880586500596
S0196,2014,0.8679297566413879,0.10258558664218824
S0197,2014,4.270923614501953,1.8720054668932684
S0198,2014,20.428483963012695,9.792751509457075
S0199,2014,7.445715427398682,3.3725040075356025
S0200,2014,8.21254825592041,4.192011434693428
S0201,2014,0.10779337584972382,0.0016547228748861114
S0202,2014,0.4167197346687317,0.13116562931087072
S0203,2014,4.100224018096924,1.470185456193791
S0205,2014,0.0,0.0
S0207,2014,0.0,0.0
S0208,2014,32.608673095703125,21.86348885245425
S0209,2014,10.748198509216309,3.5785132708130307
S0210,2014,41.60291290283203,12.868856787943418
S0211,2014,45.88066864013672,10.039290523828011
S0212,2014,1.2818533182144165,0.7278483401662328
S0213,2014,9.117878913879395,1.7266727484486726
S0214,2014,1.3713886737823486,0.40947750893848406
S0215,2014,0.22481480240821838,0.02058166074782722
S0216,2014,0.22481480240821838,0.018220239819850336
S0217,2014,51.48422622680664,30.95138552446278
S0218,2014,30.00330352783203,15.614898663427576
S0219,2014,19.527339935302734,8.719574700427723
S0220,2014,0.0,0.0
S0221,2014,2.6163458824157715,1.5798405943820777
S0222,2014,45.88066864013672,15.165462411335238
S0223,2014,7.6580071449279785,0.3251199770683778
S0224,2014,0.62058025598526,0.27675810780305904
S0225,2014,6.291147708892822,3.0036094934076574
S0226,2014,10.75768756866455,2.062435823064817
S0227,2014,15.408597946166992,5.554805471036668
S0229,2014,3.1357216835021973,1.366542914632428
S0230,2014,5.604838848114014,0.3485686781638095
S0231,2014,1.8029429912567139,0.39432173955672434
S0232,2014,0.0,0.0
S0233,2014,0.2271529734134674,0.006786253125448923
S0234,2014,2.5024492740631104,1.01026737807009
S0235,2014,2.5024492740631104,1.1333623108279918
S0239,2014,0.0,0.0
S0240,2014,0.0,0.0
S0241,2014,0.46946388483047485,0.08329497575853195
S0242,2014,0.0,0.0
S0243,2014,0.0,0.0
S0244,2014,0.0,0.0
S0245,2014,0.2492767870426178,0.015436446288334809
S0246,2014,15.292959213256836,4.907505382294928
S0247,2014,15.292959213256836,2.5305324650483443
S0248,2014,15.292959213256836,5.814075730498272
S0249,2014,2.4619569778442383,1.3614818183386286
S0250,2014,2.292602062225342,1.371926549524396
S0251,2014,2.4619569778442383,1.7989739624913887
S0252,2014,1.0596181154251099,0.1966640570967435
S0253,2014,3.205033540725708,1.7377008057900984
S0254,2014,9.44429874420166,2.6427111231981777
S0255,2014,1.8329418897628784,0.5640699785591254
S0256,2014,1.8329418897628784,0.7061305300489337
S0257,2014,17.025474548339844,6.0619808954785235
S0258,2014,16.36603546142578,7.748562330736262
S0259,2014,2.163628339767456,1.0650328142999668
S0260,2014,0.0,0.0
S0261,2014,0.4167197346687317,0.15303843358784663
S0262,2014,0.47068724036216736,0.1532388948620377
S0263,2014,0.0,0.0
S0265,2014,0.0,0.0
S0266,2014,0.0,0.0
S0267,2014,0.0,0.0
S0269,2014,0.0,0.0
S0272,2014,1.2173503637313843,0.1419711585825796
S0273,2014,0.0,0.0
S0274,2014,2.0126330852508545,0.2599138958544493
S0275,2014,1.0822134017944336,0.1691844775256998
S0276,2014,0.0,0.0
S0277,2014,0.0,0.0
S0279,2014,0.3242984712123871,0.03154377610637592
S0280,2014,0.3172605633735657,0.0022232695793306576
S0281,2014,1.4461560249328613,0.5189531355594899
S0282,2014,0.0,0.0
S0284,2014,0.0,0.0
S0285,2014,0.0,0.0
S0287,2014,0.0,0.0
S0289,2014,0.0,0.0
S0290,2014,0.0,0.0
S0291,2014,0.0,0.0
S0293,2014,0.0,0.0
S0294,2014,0.0,0.0
S0295,2014,0.0,0.0
S0296,2014,0.0,0.0
S0297,2014,0.0,0.0
S0298,2014,3.9380860328674316,1.610169079522934
S0300,2014,28.181779861450195,9.061187083835549
S0301,2014,17.41233253479004,9.935308256849599
S0302,2014,5.815823554992676,2.5568662933575785
S0307,2014,0.22503840923309326,0.007828801026444263
S0308,2014,2.2187047004699707,1.1136519999725805
S0309,2014,7.602396488189697,3.1718332715070434
S0310,2014,0.0,0.0
S0311,2014,11.063082695007324,3.4121664137530794
S0312,2014,0.0,0.0
S0313,2014,0.0,0.0
S0314,2014,0.0,0.0
S0315,2014,1.5230177640914917,0.4072506661645285
S0316,2014,1.5230177640914917,0.5968314942492302
S0317,2014,0.0,0.0
S0318,2014,1.5230177640914917,0.4023532579359614
S0319,2014,1.481046438217163,0.23627868513219608
S0320,2014,1.47334623336792,0.42024787572497996
S0321,2014,1.47334623336792,0.5599626336046344
S0322,2014,1.47334623336792,0.353249892953131
S0323,2014,0.07531677186489105,4.7354147667331685e-05
S0324,2014,0.0,0.0
S0325,2014,0.0,0.0
S0326,2014,0.0,0.0
S0327,2014,0.0,0.0
S0328,2014,0.0,0.0
S0329,2014,0.0,0.0
S0330,2014,0.0,0.0
S0331,2014,0.3330642282962799,0.015839102781091824
S0332,2014,0.3330642282962799,0.0032676884573055688
S0333,2014,0.0,0.0
S0334,2014,0.0,0.0
S0335,2014,0.0,0.0
S0336,2014,0.0,0.0
S0337,2014,0.0,0.0
S0338,2014,0.0,0.0
S0339,2014,0.0,0.0
S0340,2014,0.0,0.0
S0341,2014,0.0,0.0
S0342,2014,0.0,0.0
S0343,2014,0.0,0.0
S0344,2014,0.22481480240821838,0.0015499610319588857
S0345,2014,0.2398310899734497,0.012265650510004186
S0346,2014,0.15717348456382751,0.003163735363906274
S0348,2014,0.0,0.0
S0349,2014,3.505596876144409,0.7120609729595964
S0350,2014,1.132634162902832,0.2789733140530612
S0351,2014,0.0,0.0
S0352,2014,0.0,0.0
S0353,2014,0.0,0.0
S0354,2014,0.0,0.0
S0355,2014,0.24237266182899475,0.019466156379727782
S0356,2014,0.0,0.0
S0357,2014,0.0,0.0
S0358,2014,0.0,0.0
S0359,2014,0.0,0.0
S0360,2014,0.8496845364570618,0.11055614418101148
S0361,2014,1.3649929761886597,0.374608242611996
S0362,2014,3.2292068004608154,0.7485814031288215
S0363,2014,0.0,0.0
S0364,2014,0.4458676278591156,0.019299619301798354
S0365,2014,0.0,0.0
S0366,2014,1.5230177640914917,0.3876867924242324
S0367,2014,0.0,0.0
S0368,2014,0.0,0.0
S0369,2014,0.0,0.0
S0370,2014,0.182697594165802,0.011555755050660971
S0371,2014,1.0377095937728882,0.4511217358469402
S0372,2014,1.5230177640914917,0.5794581430605523
S0373,2014,1.0377095937728882,0.2913898399909707
S0374,2014,0.0,0.0
S0375,2014,0.0,0.0
S0377,2014,0.0,0.0
S0378,2014,0.0,0.0
S0379,2014,0.0,0.0
S0380,2014,0.0,0.0
S0383,2014,0.0,0.0
S0384,2014,0.0,0.0
S0386,2014,0.0,0.0
S0387,2014,0.0,0.0
S0388,2014,0.2482319325208664,0.020517018400904374
S0389,2014,0.0,0.0
S0390,2014,0.0,0.0
S0391,2014,0.0,0.0
S0392,2014,0.0,0.0
S0393,2014,3.195812940597534,0.6734497315721978
S0394,2014,0.0,0.0
S0395,2014,0.0,0.0
S0396,2014,0.0,0.0
S0397,2014,0.6576496958732605,0.00308475959162423
S0399,2014,0.0,0.0
S0400,2014,0.0,0.0
S0401,2014,0.0,0.0
S0402,2014,0.0,0.0
S0403,2014,0.0,0.0
S0404,2014,0.0,0.0
S0405,2014,0.0,0.0
S0406,2014,0.0,0.0
S0407,2014,0.0,0.0
S0410,2014,0.0,0.0
S0411,2014,0.0,0.0
S0412,2014,0.0,0.0
S0413,2014,0.0,0.0
S0414,2014,2.3217639923095703,0.7445165115919757
S0416,2014,0.0,0.0
S0417,2014,0.0,0.0
S0418,2014,0.13438396155834198,0.0020252527958557038
S0419,2014,0.0,0.0
S0420,2014,0.0,0.0
S0421,2014,0.0,0.0
S0422,2014,0.0,0.0
S0423,2014,0.0,0.0
S0424,2014,0.0,0.0
S0428,2014,0.0,0.0
S0429,2014,9.782553672790527,4.753266005464043
S0430,2014,0.0,0.0
S0432,2014,0.0,0.0
S0433,2014,0.0,0.0
S0434,2014,0.0,0.0
S0443,2014,0.0,0.0
S0444,2014,0.0,0.0
S0445,2014,0.0,0.0
S0449,2014,6.412954330444336,2.688818529061155
S0450,2014,1.301101565361023,0.5741657989996614
S0453,2014,7.253048896789551,1.166211125499722
S0455,2014,0.0,0.0
S0456,2014,0.3348090350627899,0.017585365507835734
S0459,2014,0.0,0.0
S0460,2014,0.0,0.0
S0462,2014,0.0,0.0
S0463,2014,0.0,0.0
S0464,2014,0.0,0.0
S0465,2014,0.0,0.0
S0466,2014,0.0,0.0
S0470,2014,7.655436992645264,2.9531202120885256
S0471,2014,8.54651165008545,2.90982131101016
S0472,2014,0.45909199118614197,0.11690031815528645
S0474,2014,0.0,0.0
S0475,2014,0.0,0.0
S0476,2014,0.0,0.0
S0477,2014,0.0,0.0
S0487,2014,0.0,0.0
S0488,2014,0.0,0.0
S0490,2014,0.0,0.0
S0492,2014,0.0,0.0
S0493,2014,0.0,0.0
S0495,2014,0.0,0.0
S0496,2014,0.0,0.0
S0497,2014,0.0,0.0
S0499,2014,0.0,0.0
S0500,2014,0.0,0.0
S0501,2014,0.3457909822463989,0.013540736458912744
S0503,2014,0.502752423286438,0.034185734141451346
S0504,2014,0.48940229415893555,0.0378154076712985
S0505,2014,0.0,0.0
S0506,2014,0.0,0.0
S0507,2014,0.0,0.0
S0508,2014,0.5153614282608032,0.008281403667521928
S0509,2014,0.0,0.0
S0510,2014,0.0,0.0
S0511,2014,0.0,0.0
S0512,2014,0.0,0.0
S0513,2014,0.0,0.0
S0515,2014,0.0,0.0
S0516,2014,0.4116523265838623,0.01697401787298897
S0533,2014,0.0,0.0
S0539,2014,0.0,0.0
S0540,2014,0.0,0.0
S0544,2014,0.0,0.0
S0546,2014,0.0,0.0
S0547,2014,0.0,0.0
S0550,2014,0.0,0.0
S0551,2014,0.0,0.0
S0552,2014,0.0,0.0
S0553,2014,0.0,0.0
S0554,2014,0.0,0.0
S0555,2014,0.0,0.0
S0556,2014,0.0,0.0
S0558,2014,0.0,0.0
S0559,2014,0.0,0.0
S0560,2014,0.0,0.0
S0561,2014,0.0,0.0
S0562,2014,0.0,0.0
S0563,2014,0.0,0.0
S0564,2014,0.0,0.0
S0565,2014,0.0,0.0
S0566,2014,0.0,0.0
S0567,2014,0.0,0.0
S0569,2014,0.0,0.0
S0571,2014,0.0,0.0
S0573,2014,0.0,0.0
S0576,2014,0.0,0.0
S0587,2014,0.0,0.0
S0590,2014,0.0,0.0
S0592,2014,0.0,0.0
S0595,2014,0.0,0.0
S0596,2014,0.0,0.0
S0597,2014,0.0,0.0
S0599,2014,0.0,0.0
S0602,2014,0.0,0.0
S0603,2014,0.0,0.0
S0605,2014,0.0,0.0
S0607,2014,0.0,0.0
S0608,2014,0.0,0.0
S0610,2014,0.0,0.0
S0611,2014,0.0,0.0
S0612,2014,0.0,0.0
S0614,2014,0.0,0.0
S0615,2014,0.0,0.0
S0617,2014,0.0,0.0
S0618,2014,0.0,0.0
S0620,2014,0.0,0.0
S0623,2014,0.0,0.0
S0624,2014,0.7101640105247498,0.19802791189300717
S0627,2014,0.0,0.0
S0628,2014,0.0,0.0
S0629,2014,0.7957723736763,0.12512884072915031
S0630,2014,0.0,0.0
S0631,2014,0.0,0.0
S0632,2014,0.0,0.0
S0633,2014,0.0,0.0
S0634,2014,0.0,0.0
S0635,2014,0.0,0.0
S0636,2014,0.0,0.0
S0637,2014,0.0,0.0
S0638,2014,0.0,0.0
S0639,2014,0.0,0.0
S0640,2014,0.0,0.0
S0643,2014,0.0,0.0
S0644,2014,0.0,0.0
S0645,2014,0.0,0.0
S0646,2014,0.0,0.0
S0648,2014,0.6744609475135803,0.16240980422219217
S0650,2014,0.0,0.0
S0651,2014,0.43023163080215454,0.05645945797407762
S0652,2014,0.0,0.0
S0653,2014,2.070793867111206,0.19020444447599993
S0654,2014,0.0,0.0
S0655,2014,0.0,0.0
S0656,2014,1.0508865118026733,0.23898546605881196
S0657,2014,1.6627213954925537,0.5360205114412937
S0658,2014,0.49126285314559937,0.024162991210482175
S0659,2014,0.0,0.0
S0660,2014,0.0,0.0
S0661,2014,0.0,0.0
S0662,2014,0.0,0.0
S0663,2014,0.0,0.0
S0664,2014,1.0009207725524902,0.12913597913304112
S0665,2014,0.0,0.0
S0666,2014,0.0,0.0
S0667,2014,0.7847111821174622,0.037208530951443136
S0668,2014,0.0,0.0
S0669,2014,0.0,0.0
S0670,2014,0.9874504804611206,0.32424037059038946
S0671,2014,0.0,0.0
S0672,2014,0.0,0.0
S0673,2014,0.0,0.0
S0674,2014,0.0,0.0
S0675,2014,0.8539872169494629,0.1630784055595308
S0676,2014,0.0,0.0
S0677,2014,0.3479948341846466,0.04770452799930719
S0678,2014,0.8539872169494629,0.07158621731081012
S0679,2014,0.0,0.0
S0680,2014,0.24232693016529083,0.013118185182400004
S0681,2014,0.24232693016529083,0.031626381426255276
S0682,2014,0.26501986384391785,0.014755745800683694
S0683,2014,0.9874504804611206,0.40261309000776585
S0684,2014,0.8539872169494629,0.08347087022538766
S0685,2014,1.0705335140228271,0.18737332640670415
S0686,2014,0.4687809646129608,0.08343701154669228
S0687,2014,1.0705335140228271,0.20274246042256233
S0688,2014,0.0,0.0
S0689,2014,0.0,0.0
S0690,2014,0.0,0.0
S0693,2014,0.0,0.0
S0696,2014,0.3760145604610443,0.02941364738359182
S0697,2014,0.0,0.0
S0699,2014,0.0,0.0
S0700,2014,0.0,0.0
S0701,2014,0.0,0.0
S0702,2014,0.0,0.0
S0703,2014,0.0,0.0
S0704,2014,0.0,0.0
S0705,2014,0.0,0.0
S0706,2014,0.9390262961387634,0.09209274295067105
S0707,2014,0.0,0.0
S0708,2014,0.7071852684020996,0.053036434911917334
S0709,2014,1.0335572957992554,0.010686615520153693
S0710,2014,0.7617395520210266,0.1242918387013343
S0712,2014,0.0,0.0
S0713,2014,1.0335572957992554,0.11095855549958805
S0714,2014,0.5932570099830627,0.01668583097600114
S0715,2014,0.0,0.0
S0716,2014,1.3517385721206665,0.13027615393964473
S0717,2014,0.337588906288147,0.00031928332877189183
S0719,2014,0.0,0.0
S0720,2014,3.14276385307312,0.7845920137617005
S0721,2014,3.14276385307312,0.7014170514294636
S0723,2014,0.8509091734886169,0.2048723544492061
S0724,2014,0.0,0.0
S0725,2014,0.0,0.0
S0726,2014,0.10212365537881851,0.0006739776124937741
S0732,2014,0.0,0.0
S0733,2014,0.0,0.0
S0734,2014,0.0,0.0
S0735,2014,0.0,0.0
S0736,2014,1.0335572957992554,0.06613072120612025
S0740,2014,0.0,0.0
S0742,2014,0.1944606751203537,0.00591492175812929
S0743,2014,0.2238938957452774,0.008989613887461478
S0744,2014,0.3683197498321533,0.0005798484726576722
S0746,2014,0.0,0.0
S0747,2014,0.0,0.0
S0748,2014,0.0,0.0
S0750,2014,0.0,0.0
S0751,2014,1.6719632148742676,0.19796662674363763
S0752,2014,0.0,0.0
S0753,2014,0.0,0.0
S0754,2014,0.0,0.0
S0755,2014,0.0,0.0
S0756,2014,0.0,0.0
S0757,2014,0.5777660608291626,0.1200329801982611
S0758,2014,0.0,0.0
S0759,2014,0.0,0.0
S0760,2014,0.9540102481842041,0.3374331041964862
S0761,2014,10.247820854187012,3.118138423151531
S0762,2014,12.855722427368164,3.447682573736985
S0763,2014,1.332669973373413,0.14387598893811548
S0764,2014,3.008061170578003,0.333219719125801
S0765,2014,9.649023056030273,2.470911454593874
S0766,2014,0.9540102481842041,0.47998768839764344
S0767,2014,0.5640032291412354,0.11116510438926584
S0768,2014,1.3317651748657227,0.29944908742440557
S0769,2014,0.0,0.0
S0770,2014,0.9540102481842041,0.14905376341545354
S0771,2014,0.6504420042037964,0.08263921036660296
S0772,2014,1.2845523357391357,0.21031786098496674
S0773,2014,1.332669973373413,0.6608433831515844
S0774,2014,0.6262397766113281,0.03057644529079486
S0775,2014,0.0,0.0
S0776,2014,0.44511401653289795,0.018165436088104607
S0777,2014,0.7396683096885681,0.027129823472081226
S0778,2014,0.0,0.0
S0779,2014,2.4949517250061035,1.0599205988793303
S0780,2014,3.886073589324951,2.3280744873906865
S0781,2014,3.886073589324951,1.7799420239673274
S0792,2014,0.0,0.0
S0796,2014,0.0,0.0
S0797,2014,0.9390262961387634,0.12357865903321213
S0798,2014,0.0,0.0
S0799,2014,0.0,0.0
S0800,2014,0.0,0.0
S0801,2014,0.0,0.0
S0803,2014,0.0,0.0
S0804,2014,0.0,0.0
S0805,2014,0.0,0.0
S0808,2014,0.0,0.0
S0809,2014,0.0,0.0
S0813,2014,0.0,0.0
S0814,2014,0.0,0.0
S0815,2014,0.0,0.0
S0816,2014,0.0,0.0
S0817,2014,0.0,0.0
S0818,2014,0.0,0.0
S0819,2014,0.0,0.0
S0820,2014,0.0,0.0
S0822,2014,0.0,0.0
S0823,2014,0.0,0.0
S0824,2014,0.0,0.0
S0825,2014,0.24605950713157654,0.019737393620179938
S0826,2014,0.0,0.0
S0828,2014,0.6609203219413757,0.07520713380110985
S0829,2014,0.0,0.0
S0831,2014,0.0,0.0
S0832,2014,0.0,0.0
S0833,2014,0.0,0.0
S0834,2014,0.0,0.0
S0835,2014,0.0,0.0
S0836,2014,0.0,0.0
S0837,2014,0.0,0.0
S0839,2014,0.0,0.0
S0840,2014,0.0,0.0
S0841,2014,0.0,0.0
S0843,2014,0.0,0.0
S0845,2014,0.0,0.0
S0846,2014,0.0,0.0
S0847,2014,0.0,0.0
S0848,2014,0.0,0.0
S0849,2014,0.0,0.0
S0850,2014,0.0,0.0
S0851,2014,0.0,0.0
S0852,2014,0.0,0.0
S0854,2014,0.0,0.0
S0856,2014,0.0,0.0
S0857,2014,0.0,0.0
S0858,2014,0.0,0.0
S0860,2014,0.0,0.0
S0861,2014,0.0,0.0
S0862,2014,0.0,0.0
S0863,2014,0.0,0.0
S0864,2014,0.0,0.0
S0865,2014,0.0,0.0
S0866,2014,0.0,0.0
S0867,2014,0.0,0.0
S0868,2014,15.295740127563477,4.183553525673621
S0870,2014,0.0,0.0
S0871,2014,0.0,0.0
S0872,2014,0.41016221046447754,0.12102547226377498
S0873,2014,0.0,0.0
S0874,2014,1.169647455215454,0.2317770093109362
S0875,2014,0.0,0.0
S0876,2014,0.0,0.0
S0879,2014,0.0,0.0
S0881,2014,18.824726104736328,4.320215735827859
S0882,2014,0.519149661064148,0.02112605589007221
S0883,2014,18.824726104736328,6.143864261265904
S0885,2014,0.44793668389320374,0.05961955641878064
S0886,2014,0.0,0.0
S0887,2014,0.0,0.0
S0888,2014,0.0,0.0
S0889,2014,0.0,0.0
S0890,2014,8.3635892868042,2.1019210785206295
S0891,2014,18.824726104736328,5.03516510041954
S0892,2014,0.5691900253295898,0.11069516284125194
S0893,2014,9.528935432434082,2.6738504343404923
S0894,2014,2.7206027507781982,0.8943349347009762
S0895,2014,8.3635892868042,1.3757375621687349
S0896,2014,18.824726104736328,4.833826389224496
S0897,2014,18.824726104736328,6.014143445015403
S0898,2014,18.824726104736328,1.6878529342646282
S0899,2014,15.295740127563477,3.4609298546672993
S0900,2014,0.0,0.0
S0902,2014,0.0,0.0
S0903,2014,0.0,0.0
S0904,2014,0.0,0.0
S0905,2014,0.0,0.0
S0906,2014,0.0,0.0
S0907,2014,0.0,0.0
S0908,2014,0.0,0.0
S0909,2014,0.0,0.0
S0910,2014,0.0,0.0
S0912,2014,0.0,0.0
S0914,2014,0.0,0.0
S0915,2014,0.0,0.0
S0916,2014,0.0,0.0
S0917,2014,0.0,0.0
S0918,2014,0.0,0.0
S0919,2014,0.0,0.0
S0920,2014,0.0,0.0
S0921,2014,0.0,0.0
S0922,2014,0.0,0.0
S0924,2014,0.0,0.0
S0925,2014,0.0,0.0
S0926,2014,0.0,0.0
S0927,2014,0.0,0.0
S0928,2014,0.0,0.0
S0929,2014,0.0,0.0
S0930,2014,0.0,0.0
S0931,2014,0.0,0.0
S0934,2014,0.0,0.0
S0936,2014,0.0,0.0
S0938,2014,0.0,0.0
S0939,2014,0.0,0.0
S0940,2014,1.2889734506607056,0.14851045643100766
S0941,2014,0.0,0.0
S0942,2014,0.0,0.0
S0943,2014,0.0,0.0
S0944,2014,0.0,0.0
S0945,2014,0.0,0.0
S0946,2014,0.0,0.0
S0949,2014,0.0,0.0
S0950,2014,0.0,0.0
S0951,2014,0.0,0.0
S0952,2014,0.0,0.0
S0953,2014,0.0,0.0
S0954,2014,0.0,0.0
S0955,2014,0.0,0.0
S0956,2014,0.0,0.0
S0957,2014,0.0,0.0
S0958,2014,6.597076416015625,1.81489610774925
S0959,2014,0.0,0.0
S0960,2014,0.0,0.0
S0961,2014,0.0,0.0
S0962,2014,0.0,0.0
S0963,2014,1.017960548400879,0.11551204062295412
S0964,2014,0.0,0.0
S0965,2014,0.0,0.0
S0966,2014,0.0,0.0
S0967,2014,3.5830612182617188,0.8620924641694908
S0968,2014,1.2156414985656738,0.3631470981799709
S0969,2014,2.132349967956543,0.8562752433765428
S0970,2014,0.6292615532875061,0.22966846413676092
S0971,2014,0.6292615532875061,0.21195828554379076
S0972,2014,0.3667573034763336,0.04143834997279924
S0973,2014,2.958298444747925,1.0527051148858009
S0974,2014,0.6292615532875061,0.21174392432534958
S0975,2014,0.6292615532875061,0.09055417735468259
S0976,2014,0.9158580899238586,0.20881465092348087
S0977,2014,0.0,0.0
S0978,2014,15.295740127563477,3.0674641556475484
S0979,2014,0.48910975456237793,0.023708217992412003
S0980,2014,2.4254701137542725,0.9497478834356602
S0981,2014,0.9269633889198303,0.3325062085739078
S0982,2014,9.528935432434082,2.170352820219128
S0983,2014,0.38961270451545715,0.014216377024064985
S0984,2014,9.843530654907227,3.7935670541558526
S0985,2014,9.843530654907227,3.508809591734922
S0986,2014,0.0,0.0
S0987,2014,0.0,0.0
S0988,2014,0.0,0.0
S0989,2014,0.9425640106201172,0.5064156571493792
S0990,2014,0.24332599341869354,0.00015245989562574783
S0991,2014,9.843530654907227,2.6105762185850296
S0992,2014,5.0723748207092285,0.4625687401593014
S0993,2014,0.5973678827285767,0.01773981360878798
S0994,2014,9.843530654907227,3.2595678806435644
S0995,2014,0.6499961614608765,0.13735085066416092
S0996,2014,9.843530654907227,3.6774661187509183
S0997,2014,0.0,0.0
S0998,2014,0.0,0.0
S1000,2014,0.0,0.0
S1002,2014,2.1870343685150146,0.36228117525558867
S1003,2014,0.32641923427581787,0.033484303555516966
S1004,2014,2.1870343685150146,0.8115369586338257
S1005,2014,2.1870343685150146,0.7108371197658997
S1006,2014,0.8606060147285461,0.15867655967814318
S1007,2014,1.641229510307312,0.4736993038751581
S1008,2014,0.0,0.0
S1010,2014,0.0,0.0
S1011,2014,0.0,0.0
S1015,2014,0.0,0.0
S1016,2014,0.0,0.0
S1018,2014,0.0,0.0
S1019,2014,0.0,0.0
S1020,2014,0.0,0.0
S1021,2014,0.0,0.0
S1022,2014,0.0,0.0
S1023,2014,0.0,0.0
S1024,2014,0.0,0.0
S1025,2014,0.0,0.0
S1026,2014,0.0,0.0
S1027,2014,0.0,0.0
S1028,2014,0.0,0.0
S1029,2014,0.0,0.0
S1030,2014,0.0,0.0
S1031,2014,0.0,0.0
S1032,2014,0.0,0.0
S1033,2014,0.0,0.0
S1034,2014,0.0,0.0
S1035,2014,0.0,0.0
S1036,2014,0.0,0.0
S1037,2014,0.0,0.0
S1038,2014,0.0,0.0
S1039,2014,0.0,0.0
S1040,2014,0.0,0.0
S1041,2014,0.0,0.0
S1042,2014,0.0,0.0
S1043,2014,0.0,0.0
S1044,2014,0.0,0.0
S1045,2014,0.0,0.0
S1046,2014,0.0,0.0
S1047,2014,0.0,0.0
S1048,2014,0.2748788893222809,0.019400172552544916
S1049,2014,0.0,0.0
S1050,2014,0.0,0.0
S1052,2014,0.0,0.0
S1053,2014,0.0,0.0
S1054,2014,0.0,0.0
S1055,2014,0.0,0.0
S1059,2014,0.0,0.0
S1060,2014,33.790157318115234,6.076866603226598
S1064,2014,0.0,0.0
S1066,2014,6.095074653625488,1.9807647238306527
S1067,2014,12.523788452148438,4.593573110361457
S1068,2014,12.239362716674805,4.048644161710934
S1069,2014,1.1773253679275513,0.4466700667849598
S1070,2014,0.6682456731796265,0.06750005631376518
S1071,2014,7.906844139099121,1.7999108368846375
S1072,2014,0.0,0.0
S1073,2014,0.0,0.0
S1074,2014,0.26026293635368347,0.011874803578125898
S1076,2014,0.0,0.0
S1078,2014,4.807693004608154,1.2712871665352161
S1079,2014,2.815359115600586,0.606132218854939
S1080,2014,6.353115558624268,1.5628888007609092
S1081,2014,7.147953033447266,2.7395766512581647
S1083,2014,0.0,0.0
S1091,2014,0.0,0.0
S1092,2014,0.0,0.0
S1093,2014,0.0,0.0
S1094,2014,0.0,0.0
S1097,2014,0.0,0.0
S1102,2014,0.45646995306015015,0.15643529999926592
S1103,2014,0.0,0.0
S1106,2014,0.0,0.0
S1110,2014,0.0,0.0
S1114,2014,0.0,0.0
S1115,2014,0.17315144836902618,0.04555214972866949
S1116,2014,0.0,0.0
S1117,2014,0.0,0.0
S1118,2014,0.0,0.0
S1119,2014,0.0,0.0
S1120,2014,0.0,0.0
S1121,2014,0.0,0.0
S1122,2014,2.6392624378204346,0.8253992641224778
S1127,2014,17.11797332763672,7.041099166511591
S1128,2014,0.0,0.0
S1130,2014,0.0,0.0
S1133,2014,0.17071135342121124,0.000268245369926479
S1135,2014,1.691002607345581,0.25307582532259765
S1136,2014,0.0,0.0
S1137,2014,0.0,0.0
S1138,2014,2.2188727855682373,0.3857196561216262
S1139,2014,116.37476348876953,59.62311855834631
S1140,2014,28.369216918945312,17.81847792603555
S1141,2014,0.0,0.0
S1142,2014,30.00330352783203,10.139433360644878
S1143,2014,70.63487243652344,39.51561240706193
S1144,2014,8.407389640808105,4.097097447470638
S1145,2014,0.6744081974029541,0.23020072655991708
S1146,2014,3.7411446571350098,1.843370283983378
S1147,2014,12.979642868041992,6.340334721997988
S1148,2014,1.9801366329193115,0.192229257646982
S1149,2014,12.979642868041992,3.2029869556286297
S1150,2014,2.578138828277588,0.9178481275563712
S1151,2014,0.516806423664093,0.023961029006439503
S1152,2014,2.578138828277588,0.6800625126594141
S1153,2014,1.478447437286377,0.46138224424750374
S1154,2014,26.862396240234375,6.216918580912227
S1155,2014,0.4495595693588257,0.111418056692893
S1156,2014,33.790157318115234,12.412915148726054
S1157,2014,33.790157318115234,10.57748048126154
S1158,2014,33.790157318115234,9.50507982878447
S1159,2014,12.523788452148438,5.224234549864707
S1160,2014,11.163351058959961,5.283725186038339
S1161,2014,15.408597946166992,5.258110377260977
S1162,2014,15.408597946166992,4.8907282376401655
S1163,2014,15.408597946166992,4.04953618325697
S1164,2014,45.88066864013672,16.230653962458383
S1165,2014,45.88066864013672,18.80532300827717
S1166,2014,3.9223110675811768,1.219863792521912
S1167,2014,3.61895751953125,2.144911396585868
S1168,2014,22.06466293334961,10.956996788024304
S1169,2014,5.181701183319092,3.525544168325732
S1170,2014,116.37476348876953,52.42798203411661
S1171,2014,43.97815704345703,31.480752631450578
S1172,2014,52.03754806518555,31.430493055019962
S1173,2014,43.97815704345703,35.16173731051654
S1174,2014,34.811458587646484,28.250821748173106
S1175,2014,116.37476348876953,59.070129481936426
S1176,2014,46.107913970947266,26.115172063087932
S1177,2014,44.94386291503906,29.93233154228628
S1178,2014,82.1442642211914,47.18995590347611
S1179,2014,82.1442642211914,48.3933061877338
S1180,2014,28.553863525390625,14.836613654418311
S1181,2014,15.935544967651367,4.430916812180648
S1182,2014,33.790157318115234,7.208614781044519
S1183,2014,4.223255634307861,1.5142207146064732
S1184,2014,21.54868507385254,7.149613839881485
S1185,2014,1.3831690549850464,0.8255454760043643
S1186,2014,1.3831690549850464,0.36055260503262043
S1187,2014,7.147953033447266,3.3167141073334125
S1188,2014,2.2205429077148438,0.6280049462669411
S1189,2014,0.0,0.0
S1190,2014,0.0,0.0
S1191,2014,0.0,0.0
S1192,2014,0.0,0.0
S1193,2014,0.0,0.0
S1194,2014,0.0,0.0
S1195,2014,12.021273612976074,3.429153418320335
S1198,2014,0.0,0.0
S1203,2014,0.0,0.0
S1205,2014,0.0,0.0
S1207,2014,0.0,0.0
S1208,2014,0.0,0.0
S1209,2014,0.0,0.0
S1210,2014,0.0,0.0
S1211,2014,0.0,0.0
S1212,2014,0.0,0.0
S1213,2014,2.6053497791290283,0.44964176972089154
S1214,2014,2.6053497791290283,0.6584423082092186
S1215,2014,0.0,0.0
S1216,2014,0.0,0.0
S1217,2014,0.0,0.0
S1220,2014,0.0,0.0
S1221,2014,0.0,0.0
S1222,2014,0.0,0.0
S1223,2014,0.0,0.0
S1224,2014,0.0,0.0
S1226,2014,0.0,0.0
S1227,2014,0.0,0.0
S1228,2014,0.0,0.0
S1229,2014,0.0,0.0
S1230,2014,0.0,0.0
S1231,2014,0.0,0.0
S1232,2014,0.0,0.0
S1233,2014,0.0,0.0
S1235,2014,0.94505774974823,0.023966042443247102
S1236,2014,0.0,0.0
S1238,2014,1.1757404804229736,0.12418849503870516
S1240,2014,0.0,0.0
S1241,2014,0.0,0.0
S1242,2014,0.0,0.0
S1243,2014,0.0,0.0
S1244,2014,0.0,0.0
S1245,2014,0.0,0.0
S1247,2014,0.0,0.0
S1248,2014,0.0,0.0
S1249,2014,0.0,0.0
S1250,2014,0.3542857766151428,0.011065560206187909
S1251,2014,0.0,0.0
S1252,2014,0.0,0.0
S1253,2014,0.0,0.0
S1254,2014,0.0,0.0
S1255,2014,0.0,0.0
S1256,2014,0.0,0.0
S1257,2014,0.0,0.0
S1259,2014,0.0,0.0
S1262,2014,0.0,0.0
S1263,2014,0.0,0.0
S1264,2014,0.0,0.0
S1265,2014,0.0,0.0
S1266,2014,0.0,0.0
S1267,2014,0.0,0.0
S1268,2014,0.0,0.0
S1270,2014,0.0,0.0
S1271,2014,0.0,0.0
S1272,2014,0.0,0.0
S1273,2014,0.0,0.0
S1274,2014,0.0,0.0
S1275,2014,0.0,0.0
S1278,2014,0.0,0.0
S1279,2014,0.0,0.0
S1282,2014,0.0,0.0
S1283,2014,0.0,0.0
S1286,2014,0.0,0.0
S1287,2014,0.0,0.0
S1288,2014,0.0,0.0
S1289,2014,0.0,0.0
S1290,2014,0.0,0.0
S1291,2014,0.0,0.0
S1292,2014,0.20755712687969208,0.00026091405013160536
S1293,2014,0.0,0.0
S1294,2014,0.0,0.0
S1295,2014,0.0,0.0
S1296,2014,0.0,0.0
S1297,2014,0.0,0.0
S1299,2014,0.0,0.0
S1300,2014,0.0,0.0
S1302,2014,0.0,0.0
S1304,2014,0.0,0.0
S1305,2014,0.0,0.0
S1306,2014,0.0,0.0
S1307,2014,0.0,0.0
S1308,2014,0.0,0.0
S1309,2014,0.0,0.0
S1310,2014,0.0,0.0
S1311,2014,0.0,0.0
S1312,2014,0.0,0.0
S1313,2014,0.0,0.0
S1314,2014,0.0,0.0
S1315,2014,0.0,0.0
S1316,2014,0.0,0.0
S1317,2014,0.0,0.0
S1318,2014,0.9928115010261536,0.11521820594170215
S1319,2014,16.704082489013672,6.904150067971448
S1320,2014,3.1810991764068604,1.3874796155155926
S1321,2014,0.7115764021873474,0.2469893444325976
S1323,2014,1.001870036125183,0.31332504427505947
S1324,2014,0.8839104175567627,0.3630236820662416
S1325,2014,2.162646532058716,1.024084775124566
S1326,2014,3.4362456798553467,1.9435400680373343
S1327,2014,6.610984802246094,2.9049612563846625
S1328,2014,11.332120895385742,5.2531695339966165
S1329,2014,17.41233253479004,7.50764453611785
S1330,2014,17.41233253479004,10.072758491481956
S1331,2014,10.863595962524414,1.473092392914303
S1332,2014,3.053222417831421,0.7293462840043784
S1333,2014,0.3856533467769623,0.05995328394650515
S1334,2014,0.8495951294898987,0.3302110838817958
S1335,2014,0.7710238099098206,0.2133510635524885
S1336,2014,0.7710238099098206,0.21137525164427076
S1337,2014,0.8495951294898987,0.2981286492833246
S1338,2014,0.8495951294898987,0.14858492104991441
S1339,2014,16.290058135986328,5.795973288997895
S1340,2014,9.455835342407227,3.4871731085992934
S1341,2014,9.455835342407227,2.7154230211317754
S1342,2014,9.510823249816895,2.6765419147389538
S1343,2014,7.436365127563477,1.0422194669887248
S1344,2014,2.625472068786621,0.5349396973707987
S1345,2014,1.030308485031128,0.5819054797964831
S1346,2014,1.0201308727264404,0.3170385743212249
S1347,2014,1.128063440322876,0.5676159055990857
S1348,2014,1.9475955963134766,1.1063693138899693
S1349,2014,1.9390422105789185,0.6705768091842285
S1350,2014,1.9475955963134766,0.8202762256190764
S1351,2014,1.9475955963134766,0.9099013681972287
S1352,2014,1.9475955963134766,0.5015104224681478
S1353,2014,1.9475955963134766,0.8880223663465932
S1354,2014,2.5647470951080322,0.8727752802842037
S1355,2014,1.2207554578781128,0.5513995732999778
S1356,2014,0.0,0.0
S1357,2014,0.0,0.0
S1359,2014,24.976604461669922,7.391705922651711
S1361,2014,1.8395143747329712,0.4154147915635549
S1364,2014,0.0,0.0
S1365,2014,0.5004588961601257,0.08727976004855993
S1366,2014,0.0,0.0
S1367,2014,0.0,0.0
S1370,2014,0.0,0.0
S1372,2014,7.436365127563477,1.9211505778389015
S1373,2014,3.9275190830230713,0.9865725253671692
S1374,2014,2.4787938594818115,1.2595587562057293
S1375,2014,0.6554710865020752,0.0183964972023828
S1376,2014,0.0,0.0
S1377,2014,2.3222391605377197,1.0842388817477258
S1378,2014,8.778658866882324,2.234943749211425
S1379,2014,0.49407944083213806,0.10265822600464453
S1380,2014,2.119915008544922,0.6838339898903765
S1381,2014,2.3141465187072754,1.209501926058818
S1382,2014,2.5078744888305664,0.9254579554930874
S1383,2014,4.227138042449951,1.5236205999428636
S1384,2014,2.607318639755249,0.7998402109813124
S1385,2014,4.227138042449951,0.790024709250243
S1386,2014,2.8943824768066406,1.0604737779902453
S1387,2014,6.725105285644531,1.8281656378869027
S1388,2014,2.5078744888305664,1.4668872344604034
S1389,2014,2.5078744888305664,0.9933361848263971
S1390,2014,2.5078744888305664,1.0117382079895054
S1391,2014,0.7960295081138611,0.39290944957320795
S1392,2014,8.983835220336914,2.9600608856008765
S1393,2014,4.573342800140381,2.5958644158814668
S1394,2014,5.345736026763916,2.922522510849045
S1395,2014,21.164791107177734,4.841065410025245
S1396,2014,3.4808266162872314,1.7976952652292195
S1397,2014,11.560578346252441,2.424121696010787
S1398,2014,3.612260580062866,1.3467560065356212
S1399,2014,11.560578346252441,2.8220522200990317
S1400,2014,11.560578346252441,2.666564169257721
S1401,2014,3.8371524810791016,1.2285776360628553
S1402,2014,1.675917148590088,0.36458832925855095
S1403,2014,8.20028018951416,2.338066303655272
S1404,2014,3.101071834564209,1.7894394817507657
S1405,2014,26.93639373779297,7.837118763972148
S1406,2014,2.7391889095306396,0.6412341538997756
S1407,2014,12.728060722351074,4.72192431382788
S1408,2014,3.721966505050659,1.2162924473582482
S1409,2014,9.00688362121582,1.6621580022687699
S1410,2014,13.262871742248535,6.678345258580156
S1411,2014,1.1080873012542725,0.43132125007818767
S1412,2014,2.4898266792297363,0.641287457762911
S1413,2014,0.0,0.0
S1414,2014,17.510028839111328,5.329575973730476
S1415,2014,21.57671546936035,2.6698079564242136
S1416,2014,38.24726104736328,11.87563530116359
S1417,2014,23.665437698364258,10.267569662375578
S1418,2014,19.386655807495117,6.00708451254599
S1419,2014,29.00670623779297,13.459173573546078
S1420,2014,29.00670623779297,11.897068156867192
S1421,2014,0.7972541451454163,0.1393792717351534
S1422,2014,1.0823291540145874,0.21515812210383867
S1423,2014,0.0,0.0
S1424,2014,2.3950765132904053,0.8125194115756674
S1425,2014,31.85091781616211,12.399517304533736
S1426,2014,2.5776562690734863,1.161358746323435
S1427,2014,0.8169196844100952,0.10093671571583746
S1428,2014,0.0,0.0
S1435,2014,0.11078646034002304,0.005763904453918624
S1436,2014,0.4226040244102478,0.011147752472394346
S1437,2014,1.20511794090271,0.3905563559992321
S1441,2014,1.380350112915039,0.778596217935933
S1442,2014,0.6654345989227295,0.23283327605073234
S1443,2014,1.9306405782699585,0.6217854503318904
S1444,2014,2.071953773498535,0.8842570159468417
S1446,2014,3.2900073528289795,1.5682905676667038
S1447,2014,1.863046646118164,0.9817719638759208
S0001,2014,0.0,0.0
S0002,2014,0.0,0.0
S0003,2014,0.0,0.0
S0005,2014,0.0,0.0
S0006,2014,1.5465348958969116,0.5870840672806116
S0008,2014,0.0,0.0
S0013,2014,0.0,0.0
S0014,2014,0.0,0.0
S0025,2014,0.0,0.0
S0027,2014,0.0,0.0
S0031,2014,0.0,0.0
S0032,2014,0.0,0.0
S0039,2014,0.0,0.0
S0043,2014,0.0,0.0
S0046,2014,0.0,0.0
S0047,2014,0.0,0.0
S0061,2014,0.0,0.0
S0064,2014,0.0,0.0
S0065,2014,0.0,0.0
S0067,2014,0.37847352027893066,0.019575838475026995
S0068,2014,0.0,0.0
S0071,2014,0.0,0.0
S0097,2014,0.0,0.0
S0100,2014,0.0,0.0
S0103,2014,0.0,0.0
S0106,2014,0.0,0.0
S0108,2014,0.0,0.0
S0110,2014,0.0,0.0
S0112,2014,0.0,0.0
S0120,2014,0.0,0.0
S0122,2014,0.0,0.0
S0123,2014,0.0,0.0
S0127,2014,0.0,0.0
S0128,2014,0.0,0.0
S0129,2014,0.0,0.0
S0136,2014,0.0,0.0
S0142,2014,0.0,0.0
S0143,2014,0.0,0.0
S0144,2014,0.0,0.0
S0146,2014,0.0,0.0
S0147,2014,0.0,0.0
S0148,2014,0.0,0.0
S0161,2014,0.0,0.0
S0163,2014,0.0,0.0
S0167,2014,0.0,0.0
S0204,2014,0.0,0.0
S0206,2014,0.0,0.0
S0228,2014,0.0,0.0
S0236,2014,0.0,0.0
S0237,2014,0.0,0.0
S0238,2014,0.0,0.0
S0264,2014,0.0,0.0
S0268,2014,0.0,0.0
S0270,2014,0.0,0.0
S0271,2014,0.0,0.0
S0278,2014,0.0,0.0
S0283,2014,0.0,0.0
S0286,2014,0.0,0.0
S0288,2014,0.0,0.0
S0292,2014,0.0,0.0
S0299,2014,0.0,0.0
S0303,2014,0.0,0.0
S0304,2014,0.0,0.0
S0305,2014,0.0,0.0
S0306,2014,0.0,0.0
S0347,2014,0.0,0.0
S0376,2014,0.0,0.0
S0381,2014,0.0,0.0
S0382,2014,0.0,0.0
S0385,2014,0.0,0.0
S0398,2014,0.0,0.0
S0408,2014,0.0,0.0
S0409,2014,0.0,0.0
S0415,2014,0.0,0.0
S0425,2014,0.0,0.0
S0426,2014,0.0,0.0
S0427,2014,0.0,0.0
S0431,2014,0.0,0.0
S0435,2014,0.0,0.0
S0436,2014,0.0,0.0
S0437,2014,0.0,0.0
S0438,2014,0.0,0.0
S0439,2014,0.0,0.0
S0440,2014,0.0,0.0
S0441,2014,0.0,0.0
S0442,2014,0.0,0.0
S0446,2014,0.0,0.0
S0447,2014,0.0,0.0
S0448,2014,0.0,0.0
S0451,2014,0.0,0.0
S0452,2014,0.0,0.0
S0454,2014,0.0,0.0
S0457,2014,0.0,0.0
S0458,2014,0.0,0.0
S0461,2014,0.0,0.0
S0467,2014,0.0,0.0
S0468,2014,0.0,0.0
S0469,2014,0.0,0.0
S0473,2014,0.0,0.0
S0478,2014,0.0,0.0
S0479,2014,0.0,0.0
S0480,2014,0.0,0.0
S0481,2014,0.0,0.0
S0482,2014,0.0,0.0
S0483,2014,0.0,0.0
S0484,2014,0.0,0.0
S0485,2014,0.0,0.0
S0486,2014,0.0,0.0
S0489,2014,0.0,0.0
S0491,2014,0.0,0.0
S0494,2014,0.0,0.0
S0498,2014,0.0,0.0
S0502,2014,0.6563467383384705,0.1870830480014015
S0514,2014,0.0,0.0
S0517,2014,0.0,0.0
S0518,2014,0.6563467383384705,0.09393176001085778
S0519,2014,0.0,0.0
S0520,2014,0.0,0.0
S0521,2014,0.0,0.0
S0522,2014,0.0,0.0
S0523,2014,0.0,0.0
S0524,2014,0.0,0.0
S0525,2014,0.0,0.0
S0526,2014,0.0,0.0
S0527,2014,0.0,0.0
S0528,2014,0.0,0.0
S0529,2014,0.0,0.0
S0530,2014,0.0,0.0
S0531,2014,0.0,0.0
S0532,2014,0.0,0.0
S0534,2014,0.0,0.0
S0535,2014,0.0,0.0
S0536,2014,0.0,0.0
S0537,2014,0.0,0.0
S0538,2014,0.0,0.0
S0541,2014,0.0,0.0
S0542,2014,0.0,0.0
S0543,2014,0.0,0.0
S0545,2014,0.0,0.0
S0548,2014,0.0,0.0
S0549,2014,0.0,0.0
S0557,2014,0.0,0.0
S0568,2014,0.0,0.0
S0570,2014,0.0,0.0
S0572,2014,0.0,0.0
S0574,2014,0.0,0.0
S0575,2014,0.0,0.0
S0577,2014,0.0,0.0
S0578,2014,0.0,0.0
S0579,2014,0.0,0.0
S0580,2014,0.0,0.0
S0581,2014,0.0,0.0
S0582,2014,0.0,0.0
S0583,2014,0.0,0.0
S0584,2014,0.0,0.0
S0585,2014,0.0,0.0
S0586,2014,0.0,0.0
S0588,2014,0.0,0.0
S0589,2014,0.0,0.0
S0591,2014,0.0,0.0
S0593,2014,0.0,0.0
S0594,2014,0.0,0.0
S0598,2014,0.0,0.0
S0600,2014,0.0,0.0
S0601,2014,0.0,0.0
S0604,2014,0.0,0.0
S0606,2014,0.0,0.0
S0609,2014,0.0,0.0
S0613,2014,0.0,0.0
S0616,2014,0.0,0.0
S0619,2014,0.0,0.0
S0621,2014,0.0,0.0
S0622,2014,0.0,0.0
S0625,2014,0.0,0.0
S0626,2014,0.0,0.0
S0641,2014,0.0,0.0
S0642,2014,0.0,0.0
S0647,2014,0.0,0.0
S0649,2014,0.0,0.0
S0691,2014,0.0,0.0
S0692,2014,0.0,0.0
S0694,2014,0.0,0.0
S0695,2014,0.0,0.0
S0698,2014,0.24275633692741394,0.01226391365320884
S0711,2014,0.0,0.0
S0718,2014,0.0,0.0
S0722,2014,0.0,0.0
S0727,2014,0.0,0.0
S0728,2014,0.0,0.0
S0729,2014,0.0,0.0
S0730,2014,0.0,0.0
S0731,2014,0.0,0.0
S0737,2014,0.0,0.0
S0738,2014,0.0,0.0
S0739,2014,0.0,0.0
S0741,2014,0.0,0.0
S0745,2014,0.0,0.0
S0749,2014,0.0,0.0
S0782,2014,0.0,0.0
S0783,2014,0.0,0.0
S0784,2014,0.0,0.0
S0785,2014,0.0,0.0
S0786,2014,0.0,0.0
S0787,2014,0.0,0.0
S0788,2014,0.0,0.0
S0789,2014,0.0,0.0
S0790,2014,0.0,0.0
S0791,2014,0.0,0.0
S0793,2014,0.0,0.0
S0794,2014,0.0,0.0
S0795,2014,0.0,0.0
S0802,2014,0.0,0.0
S0806,2014,0.0,0.0
S0807,2014,0.0,0.0
S0810,2014,0.0,0.0
S0811,2014,0.0,0.0
S0812,2014,0.0,0.0
S0821,2014,0.0,0.0
S0827,2014,0.0,0.0
S0830,2014,0.0,0.0
S0838,2014,0.0,0.0
S0842,2014,0.0,0.0
S0844,2014,0.0,0.0
S0853,2014,0.0,0.0
S0855,2014,0.0,0.0
S0859,2014,0.0,0.0
S0869,2014,0.0,0.0
S0877,2014,0.0,0.0
S0878,2014,0.0,0.0
S0880,2014,0.0,0.0
S0884,2014,0.0,0.0
S0901,2014,0.0,0.0
S0911,2014,0.0,0.0
S0913,2014,0.0,0.0
S0923,2014,0.0,0.0
S0932,2014,0.0,0.0
S0933,2014,0.0,0.0
S0935,2014,0.0,0.0
S0937,2014,0.0,0.0
S0947,2014,0.0,0.0
S0948,2014,0.0,0.0
S0999,2014,0.0,0.0
S1001,2014,0.0,0.0
S1009,2014,0.0,0.0
S1012,2014,0.0,0.0
S1013,2014,0.0,0.0
S1014,2014,0.0,0.0
S1017,2014,0.0,0.0
S1051,2014,0.0,0.0
S1056,2014,0.0,0.0
S1057,2014,0.0,0.0
S1058,2014,0.0,0.0
S1061,2014,0.0,0.0
S1062,2014,0.0,0.0
S1063,2014,0.0,0.0
S1065,2014,0.0,0.0
S1075,2014,0.0,0.0
S1077,2014,0.0,0.0
S1082,2014,0.0,0.0
S1084,2014,0.0,0.0
S1085,2014,0.0,0.0
S1086,2014,0.0,0.0
S1087,2014,0.0,0.0
S1088,2014,0.0,0.0
S1089,2014,0.0,0.0
S1090,2014,0.0,0.0
S1095,2014,0.0,0.0
S1096,2014,0.0,0.0
S1098,2014,0.0,0.0
S1099,2014,0.0,0.0
S1100,2014,0.0,0.0
S1101,2014,0.0,0.0
S1104,2014,0.0,0.0
S1105,2014,0.0,0.0
S1107,2014,0.0,0.0
S1108,2014,0.0,0.0
S1109,2014,0.0,0.0
S1111,2014,0.0,0.0
S1112,2014,0.0,0.0
S1113,2014,0.0,0.0
S1123,2014,0.0,0.0
S1124,2014,0.0,0.0
S1125,2014,0.0,0.0
S1126,2014,0.0,0.0
S1129,2014,0.0,0.0
S1131,2014,0.0,0.0
S1132,2014,0.0,0.0
S1134,2014,0.0,0.0
S1196,2014,0.0,0.0
S1197,2014,0.0,0.0
S1199,2014,0.0,0.0
S1200,2014,0.0,0.0
S1201,2014,0.0,0.0
S1202,2014,0.0,0.0
S1204,2014,0.0,0.0
S1206,2014,0.0,0.0
S1218,2014,0.0,0.0
S1219,2014,0.0,0.0
S1225,2014,0.0,0.0
S1234,2014,0.0,0.0
S1237,2014,0.0,0.0
S1239,2014,0.0,0.0
S1246,2014,0.0,0.0
S1258,2014,0.0,0.0
S1260,2014,0.0,0.0
S1261,2014,0.0,0.0
S1269,2014,0.0,0.0
S1276,2014,0.0,0.0
S1277,2014,0.0,0.0
S1280,2014,0.0,0.0
S1281,2014,0.0,0.0
S1284,2014,0.0,0.0
S1285,2014,0.0,0.0
S1298,2014,0.0,0.0
S1301,2014,0.0,0.0
S1303,2014,0.0,0.0
S1322,2014,1.5044443607330322,0.5471989679670815
S1358,2014,0.0,0.0
S1360,2014,0.0,0.0
S1362,2014,1.2412437200546265,0.46299196781361845
S1363,2014,0.5985817909240723,0.199683450874324
S1368,2014,0.0,0.0
S1369,2014,0.0,0.0
S1371,2014,0.0,0.0
S1429,2014,0.0,0.0
S1430,2014,0.0,0.0
S1431,2014,0.0,0.0
S1432,2014,0.05448395386338234,0.0028946206233610864
S1433,2014,0.0,0.0
S1434,2014,0.0,0.0
S1438,2014,0.3964611291885376,0.1177088548258036
S1439,2014,0.23824289441108704,0.04233605567011262
S1440,2014,0.0,0.0
S1445,2014,1.5070692300796509,0.4392088591682156
S0000,2015,96.65904998779297,58.49708855253312
S0004,2015,1.0772333145141602,0.3820770200507354
S0007,2015,0.0,0.0
S0009,2015,4.146534442901611,1.4409337757636131
S0010,2015,5.871531009674072,2.4353147629493472
S0011,2015,0.2785153090953827,0.04431200627425045
S0012,2015,0.0,0.0
S0015,2015,4.43262243270874,1.3500954788009139
S0016,2015,2.4754679203033447,0.9983171125346585
S0017,2015,0.0,0.0
S0018,2015,1.6021862030029297,0.13028515865551446
S0019,2015,0.0,0.0
S0020,2015,1.4568222761154175,0.6385917412630636
S0021,2015,0.26831409335136414,0.009075453204493367
S0022,2015,0.0,0.0
S0023,2015,0.6717281341552734,0.13593865224082233
S0024,2015,0.42981210350990295,0.011339459509798663
S0026,2015,0.6073191165924072,0.23848923233745611
S0028,2015,0.0,0.0
S0029,2015,0.0,0.0
S0030,2015,0.0,0.0
S0033,2015,0.0,0.0
S0034,2015,0.9220433235168457,0.2258653971640502
S0035,2015,0.0,0.0
S0036,2015,0.1639919877052307,0.008148029577807062
S0037,2015,0.0,0.0
S0038,2015,1.2003381252288818,0.10108846999275356
S0040,2015,0.8787160515785217,0.33558472320624166
S0041,2015,0.11949269473552704,0.0002997621692957718
S0042,2015,0.26442164182662964,0.000748598545592849
S0044,2015,0.0,0.0
S0045,2015,0.0,0.0
S0048,2015,0.2551206648349762,0.008991036646166562
S0049,2015,0.0,0.0
S0050,2015,0.0,0.0
S0051,2015,1.5205518007278442,0.4311418232031099
S0052,2015,0.0,0.0
S0053,2015,0.0,0.0
S0054,2015,0.0,0.0
S0055,2015,0.6447052359580994,0.041477514635765676
S0056,2015,0.0,0.0
S0057,2015,0.0,0.0
S0058,2015,0.0,0.0
S0059,2015,0.6447052359580994,0.19655936155742748
S0060,2015,0.0,0.0
S0062,2015,0.7431056499481201,0.09692567625311103
S0063,2015,0.0,0.0
S0066,2015,0.0,0.0
S0069,2015,9.035727500915527,6.698286606297411
S0070,2015,2.961048126220703,1.4438027959741813
S0072,2015,1.9972004890441895,1.5303428247103577
S0073,2015,2.476865291595459,1.545248796248466
S0074,2015,0.0,0.0
S0075,2015,0.0,0.0
S0076,2015,0.0,0.0
S0077,2015,0.0,0.0
S0078,2015,0.0,0.0
S0079,2015,3.1327362060546875,0.4596540132473255
S0080,2015,0.38678810000419617,0.04781662750285364
S0081,2015,0.0,0.0
S0082,2015,0.0,0.0
S0083,2015,1.5716536045074463,0.2753894813136413
S0084,2015,0.6057497262954712,0.09654280927180497
S0085,2015,0.0,0.0
S0086,2015,2.8686349391937256,0.12735176082671157
S0087,2015,0.0,0.0
S0088,2015,0.31664174795150757,0.02416847657947486
S0089,2015,1.903673529624939,0.5910264908818147
S0090,2015,0.0,0.0
S0091,2015,7.528975009918213,2.492448712652067
S0092,2015,6.908932209014893,3.7156842809571957
S0093,2015,0.0,0.0
S0094,2015,0.5430185198783875,0.025498449428350084
S0095,2015,11.144487380981445,3.258371683900055
S0096,2015,0.8896705508232117,0.26801306853161
S0098,2015,7.85252046585083,2.2281510944456286
S0099,2015,3.990633487701416,1.4842045709706189
S0101,2015,3.3830161094665527,1.104738911067703
S0102,2015,0.0,0.0
S0104,2015,1.641621470451355,0.11013948630069738
S0105,2015,0.0,0.0
S0107,2015,0.0,0.0
S0109,2015,0.0,0.0
S0111,2015,0.0,0.0
S0113,2015,2.6025102138519287,0.7138656696975886
S0114,2015,1.320064663887024,0.07758965794666829
S0115,2015,0.0,0.0
S0116,2015,2.635594367980957,0.9484286852370559
S0117,2015,2.0191760063171387,0.5937527424452631
S0118,2015,2.109508514404297,0.1594628571377202
S0119,2015,0.0,0.0
S0121,2015,0.0,0.0
S0124,2015,0.0,0.0
S0125,2015,0.0,0.0
S0126,2015,0.0,0.0
S0130,2015,0.0,0.0
S0131,2015,24.744136810302734,11.423457547348347
S0132,2015,2.257127523422241,0.549629490160202
S0133,2015,0.0,0.0
S0134,2015,1.438793420791626,0.3248810010355718
S0135,2015,0.30273503065109253,0.018048156219281963
S0137,2015,0.40346235036849976,0.0008501049724265044
S0138,2015,2.3170764446258545,0.9104230069882879
S0139,2015,4.403871059417725,1.0059096022452567
S0140,2015,18.360170364379883,8.810321505305005
S0141,2015,14.776647567749023,5.058472945091119
S0145,2015,0.0,0.0
S0149,2015,0.0,0.0
S0150,2015,0.0,0.0
S0151,2015,0.0,0.0
S0152,2015,16.883869171142578,9.511342720747818
S0153,2015,20.062110900878906,8.09883317161673
S0154,2015,28.449127197265625,11.980889634121603
S0155,2015,13.435839653015137,7.3960718339803275
S0156,2015,13.793038368225098,7.543609738088245
S0157,2015,0.0,0.0
S0158,2015,19.747562408447266,8.221076865690492
S0159,2015,8.780513763427734,1.6997282505128797
S0160,2015,14.409791946411133,5.055204730843837
S0162,2015,0.0,0.0
S0164,2015,0.0,0.0
S0165,2015,20.540771484375,11.43096861062005
S0166,2015,0.5091392397880554,0.10960006775683216
S0168,2015,16.092344284057617,7.051667682704686
S0169,2015,25.337961196899414,11.117752815038202
S0170,2015,29.254955291748047,9.794264795113387
S0171,2015,3.6631405353546143,1.736089655512884
S0172,2015,0.0,0.0
S0173,2015,17.471025466918945,4.822383843737204
S0174,2015,69.50534057617188,31.54229070658061
S0175,2015,32.56435012817383,15.809471894363712
S0176,2015,20.623451232910156,11.554337090073664
S0177,2015,34.76754379272461,17.2425755944908
S0178,2015,0.0,0.0
S0179,2015,0.0,0.0
S0180,2015,0.0,0.0
S0181,2015,0.3353598415851593,0.13107379839719563
S0182,2015,2.6769471168518066,0.9461081966622223
S0183,2015,0.5561208724975586,0.22126759572664167
S0184,2015,8.673274993896484,3.8670445081675684
S0185,2015,0.0,0.0
S0186,2015,1.0319234132766724,0.2080294811633802
S0187,2015,0.584043562412262,0.09056812285237534
S0188,2015,1.4488612413406372,0.13358936065100005
S0189,2015,0.0,0.0
S0190,2015,0.0,0.0
S0191,2015,0.0,0.0
S0192,2015,0.0,0.0
S0193,2015,12.799116134643555,4.788311890820867
S0194,2015,13.120258331298828,5.092154073984104
S0195,2015,3.2804312705993652,0.9800156001844001
S0196,2015,0.9962942600250244,0.1732002830875099
S0197,2015,4.726324081420898,2.3034004622746473
S0198,2015,20.548540115356445,9.973022705105608
S0199,2015,7.616263389587402,3.3855103420125827
S0200,2015,7.319004535675049,3.8506241208966787
S0201,2015,0.16966144740581512,0.00260445204351032
S0202,2015,0.5062804818153381,0.1482159246117111
S0203,2015,4.4358344078063965,2.5819179884775245
S0205,2015,0.5707341432571411,0.1361251136181376
S0207,2015,0.0,0.0
S0208,2015,33.87546157836914,21.890372071690958
S0209,2015,11.40321159362793,4.28842890097919
S0210,2015,49.14191818237305,16.830326283804705
S0211,2015,49.14191818237305,10.55922535743833
S0212,2015,1.4499413967132568,0.9540038566855098
S0213,2015,9.512821197509766,2.0697313843286795
S0214,2015,1.165708303451538,0.4304088234547304
S0215,2015,0.3529331386089325,0.09814025446249072
S0216,2015,0.3529331386089325,0.08133376623009919
S0217,2015,46.33673858642578,30.427046134931917
S0218,2015,29.254955291748047,16.06053542393778
S0219,2015,15.080216407775879,7.060150990799082
S0220,2015,0.0,0.0
S0221,2015,2.1972477436065674,1.6000979003086289
S0222,2015,49.14191818237305,16.267562434611794
S0223,2015,5.621424674987793,0.33665215334735316
S0224,2015,0.457678884267807,0.19873446728917038
S0225,2015,4.377781867980957,2.2023264655704424
S0226,2015,10.984923362731934,2.3894132563883415
S0227,2015,16.39358901977539,7.072094203535478
S0229,2015,3.4561259746551514,1.7284455588739922
S0230,2015,4.352138042449951,0.3285283502319763
S0231,2015,2.719393730163574,0.9139707329778564
S0232,2015,0.0,0.0
S0233,2015,0.36916112899780273,0.009987468821881106
S0234,2015,1.9231079816818237,0.9192762802952755
S0235,2015,1.9231079816818237,1.0695125655137818
S0239,2015,0.0,0.0
S0240,2015,0.0,0.0
S0241,2015,0.5381203889846802,0.07315640606839881
S0242,2015,0.0,0.0
S0243,2015,0.0,0.0
S0244,2015,0.0,0.0
S0245,2015,0.37164440751075745,0.03623114033625008
S0246,2015,13.793038368225098,4.886547820962202
S0247,2015,13.793038368225098,2.592910825767113
S0248,2015,13.793038368225098,5.872509901722272
S0249,2015,2.303112268447876,1.3927022218329705
S0250,2015,2.481635808944702,1.5919071561357738
S0251,2015,2.303112268447876,1.7384737503067935
S0252,2015,1.3336834907531738,0.30942179769633027
S0253,2015,3.50618577003479,1.7970141184412511
S0254,2015,9.905357360839844,3.2401695407109576
S0255,2015,1.6522375345230103,0.6652396294229128
S0256,2015,1.6522375345230103,0.8088392484285213
S0257,2015,12.387161254882812,5.211821415132865
S0258,2015,16.883869171142578,8.761950438074932
S0259,2015,1.8534127473831177,1.1373280748983068
S0260,2015,0.0,0.0
S0261,2015,0.5062804818153381,0.17712427677828055
S0262,2015,0.3999321162700653,0.10391530186228135
S0263,2015,0.0,0.0
S0265,2015,0.0,0.0
S0266,2015,0.0,0.0
S0267,2015,0.0,0.0
S0269,2015,0.0,0.0
S0272,2015,1.2942479848861694,0.15625601920392393
S0273,2015,0.20250283181667328,0.007354101536326194
S0274,2015,2.4731152057647705,0.5185234423420447
S0275,2015,1.2017836570739746,0.13995620727147665
S0276,2015,0.0,0.0
S0277,2015,0.0,0.0
S0279,2015,0.15701283514499664,0.0006382635574999864
S0280,2015,0.0,0.0
S0281,2015,1.5148359537124634,0.5982454796562173
S0282,2015,0.0,0.0
S0284,2015,0.0,0.0
S0285,2015,0.0,0.0
S0287,2015,0.0,0.0
S0289,2015,0.0,0.0
S0290,2015,0.0,0.0
S0291,2015,0.0,0.0
S0293,2015,0.0,0.0
S0294,2015,0.0,0.0
S0295,2015,0.0,0.0
S0296,2015,0.0,0.0
S0297,2015,0.0,0.0
S0298,2015,6.568976879119873,2.9147198752321573
S0300,2015,23.74819564819336,9.387558459487968
S0301,2015,21.47711944580078,11.202538579411211
S0302,2015,5.720571517944336,2.308292326995903
S0307,2015,0.2167363464832306,0.008850808725115355
S0308,2015,2.0490474700927734,1.1336585473722156
S0309,2015,7.223968505859375,3.166261984026013
S0310,2015,0.0,0.0
S0311,2015,12.42890453338623,3.752050011955723
S0312,2015,0.0,0.0
S0313,2015,0.0,0.0
S0314,2015,0.0,0.0
S0315,2015,1.1377109289169312,0.3328464171084542
S0316,2015,1.1377109289169312,0.5041818618095385
S0317,2015,0.0,0.0
S0318,2015,1.1377109289169312,0.35127198163386186
S0319,2015,1.0551279783248901,0.21440963122486506
S0320,2015,1.3104336261749268,0.3990527304198274
S0321,2015,1.3104336261749268,0.5144230191410996
S0322,2015,1.3104336261749268,0.31157552980001296
S0323,2015,0.08084364235401154,5.082907409871834e-05
S0324,2015,0.0,0.0
S0325,2015,0.0,0.0
S0326,2015,0.0,0.0
S0327,2015,0.0,0.0
S0328,2015,0.0,0.0
S0329,2015,0.0,0.0
S0330,2015,0.0,0.0
S0331,2015,0.0,0.0
S0332,2015,0.0,0.0
S0333,2015,0.0,0.0
S0334,2015,0.0,0.0
S0335,2015,0.0,0.0
S0336,2015,0.0,0.0
S0337,2015,0.0,0.0
S0338,2015,0.0,0.0
S0339,2015,0.15924102067947388,0.0037926410440739626
S0340,2015,0.15924102067947388,0.011021692943991145
S0341,2015,0.0,0.0
S0342,2015,0.0,0.0
S0343,2015,0.15924102067947388,0.0004985629952394299
S0344,2015,0.2957855761051178,0.008329960618860405
S0345,2015,0.3529331386089325,0.06364028766032824
S0346,2015,0.19976569712162018,0.0038229072298114663
S0348,2015,0.0,0.0
S0349,2015,3.9575207233428955,0.9844274814326628
S0350,2015,1.3357336521148682,0.5573248361035672
S0351,2015,0.0,0.0
S0352,2015,0.0,0.0
S0353,2015,0.0,0.0
S0354,2015,0.0,0.0
S0355,2015,0.0,0.0
S0356,2015,0.0,0.0
S0357,2015,0.0,0.0
S0358,2015,0.0,0.0
S0359,2015,0.0,0.0
S0360,2015,0.9896689057350159,0.22304175424628062
S0361,2015,1.3718425035476685,0.4707362764953856
S0362,2015,3.1912028789520264,0.7937323798782621
S0363,2015,0.0,0.0
S0364,2015,0.8971104621887207,0.049997557225722446
S0365,2015,0.0,0.0
S0366,2015,1.1377109289169312,0.3469963038009789
S0367,2015,0.0,0.0
S0368,2015,0.0,0.0
S0369,2015,0.0,0.0
S0370,2015,0.0,0.0
S0371,2015,1.3069732189178467,0.5980274074716763
S0372,2015,1.1377109289169312,0.49302729692032504
S0373,2015,1.3069732189178467,0.42228455450022434
S0374,2015,0.0,0.0
S0375,2015,0.0,0.0
S0377,2015,0.0,0.0
S0378,2015,0.0,0.0
S0379,2015,0.0,0.0
S0380,2015,0.0,0.0
S0383,2015,0.0,0.0
S0384,2015,0.20250283181667328,0.0266878703286188
S0386,2015,0.0,0.0
S0387,2015,0.0,0.0
S0388,2015,0.2574639916419983,0.024217980135669517
S0389,2015,0.0,0.0
S0390,2015,0.0,0.0
S0391,2015,0.0,0.0
S0392,2015,0.0,0.0
S0393,2015,2.951469659805298,0.6347649223026796
S0394,2015,0.0,0.0
S0395,2015,0.0,0.0
S0396,2015,0.0,0.0
S0397,2015,0.4655832052230835,0.002188954550329335
S0399,2015,0.0,0.0
S0400,2015,0.0,0.0
S0401,2015,0.0,0.0
S0402,2015,0.0,0.0
S0403,2015,0.0,0.0
S0404,2015,0.0,0.0
S0405,2015,0.0,0.0
S0406,2015,0.0,0.0
S0407,2015,0.0,0.0
S0410,2015,0.0,0.0
S0411,2015,0.6698691248893738,0.14789335794613873
S0412,2015,0.6698691248893738,0.21392078581601848
S0413,2015,0.0,0.0
S0414,2015,1.6739732027053833,0.6657473827345618
S0416,2015,0.0,0.0
S0417,2015,0.0,0.0
S0418,2015,0.0,0.0
S0419,2015,0.0,0.0
S0420,2015,0.0,0.0
S0421,2015,0.0,0.0
S0422,2015,0.0,0.0
S0423,2015,0.0,0.0
S0424,2015,0.0,0.0
S0428,2015,0.0,0.0
S0429,2015,9.37360668182373,4.884243609878304
S0430,2015,0.0,0.0
S0432,2015,0.0,0.0
S0433,2015,0.0,0.0
S0434,2015,0.0,0.0
S0443,2015,0.0,0.0
S0444,2015,0.0,0.0
S0445,2015,0.0,0.0
S0449,2015,5.346351623535156,2.634451398919456
S0450,2015,1.386181116104126,0.6404282278448774
S0453,2015,6.8944525718688965,0.9113207508374781
S0455,2015,0.0,0.0
S0456,2015,0.34428220987319946,0.05771700618205065
S0459,2015,0.0,0.0
S0460,2015,0.0,0.0
S0462,2015,0.0,0.0
S0463,2015,0.0,0.0
S0464,2015,0.0,0.0
S0465,2015,0.0,0.0
S0466,2015,0.3353598415851593,0.06107111870681627
S0470,2015,6.906129837036133,2.71768162184479
S0471,2015,13.333457946777344,3.9852935530219624
S0472,2015,0.6085332632064819,0.1663172164010522
S0474,2015,0.0,0.0
S0475,2015,0.0,0.0
S0476,2015,0.0,0.0
S0477,2015,0.0,0.0
S0487,2015,0.0,0.0
S0488,2015,0.0,0.0
S0490,2015,0.0,0.0
S0492,2015,0.0,0.0
S0493,2015,0.0,0.0
S0495,2015,0.0,0.0
S0496,2015,0.0,0.0
S0497,2015,0.0,0.0
S0499,2015,0.0,0.0
S0500,2015,0.0,0.0
S0501,2015,0.292244017124176,0.014049340021958127
S0503,2015,0.47795575857162476,0.034629718304882276
S0504,2015,0.6330139636993408,0.11749654416384124
S0505,2015,0.0,0.0
S0506,2015,0.0,0.0
S0507,2015,0.0,0.0
S0508,2015,0.515099048614502,0.00851388067569373
S0509,2015,0.0,0.0
S0510,2015,0.0,0.0
S0511,2015,0.0,0.0
S0512,2015,0.0,0.0
S0513,2015,0.0,0.0
S0515,2015,0.0,0.0
S0516,2015,0.4568116366863251,0.07891049928585613
S0533,2015,0.0,0.0
S0539,2015,0.0,0.0
S0540,2015,0.0,0.0
S0544,2015,0.0,0.0
S0546,2015,0.0,0.0
S0547,2015,0.0,0.0
S0550,2015,0.0,0.0
S0551,2015,0.0,0.0
S0552,2015,0.0,0.0
S0553,2015,0.0,0.0
S0554,2015,0.0,0.0
S0555,2015,0.0,0.0
S0556,2015,0.0,0.0
S0558,2015,0.0,0.0
S0559,2015,0.0,0.0
S0560,2015,0.0,0.0
S0561,2015,0.0,0.0
S0562,2015,0.0,0.0
S0563,2015,0.0,0.0
S0564,2015,0.0,0.0
S0565,2015,0.0,0.0
S0566,2015,0.0,0.0
S0567,2015,0.0,0.0
S0569,2015,0.0,0.0
S0571,2015,0.0,0.0
S0573,2015,0.0,0.0
S0576,2015,0.0,0.0
S0587,2015,0.0,0.0
S0590,2015,0.0,0.0
S0592,2015,0.0,0.0
S0595,2015,0.0,0.0
S0596,2015,0.0,0.0
S0597,2015,0.0,0.0
S0599,2015,0.0,0.0
S0602,2015,0.0,0.0
S0603,2015,0.0,0.0
S0605,2015,0.0,0.0
S0607,2015,0.0,0.0
S0608,2015,0.0,0.0
S0610,2015,0.0,0.0
S0611,2015,0.0,0.0
S0612,2015,0.0,0.0
S0614,2015,0.0,0.0
S0615,2015,0.0,0.0
S0617,2015,0.0,0.0
S0618,2015,0.0,0.0
S0620,2015,0.0,0.0
S0623,2015,0.0,0.0
S0624,2015,0.6447052359580994,0.20528114369321898
S0627,2015,0.0,0.0
S0628,2015,0.0,0.0
S0629,2015,0.30390769243240356,0.05381341126691065
S0630,2015,0.0,0.0
S0631,2015,0.0,0.0
S0632,2015,0.0,0.0
S0633,2015,0.0,0.0
S0634,2015,0.0,0.0
S0635,2015,0.0,0.0
S0636,2015,0.0,0.0
S0637,2015,0.0,0.0
S0638,2015,0.0,0.0
S0639,2015,0.0,0.0
S0640,2015,0.0,0.0
S0643,2015,0.0,0.0
S0644,2015,0.0,0.0
S0645,2015,0.0,0.0
S0646,2015,0.0,0.0
S0648,2015,0.951129138469696,0.2861588671475255
S0650,2015,0.0,0.0
S0651,2015,0.8999485969543457,0.09083177585244027
S0652,2015,0.0,0.0
S0653,2015,2.26005220413208,0.2908707293656867
S0654,2015,0.0,0.0
S0655,2015,0.0,0.0
S0656,2015,1.2039061784744263,0.4718961615951694
S0657,2015,2.018136978149414,0.7192013430250297
S0658,2015,0.7451727390289307,0.16238293720217875
S0659,2015,0.0,0.0
S0660,2015,0.0,0.0
S0661,2015,0.0,0.0
S0662,2015,0.0,0.0
S0663,2015,0.0,0.0
S0664,2015,0.6135171055793762,0.24778709786777528
S0665,2015,0.0,0.0
S0666,2015,0.0,0.0
S0667,2015,0.6786001920700073,0.05211069409656674
S0668,2015,0.6104175448417664,0.013720025646907106
S0669,2015,0.0,0.0
S0670,2015,0.7529158592224121,0.3380339002358404
S0671,2015,0.0,0.0
S0672,2015,0.0,0.0
S0673,2015,0.0,0.0
S0674,2015,0.6104175448417664,0.0026797885317606553
S0675,2015,0.7431056499481201,0.2624854142755691
S0676,2015,0.6104175448417664,0.021513088634094277
S0677,2015,0.38681310415267944,0.08616606898643264
S0678,2015,0.7431056499481201,0.09747152097455287
S0679,2015,0.3345949351787567,0.0008401630512963131
S0680,2015,0.0,0.0
S0681,2015,0.0,0.0
S0682,2015,0.7169226408004761,0.055078532494025695
S0683,2015,0.7529158592224121,0.3740527967449402
S0684,2015,0.7431056499481201,0.21236749064443702
S0685,2015,0.8686978816986084,0.2660147682606705
S0686,2015,0.7169226408004761,0.303881252686533
S0687,2015,0.8686978816986084,0.23386623252671862
S0688,2015,0.3345949351787567,0.026069602238244314
S0689,2015,0.3345949351787567,0.01569730646776913
S0690,2015,0.0,0.0
S0693,2015,0.0,0.0
S0696,2015,0.0,0.0
S0697,2015,0.0,0.0
S0699,2015,0.0,0.0
S0700,2015,0.0,0.0
S0701,2015,0.0,0.0
S0702,2015,0.0,0.0
S0703,2015,0.0,0.0
S0704,2015,0.0,0.0
S0705,2015,0.0,0.0
S0706,2015,0.7463349103927612,0.03963402199572683
S0707,2015,0.0,0.0
S0708,2015,0.5131675004959106,0.040801815721390765
S0709,2015,0.9846115708351135,0.009165080873344422
S0710,2015,0.6887167692184448,0.049524014330313997
S0712,2015,0.0,0.0
S0713,2015,0.9846115708351135,0.09866674520005252
S0714,2015,0.5679135322570801,0.020716371678482615
S0715,2015,0.0,0.0
S0716,2015,0.7703442573547363,0.09098461942986634
S0717,2015,0.0,0.0
S0719,2015,0.0,0.0
S0720,2015,2.620887517929077,0.6123878961076104
S0721,2015,2.620887517929077,0.5799624269368556
S0723,2015,0.7259924411773682,0.11851147646139919
S0724,2015,0.0,0.0
S0725,2015,0.0,0.0
S0726,2015,0.0,0.0
S0732,2015,0.0,0.0
S0733,2015,0.0,0.0
S0734,2015,0.0,0.0
S0735,2015,0.0,0.0
S0736,2015,0.9846115708351135,0.060148701604925754
S0740,2015,0.0,0.0
S0742,2015,0.32914111018180847,0.010011504448929263
S0743,2015,0.299235999584198,0.00639875722381304
S0744,2015,0.4359307885169983,0.0006862890247433854
S0746,2015,0.0,0.0
S0747,2015,0.0,0.0
S0748,2015,0.0,0.0
S0750,2015,0.0,0.0
S0751,2015,1.1712496280670166,0.14243609776984492
S0752,2015,0.0,0.0
S0753,2015,0.0,0.0
S0754,2015,0.0,0.0
S0755,2015,0.0,0.0
S0756,2015,0.6074196696281433,0.05443287188244077
S0757,2015,0.7605845928192139,0.3004772914831599
S0758,2015,0.0,0.0
S0759,2015,0.0,0.0
S0760,2015,1.0593069791793823,0.47457312106375704
S0761,2015,10.489934921264648,3.357811413403772
S0762,2015,11.94411849975586,3.5614369649584936
S0763,2015,1.677178144454956,0.20641757028700045
S0764,2015,4.405107498168945,0.5386232114855928
S0765,2015,7.783640384674072,2.345628572089545
S0766,2015,1.0593069791793823,0.5709385331725956
S0767,2015,0.8337488174438477,0.22820057300909471
S0768,2015,2.133293628692627,0.3647634443158819
S0769,2015,0.0,0.0
S0770,2015,0.8973957896232605,0.169263172252748
S0771,2015,0.7688149809837341,0.0971648726260887
S0772,2015,2.238849639892578,0.442189915790462
S0773,2015,2.238849639892578,0.8701438716282061
S0774,2015,0.7190281748771667,0.03434465945645461
S0775,2015,0.3680008351802826,0.027367878190100697
S0776,2015,0.49187415838241577,0.020151492000373555
S0777,2015,0.848103940486908,0.032211634237260624
S0778,2015,0.0,0.0
S0779,2015,2.3064045906066895,1.0858180756138003
S0780,2015,3.9640920162200928,2.5224409836815944
S0781,2015,3.9640920162200928,2.120284848988225
S0792,2015,0.0,0.0
S0796,2015,0.0,0.0
S0797,2015,0.7463349103927612,0.08551059617770938
S0798,2015,0.0,0.0
S0799,2015,0.0,0.0
S0800,2015,0.0,0.0
S0801,2015,0.0,0.0
S0803,2015,0.0,0.0
S0804,2015,0.0,0.0
S0805,2015,0.0,0.0
S0808,2015,0.0,0.0
S0809,2015,0.0,0.0
S0813,2015,0.0,0.0
S0814,2015,0.0,0.0
S0815,2015,0.0,0.0
S0816,2015,0.0,0.0
S0817,2015,0.45253127813339233,0.007409202286818767
S0818,2015,0.0,0.0
S0819,2015,0.0,0.0
S0820,2015,0.0,0.0
S0822,2015,0.0,0.0
S0823,2015,0.0,0.0
S0824,2015,0.0,0.0
S0825,2015,0.45253127813339233,0.10910767201508845
S0826,2015,0.0,0.0
S0828,2015,0.7679414749145508,0.1489325610398872
S0829,2015,0.0,0.0
S0831,2015,0.0,0.0
S0832,2015,0.0,0.0
S0833,2015,0.0,0.0
S0834,2015,0.0,0.0
S0835,2015,0.0,0.0
S0836,2015,0.0,0.0
S0837,2015,0.0,0.0
S0839,2015,0.1298597902059555,0.015107145958478674
S0840,2015,0.0,0.0
S0841,2015,0.0,0.0
S0843,2015,0.0,0.0
S0845,2015,0.0,0.0
S0846,2015,0.0,0.0
S0847,2015,0.0,0.0
S0848,2015,0.0,0.0
S0849,2015,0.0,0.0
S0850,2015,0.0,0.0
S0851,2015,0.0,0.0
S0852,2015,0.0,0.0
S0854,2015,0.0,0.0
S0856,2015,0.0,0.0
S0857,2015,0.0,0.0
S0858,2015,0.0,0.0
S0860,2015,0.0,0.0
S0861,2015,0.0,0.0
S0862,2015,0.0,0.0
S0863,2015,0.0,0.0
S0864,2015,0.0,0.0
S0865,2015,0.0,0.0
S0866,2015,0.0,0.0
S0867,2015,0.0,0.0
S0868,2015,11.776456832885742,3.7591218098245296
S0870,2015,0.0,0.0
S0871,2015,0.0,0.0
S0872,2015,0.5101516842842102,0.12696955083214995
S0873,2015,0.0,0.0
S0874,2015,1.6940618753433228,0.4386383378793544
S0875,2015,0.0,0.0
S0876,2015,0.0,0.0
S0879,2015,0.0,0.0
S0881,2015,16.092344284057617,4.518160570993197
S0882,2015,0.5999476313591003,0.047816042531238334
S0883,2015,16.092344284057617,5.621106158747886
S0885,2015,0.6726470589637756,0.13532768291739464
S0886,2015,0.27319085597991943,0.022173802590086347
S0887,2015,0.0,0.0
S0888,2015,0.0,0.0
S0889,2015,0.0,0.0
S0890,2015,8.924707412719727,2.518654434067114
S0891,2015,16.092344284057617,4.544505866468421
S0892,2015,0.7159984707832336,0.12199735466501965
S0893,2015,8.489233016967773,2.5196202107261843
S0894,2015,4.484935760498047,1.2184057948540667
S0895,2015,8.924707412719727,1.77170448232078
S0896,2015,16.092344284057617,4.559458034026577
S0897,2015,16.092344284057617,5.766630038549039
S0898,2015,16.092344284057617,2.068186374883655
S0899,2015,11.776456832885742,3.027326787816693
S0900,2015,0.0,0.0
S0902,2015,0.0,0.0
S0903,2015,0.0,0.0
S0904,2015,0.0,0.0
S0905,2015,0.0,0.0
S0906,2015,0.0,0.0
S0907,2015,0.0,0.0
S0908,2015,0.0,0.0
S0909,2015,0.0,0.0
S0910,2015,0.0,0.0
S0912,2015,0.0,0.0
S0914,2015,0.0,0.0
S0915,2015,0.0,0.0
S0916,2015,0.0,0.0
S0917,2015,0.0,0.0
S0918,2015,0.0,0.0
S0919,2015,0.0,0.0
S0920,2015,0.0,0.0
S0921,2015,0.0,0.0
S0922,2015,0.0,0.0
S0924,2015,0.0,0.0
S0925,2015,0.0,0.0
S0926,2015,0.0,0.0
S0927,2015,0.0,0.0
S0928,2015,0.0,0.0
S0929,2015,0.0,0.0
S0930,2015,0.0,0.0
S0931,2015,0.0,0.0
S0934,2015,0.0,0.0
S0936,2015,0.0,0.0
S0938,2015,0.0,0.0
S0939,2015,0.0,0.0
S0940,2015,0.802460253238678,0.11115914373380195
S0941,2015,0.0,0.0
S0942,2015,0.0,0.0
S0943,2015,0.0,0.0
S0944,2015,0.0,0.0
S0945,2015,0.0,0.0
S0946,2015,0.0,0.0
S0949,2015,0.0,0.0
S0950,2015,0.0,0.0
S0951,2015,0.0,0.0
S0952,2015,0.0,0.0
S0953,2015,0.0,0.0
S0954,2015,0.0,0.0
S0955,2015,0.0,0.0
S0956,2015,0.0,0.0
S0957,2015,0.0,0.0
S0958,2015,5.282248497009277,1.690495948580034
S0959,2015,0.34929826855659485,0.008097766877565167
S0960,2015,0.0,0.0
S0961,2015,0.0,0.0
S0962,2015,0.0,0.0
S0963,2015,0.9327691793441772,0.06099327473239329
S0964,2015,0.0,0.0
S0965,2015,0.0,0.0
S0966,2015,0.0,0.0
S0967,2015,2.3377087116241455,0.8238148815288323
S0968,2015,0.9601784944534302,0.1958723411650465
S0969,2015,1.7810840606689453,0.8241903908307988
S0970,2015,0.7455443739891052,0.3234342154513739
S0971,2015,0.7455443739891052,0.26183801438973664
S0972,2015,0.3947121798992157,0.06445238895194476
S0973,2015,2.754560947418213,1.1440057375316106
S0974,2015,0.7455443739891052,0.30805216698343857
S0975,2015,0.7455443739891052,0.174819019231303
S0976,2015,0.9870979189872742,0.3167386704944892
S0977,2015,0.0,0.0
S0978,2015,11.776456832885742,2.710627735249122
S0979,2015,0.3965008854866028,0.027474093146736593
S0980,2015,2.488537311553955,0.9056704215095227
S0981,2015,1.037442922592163,0.44849730376767855
S0982,2015,8.489233016967773,2.013198729242383
S0983,2015,0.5607126951217651,0.042935213844354884
S0984,2015,8.673274993896484,3.5624607311240557
S0985,2015,8.673274993896484,3.1921140213265393
S0986,2015,0.0,0.0
S0987,2015,0.0,0.0
S0988,2015,0.0,0.0
S0989,2015,1.1972839832305908,0.6543321259869513
S0990,2015,0.3146398365497589,0.01036321919383411
S0991,2015,8.673274993896484,2.5286659717541142
S0992,2015,4.456821918487549,0.48849085082482424
S0993,2015,0.5410469770431519,0.003396402869071889
S0994,2015,8.673274993896484,3.030342563277198
S0995,2015,0.8281338810920715,0.2514368616667933
S0996,2015,8.673274993896484,3.6343451884984592
S0997,2015,0.0,0.0
S0998,2015,0.0,0.0
S1000,2015,0.0,0.0
S1002,2015,1.8266273736953735,0.2937499453502714
S1003,2015,0.0,0.0
S1004,2015,1.8266273736953735,0.7059413285791685
S1005,2015,1.8266273736953735,0.5896615191607668
S1006,2015,0.9823418855667114,0.2756883663953341
S1007,2015,1.4903106689453125,0.38295795661661747
S1008,2015,0.0,0.0
S1010,2015,0.0,0.0
S1011,2015,0.0,0.0
S1015,2015,0.0,0.0
S1016,2015,0.0,0.0
S1018,2015,0.0,0.0
S1019,2015,0.0,0.0
S1020,2015,0.0,0.0
S1021,2015,0.0,0.0
S1022,2015,0.0,0.0
S1023,2015,0.0,0.0
S1024,2015,0.0,0.0
S1025,2015,0.0,0.0
S1026,2015,0.0,0.0
S1027,2015,0.0,0.0
S1028,2015,0.0,0.0
S1029,2015,0.0,0.0
S1030,2015,0.0,0.0
S1031,2015,0.0,0.0
S1032,2015,0.0,0.0
S1033,2015,0.0,0.0
S1034,2015,0.0,0.0
S1035,2015,0.0,0.0
S1036,2015,0.0,0.0
S1037,2015,0.0,0.0
S1038,2015,0.0,0.0
S1039,2015,0.0,0.0
S1040,2015,0.0,0.0
S1041,2015,0.0,0.0
S1042,2015,0.0,0.0
S1043,2015,0.0,0.0
S1044,2015,0.0,0.0
S1045,2015,0.0,0.0
S1046,2015,0.0,0.0
S1047,2015,0.0,0.0
S1048,2015,0.497727632522583,0.010148148090956051
S1049,2015,0.0,0.0
S1050,2015,0.0,0.0
S1052,2015,0.0,0.0
S1053,2015,0.0,0.0
S1054,2015,0.0,0.0
S1055,2015,0.0,0.0
S1059,2015,0.0,0.0
S1060,2015,28.449127197265625,5.685853050359927
S1064,2015,0.0,0.0
S1066,2015,7.0016279220581055,2.29401479927188
S1067,2015,11.458419799804688,3.9729087973836825
S1068,2015,9.798121452331543,3.9896099918491235
S1069,2015,1.615397572517395,0.5125061034258814
S1070,2015,0.9861997961997986,0.09764568417432135
S1071,2015,6.797189235687256,2.002158798978499
S1072,2015,0.0,0.0
S1073,2015,0.0,0.0
S1074,2015,0.0,0.0
S1076,2015,0.0,0.0
S1078,2015,4.004669189453125,1.173551859706171
S1079,2015,4.405107498168945,0.8275320819921446
S1080,2015,5.006454944610596,1.7074364091283711
S1081,2015,7.581012725830078,3.1217540369947576
S1083,2015,0.0,0.0
S1091,2015,0.0,0.0
S1092,2015,0.0,0.0
S1093,2015,0.0,0.0
S1094,2015,0.0,0.0
S1097,2015,0.0,0.0
S1102,2015,0.5913235545158386,0.20770597267891275
S1103,2015,0.0,0.0
S1106,2015,0.0,0.0
S1110,2015,0.0,0.0
S1114,2015,0.0,0.0
S1115,2015,0.0,0.0
S1116,2015,0.0,0.0
S1117,2015,0.0,0.0
S1118,2015,0.0,0.0
S1119,2015,0.0,0.0
S1120,2015,0.0,0.0
S1121,2015,0.0,0.0
S1122,2015,2.210437774658203,0.9694192755727605
S1127,2015,16.56391716003418,8.569759453523128
S1128,2015,0.0,0.0
S1130,2015,0.0,0.0
S1133,2015,0.0,0.0
S1135,2015,1.5672811269760132,0.2545401860141108
S1136,2015,0.41732797026634216,0.07864699323536088
S1137,2015,0.0,0.0
S1138,2015,1.8027431964874268,0.6459507774164341
S1139,2015,96.65904998779297,59.071014810596864
S1140,2015,32.44349670410156,18.33943990982443
S1141,2015,0.0,0.0
S1142,2015,29.254955291748047,10.221242845301116
S1143,2015,89.83658599853516,44.04347283328266
S1144,2015,10.082342147827148,4.1681280620267716
S1145,2015,0.5027691125869751,0.22121616988720194
S1146,2015,4.129842758178711,2.393078581804009
S1147,2015,13.435839653015137,6.716790596995981
S1148,2015,2.4978227615356445,0.20096366937384175
S1149,2015,13.435839653015137,3.5264127182911733
S1150,2015,1.84806227684021,0.8654429360452215
S1151,2015,0.6552857756614685,0.05580706102904802
S1152,2015,1.84806227684021,0.6740289289261538
S1153,2015,3.8059699535369873,2.2728348654671713
S1154,2015,20.062110900878906,4.5460365114912475
S1155,2015,1.28114914894104,0.4198373361570761
S1156,2015,28.449127197265625,11.46501973587938
S1157,2015,28.449127197265625,9.764058328102623
S1158,2015,28.449127197265625,9.19289373917877
S1159,2015,11.51488971710205,6.097506771341761
S1160,2015,15.32939338684082,5.805999509446192
S1161,2015,16.39358901977539,5.922501319378548
S1162,2015,16.39358901977539,5.1752879832378555
S1163,2015,16.39358901977539,3.943427463135948
S1164,2015,49.14191818237305,20.601200253938813
S1165,2015,49.14191818237305,21.640148691463526
S1166,2015,4.287715911865234,1.4981862309582552
S1167,2015,3.919851541519165,2.369929567475801
S1168,2015,21.327571868896484,11.6167363545531
S1169,2015,5.932345390319824,3.7972140468418187
S1170,2015,96.65904998779297,57.003755376384674
S1171,2015,41.031089782714844,30.349013943555295
S1172,2015,48.15827941894531,30.137237449101384
S1173,2015,43.22047424316406,34.942330551386554
S1174,2015,31.13365364074707,26.102384848069832
S1175,2015,96.65904998779297,61.786521731422745
S1176,2015,45.75873565673828,26.057633901503248
S1177,2015,45.2751579284668,29.679180869649066
S1178,2015,89.83658599853516,55.57899028483626
S1179,2015,89.83658599853516,56.578552177290405
S1180,2015,29.031721115112305,15.258400463512837
S1181,2015,16.292335510253906,5.255794253035062
S1182,2015,28.449127197265625,7.0948552579783835
S1183,2015,4.169453144073486,1.7532090650303087
S1184,2015,18.410215377807617,7.1577312136384466
S1185,2015,1.4160363674163818,0.9747129066034587
S1186,2015,1.2476683855056763,0.3551142013478594
S1187,2015,9.005123138427734,4.036747221025623
S1188,2015,2.254340410232544,1.02457160987581
S1189,2015,0.0,0.0
S1190,2015,0.0,0.0
S1191,2015,0.0,0.0
S1192,2015,0.0,0.0
S1193,2015,0.0,0.0
S1194,2015,0.0,0.0
S1195,2015,16.186487197875977,4.4828984631012805
S1198,2015,0.0,0.0
S1203,2015,0.0,0.0
S1205,2015,0.0,0.0
S1207,2015,0.0,0.0
S1208,2015,0.0,0.0
S1209,2015,0.0,0.0
S1210,2015,0.0,0.0
S1211,2015,0.0,0.0
S1212,2015,0.0,0.0
S1213,2015,2.1123602390289307,0.37859535229222946
S1214,2015,2.1123602390289307,0.5353368068291735
S1215,2015,0.0,0.0
S1216,2015,0.0,0.0
S1217,2015,0.0,0.0
S1220,2015,0.0,0.0
S1221,2015,0.0,0.0
S1222,2015,0.0,0.0
S1223,2015,0.0,0.0
S1224,2015,0.0,0.0
S1226,2015,0.0,0.0
S1227,2015,0.0,0.0
S1228,2015,0.0,0.0
S1229,2015,0.0,0.0
S1230,2015,0.0,0.0
S1231,2015,0.0,0.0
S1232,2015,0.0,0.0
S1233,2015,0.0,0.0
S1235,2015,0.5703749060630798,0.0231760818260563
S1236,2015,0.0,0.0
S1238,2015,0.9000723958015442,0.12064674379957678
S1240,2015,0.0,0.0
S1241,2015,0.0,0.0
S1242,2015,0.0,0.0
S1243,2015,0.0,0.0
S1244,2015,0.0,0.0
S1245,2015,0.0,0.0
S1247,2015,0.0,0.0
S1248,2015,0.0,0.0
S1249,2015,0.0,0.0
S1250,2015,0.48326054215431213,0.04593003560586341
S1251,2015,0.0,0.0
S1252,2015,0.15944594144821167,0.00785719171606065
S1253,2015,0.0,0.0
S1254,2015,0.0,0.0
S1255,2015,0.0,0.0
S1256,2015,0.0,0.0
S1257,2015,0.0,0.0
S1259,2015,0.0,0.0
S1262,2015,0.0,0.0
S1263,2015,0.0,0.0
S1264,2015,0.0,0.0
S1265,2015,0.0,0.0
S1266,2015,0.0,0.0
S1267,2015,0.0,0.0
S1268,2015,0.0,0.0
S1270,2015,0.0,0.0
S1271,2015,0.0,0.0
S1272,2015,0.0,0.0
S1273,2015,0.0,0.0
S1274,2015,0.0,0.0
S1275,2015,0.0,0.0
S1278,2015,0.0,0.0
S1279,2015,0.4736393988132477,0.029957299915869713
S1282,2015,0.0,0.0
S1283,2015,0.0,0.0
S1286,2015,0.0,0.0
S1287,2015,0.0,0.0
S1288,2015,0.0,0.0
S1289,2015,0.0,0.0
S1290,2015,0.0,0.0
S1291,2015,0.0,0.0
S1292,2015,0.3725821077823639,0.009640689908821278
S1293,2015,0.0,0.0
S1294,2015,0.3872342109680176,0.031032282777135288
S1295,2015,0.0,0.0
S1296,2015,0.0,0.0
S1297,2015,0.0,0.0
S1299,2015,0.0,0.0
S1300,2015,0.0,0.0
S1302,2015,0.0,0.0
S1304,2015,0.0,0.0
S1305,2015,0.0,0.0
S1306,2015,0.0,0.0
S1307,2015,0.0,0.0
S1308,2015,0.0,0.0
S1309,2015,0.0,0.0
S1310,2015,0.0,0.0
S1311,2015,0.0,0.0
S1312,2015,0.0,0.0
S1313,2015,0.0,0.0
S1314,2015,0.0,0.0
S1315,2015,0.0,0.0
S1316,2015,0.3872342109680176,0.046758071392064116
S1317,2015,0.0,0.0
S1318,2015,1.3192048072814941,0.2904774915800788
S1319,2015,16.883869171142578,7.138726890124675
S1320,2015,3.7190897464752197,1.6129169885741674
S1321,2015,0.732369065284729,0.2601618034802131
S1323,2015,1.004080057144165,0.31854711960542226
S1324,2015,0.8234694004058838,0.34740756523225075
S1325,2015,1.896529197692871,0.9133181753337418
S1326,2015,3.352504253387451,1.9330338105381168
S1327,2015,4.740682601928711,2.9336708381870356
S1328,2015,10.204119682312012,5.195546260582313
S1329,2015,21.47711944580078,8.386565391337669
S1330,2015,21.47711944580078,10.981515220977059
S1331,2015,12.55223274230957,1.648136102109678
S1332,2015,3.3196020126342773,0.8088266968333867
S1333,2015,0.42212018370628357,0.06346336484179882
S1334,2015,1.183045744895935,0.5893926338991005
S1335,2015,1.183045744895935,0.4546741133879427
S1336,2015,1.183045744895935,0.48758478997189153
S1337,2015,1.183045744895935,0.31515301889514563
S1338,2015,0.6927328705787659,0.12053985332884655
S1339,2015,21.47711944580078,6.82057862768245
S1340,2015,8.648998260498047,3.413362425681783
S1341,2015,8.648998260498047,2.6885619906088505
S1342,2015,14.57525634765625,3.51616978102784
S1343,2015,7.673858165740967,1.0469108549533068
S1344,2015,2.4431941509246826,0.5953555957067707
S1345,2015,1.3458831310272217,0.7045416660055311
S1346,2015,0.9920045137405396,0.3437089434369506
S1347,2015,1.3411327600479126,0.6362863619181673
S1348,2015,4.78328275680542,1.8175537588749728
S1349,2015,2.3785533905029297,0.6892732131642214
S1350,2015,4.78328275680542,1.5488179368164323
S1351,2015,2.8069546222686768,0.956430343679175
S1352,2015,4.78328275680542,0.9270720082945306
S1353,2015,4.78328275680542,1.0632461712096304
S1354,2015,2.62471079826355,0.9214185845345518
S1355,2015,1.4624077081680298,0.6776702013849538
S1356,2015,0.0,0.0
S1357,2015,0.0,0.0
S1359,2015,33.611900329589844,9.735265065927553
S1361,2015,2.7409675121307373,0.48006877069095816
S1364,2015,0.0,0.0
S1365,2015,0.543590247631073,0.15992574569496934
S1366,2015,0.0,0.0
S1367,2015,0.0,0.0
S1370,2015,0.0,0.0
S1372,2015,7.673858165740967,1.9840712972287298
S1373,2015,4.004669189453125,1.1696341233615541
S1374,2015,2.1380274295806885,1.1344226106394049
S1375,2015,0.8768300414085388,0.2069315736251205
S1376,2015,0.0,0.0
S1377,2015,2.1579880714416504,1.0910949538061057
S1378,2015,6.5664143562316895,1.945610236355504
S1379,2015,0.8742278814315796,0.2312343740403333
S1380,2015,2.2607405185699463,0.9108907514481088
S1381,2015,2.3170764446258545,1.2159501251274147
S1382,2015,2.6889941692352295,1.066747112048135
S1383,2015,4.532656669616699,1.7075604511685971
S1384,2015,2.2056503295898438,1.0877929830872328
S1385,2015,3.774522304534912,0.9430753331569391
S1386,2015,2.257127523422241,0.9074205054185498
S1387,2015,6.022259712219238,1.8611405570103319
S1388,2015,2.6889941692352295,1.521054351286855
S1389,2015,2.6889941692352295,1.2467640408405063
S1390,2015,2.6889941692352295,1.1348370544864494
S1391,2015,1.1279608011245728,0.5883516219848732
S1392,2015,7.379774570465088,2.4887511288200996
S1393,2015,5.104249000549316,3.046669961147296
S1394,2015,6.699331283569336,3.3511506617722597
S1395,2015,18.360170364379883,4.75210457830177
S1396,2015,14.40153980255127,6.52780197791545
S1397,2015,14.776647567749023,5.928179682570493
S1398,2015,3.497229814529419,1.47283230067867
S1399,2015,14.776647567749023,3.5131434279476785
S1400,2015,14.776647567749023,3.944950197440239
S1401,2015,6.009398460388184,1.4992382733449365
S1402,2015,1.6904054880142212,0.41837761247841704
S1403,2015,12.81806755065918,3.342332911005588
S1404,2015,3.777059555053711,2.209022055405722
S1405,2015,30.861913681030273,10.985291132307573
S1406,2015,2.965489625930786,1.4918164688242235
S1407,2015,16.08568000793457,7.7364847520237445
S1408,2015,6.8498311042785645,1.7245799971247362
S1409,2015,8.993454933166504,2.1611723173462365
S1410,2015,17.85504722595215,9.929578708026835
S1411,2015,0.940383791923523,0.344980233595956
S1412,2015,1.8309197425842285,0.6746436419390972
S1413,2015,0.0,0.0
S1414,2015,18.032394409179688,5.548208331127525
S1415,2015,22.986501693725586,3.2010214422888343
S1416,2015,34.86625671386719,10.683214109206695
S1417,2015,24.55020523071289,11.601856141262564
S1418,2015,23.834278106689453,7.150545739065266
S1419,2015,25.04374122619629,13.019369490931382
S1420,2015,23.397136688232422,10.81017220476204
S1421,2015,0.8279151320457458,0.141130326237008
S1422,2015,0.0,0.0
S1423,2015,0.0,0.0
S1424,2015,2.78554368019104,1.2194397804620645
S1425,2015,41.42885971069336,14.695600613217616
S1426,2015,3.8100383281707764,1.4322192310502904
S1427,2015,1.0090610980987549,0.29730354817563703
S1428,2015,0.0,0.0
S1435,2015,0.14022435247898102,0.010042453552328042
S1436,2015,0.43616601824760437,0.022449727931038443
S1437,2015,1.2972540855407715,0.4576229487739082
S1441,2015,1.3513072729110718,0.8408607909802218
S1442,2015,0.5644482374191284,0.2229957125853938
S1443,2015,1.9681297540664673,0.601523750230717
S1444,2015,1.7280170917510986,0.8050638085504468
S1446,2015,2.859330654144287,1.4337223761775832
S1447,2015,1.9835965633392334,1.2221105358582656
S0001,2015,0.0,0.0
S0002,2015,0.0,0.0
S0003,2015,0.0,0.0
S0005,2015,0.0,0.0
S0006,2015,1.200805902481079,0.504905093817506
S0008,2015,0.0,0.0
S0013,2015,0.0,0.0
S0014,2015,0.0,0.0
S0025,2015,0.0,0.0
S0027,2015,0.0,0.0
S0031,2015,0.0,0.0
S0032,2015,0.0,0.0
S0039,2015,0.0,0.0
S0043,2015,0.0,0.0
S0046,2015,0.0,0.0
S0047,2015,0.0,0.0
S0061,2015,0.0,0.0
S0064,2015,0.0,0.0
S0065,2015,0.0,0.0
S0067,2015,0.48198115825653076,0.010706699971085098
S0068,2015,0.0,0.0
S0071,2015,0.0,0.0
S0097,2015,0.0,0.0
S0100,2015,0.0,0.0
S0103,2015,0.0,0.0
S0106,2015,0.0,0.0
S0108,2015,0.0,0.0
S0110,2015,0.0,0.0
S0112,2015,0.0,0.0
S0120,2015,0.0,0.0
S0122,2015,0.0,0.0
S0123,2015,0.0,0.0
S0127,2015,0.0,0.0
S0128,2015,0.0,0.0
S0129,2015,0.0,0.0
S0136,2015,0.0,0.0
S0142,2015,0.0,0.0
S0143,2015,0.0,0.0
S0144,2015,0.0,0.0
S0146,2015,0.0,0.0
S0147,2015,0.0,0.0
S0148,2015,0.0,0.0
S0161,2015,0.0,0.0
S0163,2015,0.0,0.0
S0167,2015,0.0,0.0
S0204,2015,0.0,0.0
S0206,2015,0.0,0.0
S0228,2015,0.0,0.0
S0236,2015,0.0,0.0
S0237,2015,0.0,0.0
S0238,2015,0.0,0.0
S0264,2015,0.0,0.0
S0268,2015,0.0,0.0
S0270,2015,0.0,0.0
S0271,2015,0.0,0.0
S0278,2015,0.0,0.0
S0283,2015,0.0,0.0
S0286,2015,0.0,0.0
S0288,2015,0.0,0.0
S0292,2015,0.0,0.0
S0299,2015,0.0,0.0
S0303,2015,0.0,0.0
S0304,2015,0.0,0.0
S0305,2015,0.0,0.0
S0306,2015,0.0,0.0
S0347,2015,0.0,0.0
S0376,2015,0.0,0.0
S0381,2015,0.0,0.0
S0382,2015,0.0,0.0
S0385,2015,0.0,0.0
S0398,2015,0.0,0.0
S0408,2015,0.3846490681171417,0.018623490293683417
S0409,2015,0.6582951545715332,0.24154393673875893
S0415,2015,0.0,0.0
S0425,2015,0.0,0.0
S0426,2015,0.0,0.0
S0427,2015,0.0,0.0
S0431,2015,0.0,0.0
S0435,2015,0.0,0.0
S0436,2015,0.0,0.0
S0437,2015,0.0,0.0
S0438,2015,0.0,0.0
S0439,2015,0.0,0.0
S0440,2015,0.0,0.0
S0441,2015,0.0,0.0
S0442,2015,0.0,0.0
S0446,2015,0.0,0.0
S0447,2015,0.0,0.0
S0448,2015,0.0,0.0
S0451,2015,0.0,0.0
S0452,2015,0.0,0.0
S0454,2015,0.0,0.0
S0457,2015,0.0,0.0
S0458,2015,0.0,0.0
S0461,2015,0.0,0.0
S0467,2015,0.0,0.0
S0468,2015,0.0,0.0
S0469,2015,0.0,0.0
S0473,2015,0.0,0.0
S0478,2015,0.0,0.0
S0479,2015,0.0,0.0
S0480,2015,0.0,0.0
S0481,2015,0.0,0.0
S0482,2015,0.0,0.0
S0483,2015,0.0,0.0
S0484,2015,0.0,0.0
S0485,2015,0.0,0.0
S0486,2015,0.0,0.0
S0489,2015,0.0,0.0
S0491,2015,0.0,0.0
S0494,2015,0.0,0.0
S0498,2015,0.0,0.0
S0502,2015,0.0,0.0
S0514,2015,0.0,0.0
S0517,2015,0.0,0.0
S0518,2015,0.0,0.0
S0519,2015,0.0,0.0
S0520,2015,0.0,0.0
S0521,2015,0.0,0.0
S0522,2015,0.0,0.0
S0523,2015,0.0,0.0
S0524,2015,0.0,0.0
S0525,2015,0.0,0.0
S0526,2015,0.0,0.0
S0527,2015,0.0,0.0
S0528,2015,0.0,0.0
S0529,2015,0.0,0.0
S0530,2015,0.0,0.0
S0531,2015,0.0,0.0
S0532,2015,0.0,0.0
S0534,2015,0.0,0.0
S0535,2015,0.0,0.0
S0536,2015,0.0,0.0
S0537,2015,0.0,0.0
S0538,2015,0.0,0.0
S0541,2015,0.0,0.0
S0542,2015,0.0,0.0
S0543,2015,0.0,0.0
S0545,2015,0.0,0.0
S0548,2015,0.0,0.0
S0549,2015,0.0,0.0
S0557,2015,0.0,0.0
S0568,2015,0.0,0.0
S0570,2015,0.0,0.0
S0572,2015,0.0,0.0
S0574,2015,0.0,0.0
S0575,2015,0.0,0.0
S0577,2015,0.0,0.0
S0578,2015,0.0,0.0
S0579,2015,0.0,0.0
S0580,2015,0.0,0.0
S0581,2015,0.0,0.0
S0582,2015,0.0,0.0
S0583,2015,0.0,0.0
S0584,2015,0.0,0.0
S0585,2015,0.0,0.0
S0586,2015,0.0,0.0
S0588,2015,0.0,0.0
S0589,2015,0.0,0.0
S0591,2015,0.0,0.0
S0593,2015,0.0,0.0
S0594,2015,0.0,0.0
S0598,2015,0.0,0.0
S0600,2015,0.0,0.0
S0601,2015,0.0,0.0
S0604,2015,0.0,0.0
S0606,2015,0.0,0.0
S0609,2015,0.0,0.0
S0613,2015,0.0,0.0
S0616,2015,0.0,0.0
S0619,2015,0.0,0.0
S0621,2015,0.0,0.0
S0622,2015,0.0,0.0
S0625,2015,0.0,0.0
S0626,2015,0.0,0.0
S0641,2015,0.0,0.0
S0642,2015,0.0,0.0
S0647,2015,0.0,0.0
S0649,2015,0.0,0.0
S0691,2015,0.0,0.0
S0692,2015,0.0,0.0
S0694,2015,0.0,0.0
S0695,2015,0.0,0.0
S0698,2015,0.2535686790943146,0.0026255934766590467
S0711,2015,0.0,0.0
S0718,2015,0.0,0.0
S0722,2015,0.0,0.0
S0727,2015,0.0,0.0
S0728,2015,0.0,0.0
S0729,2015,0.0,0.0
S0730,2015,0.0,0.0
S0731,2015,0.0,0.0
S0737,2015,0.0,0.0
S0738,2015,0.0,0.0
S0739,2015,0.0,0.0
S0741,2015,0.0,0.0
S0745,2015,0.0,0.0
S0749,2015,0.0,0.0
S0782,2015,0.0,0.0
S0783,2015,0.0,0.0
S0784,2015,0.0,0.0
S0785,2015,0.0,0.0
S0786,2015,0.0,0.0
S0787,2015,0.0,0.0
S0788,2015,0.0,0.0
S0789,2015,0.0,0.0
S0790,2015,0.0,0.0
S0791,2015,0.0,0.0
S0793,2015,0.0,0.0
S0794,2015,0.0,0.0
S0795,2015,0.0,0.0
S0802,2015,0.0,0.0
S0806,2015,0.0,0.0
S0807,2015,0.0,0.0
S0810,2015,0.0,0.0
S0811,2015,0.0,0.0
S0812,2015,0.0,0.0
S0821,2015,0.0,0.0
S0827,2015,0.0,0.0
S0830,2015,0.0,0.0
S0838,2015,0.0,0.0
S0842,2015,0.0,0.0
S0844,2015,0.0,0.0
S0853,2015,0.0,0.0
S0855,2015,0.0,0.0
S0859,2015,0.0,0.0
S0869,2015,0.0,0.0
S0877,2015,0.0,0.0
S0878,2015,0.0,0.0
S0880,2015,0.0,0.0
S0884,2015,0.0,0.0
S0901,2015,0.0,0.0
S0911,2015,0.0,0.0
S0913,2015,0.0,0.0
S0923,2015,0.0,0.0
S0932,2015,0.0,0.0
S0933,2015,0.0,0.0
S0935,2015,0.05473465472459793,0.0008571038948418092
S0937,2015,0.0,0.0
S0947,2015,0.0,0.0
S0948,2015,0.0,0.0
S0999,2015,0.0,0.0
S1001,2015,0.0,0.0
S1009,2015,0.0,0.0
S1012,2015,0.0,0.0
S1013,2015,0.0,0.0
S1014,2015,0.0,0.0
S1017,2015,0.0,0.0
S1051,2015,0.0,0.0
S1056,2015,0.0,0.0
S1057,2015,0.0,0.0
S1058,2015,0.0,0.0
S1061,2015,0.0,0.0
S1062,2015,0.0,0.0
S1063,2015,0.0,0.0
S1065,2015,0.0,0.0
S1075,2015,0.0,0.0
S1077,2015,0.0,0.0
S1082,2015,0.0,0.0
S1084,2015,0.0,0.0
S1085,2015,0.0,0.0
S1086,2015,0.0,0.0
S1087,2015,0.0,0.0
S1088,2015,0.0,0.0
S1089,2015,0.0,0.0
S1090,2015,0.0,0.0
S1095,2015,0.0,0.0
S1096,2015,0.0,0.0
S1098,2015,0.0,0.0
S1099,2015,0.0,0.0
S1100,2015,0.0,0.0
S1101,2015,0.0,0.0
S1104,2015,0.0,0.0
S1105,2015,0.0,0.0
S1107,2015,0.0,0.0
S1108,2015,0.0,0.0
S1109,2015,0.0,0.0
S1111,2015,0.0,0.0
S1112,2015,0.0,0.0
S1113,2015,0.0,0.0
S1123,2015,0.0,0.0
S1124,2015,0.0,0.0
S1125,2015,0.0,0.0
S1126,2015,0.0,0.0
S1129,2015,0.0,0.0
S1131,2015,0.0,0.0
S1132,2015,0.0,0.0
S1134,2015,0.0,0.0
S1196,2015,0.0,0.0
S1197,2015,0.0,0.0
S1199,2015,0.0,0.0
S1200,2015,0.0,0.0
S1201,2015,0.0,0.0
S1202,2015,0.0,0.0
S1204,2015,0.0,0.0
S1206,2015,0.0,0.0
S1218,2015,0.0,0.0
S1219,2015,0.0,0.0
S1225,2015,0.0,0.0
S1234,2015,0.0,0.0
S1237,2015,0.0,0.0
S1239,2015,0.0,0.0
S1246,2015,0.0,0.0
S1258,2015,0.0,0.0
S1260,2015,0.0,0.0
S1261,2015,0.0,0.0
S1269,2015,0.0,0.0
S1276,2015,0.0,0.0
S1277,2015,0.0,0.0
S1280,2015,0.0,0.0
S1281,2015,0.0,0.0
S1284,2015,0.0,0.0
S1285,2015,0.0,0.0
S1298,2015,0.0,0.0
S1301,2015,0.0,0.0
S1303,2015,0.0,0.0
S1322,2015,1.2064329385757446,0.5195734506718247
S1358,2015,0.3410256505012512,0.11210666432103497
S1360,2015,0.0,0.0
S1362,2015,1.2728856801986694,0.5184090421430039
S1363,2015,0.3936433792114258,0.1087066472617718
S1368,2015,0.0,0.0
S1369,2015,0.0,0.0
S1371,2015,0.0,0.0
S1429,2015,0.0,0.0
S1430,2015,0.0,0.0
S1431,2015,0.0,0.0
S1432,2015,0.0,0.0
S1433,2015,0.0,0.0
S1434,2015,0.0,0.0
S1438,2015,0.27268847823143005,0.06705008786205637
S1439,2015,0.0,0.0
S1440,2015,0.0,0.0
S1445,2015,1.6996195316314697,0.5393080362061652
S0000,2016,86.25847625732422,54.361875689055914
S0004,2016,0.8244513273239136,0.3246001683949045
S0007,2016,0.0,0.0
S0009,2016,4.147119998931885,1.3995419557306705
S0010,2016,4.704392433166504,1.862723612872966
S0011,2016,0.4982968866825104,0.0696108758347077
S0012,2016,0.0,0.0
S0015,2016,3.2121224403381348,1.0425636587335096
S0016,2016,2.6899967193603516,1.2058823335441082
S0017,2016,0.43179017305374146,0.045157631513772806
S0018,2016,0.9240643382072449,0.11544781911991187
S0019,2016,0.0,0.0
S0020,2016,1.803636074066162,0.7743745837267256
S0021,2016,0.18468669056892395,0.008724691392372589
S0022,2016,0.0,0.0
S0023,2016,0.6639824509620667,0.10350671246914347
S0024,2016,0.4963064193725586,0.03576080586202326
S0026,2016,0.2766766846179962,0.1147111186567618
S0028,2016,0.0,0.0
S0029,2016,0.0,0.0
S0030,2016,0.0,0.0
S0033,2016,0.0,0.0
S0034,2016,0.8090040683746338,0.3527825038148106
S0035,2016,0.0,0.0
S0036,2016,0.16059301793575287,0.007979149947751243
S0037,2016,0.0,0.0
S0038,2016,0.7466077208518982,0.1479327333460849
S0040,2016,1.2588481903076172,0.5444326136899612
S0041,2016,0.08693835884332657,0.00021809560073584588
S0042,2016,0.25504422187805176,0.000722050329318171
S0044,2016,0.0,0.0
S0045,2016,0.0,0.0
S0048,2016,0.4130772054195404,0.03744643930371562
S0049,2016,0.0,0.0
S0050,2016,0.0,0.0
S0051,2016,1.4627822637557983,0.6453917142308667
S0052,2016,0.0,0.0
S0053,2016,0.0,0.0
S0054,2016,0.0,0.0
S0055,2016,0.6988882422447205,0.050722797148207516
S0056,2016,0.0,0.0
S0057,2016,0.0,0.0
S0058,2016,0.0,0.0
S0059,2016,0.8315573930740356,0.28397396793276514
S0060,2016,0.0,0.0
S0062,2016,1.5704269409179688,0.14343461077642758
S0063,2016,0.0,0.0
S0066,2016,0.0,0.0
S0069,2016,15.722867965698242,8.96679007849702
S0070,2016,3.6097357273101807,1.737966019460101
S0072,2016,2.1080031394958496,1.2925784509147573
S0073,2016,2.703563928604126,1.7044949140446612
S0074,2016,0.0,0.0
S0075,2016,0.0,0.0
S0076,2016,0.0,0.0
S0077,2016,0.0,0.0
S0078,2016,0.0,0.0
S0079,2016,2.7410850524902344,0.45944575378700486
S0080,2016,0.0,0.0
S0081,2016,0.0,0.0
S0082,2016,0.0,0.0
S0083,2016,1.3437752723693848,0.2462748631418332
S0084,2016,0.9416185617446899,0.38058942846839466
S0085,2016,0.0,0.0
S0086,2016,2.970856189727783,0.14663828715564697
S0087,2016,0.0,0.0
S0088,2016,0.992891788482666,0.339799852256541
S0089,2016,1.473842978477478,0.5736112502876239
S0090,2016,0.0,0.0
S0091,2016,5.959527492523193,2.0238409815329836
S0092,2016,5.357442378997803,3.068413640734248
S0093,2016,0.0,0.0
S0094,2016,0.4691489338874817,0.06544573494716241
S0095,2016,8.9835844039917,3.220822410042961
S0096,2016,3.982120990753174,0.9823418856791024
S0098,2016,6.505424976348877,2.9752442195988147
S0099,2016,3.023730993270874,1.2210798837867343
S0101,2016,3.2498397827148438,1.286385557407793
S0102,2016,0.0,0.0
S0104,2016,1.2246230840682983,0.2184109639026642
S0105,2016,0.0,0.0
S0107,2016,0.0,0.0
S0109,2016,0.0,0.0
S0111,2016,0.0,0.0
S0113,2016,1.9982179403305054,0.556577373695119
S0114,2016,1.572331428527832,0.07779214443515603
S0115,2016,0.0,0.0
S0116,2016,4.1613264083862305,1.1999997099989659
S0117,2016,1.6072840690612793,0.5292760181511216
S0118,2016,3.021164894104004,0.2763940231468796
S0119,2016,0.0,0.0
S0121,2016,0.0,0.0
S0124,2016,0.0,0.0
S0125,2016,0.0,0.0
S0126,2016,0.0,0.0
S0130,2016,0.0,0.0
S0131,2016,25.6533260345459,11.868765402828629
S0132,2016,2.315173625946045,0.5523460606920866
S0133,2016,0.0,0.0
S0134,2016,1.5979523658752441,0.34222403701530346
S0135,2016,0.0,0.0
S0137,2016,0.3274053931236267,0.0006312404164661644
S0138,2016,4.273318767547607,1.6473982735200132
S0139,2016,5.351864814758301,1.4051079005002973
S0140,2016,16.391136169433594,8.48228363268485
S0141,2016,14.06413459777832,5.004828686963644
S0145,2016,0.0,0.0
S0149,2016,0.0,0.0
S0150,2016,0.0,0.0
S0151,2016,0.0,0.0
S0152,2016,17.3218936920166,10.099098335812206
S0153,2016,12.018961906433105,6.539739635844013
S0154,2016,31.248929977416992,12.28198233156947
S0155,2016,12.199746131896973,6.312044291574876
S0156,2016,15.783614158630371,8.065229690871146
S0157,2016,0.0,0.0
S0158,2016,17.273122787475586,7.638213261839874
S0159,2016,8.628206253051758,1.4399673194020044
S0160,2016,13.773198127746582,4.475462954460938
S0162,2016,0.0,0.0
S0164,2016,0.0,0.0
S0165,2016,17.889991760253906,11.741814609549264
S0166,2016,0.6444270610809326,0.08647545447145019
S0168,2016,23.768463134765625,8.603315580753412
S0169,2016,28.852352142333984,11.595267147415656
S0170,2016,26.877368927001953,9.667227521422065
S0171,2016,3.7789130210876465,1.549722684927783
S0172,2016,0.0,0.0
S0173,2016,13.40408706665039,4.610315669060879
S0174,2016,78.68679809570312,35.10619835503138
S0175,2016,31.36866569519043,15.086817996917212
S0176,2016,28.960092544555664,16.40836998735853
S0177,2016,36.084049224853516,18.65726449067269
S0178,2016,0.0,0.0
S0179,2016,0.0,0.0
S0180,2016,0.0,0.0
S0181,2016,0.5986350774765015,0.21219626155785323
S0182,2016,2.409127950668335,0.8066092916791194
S0183,2016,0.5417357683181763,0.2208091778227765
S0184,2016,8.690300941467285,3.37591454691274
S0185,2016,0.493493914604187,0.05084369473514103
S0186,2016,1.075499415397644,0.32851507454051876
S0187,2016,0.9245373606681824,0.2163397184372023
S0188,2016,1.2267507314682007,0.11972425389462243
S0189,2016,0.8770983219146729,0.009846185717718855
S0190,2016,0.0,0.0
S0191,2016,0.8770983219146729,0.1527245024296985
S0192,2016,0.0,0.0
S0193,2016,12.764639854431152,5.143677409856286
S0194,2016,14.160611152648926,5.298046211476316
S0195,2016,3.2801101207733154,1.0846562654379026
S0196,2016,0.8814850449562073,0.3803347814781475
S0197,2016,4.029685020446777,2.415885119844516
S0198,2016,19.348020553588867,10.288486038895565
S0199,2016,8.478128433227539,4.141171138739474
S0200,2016,10.194923400878906,4.959897461429877
S0201,2016,0.2945677638053894,0.004521873567187996
S0202,2016,0.46220308542251587,0.17692084690482598
S0203,2016,4.2815046310424805,2.111088260717554
S0205,2016,0.5739052295684814,0.13467426326118828
S0207,2016,0.0,0.0
S0208,2016,42.557411193847656,24.623852856036564
S0209,2016,10.703868865966797,4.192385416184339
S0210,2016,41.76449203491211,17.399133827381835
S0211,2016,41.76449203491211,9.787055504434163
S0212,2016,1.7136231660842896,1.1117124374657636
S0213,2016,8.446512222290039,1.952094923061765
S0214,2016,1.1518480777740479,0.4208000755360382
S0215,2016,0.6582856178283691,0.2599648766574851
S0216,2016,0.6582856178283691,0.18596491458812353
S0217,2016,44.310707092285156,27.78762069092181
S0218,2016,26.877368927001953,15.395178587322004
S0219,2016,17.235280990600586,7.540139231876566
S0220,2016,0.0,0.0
S0221,2016,1.9519120454788208,1.3688862431315423
S0222,2016,41.76449203491211,14.71501013833521
S0223,2016,7.755113124847412,0.3110543656031539
S0224,2016,0.5400078892707825,0.2822762906387354
S0225,2016,5.526115894317627,2.562244883152461
S0226,2016,11.137899398803711,2.8987393208965786
S0227,2016,17.157455444335938,6.880243072421629
S0229,2016,3.6988625526428223,1.6075620919681366
S0230,2016,2.5350708961486816,0.19107090385636566
S0231,2016,4.432930946350098,1.474034734918924
S0232,2016,0.0,0.0
S0233,2016,0.5714938044548035,0.09396354654738352
S0234,2016,1.5520631074905396,0.7619946063444967
S0235,2016,1.5520631074905396,0.8732211027741245
S0239,2016,0.0,0.0
S0240,2016,0.0,0.0
S0241,2016,0.42281535267829895,0.03666599779742617
S0242,2016,0.0,0.0
S0243,2016,0.03527549281716347,0.0024194591064700278
S0244,2016,0.0,0.0
S0245,2016,0.6041454672813416,0.056204834874510994
S0246,2016,15.783614158630371,5.160407722502066
S0247,2016,15.783614158630371,2.630531581302048
S0248,2016,15.783614158630371,6.450309356315094
S0249,2016,2.468843936920166,1.2530666017846945
S0250,2016,2.901273250579834,1.6687628877775602
S0251,2016,2.468843936920166,1.5591723997189197
S0252,2016,1.259691596031189,0.2539507697493642
S0253,2016,3.649949312210083,1.6023197768618282
S0254,2016,11.897855758666992,3.3208250711330423
S0255,2016,2.0388691425323486,0.8636276671926019
S0256,2016,2.0388691425323486,0.7607637081483211
S0257,2016,12.46048641204834,5.106995856593769
S0258,2016,15.380297660827637,8.521826969119822
S0259,2016,1.6897960901260376,0.9898565268798138
S0260,2016,0.0,0.0
S0261,2016,0.46220308542251587,0.19488114447154373
S0262,2016,0.30307722091674805,0.05185975613288449
S0263,2016,0.0,0.0
S0265,2016,0.0,0.0
S0266,2016,0.0,0.0
S0267,2016,0.0,0.0
S0269,2016,0.0,0.0
S0272,2016,1.2206560373306274,0.15762034188350618
S0273,2016,0.6315855979919434,0.2925955442125809
S0274,2016,2.079803228378296,0.4554053329244695
S0275,2016,0.677870512008667,0.08583209374273026
S0276,2016,0.0,0.0
S0277,2016,0.0,0.0
S0279,2016,0.214815154671669,0.008327374981484463
S0280,2016,0.214815154671669,0.0006054921365628002
S0281,2016,1.1843987703323364,0.47681136691712517
S0282,2016,0.0,0.0
S0284,2016,0.0,0.0
S0285,2016,0.0,0.0
S0287,2016,0.0,0.0
S0289,2016,0.0,0.0
S0290,2016,0.0,0.0
S0291,2016,0.0,0.0
S0293,2016,0.0,0.0
S0294,2016,0.0,0.0
S0295,2016,0.0,0.0
S0296,2016,0.0,0.0
S0297,2016,0.0,0.0
S0298,2016,5.614992141723633,2.7503693035339394
S0300,2016,25.32062339782715,11.805355046975945
S0301,2016,21.58073616027832,11.711982803017122
S0302,2016,7.973995208740234,2.98208044639749
S0307,2016,0.11025784909725189,0.004494884812526023
S0308,2016,2.012850046157837,1.2356039344084704
S0309,2016,6.708496570587158,2.999090518465444
S0310,2016,0.0,0.0
S0311,2016,10.7184476852417,4.02961183822448
S0312,2016,0.0,0.0
S0313,2016,0.0,0.0
S0314,2016,0.0,0.0
S0315,2016,0.8269065618515015,0.24090339133232322
S0316,2016,0.8269065618515015,0.35740843035004405
S0317,2016,0.0,0.0
S0318,2016,0.8269065618515015,0.2393974321319008
S0319,2016,0.8269065618515015,0.1768175076384313
S0320,2016,1.1398190259933472,0.2917679934317817
S0321,2016,1.1398190259933472,0.46035426334320056
S0322,2016,1.1398190259933472,0.2878671094180278
S0323,2016,0.0,0.0
S0324,2016,0.0,0.0
S0325,2016,0.0,0.0
S0326,2016,0.0,0.0
S0327,2016,0.0,0.0
S0328,2016,0.0,0.0
S0329,2016,0.0,0.0
S0330,2016,0.0,0.0
S0331,2016,0.0,0.0
S0332,2016,0.0,0.0
S0333,2016,0.0,0.0
S0334,2016,0.0,0.0
S0335,2016,0.0,0.0
S0336,2016,0.0,0.0
S0337,2016,0.0,0.0
S0338,2016,0.0,0.0
S0339,2016,0.12770351767539978,0.0011605772524558426
S0340,2016,0.12770351767539978,0.0008798864355962404
S0341,2016,0.0,0.0
S0342,2016,0.0,0.0
S0343,2016,0.12770351767539978,0.016277322432512634
S0344,2016,0.21422430872917175,0.0014769460332315193
S0345,2016,0.6582856178283691,0.17331011188388545
S0346,2016,0.2895907461643219,0.0007246562306270177
S0348,2016,0.12770351767539978,0.016338707683672328
S0349,2016,3.461853265762329,0.9887267557388182
S0350,2016,1.4986423254013062,0.7906664018532354
S0351,2016,0.357906699180603,0.12280642718067349
S0352,2016,0.357906699180603,0.11346515430857507
S0353,2016,0.0,0.0
S0354,2016,0.0,0.0
S0355,2016,0.4811561107635498,0.1468066711397594
S0356,2016,0.0,0.0
S0357,2016,0.0,0.0
S0358,2016,0.0,0.0
S0359,2016,0.28423744440078735,0.03536209175301855
S0360,2016,0.8553412556648254,0.2563351882282241
S0361,2016,1.357426404953003,0.4812789339196267
S0362,2016,4.159967422485352,0.8059480095230845
S0363,2016,0.0,0.0
S0364,2016,0.7574836611747742,0.04006400299603248
S0365,2016,0.12835365533828735,0.010266681967146573
S0366,2016,0.8269065618515015,0.2134943348974036
S0367,2016,0.0,0.0
S0368,2016,0.0,0.0
S0369,2016,0.0,0.0
S0370,2016,0.09933996200561523,0.004542322096091395
S0371,2016,1.387607455253601,0.5172049715505831
S0372,2016,0.8269065618515015,0.35140223176210983
S0373,2016,1.387607455253601,0.36753521001117645
S0374,2016,0.3193211853504181,0.03065963596769512
S0375,2016,0.0,0.0
S0377,2016,0.0,0.0
S0378,2016,0.0,0.0
S0379,2016,0.0,0.0
S0380,2016,0.0,0.0
S0383,2016,0.0,0.0
S0384,2016,0.6315855979919434,0.06423739939179253
S0386,2016,0.0,0.0
S0387,2016,0.0,0.0
S0388,2016,0.17530810832977295,0.009650584181673631
S0389,2016,0.0,0.0
S0390,2016,0.0,0.0
S0391,2016,0.0,0.0
S0392,2016,0.0,0.0
S0393,2016,2.5568971633911133,0.5549258661100269
S0394,2016,0.0,0.0
S0395,2016,0.0,0.0
S0396,2016,0.0,0.0
S0397,2016,0.32353657484054565,0.019930947011385255
S0399,2016,0.0,0.0
S0400,2016,0.0,0.0
S0401,2016,0.0,0.0
S0402,2016,0.0,0.0
S0403,2016,0.12770351767539978,0.015797128258170666
S0404,2016,0.0,0.0
S0405,2016,0.0,0.0
S0406,2016,0.0,0.0
S0407,2016,0.0,0.0
S0410,2016,0.0,0.0
S0411,2016,0.8284560441970825,0.16247940643795822
S0412,2016,0.8284560441970825,0.28110232637103266
S0413,2016,0.0,0.0
S0414,2016,1.7759745121002197,0.666663810569808
S0416,2016,0.24967089295387268,0.01869483400406993
S0417,2016,0.493493914604187,0.04915640579031968
S0418,2016,0.18779882788658142,0.0028302492114775225
S0419,2016,0.0,0.0
S0420,2016,0.0,0.0
S0421,2016,0.0,0.0
S0422,2016,0.0,0.0
S0423,2016,0.0,0.0
S0424,2016,0.0,0.0
S0428,2016,0.0,0.0
S0429,2016,9.93216323852539,4.9838419719286415
S0430,2016,0.0,0.0
S0432,2016,0.0,0.0
S0433,2016,0.0,0.0
S0434,2016,0.0,0.0
S0443,2016,0.0,0.0
S0444,2016,0.0,0.0
S0445,2016,0.0,0.0
S0449,2016,4.081502914428711,2.185418697362865
S0450,2016,1.673062801361084,0.7625517906138715
S0453,2016,8.5626802444458,0.9951529770045819
S0455,2016,0.0,0.0
S0456,2016,0.3631359040737152,0.045005520399575845
S0459,2016,0.0,0.0
S0460,2016,0.0,0.0
S0462,2016,0.0,0.0
S0463,2016,0.0,0.0
S0464,2016,0.0,0.0
S0465,2016,0.0,0.0
S0466,2016,0.5986350774765015,0.07391300482425368
S0470,2016,5.815189361572266,2.5996560267318447
S0471,2016,14.668753623962402,4.6081220123208215
S0472,2016,0.632851779460907,0.14842235435814247
S0474,2016,0.0,0.0
S0475,2016,0.0,0.0
S0476,2016,0.0,0.0
S0477,2016,0.0,0.0
S0487,2016,0.0,0.0
S0488,2016,0.0,0.0
S0490,2016,0.0,0.0
S0492,2016,0.0,0.0
S0493,2016,0.0,0.0
S0495,2016,0.0,0.0
S0496,2016,0.0,0.0
S0497,2016,0.0,0.0
S0499,2016,0.0,0.0
S0500,2016,0.0,0.0
S0501,2016,0.3528842329978943,0.013752054982997797
S0503,2016,0.6677356362342834,0.04581022942374168
S0504,2016,0.9621595144271851,0.15194457991952837
S0505,2016,0.0,0.0
S0506,2016,0.3322828710079193,0.02324906553632066
S0507,2016,0.3322828710079193,0.047632201500178516
S0508,2016,0.5566524863243103,0.008770595912663442
S0509,2016,0.20488637685775757,0.01630590672798973
S0510,2016,0.0,0.0
S0511,2016,0.0,0.0
S0512,2016,0.0,0.0
S0513,2016,0.43469640612602234,0.06271924554292052
S0515,2016,0.0,0.0
S0516,2016,0.7420365810394287,0.09765151349448316
S0533,2016,0.0,0.0
S0539,2016,0.0,0.0
S0540,2016,0.0,0.0
S0544,2016,0.0,0.0
S0546,2016,0.0,0.0
S0547,2016,0.0,0.0
S0550,2016,0.0,0.0
S0551,2016,0.0,0.0
S0552,2016,0.0,0.0
S0553,2016,0.0,0.0
S0554,2016,0.0,0.0
S0555,2016,0.0,0.0
S0556,2016,0.0,0.0
S0558,2016,0.0,0.0
S0559,2016,0.0,0.0
S0560,2016,0.0,0.0
S0561,2016,0.0,0.0
S0562,2016,0.0,0.0
S0563,2016,0.0,0.0
S0564,2016,0.0,0.0
S0565,2016,0.0,0.0
S0566,2016,0.0,0.0
S0567,2016,0.0,0.0
S0569,2016,0.0,0.0
S0571,2016,0.0,0.0
S0573,2016,0.0,0.0
S0576,2016,0.0,0.0
S0587,2016,0.0,0.0
S0590,2016,0.0,0.0
S0592,2016,0.0,0.0
S0595,2016,0.0,0.0
S0596,2016,0.0,0.0
S0597,2016,0.0,0.0
S0599,2016,0.0,0.0
S0602,2016,0.0,0.0
S0603,2016,0.0,0.0
S0605,2016,0.0,0.0
S0607,2016,0.0,0.0
S0608,2016,0.0,0.0
S0610,2016,0.0,0.0
S0611,2016,0.0,0.0
S0612,2016,0.0,0.0
S0614,2016,0.0,0.0
S0615,2016,0.0,0.0
S0617,2016,0.0,0.0
S0618,2016,0.0,0.0
S0620,2016,0.0,0.0
S0623,2016,0.0,0.0
S0624,2016,0.8315573930740356,0.2824212290876972
S0627,2016,0.0,0.0
S0628,2016,0.0,0.0
S0629,2016,0.7081502676010132,0.12619858298435524
S0630,2016,0.0,0.0
S0631,2016,0.0,0.0
S0632,2016,0.0,0.0
S0633,2016,0.0,0.0
S0634,2016,0.0,0.0
S0635,2016,0.0,0.0
S0636,2016,0.0,0.0
S0637,2016,0.0,0.0
S0638,2016,0.0,0.0
S0639,2016,0.0,0.0
S0640,2016,0.0,0.0
S0643,2016,0.0,0.0
S0644,2016,0.0,0.0
S0645,2016,0.0,0.0
S0646,2016,0.0,0.0
S0648,2016,0.9440574645996094,0.28596211016140627
S0650,2016,0.0,0.0
S0651,2016,0.9440574645996094,0.09411748815304392
S0652,2016,0.0,0.0
S0653,2016,2.4144346714019775,0.31991712103678477
S0654,2016,0.0,0.0
S0655,2016,0.0,0.0
S0656,2016,1.2039943933486938,0.5169475167662233
S0657,2016,2.1009268760681152,0.7995886416687313
S0658,2016,0.9423287510871887,0.14316411000818838
S0659,2016,0.0,0.0
S0660,2016,0.0,0.0
S0661,2016,0.0,0.0
S0662,2016,0.5414088368415833,0.009781886216345502
S0663,2016,0.5414088368415833,0.03580957743010831
S0664,2016,0.7375789880752563,0.16396677946338722
S0665,2016,0.0,0.0
S0666,2016,0.0,0.0
S0667,2016,0.6795482635498047,0.05067704150856102
S0668,2016,0.2858106791973114,0.01658042510238401
S0669,2016,0.5414088368415833,0.08543285002376735
S0670,2016,1.5704269409179688,0.47606675177999774
S0671,2016,0.32246872782707214,0.00020217475098876
S0672,2016,0.5414088368415833,0.11432327775321512
S0673,2016,0.5414088368415833,0.04585095279101378
S0674,2016,0.0,0.0
S0675,2016,1.5704269409179688,0.3478788574037597
S0676,2016,0.2858106791973114,0.0033223358876219053
S0677,2016,0.39967650175094604,0.094593457166274
S0678,2016,1.5704269409179688,0.13946591227244223
S0679,2016,0.33788102865219116,0.020673336637745992
S0680,2016,0.2550031244754791,0.01567773287239458
S0681,2016,0.0,0.0
S0682,2016,0.7626329660415649,0.09239212885972424
S0683,2016,1.5704269409179688,0.5358378344395387
S0684,2016,1.5704269409179688,0.1932164474087797
S0685,2016,0.6163369417190552,0.1762020354383574
S0686,2016,0.7626329660415649,0.291457275590233
S0687,2016,0.6163369417190552,0.14825928065903574
S0688,2016,0.33788102865219116,0.04660304172062252
S0689,2016,0.33788102865219116,0.03208189910882967
S0690,2016,0.0,0.0
S0693,2016,0.0,0.0
S0696,2016,0.2334996461868286,0.012316464853810742
S0697,2016,0.0,0.0
S0699,2016,0.0,0.0
S0700,2016,0.0,0.0
S0701,2016,0.0,0.0
S0702,2016,0.0,0.0
S0703,2016,0.0,0.0
S0704,2016,0.0,0.0
S0705,2016,0.0,0.0
S0706,2016,0.704343318939209,0.10244888971908621
S0707,2016,0.0,0.0
S0708,2016,0.6509097218513489,0.05200279071824046
S0709,2016,1.1435829401016235,0.5641195450585486
S0710,2016,0.0,0.0
S0712,2016,0.0,0.0
S0713,2016,1.1435829401016235,0.5630620841602547
S0714,2016,0.30826622247695923,0.006387934280527257
S0715,2016,0.0,0.0
S0716,2016,0.40417373180389404,0.0007602013764336566
S0717,2016,0.0,0.0
S0719,2016,0.0,0.0
S0720,2016,1.9734958410263062,0.40950628765478947
S0721,2016,1.9734958410263062,0.34965994582167187
S0723,2016,0.7110498547554016,0.12477895222176727
S0724,2016,0.0,0.0
S0725,2016,0.0,0.0
S0726,2016,0.0,0.0
S0732,2016,0.0,0.0
S0733,2016,0.0,0.0
S0734,2016,0.0,0.0
S0735,2016,0.0,0.0
S0736,2016,1.1435829401016235,0.48649900349071024
S0740,2016,0.0,0.0
S0742,2016,0.243221715092659,0.0073980891702690255
S0743,2016,0.0,0.0
S0744,2016,0.0,0.0
S0746,2016,0.0,0.0
S0747,2016,0.0,0.0
S0748,2016,0.0,0.0
S0750,2016,0.0,0.0
S0751,2016,0.42447954416275024,0.00640965904689942
S0752,2016,0.0,0.0
S0753,2016,0.0,0.0
S0754,2016,0.0,0.0
S0755,2016,0.0,0.0
S0756,2016,0.6861909627914429,0.02491108738014855
S0757,2016,0.9393076300621033,0.47489504496888324
S0758,2016,0.0,0.0
S0759,2016,0.0,0.0
S0760,2016,0.9021215438842773,0.44835045585032535
S0761,2016,10.24260425567627,4.004606211638054
S0762,2016,10.24260425567627,3.8051192285574804
S0763,2016,1.3121100664138794,0.22932113934371434
S0764,2016,4.984076023101807,0.8181667099265432
S0765,2016,5.300643444061279,2.18277539878056
S0766,2016,0.9021215438842773,0.4907986956933856
S0767,2016,0.9856049418449402,0.32599861081807047
S0768,2016,2.5982871055603027,0.7479672331450687
S0769,2016,0.0,0.0
S0770,2016,0.725920557975769,0.11239924876007643
S0771,2016,0.611609697341919,0.07763982315858206
S0772,2016,1.6961148977279663,0.4145639861374158
S0773,2016,1.6961148977279663,0.7900922327598036
S0774,2016,0.5976720452308655,0.0033883470732353066
S0775,2016,0.0,0.0
S0776,2016,0.39453962445259094,0.0018552019958585782
S0777,2016,0.7815032005310059,0.06396420981765469
S0778,2016,0.0,0.0
S0779,2016,2.9281158447265625,1.2546669380358855
S0780,2016,4.105809211730957,2.9038969384557958
S0781,2016,4.105809211730957,2.6278171770094625
S0792,2016,0.0,0.0
S0796,2016,0.0,0.0
S0797,2016,0.9089855551719666,0.16405246927043585
S0798,2016,0.0,0.0
S0799,2016,0.0,0.0
S0800,2016,0.0,0.0
S0801,2016,0.0,0.0
S0803,2016,0.0,0.0
S0804,2016,0.0,0.0
S0805,2016,0.0,0.0
S0808,2016,0.0,0.0
S0809,2016,0.0,0.0
S0813,2016,0.0,0.0
S0814,2016,0.0,0.0
S0815,2016,0.0,0.0
S0816,2016,0.0,0.0
S0817,2016,0.0,0.0
S0818,2016,0.0,0.0
S0819,2016,0.0,0.0
S0820,2016,0.0,0.0
S0822,2016,0.0,0.0
S0823,2016,0.0,0.0
S0824,2016,0.0,0.0
S0825,2016,0.470230370759964,0.05003638007742836
S0826,2016,0.0,0.0
S0828,2016,0.7681105136871338,0.13340343884214326
S0829,2016,0.0,0.0
S0831,2016,0.0,0.0
S0832,2016,0.0,0.0
S0833,2016,0.0,0.0
S0834,2016,0.0,0.0
S0835,2016,0.0,0.0
S0836,2016,0.0,0.0
S0837,2016,0.0,0.0
S0839,2016,0.0,0.0
S0840,2016,0.0,0.0
S0841,2016,0.0,0.0
S0843,2016,0.0,0.0
S0845,2016,0.0,0.0
S0846,2016,0.0,0.0
S0847,2016,0.0,0.0
S0848,2016,0.0,0.0
S0849,2016,0.0,0.0
S0850,2016,0.0,0.0
S0851,2016,0.0,0.0
S0852,2016,0.0,0.0
S0854,2016,0.0,0.0
S0856,2016,0.0,0.0
S0857,2016,0.0,0.0
S0858,2016,0.0,0.0
S0860,2016,0.0,0.0
S0861,2016,0.0,0.0
S0862,2016,0.0,0.0
S0863,2016,0.0,0.0
S0864,2016,0.0,0.0
S0865,2016,0.0,0.0
S0866,2016,0.0,0.0
S0867,2016,0.0,0.0
S0868,2016,21.553668975830078,4.352158390750023
S0870,2016,0.0,0.0
S0871,2016,0.0,0.0
S0872,2016,0.7365517616271973,0.32676877163945234
S0873,2016,0.4752388596534729,0.0573620504720084
S0874,2016,2.420525074005127,0.7239966616992407
S0875,2016,0.0,0.0
S0876,2016,0.0,0.0
S0879,2016,0.4752388596534729,0.01845915645014952
S0881,2016,23.768463134765625,5.4520320181720825
S0882,2016,0.756411075592041,0.05757541776754064
S0883,2016,23.768463134765625,7.056142377576512
S0885,2016,0.746365487575531,0.29883095603377846
S0886,2016,0.4233933389186859,0.06288254695634048
S0887,2016,0.0,0.0
S0888,2016,0.0,0.0
S0889,2016,0.6209316253662109,0.05777120522923439
S0890,2016,9.973938941955566,2.9697343999400054
S0891,2016,23.768463134765625,5.296173282919724
S0892,2016,0.8685122132301331,0.18529311158406303
S0893,2016,9.299678802490234,2.7357214940113543
S0894,2016,3.9382734298706055,1.3865709091467981
S0895,2016,9.973938941955566,1.9596246747314028
S0896,2016,23.768463134765625,5.329607681318687
S0897,2016,23.768463134765625,7.082970610428036
S0898,2016,23.768463134765625,2.2251666796158815
S0899,2016,21.553668975830078,3.9040639127683487
S0900,2016,0.0,0.0
S0902,2016,0.0,0.0
S0903,2016,0.0,0.0
S0904,2016,0.0,0.0
S0905,2016,0.0,0.0
S0906,2016,0.0,0.0
S0907,2016,0.0,0.0
S0908,2016,0.0,0.0
S0909,2016,0.0,0.0
S0910,2016,0.0,0.0
S0912,2016,0.0,0.0
S0914,2016,0.0,0.0
S0915,2016,0.0,0.0
S0916,2016,0.0,0.0
S0917,2016,0.0,0.0
S0918,2016,0.0,0.0
S0919,2016,0.0,0.0
S0920,2016,0.0,0.0
S0921,2016,0.0,0.0
S0922,2016,0.0,0.0
S0924,2016,0.0,0.0
S0925,2016,0.0,0.0
S0926,2016,0.0,0.0
S0927,2016,0.0,0.0
S0928,2016,0.0,0.0
S0929,2016,0.0,0.0
S0930,2016,0.0,0.0
S0931,2016,0.0,0.0
S0934,2016,0.0,0.0
S0936,2016,0.0,0.0
S0938,2016,0.0,0.0
S0939,2016,0.0,0.0
S0940,2016,0.8726896047592163,0.0905516360627922
S0941,2016,0.0,0.0
S0942,2016,0.0,0.0
S0943,2016,0.0,0.0
S0944,2016,0.0,0.0
S0945,2016,0.0,0.0
S0946,2016,0.0,0.0
S0949,2016,0.0,0.0
S0950,2016,0.0,0.0
S0951,2016,0.0,0.0
S0952,2016,0.0,0.0
S0953,2016,0.0,0.0
S0954,2016,0.0,0.0
S0955,2016,0.0,0.0
S0956,2016,0.0,0.0
S0957,2016,0.0,0.0
S0958,2016,6.864395618438721,1.8711216846665184
S0959,2016,0.0,0.0
S0960,2016,0.0,0.0
S0961,2016,0.0,0.0
S0962,2016,0.0,0.0
S0963,2016,0.7208475470542908,0.07914266310304216
S0964,2016,0.0,0.0
S0965,2016,0.0,0.0
S0966,2016,0.0,0.0
S0967,2016,2.51324725151062,0.7289275468884958
S0968,2016,0.8179606795310974,0.47513992653413095
S0969,2016,1.957579493522644,0.8638289787323401
S0970,2016,0.72793048620224,0.3494201121137201
S0971,2016,0.72793048620224,0.2945543761517269
S0972,2016,0.47793036699295044,0.056972981182978936
S0973,2016,2.9703867435455322,1.2773014675025725
S0974,2016,0.72793048620224,0.3168502896510321
S0975,2016,0.72793048620224,0.17014971641257268
S0976,2016,1.0823172330856323,0.5402563551563455
S0977,2016,0.0,0.0
S0978,2016,21.553668975830078,3.191370430651258
S0979,2016,0.5239217877388,0.07423574723763288
S0980,2016,2.81870174407959,0.9461808786483481
S0981,2016,1.2320563793182373,0.6800027971436771
S0982,2016,9.299678802490234,2.2144264627755454
S0983,2016,0.46556827425956726,0.01608115160151532
S0984,2016,8.690300941467285,3.2285467928946963
S0985,2016,8.690300941467285,2.903898494062882
S0986,2016,0.0,0.0
S0987,2016,0.0,0.0
S0988,2016,0.0,0.0
S0989,2016,1.6475389003753662,0.7601914380932902
S0990,2016,0.4812583923339844,0.011125809986863218
S0991,2016,8.690300941467285,2.1571746131412812
S0992,2016,4.821206569671631,0.40483734882016564
S0993,2016,0.49471527338027954,0.04754692664965099
S0994,2016,8.690300941467285,2.8335639321826456
S0995,2016,0.9448922872543335,0.2691735060881463
S0996,2016,8.690300941467285,3.14152636072985
S0997,2016,0.0,0.0
S0998,2016,0.0,0.0
S1000,2016,0.0,0.0
S1002,2016,1.4860178232192993,0.3109869960774866
S1003,2016,0.0,0.0
S1004,2016,1.4860178232192993,0.6060711831274824
S1005,2016,1.4860178232192993,0.5605398027295792
S1006,2016,1.2570784091949463,0.5682974693749774
S1007,2016,1.5948340892791748,0.4672045637755549
S1008,2016,0.0,0.0
S1010,2016,0.0,0.0
S1011,2016,0.0,0.0
S1015,2016,0.0,0.0
S1016,2016,0.0,0.0
S1018,2016,0.0,0.0
S1019,2016,0.0,0.0
S1020,2016,0.0,0.0
S1021,2016,0.0,0.0
S1022,2016,0.0,0.0
S1023,2016,0.0,0.0
S1024,2016,0.0,0.0
S1025,2016,0.0,0.0
S1026,2016,0.0,0.0
S1027,2016,0.0,0.0
S1028,2016,0.0,0.0
S1029,2016,0.0,0.0
S1030,2016,0.0,0.0
S1031,2016,0.0,0.0
S1032,2016,0.0,0.0
S1033,2016,0.0,0.0
S1034,2016,0.0,0.0
S1035,2016,0.0,0.0
S1036,2016,0.0,0.0
S1037,2016,0.0,0.0
S1038,2016,0.0,0.0
S1039,2016,0.0,0.0
S1040,2016,0.0,0.0
S1041,2016,0.0,0.0
S1042,2016,0.0,0.0
S1043,2016,0.0,0.0
S1044,2016,0.0,0.0
S1045,2016,0.0,0.0
S1046,2016,0.0,0.0
S1047,2016,0.0,0.0
S1048,2016,0.46940144896507263,0.03522017103628053
S1049,2016,0.0,0.0
S1050,2016,0.0,0.0
S1052,2016,0.0,0.0
S1053,2016,0.0,0.0
S1054,2016,0.0,0.0
S1055,2016,0.0,0.0
S1059,2016,0.0,0.0
S1060,2016,31.248929977416992,5.759192158899996
S1064,2016,0.0,0.0
S1066,2016,6.524499416351318,2.3860762697687368
S1067,2016,8.559952735900879,3.2454060650357626
S1068,2016,11.147997856140137,4.106748304861118
S1069,2016,1.4627822637557983,0.661885070008047
S1070,2016,0.6861909627914429,0.08485794362881212
S1071,2016,6.675205707550049,1.9827576115671333
S1072,2016,0.0,0.0
S1073,2016,0.0,0.0
S1074,2016,0.0,0.0
S1076,2016,0.0,0.0
S1078,2016,2.8221001625061035,1.2408213095801688
S1079,2016,4.984076023101807,1.1587907695112145
S1080,2016,4.955507278442383,1.8289950295122128
S1081,2016,8.58738899230957,3.451728676984413
S1083,2016,0.0,0.0
S1091,2016,0.0,0.0
S1092,2016,0.0,0.0
S1093,2016,0.0,0.0
S1094,2016,0.0,0.0
S1097,2016,0.0,0.0
S1102,2016,0.601579487323761,0.21346165455215713
S1103,2016,0.0,0.0
S1106,2016,0.0,0.0
S1110,2016,0.0,0.0
S1114,2016,0.0,0.0
S1115,2016,0.0,0.0
S1116,2016,0.0,0.0
S1117,2016,0.0,0.0
S1118,2016,0.0,0.0
S1119,2016,0.0,0.0
S1120,2016,0.0,0.0
S1121,2016,0.0,0.0
S1122,2016,2.298673152923584,0.8119796797422637
S1127,2016,18.50107192993164,9.227508605422832
S1128,2016,0.0,0.0
S1130,2016,0.0,0.0
S1133,2016,0.0,0.0
S1135,2016,1.293908953666687,0.21869319910066248
S1136,2016,0.43216753005981445,0.034546307261834705
S1137,2016,0.0,0.0
S1138,2016,1.8385212421417236,0.39333131746710326
S1139,2016,86.25847625732422,54.84512679046721
S1140,2016,29.133853912353516,18.035662432343113
S1141,2016,0.0,0.0
S1142,2016,26.877368927001953,9.751539404773805
S1143,2016,78.79741668701172,40.21922816048999
S1144,2016,10.29212760925293,4.998416420211242
S1145,2016,0.6912927031517029,0.28014432072032214
S1146,2016,4.761209487915039,2.5773884983320996
S1147,2016,12.199746131896973,5.953118613007301
S1148,2016,2.2490363121032715,0.34924349000377636
S1149,2016,12.199746131896973,3.268521021851061
S1150,2016,1.8039071559906006,0.8048884207169339
S1151,2016,0.5625962615013123,0.040734925759723484
S1152,2016,1.8039071559906006,0.7322042013954997
S1153,2016,2.0420784950256348,1.4653699245794876
S1154,2016,12.018961906433105,3.728081553613174
S1155,2016,1.901642918586731,0.4400169990924043
S1156,2016,31.248929977416992,11.87821723858865
S1157,2016,31.248929977416992,10.375375210657262
S1158,2016,31.248929977416992,9.398666413236315
S1159,2016,10.070073127746582,5.611617142092845
S1160,2016,18.19169807434082,6.423122793669538
S1161,2016,17.157455444335938,5.68027684933966
S1162,2016,17.157455444335938,5.265525587855178
S1163,2016,17.157455444335938,4.555404589397337
S1164,2016,41.76449203491211,20.428978292518405
S1165,2016,41.76449203491211,20.4803159218948
S1166,2016,3.583923101425171,1.7291194991136256
S1167,2016,4.019129753112793,2.5813705568265646
S1168,2016,21.965185165405273,11.366058055114271
S1169,2016,6.711246013641357,4.472660936551001
S1170,2016,86.25847625732422,52.62689106181821
S1171,2016,38.085792541503906,28.440943562707226
S1172,2016,58.32449722290039,32.127381671721594
S1173,2016,44.928741455078125,33.79622747396758
S1174,2016,29.597049713134766,24.938591543803515
S1175,2016,86.25847625732422,56.61931097649659
S1176,2016,43.975830078125,25.833638171760406
S1177,2016,43.975830078125,29.9627852299194
S1178,2016,80.95174407958984,52.054185712902324
S1179,2016,80.95174407958984,52.78405329932832
S1180,2016,29.01772689819336,15.530975670789129
S1181,2016,15.999734878540039,5.464908073142701
S1182,2016,31.248929977416992,7.673100407413626
S1183,2016,3.4798367023468018,1.6949452163658014
S1184,2016,20.505409240722656,7.0538454464866955
S1185,2016,1.548855185508728,0.9472328054332645
S1186,2016,1.491773247718811,0.5696631764644486
S1187,2016,8.58738899230957,4.54761723412074
S1188,2016,2.4202158451080322,1.1634220056617812
S1189,2016,0.0,0.0
S1190,2016,0.0,0.0
S1191,2016,0.0,0.0
S1192,2016,0.0,0.0
S1193,2016,0.0,0.0
S1194,2016,0.0,0.0
S1195,2016,22.55197525024414,4.996768752596759
S1198,2016,0.0,0.0
S1203,2016,0.0,0.0
S1205,2016,0.0,0.0
S1207,2016,0.0,0.0
S1208,2016,0.0,0.0
S1209,2016,0.0,0.0
S1210,2016,0.0,0.0
S1211,2016,0.0,0.0
S1212,2016,0.0,0.0
S1213,2016,2.1755292415618896,0.30617519510904656
S1214,2016,2.1755292415618896,0.5056256768242668
S1215,2016,0.0,0.0
S1216,2016,0.0,0.0
S1217,2016,0.0,0.0
S1220,2016,0.0,0.0
S1221,2016,0.0,0.0
S1222,2016,0.08659682422876358,0.0030514954010408654
S1223,2016,0.0,0.0
S1224,2016,0.0,0.0
S1226,2016,0.0,0.0
S1227,2016,0.0,0.0
S1228,2016,0.0,0.0
S1229,2016,0.0,0.0
S1230,2016,0.0,0.0
S1231,2016,0.0,0.0
S1232,2016,0.0,0.0
S1233,2016,0.0,0.0
S1235,2016,0.45585817098617554,0.022410259093850245
S1236,2016,0.0,0.0
S1238,2016,0.6234709024429321,0.08271691876148476
S1240,2016,0.0,0.0
S1241,2016,0.3017204701900482,0.02990539166819915
S1242,2016,0.0,0.0
S1243,2016,0.0,0.0
S1244,2016,0.0,0.0
S1245,2016,0.0,0.0
S1247,2016,0.0,0.0
S1248,2016,0.09645236283540726,0.0014246577791527783
S1249,2016,0.0,0.0
S1250,2016,0.31756463646888733,0.012085852479337713
S1251,2016,0.0,0.0
S1252,2016,0.5277199149131775,0.029840285036822796
S1253,2016,0.0,0.0
S1254,2016,0.0,0.0
S1255,2016,0.0,0.0
S1256,2016,0.0,0.0
S1257,2016,0.0,0.0
S1259,2016,0.0,0.0
S1262,2016,0.0,0.0
S1263,2016,0.0,0.0
S1264,2016,0.0,0.0
S1265,2016,0.0,0.0
S1266,2016,0.0,0.0
S1267,2016,0.0,0.0
S1268,2016,0.0,0.0
S1270,2016,0.0,0.0
S1271,2016,0.0,0.0
S1272,2016,0.0,0.0
S1273,2016,0.0,0.0
S1274,2016,0.0,0.0
S1275,2016,0.0,0.0
S1278,2016,0.0,0.0
S1279,2016,1.6793066263198853,0.0967796712945463
S1282,2016,0.0,0.0
S1283,2016,0.0,0.0
S1286,2016,0.0,0.0
S1287,2016,0.0,0.0
S1288,2016,0.0,0.0
S1289,2016,0.0,0.0
S1290,2016,0.0,0.0
S1291,2016,0.0,0.0
S1292,2016,0.4444950819015503,0.01148122848766094
S1293,2016,0.0,0.0
S1294,2016,0.0,0.0
S1295,2016,0.28371959924697876,0.008469523023138878
S1296,2016,0.0,0.0
S1297,2016,0.0,0.0
S1299,2016,0.0,0.0
S1300,2016,0.0,0.0
S1302,2016,0.0,0.0
S1304,2016,0.2758018374443054,0.012578002359699364
S1305,2016,0.0,0.0
S1306,2016,0.0,0.0
S1307,2016,0.0,0.0
S1308,2016,0.0,0.0
S1309,2016,0.0,0.0
S1310,2016,0.0,0.0
S1311,2016,0.0,0.0
S1312,2016,0.0,0.0
S1313,2016,0.0,0.0
S1314,2016,0.0,0.0
S1315,2016,0.0,0.0
S1316,2016,0.385917603969574,0.0203369377248709
S1317,2016,0.0,0.0
S1318,2016,1.2862635850906372,0.14492670773109875
S1319,2016,17.3218936920166,7.627250621825692
S1320,2016,2.742704153060913,1.2255541564718335
S1321,2016,0.6613163948059082,0.24628530899535614
S1323,2016,1.001916766166687,0.32116506223131897
S1324,2016,0.8899021148681641,0.35384416365432364
S1325,2016,1.459411859512329,0.6360056855729258
S1326,2016,3.3503286838531494,1.9587146608221067
S1327,2016,4.630157470703125,3.060483283529183
S1328,2016,10.376193046569824,5.207641195852423
S1329,2016,21.58073616027832,8.842779698876035
S1330,2016,21.58073616027832,11.274904730931942
S1331,2016,14.038203239440918,1.9236004754007812
S1332,2016,3.944610595703125,0.9385085121625781
S1333,2016,0.4731842875480652,0.06017113327792958
S1334,2016,1.408299446105957,0.6750784295720546
S1335,2016,1.408299446105957,0.47326556104697926
S1336,2016,1.408299446105957,0.5129510319174854
S1337,2016,1.3670811653137207,0.3658048230791751
S1338,2016,0.7688578367233276,0.048345910296888055
S1339,2016,21.58073616027832,6.994047045088384
S1340,2016,9.866469383239746,3.64695690992995
S1341,2016,9.866469383239746,2.8924796603097747
S1342,2016,13.170071601867676,3.7203820156025875
S1343,2016,8.692687034606934,1.1032095536617688
S1344,2016,2.6607236862182617,0.5907875754348525
S1345,2016,1.372671127319336,0.6967551002239194
S1346,2016,1.0787882804870605,0.3519007164550128
S1347,2016,1.157766342163086,0.5843887140341021
S1348,2016,4.275332450866699,1.9557281013957635
S1349,2016,2.029754400253296,0.661391792237815
S1350,2016,4.275332450866699,1.6013983689540967
S1351,2016,3.286438226699829,1.1765746304919733
S1352,2016,4.275332450866699,0.9749460261551892
S1353,2016,4.275332450866699,1.375488700717454
S1354,2016,2.284719705581665,0.8641767411834403
S1355,2016,1.407355546951294,0.7434529689650742
S1356,2016,0.0,0.0
S1357,2016,0.0,0.0
S1359,2016,35.87793731689453,10.601140914704267
S1361,2016,3.6118149757385254,0.6288855752414295
S1364,2016,0.0,0.0
S1365,2016,0.6650199294090271,0.3650754969216499
S1366,2016,0.0,0.0
S1367,2016,0.0,0.0
S1370,2016,0.0,0.0
S1372,2016,8.692687034606934,2.1102019409516535
S1373,2016,2.4583945274353027,1.2198613578595678
S1374,2016,2.4524331092834473,1.1847106831574516
S1375,2016,1.055242896080017,0.16601089305244096
S1376,2016,0.0,0.0
S1377,2016,2.0954954624176025,1.06991725100188
S1378,2016,5.767452716827393,1.7449251812873967
S1379,2016,1.3495848178863525,0.31022193729222053
S1380,2016,2.0054781436920166,1.091510829005634
S1381,2016,4.273318767547607,1.7570634716252798
S1382,2016,2.7551798820495605,1.0736121736485535
S1383,2016,4.996461391448975,2.0134277664813363
S1384,2016,2.169898509979248,1.2142493547614956
S1385,2016,4.61079740524292,1.0845221028626058
S1386,2016,2.315173625946045,0.949180128595712
S1387,2016,6.01660680770874,1.840454355092907
S1388,2016,2.7551798820495605,1.5835671536437697
S1389,2016,2.7551798820495605,1.1810237054058779
S1390,2016,2.7551798820495605,1.0921053042131146
S1391,2016,1.8337880373001099,0.9285362121350361
S1392,2016,5.346731662750244,2.4576426543911594
S1393,2016,8.643143653869629,4.421314445173612
S1394,2016,7.995312690734863,3.4197362996626164
S1395,2016,16.391136169433594,5.371637441400764
S1396,2016,11.304853439331055,6.023104836910869
S1397,2016,14.06413459777832,6.472151549863771
S1398,2016,3.5999197959899902,1.7106622569846157
S1399,2016,14.06413459777832,3.465618105245316
S1400,2016,14.06413459777832,3.804117581744833
S1401,2016,4.601751327514648,1.7000590562258304
S1402,2016,2.2679684162139893,0.6669308306729299
S1403,2016,9.475406646728516,3.723415430361949
S1404,2016,3.8596346378326416,2.348363821779875
S1405,2016,29.26411247253418,9.318782363736386
S1406,2016,5.435030460357666,1.50044691573867
S1407,2016,13.98260498046875,6.212765188412094
S1408,2016,7.3242692947387695,1.9373457077043712
S1409,2016,11.191378593444824,2.443736410163462
S1410,2016,18.110580444335938,10.028461163371771
S1411,2016,1.3688796758651733,0.53974301263228
S1412,2016,3.3128020763397217,1.073134081216636
S1413,2016,0.0,0.0
S1414,2016,16.56719207763672,5.362067677010564
S1415,2016,26.72869873046875,3.368408223374455
S1416,2016,33.5314826965332,10.355388301756506
S1417,2016,22.71556854248047,11.216157629276555
S1418,2016,21.440942764282227,7.885598933618196
S1419,2016,21.751712799072266,12.192640138630894
S1420,2016,21.751712799072266,10.07884138901032
S1421,2016,1.1782149076461792,0.19648197305415294
S1422,2016,0.7864309549331665,0.12005318180286793
S1423,2016,0.0,0.0
S1424,2016,2.9110562801361084,1.3789459747415673
S1425,2016,45.88896942138672,14.75874617722927
S1426,2016,4.730904579162598,1.8540398061294152
S1427,2016,1.2060502767562866,0.24439794627483793
S1428,2016,0.0,0.0
S1435,2016,0.18831667304039001,0.013701041276851915
S1436,2016,0.5392346978187561,0.020477551918708408
S1437,2016,1.848406434059143,0.5481271861718511
S1441,2016,2.1898627281188965,1.129857963961947
S1442,2016,0.6994593739509583,0.24803501572383863
S1443,2016,2.346768856048584,0.6794194129833286
S1444,2016,1.6831928491592407,0.7228494159903048
S1446,2016,3.2130677700042725,1.3398149328858562
S1447,2016,3.265367031097412,1.632624813298796
S0001,2016,0.0,0.0
S0002,2016,0.0,0.0
S0003,2016,0.0,0.0
S0005,2016,0.0,0.0
S0006,2016,2.0597710609436035,0.735656793228118
S0008,2016,0.0,0.0
S0013,2016,0.0,0.0
S0014,2016,0.0,0.0
S0025,2016,0.0,0.0
S0027,2016,0.0,0.0
S0031,2016,0.0,0.0
S0032,2016,0.0,0.0
S0039,2016,0.0,0.0
S0043,2016,0.0,0.0
S0046,2016,0.0,0.0
S0047,2016,0.0,0.0
S0061,2016,0.0,0.0
S0064,2016,0.0,0.0
S0065,2016,0.0,0.0
S0067,2016,0.41842979192733765,0.012806323090291914
S0068,2016,0.0,0.0
S0071,2016,0.0,0.0
S0097,2016,0.0,0.0
S0100,2016,0.0,0.0
S0103,2016,0.0,0.0
S0106,2016,0.0,0.0
S0108,2016,0.0,0.0
S0110,2016,0.0,0.0
S0112,2016,0.0,0.0
S0120,2016,0.45125633478164673,0.022689583040084213
S0122,2016,0.0,0.0
S0123,2016,0.0,0.0
S0127,2016,0.0,0.0
S0128,2016,0.0,0.0
S0129,2016,0.0,0.0
S0136,2016,0.0,0.0
S0142,2016,0.0,0.0
S0143,2016,0.0,0.0
S0144,2016,0.0,0.0
S0146,2016,0.0,0.0
S0147,2016,0.0,0.0
S0148,2016,0.0,0.0
S0161,2016,0.0,0.0
S0163,2016,0.0,0.0
S0167,2016,0.0,0.0
S0204,2016,0.0,0.0
S0206,2016,0.0,0.0
S0228,2016,0.0,0.0
S0236,2016,0.0,0.0
S0237,2016,0.0,0.0
S0238,2016,0.0,0.0
S0264,2016,0.0,0.0
S0268,2016,0.0,0.0
S0270,2016,0.0,0.0
S0271,2016,0.0,0.0
S0278,2016,0.0,0.0
S0283,2016,0.0,0.0
S0286,2016,0.0,0.0
S0288,2016,0.0,0.0
S0292,2016,0.0,0.0
S0299,2016,0.0,0.0
S0303,2016,0.0,0.0
S0304,2016,0.0,0.0
S0305,2016,0.0,0.0
S0306,2016,0.0,0.0
S0347,2016,0.0,0.0
S0376,2016,0.0,0.0
S0381,2016,0.0,0.0
S0382,2016,0.0,0.0
S0385,2016,0.0,0.0
S0398,2016,0.0,0.0
S0408,2016,0.3463574945926666,0.015078353962332161
S0409,2016,0.3463574945926666,0.08915207389747964
S0415,2016,0.0,0.0
S0425,2016,0.0,0.0
S0426,2016,0.0,0.0
S0427,2016,0.0,0.0
S0431,2016,0.0,0.0
S0435,2016,0.0,0.0
S0436,2016,0.0,0.0
S0437,2016,0.0,0.0
S0438,2016,0.0,0.0
S0439,2016,0.0,0.0
S0440,2016,0.0,0.0
S0441,2016,0.0,0.0
S0442,2016,0.0,0.0
S0446,2016,0.0,0.0
S0447,2016,0.0,0.0
S0448,2016,0.0,0.0
S0451,2016,0.0,0.0
S0452,2016,0.0,0.0
S0454,2016,0.0,0.0
S0457,2016,0.0,0.0
S0458,2016,0.0,0.0
S0461,2016,0.0,0.0
S0467,2016,0.0,0.0
S0468,2016,0.0,0.0
S0469,2016,0.0,0.0
S0473,2016,0.0,0.0
S0478,2016,0.0,0.0
S0479,2016,0.0,0.0
S0480,2016,0.0,0.0
S0481,2016,0.0,0.0
S0482,2016,0.0,0.0
S0483,2016,0.0,0.0
S0484,2016,0.0,0.0
S0485,2016,0.0,0.0
S0486,2016,0.0,0.0
S0489,2016,0.0,0.0
S0491,2016,0.0,0.0
S0494,2016,0.0,0.0
S0498,2016,0.0,0.0
S0502,2016,0.0,0.0
S0514,2016,0.45125633478164673,0.009304021106113005
S0517,2016,0.0,0.0
S0518,2016,0.0,0.0
S0519,2016,0.0,0.0
S0520,2016,1.3422174453735352,0.07708719268188002
S0521,2016,0.0,0.0
S0522,2016,0.0,0.0
S0523,2016,0.0,0.0
S0524,2016,0.0,0.0
S0525,2016,0.0,0.0
S0526,2016,0.0,0.0
S0527,2016,0.0,0.0
S0528,2016,0.0,0.0
S0529,2016,0.0,0.0
S0530,2016,0.0,0.0
S0531,2016,0.0,0.0
S0532,2016,0.0,0.0
S0534,2016,0.0,0.0
S0535,2016,0.0,0.0
S0536,2016,0.0,0.0
S0537,2016,0.0,0.0
S0538,2016,0.0,0.0
S0541,2016,0.0,0.0
S0542,2016,0.0,0.0
S0543,2016,0.0,0.0
S0545,2016,0.0,0.0
S0548,2016,0.0,0.0
S0549,2016,0.0,0.0
S0557,2016,0.0,0.0
S0568,2016,0.0,0.0
S0570,2016,0.0,0.0
S0572,2016,0.0,0.0
S0574,2016,0.0,0.0
S0575,2016,0.0,0.0
S0577,2016,0.0,0.0
S0578,2016,0.0,0.0
S0579,2016,0.0,0.0
S0580,2016,0.0,0.0
S0581,2016,0.0,0.0
S0582,2016,0.0,0.0
S0583,2016,0.0,0.0
S0584,2016,0.0,0.0
S0585,2016,0.0,0.0
S0586,2016,0.0,0.0
S0588,2016,0.0,0.0
S0589,2016,0.0,0.0
S0591,2016,0.0,0.0
S0593,2016,0.0,0.0
S0594,2016,0.0,0.0
S0598,2016,0.0,0.0
S0600,2016,0.0,0.0
S0601,2016,0.0,0.0
S0604,2016,0.0,0.0
S0606,2016,0.0,0.0
S0609,2016,0.0,0.0
S0613,2016,0.0,0.0
S0616,2016,0.0,0.0
S0619,2016,0.0,0.0
S0621,2016,0.0,0.0
S0622,2016,0.0,0.0
S0625,2016,0.0,0.0
S0626,2016,0.0,0.0
S0641,2016,0.0,0.0
S0642,2016,0.0,0.0
S0647,2016,0.0,0.0
S0649,2016,0.0,0.0
S0691,2016,0.0,0.0
S0692,2016,0.0,0.0
S0694,2016,0.0,0.0
S0695,2016,0.0,0.0
S0698,2016,0.19909025728702545,0.012142980967452244
S0711,2016,0.0,0.0
S0718,2016,0.0,0.0
S0722,2016,0.0,0.0
S0727,2016,0.0,0.0
S0728,2016,0.0,0.0
S0729,2016,0.0,0.0
S0730,2016,0.0,0.0
S0731,2016,0.0,0.0
S0737,2016,0.0,0.0
S0738,2016,0.0,0.0
S0739,2016,0.0,0.0
S0741,2016,0.0,0.0
S0745,2016,0.0,0.0
S0749,2016,0.0,0.0
S0782,2016,0.0,0.0
S0783,2016,0.0,0.0
S0784,2016,0.0,0.0
S0785,2016,0.0,0.0
S0786,2016,0.0,0.0
S0787,2016,0.0,0.0
S0788,2016,0.0,0.0
S0789,2016,0.0,0.0
S0790,2016,0.0,0.0
S0791,2016,0.0,0.0
S0793,2016,0.0,0.0
S0794,2016,0.0,0.0
S0795,2016,0.0,0.0
S0802,2016,0.0,0.0
S0806,2016,0.0,0.0
S0807,2016,0.0,0.0
S0810,2016,0.0,0.0
S0811,2016,0.0,0.0
S0812,2016,0.0,0.0
S0821,2016,0.0,0.0
S0827,2016,0.0,0.0
S0830,2016,0.0,0.0
S0838,2016,0.0,0.0
S0842,2016,0.0,0.0
S0844,2016,0.0,0.0
S0853,2016,0.0,0.0
S0855,2016,0.0,0.0
S0859,2016,0.0,0.0
S0869,2016,0.0,0.0
S0877,2016,0.0,0.0
S0878,2016,0.0,0.0
S0880,2016,0.0,0.0
S0884,2016,0.0,0.0
S0901,2016,0.0,0.0
S0911,2016,0.0,0.0
S0913,2016,0.0,0.0
S0923,2016,0.0,0.0
S0932,2016,0.0,0.0
S0933,2016,0.0,0.0
S0935,2016,0.051182474941015244,0.006462710440821533
S0937,2016,0.0,0.0
S0947,2016,0.0,0.0
S0948,2016,0.0,0.0
S0999,2016,0.0,0.0
S1001,2016,0.0,0.0
S1009,2016,0.0,0.0
S1012,2016,0.0,0.0
S1013,2016,0.0,0.0
S1014,2016,0.0,0.0
S1017,2016,0.0,0.0
S1051,2016,0.0,0.0
S1056,2016,0.0,0.0
S1057,2016,0.0,0.0
S1058,2016,0.0,0.0
S1061,2016,0.0,0.0
S1062,2016,0.0,0.0
S1063,2016,0.0,0.0
S1065,2016,0.0,0.0
S1075,2016,0.0,0.0
S1077,2016,0.0,0.0
S1082,2016,0.0,0.0
S1084,2016,0.0,0.0
S1085,2016,0.0,0.0
S1086,2016,0.0,0.0
S1087,2016,0.0,0.0
S1088,2016,0.0,0.0
S1089,2016,0.0,0.0
S1090,2016,0.0,0.0
S1095,2016,0.0,0.0
S1096,2016,0.0,0.0
S1098,2016,0.0,0.0
S1099,2016,0.0,0.0
S1100,2016,0.0,0.0
S1101,2016,0.0,0.0
S1104,2016,0.0,0.0
S1105,2016,0.0,0.0
S1107,2016,0.0,0.0
S1108,2016,0.0,0.0
S1109,2016,0.0,0.0
S1111,2016,0.0,0.0
S1112,2016,0.0,0.0
S1113,2016,0.0,0.0
S1123,2016,0.0,0.0
S1124,2016,0.0,0.0
S1125,2016,0.0,0.0
S1126,2016,0.0,0.0
S1129,2016,0.0,0.0
S1131,2016,0.0,0.0
S1132,2016,0.0,0.0
S1134,2016,0.0,0.0
S1196,2016,0.0,0.0
S1197,2016,0.0,0.0
S1199,2016,0.0,0.0
S1200,2016,0.0,0.0
S1201,2016,0.0,0.0
S1202,2016,0.0,0.0
S1204,2016,0.0,0.0
S1206,2016,0.0,0.0
S1218,2016,0.0,0.0
S1219,2016,0.0,0.0
S1225,2016,0.0,0.0
S1234,2016,0.0,0.0
S1237,2016,0.0,0.0
S1239,2016,0.0,0.0
S1246,2016,0.0,0.0
S1258,2016,0.0,0.0
S1260,2016,0.0,0.0
S1261,2016,0.0,0.0
S1269,2016,0.0,0.0
S1276,2016,0.0,0.0
S1277,2016,0.0,0.0
S1280,2016,0.0,0.0
S1281,2016,0.0,0.0
S1284,2016,0.0,0.0
S1285,2016,0.0,0.0
S1298,2016,0.0,0.0
S1301,2016,0.0,0.0
S1303,2016,0.0,0.0
S1322,2016,1.1382097005844116,0.47774165480121233
S1358,2016,0.0,0.0
S1360,2016,0.0,0.0
S1362,2016,1.3285819292068481,0.587974907291171
S1363,2016,0.6869431138038635,0.2814761589661726
S1368,2016,0.0,0.0
S1369,2016,0.0,0.0
S1371,2016,0.0,0.0
S1429,2016,0.0,0.0
S1430,2016,0.0,0.0
S1431,2016,0.0,0.0
S1432,2016,0.15103770792484283,0.018817761034026385
S1433,2016,0.0,0.0
S1434,2016,0.0,0.0
S1438,2016,0.0,0.0
S1439,2016,0.7307469844818115,0.28899284786574875
S1440,2016,0.0,0.0
S1445,2016,1.6135693788528442,0.5064300263160502
S0000,2017,92.39466094970703,54.56229853502649
S0004,2017,0.8629574775695801,0.3473124775832858
S0007,2017,0.0,0.0
S0009,2017,4.646682262420654,1.8168958237109922
S0010,2017,2.937389850616455,1.1429662386961643
S0011,2017,0.6958770155906677,0.13997763460522408
S0012,2017,0.0,0.0
S0015,2017,3.125905752182007,1.5283430775939388
S0016,2017,3.2752132415771484,1.4003350952194684
S0017,2017,3.9009361267089844,0.4819578994001234
S0018,2017,1.2605023384094238,0.23852562290972612
S0019,2017,0.0,0.0
S0020,2017,1.7436268329620361,0.8862784471465532
S0021,2017,0.43439579010009766,0.031349407153707515
S0022,2017,0.34373047947883606,0.03004530412382973
S0023,2017,0.9687433838844299,0.2854618937160515
S0024,2017,0.7011787295341492,0.05592368362612943
S0026,2017,0.0,0.0
S0028,2017,0.0,0.0
S0029,2017,0.0,0.0
S0030,2017,0.0,0.0
S0033,2017,0.0,0.0
S0034,2017,0.9385550618171692,0.49880526027407895
S0035,2017,0.0,0.0
S0036,2017,1.3838574886322021,0.6646903560034136
S0037,2017,0.539117693901062,0.1954484562813358
S0038,2017,1.2723612785339355,0.48569355670708175
S0040,2017,1.3182263374328613,0.5935443656187608
S0041,2017,0.6452410817146301,0.14894277717148333
S0042,2017,0.0,0.0
S0044,2017,0.0,0.0
S0045,2017,0.0,0.0
S0048,2017,0.45035210251808167,0.015871439736320058
S0049,2017,0.0,0.0
S0050,2017,0.5001660585403442,0.2558300638581343
S0051,2017,1.746288776397705,0.6814566587684071
S0052,2017,0.5722588896751404,0.2546524594442416
S0053,2017,0.0,0.0
S0054,2017,0.0,0.0
S0055,2017,0.6478883028030396,0.04757495747954447
S0056,2017,0.0,0.0
S0057,2017,0.0,0.0
S0058,2017,0.0,0.0
S0059,2017,0.6919031739234924,0.2846829971154307
S0060,2017,0.0,0.0
S0062,2017,1.2549853324890137,0.21698547430811946
S0063,2017,0.0,0.0
S0066,2017,0.0,0.0
S0069,2017,14.379902839660645,8.999614708083442
S0070,2017,3.8626585006713867,1.704057829956045
S0072,2017,1.5538535118103027,0.8737736322649451
S0073,2017,4.116765022277832,1.6785686552261825
S0074,2017,0.0,0.0
S0075,2017,0.0,0.0
S0076,2017,0.0,0.0
S0077,2017,0.914357602596283,0.1977818049933661
S0078,2017,0.0,0.0
S0079,2017,2.7919373512268066,0.6060653163161025
S0080,2017,1.1061649322509766,0.6009239206914444
S0081,2017,0.0,0.0
S0082,2017,0.0,0.0
S0083,2017,1.5276257991790771,0.36244678705172306
S0084,2017,0.8246808648109436,0.30873269970907913
S0085,2017,0.912819504737854,0.2147439495409568
S0086,2017,2.819373607635498,0.20054436525960603
S0087,2017,0.7384533286094666,0.025238815643502478
S0088,2017,1.3641841411590576,0.5708367123202085
S0089,2017,2.1941349506378174,0.8728404718652445
S0090,2017,0.0,0.0
S0091,2017,4.092442035675049,1.9230327038395394
S0092,2017,7.649785041809082,2.0223972205828904
S0093,2017,0.0,0.0
S0094,2017,0.6952940225601196,0.10129740814598595
S0095,2017,8.410628318786621,3.0209552954266763
S0096,2017,4.643890380859375,1.4042574761612172
S0098,2017,5.054078102111816,1.9322425274871398
S0099,2017,3.7971720695495605,1.4668834839674154
S0101,2017,3.407663345336914,1.7688052897058562
S0102,2017,0.0,0.0
S0104,2017,1.7713029384613037,0.6112809728809925
S0105,2017,0.0,0.0
S0107,2017,0.5454515218734741,0.0438758555580588
S0109,2017,0.0,0.0
S0111,2017,0.0,0.0
S0113,2017,1.971737265586853,0.8483990149006619
S0114,2017,1.0169644355773926,0.10553616805251653
S0115,2017,0.0,0.0
S0116,2017,6.103541851043701,1.614824283639852
S0117,2017,2.410911798477173,0.7656157116500699
S0118,2017,4.206148624420166,0.7772312550959216
S0119,2017,0.4278494417667389,0.00013420622389169977
S0121,2017,0.0,0.0
S0124,2017,0.0,0.0
S0125,2017,0.0,0.0
S0126,2017,0.0,0.0
S0130,2017,0.0,0.0
S0131,2017,23.97276496887207,11.320674907771787
S0132,2017,2.313934326171875,0.7497688484214323
S0133,2017,0.0,0.0
S0134,2017,1.766688585281372,0.5209440783582338
S0135,2017,0.3651084005832672,0.008386693908929673
S0137,2017,0.6044570803642273,0.0012865159188653293
S0138,2017,5.921670436859131,2.63005517579811
S0139,2017,8.784283638000488,1.601294513818718
S0140,2017,18.595502853393555,10.290365646126736
S0141,2017,16.106313705444336,6.163062053216726
S0145,2017,0.0,0.0
S0149,2017,0.0,0.0
S0150,2017,0.0,0.0
S0151,2017,0.0,0.0
S0152,2017,19.9019832611084,11.195761059747856
S0153,2017,18.06546974182129,8.3708407102175
S0154,2017,26.950511932373047,11.855894285530306
S0155,2017,15.026217460632324,7.568262915633725
S0156,2017,18.281625747680664,8.846730606314456
S0157,2017,0.0,0.0
S0158,2017,22.06118392944336,8.925095079413886
S0159,2017,8.402175903320312,1.9278102137944577
S0160,2017,13.50412368774414,5.043332000617183
S0162,2017,0.0,0.0
S0164,2017,0.0,0.0
S0165,2017,23.875932693481445,13.48680179870241
S0166,2017,0.7056517004966736,0.07586903137644158
S0168,2017,19.840755462646484,8.174579764687039
S0169,2017,26.391845703125,10.969771464553375
S0170,2017,27.369319915771484,10.165810384684661
S0171,2017,4.854007720947266,1.880970962375992
S0172,2017,0.0,0.0
S0173,2017,14.351424217224121,5.048809918723766
S0174,2017,67.75927734375,29.00181173664242
S0175,2017,32.622215270996094,14.874296117508623
S0176,2017,28.097475051879883,14.95171715304143
S0177,2017,42.20114517211914,21.216522738711916
S0178,2017,0.0,0.0
S0179,2017,0.4597407579421997,0.001875315297536428
S0180,2017,0.0,0.0
S0181,2017,0.6484788656234741,0.3136852596795346
S0182,2017,2.051557779312134,0.8599878781787126
S0183,2017,2.0838892459869385,0.5112266023885008
S0184,2017,6.86472749710083,3.2156066613511234
S0185,2017,1.0770233869552612,0.42592500250104975
S0186,2017,1.182342529296875,0.4897585188169518
S0187,2017,0.8856489658355713,0.3635411252051974
S0188,2017,1.3010141849517822,0.14257084862386157
S0189,2017,1.0737584829330444,0.1178858854252977
S0190,2017,0.0,0.0
S0191,2017,1.0737584829330444,0.334370189199199
S0192,2017,0.5165427923202515,0.10169162687128948
S0193,2017,10.115015029907227,4.968533924247225
S0194,2017,13.04735279083252,4.955084994435312
S0195,2017,3.198613405227661,1.34766628074661
S0196,2017,1.1035948991775513,0.7007393881510522
S0197,2017,6.86207914352417,2.853135178037508
S0198,2017,21.359277725219727,10.276985517759293
S0199,2017,8.816835403442383,4.80596239001635
S0200,2017,9.149313926696777,4.8574381395777495
S0201,2017,0.57730633020401,0.26475213483946963
S0202,2017,0.6805869340896606,0.31872290387867
S0203,2017,4.490916728973389,2.243798551346012
S0205,2017,0.6317698955535889,0.2863802776781548
S0207,2017,0.0,0.0
S0208,2017,40.981441497802734,23.835465330401505
S0209,2017,11.395672798156738,4.120712842222661
S0210,2017,46.33110427856445,18.11119211629001
S0211,2017,47.99322509765625,10.330704537118116
S0212,2017,2.8687827587127686,1.2229759145381873
S0213,2017,6.159752368927002,1.8117570048110414
S0214,2017,0.8280307054519653,0.4337699780004184
S0215,2017,0.6137236952781677,0.1861179163270493
S0216,2017,0.6137236952781677,0.11364539521854224
S0217,2017,54.65222930908203,32.697619248156954
S0218,2017,32.32792282104492,17.664291274431406
S0219,2017,14.760462760925293,7.5346425411496325
S0220,2017,0.0,0.0
S0221,2017,2.326615810394287,1.7937880038690435
S0222,2017,47.99322509765625,16.04570834215817
S0223,2017,4.46781063079834,0.2958175521285556
S0224,2017,0.633217990398407,0.4222769190399151
S0225,2017,5.928382396697998,2.453864913617886
S0226,2017,12.146749496459961,3.2009559182810103
S0227,2017,16.852458953857422,6.660702526868138
S0229,2017,7.527925968170166,2.5734716697923425
S0230,2017,3.612154483795166,0.38204519944878584
S0231,2017,2.406155824661255,0.9976234080034398
S0232,2017,0.0,0.0
S0233,2017,0.802186906337738,0.16287314748606793
S0234,2017,1.9029881954193115,0.9649270604026043
S0235,2017,1.9029881954193115,1.0797924373055043
S0239,2017,0.0,0.0
S0240,2017,0.0,0.0
S0241,2017,1.256202220916748,0.627982075289405
S0242,2017,0.4661136865615845,0.17699320916666753
S0243,2017,0.0,0.0
S0244,2017,0.2792750298976898,0.018010086135352557
S0245,2017,1.4823204278945923,0.27156159942027236
S0246,2017,18.281625747680664,5.708076716743125
S0247,2017,18.281625747680664,2.9595873447234347
S0248,2017,18.281625747680664,7.206705011595459
S0249,2017,3.2687876224517822,1.5987691497076169
S0250,2017,3.3763163089752197,2.0891136922308813
S0251,2017,3.2687876224517822,2.006161035099683
S0252,2017,1.649093747138977,0.46100010081648596
S0253,2017,3.950218915939331,2.031292223420212
S0254,2017,12.087759017944336,4.516072896300439
S0255,2017,2.736356258392334,1.0434013160369704
S0256,2017,2.736356258392334,0.9344474351619039
S0257,2017,14.765565872192383,6.061339962968258
S0258,2017,19.703081130981445,10.569381884422421
S0259,2017,2.4844675064086914,1.4265831391454684
S0260,2017,0.0,0.0
S0261,2017,0.6805869340896606,0.36643113918277515
S0262,2017,0.31548407673835754,0.0019823064828046345
S0263,2017,0.0,0.0
S0265,2017,0.0,0.0
S0266,2017,0.0,0.0
S0267,2017,0.0,0.0
S0269,2017,0.0,0.0
S0272,2017,1.6230746507644653,0.43669569139677694
S0273,2017,0.9808421730995178,0.6056512222976566
S0274,2017,2.182394504547119,0.7482304001614049
S0275,2017,0.9928786754608154,0.18263128033610268
S0276,2017,0.0,0.0
S0277,2017,0.0,0.0
S0279,2017,0.5124052166938782,0.055871585212773724
S0280,2017,0.5124052166938782,0.00463207864552279
S0281,2017,1.329032063484192,0.7631322489471318
S0282,2017,0.0,0.0
S0284,2017,0.0,0.0
S0285,2017,0.0,0.0
S0287,2017,0.0,0.0
S0289,2017,0.0,0.0
S0290,2017,0.0,0.0
S0291,2017,0.0,0.0
S0293,2017,0.0,0.0
S0294,2017,0.0,0.0
S0295,2017,0.0,0.0
S0296,2017,0.0,0.0
S0297,2017,0.0,0.0
S0298,2017,3.2636711597442627,1.649838005482758
S0300,2017,29.289560317993164,11.195566847915744
S0301,2017,15.040369987487793,8.781663977757937
S0302,2017,11.207623481750488,4.3740926942972465
S0307,2017,0.5993796586990356,0.047373729071420186
S0308,2017,2.0437636375427246,1.1829486698090113
S0309,2017,6.68096923828125,3.0400235222924
S0310,2017,0.0,0.0
S0311,2017,12.044439315795898,3.0438039782442377
S0312,2017,0.0,0.0
S0313,2017,0.0,0.0
S0314,2017,0.0,0.0
S0315,2017,1.2061336040496826,0.5113875398175497
S0316,2017,1.2061336040496826,0.6213712143793112
S0317,2017,0.5290412902832031,0.17246769554562705
S0318,2017,1.2061336040496826,0.44452650721534787
S0319,2017,1.2061336040496826,0.3419475835160656
S0320,2017,1.0608563423156738,0.43157074694058406
S0321,2017,1.0608563423156738,0.5445999511104216
S0322,2017,1.0608563423156738,0.3157876533500356
S0323,2017,0.0,0.0
S0324,2017,0.0,0.0
S0325,2017,0.0,0.0
S0326,2017,0.0,0.0
S0327,2017,0.0,0.0
S0328,2017,0.0,0.0
S0329,2017,0.0,0.0
S0330,2017,0.8086588382720947,0.4335447110868838
S0331,2017,0.8086588382720947,0.12033086161921486
S0332,2017,0.8086588382720947,0.1639878192921181
S0333,2017,0.0,0.0
S0334,2017,0.0,0.0
S0335,2017,0.0,0.0
S0336,2017,0.0,0.0
S0337,2017,0.0,0.0
S0338,2017,0.0,0.0
S0339,2017,0.5512734055519104,0.13394826416198233
S0340,2017,0.5512734055519104,0.16851970619667
S0341,2017,0.0,0.0
S0342,2017,0.0,0.0
S0343,2017,0.6978075504302979,0.18964009208088006
S0344,2017,0.6978075504302979,0.3010830121965328
S0345,2017,0.6137236952781677,0.1252492405357552
S0346,2017,0.34585365653038025,0.0008654454964788997
S0348,2017,0.5512734055519104,0.08843699914340626
S0349,2017,2.9594693183898926,1.152019212689945
S0350,2017,1.6272772550582886,0.9674092626653842
S0351,2017,0.0,0.0
S0352,2017,0.0,0.0
S0353,2017,0.0,0.0
S0354,2017,0.0,0.0
S0355,2017,0.0,0.0
S0356,2017,0.0,0.0
S0357,2017,0.0,0.0
S0358,2017,0.0,0.0
S0359,2017,0.0,0.0
S0360,2017,1.4402875900268555,0.29144821683167665
S0361,2017,1.624578833580017,0.7206086688205081
S0362,2017,3.188117027282715,0.9485029410991006
S0363,2017,0.0,0.0
S0364,2017,0.9561769962310791,0.06260335876359845
S0365,2017,0.0,0.0
S0366,2017,1.2061336040496826,0.40108105471033134
S0367,2017,0.614119827747345,0.004058060535775408
S0368,2017,0.614119827747345,0.07437433787599981
S0369,2017,0.614119827747345,0.17301367290697336
S0370,2017,0.9777398109436035,0.28705674688942256
S0371,2017,2.207868814468384,1.0956545164562623
S0372,2017,1.2061336040496826,0.6356549294445017
S0373,2017,2.207868814468384,0.7944206296459846
S0374,2017,0.0,0.0
S0375,2017,0.0,0.0
S0377,2017,0.0,0.0
S0378,2017,0.0,0.0
S0379,2017,0.0,0.0
S0380,2017,0.0,0.0
S0383,2017,0.0,0.0
S0384,2017,0.9808421730995178,0.1274722677341957
S0386,2017,0.0,0.0
S0387,2017,0.0,0.0
S0388,2017,0.5231221318244934,0.05662280172390228
S0389,2017,0.0,0.0
S0390,2017,0.0,0.0
S0391,2017,0.0,0.0
S0392,2017,0.0,0.0
S0393,2017,1.766398310661316,0.5450875513556607
S0394,2017,0.5023391246795654,0.006375198097521891
S0395,2017,0.0,0.0
S0396,2017,0.0,0.0
S0397,2017,1.8652291297912598,0.34268246883683856
S0399,2017,0.0,0.0
S0400,2017,0.0,0.0
S0401,2017,0.0,0.0
S0402,2017,0.34839484095573425,0.030315765185551072
S0403,2017,0.5512734055519104,0.04731894258053
S0404,2017,0.5178928375244141,0.01187007131531624
S0405,2017,0.3109886944293976,0.024859597830563133
S0406,2017,0.0,0.0
S0407,2017,0.6193662285804749,0.17688524600205144
S0410,2017,0.6193662285804749,0.1323977501394604
S0411,2017,1.5672320127487183,0.40636329430791607
S0412,2017,1.5672320127487183,0.7086044543028626
S0413,2017,0.0,0.0
S0414,2017,1.9859203100204468,0.8998854696619559
S0416,2017,0.0,0.0
S0417,2017,0.5871859788894653,0.210586609947539
S0418,2017,0.5612709522247314,0.05152466772489683
S0419,2017,0.6927346587181091,0.23059670636023166
S0420,2017,0.4981181025505066,0.09817545467800166
S0421,2017,0.4996652901172638,0.053634890049397206
S0422,2017,0.0,0.0
S0423,2017,0.0,0.0
S0424,2017,0.3217771053314209,0.007762167014573749
S0428,2017,0.0,0.0
S0429,2017,7.790371417999268,4.484174737934788
S0430,2017,0.0,0.0
S0432,2017,0.0,0.0
S0433,2017,0.0,0.0
S0434,2017,0.0,0.0
S0443,2017,0.0,0.0
S0444,2017,0.0,0.0
S0445,2017,0.0,0.0
S0449,2017,4.037648677825928,2.2393299806196585
S0450,2017,1.6231043338775635,0.7932710565800328
S0453,2017,7.539596080780029,1.4753207082838622
S0455,2017,0.0,0.0
S0456,2017,0.37373635172843933,0.020428799130115895
S0459,2017,0.0,0.0
S0460,2017,0.0,0.0
S0462,2017,0.0,0.0
S0463,2017,0.0,0.0
S0464,2017,0.0,0.0
S0465,2017,0.0,0.0
S0466,2017,0.6484788656234741,0.1484393947751938
S0470,2017,6.506749629974365,3.1731054461674018
S0471,2017,14.867317199707031,4.539648531896125
S0472,2017,1.0767215490341187,0.4939078320915934
S0474,2017,0.0,0.0
S0475,2017,0.0,0.0
S0476,2017,0.0,0.0
S0477,2017,0.0,0.0
S0487,2017,0.0,0.0
S0488,2017,0.0,0.0
S0490,2017,0.0,0.0
S0492,2017,0.0,0.0
S0493,2017,0.0,0.0
S0495,2017,0.0,0.0
S0496,2017,0.0,0.0
S0497,2017,0.0,0.0
S0499,2017,0.0,0.0
S0500,2017,0.38771846890449524,0.003525818625973773
S0501,2017,0.9843308925628662,0.11496584569543816
S0503,2017,1.7472848892211914,0.3445423203834438
S0504,2017,1.0342886447906494,0.21281180488939822
S0505,2017,0.0,0.0
S0506,2017,0.0,0.0
S0507,2017,0.0,0.0
S0508,2017,1.0796005725860596,0.21380099693559254
S0509,2017,0.6255539655685425,0.07265934246859111
S0510,2017,0.0,0.0
S0511,2017,0.7862661480903625,0.07499369977032719
S0512,2017,0.0,0.0
S0513,2017,1.4056050777435303,0.30273254270872174
S0515,2017,0.0,0.0
S0516,2017,0.8040485978126526,0.14250078824544274
S0533,2017,0.0,0.0
S0539,2017,0.0,0.0
S0540,2017,0.0,0.0
S0544,2017,0.0,0.0
S0546,2017,0.0,0.0
S0547,2017,0.0,0.0
S0550,2017,0.0,0.0
S0551,2017,0.0,0.0
S0552,2017,0.0,0.0
S0553,2017,0.0,0.0
S0554,2017,0.0,0.0
S0555,2017,0.0,0.0
S0556,2017,0.0,0.0
S0558,2017,0.0,0.0
S0559,2017,0.0,0.0
S0560,2017,0.0,0.0
S0561,2017,0.0,0.0
S0562,2017,0.0,0.0
S0563,2017,0.0,0.0
S0564,2017,0.0,0.0
S0565,2017,0.0,0.0
S0566,2017,0.0,0.0
S0567,2017,0.0,0.0
S0569,2017,0.0,0.0
S0571,2017,0.0,0.0
S0573,2017,0.0,0.0
S0576,2017,0.0,0.0
S0587,2017,0.0,0.0
S0590,2017,0.0,0.0
S0592,2017,0.0,0.0
S0595,2017,0.0,0.0
S0596,2017,0.0,0.0
S0597,2017,0.0,0.0
S0599,2017,0.0,0.0
S0602,2017,0.0,0.0
S0603,2017,0.0,0.0
S0605,2017,0.0,0.0
S0607,2017,0.0,0.0
S0608,2017,0.0,0.0
S0610,2017,0.0,0.0
S0611,2017,0.0,0.0
S0612,2017,0.0,0.0
S0614,2017,0.0,0.0
S0615,2017,0.0,0.0
S0617,2017,0.0,0.0
S0618,2017,0.0,0.0
S0620,2017,0.0,0.0
S0623,2017,0.0,0.0
S0624,2017,0.6919031739234924,0.294163291802523
S0627,2017,0.0,0.0
S0628,2017,0.0,0.0
S0629,2017,0.0,0.0
S0630,2017,0.0,0.0
S0631,2017,0.0,0.0
S0632,2017,0.0,0.0
S0633,2017,0.0,0.0
S0634,2017,0.0,0.0
S0635,2017,0.0,0.0
S0636,2017,0.0,0.0
S0637,2017,0.0,0.0
S0638,2017,0.0,0.0
S0639,2017,0.0,0.0
S0640,2017,0.0,0.0
S0643,2017,0.0,0.0
S0644,2017,0.0,0.0
S0645,2017,0.0,0.0
S0646,2017,0.0,0.0
S0648,2017,0.9564492702484131,0.35258690782167995
S0650,2017,0.0,0.0
S0651,2017,0.9564492702484131,0.13579112824057268
S0652,2017,0.0,0.0
S0653,2017,1.4358594417572021,0.27580984950065607
S0654,2017,0.0,0.0
S0655,2017,0.0,0.0
S0656,2017,1.697373390197754,1.220198775984616
S0657,2017,2.159642457962036,1.2817171694273615
S0658,2017,1.3803300857543945,0.31809729819459126
S0659,2017,0.0,0.0
S0660,2017,0.8667793869972229,0.04102936910237638
S0661,2017,0.0,0.0
S0662,2017,0.0,0.0
S0663,2017,0.0,0.0
S0664,2017,0.6809203624725342,0.08777417037964468
S0665,2017,0.0,0.0
S0666,2017,0.0,0.0
S0667,2017,0.8809934258460999,0.045673466513523116
S0668,2017,0.0,0.0
S0669,2017,0.0,0.0
S0670,2017,1.2549853324890137,0.5360504241856798
S0671,2017,0.0,0.0
S0672,2017,0.0,0.0
S0673,2017,0.0,0.0
S0674,2017,0.0,0.0
S0675,2017,1.2549853324890137,0.3474336010133452
S0676,2017,0.0,0.0
S0677,2017,0.6938943862915039,0.07752199833229859
S0678,2017,1.2549853324890137,0.205502260072319
S0679,2017,0.0,0.0
S0680,2017,0.6006978154182434,0.06459000267303425
S0681,2017,0.6006978154182434,0.056052795096451516
S0682,2017,0.7320154309272766,0.03914521021001479
S0683,2017,1.2549853324890137,0.7127381402077803
S0684,2017,1.2549853324890137,0.1327412235205865
S0685,2017,0.6001343727111816,0.06706788556782281
S0686,2017,0.7665326595306396,0.2338257310372456
S0687,2017,0.7064660787582397,0.09019082053422403
S0688,2017,0.0,0.0
S0689,2017,0.0,0.0
S0690,2017,0.0,0.0
S0693,2017,0.0,0.0
S0696,2017,0.0,0.0
S0697,2017,0.0,0.0
S0699,2017,0.0,0.0
S0700,2017,0.0,0.0
S0701,2017,0.0,0.0
S0702,2017,0.0,0.0
S0703,2017,0.0,0.0
S0704,2017,0.0,0.0
S0705,2017,0.0,0.0
S0706,2017,0.8946106433868408,0.21335000613456478
S0707,2017,0.0,0.0
S0708,2017,0.8811207413673401,0.013014668398574793
S0709,2017,1.3986071348190308,0.5519531058874163
S0710,2017,0.9417299032211304,0.0547493344079966
S0712,2017,0.0,0.0
S0713,2017,1.3986071348190308,0.4763060120392743
S0714,2017,0.4519604444503784,0.009365585348108316
S0715,2017,0.0,0.0
S0716,2017,0.6054403781890869,0.024242495668345486
S0717,2017,0.0,0.0
S0719,2017,0.0,0.0
S0720,2017,1.9758350849151611,0.6208239013382901
S0721,2017,1.9758350849151611,0.5509222471259423
S0723,2017,0.9417299032211304,0.10815580699016923
S0724,2017,0.0,0.0
S0725,2017,0.0,0.0
S0726,2017,0.0,0.0
S0732,2017,0.0,0.0
S0733,2017,0.0,0.0
S0734,2017,0.0,0.0
S0735,2017,0.0,0.0
S0736,2017,1.3986071348190308,0.34951283968400443
S0740,2017,0.0,0.0
S0742,2017,0.39709123969078064,0.012078347522736193
S0743,2017,0.0,0.0
S0744,2017,0.0,0.0
S0746,2017,0.0,0.0
S0747,2017,0.0,0.0
S0748,2017,0.0,0.0
S0750,2017,0.0,0.0
S0751,2017,0.6054403781890869,0.057548248521058144
S0752,2017,0.0,0.0
S0753,2017,0.0,0.0
S0754,2017,0.0,0.0
S0755,2017,0.0,0.0
S0756,2017,0.6819083094596863,0.015015282057935841
S0757,2017,2.6508677005767822,1.4630849934007117
S0758,2017,0.0,0.0
S0759,2017,0.5414201617240906,0.028917190711127333
S0760,2017,2.8299202919006348,1.3833111307701769
S0761,2017,9.617829322814941,3.7097144717888875
S0762,2017,9.617829322814941,3.6835551761847967
S0763,2017,1.099908709526062,0.12591424225189368
S0764,2017,10.11840534210205,1.186354853301698
S0765,2017,7.09108829498291,2.632092121103341
S0766,2017,2.8299202919006348,1.40604063970387
S0767,2017,1.100105881690979,0.4996547839248466
S0768,2017,1.932106375694275,0.7886873186476749
S0769,2017,0.0,0.0
S0770,2017,1.656542420387268,0.3397671991361762
S0771,2017,0.6193858981132507,0.055673944331564994
S0772,2017,1.76651930809021,0.3748290612639268
S0773,2017,1.76651930809021,0.6479876271380086
S0774,2017,1.0234887599945068,0.20246443611284376
S0775,2017,0.6347730755805969,0.04259978403451488
S0776,2017,0.8547502160072327,0.05701361535858585
S0777,2017,0.9729596972465515,0.10489066782576847
S0778,2017,0.9330076575279236,0.06467626465941376
S0779,2017,3.090576171875,1.5856982900088656
S0780,2017,4.9758710861206055,3.093969683540557
S0781,2017,4.9758710861206055,2.4528824173622383
S0792,2017,0.0,0.0
S0796,2017,0.0,0.0
S0797,2017,1.112683653831482,0.19938914011782552
S0798,2017,0.0,0.0
S0799,2017,0.0,0.0
S0800,2017,0.0,0.0
S0801,2017,0.0,0.0
S0803,2017,0.0,0.0
S0804,2017,0.0,0.0
S0805,2017,0.0,0.0
S0808,2017,0.0,0.0
S0809,2017,0.0,0.0
S0813,2017,0.0,0.0
S0814,2017,0.0,0.0
S0815,2017,0.0,0.0
S0816,2017,0.0,0.0
S0817,2017,0.6155805587768555,0.010078774891812496
S0818,2017,0.0,0.0
S0819,2017,0.0,0.0
S0820,2017,0.0,0.0
S0822,2017,0.0,0.0
S0823,2017,0.0,0.0
S0824,2017,0.0,0.0
S0825,2017,0.7618105411529541,0.2206422960131976
S0826,2017,0.0,0.0
S0828,2017,0.8327521085739136,0.20175987379207558
S0829,2017,0.0,0.0
S0831,2017,0.0,0.0
S0832,2017,0.0,0.0
S0833,2017,0.0,0.0
S0834,2017,0.0,0.0
S0835,2017,0.0,0.0
S0836,2017,0.0,0.0
S0837,2017,0.0,0.0
S0839,2017,0.567611575126648,0.1708725877270299
S0840,2017,0.0,0.0
S0841,2017,0.0,0.0
S0843,2017,0.410186767578125,0.03216646546252548
S0845,2017,0.0,0.0
S0846,2017,0.567611575126648,0.059016823880654525
S0847,2017,0.0,0.0
S0848,2017,0.0,0.0
S0849,2017,0.0,0.0
S0850,2017,0.0,0.0
S0851,2017,0.0,0.0
S0852,2017,0.0,0.0
S0854,2017,0.0,0.0
S0856,2017,0.914357602596283,0.11984091662897503
S0857,2017,0.0,0.0
S0858,2017,0.0,0.0
S0860,2017,0.0,0.0
S0861,2017,0.0,0.0
S0862,2017,1.8305343389511108,0.6337250582827081
S0863,2017,0.0,0.0
S0864,2017,0.0,0.0
S0865,2017,0.0,0.0
S0866,2017,0.0,0.0
S0867,2017,0.0,0.0
S0868,2017,13.811904907226562,4.671433746908239
S0870,2017,0.914357602596283,0.12745540695330013
S0871,2017,0.0,0.0
S0872,2017,1.0648677349090576,0.39837251716003363
S0873,2017,0.7904984951019287,0.05632849756079408
S0874,2017,3.5215046405792236,1.072866643136779
S0875,2017,1.8305343389511108,0.4708373197610556
S0876,2017,0.0,0.0
S0879,2017,0.7904984951019287,0.062219804680605555
S0881,2017,19.840755462646484,5.255697404095277
S0882,2017,2.084249973297119,0.18699473675444775
S0883,2017,19.840755462646484,6.679349584936424
S0885,2017,1.2645294666290283,0.46354847167352903
S0886,2017,0.5295379161834717,0.08768990760981887
S0887,2017,0.0,0.0
S0888,2017,0.0,0.0
S0889,2017,0.8728024363517761,0.05037333495043483
S0890,2017,10.388686180114746,3.117474955011575
S0891,2017,19.840755462646484,5.446529398982529
S0892,2017,1.0939959287643433,0.3315097941147103
S0893,2017,9.401603698730469,3.2446273187976833
S0894,2017,3.8195996284484863,1.927160706737165
S0895,2017,10.388686180114746,2.24086889865479
S0896,2017,19.840755462646484,5.38603585864998
S0897,2017,19.840755462646484,6.685712787450162
S0898,2017,19.840755462646484,2.4023129910305423
S0899,2017,13.811904907226562,3.718292126648105
S0900,2017,0.0,0.0
S0902,2017,0.0,0.0
S0903,2017,0.0,0.0
S0904,2017,0.0,0.0
S0905,2017,0.0,0.0
S0906,2017,0.0,0.0
S0907,2017,0.0,0.0
S0908,2017,0.0,0.0
S0909,2017,0.0,0.0
S0910,2017,0.0,0.0
S0912,2017,0.0,0.0
S0914,2017,0.0,0.0
S0915,2017,0.0,0.0
S0916,2017,0.0,0.0
S0917,2017,0.0,0.0
S0918,2017,0.0,0.0
S0919,2017,0.0,0.0
S0920,2017,0.0,0.0
S0921,2017,0.0,0.0
S0922,2017,0.0,0.0
S0924,2017,0.0,0.0
S0925,2017,0.0,0.0
S0926,2017,0.0,0.0
S0927,2017,0.0,0.0
S0928,2017,0.0,0.0
S0929,2017,0.0,0.0
S0930,2017,0.0,0.0
S0931,2017,0.0,0.0
S0934,2017,0.0,0.0
S0936,2017,0.0,0.0
S0938,2017,0.0,0.0
S0939,2017,0.0,0.0
S0940,2017,1.3956316709518433,0.25778678085835494
S0941,2017,0.0,0.0
S0942,2017,0.0,0.0
S0943,2017,0.0,0.0
S0944,2017,0.0,0.0
S0945,2017,0.0,0.0
S0946,2017,0.0,0.0
S0949,2017,0.0,0.0
S0950,2017,0.0,0.0
S0951,2017,0.0,0.0
S0952,2017,0.0,0.0
S0953,2017,0.0,0.0
S0954,2017,0.0,0.0
S0955,2017,0.0,0.0
S0956,2017,0.0,0.0
S0957,2017,0.0,0.0
S0958,2017,6.528882026672363,2.269856946734094
S0959,2017,0.0,0.0
S0960,2017,0.0,0.0
S0961,2017,0.0,0.0
S0962,2017,0.0,0.0
S0963,2017,1.713942527770996,0.16163830339158858
S0964,2017,0.0,0.0
S0965,2017,0.0,0.0
S0966,2017,0.0,0.0
S0967,2017,2.5486559867858887,1.2312207008442138
S0968,2017,1.5680180788040161,0.6471694279934912
S0969,2017,2.291454553604126,1.053910371653717
S0970,2017,0.9738834500312805,0.47137861879741616
S0971,2017,0.9738834500312805,0.5433061456523295
S0972,2017,0.6136741638183594,0.07901630970683958
S0973,2017,3.8223791122436523,1.4470896932320365
S0974,2017,0.9738834500312805,0.4014099596809818
S0975,2017,0.9738834500312805,0.20583522987776795
S0976,2017,1.2141830921173096,0.5521635089735253
S0977,2017,0.0,0.0
S0978,2017,13.811904907226562,3.4884278241683813
S0979,2017,0.8179848790168762,0.16558630249411366
S0980,2017,3.168297529220581,1.1169530122976599
S0981,2017,1.2785972356796265,0.6958223597959249
S0982,2017,9.401603698730469,2.6728389884511343
S0983,2017,0.7314398884773254,0.025039557003437126
S0984,2017,6.86472749710083,3.0107844670738175
S0985,2017,6.86472749710083,2.8607351543406927
S0986,2017,0.0,0.0
S0987,2017,0.0,0.0
S0988,2017,0.0,0.0
S0989,2017,1.699155569076538,1.1022823546801106
S0990,2017,0.6960963606834412,0.05940602480767663
S0991,2017,6.86472749710083,2.3020406948373933
S0992,2017,4.44455623626709,0.700528594466434
S0993,2017,0.6701027154922485,0.031274237819086136
S0994,2017,6.86472749710083,2.671981343574691
S0995,2017,1.3203519582748413,0.772405608372418
S0996,2017,6.86472749710083,2.9455868499309696
S0997,2017,0.0,0.0
S0998,2017,0.0,0.0
S1000,2017,0.0,0.0
S1002,2017,1.6630620956420898,0.3964945573667834
S1003,2017,0.6253297328948975,0.05652684173052341
S1004,2017,1.6630620956420898,0.8266933051396312
S1005,2017,1.6630620956420898,0.7096179839736128
S1006,2017,1.3756458759307861,0.7841835843007493
S1007,2017,1.7362347841262817,0.4955369747279766
S1008,2017,0.0,0.0
S1010,2017,0.0,0.0
S1011,2017,0.0,0.0
S1015,2017,0.0,0.0
S1016,2017,0.0,0.0
S1018,2017,0.0,0.0
S1019,2017,0.0,0.0
S1020,2017,0.0,0.0
S1021,2017,0.0,0.0
S1022,2017,0.0,0.0
S1023,2017,0.0,0.0
S1024,2017,0.0,0.0
S1025,2017,0.0,0.0
S1026,2017,0.0,0.0
S1027,2017,0.0,0.0
S1028,2017,0.0,0.0
S1029,2017,0.0,0.0
S1030,2017,0.0,0.0
S1031,2017,0.0,0.0
S1032,2017,0.0,0.0
S1033,2017,0.0,0.0
S1034,2017,0.0,0.0
S1035,2017,0.0,0.0
S1036,2017,0.0,0.0
S1037,2017,0.0,0.0
S1038,2017,0.0,0.0
S1039,2017,0.0,0.0
S1040,2017,0.0,0.0
S1041,2017,0.0,0.0
S1042,2017,0.0,0.0
S1043,2017,0.0,0.0
S1044,2017,0.0,0.0
S1045,2017,0.0,0.0
S1046,2017,0.0,0.0
S1047,2017,0.0,0.0
S1048,2017,0.7316000461578369,0.06516685524728695
S1049,2017,0.0,0.0
S1050,2017,0.0,0.0
S1052,2017,0.0,0.0
S1053,2017,0.0,0.0
S1054,2017,0.0,0.0
S1055,2017,0.0,0.0
S1059,2017,0.0,0.0
S1060,2017,26.950511932373047,5.4431172732687845
S1064,2017,0.0,0.0
S1066,2017,7.8577141761779785,2.4969994887362206
S1067,2017,7.09108829498291,3.7817762246699917
S1068,2017,10.468214988708496,4.428792342398566
S1069,2017,1.746288776397705,0.6628807090793081
S1070,2017,0.7565681338310242,0.04472828726802908
S1071,2017,7.361922264099121,2.123952678261018
S1072,2017,0.0,0.0
S1073,2017,0.0,0.0
S1074,2017,0.0,0.0
S1076,2017,0.0,0.0
S1078,2017,4.065566539764404,1.6084247640302967
S1079,2017,8.07784652709961,1.5159855136084588
S1080,2017,6.034069061279297,2.001898654666378
S1081,2017,12.706070899963379,4.734366212140996
S1083,2017,0.9460776448249817,0.0005961421832545567
S1091,2017,0.0,0.0
S1092,2017,0.0,0.0
S1093,2017,0.0,0.0
S1094,2017,0.0,0.0
S1097,2017,0.0,0.0
S1102,2017,0.6514735817909241,0.35260006445034564
S1103,2017,0.0,0.0
S1106,2017,0.0,0.0
S1110,2017,0.0,0.0
S1114,2017,0.0,0.0
S1115,2017,0.0,0.0
S1116,2017,0.0,0.0
S1117,2017,0.0,0.0
S1118,2017,0.0,0.0
S1119,2017,0.0,0.0
S1120,2017,0.0,0.0
S1121,2017,0.0,0.0
S1122,2017,3.816460132598877,1.5708771109674569
S1127,2017,26.5451717376709,11.311223245428918
S1128,2017,0.0,0.0
S1130,2017,0.0,0.0
S1133,2017,0.0,0.0
S1135,2017,1.7933624982833862,0.5803610906286413
S1136,2017,0.7618105411529541,0.15162079500554126
S1137,2017,0.0,0.0
S1138,2017,2.310060501098633,0.9452010908046065
S1139,2017,92.39466094970703,54.955302343146876
S1140,2017,27.156089782714844,17.965713495134068
S1141,2017,0.0,0.0
S1142,2017,29.752281188964844,11.989843417513233
S1143,2017,66.4254379272461,43.81869558162264
S1144,2017,10.263015747070312,5.3016598072966525
S1145,2017,0.8526921272277832,0.52750337166846
S1146,2017,5.066816329956055,2.8028184895425614
S1147,2017,15.026217460632324,7.091663479954472
S1148,2017,2.1016793251037598,0.7286911353090171
S1149,2017,15.026217460632324,3.8118141946606485
S1150,2017,1.7963954210281372,1.0605603046656777
S1151,2017,1.0309011936187744,0.20220479434499014
S1152,2017,1.7963954210281372,0.9711299456357209
S1153,2017,3.9354217052459717,2.897943493629185
S1154,2017,18.06546974182129,5.021798218299366
S1155,2017,2.522090196609497,0.706592608961158
S1156,2017,26.950511932373047,11.498048644707234
S1157,2017,26.950511932373047,10.224309923966276
S1158,2017,26.950511932373047,8.737656804527672
S1159,2017,10.400078773498535,5.06801781643147
S1160,2017,19.3001708984375,6.137051325014713
S1161,2017,16.852458953857422,6.071212382146988
S1162,2017,16.852458953857422,5.64835612655996
S1163,2017,16.852458953857422,4.83001146750628
S1164,2017,47.99322509765625,21.631288238992806
S1165,2017,47.99322509765625,21.430434900264057
S1166,2017,4.178667068481445,2.1639513963072523
S1167,2017,4.134457111358643,3.078082806992126
S1168,2017,23.783313751220703,11.303834554359824
S1169,2017,7.0983710289001465,4.549651449353045
S1170,2017,92.39466094970703,51.97166581650044
S1171,2017,48.00101852416992,30.48031986111893
S1172,2017,53.09923553466797,31.181799353549984
S1173,2017,48.00101852416992,36.212309013971606
S1174,2017,39.58286666870117,30.404823296942585
S1175,2017,92.39466094970703,55.172917455827665
S1176,2017,46.38036346435547,27.015409737292043
S1177,2017,46.38036346435547,31.82319242521719
S1178,2017,81.13729858398438,52.49679854644068
S1179,2017,81.13729858398438,53.185616675703564
S1180,2017,28.241708755493164,15.445207617031231
S1181,2017,17.090496063232422,5.822722318113206
S1182,2017,26.950511932373047,7.610573728142274
S1183,2017,3.9469311237335205,1.7486544821321424
S1184,2017,16.58582305908203,6.834347819519164
S1185,2017,1.8562549352645874,1.2654899803867228
S1186,2017,1.7057708501815796,0.7421596936444927
S1187,2017,12.706070899963379,5.0579616585441425
S1188,2017,3.178748369216919,1.343015988917799
S1189,2017,0.0,0.0
S1190,2017,0.8704483509063721,0.2505033104227387
S1191,2017,0.0,0.0
S1192,2017,0.0,0.0
S1193,2017,0.0,0.0
S1194,2017,0.0,0.0
S1195,2017,21.995580673217773,5.032158929176881
S1198,2017,0.0,0.0
S1203,2017,0.0,0.0
S1205,2017,0.0,0.0
S1207,2017,0.0,0.0
S1208,2017,0.0,0.0
S1209,2017,0.0,0.0
S1210,2017,0.0,0.0
S1211,2017,0.0,0.0
S1212,2017,0.0,0.0
S1213,2017,0.9455561637878418,0.31122404519507174
S1214,2017,0.9455561637878418,0.27410614855226034
S1215,2017,0.0,0.0
S1216,2017,0.0,0.0
S1217,2017,0.0,0.0
S1220,2017,0.0,0.0
S1221,2017,0.0,0.0
S1222,2017,0.0,0.0
S1223,2017,0.0,0.0
S1224,2017,0.0,0.0
S1226,2017,0.0,0.0
S1227,2017,0.0,0.0
S1228,2017,0.0,0.0
S1229,2017,0.0,0.0
S1230,2017,0.0,0.0
S1231,2017,0.0,0.0
S1232,2017,0.0,0.0
S1233,2017,0.0,0.0
S1235,2017,0.3996569812297821,0.00562897156661665
S1236,2017,0.0,0.0
S1238,2017,0.5311079621315002,0.09924959172000695
S1240,2017,0.0,0.0
S1241,2017,0.6447163224220276,0.16326044039224952
S1242,2017,0.0,0.0
S1243,2017,0.0,0.0
S1244,2017,0.0,0.0
S1245,2017,0.0,0.0
S1247,2017,0.0,0.0
S1248,2017,0.0,0.0
S1249,2017,0.0,0.0
S1250,2017,0.5130715370178223,0.08799037021090726
S1251,2017,0.0,0.0
S1252,2017,0.8795045614242554,0.20578988820632452
S1253,2017,0.0,0.0
S1254,2017,0.0,0.0
S1255,2017,0.0,0.0
S1256,2017,0.0,0.0
S1257,2017,0.0,0.0
S1259,2017,0.0,0.0
S1262,2017,0.0,0.0
S1263,2017,0.0,0.0
S1264,2017,0.0,0.0
S1265,2017,0.0,0.0
S1266,2017,0.0,0.0
S1267,2017,0.0,0.0
S1268,2017,0.0,0.0
S1270,2017,0.0,0.0
S1271,2017,0.0,0.0
S1272,2017,0.0,0.0
S1273,2017,0.0,0.0
S1274,2017,0.0,0.0
S1275,2017,0.0,0.0
S1278,2017,0.0,0.0
S1279,2017,2.8338398933410645,0.18734898904217498
S1282,2017,0.0,0.0
S1283,2017,0.0,0.0
S1286,2017,0.0,0.0
S1287,2017,0.0,0.0
S1288,2017,0.0,0.0
S1289,2017,0.0,0.0
S1290,2017,0.0,0.0
S1291,2017,0.0,0.0
S1292,2017,0.8507025241851807,0.032383669329318965
S1293,2017,0.0,0.0
S1294,2017,1.0757519006729126,0.253643811161154
S1295,2017,0.49133872985839844,0.02193818281510633
S1296,2017,0.0,0.0
S1297,2017,0.0,0.0
S1299,2017,0.0,0.0
S1300,2017,0.0,0.0
S1302,2017,0.0,0.0
S1304,2017,0.581306517124176,0.038898174374846356
S1305,2017,0.0,0.0
S1306,2017,0.0,0.0
S1307,2017,0.0,0.0
S1308,2017,0.0,0.0
S1309,2017,0.0,0.0
S1310,2017,0.0,0.0
S1311,2017,0.0,0.0
S1312,2017,0.0,0.0
S1313,2017,0.0,0.0
S1314,2017,0.0,0.0
S1315,2017,0.0,0.0
S1316,2017,1.0757519006729126,0.14861926653304394
S1317,2017,0.0,0.0
S1318,2017,1.50190269947052,0.34556868759556064
S1319,2017,19.9019832611084,8.233819123628573
S1320,2017,3.2155652046203613,1.6469929873662619
S1321,2017,0.8369805812835693,0.4065750040012894
S1323,2017,1.3603380918502808,0.4837967356764094
S1324,2017,0.9383244514465332,0.48840263669077383
S1325,2017,1.5257961750030518,0.8861989615963302
S1326,2017,3.4363207817077637,2.1188548631717605
S1327,2017,5.547643661499023,3.4645732394037774
S1328,2017,9.104790687561035,4.9733965119816315
S1329,2017,15.040369987487793,6.799558534458647
S1330,2017,15.040369987487793,8.816368393129498
S1331,2017,8.787678718566895,1.6994472606136974
S1332,2017,3.020610809326172,0.9867600778570125
S1333,2017,0.6597708463668823,0.14395529177678282
S1334,2017,1.6301170587539673,0.8902761047362981
S1335,2017,1.6301170587539673,0.7812756879477801
S1336,2017,1.6301170587539673,0.7833605812278718
S1337,2017,1.6184087991714478,0.7762355802476515
S1338,2017,1.1649748086929321,0.5135581459296487
S1339,2017,15.040369987487793,5.343901519905259
S1340,2017,7.357275485992432,3.0171757068335263
S1341,2017,7.357275485992432,2.3514432783248256
S1342,2017,8.539852142333984,2.7949865604823896
S1343,2017,6.341244697570801,1.010352990861891
S1344,2017,2.052534580230713,0.6406367447537193
S1345,2017,1.85956609249115,1.0214644178579861
S1346,2017,1.0555751323699951,0.44258781601953956
S1347,2017,1.1998863220214844,0.7263120650476388
S1348,2017,3.8847110271453857,1.8980952188142353
S1349,2017,2.1891016960144043,0.7443959044840888
S1350,2017,3.8847110271453857,1.5126980970849044
S1351,2017,2.757662057876587,1.2473199786427567
S1352,2017,3.8847110271453857,0.9436201387940149
S1353,2017,3.8847110271453857,1.459668304709233
S1354,2017,2.279275894165039,0.9596472780252968
S1355,2017,1.7194443941116333,0.8646054866363357
S1356,2017,0.0,0.0
S1357,2017,0.0,0.0
S1359,2017,32.9957275390625,10.791928904098377
S1361,2017,3.937979221343994,0.8496779830291353
S1364,2017,0.0,0.0
S1365,2017,1.1035948991775513,0.6846826381074589
S1366,2017,0.0,0.0
S1367,2017,0.0,0.0
S1370,2017,0.0,0.0
S1372,2017,6.341244697570801,1.790980513819426
S1373,2017,4.065566539764404,1.4535257261957704
S1374,2017,1.8814043998718262,1.2708500943961187
S1375,2017,1.3589144945144653,0.9867913576175116
S1376,2017,0.0,0.0
S1377,2017,2.4302027225494385,1.239791187164438
S1378,2017,3.6170456409454346,1.2450412400183635
S1379,2017,1.2659566402435303,0.4424008353772193
S1380,2017,1.9162496328353882,1.2184326735198796
S1381,2017,5.921670436859131,2.869160778050731
S1382,2017,3.758336067199707,1.7286620751041943
S1383,2017,7.159832000732422,3.8083404078189855
S1384,2017,4.691381931304932,1.8188037454409711
S1385,2017,7.159832000732422,2.3736750370033723
S1386,2017,2.313934326171875,1.146672766131522
S1387,2017,8.566412925720215,2.423369072028911
S1388,2017,3.758336067199707,1.9089713199134155
S1389,2017,3.758336067199707,1.921597071957506
S1390,2017,3.758336067199707,1.8436435763362355
S1391,2017,1.8300443887710571,1.2316497789426422
S1392,2017,6.671931743621826,2.964252342220237
S1393,2017,11.56721305847168,5.5101137983491375
S1394,2017,11.56721305847168,4.5355976073673965
S1395,2017,18.595502853393555,6.689766651808353
S1396,2017,11.342316627502441,6.327974201556657
S1397,2017,16.106313705444336,6.578431608159451
S1398,2017,4.015178203582764,1.7708141582230141
S1399,2017,16.106313705444336,4.838513211325871
S1400,2017,16.106313705444336,5.415544141262799
S1401,2017,12.129454612731934,3.4954221502335256
S1402,2017,2.0428149700164795,0.5397366798062267
S1403,2017,10.792106628417969,3.9632393619109854
S1404,2017,5.153812408447266,2.3232895631837964
S1405,2017,28.816694259643555,9.046721106590423
S1406,2017,4.441835880279541,1.2762742745311852
S1407,2017,14.63433837890625,6.89765068997377
S1408,2017,7.335472583770752,2.2930354278040515
S1409,2017,7.630260467529297,2.6782148244655843
S1410,2017,19.952354431152344,12.380482960001189
S1411,2017,1.2914550304412842,0.7094034683431836
S1412,2017,3.1705312728881836,1.0894465486796268
S1413,2017,0.9171187281608582,0.3297846737952773
S1414,2017,16.387435913085938,5.37513088544708
S1415,2017,15.207889556884766,1.8892620028696483
S1416,2017,28.890832901000977,9.449285849938187
S1417,2017,24.04143524169922,12.035722008604834
S1418,2017,24.04143524169922,8.604970268070568
S1419,2017,24.04143524169922,13.727871155169746
S1420,2017,23.86849594116211,10.667075417258523
S1421,2017,1.309485673904419,0.21734273243278981
S1422,2017,0.848735511302948,0.12061875565607744
S1423,2017,0.0,0.0
S1424,2017,3.680009365081787,1.4037467303616449
S1425,2017,41.04127883911133,13.40795187502024
S1426,2017,4.456051826477051,2.1570939039534407
S1427,2017,1.4348987340927124,0.4198680511267536
S1428,2017,0.0,0.0
S1435,2017,0.6573410630226135,0.3527375419521842
S1436,2017,0.6573410630226135,0.11581386718399407
S1437,2017,1.915419101715088,0.6833142422373939
S1441,2017,3.847710371017456,1.4950392052681007
S1442,2017,0.7018781900405884,0.41205741715551053
S1443,2017,2.4520745277404785,0.8554483685959775
S1444,2017,1.7966872453689575,0.9828829681427643
S1446,2017,3.1372876167297363,1.5604780575438362
S1447,2017,3.240037441253662,1.725891414802926
S0001,2017,0.0,0.0
S0002,2017,0.0,0.0
S0003,2017,0.4892224073410034,0.07632330576584986
S0005,2017,0.0,0.0
S0006,2017,2.5135715007781982,1.0448526421934365
S0008,2017,0.47554612159729004,0.15199765742329438
S0013,2017,0.0,0.0
S0014,2017,0.0,0.0
S0025,2017,0.0,0.0
S0027,2017,0.0,0.0
S0031,2017,0.0,0.0
S0032,2017,0.0,0.0
S0039,2017,0.0,0.0
S0043,2017,0.0,0.0
S0046,2017,0.0,0.0
S0047,2017,0.0,0.0
S0061,2017,0.0,0.0
S0064,2017,0.0,0.0
S0065,2017,0.0,0.0
S0067,2017,0.6138349771499634,0.0316384261624123
S0068,2017,0.0,0.0
S0071,2017,0.0,0.0
S0097,2017,0.0,0.0
S0100,2017,0.0,0.0
S0103,2017,0.0,0.0
S0106,2017,0.0,0.0
S0108,2017,0.0,0.0
S0110,2017,0.0,0.0
S0112,2017,0.0,0.0
S0120,2017,0.40090879797935486,0.024724831336487937
S0122,2017,0.0,0.0
S0123,2017,0.0,0.0
S0127,2017,0.0,0.0
S0128,2017,0.0,0.0
S0129,2017,0.0,0.0
S0136,2017,0.0,0.0
S0142,2017,0.0,0.0
S0143,2017,0.0,0.0
S0144,2017,0.0,0.0
S0146,2017,0.0,0.0
S0147,2017,0.0,0.0
S0148,2017,0.0,0.0
S0161,2017,0.0,0.0
S0163,2017,0.0,0.0
S0167,2017,0.0,0.0
S0204,2017,0.0,0.0
S0206,2017,0.0,0.0
S0228,2017,0.0,0.0
S0236,2017,0.3078516125679016,0.0005804870130130137
S0237,2017,0.0,0.0
S0238,2017,0.0,0.0
S0264,2017,0.0,0.0
S0268,2017,0.0,0.0
S0270,2017,0.0,0.0
S0271,2017,0.0,0.0
S0278,2017,0.0,0.0
S0283,2017,0.0,0.0
S0286,2017,0.0,0.0
S0288,2017,0.0,0.0
S0292,2017,0.0,0.0
S0299,2017,0.0,0.0
S0303,2017,0.8671050071716309,0.11316661546957366
S0304,2017,0.43623191118240356,0.06510093000988974
S0305,2017,0.8671050071716309,0.1913808052428067
S0306,2017,0.6258984804153442,0.09805826298848218
S0347,2017,0.0,0.0
S0376,2017,0.0,0.0
S0381,2017,0.0,0.0
S0382,2017,0.0,0.0
S0385,2017,0.0,0.0
S0398,2017,0.0,0.0
S0408,2017,0.5763278603553772,0.07896998290665186
S0409,2017,0.8627161979675293,0.5238754801347221
S0415,2017,0.0,0.0
S0425,2017,0.37411436438560486,0.03850435282577548
S0426,2017,0.0,0.0
S0427,2017,0.0,0.0
S0431,2017,0.0,0.0
S0435,2017,0.0,0.0
S0436,2017,0.0,0.0
S0437,2017,0.0,0.0
S0438,2017,0.0,0.0
S0439,2017,0.0,0.0
S0440,2017,0.0,0.0
S0441,2017,0.0,0.0
S0442,2017,0.0,0.0
S0446,2017,0.0,0.0
S0447,2017,0.0,0.0
S0448,2017,0.0,0.0
S0451,2017,0.0,0.0
S0452,2017,0.0,0.0
S0454,2017,0.0,0.0
S0457,2017,0.0,0.0
S0458,2017,0.0,0.0
S0461,2017,0.0,0.0
S0467,2017,0.0,0.0
S0468,2017,0.0,0.0
S0469,2017,0.0,0.0
S0473,2017,0.0,0.0
S0478,2017,0.0,0.0
S0479,2017,0.0,0.0
S0480,2017,0.0,0.0
S0481,2017,0.0,0.0
S0482,2017,0.0,0.0
S0483,2017,0.0,0.0
S0484,2017,0.0,0.0
S0485,2017,0.0,0.0
S0486,2017,0.0,0.0
S0489,2017,0.0,0.0
S0491,2017,0.0,0.0
S0494,2017,0.0,0.0
S0498,2017,0.0,0.0
S0502,2017,0.0,0.0
S0514,2017,0.3484213352203369,0.015247755899420316
S0517,2017,0.0,0.0
S0518,2017,0.0,0.0
S0519,2017,0.0,0.0
S0520,2017,0.8061718344688416,0.08204028407982716
S0521,2017,0.0,0.0
S0522,2017,0.0,0.0
S0523,2017,0.0,0.0
S0524,2017,0.0,0.0
S0525,2017,0.0,0.0
S0526,2017,0.0,0.0
S0527,2017,0.0,0.0
S0528,2017,0.0,0.0
S0529,2017,0.0,0.0
S0530,2017,0.0,0.0
S0531,2017,0.0,0.0
S0532,2017,0.0,0.0
S0534,2017,0.0,0.0
S0535,2017,0.0,0.0
S0536,2017,0.0,0.0
S0537,2017,0.0,0.0
S0538,2017,0.0,0.0
S0541,2017,0.0,0.0
S0542,2017,0.0,0.0
S0543,2017,0.0,0.0
S0545,2017,0.0,0.0
S0548,2017,0.0,0.0
S0549,2017,0.0,0.0
S0557,2017,0.0,0.0
S0568,2017,0.0,0.0
S0570,2017,0.0,0.0
S0572,2017,0.0,0.0
S0574,2017,0.0,0.0
S0575,2017,0.0,0.0
S0577,2017,0.0,0.0
S0578,2017,0.0,0.0
S0579,2017,0.0,0.0
S0580,2017,0.0,0.0
S0581,2017,0.0,0.0
S0582,2017,0.0,0.0
S0583,2017,0.0,0.0
S0584,2017,0.0,0.0
S0585,2017,0.0,0.0
S0586,2017,0.0,0.0
S0588,2017,0.0,0.0
S0589,2017,0.0,0.0
S0591,2017,0.0,0.0
S0593,2017,0.5520011782646179,0.046576243048180886
S0594,2017,0.0,0.0
S0598,2017,0.0,0.0
S0600,2017,0.0,0.0
S0601,2017,0.0,0.0
S0604,2017,0.0,0.0
S0606,2017,0.0,0.0
S0609,2017,0.0,0.0
S0613,2017,0.0,0.0
S0616,2017,0.0,0.0
S0619,2017,0.0,0.0
S0621,2017,0.0,0.0
S0622,2017,0.0,0.0
S0625,2017,0.0,0.0
S0626,2017,0.0,0.0
S0641,2017,0.0,0.0
S0642,2017,0.0,0.0
S0647,2017,0.0,0.0
S0649,2017,0.0,0.0
S0691,2017,0.0,0.0
S0692,2017,0.0,0.0
S0694,2017,0.0,0.0
S0695,2017,0.0,0.0
S0698,2017,0.0,0.0
S0711,2017,0.0,0.0
S0718,2017,0.0,0.0
S0722,2017,0.0,0.0
S0727,2017,0.0,0.0
S0728,2017,0.0,0.0
S0729,2017,0.0,0.0
S0730,2017,0.0,0.0
S0731,2017,0.0,0.0
S0737,2017,0.0,0.0
S0738,2017,0.0,0.0
S0739,2017,0.0,0.0
S0741,2017,0.0,0.0
S0745,2017,0.0,0.0
S0749,2017,0.0,0.0
S0782,2017,0.0,0.0
S0783,2017,0.0,0.0
S0784,2017,0.0,0.0
S0785,2017,0.0,0.0
S0786,2017,0.0,0.0
S0787,2017,0.0,0.0
S0788,2017,0.0,0.0
S0789,2017,0.0,0.0
S0790,2017,0.0,0.0
S0791,2017,0.0,0.0
S0793,2017,0.0,0.0
S0794,2017,0.0,0.0
S0795,2017,0.0,0.0
S0802,2017,0.0,0.0
S0806,2017,0.0,0.0
S0807,2017,0.0,0.0
S0810,2017,0.0,0.0
S0811,2017,0.0,0.0
S0812,2017,0.0,0.0
S0821,2017,0.0,0.0
S0827,2017,0.0,0.0
S0830,2017,0.0,0.0
S0838,2017,0.0,0.0
S0842,2017,0.0,0.0
S0844,2017,0.0,0.0
S0853,2017,0.0,0.0
S0855,2017,0.0,0.0
S0859,2017,0.0,0.0
S0869,2017,0.0,0.0
S0877,2017,0.0,0.0
S0878,2017,0.0,0.0
S0880,2017,0.0,0.0
S0884,2017,0.0,0.0
S0901,2017,0.0,0.0
S0911,2017,0.0,0.0
S0913,2017,0.0,0.0
S0923,2017,0.0,0.0
S0932,2017,0.0,0.0
S0933,2017,0.0,0.0
S0935,2017,0.3598293364048004,0.044602313470661244
S0937,2017,0.0,0.0
S0947,2017,0.0,0.0
S0948,2017,0.0,0.0
S0999,2017,0.0,0.0
S1001,2017,0.0,0.0
S1009,2017,0.0,0.0
S1012,2017,0.0,0.0
S1013,2017,0.0,0.0
S1014,2017,0.0,0.0
S1017,2017,0.0,0.0
S1051,2017,0.0,0.0
S1056,2017,0.0,0.0
S1057,2017,0.0,0.0
S1058,2017,0.0,0.0
S1061,2017,0.0,0.0
S1062,2017,0.0,0.0
S1063,2017,0.0,0.0
S1065,2017,0.0,0.0
S1075,2017,0.0,0.0
S1077,2017,0.0,0.0
S1082,2017,0.0,0.0
S1084,2017,0.0,0.0
S1085,2017,0.0,0.0
S1086,2017,0.0,0.0
S1087,2017,0.0,0.0
S1088,2017,0.0,0.0
S1089,2017,0.0,0.0
S1090,2017,0.0,0.0
S1095,2017,0.0,0.0
S1096,2017,0.0,0.0
S1098,2017,0.0,0.0
S1099,2017,0.0,0.0
S1100,2017,0.0,0.0
S1101,2017,0.0,0.0
S1104,2017,0.0,0.0
S1105,2017,0.0,0.0
S1107,2017,0.0,0.0
S1108,2017,0.0,0.0
S1109,2017,0.0,0.0
S1111,2017,0.0,0.0
S1112,2017,0.0,0.0
S1113,2017,0.0,0.0
S1123,2017,0.0,0.0
S1124,2017,0.0,0.0
S1125,2017,0.0,0.0
S1126,2017,0.0,0.0
S1129,2017,0.0,0.0
S1131,2017,0.0,0.0
S1132,2017,0.0,0.0
S1134,2017,0.0,0.0
S1196,2017,0.0,0.0
S1197,2017,0.0,0.0
S1199,2017,0.0,0.0
S1200,2017,0.0,0.0
S1201,2017,0.0,0.0
S1202,2017,0.0,0.0
S1204,2017,0.0,0.0
S1206,2017,0.0,0.0
S1218,2017,0.0,0.0
S1219,2017,0.0,0.0
S1225,2017,0.0,0.0
S1234,2017,0.0,0.0
S1237,2017,0.0,0.0
S1239,2017,0.0,0.0
S1246,2017,0.0,0.0
S1258,2017,0.0,0.0
S1260,2017,0.0,0.0
S1261,2017,0.0,0.0
S1269,2017,0.0,0.0
S1276,2017,0.0,0.0
S1277,2017,0.0,0.0
S1280,2017,0.0,0.0
S1281,2017,0.0,0.0
S1284,2017,0.0,0.0
S1285,2017,0.0,0.0
S1298,2017,0.0,0.0
S1301,2017,0.0,0.0
S1303,2017,0.0,0.0
S1322,2017,1.0443739891052246,0.4994879918620132
S1358,2017,0.24989411234855652,0.01999782751623609
S1360,2017,0.0,0.0
S1362,2017,1.7999480962753296,0.877516691369894
S1363,2017,0.9317328929901123,0.4774042412657338
S1368,2017,0.657961368560791,0.33622728983747935
S1369,2017,0.0,0.0
S1371,2017,0.0,0.0
S1429,2017,0.0,0.0
S1430,2017,0.0,0.0
S1431,2017,0.0,0.0
S1432,2017,0.34852567315101624,0.04796827139250327
S1433,2017,0.0,0.0
S1434,2017,0.6573410630226135,0.11019889471398712
S1438,2017,0.41570767760276794,0.10375928192984117
S1439,2017,1.10927414894104,0.5403315924433393
S1440,2017,0.0,0.0
S1445,2017,1.7790013551712036,0.688800090933866
S0000,2018,99.81462860107422,56.10492518434581
S0004,2018,0.5661229491233826,0.18882043113590705
S0007,2018,0.0,0.0
S0009,2018,3.6487367153167725,1.8429932482447242
S0010,2018,2.190678358078003,1.0894832363492593
S0011,2018,0.8637557625770569,0.3365465378008548
S0012,2018,0.0,0.0
S0015,2018,4.380310535430908,1.797128368506036
S0016,2018,2.3373379707336426,1.1153447233650269
S0017,2018,3.7773327827453613,0.5402611646395624
S0018,2018,1.5087261199951172,0.15699500416941223
S0019,2018,0.0,0.0
S0020,2018,2.9070353507995605,1.3460674463843645
S0021,2018,0.30368685722351074,0.03895046832865396
S0022,2018,0.0,0.0
S0023,2018,1.291233777999878,0.3864259979625388
S0024,2018,0.7873244285583496,0.07218751166312858
S0026,2018,0.5147320032119751,0.11379194147358508
S0028,2018,0.0,0.0
S0029,2018,0.0,0.0
S0030,2018,0.0,0.0
S0033,2018,0.0,0.0
S0034,2018,0.9985515475273132,0.4473692181989903
S0035,2018,0.0,0.0
S0036,2018,2.0259792804718018,0.9581915612022082
S0037,2018,0.0,0.0
S0038,2018,1.3646893501281738,0.565765815616625
S0040,2018,1.1467006206512451,0.5720138610212276
S0041,2018,0.2846594452857971,0.0007141033434576283
S0042,2018,0.0,0.0
S0044,2018,0.0,0.0
S0045,2018,0.0,0.0
S0048,2018,0.38265490531921387,0.01348563542975203
S0049,2018,0.0,0.0
S0050,2018,0.0,0.0
S0051,2018,1.7935301065444946,0.5031313847022656
S0052,2018,0.0,0.0
S0053,2018,0.0,0.0
S0054,2018,0.0,0.0
S0055,2018,0.5292026400566101,0.03842180016570538
S0056,2018,0.0,0.0
S0057,2018,0.0,0.0
S0058,2018,0.0,0.0
S0059,2018,0.6369551420211792,0.22511650720484472
S0060,2018,0.0,0.0
S0062,2018,1.7008646726608276,0.19548852813390025
S0063,2018,0.0,0.0
S0066,2018,0.0,0.0
S0069,2018,14.628286361694336,9.993071406311692
S0070,2018,3.3448896408081055,1.598580015930334
S0072,2018,1.2961313724517822,0.8016232555379234
S0073,2018,8.821305274963379,1.9462626069896767
S0074,2018,0.0,0.0
S0075,2018,0.0,0.0
S0076,2018,0.0,0.0
S0077,2018,0.7113438248634338,0.07910698629873726
S0078,2018,0.0,0.0
S0079,2018,2.57780122756958,0.6278132187255124
S0080,2018,1.0081380605697632,0.4500477938288902
S0081,2018,0.0,0.0
S0082,2018,0.0,0.0
S0083,2018,1.579634666442871,0.4454494826530758
S0084,2018,0.8793880939483643,0.2752398756166044
S0085,2018,0.983645498752594,0.2153835880193185
S0086,2018,2.6475019454956055,0.15140742904557955
S0087,2018,0.9430320858955383,0.15994486788158896
S0088,2018,1.0533263683319092,0.5512294671663658
S0089,2018,2.1755199432373047,0.8462149578441479
S0090,2018,0.0,0.0
S0091,2018,4.5335493087768555,1.8884280862986274
S0092,2018,9.347512245178223,2.4608634607796387
S0093,2018,0.0,0.0
S0094,2018,0.7446600198745728,0.10105208475125187
S0095,2018,8.28708267211914,3.032194929442162
S0096,2018,3.765141487121582,1.3910204814635756
S0098,2018,3.0356686115264893,1.4409351859961053
S0099,2018,2.8887007236480713,1.2653046094494598
S0101,2018,3.2218384742736816,1.8509744963103156
S0102,2018,0.0,0.0
S0104,2018,1.6614891290664673,0.7820225021676889
S0105,2018,0.0,0.0
S0107,2018,0.0,0.0
S0109,2018,0.0,0.0
S0111,2018,0.0,0.0
S0113,2018,2.4296507835388184,0.8838049813969272
S0114,2018,1.5243667364120483,0.28175042707567727
S0115,2018,0.0,0.0
S0116,2018,6.27379846572876,1.522652128658091
S0117,2018,1.4818689823150635,0.45400789192931806
S0118,2018,4.4210405349731445,0.722088263951844
S0119,2018,0.5929079651832581,0.04920215038126953
S0121,2018,0.0,0.0
S0124,2018,0.0,0.0
S0125,2018,0.0,0.0
S0126,2018,0.0,0.0
S0130,2018,0.0,0.0
S0131,2018,24.421722412109375,12.501764757249823
S0132,2018,2.1652634143829346,0.6154330324775263
S0133,2018,0.0,0.0
S0134,2018,2.2610232830047607,0.7659914157770508
S0135,2018,0.4169807732105255,0.03006201732113648
S0137,2018,0.6497513055801392,0.03776464411568784
S0138,2018,8.532130241394043,3.4986129038791187
S0139,2018,8.560860633850098,2.606496054076414
S0140,2018,16.708465576171875,9.6096559112586
S0141,2018,15.3580961227417,6.531320887363344
S0145,2018,0.0,0.0
S0149,2018,0.0,0.0
S0150,2018,0.0,0.0
S0151,2018,0.0,0.0
S0152,2018,18.438196182250977,10.075082790960272
S0153,2018,16.843006134033203,7.494249003971608
S0154,2018,33.95215606689453,12.908087323358908
S0155,2018,14.23559284210205,7.618897810873095
S0156,2018,19.895200729370117,10.995745714797089
S0157,2018,0.47246041893959045,0.10083522853152505
S0158,2018,16.883493423461914,7.468106268963201
S0159,2018,11.251446723937988,2.9897421792509125
S0160,2018,11.327632904052734,3.98666378615938
S0162,2018,0.0,0.0
S0164,2018,0.0,0.0
S0165,2018,30.373493194580078,14.718693699881577
S0166,2018,0.45872268080711365,0.03051127089361288
S0168,2018,19.189966201782227,8.10445168981762
S0169,2018,22.27387809753418,10.781184486499418
S0170,2018,29.104110717773438,10.912759727794032
S0171,2018,3.4591643810272217,1.559152577190441
S0172,2018,0.0,0.0
S0173,2018,17.502416610717773,6.1185313005117505
S0174,2018,58.851165771484375,27.68250771031608
S0175,2018,24.892763137817383,12.541046668264201
S0176,2018,28.05801010131836,14.71730029947061
S0177,2018,41.146392822265625,20.429956348772027
S0178,2018,0.0,0.0
S0179,2018,0.49363917112350464,0.05879211995270246
S0180,2018,0.0,0.0
S0181,2018,0.43721136450767517,0.11173454424839195
S0182,2018,1.5992145538330078,0.7150650680663445
S0183,2018,2.063331365585327,0.4847610794586669
S0184,2018,6.496725559234619,3.179732961322073
S0185,2018,1.2604305744171143,0.45610022487907786
S0186,2018,1.1416207551956177,0.4971394479387177
S0187,2018,1.0738452672958374,0.42813793101194164
S0188,2018,1.579634666442871,0.1572908915576977
S0189,2018,1.0533263683319092,0.08851916838821886
S0190,2018,0.0,0.0
S0191,2018,0.9084612131118774,0.4603114362093326
S0192,2018,0.3589441478252411,0.0017992187860914343
S0193,2018,11.441763877868652,5.060429968180496
S0194,2018,13.592745780944824,5.2241751549013875
S0195,2018,2.7423882484436035,1.47626845091207
S0196,2018,1.2169984579086304,0.6409784595769151
S0197,2018,7.048842430114746,2.8523094710956483
S0198,2018,21.221485137939453,10.796274596682327
S0199,2018,9.218599319458008,5.572648770917716
S0200,2018,14.503182411193848,6.771747592137323
S0201,2018,0.6666529178619385,0.16513042093107577
S0202,2018,0.6370660066604614,0.22327818926863788
S0203,2018,4.045688629150391,2.172254574887777
S0205,2018,0.0,0.0
S0207,2018,0.0,0.0
S0208,2018,48.183006286621094,28.522948518451514
S0209,2018,9.813241958618164,5.885853064209925
S0210,2018,49.57910919189453,21.50469038065302
S0211,2018,49.57910919189453,11.131796727733551
S0212,2018,2.906667470932007,1.174168532796707
S0213,2018,7.43937873840332,1.9811242519593137
S0214,2018,0.7076811194419861,0.12081345794646718
S0215,2018,0.6268596649169922,0.3336677593477023
S0216,2018,0.6268596649169922,0.25279991947343067
S0217,2018,47.03989028930664,31.1632095831612
S0218,2018,29.104110717773438,18.10326157774951
S0219,2018,15.927519798278809,7.320576912132793
S0220,2018,0.0,0.0
S0221,2018,2.7340049743652344,1.8469258749383832
S0222,2018,49.57910919189453,16.940108332940063
S0223,2018,4.143030643463135,0.34478063858975433
S0224,2018,0.6445977687835693,0.42571507119720087
S0225,2018,7.6316399574279785,3.3768834641492327
S0226,2018,10.399933815002441,3.0281879981035282
S0227,2018,17.885879516601562,7.660042640634051
S0229,2018,5.860530376434326,2.651378683565624
S0230,2018,4.015873432159424,0.3397517871146666
S0231,2018,1.74183189868927,0.6163682548237476
S0232,2018,1.063719391822815,0.5323213467077754
S0233,2018,0.5805065631866455,0.19904556243338775
S0234,2018,1.7214080095291138,0.9234368554777294
S0235,2018,1.7214080095291138,1.063588932077227
S0239,2018,0.0,0.0
S0240,2018,0.0,0.0
S0241,2018,0.6448137760162354,0.07493473962649154
S0242,2018,0.39686790108680725,0.04989468069494368
S0243,2018,0.0,0.0
S0244,2018,0.0,0.0
S0245,2018,1.0514190196990967,0.20357212875715075
S0246,2018,19.895200729370117,6.667625134617634
S0247,2018,19.895200729370117,3.4426804314399586
S0248,2018,19.895200729370117,8.27612872866162
S0249,2018,3.578211784362793,1.6726333389595327
S0250,2018,3.1068315505981445,1.9729096501066332
S0251,2018,3.578211784362793,2.1506482502817175
S0252,2018,1.552699089050293,0.41771274576827705
S0253,2018,4.467770576477051,2.1767422037727804
S0254,2018,15.871835708618164,5.215777923433011
S0255,2018,3.691107749938965,1.429469179293223
S0256,2018,3.691107749938965,1.4625323825460064
S0257,2018,12.617074012756348,5.710026969917144
S0258,2018,18.24762535095215,8.78109674124882
S0259,2018,2.772214412689209,1.6506295623554021
S0260,2018,0.0,0.0
S0261,2018,0.6370660066604614,0.2702659198229389
S0262,2018,0.0,0.0
S0263,2018,0.0,0.0
S0265,2018,0.0,0.0
S0266,2018,0.0,0.0
S0267,2018,0.0,0.0
S0269,2018,0.0,0.0
S0272,2018,1.7627394199371338,0.3187027697910755
S0273,2018,1.0378904342651367,0.554361748350245
S0274,2018,2.467374801635742,0.6329023120392813
S0275,2018,0.8909237384796143,0.15295864509335902
S0276,2018,0.0,0.0
S0277,2018,0.0,0.0
S0279,2018,0.49755460023880005,0.052225863778866996
S0280,2018,0.49755460023880005,0.024602870899347387
S0281,2018,1.4309852123260498,0.7310174647537943
S0282,2018,0.0,0.0
S0284,2018,0.0,0.0
S0285,2018,0.0,0.0
S0287,2018,0.0,0.0
S0289,2018,0.0,0.0
S0290,2018,0.0,0.0
S0291,2018,0.0,0.0
S0293,2018,0.0,0.0
S0294,2018,0.0,0.0
S0295,2018,0.0,0.0
S0296,2018,0.0,0.0
S0297,2018,0.0,0.0
S0298,2018,5.963016986846924,1.8391940789159877
S0300,2018,37.749935150146484,13.512573210936646
S0301,2018,11.350902557373047,7.007217255857441
S0302,2018,9.003804206848145,3.2581674488900907
S0307,2018,0.4147926867008209,0.017049154898475794
S0308,2018,2.0649356842041016,1.2988249055252412
S0309,2018,6.397457599639893,3.050699919275004
S0310,2018,0.0,0.0
S0311,2018,3.958019733428955,1.9488715815446473
S0312,2018,0.0,0.0
S0313,2018,0.0,0.0
S0314,2018,0.0,0.0
S0315,2018,0.841754138469696,0.29188427479712525
S0316,2018,0.841754138469696,0.45000661043701945
S0317,2018,0.0,0.0
S0318,2018,0.841754138469696,0.31038164509845445
S0319,2018,0.841754138469696,0.23577488795599097
S0320,2018,0.9090679883956909,0.36002007042567924
S0321,2018,0.9090679883956909,0.46708397209625574
S0322,2018,0.9090679883956909,0.23958039204117187
S0323,2018,0.0,0.0
S0324,2018,0.0,0.0
S0325,2018,0.0,0.0
S0326,2018,0.41200846433639526,0.027196188415853202
S0327,2018,0.5550546646118164,0.25903176480771006
S0328,2018,0.5550546646118164,0.1735810468068438
S0329,2018,0.0,0.0
S0330,2018,0.0,0.0
S0331,2018,0.0,0.0
S0332,2018,0.0,0.0
S0333,2018,0.0,0.0
S0334,2018,0.0,0.0
S0335,2018,0.0,0.0
S0336,2018,0.0,0.0
S0337,2018,0.0,0.0
S0338,2018,0.0,0.0
S0339,2018,0.4931948482990265,0.03213866684960557
S0340,2018,0.4931948482990265,0.0740327335639766
S0341,2018,0.0,0.0
S0342,2018,0.0,0.0
S0343,2018,0.5558573007583618,0.12576334365995215
S0344,2018,0.5558573007583618,0.26166829338868713
S0345,2018,0.6268596649169922,0.1912301564933213
S0346,2018,0.3483433127403259,0.014399525580981915
S0348,2018,0.502741813659668,0.0548359100115067
S0349,2018,3.1432557106018066,1.1970611474696837
S0350,2018,1.4897096157073975,0.8901722299496008
S0351,2018,0.0,0.0
S0352,2018,0.0,0.0
S0353,2018,0.0,0.0
S0354,2018,0.0,0.0
S0355,2018,0.0,0.0
S0356,2018,0.0,0.0
S0357,2018,0.0,0.0
S0358,2018,0.0,0.0
S0359,2018,0.0,0.0
S0360,2018,1.0962430238723755,0.40092757572848575
S0361,2018,1.4515925645828247,0.652483698426834
S0362,2018,3.0805881023406982,0.8314516579727631
S0363,2018,0.0,0.0
S0364,2018,0.9055898189544678,0.08564379040053677
S0365,2018,0.4003101587295532,0.0873947835794955
S0366,2018,0.841754138469696,0.29290276049538355
S0367,2018,0.0,0.0
S0368,2018,0.0,0.0
S0369,2018,0.0,0.0
S0370,2018,0.0,0.0
S0371,2018,2.566676616668701,0.9555222464807378
S0372,2018,0.841754138469696,0.45181026053600337
S0373,2018,2.566676616668701,0.6737601239588218
S0374,2018,0.5258190035820007,0.1840358191068396
S0375,2018,0.0,0.0
S0377,2018,0.0,0.0
S0378,2018,0.0,0.0
S0379,2018,0.0,0.0
S0380,2018,0.0,0.0
S0383,2018,0.0,0.0
S0384,2018,0.9220631122589111,0.10842716036804358
S0386,2018,0.0,0.0
S0387,2018,0.0,0.0
S0388,2018,0.2544451653957367,0.04873204515628371
S0389,2018,0.34748658537864685,0.0514784520602899
S0390,2018,0.36230894923210144,0.08741401918104022
S0391,2018,0.0,0.0
S0392,2018,0.0,0.0
S0393,2018,1.3800238370895386,0.4534310222680091
S0394,2018,0.0,0.0
S0395,2018,0.0,0.0
S0396,2018,0.0,0.0
S0397,2018,0.9514033794403076,0.1483959456003952
S0399,2018,0.0,0.0
S0400,2018,0.0,0.0
S0401,2018,0.0,0.0
S0402,2018,1.0434354543685913,0.6298232629426619
S0403,2018,0.4931948482990265,0.018948254265253737
S0404,2018,0.0,0.0
S0405,2018,0.0,0.0
S0406,2018,0.0,0.0
S0407,2018,0.5179290175437927,0.1030537352162836
S0410,2018,0.5179290175437927,0.1023537978837844
S0411,2018,2.3561301231384277,0.7243872765665178
S0412,2018,2.3561301231384277,1.094585728028725
S0413,2018,0.0,0.0
S0414,2018,1.9018038511276245,0.8398736856135789
S0416,2018,0.0,0.0
S0417,2018,0.424596905708313,0.06100761233861155
S0418,2018,0.3710090219974518,0.035108825045066135
S0419,2018,0.7903321981430054,0.3873639155217933
S0420,2018,0.0,0.0
S0421,2018,0.0,0.0
S0422,2018,0.0,0.0
S0423,2018,0.0,0.0
S0424,2018,0.0,0.0
S0428,2018,0.0,0.0
S0429,2018,7.00192403793335,3.838903409164056
S0430,2018,0.0,0.0
S0432,2018,0.0,0.0
S0433,2018,0.0,0.0
S0434,2018,0.0,0.0
S0443,2018,0.0,0.0
S0444,2018,0.0,0.0
S0445,2018,0.0,0.0
S0449,2018,3.676769495010376,2.223423320208416
S0450,2018,1.4527446031570435,0.7325189278872417
S0453,2018,4.719158172607422,1.0937283832516949
S0455,2018,0.0,0.0
S0456,2018,0.34190085530281067,0.005248478041929111
S0459,2018,0.0,0.0
S0460,2018,0.0,0.0
S0462,2018,0.0,0.0
S0463,2018,0.0,0.0
S0464,2018,0.0,0.0
S0465,2018,0.0,0.0
S0466,2018,0.4100663363933563,0.03161299210906478
S0470,2018,9.586421012878418,3.4744400619559968
S0471,2018,15.088401794433594,5.9490333537777484
S0472,2018,1.2777093648910522,0.5285749262811102
S0474,2018,0.0,0.0
S0475,2018,0.0,0.0
S0476,2018,0.0,0.0
S0477,2018,0.0,0.0
S0487,2018,0.0,0.0
S0488,2018,0.0,0.0
S0490,2018,0.0,0.0
S0492,2018,0.0,0.0
S0493,2018,0.0,0.0
S0495,2018,0.0,0.0
S0496,2018,0.0,0.0
S0497,2018,0.0,0.0
S0499,2018,0.0,0.0
S0500,2018,0.0,0.0
S0501,2018,0.8731513023376465,0.030521979423986174
S0503,2018,1.8134820461273193,0.1857399115903466
S0504,2018,0.7949419021606445,0.38034243202336643
S0505,2018,0.0,0.0
S0506,2018,0.0,0.0
S0507,2018,0.0,0.0
S0508,2018,0.8891718983650208,0.24791220984181522
S0509,2018,0.0,0.0
S0510,2018,0.0,0.0
S0511,2018,0.7910491824150085,0.06964751935783943
S0512,2018,0.0,0.0
S0513,2018,0.0,0.0
S0515,2018,0.0,0.0
S0516,2018,0.7070225477218628,0.33936846823785377
S0533,2018,0.0,0.0
S0539,2018,0.0,0.0
S0540,2018,0.0,0.0
S0544,2018,0.0,0.0
S0546,2018,0.0,0.0
S0547,2018,0.0,0.0
S0550,2018,0.0,0.0
S0551,2018,0.0,0.0
S0552,2018,0.0,0.0
S0553,2018,0.0,0.0
S0554,2018,0.0,0.0
S0555,2018,0.0,0.0
S0556,2018,0.0,0.0
S0558,2018,0.0,0.0
S0559,2018,0.0,0.0
S0560,2018,0.0,0.0
S0561,2018,0.0,0.0
S0562,2018,0.0,0.0
S0563,2018,0.0,0.0
S0564,2018,0.0,0.0
S0565,2018,0.0,0.0
S0566,2018,0.0,0.0
S0567,2018,0.0,0.0
S0569,2018,0.0,0.0
S0571,2018,0.0,0.0
S0573,2018,0.0,0.0
S0576,2018,0.0,0.0
S0587,2018,0.0,0.0
S0590,2018,0.0,0.0
S0592,2018,0.0,0.0
S0595,2018,0.0,0.0
S0596,2018,0.0,0.0
S0597,2018,0.0,0.0
S0599,2018,0.0,0.0
S0602,2018,0.0,0.0
S0603,2018,0.0,0.0
S0605,2018,0.0,0.0
S0607,2018,0.0,0.0
S0608,2018,0.0,0.0
S0610,2018,0.0,0.0
S0611,2018,0.0,0.0
S0612,2018,0.3987051248550415,0.09293474990832461
S0614,2018,0.0,0.0
S0615,2018,0.24792592227458954,0.00280935889262991
S0617,2018,0.0,0.0
S0618,2018,0.0,0.0
S0620,2018,0.0,0.0
S0623,2018,0.0,0.0
S0624,2018,0.6369551420211792,0.22109536242993436
S0627,2018,0.0,0.0
S0628,2018,0.0,0.0
S0629,2018,0.0,0.0
S0630,2018,0.0,0.0
S0631,2018,0.0,0.0
S0632,2018,0.0,0.0
S0633,2018,0.0,0.0
S0634,2018,0.0,0.0
S0635,2018,0.0,0.0
S0636,2018,0.0,0.0
S0637,2018,0.0,0.0
S0638,2018,0.0,0.0
S0639,2018,0.0,0.0
S0640,2018,0.0,0.0
S0643,2018,0.0,0.0
S0644,2018,0.0,0.0
S0645,2018,0.0,0.0
S0646,2018,0.0,0.0
S0648,2018,0.9140363335609436,0.3137686922630475
S0650,2018,0.0,0.0
S0651,2018,0.9140363335609436,0.11379679662620583
S0652,2018,0.0,0.0
S0653,2018,1.5444328784942627,0.2658389558472971
S0654,2018,0.0,0.0
S0655,2018,0.0,0.0
S0656,2018,1.5513768196105957,0.8338940297602859
S0657,2018,1.9757544994354248,1.1209209617239035
S0658,2018,1.052011251449585,0.09816910897878776
S0659,2018,0.0,0.0
S0660,2018,0.0,0.0
S0661,2018,0.0,0.0
S0662,2018,0.0,0.0
S0663,2018,0.0,0.0
S0664,2018,0.9293881058692932,0.10242535472291542
S0665,2018,0.0,0.0
S0666,2018,0.0,0.0
S0667,2018,0.9060184359550476,0.04427526738950078
S0668,2018,0.0,0.0
S0669,2018,0.0,0.0
S0670,2018,1.7008646726608276,0.5689282718970996
S0671,2018,0.0,0.0
S0672,2018,0.0,0.0
S0673,2018,0.0,0.0
S0674,2018,0.0,0.0
S0675,2018,1.7008646726608276,0.4239570756347811
S0676,2018,0.0,0.0
S0677,2018,0.5353180766105652,0.09679028460166264
S0678,2018,1.7008646726608276,0.18670129810665737
S0679,2018,0.0,0.0
S0680,2018,0.5114405751228333,0.052743340768808114
S0681,2018,0.5114405751228333,0.04921458985372634
S0682,2018,0.6212731599807739,0.08105968245922975
S0683,2018,1.7008646726608276,0.7304060253859167
S0684,2018,1.7008646726608276,0.20300756524804248
S0685,2018,0.5692809224128723,0.061175501121310746
S0686,2018,0.7141940593719482,0.3145342523452617
S0687,2018,0.7141940593719482,0.06808860834832085
S0688,2018,0.0,0.0
S0689,2018,0.0,0.0
S0690,2018,0.0,0.0
S0693,2018,0.0,0.0
S0696,2018,0.0,0.0
S0697,2018,0.0,0.0
S0699,2018,0.0,0.0
S0700,2018,0.0,0.0
S0701,2018,0.0,0.0
S0702,2018,0.0,0.0
S0703,2018,0.0,0.0
S0704,2018,0.0,0.0
S0705,2018,0.0,0.0
S0706,2018,0.6855873465538025,0.04248528067665904
S0707,2018,0.0,0.0
S0708,2018,0.0,0.0
S0709,2018,1.116132378578186,0.7889091934514175
S0710,2018,0.0,0.0
S0712,2018,0.0,0.0
S0713,2018,1.116132378578186,0.7151435774882385
S0714,2018,0.0,0.0
S0715,2018,0.0,0.0
S0716,2018,1.0819464921951294,0.3474277544357933
S0717,2018,0.0,0.0
S0719,2018,0.0,0.0
S0720,2018,1.7337443828582764,0.37221115590114073
S0721,2018,1.7337443828582764,0.3382887959273651
S0723,2018,0.675467848777771,0.02859459378645315
S0724,2018,0.0,0.0
S0725,2018,0.0,0.0
S0726,2018,0.0,0.0
S0732,2018,0.0,0.0
S0733,2018,0.0,0.0
S0734,2018,0.0,0.0
S0735,2018,0.0,0.0
S0736,2018,1.116132378578186,0.7347638786250664
S0740,2018,0.0,0.0
S0742,2018,0.0,0.0
S0743,2018,0.783024787902832,0.021668610482845668
S0744,2018,0.0,0.0
S0746,2018,0.0,0.0
S0747,2018,0.0,0.0
S0748,2018,0.0,0.0
S0750,2018,0.0,0.0
S0751,2018,1.0819464921951294,0.3549565800198049
S0752,2018,0.0,0.0
S0753,2018,0.0,0.0
S0754,2018,0.0,0.0
S0755,2018,0.0,0.0
S0756,2018,0.7631384134292603,0.08251975716266591
S0757,2018,3.3247992992401123,1.5575420444535668
S0758,2018,0.5030215382575989,0.012183912691360526
S0759,2018,0.0,0.0
S0760,2018,4.33988094329834,1.6305394741324435
S0761,2018,10.971871376037598,3.896296873188407
S0762,2018,11.231990814208984,3.9048074073294927
S0763,2018,1.199945092201233,0.2920113801394928
S0764,2018,8.85181713104248,1.4241998465234802
S0765,2018,8.069279670715332,3.035882615669394
S0766,2018,4.33988094329834,1.7402622479747998
S0767,2018,0.7572983503341675,0.1778679875114376
S0768,2018,2.005760908126831,0.7949590102282573
S0769,2018,0.0,0.0
S0770,2018,2.17756986618042,0.3901073282432256
S0771,2018,0.7528883218765259,0.16096499811553358
S0772,2018,1.649723768234253,0.5274504643947895
S0773,2018,1.649723768234253,0.8303044865578602
S0774,2018,0.7925211191177368,0.21015350750973694
S0775,2018,0.0,0.0
S0776,2018,0.8673577904701233,0.060503750833971755
S0777,2018,0.8814876675605774,0.18951607722017735
S0778,2018,0.7637777924537659,0.042047462092255655
S0779,2018,4.621085166931152,1.8174764885399683
S0780,2018,4.2081122398376465,2.840956937868889
S0781,2018,4.2081122398376465,2.389184958215863
S0792,2018,0.0,0.0
S0796,2018,0.0,0.0
S0797,2018,0.8667505383491516,0.10117344293068711
S0798,2018,0.0,0.0
S0799,2018,0.0,0.0
S0800,2018,0.0,0.0
S0801,2018,0.0,0.0
S0803,2018,0.2786398231983185,8.765014885131124e-05
S0804,2018,0.0,0.0
S0805,2018,0.6090809106826782,0.11033810560483881
S0808,2018,0.0,0.0
S0809,2018,0.0,0.0
S0813,2018,0.0,0.0
S0814,2018,0.0,0.0
S0815,2018,0.0,0.0
S0816,2018,0.0,0.0
S0817,2018,0.6612040400505066,0.09798533910467883
S0818,2018,0.0,0.0
S0819,2018,0.0,0.0
S0820,2018,0.0,0.0
S0822,2018,0.0,0.0
S0823,2018,0.0,0.0
S0824,2018,0.0,0.0
S0825,2018,0.8292925357818604,0.3628030975459694
S0826,2018,0.0,0.0
S0828,2018,0.8755600452423096,0.2725712736366608
S0829,2018,0.0,0.0
S0831,2018,0.0,0.0
S0832,2018,0.0,0.0
S0833,2018,0.0,0.0
S0834,2018,0.0,0.0
S0835,2018,0.0,0.0
S0836,2018,0.0,0.0
S0837,2018,0.0,0.0
S0839,2018,0.0,0.0
S0840,2018,0.0,0.0
S0841,2018,0.0,0.0
S0843,2018,0.0,0.0
S0845,2018,0.0,0.0
S0846,2018,0.0,0.0
S0847,2018,0.0,0.0
S0848,2018,0.0,0.0
S0849,2018,0.0,0.0
S0850,2018,0.0,0.0
S0851,2018,0.0,0.0
S0852,2018,0.0,0.0
S0854,2018,0.0,0.0
S0856,2018,0.7113438248634338,0.031280396874984705
S0857,2018,0.0,0.0
S0858,2018,0.0,0.0
S0860,2018,0.0,0.0
S0861,2018,0.0,0.0
S0862,2018,1.0447412729263306,0.33140568091175343
S0863,2018,0.0,0.0
S0864,2018,0.0,0.0
S0865,2018,0.0,0.0
S0866,2018,0.0,0.0
S0867,2018,0.0,0.0
S0868,2018,16.047996520996094,4.941094580080429
S0870,2018,0.7113438248634338,0.03999528135936666
S0871,2018,0.0,0.0
S0872,2018,1.112168550491333,0.3993108186363614
S0873,2018,0.7794685959815979,0.03726835964615443
S0874,2018,2.8962907791137695,0.8552347484633781
S0875,2018,1.0447412729263306,0.2247340348448179
S0876,2018,0.0,0.0
S0879,2018,0.7794685959815979,0.016416819231391218
S0881,2018,19.189966201782227,5.12063997070394
S0882,2018,1.4610694646835327,0.17057104481441032
S0883,2018,19.189966201782227,6.614243683074902
S0885,2018,1.079971194267273,0.31068048112818447
S0886,2018,0.6455259919166565,0.1541806915611552
S0887,2018,0.0,0.0
S0888,2018,0.0,0.0
S0889,2018,0.6963979005813599,0.04280150157226295
S0890,2018,9.19772720336914,3.0321571831051934
S0891,2018,19.189966201782227,5.646832499923286
S0892,2018,1.0503602027893066,0.25460975561261745
S0893,2018,8.889498710632324,3.52912437177982
S0894,2018,4.391777992248535,1.7142300577983383
S0895,2018,9.19772720336914,2.100779734383848
S0896,2018,19.189966201782227,5.331170351995878
S0897,2018,19.189966201782227,6.621676445828683
S0898,2018,19.189966201782227,2.2452189197466987
S0899,2018,16.047996520996094,3.7203231039278934
S0900,2018,0.0,0.0
S0902,2018,0.0,0.0
S0903,2018,0.0,0.0
S0904,2018,0.0,0.0
S0905,2018,0.0,0.0
S0906,2018,0.0,0.0
S0907,2018,0.0,0.0
S0908,2018,0.0,0.0
S0909,2018,0.0,0.0
S0910,2018,0.0,0.0
S0912,2018,0.0,0.0
S0914,2018,0.0,0.0
S0915,2018,0.0,0.0
S0916,2018,0.0,0.0
S0917,2018,0.0,0.0
S0918,2018,0.0,0.0
S0919,2018,0.0,0.0
S0920,2018,0.0,0.0
S0921,2018,0.0,0.0
S0922,2018,0.0,0.0
S0924,2018,0.0,0.0
S0925,2018,0.0,0.0
S0926,2018,0.0,0.0
S0927,2018,0.0,0.0
S0928,2018,0.0,0.0
S0929,2018,0.0,0.0
S0930,2018,0.0,0.0
S0931,2018,0.0,0.0
S0934,2018,0.0,0.0
S0936,2018,0.0,0.0
S0938,2018,0.0,0.0
S0939,2018,0.0,0.0
S0940,2018,1.0701059103012085,0.17502800413202835
S0941,2018,0.0,0.0
S0942,2018,0.0,0.0
S0943,2018,0.0,0.0
S0944,2018,0.0,0.0
S0945,2018,0.0,0.0
S0946,2018,0.0,0.0
S0949,2018,0.0,0.0
S0950,2018,0.0,0.0
S0951,2018,0.0,0.0
S0952,2018,0.0,0.0
S0953,2018,0.0,0.0
S0954,2018,0.0,0.0
S0955,2018,0.0,0.0
S0956,2018,0.9113317728042603,0.300629092136994
S0957,2018,0.0,0.0
S0958,2018,6.992039203643799,2.4728993116967155
S0959,2018,0.5286460518836975,0.012255578897053135
S0960,2018,0.0,0.0
S0961,2018,0.0,0.0
S0962,2018,0.0,0.0
S0963,2018,1.4529834985733032,0.14238061467244192
S0964,2018,0.9113317728042603,0.3078551281929615
S0965,2018,0.0,0.0
S0966,2018,0.0,0.0
S0967,2018,3.0176870822906494,1.290735935149591
S0968,2018,1.4870527982711792,0.6758187901484335
S0969,2018,2.7253577709198,1.0720774398038264
S0970,2018,0.793097734451294,0.3937949617610037
S0971,2018,0.8137523531913757,0.40068080661512906
S0972,2018,0.6789932250976562,0.10797598603984082
S0973,2018,4.6735405921936035,1.5485690655600823
S0974,2018,0.793097734451294,0.3593079442981642
S0975,2018,0.793097734451294,0.1974903817087132
S0976,2018,1.4338669776916504,0.652622617374767
S0977,2018,0.0,0.0
S0978,2018,16.047996520996094,3.611866480125143
S0979,2018,0.7301990985870361,0.06312323699958346
S0980,2018,3.3570404052734375,1.0886000880710303
S0981,2018,1.4338669776916504,0.8533963664108435
S0982,2018,8.889498710632324,2.9137622249242683
S0983,2018,0.744476318359375,0.06229412555694581
S0984,2018,6.496725559234619,2.9346944781119557
S0985,2018,6.496725559234619,2.7170727790037494
S0986,2018,0.0,0.0
S0987,2018,0.0,0.0
S0988,2018,0.0,0.0
S0989,2018,1.9078998565673828,1.145767781947808
S0990,2018,0.7081018090248108,0.05779486045913588
S0991,2018,6.496725559234619,2.3676382121045196
S0992,2018,3.045074701309204,0.626924518855328
S0993,2018,0.7447823286056519,0.251922445632494
S0994,2018,6.496725559234619,2.556436130464226
S0995,2018,1.8487060070037842,0.9716326984556746
S0996,2018,6.496725559234619,2.9985448239662813
S0997,2018,0.0,0.0
S0998,2018,0.0,0.0
S1000,2018,0.0,0.0
S1002,2018,1.4181010723114014,0.32729433745818026
S1003,2018,0.6854234933853149,0.07511246730793691
S1004,2018,1.4181010723114014,0.6621351778320385
S1005,2018,1.4181010723114014,0.5701088704255188
S1006,2018,1.4382476806640625,0.7148355530164565
S1007,2018,2.149196147918701,0.6311205892511248
S1008,2018,0.0,0.0
S1010,2018,0.0,0.0
S1011,2018,0.0,0.0
S1015,2018,0.0,0.0
S1016,2018,0.0,0.0
S1018,2018,0.0,0.0
S1019,2018,1.4480129480361938,0.3867414127761131
S1020,2018,0.0,0.0
S1021,2018,0.0,0.0
S1022,2018,0.0,0.0
S1023,2018,0.331697553396225,0.019708575258745913
S1024,2018,0.0,0.0
S1025,2018,0.331697553396225,0.02187468676667135
S1026,2018,0.0,0.0
S1027,2018,0.0,0.0
S1028,2018,0.0,0.0
S1029,2018,0.0,0.0
S1030,2018,0.34907710552215576,0.01905924113626456
S1031,2018,0.0,0.0
S1032,2018,0.0,0.0
S1033,2018,0.0,0.0
S1034,2018,1.4480129480361938,0.11773039673034594
S1035,2018,0.0,0.0
S1036,2018,0.0,0.0
S1037,2018,0.0,0.0
S1038,2018,0.0,0.0
S1039,2018,0.0,0.0
S1040,2018,0.0,0.0
S1041,2018,0.0,0.0
S1042,2018,0.0,0.0
S1043,2018,0.0,0.0
S1044,2018,0.0,0.0
S1045,2018,0.0,0.0
S1046,2018,0.0,0.0
S1047,2018,0.0,0.0
S1048,2018,0.4560739994049072,0.03218840961922964
S1049,2018,0.0,0.0
S1050,2018,0.0,0.0
S1052,2018,0.0,0.0
S1053,2018,0.0,0.0
S1054,2018,0.0,0.0
S1055,2018,0.0,0.0
S1059,2018,0.0,0.0
S1060,2018,33.95215606689453,6.034280781612832
S1064,2018,0.0,0.0
S1066,2018,8.643651008605957,2.4710636703789275
S1067,2018,9.045208930969238,4.157379176100967
S1068,2018,10.516230583190918,4.4718242805082715
S1069,2018,1.7935301065444946,0.5448979458478344
S1070,2018,0.791547954082489,0.07982751368952652
S1071,2018,6.746671676635742,2.0885699495317946
S1072,2018,0.0,0.0
S1073,2018,0.0,0.0
S1074,2018,0.6668688654899597,0.24265137389818026
S1076,2018,0.0,0.0
S1078,2018,4.397705078125,1.2087983113455936
S1079,2018,6.847240447998047,1.486617061750054
S1080,2018,7.554591178894043,2.043095158459852
S1081,2018,12.354259490966797,4.437959737564649
S1083,2018,0.8576017022132874,0.027081091522644655
S1091,2018,0.0,0.0
S1092,2018,0.0,0.0
S1093,2018,0.0,0.0
S1094,2018,0.0,0.0
S1097,2018,0.0,0.0
S1102,2018,0.4898453950881958,0.17437218993585163
S1103,2018,0.0,0.0
S1106,2018,0.0,0.0
S1110,2018,0.0,0.0
S1114,2018,0.0,0.0
S1115,2018,0.0,0.0
S1116,2018,0.0,0.0
S1117,2018,0.0,0.0
S1118,2018,0.0,0.0
S1119,2018,0.0,0.0
S1120,2018,0.0,0.0
S1121,2018,0.0,0.0
S1122,2018,8.126795768737793,2.634262028097919
S1127,2018,19.88039207458496,9.848858742710938
S1128,2018,0.0,0.0
S1130,2018,0.0,0.0
S1133,2018,0.0,0.0
S1135,2018,1.335971474647522,0.4695844488964422
S1136,2018,0.8292925357818604,0.23471408938539445
S1137,2018,0.0,0.0
S1138,2018,1.4012632369995117,0.6895920418230922
S1139,2018,99.81462860107422,56.61883606158908
S1140,2018,31.128623962402344,18.639919103334204
S1141,2018,0.0,0.0
S1142,2018,29.104110717773438,12.947334433214218
S1143,2018,75.73020935058594,39.128217650973845
S1144,2018,12.491272926330566,5.966520712167183
S1145,2018,0.6871326565742493,0.34627139751440306
S1146,2018,4.3950934410095215,2.365254162338502
S1147,2018,14.23559284210205,7.203891993764799
S1148,2018,2.2643983364105225,0.6676349741446773
S1149,2018,14.23559284210205,4.024774580218336
S1150,2018,1.6553149223327637,1.0022499455013305
S1151,2018,0.7065552473068237,0.029952754776118657
S1152,2018,1.6553149223327637,0.884661961580279
S1153,2018,3.3565165996551514,2.3272147983753224
S1154,2018,16.843006134033203,4.65803581635232
S1155,2018,2.657247543334961,0.7921473523093259
S1156,2018,33.95215606689453,12.503560790545082
S1157,2018,33.95215606689453,11.034535730939487
S1158,2018,33.95215606689453,9.944616165831007
S1159,2018,10.756247520446777,5.860040618110226
S1160,2018,23.77751922607422,9.5835434856627
S1161,2018,17.885879516601562,6.931128745864013
S1162,2018,17.885879516601562,6.645644225262023
S1163,2018,17.885879516601562,6.045292995746366
S1164,2018,49.57910919189453,23.63408373889785
S1165,2018,49.57910919189453,23.26534177915749
S1166,2018,4.486465930938721,2.858056000338163
S1167,2018,4.486465930938721,3.2034683825833326
S1168,2018,21.557153701782227,10.765909778709661
S1169,2018,7.849752902984619,4.511627741499864
S1170,2018,99.81462860107422,52.70290555537253
S1171,2018,42.665977478027344,28.080494479066097
S1172,2018,49.6132698059082,29.925537344658462
S1173,2018,51.560997009277344,37.06845811959234
S1174,2018,40.82765579223633,31.199559112445957
S1175,2018,99.81462860107422,56.772435630707335
S1176,2018,43.7186164855957,26.870294205023324
S1177,2018,43.7186164855957,30.6779702815782
S1178,2018,80.67964172363281,51.16386597905371
S1179,2018,80.67964172363281,51.60880863472091
S1180,2018,32.84124755859375,15.259153067561625
S1181,2018,17.3366641998291,6.166234369621445
S1182,2018,33.95215606689453,7.252035017996903
S1183,2018,3.8202102184295654,1.7812094267500949
S1184,2018,16.974924087524414,7.715947893138516
S1185,2018,1.8404231071472168,1.2897424408736409
S1186,2018,1.7237142324447632,0.5249094356135444
S1187,2018,12.354259490966797,5.358808710195256
S1188,2018,2.5840823650360107,1.1547276545485898
S1189,2018,0.0,0.0
S1190,2018,0.6842231154441833,0.15391177616251095
S1191,2018,0.0,0.0
S1192,2018,0.0,0.0
S1193,2018,0.0,0.0
S1194,2018,0.0,0.0
S1195,2018,19.94743537902832,5.3398142136923195
S1198,2018,0.0,0.0
S1203,2018,0.0,0.0
S1205,2018,0.0,0.0
S1207,2018,0.0,0.0
S1208,2018,0.0,0.0
S1209,2018,0.0,0.0
S1210,2018,0.0,0.0
S1211,2018,0.0,0.0
S1212,2018,0.0,0.0
S1213,2018,0.8191839456558228,0.17943065588930437
S1214,2018,0.8191839456558228,0.2511716414971718
S1215,2018,0.0,0.0
S1216,2018,0.0,0.0
S1217,2018,0.0,0.0
S1220,2018,0.0,0.0
S1221,2018,0.0,0.0
S1222,2018,0.0,0.0
S1223,2018,0.0,0.0
S1224,2018,0.0,0.0
S1226,2018,0.0,0.0
S1227,2018,0.0,0.0
S1228,2018,0.0,0.0
S1229,2018,0.0,0.0
S1230,2018,0.0,0.0
S1231,2018,0.0,0.0
S1232,2018,0.0,0.0
S1233,2018,0.0,0.0
S1235,2018,0.4001580476760864,0.005636028840508261
S1236,2018,0.0,0.0
S1238,2018,0.42298799753189087,0.03561358667362882
S1240,2018,0.0,0.0
S1241,2018,0.0,0.0
S1242,2018,0.0,0.0
S1243,2018,0.0,0.0
S1244,2018,0.0,0.0
S1245,2018,0.0,0.0
S1247,2018,0.0,0.0
S1248,2018,0.0,0.0
S1249,2018,0.0,0.0
S1250,2018,0.0,0.0
S1251,2018,0.0,0.0
S1252,2018,0.0,0.0
S1253,2018,0.0,0.0
S1254,2018,0.0,0.0
S1255,2018,0.0,0.0
S1256,2018,0.0,0.0
S1257,2018,0.0,0.0
S1259,2018,0.0,0.0
S1262,2018,0.0,0.0
S1263,2018,0.0,0.0
S1264,2018,0.0,0.0
S1265,2018,0.0,0.0
S1266,2018,0.0,0.0
S1267,2018,0.0,0.0
S1268,2018,0.0,0.0
S1270,2018,0.0,0.0
S1271,2018,0.0,0.0
S1272,2018,0.0,0.0
S1273,2018,0.0,0.0
S1274,2018,0.0,0.0
S1275,2018,0.0,0.0
S1278,2018,0.0,0.0
S1279,2018,1.8156273365020752,0.17661442500803592
S1282,2018,0.0,0.0
S1283,2018,0.0,0.0
S1286,2018,0.0,0.0
S1287,2018,0.0,0.0
S1288,2018,0.0,0.0
S1289,2018,0.0,0.0
S1290,2018,0.0,0.0
S1291,2018,0.0,0.0
S1292,2018,0.5802786350250244,0.0151163792924863
S1293,2018,0.0,0.0
S1294,2018,1.5534741878509521,0.518976501591321
S1295,2018,0.43832600116729736,0.01699131905675648
S1296,2018,0.0,0.0
S1297,2018,0.0,0.0
S1299,2018,0.0,0.0
S1300,2018,0.0,0.0
S1302,2018,0.0,0.0
S1304,2018,0.7381559610366821,0.040512355372085036
S1305,2018,0.0,0.0
S1306,2018,0.0,0.0
S1307,2018,0.0,0.0
S1308,2018,0.0,0.0
S1309,2018,0.0,0.0
S1310,2018,0.6096219420433044,0.05054866636147929
S1311,2018,0.0,0.0
S1312,2018,0.0,0.0
S1313,2018,0.0,0.0
S1314,2018,0.0,0.0
S1315,2018,0.0,0.0
S1316,2018,1.5534741878509521,0.37382277986560597
S1317,2018,0.0,0.0
S1318,2018,1.2287824153900146,0.26953142585151413
S1319,2018,18.438196182250977,7.52400223088077
S1320,2018,3.6895320415496826,1.5915519401080196
S1321,2018,1.0536019802093506,0.41797811809829716
S1323,2018,1.1559534072875977,0.39789013110340066
S1324,2018,0.8562955856323242,0.45870917973360625
S1325,2018,1.5254722833633423,0.8715966731515682
S1326,2018,2.6222548484802246,1.7472078008911305
S1327,2018,5.615571975708008,3.3161925403269596
S1328,2018,8.533616065979004,4.524595693961486
S1329,2018,11.350902557373047,5.550542664929259
S1330,2018,11.350902557373047,7.04669090243132
S1331,2018,7.651424407958984,1.5834799184220076
S1332,2018,2.588247776031494,0.9925048731705172
S1333,2018,0.6129953861236572,0.12382473767140488
S1334,2018,1.6256201267242432,0.8370137037270329
S1335,2018,1.6256201267242432,0.656296179549095
S1336,2018,1.6256201267242432,0.6624941940916218
S1337,2018,1.6256201267242432,0.7496041415960513
S1338,2018,1.2637485265731812,0.3869884340429021
S1339,2018,10.01638412475586,4.9671197378590355
S1340,2018,9.043676376342773,3.3644326990891487
S1341,2018,9.043676376342773,2.7383824193095387
S1342,2018,6.616878509521484,2.320346123698517
S1343,2018,9.043676376342773,1.0073344906171164
S1344,2018,1.8053148984909058,0.6124951655205977
S1345,2018,2.112433671951294,1.0618724693711312
S1346,2018,1.2116073369979858,0.5008972217231895
S1347,2018,1.4087729454040527,0.7879001390693995
S1348,2018,3.4498236179351807,1.6320639797205885
S1349,2018,1.9041706323623657,0.8394441570252174
S1350,2018,3.4498236179351807,1.3821137707031315
S1351,2018,2.3092288970947266,1.1218287114123233
S1352,2018,3.4498236179351807,0.933929147446133
S1353,2018,3.4498236179351807,1.234027795706343
S1354,2018,1.9449876546859741,1.0418373879475806
S1355,2018,1.6834884881973267,0.8098086965874062
S1356,2018,0.0,0.0
S1357,2018,0.0,0.0
S1359,2018,35.21082305908203,14.880223035513607
S1361,2018,4.847258567810059,0.94944070776615
S1364,2018,0.0,0.0
S1365,2018,1.2169984579086304,0.6161260477534799
S1366,2018,0.0,0.0
S1367,2018,0.0,0.0
S1370,2018,0.0,0.0
S1372,2018,9.043676376342773,1.9422662421531958
S1373,2018,4.397705078125,1.4410636228965228
S1374,2018,1.7421441078186035,1.2052040921856992
S1375,2018,1.7890756130218506,1.1328728155296302
S1376,2018,0.0,0.0
S1377,2018,2.2538044452667236,1.176907861911443
S1378,2018,4.5839948654174805,2.15174880525722
S1379,2018,0.9692205786705017,0.2894340374729672
S1380,2018,2.256361246109009,1.3272532010497755
S1381,2018,8.532130241394043,3.2427928048368533
S1382,2018,2.743556499481201,1.4296898596800018
S1383,2018,6.982154846191406,4.240001530972462
S1384,2018,4.91301155090332,1.7845188921929003
S1385,2018,6.982154846191406,2.0498284865691527
S1386,2018,2.1652634143829346,1.0674849056531135
S1387,2018,7.514490127563477,1.7271200466410679
S1388,2018,2.38958740234375,1.3255450737599588
S1389,2018,2.743556499481201,1.2891268579983064
S1390,2018,2.743556499481201,1.5316037319899354
S1391,2018,2.281325101852417,1.2464809233100163
S1392,2018,5.484818458557129,3.064561601009285
S1393,2018,11.954256057739258,5.874232081739761
S1394,2018,11.954256057739258,5.033915979153604
S1395,2018,16.708465576171875,6.369413188075481
S1396,2018,13.169637680053711,6.565433458773693
S1397,2018,15.3580961227417,6.512383486983397
S1398,2018,4.04707145690918,1.9019943345839638
S1399,2018,15.3580961227417,5.207344303749365
S1400,2018,15.3580961227417,5.455497018177009
S1401,2018,10.041864395141602,3.5750090468608144
S1402,2018,1.995782494544983,0.6189718290542369
S1403,2018,15.821463584899902,6.2650607368415425
S1404,2018,5.3604736328125,2.980579601306664
S1405,2018,27.30338478088379,9.47147745731664
S1406,2018,8.142646789550781,2.094661043145583
S1407,2018,18.572275161743164,7.465467619258652
S1408,2018,8.526171684265137,2.270337318301238
S1409,2018,11.087681770324707,2.7144214208306585
S1410,2018,21.484512329101562,12.447234202058493
S1411,2018,1.4035075902938843,0.9990418231528344
S1412,2018,2.0614192485809326,1.0562886537396734
S1413,2018,0.9336317777633667,0.15870662139894376
S1414,2018,15.481157302856445,5.952592173639137
S1415,2018,23.443012237548828,2.443743435100551
S1416,2018,33.784549713134766,10.248219744369399
S1417,2018,28.438512802124023,12.024198438009625
S1418,2018,28.438512802124023,7.901637631073094
S1419,2018,28.438512802124023,13.884747455467533
S1420,2018,22.141767501831055,8.889069844712283
S1421,2018,1.174821138381958,0.21278433744861833
S1422,2018,1.0399093627929688,0.27513337852363295
S1423,2018,0.9058622717857361,0.05794726223518644
S1424,2018,3.903275728225708,1.4630674510429114
S1425,2018,48.71669387817383,13.970703849120687
S1426,2018,4.849161148071289,2.57769309275956
S1427,2018,1.8931944370269775,0.7394837760087425
S1428,2018,0.8189908862113953,0.18134960487358848
S1435,2018,0.34559693932533264,0.026895996672123307
S1436,2018,0.7593990564346313,0.055182999872792675
S1437,2018,1.654634952545166,0.6774725864330927
S1441,2018,4.594983100891113,1.727346056828922
S1442,2018,0.43979382514953613,0.11215406330434023
S1443,2018,2.0310871601104736,0.7974736916436007
S1444,2018,1.7858606576919556,0.8736076233823683
S1446,2018,2.990527868270874,1.485508100302824
S1447,2018,2.7031149864196777,1.558514905439857
S0001,2018,0.0,0.0
S0002,2018,0.0,0.0
S0003,2018,0.0,0.0
S0005,2018,0.0,0.0
S0006,2018,0.9565691351890564,0.4770544101018459
S0008,2018,0.0,0.0
S0013,2018,0.0,0.0
S0014,2018,0.0,0.0
S0025,2018,0.0,0.0
S0027,2018,0.0,0.0
S0031,2018,0.0,0.0
S0032,2018,0.0,0.0
S0039,2018,0.843869149684906,0.23972088642007722
S0043,2018,0.0,0.0
S0046,2018,0.0,0.0
S0047,2018,0.0,0.0
S0061,2018,0.0,0.0
S0064,2018,0.0,0.0
S0065,2018,0.0,0.0
S0067,2018,0.5865419507026672,0.024676236744845093
S0068,2018,0.0,0.0
S0071,2018,0.0,0.0
S0097,2018,0.0,0.0
S0100,2018,0.0,0.0
S0103,2018,0.0,0.0
S0106,2018,0.0,0.0
S0108,2018,0.0,0.0
S0110,2018,0.0,0.0
S0112,2018,0.0,0.0
S0120,2018,0.3689161241054535,0.024135611350535595
S0122,2018,0.0,0.0
S0123,2018,0.0,0.0
S0127,2018,0.0,0.0
S0128,2018,0.0,0.0
S0129,2018,0.0,0.0
S0136,2018,0.0,0.0
S0142,2018,0.0,0.0
S0143,2018,0.0,0.0
S0144,2018,0.0,0.0
S0146,2018,0.0,0.0
S0147,2018,0.0,0.0
S0148,2018,0.0,0.0
S0161,2018,0.0,0.0
S0163,2018,0.0,0.0
S0167,2018,0.0,0.0
S0204,2018,0.0,0.0
S0206,2018,0.0,0.0
S0228,2018,0.0,0.0
S0236,2018,0.7550771236419678,0.056601858116559906
S0237,2018,0.0,0.0
S0238,2018,0.0,0.0
S0264,2018,0.0,0.0
S0268,2018,0.0,0.0
S0270,2018,0.0,0.0
S0271,2018,0.0,0.0
S0278,2018,0.0,0.0
S0283,2018,0.0,0.0
S0286,2018,0.0,0.0
S0288,2018,0.0,0.0
S0292,2018,0.0,0.0
S0299,2018,0.0,0.0
S0303,2018,0.6479840874671936,0.07010752621877173
S0304,2018,0.3238120377063751,0.035961920247182574
S0305,2018,0.6479840874671936,0.12945807710289958
S0306,2018,0.4322390556335449,0.038185847352771855
S0347,2018,0.0,0.0
S0376,2018,0.0,0.0
S0381,2018,0.0,0.0
S0382,2018,0.0,0.0
S0385,2018,0.0,0.0
S0398,2018,0.0,0.0
S0408,2018,0.0,0.0
S0409,2018,0.3574517071247101,0.03661189467321165
S0415,2018,0.0,0.0
S0425,2018,0.0,0.0
S0426,2018,0.0,0.0
S0427,2018,0.0,0.0
S0431,2018,0.0,0.0
S0435,2018,0.0,0.0
S0436,2018,0.0,0.0
S0437,2018,0.0,0.0
S0438,2018,0.0,0.0
S0439,2018,0.0,0.0
S0440,2018,0.0,0.0
S0441,2018,0.0,0.0
S0442,2018,0.0,0.0
S0446,2018,0.0,0.0
S0447,2018,0.0,0.0
S0448,2018,0.0,0.0
S0451,2018,0.0,0.0
S0452,2018,0.0,0.0
S0454,2018,0.0,0.0
S0457,2018,0.0,0.0
S0458,2018,0.0,0.0
S0461,2018,0.0,0.0
S0467,2018,0.0,0.0
S0468,2018,0.0,0.0
S0469,2018,0.0,0.0
S0473,2018,0.0,0.0
S0478,2018,0.0,0.0
S0479,2018,0.0,0.0
S0480,2018,0.0,0.0
S0481,2018,0.0,0.0
S0482,2018,0.0,0.0
S0483,2018,0.0,0.0
S0484,2018,0.0,0.0
S0485,2018,0.0,0.0
S0486,2018,0.0,0.0
S0489,2018,0.0,0.0
S0491,2018,0.0,0.0
S0494,2018,0.0,0.0
S0498,2018,0.0,0.0
S0502,2018,0.0,0.0
S0514,2018,0.30308422446250916,0.01631225042835436
S0517,2018,0.0,0.0
S0518,2018,0.0,0.0
S0519,2018,0.0,0.0
S0520,2018,0.6893624067306519,0.04745606066221858
S0521,2018,0.0,0.0
S0522,2018,0.0,0.0
S0523,2018,0.0,0.0
S0524,2018,0.0,0.0
S0525,2018,0.0,0.0
S0526,2018,0.0,0.0
S0527,2018,0.0,0.0
S0528,2018,0.0,0.0
S0529,2018,0.0,0.0
S0530,2018,0.0,0.0
S0531,2018,0.0,0.0
S0532,2018,0.0,0.0
S0534,2018,0.0,0.0
S0535,2018,0.0,0.0
S0536,2018,0.0,0.0
S0537,2018,0.0,0.0
S0538,2018,0.0,0.0
S0541,2018,0.0,0.0
S0542,2018,0.0,0.0
S0543,2018,0.0,0.0
S0545,2018,0.0,0.0
S0548,2018,0.0,0.0
S0549,2018,0.0,0.0
S0557,2018,0.0,0.0
S0568,2018,0.0,0.0
S0570,2018,0.0,0.0
S0572,2018,0.0,0.0
S0574,2018,0.0,0.0
S0575,2018,0.0,0.0
S0577,2018,0.0,0.0
S0578,2018,0.0,0.0
S0579,2018,0.0,0.0
S0580,2018,0.0,0.0
S0581,2018,0.0,0.0
S0582,2018,0.0,0.0
S0583,2018,0.0,0.0
S0584,2018,0.0,0.0
S0585,2018,0.0,0.0
S0586,2018,0.0,0.0
S0588,2018,0.0,0.0
S0589,2018,0.0,0.0
S0591,2018,0.0,0.0
S0593,2018,0.48340868949890137,0.012737242759695013
S0594,2018,0.0,0.0
S0598,2018,0.0,0.0
S0600,2018,0.0,0.0
S0601,2018,0.0,0.0
S0604,2018,0.0,0.0
S0606,2018,0.0,0.0
S0609,2018,0.0,0.0
S0613,2018,0.0,0.0
S0616,2018,0.3987051248550415,0.01780813193904561
S0619,2018,0.0,0.0
S0621,2018,0.0,0.0
S0622,2018,0.0,0.0
S0625,2018,0.0,0.0
S0626,2018,0.0,0.0
S0641,2018,0.0,0.0
S0642,2018,0.0,0.0
S0647,2018,0.0,0.0
S0649,2018,0.0,0.0
S0691,2018,0.0,0.0
S0692,2018,0.0,0.0
S0694,2018,0.0,0.0
S0695,2018,0.0,0.0
S0698,2018,0.0,0.0
S0711,2018,0.0,0.0
S0718,2018,0.0,0.0
S0722,2018,0.0,0.0
S0727,2018,0.0,0.0
S0728,2018,0.0,0.0
S0729,2018,0.0,0.0
S0730,2018,0.0,0.0
S0731,2018,0.0,0.0
S0737,2018,0.0,0.0
S0738,2018,0.0,0.0
S0739,2018,0.0,0.0
S0741,2018,0.0,0.0
S0745,2018,0.0,0.0
S0749,2018,0.0,0.0
S0782,2018,0.0,0.0
S0783,2018,0.0,0.0
S0784,2018,0.0,0.0
S0785,2018,0.0,0.0
S0786,2018,0.0,0.0
S0787,2018,0.0,0.0
S0788,2018,0.0,0.0
S0789,2018,0.0,0.0
S0790,2018,0.0,0.0
S0791,2018,0.0,0.0
S0793,2018,0.0,0.0
S0794,2018,0.0,0.0
S0795,2018,0.0,0.0
S0802,2018,0.0,0.0
S0806,2018,0.0,0.0
S0807,2018,0.0,0.0
S0810,2018,0.0,0.0
S0811,2018,0.0,0.0
S0812,2018,0.0,0.0
S0821,2018,0.0,0.0
S0827,2018,0.0,0.0
S0830,2018,0.0,0.0
S0838,2018,0.0,0.0
S0842,2018,0.0,0.0
S0844,2018,0.0,0.0
S0853,2018,0.8077866435050964,0.06586727717913551
S0855,2018,0.0,0.0
S0859,2018,0.0,0.0
S0869,2018,0.0,0.0
S0877,2018,0.0,0.0
S0878,2018,0.0,0.0
S0880,2018,0.0,0.0
S0884,2018,0.0,0.0
S0901,2018,0.0,0.0
S0911,2018,0.0,0.0
S0913,2018,0.0,0.0
S0923,2018,0.0,0.0
S0932,2018,0.0,0.0
S0933,2018,0.0,0.0
S0935,2018,0.0,0.0
S0937,2018,0.0,0.0
S0947,2018,0.0,0.0
S0948,2018,0.0,0.0
S0999,2018,0.0,0.0
S1001,2018,0.0,0.0
S1009,2018,0.0,0.0
S1012,2018,0.0,0.0
S1013,2018,0.0,0.0
S1014,2018,0.0,0.0
S1017,2018,0.0,0.0
S1051,2018,0.0,0.0
S1056,2018,0.0,0.0
S1057,2018,0.0,0.0
S1058,2018,0.0,0.0
S1061,2018,0.0,0.0
S1062,2018,0.0,0.0
S1063,2018,0.0,0.0
S1065,2018,0.0,0.0
S1075,2018,0.0,0.0
S1077,2018,0.0,0.0
S1082,2018,0.0,0.0
S1084,2018,0.0,0.0
S1085,2018,0.0,0.0
S1086,2018,0.0,0.0
S1087,2018,0.0,0.0
S1088,2018,0.0,0.0
S1089,2018,0.0,0.0
S1090,2018,0.0,0.0
S1095,2018,0.0,0.0
S1096,2018,0.0,0.0
S1098,2018,0.0,0.0
S1099,2018,0.0,0.0
S1100,2018,0.0,0.0
S1101,2018,0.0,0.0
S1104,2018,0.0,0.0
S1105,2018,0.0,0.0
S1107,2018,0.0,0.0
S1108,2018,0.0,0.0
S1109,2018,0.0,0.0
S1111,2018,0.0,0.0
S1112,2018,0.0,0.0
S1113,2018,0.0,0.0
S1123,2018,0.0,0.0
S1124,2018,0.0,0.0
S1125,2018,0.0,0.0
S1126,2018,0.0,0.0
S1129,2018,0.0,0.0
S1131,2018,0.0,0.0
S1132,2018,0.0,0.0
S1134,2018,0.0,0.0
S1196,2018,0.0,0.0
S1197,2018,0.0,0.0
S1199,2018,0.0,0.0
S1200,2018,0.0,0.0
S1201,2018,0.0,0.0
S1202,2018,0.0,0.0
S1204,2018,0.0,0.0
S1206,2018,0.0,0.0
S1218,2018,0.0,0.0
S1219,2018,0.0,0.0
S1225,2018,0.0,0.0
S1234,2018,0.0,0.0
S1237,2018,0.0,0.0
S1239,2018,0.0,0.0
S1246,2018,0.0,0.0
S1258,2018,0.0,0.0
S1260,2018,0.0,0.0
S1261,2018,0.0,0.0
S1269,2018,0.0,0.0
S1276,2018,0.0,0.0
S1277,2018,0.0,0.0
S1280,2018,0.0,0.0
S1281,2018,0.0,0.0
S1284,2018,0.0,0.0
S1285,2018,0.0,0.0
S1298,2018,0.0,0.0
S1301,2018,0.0,0.0
S1303,2018,0.0,0.0
S1322,2018,0.8979148268699646,0.4400292478863293
S1358,2018,0.236207515001297,0.03952431310233487
S1360,2018,0.0,0.0
S1362,2018,1.3094178438186646,0.6344240400053206
S1363,2018,0.8679752349853516,0.39925863145194707
S1368,2018,0.7545972466468811,0.45567059951990774
S1369,2018,0.0,0.0
S1371,2018,0.0,0.0
S1429,2018,0.0,0.0
S1430,2018,0.2500934600830078,0.016221427196819776
S1431,2018,0.0,0.0
S1432,2018,0.45394477248191833,0.10223363431247291
S1433,2018,0.45394477248191833,0.014869372074998269
S1434,2018,0.0,0.0
S1438,2018,0.0,0.0
S1439,2018,0.9837677478790283,0.5364674853381594
S1440,2018,0.0,0.0
S1445,2018,1.7423179149627686,0.6563396153021773
S0000,2019,104.08078002929688,55.728470778023066
S0004,2019,0.7596880197525024,0.28926407799749093
S0007,2019,0.0,0.0
S0009,2019,7.0687360763549805,2.72464167083938
S0010,2019,2.9719767570495605,1.3454027452206363
S0011,2019,0.8548901677131653,0.31061096479181727
S0012,2019,0.0,0.0
S0015,2019,3.444705009460449,1.846314719818381
S0016,2019,2.5644850730895996,1.1217691993384113
S0017,2019,4.480058193206787,0.7214272082282115
S0018,2019,0.6669299006462097,0.09794861340675645
S0019,2019,0.0,0.0
S0020,2019,1.354312539100647,0.683821785177354
S0021,2019,0.3352651000022888,0.025482569066028846
S0022,2019,0.0,0.0
S0023,2019,1.1820592880249023,0.3906403733040421
S0024,2019,0.826836884021759,0.05153935086929193
S0026,2019,0.0,0.0
S0028,2019,0.0,0.0
S0029,2019,0.0,0.0
S0030,2019,0.0,0.0
S0033,2019,0.5635067224502563,0.15736540061830914
S0034,2019,0.9145485162734985,0.6272987228292546
S0035,2019,0.0,0.0
S0036,2019,1.379248023033142,0.6773666473117266
S0037,2019,0.0,0.0
S0038,2019,4.070511341094971,1.3449406661560062
S0040,2019,1.2595521211624146,0.5723011370113394
S0041,2019,0.0,0.0
S0042,2019,0.2835199534893036,0.0008026673738294219
S0044,2019,0.0,0.0
S0045,2019,0.0,0.0
S0048,2019,0.36079198122024536,0.01271513590203508
S0049,2019,0.0,0.0
S0050,2019,0.0,0.0
S0051,2019,2.5218241214752197,0.9476355096134284
S0052,2019,0.0,0.0
S0053,2019,0.0,0.0
S0054,2019,0.0,0.0
S0055,2019,0.6069903373718262,0.04348023036399705
S0056,2019,0.0,0.0
S0057,2019,0.0,0.0
S0058,2019,0.0,0.0
S0059,2019,0.6069903373718262,0.24021784916365926
S0060,2019,0.0,0.0
S0062,2019,1.4743943214416504,0.25634069962345635
S0063,2019,0.0,0.0
S0066,2019,0.0,0.0
S0069,2019,16.25759506225586,9.380178683812627
S0070,2019,3.6917593479156494,1.90701978116001
S0072,2019,1.6682299375534058,1.0089763313195337
S0073,2019,13.786519050598145,2.415556003431079
S0074,2019,0.0,0.0
S0075,2019,0.0,0.0
S0076,2019,0.0,0.0
S0077,2019,0.5451012849807739,0.05124076051344778
S0078,2019,0.0,0.0
S0079,2019,2.8928871154785156,0.6073959990635188
S0080,2019,1.2340061664581299,0.5726196024073853
S0081,2019,0.0,0.0
S0082,2019,0.0,0.0
S0083,2019,2.4403975009918213,0.5592870155558284
S0084,2019,0.9108397960662842,0.24621390397927492
S0085,2019,0.0,0.0
S0086,2019,3.314082145690918,0.22593503347532018
S0087,2019,0.6179680228233337,0.027710243815895895
S0088,2019,0.9987260103225708,0.4092972845972727
S0089,2019,2.7317919731140137,0.9993640054859712
S0090,2019,0.0,0.0
S0091,2019,4.575930595397949,2.0016801056908253
S0092,2019,9.239656448364258,2.3671790957450876
S0093,2019,0.0,0.0
S0094,2019,0.9612227082252502,0.18228929122114468
S0095,2019,12.32271671295166,4.027969744781896
S0096,2019,5.8791327476501465,2.0696605655062053
S0098,2019,3.454798698425293,1.881157114348569
S0099,2019,4.056887626647949,1.4385617478398838
S0101,2019,3.87277889251709,1.5975228684492044
S0102,2019,0.0,0.0
S0104,2019,2.2653965950012207,0.8887275001333431
S0105,2019,0.0,0.0
S0107,2019,0.0,0.0
S0109,2019,0.4305526912212372,0.022062272451764113
S0111,2019,0.0,0.0
S0113,2019,2.9627251625061035,0.9623121718471995
S0114,2019,1.5439525842666626,0.10476142520585853
S0115,2019,0.0,0.0
S0116,2019,8.494897842407227,2.117675254058809
S0117,2019,1.741226077079773,0.5915345247723806
S0118,2019,5.848886013031006,0.7018101331348954
S0119,2019,0.5617722868919373,0.045535725493502884
S0121,2019,0.0,0.0
S0124,2019,0.0,0.0
S0125,2019,0.0,0.0
S0126,2019,0.2597382664680481,0.014705476829581395
S0130,2019,0.0,0.0
S0131,2019,26.804340362548828,13.604393526088057
S0132,2019,3.1750874519348145,0.9896961598233319
S0133,2019,0.0,0.0
S0134,2019,2.4968197345733643,0.8953307922578965
S0135,2019,0.0,0.0
S0137,2019,0.6850038170814514,0.036744673689492316
S0138,2019,9.595176696777344,3.692971041451706
S0139,2019,7.975709438323975,2.6785975685293404
S0140,2019,17.309431076049805,9.889702085426661
S0141,2019,14.630635261535645,6.848660152881662
S0145,2019,0.0,0.0
S0149,2019,0.0,0.0
S0150,2019,0.0,0.0
S0151,2019,0.0,0.0
S0152,2019,20.906585693359375,11.25901780052404
S0153,2019,15.269107818603516,8.674814405648604
S0154,2019,29.34278106689453,12.316961543194612
S0155,2019,13.953190803527832,7.845477559278302
S0156,2019,25.18258285522461,13.628833324567541
S0157,2019,0.9669093489646912,0.3261736444918713
S0158,2019,19.883657455444336,9.808925691703319
S0159,2019,8.30996036529541,2.843577914535346
S0160,2019,10.158177375793457,3.77546011702884
S0162,2019,0.0,0.0
S0164,2019,0.0,0.0
S0165,2019,36.35150909423828,21.096187394689245
S0166,2019,0.4328150451183319,0.03180374008234248
S0168,2019,23.174205780029297,10.063870787245673
S0169,2019,17.385517120361328,9.42887842355567
S0170,2019,31.106977462768555,12.173096179439476
S0171,2019,0.8363652229309082,0.6038727485482731
S0172,2019,0.0,0.0
S0173,2019,19.266578674316406,6.539311577426564
S0174,2019,60.52021789550781,27.026152402761593
S0175,2019,26.592512130737305,13.380243284697823
S0176,2019,30.075414657592773,16.840830508947978
S0177,2019,34.24716567993164,17.86554148695876
S0178,2019,0.0,0.0
S0179,2019,0.43392693996429443,0.06343759543513443
S0180,2019,0.8156015276908875,0.007958340370921472
S0181,2019,0.6760635375976562,0.31712292816774695
S0182,2019,2.004300355911255,0.8194351771722549
S0183,2019,1.7889223098754883,0.5335692974072878
S0184,2019,6.83871603012085,3.519093516123332
S0185,2019,1.4840975999832153,0.5076868646640453
S0186,2019,1.4067227840423584,0.62145183730785
S0187,2019,1.1794519424438477,0.529011340891818
S0188,2019,2.2151927947998047,0.42684493946302093
S0189,2019,0.9695596098899841,0.031841609782472385
S0190,2019,0.0,0.0
S0191,2019,0.8438725471496582,0.32169837911212146
S0192,2019,0.4298262298107147,0.0021545174426602243
S0193,2019,12.236899375915527,5.837320362187059
S0194,2019,17.655057907104492,6.084108579240946
S0195,2019,7.141927719116211,1.8219661544727626
S0196,2019,1.2853459119796753,0.8454439293191696
S0197,2019,6.621633529663086,2.9742238161254066
S0198,2019,22.641782760620117,11.690538798833096
S0199,2019,9.394755363464355,5.85072706857319
S0200,2019,11.918756484985352,6.141064348601128
S0201,2019,0.8040033578872681,0.24961847191989278
S0202,2019,0.5874308943748474,0.23337010797553168
S0203,2019,5.212366580963135,2.899649108690312
S0205,2019,0.6532514691352844,0.17216494727277248
S0207,2019,0.0,0.0
S0208,2019,47.25175857543945,29.273867779723375
S0209,2019,8.97173023223877,5.95849343738526
S0210,2019,46.318302154541016,19.880535109423903
S0211,2019,50.3116340637207,14.641785276122976
S0212,2019,2.4291977882385254,1.1393526086440455
S0213,2019,6.315597057342529,1.8925638488831196
S0214,2019,1.3812482357025146,0.5765545051067303
S0215,2019,0.8156376481056213,0.5008217980676195
S0216,2019,0.8156376481056213,0.531550061893075
S0217,2019,43.880069732666016,30.327666078831065
S0218,2019,31.106977462768555,19.88756608783131
S0219,2019,15.420931816101074,7.089456848933858
S0220,2019,0.0,0.0
S0221,2019,2.8660688400268555,1.9871666325371582
S0222,2019,50.3116340637207,21.20355088400196
S0223,2019,3.129275321960449,0.3499346157693563
S0224,2019,0.7060129642486572,0.4734412878564318
S0225,2019,7.871331691741943,3.303690065368002
S0226,2019,10.471939086914062,3.2375322991764515
S0227,2019,17.92878532409668,7.259080227604488
S0229,2019,7.569998741149902,2.8331051584200933
S0230,2019,3.8052902221679688,0.3269572456054927
S0231,2019,1.3324252367019653,0.6976555460274388
S0232,2019,1.1085879802703857,0.5932185541167783
S0233,2019,0.5340287089347839,0.21560190473893784
S0234,2019,2.626824140548706,1.0580107419512534
S0235,2019,3.8632614612579346,1.3342149454226435
S0239,2019,0.0,0.0
S0240,2019,0.0,0.0
S0241,2019,0.5081025958061218,0.031307489482327866
S0242,2019,0.5845850110054016,0.2757684368518504
S0243,2019,0.0,0.0
S0244,2019,0.0,0.0
S0245,2019,0.8672391772270203,0.19191177368238993
S0246,2019,23.175148010253906,7.349568976987316
S0247,2019,19.51565933227539,3.6364188860202655
S0248,2019,25.18258285522461,9.0589072541112
S0249,2019,3.720242977142334,1.7074930498407501
S0250,2019,3.43430233001709,2.1741439946782655
S0251,2019,3.720242977142334,2.164656881562502
S0252,2019,1.6098133325576782,0.3349463802160741
S0253,2019,5.630083084106445,2.35005569750592
S0254,2019,17.93233299255371,6.480611139890915
S0255,2019,3.606813669204712,1.4095817601236478
S0256,2019,3.606813669204712,1.1791935482674432
S0257,2019,12.587618827819824,5.443133391668805
S0258,2019,19.445711135864258,9.662479259302623
S0259,2019,2.738884925842285,1.7405329774871585
S0260,2019,0.0,0.0
S0261,2019,0.5874308943748474,0.2669351952396518
S0262,2019,0.0,0.0
S0263,2019,0.0,0.0
S0265,2019,0.0,0.0
S0266,2019,0.0,0.0
S0267,2019,0.0,0.0
S0269,2019,0.0,0.0
S0272,2019,1.2419512271881104,0.42267179365939017
S0273,2019,0.9243783950805664,0.446752106350539
S0274,2019,2.2944390773773193,0.7247377383357236
S0275,2019,0.8837853670120239,0.16914509596527932
S0276,2019,0.0,0.0
S0277,2019,0.0,0.0
S0279,2019,0.48043331503868103,0.06213346498321189
S0280,2019,0.48043331503868103,0.004249345778373578
S0281,2019,1.3020933866500854,0.6466843151570486
S0282,2019,0.0,0.0
S0284,2019,0.0,0.0
S0285,2019,0.0,0.0
S0287,2019,0.0,0.0
S0289,2019,0.0,0.0
S0290,2019,0.0,0.0
S0291,2019,0.0,0.0
S0293,2019,0.0,0.0
S0294,2019,0.0,0.0
S0295,2019,0.0,0.0
S0296,2019,0.0,0.0
S0297,2019,0.0,0.0
S0298,2019,5.1179022789001465,1.709369887911417
S0300,2019,47.09035873413086,15.661142267602182
S0301,2019,12.010296821594238,7.637617296951636
S0302,2019,7.610218048095703,3.514936128131728
S0307,2019,0.4814189374446869,0.019568688067163484
S0308,2019,2.2271413803100586,1.3656704893585578
S0309,2019,7.156406402587891,3.2863871348675477
S0310,2019,0.0,0.0
S0311,2019,3.267108201980591,2.0941179862507653
S0312,2019,0.0,0.0
S0313,2019,0.0,0.0
S0314,2019,0.0,0.0
S0315,2019,0.8792686462402344,0.39669897060379317
S0316,2019,0.8792686462402344,0.5653224122610429
S0317,2019,0.0,0.0
S0318,2019,0.8792686462402344,0.47660134099295715
S0319,2019,0.8792686462402344,0.4520482405810289
S0320,2019,0.8650339245796204,0.4892071447611305
S0321,2019,0.8650339245796204,0.48525219510733314
S0322,2019,0.8452891111373901,0.2490064113142355
S0323,2019,0.0,0.0
S0324,2019,0.0,0.0
S0325,2019,0.0,0.0
S0326,2019,0.4036272168159485,0.037568992105397304
S0327,2019,0.9058151245117188,0.43540023162568364
S0328,2019,0.9058151245117188,0.36876535767527757
S0329,2019,0.0,0.0
S0330,2019,0.6365802884101868,0.1468462231821609
S0331,2019,0.6365802884101868,0.2781698910578473
S0332,2019,0.6365802884101868,0.28821123448342906
S0333,2019,0.0,0.0
S0334,2019,0.3594003915786743,0.02803593280171989
S0335,2019,0.289469450712204,0.0017230324447154999
S0336,2019,0.0,0.0
S0337,2019,0.0,0.0
S0338,2019,0.0,0.0
S0339,2019,0.7925809025764465,0.2682979622349699
S0340,2019,0.7925809025764465,0.2849639468980067
S0341,2019,0.0,0.0
S0342,2019,0.0,0.0
S0343,2019,0.7726032733917236,0.2900932769273025
S0344,2019,0.7726032733917236,0.4815170970532036
S0345,2019,0.7660437226295471,0.19437321191029622
S0346,2019,0.5074048638343811,0.06785094843344798
S0348,2019,0.6249654293060303,0.15918936505023976
S0349,2019,3.086509943008423,1.2358310635287628
S0350,2019,1.8233808279037476,1.1126305611482499
S0351,2019,0.0,0.0
S0352,2019,0.0,0.0
S0353,2019,0.0,0.0
S0354,2019,0.0,0.0
S0355,2019,0.0,0.0
S0356,2019,0.0,0.0
S0357,2019,0.0,0.0
S0358,2019,0.5839356184005737,0.18763252548345433
S0359,2019,0.5968794822692871,0.2618848139326115
S0360,2019,1.3388125896453857,0.42697326326713614
S0361,2019,1.5503994226455688,0.7403916435322645
S0362,2019,2.871215343475342,0.8768736077542592
S0363,2019,0.0,0.0
S0364,2019,1.1327656507492065,0.11477639360664181
S0365,2019,0.309625506401062,0.07109426377969823
S0366,2019,0.8792686462402344,0.41466101612924977
S0367,2019,0.0,0.0
S0368,2019,0.0,0.0
S0369,2019,0.0,0.0
S0370,2019,0.0,0.0
S0371,2019,2.0370357036590576,0.7781685699738047
S0372,2019,0.8792686462402344,0.5447132677101089
S0373,2019,2.0370357036590576,0.4926570047084606
S0374,2019,0.9011293053627014,0.4168444051660637
S0375,2019,0.0,0.0
S0377,2019,0.0,0.0
S0378,2019,0.0,0.0
S0379,2019,0.0,0.0
S0380,2019,0.0,0.0
S0383,2019,0.0,0.0
S0384,2019,0.9243783950805664,0.11200129966153272
S0386,2019,0.0,0.0
S0387,2019,0.0,0.0
S0388,2019,0.2738806903362274,0.012894571108108634
S0389,2019,0.8954572081565857,0.5505367258312561
S0390,2019,0.8954572081565857,0.49704032845442586
S0391,2019,0.0,0.0
S0392,2019,0.3788207173347473,0.14215939795373936
S0393,2019,1.499416708946228,0.4619371715829248
S0394,2019,0.0,0.0
S0395,2019,0.0,0.0
S0396,2019,0.0,0.0
S0397,2019,1.0545730590820312,0.17788341809959485
S0399,2019,0.0,0.0
S0400,2019,0.0,0.0
S0401,2019,0.0,0.0
S0402,2019,1.234261155128479,0.6648020179391655
S0403,2019,0.6249654293060303,0.10020334825410951
S0404,2019,0.0,0.0
S0405,2019,0.0,0.0
S0406,2019,0.0,0.0
S0407,2019,0.4180636405944824,0.03152653759684182
S0410,2019,0.0,0.0
S0411,2019,2.222398519515991,0.6329132657587958
S0412,2019,2.222398519515991,0.9947029598734596
S0413,2019,0.0,0.0
S0414,2019,1.7678096294403076,0.7820799310290507
S0416,2019,0.0,0.0
S0417,2019,0.40688854455947876,0.014276513957437816
S0418,2019,0.0,0.0
S0419,2019,0.9730260968208313,0.42109114714916046
S0420,2019,0.0,0.0
S0421,2019,0.0,0.0
S0422,2019,0.0,0.0
S0423,2019,0.29679951071739197,0.04027037160857668
S0424,2019,0.0,0.0
S0428,2019,0.0,0.0
S0429,2019,8.816521644592285,4.199239612673337
S0430,2019,0.0,0.0
S0432,2019,0.0,0.0
S0433,2019,0.0,0.0
S0434,2019,0.0,0.0
S0443,2019,0.0,0.0
S0444,2019,0.0,0.0
S0445,2019,0.0,0.0
S0449,2019,3.2961666584014893,1.9328187378281252
S0450,2019,1.4638055562973022,0.7419230903732977
S0453,2019,2.7646572589874268,0.8967429162646698
S0455,2019,0.0,0.0
S0456,2019,0.3440729081630707,0.005281820958643629
S0459,2019,0.0,0.0
S0460,2019,0.0,0.0
S0462,2019,0.0,0.0
S0463,2019,0.0,0.0
S0464,2019,0.0,0.0
S0465,2019,0.0,0.0
S0466,2019,0.6760635375976562,0.12399038154552396
S0470,2019,8.948067665100098,3.6738117724084836
S0471,2019,12.783751487731934,5.691244895612883
S0472,2019,1.1660276651382446,0.47552341680756
S0474,2019,0.0,0.0
S0475,2019,0.0,0.0
S0476,2019,0.0,0.0
S0477,2019,0.0,0.0
S0487,2019,0.0,0.0
S0488,2019,0.0,0.0
S0490,2019,0.0,0.0
S0492,2019,0.0,0.0
S0493,2019,0.0,0.0
S0495,2019,0.0,0.0
S0496,2019,0.0,0.0
S0497,2019,0.0,0.0
S0499,2019,0.0,0.0
S0500,2019,0.0,0.0
S0501,2019,0.755209743976593,0.03247471298212387
S0503,2019,2.341123580932617,0.20858195016574915
S0504,2019,0.9799544811248779,0.48386521189048953
S0505,2019,0.0,0.0
S0506,2019,0.0,0.0
S0507,2019,0.0,0.0
S0508,2019,1.4633136987686157,0.5275407182907909
S0509,2019,0.0,0.0
S0510,2019,0.0,0.0
S0511,2019,1.0485007762908936,0.22783446051741968
S0512,2019,0.0,0.0
S0513,2019,0.0,0.0
S0515,2019,0.0,0.0
S0516,2019,0.9133092164993286,0.5049199988472789
S0533,2019,0.0,0.0
S0539,2019,0.0,0.0
S0540,2019,0.0,0.0
S0544,2019,0.0,0.0
S0546,2019,0.0,0.0
S0547,2019,0.0,0.0
S0550,2019,0.0,0.0
S0551,2019,0.0,0.0
S0552,2019,0.0,0.0
S0553,2019,0.0,0.0
S0554,2019,0.0,0.0
S0555,2019,0.0,0.0
S0556,2019,0.0,0.0
S0558,2019,0.0,0.0
S0559,2019,0.0,0.0
S0560,2019,0.0,0.0
S0561,2019,0.0,0.0
S0562,2019,0.0,0.0
S0563,2019,0.0,0.0
S0564,2019,0.0,0.0
S0565,2019,0.0,0.0
S0566,2019,0.0,0.0
S0567,2019,0.0,0.0
S0569,2019,0.0,0.0
S0571,2019,0.0,0.0
S0573,2019,0.0,0.0
S0576,2019,0.0,0.0
S0587,2019,0.0,0.0
S0590,2019,0.0,0.0
S0592,2019,0.0,0.0
S0595,2019,0.0,0.0
S0596,2019,0.0,0.0
S0597,2019,0.0,0.0
S0599,2019,0.0,0.0
S0602,2019,0.0,0.0
S0603,2019,0.0,0.0
S0605,2019,0.0,0.0
S0607,2019,0.0,0.0
S0608,2019,0.0,0.0
S0610,2019,0.0,0.0
S0611,2019,0.0,0.0
S0612,2019,0.0,0.0
S0614,2019,0.0,0.0
S0615,2019,0.0,0.0
S0617,2019,0.0,0.0
S0618,2019,0.0,0.0
S0620,2019,0.0,0.0
S0623,2019,0.0,0.0
S0624,2019,0.6069903373718262,0.24653860191616309
S0627,2019,0.0,0.0
S0628,2019,0.0,0.0
S0629,2019,0.41805174946784973,0.09518890872985525
S0630,2019,0.0,0.0
S0631,2019,0.0,0.0
S0632,2019,0.0,0.0
S0633,2019,0.0,0.0
S0634,2019,0.0,0.0
S0635,2019,0.0,0.0
S0636,2019,0.0,0.0
S0637,2019,0.0,0.0
S0638,2019,0.0,0.0
S0639,2019,0.0,0.0
S0640,2019,0.0,0.0
S0643,2019,0.0,0.0
S0644,2019,0.0,0.0
S0645,2019,0.0,0.0
S0646,2019,0.0,0.0
S0648,2019,1.041581630706787,0.30666851378447463
S0650,2019,0.0,0.0
S0651,2019,1.041581630706787,0.12416144787400846
S0652,2019,0.0,0.0
S0653,2019,2.9750521183013916,0.419562519788742
S0654,2019,0.0,0.0
S0655,2019,0.0,0.0
S0656,2019,2.0272114276885986,1.220423304117643
S0657,2019,2.545116424560547,1.376704619919601
S0658,2019,1.2859677076339722,0.21940079708595325
S0659,2019,0.0,0.0
S0660,2019,0.0,0.0
S0661,2019,0.5254095792770386,0.04170179967805157
S0662,2019,0.0,0.0
S0663,2019,0.0,0.0
S0664,2019,0.9492809176445007,0.14536393019054036
S0665,2019,0.0,0.0
S0666,2019,0.0,0.0
S0667,2019,0.7933036684989929,0.043119130332641836
S0668,2019,0.6545563340187073,0.014778317983489159
S0669,2019,0.0,0.0
S0670,2019,1.4743943214416504,0.4942269020213104
S0671,2019,0.0,0.0
S0672,2019,0.0,0.0
S0673,2019,0.0,0.0
S0674,2019,0.0,0.0
S0675,2019,1.4743943214416504,0.4878791152214517
S0676,2019,0.6545563340187073,0.004524109126111078
S0677,2019,0.5066949725151062,0.06121596289639497
S0678,2019,1.4743943214416504,0.250203955617576
S0679,2019,0.6810556054115295,0.19314961311245446
S0680,2019,0.6307805776596069,0.0638613499691675
S0681,2019,0.6307805776596069,0.05659771444058111
S0682,2019,0.6426777243614197,0.15063404241010206
S0683,2019,1.4743943214416504,0.7210857809865302
S0684,2019,1.4743943214416504,0.2579156723027696
S0685,2019,0.6545563340187073,0.07778960425084033
S0686,2019,0.7172275185585022,0.2833376010171412
S0687,2019,0.7004498243331909,0.0657707387525805
S0688,2019,0.6810556054115295,0.12912004099976818
S0689,2019,0.6810556054115295,0.2299042394858614
S0690,2019,0.0,0.0
S0693,2019,0.0,0.0
S0696,2019,0.0,0.0
S0697,2019,0.0,0.0
S0699,2019,0.0,0.0
S0700,2019,0.0,0.0
S0701,2019,0.0,0.0
S0702,2019,0.0,0.0
S0703,2019,0.0,0.0
S0704,2019,0.0,0.0
S0705,2019,0.0,0.0
S0706,2019,0.0,0.0
S0707,2019,0.0,0.0
S0708,2019,0.0,0.0
S0709,2019,1.0035338401794434,0.3807407630162824
S0710,2019,0.5121961832046509,0.0019273609904220165
S0712,2019,0.0,0.0
S0713,2019,1.0035338401794434,0.36209202715221994
S0714,2019,0.40223971009254456,0.00833526557805587
S0715,2019,0.0,0.0
S0716,2019,1.1338353157043457,0.406837663381451
S0717,2019,0.729649007320404,0.03519072657049379
S0719,2019,0.0,0.0
S0720,2019,1.6039310693740845,0.41443543255777854
S0721,2019,1.6039310693740845,0.3812264796126877
S0723,2019,0.742694079875946,0.0314404831556139
S0724,2019,0.0,0.0
S0725,2019,0.0,0.0
S0726,2019,0.0,0.0
S0732,2019,0.0,0.0
S0733,2019,0.0,0.0
S0734,2019,0.0,0.0
S0735,2019,0.0,0.0
S0736,2019,1.0035338401794434,0.32757938899712524
S0740,2019,0.0,0.0
S0742,2019,0.3233892023563385,0.009836548331315408
S0743,2019,0.7277624011039734,0.02013933688589612
S0744,2019,0.0,0.0
S0746,2019,0.0,0.0
S0747,2019,0.0,0.0
S0748,2019,0.0,0.0
S0750,2019,0.0,0.0
S0751,2019,1.1338353157043457,0.47335006085363496
S0752,2019,0.0,0.0
S0753,2019,0.0,0.0
S0754,2019,0.0,0.0
S0755,2019,0.0,0.0
S0756,2019,0.8373873233795166,0.07447374725761786
S0757,2019,3.452775478363037,1.3005721035791131
S0758,2019,0.726958155632019,0.09605976505150546
S0759,2019,0.8507503271102905,0.16863264238819428
S0760,2019,3.8643712997436523,1.5355791611272087
S0761,2019,10.46800422668457,3.5317845930303564
S0762,2019,10.46800422668457,3.4724452780884505
S0763,2019,1.5718557834625244,0.7791436813346114
S0764,2019,13.05801773071289,1.7629890398865447
S0765,2019,9.842649459838867,4.136226824869557
S0766,2019,3.8643712997436523,1.6610397433049633
S0767,2019,0.7988744378089905,0.21772809482612945
S0768,2019,2.3163204193115234,0.9479360517938992
S0769,2019,0.8390746712684631,0.023673082111388678
S0770,2019,1.955070972442627,0.9053601593903775
S0771,2019,1.1584089994430542,0.2689048082011301
S0772,2019,2.2090702056884766,0.570414634428479
S0773,2019,2.2090702056884766,1.024298565674905
S0774,2019,1.2091647386550903,0.7486924811305203
S0775,2019,0.7376553416252136,0.05881423496385098
S0776,2019,1.2091647386550903,0.89157817896257
S0777,2019,1.2091647386550903,0.8271978641921729
S0778,2019,1.1167372465133667,0.39335849189533384
S0779,2019,7.346132278442383,2.5857492247307077
S0780,2019,4.812590599060059,2.951059065177399
S0781,2019,4.812590599060059,2.486420726978109
S0792,2019,0.0,0.0
S0796,2019,0.0,0.0
S0797,2019,0.0,0.0
S0798,2019,0.0,0.0
S0799,2019,0.0,0.0
S0800,2019,0.5493967533111572,0.19526678798936556
S0801,2019,0.0,0.0
S0803,2019,0.3552456796169281,0.0012105477141224014
S0804,2019,0.0,0.0
S0805,2019,0.6362974643707275,0.1418299213444917
S0808,2019,0.0,0.0
S0809,2019,0.0,0.0
S0813,2019,0.0,0.0
S0814,2019,0.0,0.0
S0815,2019,0.0,0.0
S0816,2019,0.0,0.0
S0817,2019,0.997714102268219,0.1170327666705892
S0818,2019,0.0,0.0
S0819,2019,0.0,0.0
S0820,2019,0.3719173073768616,0.08099148515641073
S0822,2019,0.3813075125217438,0.06376217778318896
S0823,2019,0.0,0.0
S0824,2019,0.0,0.0
S0825,2019,1.4069572687149048,0.6836387521630378
S0826,2019,0.0,0.0
S0828,2019,1.3644360303878784,0.5698412054378784
S0829,2019,0.0,0.0
S0831,2019,0.0,0.0
S0832,2019,0.0,0.0
S0833,2019,0.0,0.0
S0834,2019,0.0,0.0
S0835,2019,0.0,0.0
S0836,2019,0.0,0.0
S0837,2019,0.0,0.0
S0839,2019,0.7035713195800781,0.3295023655829525
S0840,2019,0.0,0.0
S0841,2019,0.0,0.0
S0843,2019,0.463797926902771,0.09101952314189866
S0845,2019,0.0,0.0
S0846,2019,0.7035713195800781,0.1616543276249466
S0847,2019,0.0,0.0
S0848,2019,0.0,0.0
S0849,2019,0.0,0.0
S0850,2019,0.0,0.0
S0851,2019,0.0,0.0
S0852,2019,0.0,0.0
S0854,2019,0.0,0.0
S0856,2019,0.5451012849807739,0.021525983168815908
S0857,2019,0.0,0.0
S0858,2019,0.0,0.0
S0860,2019,0.0,0.0
S0861,2019,0.0,0.0
S0862,2019,1.0273536443710327,0.2696480514806517
S0863,2019,0.0,0.0
S0864,2019,0.0,0.0
S0865,2019,0.0,0.0
S0866,2019,0.0,0.0
S0867,2019,0.0,0.0
S0868,2019,20.300172805786133,5.450358850831778
S0870,2019,0.5451012849807739,0.022654265212232225
S0871,2019,0.0,0.0
S0872,2019,1.5027673244476318,0.3888997160586207
S0873,2019,0.7402595281600952,0.09048669296185426
S0874,2019,2.8679213523864746,0.7915899634791154
S0875,2019,1.0273536443710327,0.1857257461967576
S0876,2019,0.0,0.0
S0879,2019,0.7402595281600952,0.04661353753957399
S0881,2019,23.174205780029297,6.633904771813797
S0882,2019,1.6278702020645142,0.09652356393951872
S0883,2019,23.174205780029297,7.693467376128131
S0885,2019,1.0270148515701294,0.33608826344663456
S0886,2019,0.48214033246040344,0.0780322024584713
S0887,2019,0.0,0.0
S0888,2019,0.0,0.0
S0889,2019,0.6584822535514832,0.08552303487845596
S0890,2019,16.275772094726562,3.884319724710995
S0891,2019,23.174205780029297,6.444249325943891
S0892,2019,1.240925908088684,0.337875975974875
S0893,2019,11.476210594177246,3.631449164192866
S0894,2019,6.781700134277344,1.9631876693977106
S0895,2019,16.275772094726562,2.710663668820658
S0896,2019,23.174205780029297,6.6357706972915524
S0897,2019,23.174205780029297,8.454947427041173
S0898,2019,23.174205780029297,2.940281595758991
S0899,2019,20.300172805786133,4.296571727979893
S0900,2019,0.0,0.0
S0902,2019,0.0,0.0
S0903,2019,0.0,0.0
S0904,2019,0.0,0.0
S0905,2019,0.0,0.0
S0906,2019,0.0,0.0
S0907,2019,0.0,0.0
S0908,2019,0.0,0.0
S0909,2019,0.0,0.0
S0910,2019,0.0,0.0
S0912,2019,0.0,0.0
S0914,2019,0.0,0.0
S0915,2019,0.0,0.0
S0916,2019,0.0,0.0
S0917,2019,0.0,0.0
S0918,2019,0.0,0.0
S0919,2019,0.0,0.0
S0920,2019,0.0,0.0
S0921,2019,0.0,0.0
S0922,2019,0.0,0.0
S0924,2019,0.0,0.0
S0925,2019,0.0,0.0
S0926,2019,0.0,0.0
S0927,2019,0.0,0.0
S0928,2019,0.0,0.0
S0929,2019,0.0,0.0
S0930,2019,0.0,0.0
S0931,2019,0.0,0.0
S0934,2019,0.0,0.0
S0936,2019,0.0,0.0
S0938,2019,0.0,0.0
S0939,2019,0.0,0.0
S0940,2019,0.847574770450592,0.10807360379556351
S0941,2019,0.0,0.0
S0942,2019,0.0,0.0
S0943,2019,0.0,0.0
S0944,2019,0.0,0.0
S0945,2019,0.0,0.0
S0946,2019,0.5143147110939026,0.08986179133474062
S0949,2019,0.0,0.0
S0950,2019,0.0,0.0
S0951,2019,0.0,0.0
S0952,2019,0.0,0.0
S0953,2019,0.0,0.0
S0954,2019,0.0,0.0
S0955,2019,0.0,0.0
S0956,2019,0.6961262226104736,0.130055732233552
S0957,2019,0.5143147110939026,0.04008813616952893
S0958,2019,6.863134384155273,2.4873630320819995
S0959,2019,0.5662475228309631,0.014765187724491105
S0960,2019,0.0,0.0
S0961,2019,0.0,0.0
S0962,2019,0.0,0.0
S0963,2019,1.3330508470535278,0.157671376575464
S0964,2019,0.6961262226104736,0.13220418982165627
S0965,2019,0.0,0.0
S0966,2019,0.0,0.0
S0967,2019,2.632701873779297,1.3572495352783565
S0968,2019,1.6017271280288696,0.6823720076415877
S0969,2019,2.632701873779297,1.1516227738040135
S0970,2019,0.8504413962364197,0.4113997540571404
S0971,2019,0.8504413962364197,0.4106427074114182
S0972,2019,0.6627203822135925,0.14264433819269098
S0973,2019,4.505710124969482,1.6668016443643705
S0974,2019,0.8504413962364197,0.37494342491544524
S0975,2019,0.8504413962364197,0.21246405054222453
S0976,2019,1.388722538948059,0.6297931868267659
S0977,2019,0.0,0.0
S0978,2019,20.300172805786133,3.9527655768050995
S0979,2019,0.6967900991439819,0.08927329513616451
S0980,2019,3.652632474899292,1.2682259743551045
S0981,2019,1.524681568145752,0.800792707576249
S0982,2019,11.476210594177246,2.9422903759706767
S0983,2019,0.8361271023750305,0.11067499521008708
S0984,2019,6.83871603012085,3.4450417927066366
S0985,2019,6.83871603012085,2.938619530511224
S0986,2019,0.0,0.0
S0987,2019,0.0,0.0
S0988,2019,0.0,0.0
S0989,2019,2.2142398357391357,1.3944305293601202
S0990,2019,0.6099708080291748,0.028148176479981957
S0991,2019,6.83871603012085,2.3872836694387365
S0992,2019,4.155014991760254,0.6295763212849007
S0993,2019,0.922532320022583,0.265088807419644
S0994,2019,6.83871603012085,3.062468825276931
S0995,2019,1.924367904663086,0.9874694866750802
S0996,2019,6.83871603012085,3.4094214411712493
S0997,2019,0.0,0.0
S0998,2019,0.0,0.0
S1000,2019,0.0,0.0
S1002,2019,1.5476410388946533,0.34479908307169316
S1003,2019,0.7431530356407166,0.13577333787112564
S1004,2019,1.5476410388946533,0.6895459896718447
S1005,2019,1.5476410388946533,0.625522245026352
S1006,2019,1.5634863376617432,0.8265049497990055
S1007,2019,2.4751391410827637,0.7794987624683537
S1008,2019,0.0,0.0
S1010,2019,0.5881527066230774,0.08197657108269549
S1011,2019,0.0,0.0
S1015,2019,0.0,0.0
S1016,2019,0.0,0.0
S1018,2019,0.0,0.0
S1019,2019,1.83756422996521,0.4640092016237116
S1020,2019,0.0,0.0
S1021,2019,0.0,0.0
S1022,2019,0.0,0.0
S1023,2019,0.4112233519554138,0.02114943790963365
S1024,2019,0.0,0.0
S1025,2019,0.4112233519554138,0.024356238490318836
S1026,2019,0.0,0.0
S1027,2019,0.0,0.0
S1028,2019,0.0,0.0
S1029,2019,0.0,0.0
S1030,2019,0.3696148097515106,0.01651419976248813
S1031,2019,0.0,0.0
S1032,2019,0.0,0.0
S1033,2019,0.0,0.0
S1034,2019,1.83756422996521,0.15520512359770822
S1035,2019,0.0,0.0
S1036,2019,0.0,0.0
S1037,2019,0.0,0.0
S1038,2019,0.0,0.0
S1039,2019,0.0,0.0
S1040,2019,0.0,0.0
S1041,2019,0.0,0.0
S1042,2019,0.0,0.0
S1043,2019,0.0,0.0
S1044,2019,0.0,0.0
S1045,2019,0.0,0.0
S1046,2019,0.0,0.0
S1047,2019,0.0,0.0
S1048,2019,0.0,0.0
S1049,2019,0.0,0.0
S1050,2019,0.0,0.0
S1052,2019,0.0,0.0
S1053,2019,0.0,0.0
S1054,2019,0.0,0.0
S1055,2019,0.0,0.0
S1059,2019,0.0,0.0
S1060,2019,29.34278106689453,5.401043718756085
S1064,2019,0.0,0.0
S1066,2019,8.7918701171875,3.007876217891078
S1067,2019,9.842649459838867,5.118706184233244
S1068,2019,11.295439720153809,4.660833463040027
S1069,2019,2.5218241214752197,0.9592952938794791
S1070,2019,0.9495075941085815,0.07110620558654623
S1071,2019,7.2150397300720215,2.0838924729764234
S1072,2019,0.6132416129112244,0.015625218825356772
S1073,2019,0.0,0.0
S1074,2019,0.0,0.0
S1076,2019,0.6565796136856079,0.08332801249296326
S1078,2019,5.119240760803223,1.749808834458419
S1079,2019,8.51553726196289,1.9196276219007808
S1080,2019,6.842681407928467,2.4947636677092646
S1081,2019,15.685657501220703,5.617758334545763
S1083,2019,1.1491791009902954,0.24449098010670103
S1091,2019,0.0,0.0
S1092,2019,0.0,0.0
S1093,2019,0.0,0.0
S1094,2019,0.0,0.0
S1097,2019,0.0,0.0
S1102,2019,0.681540846824646,0.3257866678281555
S1103,2019,0.3563430607318878,0.032455394954562004
S1106,2019,0.0,0.0
S1110,2019,0.0,0.0
S1114,2019,0.0,0.0
S1115,2019,0.0,0.0
S1116,2019,0.0,0.0
S1117,2019,0.0,0.0
S1118,2019,0.0,0.0
S1119,2019,0.0,0.0
S1120,2019,0.0,0.0
S1121,2019,0.0,0.0
S1122,2019,11.041608810424805,3.5145403835612528
S1127,2019,22.558521270751953,10.464237323903799
S1128,2019,0.0,0.0
S1130,2019,0.0,0.0
S1133,2019,0.0,0.0
S1135,2019,1.4600751399993896,0.4881398940754476
S1136,2019,1.4069572687149048,0.5824333725211016
S1137,2019,0.0,0.0
S1138,2019,2.068359613418579,0.8630291276624242
S1139,2019,104.08078002929688,56.32928886612755
S1140,2019,34.337039947509766,20.02686644694058
S1141,2019,0.0,0.0
S1142,2019,31.106977462768555,14.693785875895689
S1143,2019,74.23552703857422,38.309909551932876
S1144,2019,10.709745407104492,6.273993791737402
S1145,2019,0.8751290440559387,0.43357782683869533
S1146,2019,4.287251949310303,2.6631244156573968
S1147,2019,13.953190803527832,7.288698329596686
S1148,2019,1.8208563327789307,0.6544325470756056
S1149,2019,13.953190803527832,3.9932836606080775
S1150,2019,1.985705018043518,1.140264929426334
S1151,2019,0.8659205436706543,0.05420766629434998
S1152,2019,1.985705018043518,1.006932841749269
S1153,2019,4.025385856628418,2.804225741110721
S1154,2019,15.269107818603516,5.678935563347284
S1155,2019,3.192483425140381,0.9359255372841855
S1156,2019,29.34278106689453,11.8869913659854
S1157,2019,29.34278106689453,10.433320422198063
S1158,2019,29.34278106689453,9.255180780175113
S1159,2019,11.430633544921875,6.026519996245453
S1160,2019,21.662982940673828,8.499991244225248
S1161,2019,17.92878532409668,6.5744111035881
S1162,2019,17.92878532409668,6.283417849806452
S1163,2019,17.92878532409668,5.501566819059779
S1164,2019,50.3116340637207,22.655015193194448
S1165,2019,50.3116340637207,24.000976476142483
S1166,2019,6.524397373199463,3.234606332236663
S1167,2019,5.2572102546691895,3.59078182670622
S1168,2019,22.541427612304688,12.507825261852863
S1169,2019,7.931858539581299,5.150732868726264
S1170,2019,104.08078002929688,51.76745842853008
S1171,2019,44.27511215209961,28.147940584730605
S1172,2019,54.231258392333984,30.73161973039583
S1173,2019,51.936161041259766,37.817391580565534
S1174,2019,37.417327880859375,30.45659376857946
S1175,2019,104.08078002929688,57.88142972851576
S1176,2019,45.651737213134766,28.769009746150292
S1177,2019,45.651737213134766,32.76003990694179
S1178,2019,77.45747375488281,49.142085809411405
S1179,2019,76.56951141357422,49.81418148457182
S1180,2019,33.26194763183594,17.23164599523476
S1181,2019,16.831954956054688,6.013702465363665
S1182,2019,29.34278106689453,7.820646637455168
S1183,2019,2.989006280899048,1.7564809886068715
S1184,2019,19.03910255432129,8.399665117338582
S1185,2019,1.9883439540863037,1.5034022507040639
S1186,2019,1.9883439540863037,0.8799954490347638
S1187,2019,15.685657501220703,6.046152884173455
S1188,2019,3.0864267349243164,1.4161725014251296
S1189,2019,0.0,0.0
S1190,2019,0.7445481419563293,0.4251473146418843
S1191,2019,0.0,0.0
S1192,2019,0.0,0.0
S1193,2019,0.0,0.0
S1194,2019,0.0,0.0
S1195,2019,17.119853973388672,4.865155285955821
S1198,2019,0.0,0.0
S1203,2019,0.0,0.0
S1205,2019,0.0,0.0
S1207,2019,0.0,0.0
S1208,2019,0.0,0.0
S1209,2019,0.0,0.0
S1210,2019,0.0,0.0
S1211,2019,0.4486750662326813,0.0705258395143891
S1212,2019,0.0,0.0
S1213,2019,0.9356571435928345,0.20295450959308997
S1214,2019,0.9356571435928345,0.27478534261199045
S1215,2019,0.0,0.0
S1216,2019,0.0,0.0
S1217,2019,0.0,0.0
S1220,2019,0.0,0.0
S1221,2019,0.0,0.0
S1222,2019,0.0,0.0
S1223,2019,0.0,0.0
S1224,2019,0.0,0.0
S1226,2019,0.27753305435180664,0.009728186676930695
S1227,2019,0.2607663571834564,0.026450996728319874
S1228,2019,0.4486750662326813,0.22092567304074112
S1229,2019,0.25309908390045166,0.008825659995405724
S1230,2019,0.0,0.0
S1231,2019,0.0,0.0
S1232,2019,0.0,0.0
S1233,2019,0.0,0.0
S1235,2019,0.4855070114135742,0.006838126921317948
S1236,2019,0.0,0.0
S1238,2019,0.48372745513916016,0.040125840829366134
S1240,2019,0.0,0.0
S1241,2019,0.0,0.0
S1242,2019,0.0,0.0
S1243,2019,0.0,0.0
S1244,2019,0.0,0.0
S1245,2019,0.0,0.0
S1247,2019,0.0,0.0
S1248,2019,0.0,0.0
S1249,2019,0.0,0.0
S1250,2019,0.48160281777381897,0.2502291011698369
S1251,2019,0.0,0.0
S1252,2019,0.0,0.0
S1253,2019,0.0,0.0
S1254,2019,0.0,0.0
S1255,2019,0.0,0.0
S1256,2019,0.0,0.0
S1257,2019,0.0,0.0
S1259,2019,0.0,0.0
S1262,2019,0.0,0.0
S1263,2019,0.0,0.0
S1264,2019,0.0,0.0
S1265,2019,0.0,0.0
S1266,2019,0.3728958070278168,0.00023511715449420982
S1267,2019,0.0,0.0
S1268,2019,0.0,0.0
S1270,2019,0.0,0.0
S1271,2019,0.0,0.0
S1272,2019,0.0,0.0
S1273,2019,0.0,0.0
S1274,2019,0.0,0.0
S1275,2019,0.0,0.0
S1278,2019,0.0,0.0
S1279,2019,2.961526870727539,0.28681532533183013
S1282,2019,0.0,0.0
S1283,2019,0.0,0.0
S1286,2019,0.0,0.0
S1287,2019,0.0,0.0
S1288,2019,0.0,0.0
S1289,2019,0.0,0.0
S1290,2019,0.0,0.0
S1291,2019,0.0,0.0
S1292,2019,0.8843979835510254,0.03113711269901355
S1293,2019,0.0,0.0
S1294,2019,1.4072984457015991,0.5617989104810112
S1295,2019,0.6077780723571777,0.03359542346098353
S1296,2019,0.0,0.0
S1297,2019,0.0,0.0
S1299,2019,0.0,0.0
S1300,2019,0.0,0.0
S1302,2019,0.0,0.0
S1304,2019,0.5539060831069946,0.039060106603943524
S1305,2019,0.0,0.0
S1306,2019,0.0,0.0
S1307,2019,0.0,0.0
S1308,2019,0.0,0.0
S1309,2019,0.0,0.0
S1310,2019,0.5718575716018677,0.0331654592116499
S1311,2019,0.0,0.0
S1312,2019,0.0,0.0
S1313,2019,0.0,0.0
S1314,2019,0.0,0.0
S1315,2019,0.0,0.0
S1316,2019,1.4072984457015991,0.3839676555811686
S1317,2019,0.0,0.0
S1318,2019,1.4699620008468628,0.3827554908853238
S1319,2019,20.906585693359375,8.557712237966344
S1320,2019,3.7276930809020996,1.7854585792430717
S1321,2019,1.2131544351577759,0.40266177462820973
S1323,2019,0.9587206840515137,0.42740588534991
S1324,2019,0.8083308935165405,0.4209567921153801
S1325,2019,1.4888391494750977,0.8828732391207831
S1326,2019,2.695235013961792,1.5954104892820438
S1327,2019,6.1241044998168945,3.9537876038067448
S1328,2019,10.027104377746582,5.147117735271158
S1329,2019,12.010296821594238,6.245254454183608
S1330,2019,12.010296821594238,7.738854217858873
S1331,2019,8.744637489318848,1.798906396785369
S1332,2019,2.4539592266082764,0.9948680053014185
S1333,2019,0.7087081670761108,0.13981668161881916
S1334,2019,1.9777519702911377,1.017947034696076
S1335,2019,1.9777519702911377,0.7872578093434915
S1336,2019,1.9777519702911377,0.7995231778450786
S1337,2019,1.9777519702911377,0.9522179825024212
S1338,2019,1.719694972038269,0.4213738612528683
S1339,2019,11.09005355834961,5.063253672638678
S1340,2019,9.695241928100586,3.3541626500424426
S1341,2019,9.695241928100586,2.690562308265593
S1342,2019,6.816218852996826,2.3125751827471075
S1343,2019,7.410872459411621,1.0467891728006218
S1344,2019,2.411766529083252,0.6577529831995583
S1345,2019,1.9605575799942017,1.041479276369327
S1346,2019,1.1311671733856201,0.5252306439147011
S1347,2019,1.306269884109497,0.7540962961568289
S1348,2019,3.532168388366699,1.5455119428443669
S1349,2019,2.014340877532959,0.79651655445412
S1350,2019,3.532168388366699,1.3815731015647035
S1351,2019,2.086980104446411,0.9805858329835468
S1352,2019,3.532168388366699,0.917113129947454
S1353,2019,3.532168388366699,1.074406985489223
S1354,2019,2.014340877532959,1.001970636298009
S1355,2019,1.849024772644043,0.8466284584216585
S1356,2019,0.0,0.0
S1357,2019,0.0,0.0
S1359,2019,35.806480407714844,13.158555242874872
S1361,2019,3.1164844036102295,0.776701339247832
S1364,2019,0.0,0.0
S1365,2019,1.2853459119796753,0.8332758087996704
S1366,2019,0.0,0.0
S1367,2019,0.0,0.0
S1370,2019,0.0,0.0
S1372,2019,7.410872459411621,1.8788868766927584
S1373,2019,5.119240760803223,1.926298530167878
S1374,2019,2.120699644088745,1.3381871039404019
S1375,2019,2.3970954418182373,1.499563278355445
S1376,2019,0.0,0.0
S1377,2019,1.8602752685546875,1.0165253711988216
S1378,2019,4.3968071937561035,2.1076464663572074
S1379,2019,0.7062498331069946,0.07200814448847095
S1380,2019,2.533503770828247,1.4605461189233182
S1381,2019,9.595176696777344,2.9999638982467074
S1382,2019,1.8065462112426758,0.9861643029393184
S1383,2019,8.117700576782227,4.745524124406854
S1384,2019,6.515997886657715,2.0327362052181313
S1385,2019,8.117700576782227,2.357453652290364
S1386,2019,3.1750874519348145,1.4350774334228815
S1387,2019,6.869320392608643,1.7385748743617684
S1388,2019,1.899475336074829,1.1445573759463643
S1389,2019,1.8065462112426758,1.2188957459245089
S1390,2019,1.8065462112426758,1.000238543268956
S1391,2019,1.717257022857666,1.0851416015400077
S1392,2019,5.512808322906494,2.8456217814096836
S1393,2019,9.252815246582031,5.6494400919121395
S1394,2019,9.879569053649902,5.366632803233858
S1395,2019,17.309431076049805,6.509869727194122
S1396,2019,12.360179901123047,6.3105701387862805
S1397,2019,14.630635261535645,6.823446845956032
S1398,2019,3.569655418395996,2.0338511663298355
S1399,2019,14.630635261535645,5.602072441723518
S1400,2019,14.630635261535645,5.6542152617843255
S1401,2019,10.279411315917969,3.420246239954179
S1402,2019,2.332899808883667,0.9818603048239412
S1403,2019,16.85424041748047,6.196751178992581
S1404,2019,5.956433296203613,3.297765140545398
S1405,2019,27.239482879638672,8.602010043238248
S1406,2019,7.370542049407959,2.0337290251729776
S1407,2019,16.85424041748047,6.604467879301346
S1408,2019,8.638214111328125,2.187913294681825
S1409,2019,10.75163745880127,2.688095957611927
S1410,2019,25.34819984436035,13.937690874793256
S1411,2019,1.313798427581787,0.1784038465858589
S1412,2019,3.1521613597869873,0.8842645255254453
S1413,2019,1.1901522874832153,0.7713176089051159
S1414,2019,17.2534236907959,5.924454542088283
S1415,2019,19.51032257080078,2.456385630374812
S1416,2019,32.188621520996094,9.021757402939578
S1417,2019,26.87104034423828,12.981344537270877
S1418,2019,26.87104034423828,8.947869165287072
S1419,2019,26.87104034423828,13.819879789373386
S1420,2019,21.00115966796875,8.905655805070571
S1421,2019,1.249183177947998,0.20750217280192243
S1422,2019,0.9971674680709839,0.31999865803578137
S1423,2019,0.8082348108291626,0.07854545144416725
S1424,2019,4.905554294586182,1.523175512878464
S1425,2019,41.90922164916992,15.197838083868081
S1426,2019,6.184412479400635,2.911811917245556
S1427,2019,2.2260403633117676,1.2218102018848873
S1428,2019,0.8857031464576721,0.2598740656112138
S1435,2019,0.7162954211235046,0.3489655585203825
S1436,2019,0.7653734087944031,0.14916071702005287
S1437,2019,2.0041985511779785,0.7540173402747269
S1441,2019,3.9943647384643555,1.7053683930212382
S1442,2019,0.4799061715602875,0.19057525535667988
S1443,2019,2.0866129398345947,0.6856951191880349
S1444,2019,1.9226382970809937,0.9576329284500036
S1446,2019,3.2442097663879395,1.5383871038767256
S1447,2019,3.387047052383423,1.9130280919218692
S0001,2019,0.0,0.0
S0002,2019,0.0,0.0
S0003,2019,0.0,0.0
S0005,2019,0.0,0.0
S0006,2019,1.3545567989349365,0.652712065516971
S0008,2019,0.5618346333503723,0.1551498001326367
S0013,2019,0.0,0.0
S0014,2019,0.0,0.0
S0025,2019,0.0,0.0
S0027,2019,0.0,0.0
S0031,2019,0.0,0.0
S0032,2019,0.0,0.0
S0039,2019,0.8618777990341187,0.191448864674005
S0043,2019,0.0,0.0
S0046,2019,0.0,0.0
S0047,2019,0.0,0.0
S0061,2019,0.0,0.0
S0064,2019,0.0,0.0
S0065,2019,0.0,0.0
S0067,2019,0.5129626989364624,0.025651039393877455
S0068,2019,0.0,0.0
S0071,2019,0.0,0.0
S0097,2019,0.0,0.0
S0100,2019,0.0,0.0
S0103,2019,0.0,0.0
S0106,2019,0.0,0.0
S0108,2019,0.0,0.0
S0110,2019,0.0,0.0
S0112,2019,0.0,0.0
S0120,2019,0.2903837561607361,0.011117167932171039
S0122,2019,0.0,0.0
S0123,2019,0.0,0.0
S0127,2019,0.0,0.0
S0128,2019,0.0,0.0
S0129,2019,0.0,0.0
S0136,2019,0.0,0.0
S0142,2019,0.0,0.0
S0143,2019,0.0,0.0
S0144,2019,0.0,0.0
S0146,2019,0.0,0.0
S0147,2019,0.0,0.0
S0148,2019,0.0,0.0
S0161,2019,0.0,0.0
S0163,2019,0.0,0.0
S0167,2019,0.0,0.0
S0204,2019,0.0,0.0
S0206,2019,0.0,0.0
S0228,2019,0.24359342455863953,0.009087027436513512
S0236,2019,0.0,0.0
S0237,2019,0.0,0.0
S0238,2019,0.0,0.0
S0264,2019,0.0,0.0
S0268,2019,0.0,0.0
S0270,2019,0.0,0.0
S0271,2019,0.0,0.0
S0278,2019,0.0,0.0
S0283,2019,0.0,0.0
S0286,2019,0.0,0.0
S0288,2019,0.0,0.0
S0292,2019,0.0,0.0
S0299,2019,0.0,0.0
S0303,2019,0.6493198275566101,0.0708732849212087
S0304,2019,0.3508974313735962,0.03472070113805395
S0305,2019,0.6493198275566101,0.11195359679870308
S0306,2019,0.41616255044937134,0.023765786969553573
S0347,2019,0.0,0.0
S0376,2019,0.0,0.0
S0381,2019,0.0,0.0
S0382,2019,0.0,0.0
S0385,2019,0.0,0.0
S0398,2019,0.0,0.0
S0408,2019,0.5652061700820923,0.03631834690482473
S0409,2019,0.7605812549591064,0.40454962918642734
S0415,2019,0.0,0.0
S0425,2019,0.0,0.0
S0426,2019,0.0,0.0
S0427,2019,0.0,0.0
S0431,2019,0.0,0.0
S0435,2019,0.0,0.0
S0436,2019,0.0,0.0
S0437,2019,0.0,0.0
S0438,2019,0.0,0.0
S0439,2019,0.0,0.0
S0440,2019,0.0,0.0
S0441,2019,0.0,0.0
S0442,2019,0.0,0.0
S0446,2019,0.0,0.0
S0447,2019,0.0,0.0
S0448,2019,0.0,0.0
S0451,2019,0.0,0.0
S0452,2019,0.0,0.0
S0454,2019,0.0,0.0
S0457,2019,0.0,0.0
S0458,2019,0.0,0.0
S0461,2019,0.0,0.0
S0467,2019,0.0,0.0
S0468,2019,0.0,0.0
S0469,2019,0.0,0.0
S0473,2019,0.0,0.0
S0478,2019,0.0,0.0
S0479,2019,0.0,0.0
S0480,2019,0.0,0.0
S0481,2019,0.0,0.0
S0482,2019,0.0,0.0
S0483,2019,0.0,0.0
S0484,2019,0.0,0.0
S0485,2019,0.0,0.0
S0486,2019,0.0,0.0
S0489,2019,0.0,0.0
S0491,2019,0.0,0.0
S0494,2019,0.0,0.0
S0498,2019,0.0,0.0
S0502,2019,0.0,0.0
S0514,2019,0.2854081392288208,0.001796714757499659
S0517,2019,0.0,0.0
S0518,2019,0.0,0.0
S0519,2019,0.0,0.0
S0520,2019,0.6128471493721008,0.038091258855643254
S0521,2019,0.0,0.0
S0522,2019,0.0,0.0
S0523,2019,0.0,0.0
S0524,2019,0.0,0.0
S0525,2019,0.0,0.0
S0526,2019,0.0,0.0
S0527,2019,0.0,0.0
S0528,2019,0.0,0.0
S0529,2019,0.0,0.0
S0530,2019,0.0,0.0
S0531,2019,0.0,0.0
S0532,2019,0.0,0.0
S0534,2019,0.0,0.0
S0535,2019,0.0,0.0
S0536,2019,0.0,0.0
S0537,2019,0.0,0.0
S0538,2019,0.0,0.0
S0541,2019,0.0,0.0
S0542,2019,0.0,0.0
S0543,2019,0.0,0.0
S0545,2019,0.0,0.0
S0548,2019,0.0,0.0
S0549,2019,0.0,0.0
S0557,2019,0.0,0.0
S0568,2019,0.0,0.0
S0570,2019,0.0,0.0
S0572,2019,0.0,0.0
S0574,2019,0.0,0.0
S0575,2019,0.0,0.0
S0577,2019,0.0,0.0
S0578,2019,0.0,0.0
S0579,2019,0.0,0.0
S0580,2019,0.0,0.0
S0581,2019,0.0,0.0
S0582,2019,0.0,0.0
S0583,2019,0.0,0.0
S0584,2019,0.0,0.0
S0585,2019,0.0,0.0
S0586,2019,0.0,0.0
S0588,2019,0.0,0.0
S0589,2019,0.0,0.0
S0591,2019,0.0,0.0
S0593,2019,0.8685308694839478,0.1392811060821172
S0594,2019,0.0,0.0
S0598,2019,0.0,0.0
S0600,2019,0.0,0.0
S0601,2019,0.0,0.0
S0604,2019,0.0,0.0
S0606,2019,0.0,0.0
S0609,2019,0.0,0.0
S0613,2019,0.0,0.0
S0616,2019,0.0,0.0
S0619,2019,0.0,0.0
S0621,2019,0.0,0.0
S0622,2019,0.0,0.0
S0625,2019,0.0,0.0
S0626,2019,0.0,0.0
S0641,2019,0.0,0.0
S0642,2019,0.0,0.0
S0647,2019,0.0,0.0
S0649,2019,0.0,0.0
S0691,2019,0.0,0.0
S0692,2019,0.0,0.0
S0694,2019,0.0,0.0
S0695,2019,0.0,0.0
S0698,2019,0.0,0.0
S0711,2019,0.0,0.0
S0718,2019,0.0,0.0
S0722,2019,0.0,0.0
S0727,2019,0.0,0.0
S0728,2019,0.0,0.0
S0729,2019,0.0,0.0
S0730,2019,0.0,0.0
S0731,2019,0.0,0.0
S0737,2019,0.0,0.0
S0738,2019,0.0,0.0
S0739,2019,0.0,0.0
S0741,2019,0.0,0.0
S0745,2019,0.0,0.0
S0749,2019,0.0,0.0
S0782,2019,0.0,0.0
S0783,2019,0.0,0.0
S0784,2019,0.0,0.0
S0785,2019,0.0,0.0
S0786,2019,0.0,0.0
S0787,2019,0.0,0.0
S0788,2019,0.0,0.0
S0789,2019,0.0,0.0
S0790,2019,0.0,0.0
S0791,2019,0.0,0.0
S0793,2019,0.0,0.0
S0794,2019,0.0,0.0
S0795,2019,0.0,0.0
S0802,2019,0.0,0.0
S0806,2019,0.0,0.0
S0807,2019,0.0,0.0
S0810,2019,0.0,0.0
S0811,2019,0.0,0.0
S0812,2019,0.0,0.0
S0821,2019,0.0,0.0
S0827,2019,0.0,0.0
S0830,2019,0.0,0.0
S0838,2019,0.0,0.0
S0842,2019,0.0,0.0
S0844,2019,0.0,0.0
S0853,2019,0.5135797262191772,0.010727869467172545
S0855,2019,0.0,0.0
S0859,2019,0.0,0.0
S0869,2019,0.0,0.0
S0877,2019,0.0,0.0
S0878,2019,0.0,0.0
S0880,2019,0.0,0.0
S0884,2019,0.0,0.0
S0901,2019,0.0,0.0
S0911,2019,0.0,0.0
S0913,2019,0.0,0.0
S0923,2019,0.0,0.0
S0932,2019,0.0,0.0
S0933,2019,0.0,0.0
S0935,2019,0.18703259527683258,0.01430211306980998
S0937,2019,0.0,0.0
S0947,2019,0.0,0.0
S0948,2019,0.0,0.0
S0999,2019,0.0,0.0
S1001,2019,0.0,0.0
S1009,2019,0.0,0.0
S1012,2019,0.0,0.0
S1013,2019,0.0,0.0
S1014,2019,0.0,0.0
S1017,2019,0.0,0.0
S1051,2019,0.0,0.0
S1056,2019,0.0,0.0
S1057,2019,0.0,0.0
S1058,2019,0.0,0.0
S1061,2019,0.0,0.0
S1062,2019,0.0,0.0
S1063,2019,0.0,0.0
S1065,2019,0.0,0.0
S1075,2019,0.0,0.0
S1077,2019,0.0,0.0
S1082,2019,0.0,0.0
S1084,2019,0.0,0.0
S1085,2019,0.0,0.0
S1086,2019,0.0,0.0
S1087,2019,0.0,0.0
S1088,2019,0.0,0.0
S1089,2019,0.0,0.0
S1090,2019,0.0,0.0
S1095,2019,0.0,0.0
S1096,2019,0.0,0.0
S1098,2019,0.0,0.0
S1099,2019,0.0,0.0
S1100,2019,0.0,0.0
S1101,2019,0.0,0.0
S1104,2019,0.0,0.0
S1105,2019,0.0,0.0
S1107,2019,0.0,0.0
S1108,2019,0.0,0.0
S1109,2019,0.0,0.0
S1111,2019,0.0,0.0
S1112,2019,0.0,0.0
S1113,2019,0.0,0.0
S1123,2019,0.0,0.0
S1124,2019,0.0,0.0
S1125,2019,0.0,0.0
S1126,2019,0.0,0.0
S1129,2019,0.0,0.0
S1131,2019,0.0,0.0
S1132,2019,0.0,0.0
S1134,2019,0.0,0.0
S1196,2019,0.0,0.0
S1197,2019,0.0,0.0
S1199,2019,0.0,0.0
S1200,2019,0.0,0.0
S1201,2019,0.0,0.0
S1202,2019,0.0,0.0
S1204,2019,0.0,0.0
S1206,2019,0.0,0.0
S1218,2019,0.0,0.0
S1219,2019,0.0,0.0
S1225,2019,0.0,0.0
S1234,2019,0.0,0.0
S1237,2019,0.0,0.0
S1239,2019,0.0,0.0
S1246,2019,0.0,0.0
S1258,2019,0.0,0.0
S1260,2019,0.0,0.0
S1261,2019,0.0,0.0
S1269,2019,0.0,0.0
S1276,2019,0.0,0.0
S1277,2019,0.0,0.0
S1280,2019,0.0,0.0
S1281,2019,0.0,0.0
S1284,2019,0.0,0.0
S1285,2019,0.0,0.0
S1298,2019,0.0,0.0
S1301,2019,0.0,0.0
S1303,2019,0.0,0.0
S1322,2019,1.004024863243103,0.4785198661033357
S1358,2019,0.4603789448738098,0.1494741926290137
S1360,2019,0.43510937690734863,0.0038776255958895512
S1362,2019,1.4641975164413452,0.7273771748096125
S1363,2019,1.2709749937057495,0.5702984307596186
S1368,2019,0.8919750452041626,0.5268295655367817
S1369,2019,0.0,0.0
S1371,2019,0.0,0.0
S1429,2019,0.0,0.0
S1430,2019,0.0,0.0
S1431,2019,0.0,0.0
S1432,2019,0.419879287481308,0.07038562649527799
S1433,2019,0.40833649039268494,0.013375431496327318
S1434,2019,0.7162954211235046,0.11360771407589795
S1438,2019,0.41615262627601624,0.08118283403852906
S1439,2019,1.2638957500457764,0.5906777262846854
S1440,2019,0.0,0.0
S1445,2019,1.7041115760803223,0.6598231854229538
S0000,2020,103.06532287597656,54.04438812827882
S0004,2020,0.6456260085105896,0.17824062304320828
S0007,2020,0.0,0.0
S0009,2020,4.67507791519165,2.229009484363379
S0010,2020,1.8357068300247192,0.925571341196895
S0011,2020,0.9062373042106628,0.2918071475540261
S0012,2020,0.0,0.0
S0015,2020,4.9721245765686035,2.144082452265869
S0016,2020,2.500040292739868,1.0571967315838462
S0017,2020,3.922088623046875,0.4857427831967124
S0018,2020,0.6507178544998169,0.07610087334867341
S0019,2020,0.0,0.0
S0020,2020,1.7279349565505981,0.943753025184075
S0021,2020,0.37048038840293884,0.012531124944415092
S0022,2020,0.0,0.0
S0023,2020,1.2600020170211792,0.4408992089127762
S0024,2020,0.8914804458618164,0.05700899234973479
S0026,2020,0.0,0.0
S0028,2020,0.0,0.0
S0029,2020,0.0,0.0
S0030,2020,0.0,0.0
S0033,2020,0.0,0.0
S0034,2020,1.2658228874206543,0.6530603001801033
S0035,2020,0.0,0.0
S0036,2020,1.1822295188903809,0.5812239233240392
S0037,2020,0.0,0.0
S0038,2020,3.3900887966156006,1.2686075969111352
S0040,2020,1.1018646955490112,0.5265277549717808
S0041,2020,0.0,0.0
S0042,2020,0.0,0.0
S0044,2020,0.0,0.0
S0045,2020,0.0,0.0
S0048,2020,0.46048039197921753,0.016228383858298414
S0049,2020,0.0,0.0
S0050,2020,0.0,0.0
S0051,2020,2.413072347640991,1.0463523572236626
S0052,2020,0.0,0.0
S0053,2020,0.7753742933273315,0.2792102981364633
S0054,2020,0.0,0.0
S0055,2020,0.6873412132263184,0.05483831084659951
S0056,2020,0.0,0.0
S0057,2020,0.8632205724716187,0.06917701005036542
S0058,2020,0.0,0.0
S0059,2020,0.7274063229560852,0.25138987410625496
S0060,2020,0.0,0.0
S0062,2020,1.1778610944747925,0.2139993599284861
S0063,2020,0.0,0.0
S0066,2020,0.0,0.0
S0069,2020,16.716182708740234,11.624356908966053
S0070,2020,3.3703110218048096,2.0615667478116166
S0072,2020,1.9445550441741943,1.159809530753563
S0073,2020,16.912817001342773,2.7989337070275018
S0074,2020,0.0,0.0
S0075,2020,0.0,0.0
S0076,2020,0.0,0.0
S0077,2020,0.6583117246627808,0.2628872157561458
S0078,2020,0.0,0.0
S0079,2020,2.447721242904663,0.6707066304631368
S0080,2020,1.284087896347046,0.650443604919229
S0081,2020,0.0,0.0
S0082,2020,0.4730515480041504,0.0007414601065895773
S0083,2020,2.4897186756134033,0.7035602278728887
S0084,2020,0.0,0.0
S0085,2020,0.0,0.0
S0086,2020,4.325307369232178,0.23613535545003694
S0087,2020,0.8680883049964905,0.02682396874487775
S0088,2020,1.3112043142318726,0.645083597979805
S0089,2020,2.4606616497039795,0.9310699611640157
S0090,2020,0.0,0.0
S0091,2020,4.692418575286865,2.2440767693115617
S0092,2020,7.328098297119141,2.883067518622057
S0093,2020,0.0,0.0
S0094,2020,0.910027265548706,0.13416787988532855
S0095,2020,11.771799087524414,5.058689727982072
S0096,2020,6.1766557693481445,2.0921467732963586
S0098,2020,4.203478813171387,1.8733910831963436
S0099,2020,3.9544265270233154,1.5072957523434065
S0101,2020,3.7575371265411377,1.718248066632267
S0102,2020,0.0,0.0
S0104,2020,3.096601724624634,1.3051793813780557
S0105,2020,1.8429274559020996,0.6500550327978469
S0107,2020,0.0,0.0
S0109,2020,0.7461957335472107,0.10828679378435167
S0111,2020,1.5778850317001343,0.28006407340617157
S0113,2020,2.6841039657592773,0.9903507608120975
S0114,2020,1.5781505107879639,0.13621841039558846
S0115,2020,0.0,0.0
S0116,2020,6.384369850158691,1.7960195662351366
S0117,2020,3.033742904663086,0.9588606674218291
S0118,2020,5.270316123962402,0.7517611747996981
S0119,2020,0.6988135576248169,0.056136883440026666
S0121,2020,0.0,0.0
S0124,2020,0.0,0.0
S0125,2020,0.0,0.0
S0126,2020,0.40651193261146545,0.03149334791310151
S0130,2020,0.0,0.0
S0131,2020,24.388925552368164,13.350953242587082
S0132,2020,2.8900787830352783,0.9647931156580108
S0133,2020,0.0,0.0
S0134,2020,2.525989532470703,0.8316020650913006
S0135,2020,0.6448267102241516,0.04300082857088145
S0137,2020,0.8006047010421753,0.06402472941473496
S0138,2020,7.006001949310303,2.869518833610232
S0139,2020,5.551996231079102,1.9307140325679741
S0140,2020,14.912739753723145,8.5923529218983
S0141,2020,11.573328971862793,6.29643453556792
S0145,2020,0.0,0.0
S0149,2020,0.7504857778549194,0.13243663705929967
S0150,2020,0.0,0.0
S0151,2020,0.0,0.0
S0152,2020,26.23764419555664,13.053728867255453
S0153,2020,10.808692932128906,6.9128058853582095
S0154,2020,29.969253540039062,12.509871067114213
S0155,2020,11.129764556884766,6.452215066248058
S0156,2020,26.160036087036133,14.503563655286266
S0157,2020,1.030019998550415,0.3269880380563227
S0158,2020,21.419076919555664,10.143794384912344
S0159,2020,8.043665885925293,3.199682025056168
S0160,2020,9.572518348693848,3.813977569491515
S0162,2020,0.0,0.0
S0164,2020,0.0,0.0
S0165,2020,28.524986267089844,16.959380482207273
S0166,2020,0.5471174716949463,0.03656075362048451
S0168,2020,20.895030975341797,7.98027463649054
S0169,2020,13.48661994934082,7.090497422135929
S0170,2020,32.17958450317383,12.55567603472666
S0171,2020,1.0105016231536865,0.694804331315211
S0172,2020,0.0,0.0
S0173,2020,17.99262046813965,6.076401971646075
S0174,2020,60.425785064697266,27.631956882138347
S0175,2020,24.650691986083984,12.970280823701607
S0176,2020,26.847270965576172,16.20216657198797
S0177,2020,36.79917907714844,19.9552184256477
S0178,2020,0.0,0.0
S0179,2020,0.6715965270996094,0.18797601343772238
S0180,2020,0.0,0.0
S0181,2020,1.0616697072982788,0.6016877872664886
S0182,2020,1.959726095199585,0.8372352981619734
S0183,2020,1.3727068901062012,0.47602606403748926
S0184,2020,7.901841640472412,3.9733958612041413
S0185,2020,1.2718665599822998,0.48555458577951993
S0186,2020,2.046110153198242,0.781710072560192
S0187,2020,1.3641246557235718,0.5915412399620144
S0188,2020,2.4897186756134033,0.5668543472825186
S0189,2020,1.1076304912567139,0.14161767496148506
S0190,2020,0.0,0.0
S0191,2020,1.1076304912567139,0.4123535840121073
S0192,2020,0.0,0.0
S0193,2020,11.236628532409668,5.712273902114038
S0194,2020,16.72675323486328,5.92517228816685
S0195,2020,15.384429931640625,2.320866415024403
S0196,2020,1.318618893623352,0.8995666911167308
S0197,2020,4.524177074432373,2.944696699794702
S0198,2020,20.587505340576172,10.322744997997031
S0199,2020,7.879970550537109,4.837209633942489
S0200,2020,11.112250328063965,5.371410174079914
S0201,2020,0.7338313460350037,0.11496323444191975
S0202,2020,0.7439247965812683,0.3593746847524417
S0203,2020,4.4811625480651855,2.4741997226106816
S0205,2020,0.7902076244354248,0.2591336738714413
S0207,2020,0.0,0.0
S0208,2020,53.13007354736328,31.776134163702146
S0209,2020,8.555091857910156,5.441259873830355
S0210,2020,44.94267272949219,20.28171417247101
S0211,2020,53.270626068115234,15.01597162070319
S0212,2020,2.564986228942871,1.338654494117156
S0213,2020,4.936367511749268,1.7588406170941115
S0214,2020,1.2921124696731567,0.3801953546549098
S0215,2020,0.8449072241783142,0.5122740131567981
S0216,2020,0.8449072241783142,0.5071800100613029
S0217,2020,45.08266067504883,29.332274614957882
S0218,2020,32.17958450317383,20.5401769116104
S0219,2020,14.87448787689209,7.962999978229089
S0220,2020,0.0,0.0
S0221,2020,3.5162343978881836,2.0405247615066497
S0222,2020,53.270626068115234,21.58920408112963
S0223,2020,3.027143955230713,0.35787514179104163
S0224,2020,0.8795062303543091,0.5994924950337259
S0225,2020,6.46957540512085,3.142170908862328
S0226,2020,8.366968154907227,3.121674976265248
S0227,2020,18.81372833251953,7.14372876645031
S0229,2020,7.460775375366211,3.5465928942311535
S0230,2020,3.2915775775909424,0.3952642510490358
S0231,2020,1.7775092124938965,0.8077584290938352
S0232,2020,1.0020596981048584,0.5990296859543464
S0233,2020,0.463625431060791,0.0535842607724457
S0234,2020,2.376085042953491,1.0684205505071176
S0235,2020,3.37587308883667,1.2928309516775323
S0239,2020,0.0,0.0
S0240,2020,0.0,0.0
S0241,2020,0.6648903489112854,0.03529944086567492
S0242,2020,0.7528405785560608,0.3864632897715472
S0243,2020,0.0,0.0
S0244,2020,0.0,0.0
S0245,2020,1.4315812587738037,0.48609363683396956
S0246,2020,23.847143173217773,8.093133385116989
S0247,2020,18.484737396240234,3.8016018861326666
S0248,2020,26.160036087036133,9.37808816411292
S0249,2020,4.332972526550293,1.8268358112317828
S0250,2020,4.065199375152588,2.5107545746751283
S0251,2020,4.332972526550293,2.277862832825625
S0252,2020,1.8019452095031738,0.37619758213531723
S0253,2020,7.239400386810303,2.509428767643311
S0254,2020,18.72696876525879,6.869164205942781
S0255,2020,3.6105878353118896,2.210895530191141
S0256,2020,3.6105878353118896,1.8998409607723497
S0257,2020,10.404173851013184,5.178475057181894
S0258,2020,22.915441513061523,10.793028674155568
S0259,2020,3.7571702003479004,1.7988752743015144
S0260,2020,0.0,0.0
S0261,2020,0.7439247965812683,0.4026553544049583
S0262,2020,0.336019366979599,0.013618127031218435
S0263,2020,0.0,0.0
S0265,2020,0.0,0.0
S0266,2020,0.0,0.0
S0267,2020,0.0,0.0
S0269,2020,0.0,0.0
S0272,2020,1.465093731880188,0.4953337864437175
S0273,2020,1.158401608467102,0.6828636032781316
S0274,2020,3.058696746826172,0.8607397834908939
S0275,2020,1.4218337535858154,0.31838419677467183
S0276,2020,0.0,0.0
S0277,2020,0.0,0.0
S0279,2020,0.49506497383117676,0.05526707005023658
S0280,2020,0.49506497383117676,0.004835898464389853
S0281,2020,1.5724619626998901,0.7548808209213292
S0282,2020,0.0,0.0
S0284,2020,0.0,0.0
S0285,2020,0.0,0.0
S0287,2020,0.0,0.0
S0289,2020,0.0,0.0
S0290,2020,0.0,0.0
S0291,2020,0.0,0.0
S0293,2020,0.0,0.0
S0294,2020,0.0,0.0
S0295,2020,0.0,0.0
S0296,2020,0.0,0.0
S0297,2020,0.0,0.0
S0298,2020,6.822149753570557,2.7983555865205494
S0300,2020,55.58401107788086,18.00335806983883
S0301,2020,15.880017280578613,8.889675714824616
S0302,2020,11.526233673095703,4.519966436115872
S0307,2020,0.0,0.0
S0308,2020,2.485994577407837,1.4879848217387412
S0309,2020,6.371277809143066,3.1082177498756955
S0310,2020,0.0,0.0
S0311,2020,4.203478813171387,2.4467992802122964
S0312,2020,0.0,0.0
S0313,2020,0.0,0.0
S0314,2020,0.0,0.0
S0315,2020,0.9538818597793579,0.5068674963909191
S0316,2020,1.041975498199463,0.6495789610818824
S0317,2020,0.0,0.0
S0318,2020,1.041975498199463,0.642455516120289
S0319,2020,1.1344468593597412,0.7033894822537806
S0320,2020,1.041975498199463,0.5940610392009792
S0321,2020,1.041975498199463,0.5013386683761792
S0322,2020,0.8853341937065125,0.244595222720857
S0323,2020,0.4389997124671936,0.0005228130632284788
S0324,2020,0.0,0.0
S0325,2020,0.0,0.0
S0326,2020,0.49343791604042053,0.04665695655869091
S0327,2020,0.9463701248168945,0.48622903237154363
S0328,2020,0.9463701248168945,0.2855066173583633
S0329,2020,0.0,0.0
S0330,2020,0.0,0.0
S0331,2020,0.0,0.0
S0332,2020,0.0,0.0
S0333,2020,0.0,0.0
S0334,2020,0.5628634691238403,0.16269875805180767
S0335,2020,0.0,0.0
S0336,2020,0.0,0.0
S0337,2020,0.0,0.0
S0338,2020,0.0,0.0
S0339,2020,1.1344468593597412,0.5755020314550295
S0340,2020,1.1344468593597412,0.594607493280431
S0341,2020,0.0,0.0
S0342,2020,0.0,0.0
S0343,2020,1.0777308940887451,0.5054888945579081
S0344,2020,1.0777308940887451,0.6075567541377217
S0345,2020,0.7564894556999207,0.19205593661584183
S0346,2020,0.8263572454452515,0.12734127351370386
S0348,2020,0.8292174935340881,0.3216039582403257
S0349,2020,2.4291582107543945,1.4161348358939327
S0350,2020,1.7494007349014282,0.9883260294510181
S0351,2020,0.0,0.0
S0352,2020,0.0,0.0
S0353,2020,0.0,0.0
S0354,2020,0.0,0.0
S0355,2020,0.0,0.0
S0356,2020,0.0,0.0
S0357,2020,0.0,0.0
S0358,2020,0.0,0.0
S0359,2020,0.0,0.0
S0360,2020,1.4584158658981323,0.4247856281217217
S0361,2020,1.5179829597473145,0.8888213708223843
S0362,2020,2.658917188644409,0.9369063983136847
S0363,2020,0.0,0.0
S0364,2020,1.1540359258651733,0.1391438322990123
S0365,2020,0.0,0.0
S0366,2020,1.041975498199463,0.4051886896697843
S0367,2020,0.0,0.0
S0368,2020,0.0,0.0
S0369,2020,0.0,0.0
S0370,2020,0.0,0.0
S0371,2020,2.542762041091919,0.9800815206653669
S0372,2020,0.9538818597793579,0.6409702571243067
S0373,2020,2.542762041091919,0.6553019084237971
S0374,2020,0.9017419219017029,0.43848367847541975
S0375,2020,0.0,0.0
S0377,2020,0.0,0.0
S0378,2020,0.0,0.0
S0379,2020,0.0,0.0
S0380,2020,0.0,0.0
S0383,2020,0.0,0.0
S0384,2020,1.064171314239502,0.13145642625589168
S0386,2020,0.0,0.0
S0387,2020,0.0,0.0
S0388,2020,0.4865877032279968,0.05643406966835615
S0389,2020,1.3250848054885864,0.8196098642569724
S0390,2020,1.3250848054885864,0.757364843378094
S0391,2020,0.0,0.0
S0392,2020,0.5499657988548279,0.2662602123520184
S0393,2020,1.5889350175857544,0.49734434644107417
S0394,2020,0.0,0.0
S0395,2020,0.0,0.0
S0396,2020,0.0,0.0
S0397,2020,0.9937881231307983,0.18666827359403262
S0399,2020,0.0,0.0
S0400,2020,0.0,0.0
S0401,2020,0.0,0.0
S0402,2020,0.9969994425773621,0.5543891386884563
S0403,2020,0.8292174935340881,0.2159560715010627
S0404,2020,0.0,0.0
S0405,2020,0.0,0.0
S0406,2020,0.0,0.0
S0407,2020,0.0,0.0
S0410,2020,0.0,0.0
S0411,2020,1.7300028800964355,0.6110984613034481
S0412,2020,1.7300028800964355,0.902087428026065
S0413,2020,0.5628634691238403,0.050022177118107795
S0414,2020,1.9049181938171387,0.8737344276481853
S0416,2020,0.0,0.0
S0417,2020,0.40286123752593994,0.011214829208639563
S0418,2020,0.0,0.0
S0419,2020,0.8505032658576965,0.25051768694556936
S0420,2020,0.0,0.0
S0421,2020,0.0,0.0
S0422,2020,0.0,0.0
S0423,2020,0.0,0.0
S0424,2020,0.0,0.0
S0428,2020,0.0,0.0
S0429,2020,7.345556259155273,3.752154082957859
S0430,2020,0.0,0.0
S0432,2020,0.0,0.0
S0433,2020,0.0,0.0
S0434,2020,0.0,0.0
S0443,2020,0.0,0.0
S0444,2020,0.0,0.0
S0445,2020,0.0,0.0
S0449,2020,4.058187961578369,2.0784686112265427
S0450,2020,1.6587122678756714,0.8633253971923428
S0453,2020,3.031752109527588,0.7676129058758268
S0455,2020,0.0,0.0
S0456,2020,0.4046163558959961,0.00621121598963152
S0459,2020,0.0,0.0
S0460,2020,0.0,0.0
S0462,2020,0.0,0.0
S0463,2020,0.0,0.0
S0464,2020,0.35960546135902405,0.028809108591439245
S0465,2020,0.0,0.0
S0466,2020,1.0616697072982788,0.2866705550789983
S0470,2020,8.569656372070312,3.7262246874769342
S0471,2020,10.076864242553711,5.220451298457856
S0472,2020,1.2218968868255615,0.540061926688135
S0474,2020,0.0,0.0
S0475,2020,0.0,0.0
S0476,2020,0.0,0.0
S0477,2020,0.0,0.0
S0487,2020,0.0,0.0
S0488,2020,0.0,0.0
S0490,2020,0.0,0.0
S0492,2020,0.0,0.0
S0493,2020,0.0,0.0
S0495,2020,0.0,0.0
S0496,2020,0.0,0.0
S0497,2020,0.0,0.0
S0499,2020,0.0,0.0
S0500,2020,0.0,0.0
S0501,2020,1.0064035654067993,0.12328670586505801
S0503,2020,1.985845685005188,0.3484896256083126
S0504,2020,1.7941083908081055,0.7554771389787686
S0505,2020,0.0,0.0
S0506,2020,0.5160186290740967,0.0051991801418045
S0507,2020,0.0,0.0
S0508,2020,2.379960060119629,1.047016926044188
S0509,2020,0.0,0.0
S0510,2020,0.0,0.0
S0511,2020,1.6859740018844604,0.5430358201078135
S0512,2020,0.0,0.0
S0513,2020,0.0,0.0
S0515,2020,0.0,0.0
S0516,2020,1.7941083908081055,0.799533754118141
S0533,2020,0.0,0.0
S0539,2020,0.0,0.0
S0540,2020,0.0,0.0
S0544,2020,0.0,0.0
S0546,2020,0.0,0.0
S0547,2020,0.0,0.0
S0550,2020,0.0,0.0
S0551,2020,0.0,0.0
S0552,2020,0.0,0.0
S0553,2020,0.0,0.0
S0554,2020,0.0,0.0
S0555,2020,0.0,0.0
S0556,2020,0.0,0.0
S0558,2020,0.0,0.0
S0559,2020,0.0,0.0
S0560,2020,0.0,0.0
S0561,2020,0.0,0.0
S0562,2020,0.0,0.0
S0563,2020,0.0,0.0
S0564,2020,0.0,0.0
S0565,2020,0.0,0.0
S0566,2020,0.0,0.0
S0567,2020,0.0,0.0
S0569,2020,0.0,0.0
S0571,2020,0.0,0.0
S0573,2020,0.0,0.0
S0576,2020,0.0,0.0
S0587,2020,0.0,0.0
S0590,2020,0.0,0.0
S0592,2020,0.0,0.0
S0595,2020,0.0,0.0
S0596,2020,0.0,0.0
S0597,2020,0.0,0.0
S0599,2020,0.0,0.0
S0602,2020,0.0,0.0
S0603,2020,0.0,0.0
S0605,2020,0.0,0.0
S0607,2020,0.0,0.0
S0608,2020,0.0,0.0
S0610,2020,0.0,0.0
S0611,2020,0.0,0.0
S0612,2020,0.0,0.0
S0614,2020,0.0,0.0
S0615,2020,0.0,0.0
S0617,2020,0.0,0.0
S0618,2020,0.0,0.0
S0620,2020,0.0,0.0
S0623,2020,0.0,0.0
S0624,2020,0.7274063229560852,0.24697396740452857
S0627,2020,0.0,0.0
S0628,2020,0.0,0.0
S0629,2020,0.44381284713745117,0.009584342098864091
S0630,2020,0.0,0.0
S0631,2020,0.0,0.0
S0632,2020,0.0,0.0
S0633,2020,0.0,0.0
S0634,2020,0.0,0.0
S0635,2020,0.0,0.0
S0636,2020,0.0,0.0
S0637,2020,0.0,0.0
S0638,2020,0.0,0.0
S0639,2020,0.0,0.0
S0640,2020,0.0,0.0
S0643,2020,0.0,0.0
S0644,2020,0.0,0.0
S0645,2020,0.0,0.0
S0646,2020,0.0,0.0
S0648,2020,0.8019005656242371,0.22140334583139032
S0650,2020,0.0,0.0
S0651,2020,0.7341768145561218,0.13100685459217534
S0652,2020,0.0,0.0
S0653,2020,3.830306053161621,0.6012905672122174
S0654,2020,0.0,0.0
S0655,2020,0.0,0.0
S0656,2020,2.263864517211914,1.3585336356559767
S0657,2020,2.8990702629089355,1.5532392336933618
S0658,2020,1.4836554527282715,0.2829591846630388
S0659,2020,0.0,0.0
S0660,2020,0.0,0.0
S0661,2020,0.0,0.0
S0662,2020,0.0,0.0
S0663,2020,0.0,0.0
S0664,2020,0.8098293542861938,0.04986392487056309
S0665,2020,0.0,0.0
S0666,2020,0.0,0.0
S0667,2020,0.863956868648529,0.08959977103624972
S0668,2020,0.0,0.0
S0669,2020,0.0,0.0
S0670,2020,1.1778610944747925,0.5030238434728515
S0671,2020,0.0,0.0
S0672,2020,0.0,0.0
S0673,2020,0.0,0.0
S0674,2020,0.0,0.0
S0675,2020,1.1778610944747925,0.3415746822929831
S0676,2020,0.0,0.0
S0677,2020,0.5921264886856079,0.09792806783775289
S0678,2020,1.1778610944747925,0.20402073299911028
S0679,2020,0.785952091217041,0.15526892833191872
S0680,2020,0.6125113368034363,0.06503093498788186
S0681,2020,0.6125113368034363,0.09504608900130598
S0682,2020,0.7813326120376587,0.09976489278046954
S0683,2020,1.1778610944747925,0.6890334757226605
S0684,2020,1.1778610944747925,0.1446003141524352
S0685,2020,0.7309855818748474,0.018093693434722783
S0686,2020,0.885144829750061,0.3835639611299453
S0687,2020,0.885144829750061,0.08925988808035214
S0688,2020,0.7584325671195984,0.05283889439433316
S0689,2020,0.785952091217041,0.23972801201664834
S0690,2020,0.0,0.0
S0693,2020,0.0,0.0
S0696,2020,0.0,0.0
S0697,2020,0.0,0.0
S0699,2020,0.0,0.0
S0700,2020,0.0,0.0
S0701,2020,0.0,0.0
S0702,2020,0.0,0.0
S0703,2020,0.0,0.0
S0704,2020,0.0,0.0
S0705,2020,0.0,0.0
S0706,2020,0.0,0.0
S0707,2020,0.7658489942550659,0.09966554693358542
S0708,2020,0.0,0.0
S0709,2020,1.1793574094772339,0.5364036221340305
S0710,2020,0.0,0.0
S0712,2020,0.0,0.0
S0713,2020,1.1793574094772339,0.4930957472623329
S0714,2020,0.0,0.0
S0715,2020,0.7473781704902649,0.06076162600569788
S0716,2020,0.0,0.0
S0717,2020,0.835106611251831,0.039580080728663175
S0719,2020,0.0,0.0
S0720,2020,1.54209303855896,0.26563936649556447
S0721,2020,1.54209303855896,0.26565556956547276
S0723,2020,0.0,0.0
S0724,2020,0.0,0.0
S0725,2020,0.0,0.0
S0726,2020,0.0,0.0
S0732,2020,0.0,0.0
S0733,2020,0.0,0.0
S0734,2020,0.0,0.0
S0735,2020,0.0,0.0
S0736,2020,1.1793574094772339,0.46065387343058256
S0740,2020,0.0,0.0
S0742,2020,0.0,0.0
S0743,2020,0.0,0.0
S0744,2020,0.0,0.0
S0746,2020,0.0,0.0
S0747,2020,0.0,0.0
S0748,2020,0.0,0.0
S0750,2020,0.0,0.0
S0751,2020,0.0,0.0
S0752,2020,0.9671890139579773,0.29910463436059487
S0753,2020,0.0,0.0
S0754,2020,0.0,0.0
S0755,2020,0.0,0.0
S0756,2020,1.014104962348938,0.048126235215234174
S0757,2020,2.0138015747070312,1.1831480050248369
S0758,2020,0.7480342388153076,0.06134719867757297
S0759,2020,0.7818461656570435,0.1840261822587424
S0760,2020,2.8549537658691406,1.350586983030533
S0761,2020,9.694550514221191,3.5894149337998362
S0762,2020,10.380854606628418,3.5324095634175654
S0763,2020,1.39821457862854,0.593594184104407
S0764,2020,9.508353233337402,1.533576515322576
S0765,2020,8.6868896484375,3.8860459381510104
S0766,2020,2.8549537658691406,1.4540059122780569
S0767,2020,1.2965624332427979,0.6650506848795869
S0768,2020,2.500692129135132,0.8778615255932232
S0769,2020,0.8168354630470276,0.025666760159289745
S0770,2020,2.123748540878296,0.7991595532909127
S0771,2020,1.3540340662002563,0.35124349063672367
S0772,2020,2.255880832672119,0.4791790936866698
S0773,2020,2.255880832672119,1.0660916104856668
S0774,2020,1.357504963874817,0.5329049329056417
S0775,2020,0.7628589272499084,0.059335870834756096
S0776,2020,1.3540340662002563,0.6490264480577368
S0777,2020,1.3540340662002563,0.6038259280935783
S0778,2020,1.0782222747802734,0.3640663844984283
S0779,2020,7.2401885986328125,2.516718773360083
S0780,2020,3.7166244983673096,2.833573082945208
S0781,2020,3.7166244983673096,2.5744752332189442
S0792,2020,0.0,0.0
S0796,2020,0.0,0.0
S0797,2020,0.0,0.0
S0798,2020,0.0,0.0
S0799,2020,0.0,0.0
S0800,2020,0.6356112360954285,0.17420993465637907
S0801,2020,0.0,0.0
S0803,2020,0.45997506380081177,0.0014469174702762247
S0804,2020,0.0,0.0
S0805,2020,0.7061547040939331,0.1231913439761005
S0808,2020,0.0,0.0
S0809,2020,0.0,0.0
S0813,2020,0.0,0.0
S0814,2020,0.0,0.0
S0815,2020,0.0,0.0
S0816,2020,0.0,0.0
S0817,2020,1.0378408432006836,0.1430254698982017
S0818,2020,0.0,0.0
S0819,2020,0.0,0.0
S0820,2020,0.0,0.0
S0822,2020,0.5803041458129883,0.1016423056725997
S0823,2020,0.0,0.0
S0824,2020,0.0,0.0
S0825,2020,1.9916095733642578,1.0238398803071653
S0826,2020,0.0,0.0
S0828,2020,1.2859344482421875,0.6221696177095988
S0829,2020,0.0,0.0
S0831,2020,0.0,0.0
S0832,2020,0.0,0.0
S0833,2020,0.0,0.0
S0834,2020,0.0,0.0
S0835,2020,0.0,0.0
S0836,2020,0.0,0.0
S0837,2020,0.0,0.0
S0839,2020,0.9351628422737122,0.5122667658790391
S0840,2020,0.42542946338653564,0.03543539486846493
S0841,2020,0.0,0.0
S0843,2020,0.0,0.0
S0845,2020,0.0,0.0
S0846,2020,0.9351628422737122,0.29138478916838656
S0847,2020,0.0,0.0
S0848,2020,0.0,0.0
S0849,2020,0.0,0.0
S0850,2020,0.0,0.0
S0851,2020,0.0,0.0
S0852,2020,0.0,0.0
S0854,2020,0.0,0.0
S0856,2020,0.6583117246627808,0.16581036272764507
S0857,2020,0.0,0.0
S0858,2020,0.0,0.0
S0860,2020,0.0,0.0
S0861,2020,0.0,0.0
S0862,2020,0.7700470089912415,0.34403301350108656
S0863,2020,0.0,0.0
S0864,2020,0.0,0.0
S0865,2020,0.0,0.0
S0866,2020,0.0,0.0
S0867,2020,0.0,0.0
S0868,2020,14.850379943847656,4.660800913844992
S0870,2020,0.6583117246627808,0.2300582448566414
S0871,2020,0.0,0.0
S0872,2020,0.9629801511764526,0.38204471775810117
S0873,2020,1.4315812587738037,0.43349585151037084
S0874,2020,2.994492292404175,0.782426835938134
S0875,2020,0.7700470089912415,0.2260032766309784
S0876,2020,0.0,0.0
S0879,2020,1.4315812587738037,0.6045393186992787
S0881,2020,20.895030975341797,5.054834150564132
S0882,2020,1.4036248922348022,0.15658045712791605
S0883,2020,20.895030975341797,6.4340069311748715
S0885,2020,1.0862795114517212,0.4127542898946422
S0886,2020,0.5032685995101929,0.08521597160208494
S0887,2020,0.0,0.0
S0888,2020,0.0,0.0
S0889,2020,1.1033341884613037,0.28333541150936403
S0890,2020,9.21667766571045,2.9387465952142633
S0891,2020,20.895030975341797,5.5685289137404625
S0892,2020,1.186059594154358,0.3482249192764845
S0893,2020,8.988338470458984,3.3335010784616
S0894,2020,4.055448055267334,1.6964041934844274
S0895,2020,9.21667766571045,2.0714786602067465
S0896,2020,20.895030975341797,5.473657971082099
S0897,2020,20.895030975341797,6.671377744041487
S0898,2020,20.895030975341797,2.134907076394693
S0899,2020,14.850379943847656,3.5352739692668553
S0900,2020,0.0,0.0
S0902,2020,0.0,0.0
S0903,2020,0.0,0.0
S0904,2020,0.0,0.0
S0905,2020,0.0,0.0
S0906,2020,0.0,0.0
S0907,2020,0.0,0.0
S0908,2020,0.0,0.0
S0909,2020,0.0,0.0
S0910,2020,0.0,0.0
S0912,2020,0.0,0.0
S0914,2020,0.0,0.0
S0915,2020,0.0,0.0
S0916,2020,0.0,0.0
S0917,2020,0.0,0.0
S0918,2020,0.0,0.0
S0919,2020,0.0,0.0
S0920,2020,0.0,0.0
S0921,2020,0.0,0.0
S0922,2020,0.0,0.0
S0924,2020,0.0,0.0
S0925,2020,0.0,0.0
S0926,2020,0.0,0.0
S0927,2020,0.0,0.0
S0928,2020,0.0,0.0
S0929,2020,0.0,0.0
S0930,2020,0.0,0.0
S0931,2020,0.0,0.0
S0934,2020,0.0,0.0
S0936,2020,0.0,0.0
S0938,2020,0.0,0.0
S0939,2020,0.0,0.0
S0940,2020,0.789149820804596,0.13452650122743046
S0941,2020,0.0,0.0
S0942,2020,0.0,0.0
S0943,2020,0.0,0.0
S0944,2020,0.0,0.0
S0945,2020,0.0,0.0
S0946,2020,0.0,0.0
S0949,2020,0.0,0.0
S0950,2020,0.0,0.0
S0951,2020,0.0,0.0
S0952,2020,0.0,0.0
S0953,2020,0.0,0.0
S0954,2020,0.0,0.0
S0955,2020,0.0,0.0
S0956,2020,0.8266881108283997,0.4865844050887534
S0957,2020,0.0,0.0
S0958,2020,6.0473504066467285,2.3548606502579372
S0959,2020,1.1064996719360352,0.3233150490898087
S0960,2020,0.3967975378036499,0.0004972400223103382
S0961,2020,0.0,0.0
S0962,2020,0.0,0.0
S0963,2020,1.1705527305603027,0.15201541091661036
S0964,2020,0.8266881108283997,0.4873003683642423
S0965,2020,0.0,0.0
S0966,2020,1.1064996719360352,0.3854272994667789
S0967,2020,2.6514387130737305,1.1114389340057826
S0968,2020,1.4168494939804077,0.4238537451347488
S0969,2020,2.099916934967041,1.0302669913286253
S0970,2020,1.1368763446807861,0.6420805386121167
S0971,2020,1.1368763446807861,0.5642585412354706
S0972,2020,0.7914731502532959,0.14543859530439324
S0973,2020,3.9873900413513184,1.62876119343803
S0974,2020,1.1368763446807861,0.5751780639341258
S0975,2020,1.1368763446807861,0.3706564279185568
S0976,2020,1.5456407070159912,0.6743175752297464
S0977,2020,0.5579509139060974,0.023262530266304378
S0978,2020,14.850379943847656,3.4091536434810075
S0979,2020,0.7277818918228149,0.09418428612891054
S0980,2020,3.106112480163574,1.1601338133491765
S0981,2020,1.6452723741531372,0.8586958382321929
S0982,2020,8.988338470458984,2.7292870395998787
S0983,2020,0.9972124695777893,0.17107228865674265
S0984,2020,7.901841640472412,3.8280539549069723
S0985,2020,7.901841640472412,3.2940611191287843
S0986,2020,0.0,0.0
S0987,2020,0.0,0.0
S0988,2020,0.0,0.0
S0989,2020,2.6427249908447266,1.4540236500967616
S0990,2020,0.6369092464447021,0.035054930226695265
S0991,2020,7.901841640472412,2.700864726609284
S0992,2020,4.5749664306640625,0.6710940878445981
S0993,2020,1.2907969951629639,0.3572398165412767
S0994,2020,7.901841640472412,3.3396924237970422
S0995,2020,1.7299129962921143,0.9780685214815525
S0996,2020,7.901841640472412,3.8914216304034843
S0997,2020,0.0,0.0
S0998,2020,0.0,0.0
S1000,2020,0.0,0.0
S1002,2020,1.5756481885910034,0.3923558323809825
S1003,2020,1.2907969951629639,0.6603551477501843
S1004,2020,1.5756481885910034,0.6704480172978675
S1005,2020,1.5756481885910034,0.6681635868246748
S1006,2020,1.5111472606658936,0.7606230145037196
S1007,2020,2.5902247428894043,0.7196795813316159
S1008,2020,0.0,0.0
S1010,2020,1.2907969951629639,0.2970263100588841
S1011,2020,0.0,0.0
S1015,2020,0.0,0.0
S1016,2020,0.0,0.0
S1018,2020,0.0,0.0
S1019,2020,1.2261303663253784,0.35837020004687914
S1020,2020,0.0,0.0
S1021,2020,0.0,0.0
S1022,2020,0.0,0.0
S1023,2020,0.5400359034538269,0.024550996126802328
S1024,2020,0.0,0.0
S1025,2020,0.5400359034538269,0.03628074402276006
S1026,2020,0.0,0.0
S1027,2020,0.0,0.0
S1028,2020,0.0,0.0
S1029,2020,0.0,0.0
S1030,2020,0.0,0.0
S1031,2020,0.0,0.0
S1032,2020,0.0,0.0
S1033,2020,0.0,0.0
S1034,2020,1.2261303663253784,0.14348177039854662
S1035,2020,0.0,0.0
S1036,2020,0.0,0.0
S1037,2020,0.0,0.0
S1038,2020,0.0,0.0
S1039,2020,0.0,0.0
S1040,2020,0.0,0.0
S1041,2020,0.0,0.0
S1042,2020,0.0,0.0
S1043,2020,0.0,0.0
S1044,2020,0.0,0.0
S1045,2020,0.0,0.0
S1046,2020,0.0,0.0
S1047,2020,0.0,0.0
S1048,2020,0.0,0.0
S1049,2020,0.0,0.0
S1050,2020,0.0,0.0
S1052,2020,0.0,0.0
S1053,2020,0.0,0.0
S1054,2020,0.0,0.0
S1055,2020,0.0,0.0
S1059,2020,0.0,0.0
S1060,2020,29.969253540039062,5.269239615444555
S1064,2020,0.0,0.0
S1066,2020,7.0466814041137695,3.1447127004351794
S1067,2020,8.786968231201172,4.961042697190491
S1068,2020,10.977800369262695,4.511253413001259
S1069,2020,2.413072347640991,1.0423674972510546
S1070,2020,1.014523983001709,0.08039725683384046
S1071,2020,5.120424747467041,2.1383617102277177
S1072,2020,0.7020653486251831,0.017888421905831974
S1073,2020,0.0,0.0
S1074,2020,0.0,0.0
S1076,2020,0.785952091217041,0.1624582624967576
S1078,2020,4.980587959289551,1.9844778405846333
S1079,2020,8.00752067565918,1.8327294576123188
S1080,2020,7.791935443878174,2.6435164978456256
S1081,2020,11.663043022155762,4.604193913779069
S1083,2020,1.1671220064163208,0.10660074560163
S1091,2020,0.0,0.0
S1092,2020,0.0,0.0
S1093,2020,0.0,0.0
S1094,2020,0.0,0.0
S1097,2020,0.0,0.0
S1102,2020,0.7348187565803528,0.3950423859292933
S1103,2020,0.4314413368701935,0.04305448033067169
S1106,2020,0.0,0.0
S1110,2020,0.0,0.0
S1114,2020,0.0,0.0
S1115,2020,0.0,0.0
S1116,2020,0.0,0.0
S1117,2020,0.0,0.0
S1118,2020,0.0,0.0
S1119,2020,0.0,0.0
S1120,2020,0.0,0.0
S1121,2020,0.0,0.0
S1122,2020,12.582965850830078,3.972227341348372
S1127,2020,22.87744903564453,11.543126447756489
S1128,2020,0.0,0.0
S1130,2020,0.0,0.0
S1133,2020,0.0,0.0
S1135,2020,1.7641931772232056,0.5434888281416083
S1136,2020,1.9916095733642578,0.7494563738193634
S1137,2020,0.0,0.0
S1138,2020,1.5883784294128418,0.8428250926463788
S1139,2020,103.06532287597656,54.752058190990915
S1140,2020,31.38390350341797,18.63763079402059
S1141,2020,0.0,0.0
S1142,2020,32.17958450317383,15.911769416837759
S1143,2020,65.40834045410156,35.9213253166345
S1144,2020,9.910472869873047,5.2332570787434
S1145,2020,0.7994733452796936,0.5022354218279681
S1146,2020,6.012088298797607,3.54999078212765
S1147,2020,11.129764556884766,5.937511936138416
S1148,2020,2.447721242904663,0.776736687979879
S1149,2020,11.129764556884766,3.1924617074272863
S1150,2020,2.3199033737182617,1.4385408955990238
S1151,2020,1.181575894355774,0.15000127732399077
S1152,2020,2.3199033737182617,1.113620093218366
S1153,2020,4.40806770324707,2.8316399817498237
S1154,2020,10.808692932128906,5.247125586023588
S1155,2020,3.495197296142578,1.3234754977215781
S1156,2020,29.969253540039062,12.09631923951869
S1157,2020,29.969253540039062,10.5724726505988
S1158,2020,29.969253540039062,8.802214620703252
S1159,2020,10.9109468460083,6.2992197243023815
S1160,2020,23.316011428833008,8.2139760930125
S1161,2020,18.81372833251953,6.897999522218473
S1162,2020,18.81372833251953,6.545160494793903
S1163,2020,18.81372833251953,5.4949197359348085
S1164,2020,53.270626068115234,23.029323565179148
S1165,2020,53.270626068115234,24.278905163751187
S1166,2020,6.587947845458984,3.417110806195659
S1167,2020,5.269298076629639,3.8427375359478266
S1168,2020,24.653749465942383,12.58900739868121
S1169,2020,7.65937614440918,4.873071853429695
S1170,2020,103.06532287597656,47.69424871002792
S1171,2020,45.472015380859375,27.29385976803371
S1172,2020,44.812225341796875,28.555175568658854
S1173,2020,50.669395446777344,36.862691439344985
S1174,2020,38.0938720703125,28.59763414144292
S1175,2020,103.06532287597656,55.507872461150136
S1176,2020,45.084529876708984,28.17282127248624
S1177,2020,44.440067291259766,31.881499961570473
S1178,2020,80.70671081542969,45.1821612183637
S1179,2020,80.70671081542969,46.080929918899436
S1180,2020,33.87301254272461,17.511501514459905
S1181,2020,15.927929878234863,5.612140721778294
S1182,2020,29.969253540039062,8.105310822237742
S1183,2020,3.2123775482177734,1.962692853723361
S1184,2020,21.981992721557617,8.208179827092437
S1185,2020,2.412609100341797,1.5347837385878427
S1186,2020,2.412609100341797,1.0925979928431002
S1187,2020,11.663043022155762,5.807671663855727
S1188,2020,2.7326197624206543,1.521130770585491
S1189,2020,0.0,0.0
S1190,2020,0.8986122608184814,0.4811922181198901
S1191,2020,0.0,0.0
S1192,2020,0.0,0.0
S1193,2020,0.0,0.0
S1194,2020,0.0,0.0
S1195,2020,13.072611808776855,4.497367315826334
S1198,2020,0.0,0.0
S1203,2020,0.0,0.0
S1205,2020,0.0,0.0
S1207,2020,0.0,0.0
S1208,2020,0.36859655380249023,0.04698233608912705
S1209,2020,0.5875142216682434,0.1911130193044484
S1210,2020,0.5875142216682434,0.2554190489048129
S1211,2020,0.7450879812240601,0.13518420421461544
S1212,2020,0.0,0.0
S1213,2020,1.159115195274353,0.38320286287813493
S1214,2020,1.159115195274353,0.3506758659471742
S1215,2020,0.0,0.0
S1216,2020,0.0,0.0
S1217,2020,0.0,0.0
S1220,2020,0.0,0.0
S1221,2020,0.0,0.0
S1222,2020,0.0,0.0
S1223,2020,0.0,0.0
S1224,2020,0.0,0.0
S1226,2020,0.3866361081600189,0.01640227477141448
S1227,2020,0.3607693314552307,0.04133528989172519
S1228,2020,0.7450879812240601,0.3625229552812341
S1229,2020,0.41350263357162476,0.014317666525214368
S1230,2020,0.0,0.0
S1231,2020,0.0,0.0
S1232,2020,0.0,0.0
S1233,2020,0.0,0.0
S1235,2020,0.5942831039428711,0.008370184562575652
S1236,2020,0.0,0.0
S1238,2020,0.7491909265518188,0.15330608007635477
S1240,2020,0.5875142216682434,0.2827636179175037
S1241,2020,0.0,0.0
S1242,2020,0.0,0.0
S1243,2020,0.0,0.0
S1244,2020,0.0,0.0
S1245,2020,0.0,0.0
S1247,2020,0.0,0.0
S1248,2020,0.0,0.0
S1249,2020,0.0,0.0
S1250,2020,0.8094877004623413,0.4734419393707329
S1251,2020,0.0,0.0
S1252,2020,0.0,0.0
S1253,2020,0.0,0.0
S1254,2020,0.0,0.0
S1255,2020,0.0,0.0
S1256,2020,0.0,0.0
S1257,2020,0.0,0.0
S1259,2020,0.0,0.0
S1262,2020,0.0,0.0
S1263,2020,0.5634165406227112,0.010064311091843036
S1264,2020,0.5735858082771301,0.05615719266637805
S1265,2020,0.5735858082771301,0.05263500862488497
S1266,2020,0.45331871509552,0.0012787582932925615
S1267,2020,0.0,0.0
S1268,2020,0.5198526382446289,0.007014014259340774
S1270,2020,0.0,0.0
S1271,2020,0.0,0.0
S1272,2020,0.0,0.0
S1273,2020,0.0,0.0
S1274,2020,0.0,0.0
S1275,2020,0.0,0.0
S1278,2020,0.0,0.0
S1279,2020,3.176910877227783,0.30747535405841264
S1282,2020,0.0,0.0
S1283,2020,0.0,0.0
S1286,2020,0.0,0.0
S1287,2020,0.0,0.0
S1288,2020,0.0,0.0
S1289,2020,0.0,0.0
S1290,2020,0.5735858082771301,0.06082323425398098
S1291,2020,1.731940507888794,0.7521925190136955
S1292,2020,0.8907312154769897,0.03669018407500367
S1293,2020,0.0,0.0
S1294,2020,1.934658169746399,0.9567966478602231
S1295,2020,0.678204357624054,0.03772536401977082
S1296,2020,0.0,0.0
S1297,2020,0.0,0.0
S1299,2020,0.0,0.0
S1300,2020,0.0,0.0
S1302,2020,0.5634165406227112,0.003011975217165437
S1304,2020,0.830498993396759,0.09072717286683805
S1305,2020,0.0,0.0
S1306,2020,1.8429274559020996,0.18485094502150282
S1307,2020,0.0,0.0
S1308,2020,0.0,0.0
S1309,2020,0.0,0.0
S1310,2020,0.8183079957962036,0.07628320997445623
S1311,2020,0.9017573595046997,0.006500330987768861
S1312,2020,0.0,0.0
S1313,2020,0.0,0.0
S1314,2020,1.8429274559020996,0.5151705342298639
S1315,2020,0.0,0.0
S1316,2020,1.934658169746399,0.5518308226369705
S1317,2020,0.46665582060813904,0.0004398264096212432
S1318,2020,2.2317497730255127,0.7751114108945708
S1319,2020,26.23764419555664,9.94939929887066
S1320,2020,2.81596302986145,1.576471413547989
S1321,2020,2.2665932178497314,0.7780472668647317
S1323,2020,1.309775471687317,0.6699702345691787
S1324,2020,1.4732791185379028,0.7322260354072856
S1325,2020,1.5769580602645874,0.9310232023641289
S1326,2020,2.8877713680267334,1.6350735027959615
S1327,2020,6.636914253234863,4.017843315745913
S1328,2020,10.188085556030273,4.704900664472685
S1329,2020,15.880017280578613,7.265605622263657
S1330,2020,15.880017280578613,9.008967866547033
S1331,2020,8.79513931274414,2.1959433182556922
S1332,2020,2.905783176422119,1.2359683129572472
S1333,2020,0.8577578067779541,0.3514860454719917
S1334,2020,2.141902446746826,1.2173567552337252
S1335,2020,2.141902446746826,0.9654490583817393
S1336,2020,2.141902446746826,0.9865056817372688
S1337,2020,2.141902446746826,1.0378119486783897
S1338,2020,1.7702757120132446,0.5821309756678379
S1339,2020,13.603886604309082,5.341885777129333
S1340,2020,9.834996223449707,3.523634935556045
S1341,2020,9.834996223449707,2.8169004941129048
S1342,2020,6.708661079406738,2.214645371598713
S1343,2020,7.399692535400391,1.1989465839576214
S1344,2020,2.493912696838379,0.8280116833360455
S1345,2020,2.0077199935913086,1.200848130502246
S1346,2020,1.3095570802688599,0.7345124310123432
S1347,2020,1.4621509313583374,0.861491454776333
S1348,2020,3.7743136882781982,1.7481701344355018
S1349,2020,1.712592601776123,0.8850658980791879
S1350,2020,3.7743136882781982,1.5125256683238821
S1351,2020,2.7318739891052246,1.197402235558459
S1352,2020,3.7743136882781982,1.0344008045368334
S1353,2020,3.7743136882781982,1.293487336555543
S1354,2020,1.712592601776123,1.0090133708962539
S1355,2020,1.5707218647003174,0.8255136273333327
S1356,2020,0.0,0.0
S1357,2020,0.0,0.0
S1359,2020,31.706113815307617,13.805091822207126
S1361,2020,3.312098264694214,0.80049872601107
S1364,2020,0.0,0.0
S1365,2020,1.318618893623352,0.8860448464807332
S1366,2020,0.0,0.0
S1367,2020,0.0,0.0
S1370,2020,0.0,0.0
S1372,2020,7.399692535400391,1.9677973019039339
S1373,2020,4.838504791259766,1.9355796709628552
S1374,2020,2.684236526489258,1.6243021274435112
S1375,2020,2.1196184158325195,1.4701164286363018
S1376,2020,0.0,0.0
S1377,2020,2.4034905433654785,1.257437888098182
S1378,2020,3.556199073791504,1.8597991966808853
S1379,2020,0.8517447113990784,0.20177327869375128
S1380,2020,2.67989444732666,1.4934398184656796
S1381,2020,7.006001949310303,2.4647814324667996
S1382,2020,3.852415084838867,1.1425629390009655
S1383,2020,8.183670997619629,4.7251870412260075
S1384,2020,6.611927509307861,2.3756512959574105
S1385,2020,8.183670997619629,2.596592913548825
S1386,2020,2.8900787830352783,1.4115742947251047
S1387,2020,10.038737297058105,2.787778915809904
S1388,2020,10.038737297058105,2.009103632156263
S1389,2020,10.038737297058105,3.20371566328989
S1390,2020,3.852415084838867,1.1820195943005103
S1391,2020,2.609833002090454,1.6571074649410433
S1392,2020,6.8143181800842285,3.0911468413838166
S1393,2020,7.9647064208984375,4.720860945570761
S1394,2020,9.435171127319336,5.0067543305463635
S1395,2020,14.912739753723145,6.145735432547994
S1396,2020,8.172179222106934,4.592215605570605
S1397,2020,11.573328971862793,5.014851588964685
S1398,2020,3.1966590881347656,1.8048228459874767
S1399,2020,11.573328971862793,5.415242497838109
S1400,2020,11.573328971862793,5.099141787390446
S1401,2020,6.682124614715576,2.6873126243578107
S1402,2020,2.1519792079925537,0.8300189156959664
S1403,2020,15.885149002075195,6.141766808473951
S1404,2020,5.201408386230469,2.5423678158219896
S1405,2020,28.982250213623047,8.854735062230544
S1406,2020,5.793042182922363,1.9022028354613083
S1407,2020,15.885149002075195,6.330012032483357
S1408,2020,6.273769378662109,2.0903737031019154
S1409,2020,8.504804611206055,2.558421645567471
S1410,2020,27.0421142578125,12.79815812279653
S1411,2020,1.5418620109558105,0.17508297574359574
S1412,2020,3.170949935913086,0.9877721736309585
S1413,2020,0.9015491604804993,0.024940687243723333
S1414,2020,17.77823257446289,7.685516256785317
S1415,2020,16.747888565063477,1.8890859068433754
S1416,2020,27.41826820373535,9.693162118597334
S1417,2020,23.059913635253906,11.746396098892955
S1418,2020,23.059913635253906,8.536290871599531
S1419,2020,23.059913635253906,13.267858235904919
S1420,2020,21.22644805908203,7.5730984944161195
S1421,2020,1.4118388891220093,0.5187535543558257
S1422,2020,1.3355973958969116,0.7176624560789356
S1423,2020,0.8742890357971191,0.016149985319984357
S1424,2020,4.775455951690674,1.8504089340614245
S1425,2020,38.4161491394043,13.120582401397128
S1426,2020,5.845571041107178,2.6328559157395124
S1427,2020,2.0156311988830566,0.96665641683226
S1428,2020,1.0489461421966553,0.31995620917317563
S1435,2020,0.7910760641098022,0.4445743505257572
S1436,2020,0.888889729976654,0.1887945970852468
S1437,2020,1.8898686170578003,0.8129495755868889
S1441,2020,4.251832962036133,1.8488778990024155
S1442,2020,2.000685214996338,0.7717720041887736
S1443,2020,2.104930877685547,0.7242646437620137
S1444,2020,2.129427194595337,1.0715388533101304
S1446,2020,4.3097968101501465,1.9014117229243161
S1447,2020,3.7249574661254883,2.0718306282445162
S0001,2020,0.0,0.0
S0002,2020,0.0,0.0
S0003,2020,0.47199350595474243,0.11176397862677352
S0005,2020,0.0,0.0
S0006,2020,1.8962427377700806,0.9798181730322542
S0008,2020,0.0,0.0
S0013,2020,0.0,0.0
S0014,2020,0.0,0.0
S0025,2020,0.0,0.0
S0027,2020,0.0,0.0
S0031,2020,0.0,0.0
S0032,2020,0.0,0.0
S0039,2020,0.6755354404449463,0.11418559928578655
S0043,2020,0.0,0.0
S0046,2020,0.0,0.0
S0047,2020,0.0,0.0
S0061,2020,0.0,0.0
S0064,2020,0.0,0.0
S0065,2020,0.0,0.0
S0067,2020,0.5626610517501831,0.015839555647426284
S0068,2020,0.0,0.0
S0071,2020,0.0,0.0
S0097,2020,0.0,0.0
S0100,2020,0.0,0.0
S0103,2020,0.0,0.0
S0106,2020,0.0,0.0
S0108,2020,0.0,0.0
S0110,2020,0.0,0.0
S0112,2020,0.0,0.0
S0120,2020,0.4518144726753235,0.015313005163110757
S0122,2020,0.0,0.0
S0123,2020,0.0,0.0
S0127,2020,0.0,0.0
S0128,2020,0.0,0.0
S0129,2020,0.0,0.0
S0136,2020,0.0,0.0
S0142,2020,0.0,0.0
S0143,2020,0.0,0.0
S0144,2020,0.0,0.0
S0146,2020,0.0,0.0
S0147,2020,0.0,0.0
S0148,2020,0.0,0.0
S0161,2020,0.0,0.0
S0163,2020,0.0,0.0
S0167,2020,0.0,0.0
S0204,2020,0.0,0.0
S0206,2020,0.0,0.0
S0228,2020,0.0,0.0
S0236,2020,0.0,0.0
S0237,2020,0.0,0.0
S0238,2020,0.0,0.0
S0264,2020,0.0,0.0
S0268,2020,0.0,0.0
S0270,2020,0.0,0.0
S0271,2020,0.0,0.0
S0278,2020,0.0,0.0
S0283,2020,0.0,0.0
S0286,2020,0.0,0.0
S0288,2020,0.0,0.0
S0292,2020,0.0,0.0
S0299,2020,0.0,0.0
S0303,2020,0.44282156229019165,0.05373197266774844
S0304,2020,0.44282156229019165,0.027508525489639713
S0305,2020,0.44282156229019165,0.011208920795470477
S0306,2020,0.0,0.0
S0347,2020,0.0,0.0
S0376,2020,0.0,0.0
S0381,2020,0.0,0.0
S0382,2020,0.0,0.0
S0385,2020,0.0,0.0
S0398,2020,0.0,0.0
S0408,2020,0.6272844672203064,0.004925286331817732
S0409,2020,0.9251816868782043,0.3978491736223253
S0415,2020,0.0,0.0
S0425,2020,0.0,0.0
S0426,2020,0.0,0.0
S0427,2020,0.0,0.0
S0431,2020,0.0,0.0
S0435,2020,0.0,0.0
S0436,2020,0.0,0.0
S0437,2020,0.0,0.0
S0438,2020,0.0,0.0
S0439,2020,0.0,0.0
S0440,2020,0.0,0.0
S0441,2020,0.0,0.0
S0442,2020,0.0,0.0
S0446,2020,0.0,0.0
S0447,2020,0.0,0.0
S0448,2020,0.0,0.0
S0451,2020,0.0,0.0
S0452,2020,0.0,0.0
S0454,2020,0.0,0.0
S0457,2020,0.0,0.0
S0458,2020,0.0,0.0
S0461,2020,0.0,0.0
S0467,2020,0.0,0.0
S0468,2020,0.0,0.0
S0469,2020,0.0,0.0
S0473,2020,0.0,0.0
S0478,2020,0.0,0.0
S0479,2020,0.0,0.0
S0480,2020,0.0,0.0
S0481,2020,0.0,0.0
S0482,2020,0.0,0.0
S0483,2020,0.0,0.0
S0484,2020,0.0,0.0
S0485,2020,0.0,0.0
S0486,2020,0.0,0.0
S0489,2020,0.0,0.0
S0491,2020,0.0,0.0
S0494,2020,0.0,0.0
S0498,2020,0.0,0.0
S0502,2020,0.0,0.0
S0514,2020,0.3895519971847534,0.0024523260760765087
S0517,2020,0.0,0.0
S0518,2020,0.0,0.0
S0519,2020,0.0,0.0
S0520,2020,0.7534030675888062,0.060947966676901694
S0521,2020,0.0,0.0
S0522,2020,0.0,0.0
S0523,2020,0.0,0.0
S0524,2020,0.0,0.0
S0525,2020,0.0,0.0
S0526,2020,0.0,0.0
S0527,2020,0.0,0.0
S0528,2020,0.0,0.0
S0529,2020,0.0,0.0
S0530,2020,0.0,0.0
S0531,2020,0.0,0.0
S0532,2020,0.0,0.0
S0534,2020,0.0,0.0
S0535,2020,0.0,0.0
S0536,2020,0.0,0.0
S0537,2020,0.0,0.0
S0538,2020,0.0,0.0
S0541,2020,0.0,0.0
S0542,2020,0.0,0.0
S0543,2020,0.0,0.0
S0545,2020,0.0,0.0
S0548,2020,0.0,0.0
S0549,2020,0.0,0.0
S0557,2020,0.0,0.0
S0568,2020,0.0,0.0
S0570,2020,0.0,0.0
S0572,2020,0.0,0.0
S0574,2020,0.0,0.0
S0575,2020,0.0,0.0
S0577,2020,0.0,0.0
S0578,2020,0.0,0.0
S0579,2020,0.0,0.0
S0580,2020,0.0,0.0
S0581,2020,0.0,0.0
S0582,2020,0.0,0.0
S0583,2020,0.0,0.0
S0584,2020,0.0,0.0
S0585,2020,0.0,0.0
S0586,2020,0.0,0.0
S0588,2020,0.0,0.0
S0589,2020,0.0,0.0
S0591,2020,0.0,0.0
S0593,2020,0.0,0.0
S0594,2020,0.0,0.0
S0598,2020,0.0,0.0
S0600,2020,0.0,0.0
S0601,2020,0.0,0.0
S0604,2020,0.0,0.0
S0606,2020,0.0,0.0
S0609,2020,0.0,0.0
S0613,2020,0.0,0.0
S0616,2020,0.0,0.0
S0619,2020,0.0,0.0
S0621,2020,0.0,0.0
S0622,2020,0.0,0.0
S0625,2020,0.0,0.0
S0626,2020,0.0,0.0
S0641,2020,0.0,0.0
S0642,2020,0.0,0.0
S0647,2020,0.0,0.0
S0649,2020,0.0,0.0
S0691,2020,0.0,0.0
S0692,2020,0.0,0.0
S0694,2020,0.0,0.0
S0695,2020,0.0,0.0
S0698,2020,0.438387006521225,0.004539306939190595
S0711,2020,0.0,0.0
S0718,2020,0.0,0.0
S0722,2020,0.0,0.0
S0727,2020,0.0,0.0
S0728,2020,0.0,0.0
S0729,2020,0.0,0.0
S0730,2020,0.0,0.0
S0731,2020,0.0,0.0
S0737,2020,0.0,0.0
S0738,2020,0.0,0.0
S0739,2020,0.0,0.0
S0741,2020,0.0,0.0
S0745,2020,0.0,0.0
S0749,2020,0.0,0.0
S0782,2020,0.0,0.0
S0783,2020,0.0,0.0
S0784,2020,0.0,0.0
S0785,2020,0.0,0.0
S0786,2020,0.0,0.0
S0787,2020,0.0,0.0
S0788,2020,0.0,0.0
S0789,2020,0.0,0.0
S0790,2020,0.0,0.0
S0791,2020,0.0,0.0
S0793,2020,0.0,0.0
S0794,2020,0.0,0.0
S0795,2020,0.0,0.0
S0802,2020,0.0,0.0
S0806,2020,0.0,0.0
S0807,2020,0.0,0.0
S0810,2020,0.0,0.0
S0811,2020,0.0,0.0
S0812,2020,0.0,0.0
S0821,2020,0.0,0.0
S0827,2020,0.0,0.0
S0830,2020,0.0,0.0
S0838,2020,0.0,0.0
S0842,2020,0.0,0.0
S0844,2020,0.0,0.0
S0853,2020,0.514431357383728,0.010182329200381238
S0855,2020,0.0,0.0
S0859,2020,0.0,0.0
S0869,2020,0.0,0.0
S0877,2020,0.0,0.0
S0878,2020,0.0,0.0
S0880,2020,0.0,0.0
S0884,2020,0.0,0.0
S0901,2020,0.0,0.0
S0911,2020,0.0,0.0
S0913,2020,0.0,0.0
S0923,2020,0.0,0.0
S0932,2020,0.0,0.0
S0933,2020,0.0,0.0
S0935,2020,0.0,0.0
S0937,2020,0.0,0.0
S0947,2020,0.0,0.0
S0948,2020,0.0,0.0
S0999,2020,0.0,0.0
S1001,2020,0.0,0.0
S1009,2020,0.0,0.0
S1012,2020,0.0,0.0
S1013,2020,0.0,0.0
S1014,2020,0.0,0.0
S1017,2020,0.0,0.0
S1051,2020,0.0,0.0
S1056,2020,0.0,0.0
S1057,2020,0.0,0.0
S1058,2020,0.0,0.0
S1061,2020,0.0,0.0
S1062,2020,0.0,0.0
S1063,2020,0.0,0.0
S1065,2020,0.0,0.0
S1075,2020,0.0,0.0
S1077,2020,0.0,0.0
S1082,2020,0.0,0.0
S1084,2020,0.0,0.0
S1085,2020,0.0,0.0
S1086,2020,0.0,0.0
S1087,2020,0.0,0.0
S1088,2020,0.0,0.0
S1089,2020,0.0,0.0
S1090,2020,0.0,0.0
S1095,2020,0.0,0.0
S1096,2020,0.0,0.0
S1098,2020,0.0,0.0
S1099,2020,0.0,0.0
S1100,2020,0.0,0.0
S1101,2020,0.0,0.0
S1104,2020,0.0,0.0
S1105,2020,0.0,0.0
S1107,2020,0.0,0.0
S1108,2020,0.0,0.0
S1109,2020,0.0,0.0
S1111,2020,0.0,0.0
S1112,2020,0.0,0.0
S1113,2020,0.0,0.0
S1123,2020,0.0,0.0
S1124,2020,0.0,0.0
S1125,2020,0.0,0.0
S1126,2020,0.0,0.0
S1129,2020,0.0,0.0
S1131,2020,0.0,0.0
S1132,2020,0.0,0.0
S1134,2020,0.0,0.0
S1196,2020,0.0,0.0
S1197,2020,0.0,0.0
S1199,2020,0.0,0.0
S1200,2020,0.0,0.0
S1201,2020,0.0,0.0
S1202,2020,0.0,0.0
S1204,2020,0.0,0.0
S1206,2020,0.0,0.0
S1218,2020,0.0,0.0
S1219,2020,0.0,0.0
S1225,2020,0.0,0.0
S1234,2020,0.0,0.0
S1237,2020,0.0,0.0
S1239,2020,0.0,0.0
S1246,2020,0.0,0.0
S1258,2020,0.0,0.0
S1260,2020,0.0,0.0
S1261,2020,0.0,0.0
S1269,2020,0.0,0.0
S1276,2020,0.0,0.0
S1277,2020,0.0,0.0
S1280,2020,0.0,0.0
S1281,2020,0.0,0.0
S1284,2020,0.0,0.0
S1285,2020,0.0,0.0
S1298,2020,0.0,0.0
S1301,2020,0.0,0.0
S1303,2020,0.0,0.0
S1322,2020,0.9743654131889343,0.5120337239003587
S1358,2020,0.0,0.0
S1360,2020,0.5693598389625549,0.004982833762557373
S1362,2020,1.9930675029754639,0.9352391587481613
S1363,2020,1.4426724910736084,0.6803969895854629
S1368,2020,0.9410024285316467,0.5805555950280717
S1369,2020,0.0,0.0
S1371,2020,0.0,0.0
S1429,2020,0.0,0.0
S1430,2020,0.0,0.0
S1431,2020,0.7599467039108276,0.16869113084245993
S1432,2020,0.7396901845932007,0.20540962040105812
S1433,2020,0.5559422373771667,0.05760377381730268
S1434,2020,0.7910760641098022,0.14741312660319145
S1438,2020,0.0,0.0
S1439,2020,1.3432811498641968,0.6918125023472583
S1440,2020,0.0,0.0
S1445,2020,1.8443857431411743,0.7227456424363043
S0000,2021,91.17037963867188,43.22667922399509
S0004,2021,0.693737268447876,0.1918960224750864
S0007,2021,0.0,0.0
S0009,2021,5.8014607429504395,2.563090230363951
S0010,2021,1.205176591873169,0.6972171723712114
S0011,2021,1.0973126888275146,0.4195235876431127
S0012,2021,0.0,0.0
S0015,2021,6.866389751434326,1.9794195266210233
S0016,2021,3.1883938312530518,1.2841031459596872
S0017,2021,4.133152484893799,0.5490653172794615
S0018,2021,0.7060492038726807,0.19792523050740768
S0019,2021,0.0,0.0
S0020,2021,1.725848913192749,0.8348608275870781
S0021,2021,0.3932478725910187,0.013301212101418733
S0022,2021,0.0,0.0
S0023,2021,1.4305704832077026,0.4466036176434648
S0024,2021,0.9552125334739685,0.06254139101063765
S0026,2021,0.0,0.0
S0028,2021,0.0,0.0
S0029,2021,0.0,0.0
S0030,2021,0.0,0.0
S0033,2021,0.0,0.0
S0034,2021,1.6312133073806763,0.9239128223050371
S0035,2021,0.6231562495231628,0.015302535835302099
S0036,2021,0.9455326795578003,0.4753007555157884
S0037,2021,0.0,0.0
S0038,2021,3.307572841644287,1.0763290476352723
S0040,2021,1.1517757177352905,0.5269999691660989
S0041,2021,0.5567120909690857,0.0031176905304557963
S0042,2021,0.0,0.0
S0044,2021,0.0,0.0
S0045,2021,0.0,0.0
S0048,2021,0.7867329716682434,0.06859885025804638
S0049,2021,0.0,0.0
S0050,2021,0.0,0.0
S0051,2021,2.8896749019622803,1.3057013833063007
S0052,2021,0.0,0.0
S0053,2021,0.5320100784301758,0.027988914608016727
S0054,2021,0.0,0.0
S0055,2021,0.5303186178207397,0.04073955703775399
S0056,2021,0.0,0.0
S0057,2021,1.155938982963562,0.14234556076962718
S0058,2021,0.0,0.0
S0059,2021,0.5887700319290161,0.23051798559536046
S0060,2021,0.0,0.0
S0062,2021,1.1231895685195923,0.39950119444725096
S0063,2021,0.0,0.0
S0066,2021,0.0,0.0
S0069,2021,16.711715698242188,10.47139081859049
S0070,2021,4.103396415710449,1.9975534506724981
S0072,2021,1.414821982383728,0.603619898034907
S0073,2021,22.565500259399414,2.2903406539889666
S0074,2021,0.0,0.0
S0075,2021,0.0,0.0
S0076,2021,0.0,0.0
S0077,2021,0.0,0.0
S0078,2021,0.0,0.0
S0079,2021,2.258600950241089,0.6973685981524776
S0080,2021,1.4645239114761353,0.8115321391129486
S0081,2021,0.4528654217720032,0.0022728502974755493
S0082,2021,0.4671344757080078,0.0007321856986018931
S0083,2021,2.144002676010132,0.4981960231239902
S0084,2021,1.4357242584228516,0.8172673232239341
S0085,2021,1.4439644813537598,0.25880722209224555
S0086,2021,2.7254676818847656,0.1396482272974149
S0087,2021,2.305670976638794,0.2104978006778273
S0088,2021,1.5252890586853027,0.4910412475265299
S0089,2021,2.682516574859619,1.314260101835033
S0090,2021,0.3854340612888336,0.012777964211590224
S0091,2021,3.861222982406616,1.992854755707284
S0092,2021,2.9182097911834717,1.8757762633693549
S0093,2021,0.4996510446071625,0.010701187727019541
S0094,2021,0.7241887450218201,0.04755058926701135
S0095,2021,11.149714469909668,3.8031661027499832
S0096,2021,1.5475411415100098,0.7546937926283128
S0098,2021,9.95809555053711,3.286862961463688
S0099,2021,4.170307636260986,1.5351351559311994
S0101,2021,2.955479145050049,1.6194798229405332
S0102,2021,0.0,0.0
S0104,2021,1.718049168586731,0.6890254257212813
S0105,2021,1.190535068511963,0.209504366089819
S0107,2021,0.0,0.0
S0109,2021,0.6400482654571533,0.06444914761259658
S0111,2021,1.247351050376892,0.35917313242070914
S0113,2021,5.779552936553955,1.2268977749096759
S0114,2021,1.3698489665985107,0.14536249850811464
S0115,2021,0.0,0.0
S0116,2021,4.3053741455078125,1.218518271241741
S0117,2021,4.833476543426514,1.4726162906531448
S0118,2021,2.6011576652526855,0.48577559530191616
S0119,2021,0.7472724914550781,0.07485302389976818
S0121,2021,0.0,0.0
S0124,2021,0.0,0.0
S0125,2021,0.0,0.0
S0126,2021,0.6122830510139465,0.14590154849646386
S0130,2021,0.0,0.0
S0131,2021,21.098278045654297,12.482183487421306
S0132,2021,3.4543638229370117,0.961730699566847
S0133,2021,0.0,0.0
S0134,2021,2.4817726612091064,0.7537131554060329
S0135,2021,0.6487825512886047,0.06019858834952059
S0137,2021,0.7790232300758362,0.05486315839321196
S0138,2021,5.289444446563721,2.213436846683112
S0139,2021,5.7834954261779785,2.0714823371522124
S0140,2021,12.992338180541992,8.557078878809115
S0141,2021,10.988188743591309,5.678947681397721
S0145,2021,0.0,0.0
S0149,2021,1.107041597366333,0.1506664490208222
S0150,2021,1.0147333145141602,0.1472601032998394
S0151,2021,0.0,0.0
S0152,2021,31.8015079498291,14.373529872197993
S0153,2021,6.786668300628662,0.5035554940548796
S0154,2021,21.632307052612305,10.42037534593937
S0155,2021,9.770716667175293,5.548730788350667
S0156,2021,18.13254165649414,12.02233094711519
S0157,2021,0.9624956846237183,0.38101117919231275
S0158,2021,16.0980281829834,6.386988444961538
S0159,2021,5.461132526397705,1.1810033973277232
S0160,2021,8.821587562561035,3.365629098836466
S0162,2021,0.0,0.0
S0164,2021,0.0,0.0
S0165,2021,22.13895606994629,13.573257216596307
S0166,2021,0.5716512203216553,0.04107044748238795
S0168,2021,13.297898292541504,6.562957994930399
S0169,2021,12.131117820739746,6.4238913307165975
S0170,2021,26.869192123413086,11.264531287734801
S0171,2021,1.001240849494934,0.7607531163772521
S0172,2021,0.0,0.0
S0173,2021,15.717554092407227,4.722175757258944
S0174,2021,41.404396057128906,14.922260651935884
S0175,2021,23.919017791748047,13.03087893020091
S0176,2021,37.3009147644043,20.725607180325156
S0177,2021,29.0219669342041,15.265759666211636
S0178,2021,0.0,0.0
S0179,2021,0.881454348564148,0.3440997644132082
S0180,2021,0.6248965263366699,0.09360746234927421
S0181,2021,2.118832588195801,0.9418424819954991
S0182,2021,1.741587519645691,0.7707283868731338
S0183,2021,1.1287275552749634,0.5107961175257247
S0184,2021,6.959789752960205,3.772010663142398
S0185,2021,0.7877113819122314,0.36227804035844663
S0186,2021,2.2166941165924072,0.9187257199664419
S0187,2021,1.618777871131897,0.5148004320619696
S0188,2021,2.144002676010132,0.7088802398487818
S0189,2021,1.3743414878845215,0.12065446399243451
S0190,2021,0.0,0.0
S0191,2021,1.3743414878845215,0.13694488889872186
S0192,2021,0.4028949439525604,0.0020195235285842632
S0193,2021,11.71740436553955,6.748991437973591
S0194,2021,15.589479446411133,6.541921126513852
S0195,2021,10.664056777954102,1.661272059283664
S0196,2021,1.4313143491744995,0.9071866607755646
S0197,2021,6.107937335968018,3.819375655520882
S0198,2021,18.544078826904297,9.465806923799668
S0199,2021,7.100955009460449,4.470948947654977
S0200,2021,10.923624038696289,3.5087815313195776
S0201,2021,0.7436460256576538,0.1867796034927954
S0202,2021,0.6664535999298096,0.3640928473622781
S0203,2021,3.7175838947296143,2.2025920410363304
S0205,2021,0.5968054533004761,0.2260412563780256
S0207,2021,0.0,0.0
S0208,2021,47.50617599487305,29.93706098374638
S0209,2021,7.375603675842285,5.27842137993224
S0210,2021,52.53669738769531,22.09288311341283
S0211,2021,72.6602783203125,20.613795017075017
S0212,2021,2.9281063079833984,1.1434696916134053
S0213,2021,4.7163615226745605,1.858139504783197
S0214,2021,1.1649844646453857,0.402721300991421
S0215,2021,0.8190860748291016,0.473636239944692
S0216,2021,0.8190860748291016,0.4978340547683467
S0217,2021,39.24464797973633,25.595464562934488
S0218,2021,26.869192123413086,18.387125590431438
S0219,2021,14.991459846496582,7.471274459440827
S0220,2021,0.0,0.0
S0221,2021,4.177920341491699,2.3126780375187144
S0222,2021,72.6602783203125,28.662928369902005
S0223,2021,2.4883973598480225,0.33554024503896224
S0224,2021,0.9708004593849182,0.5376329274672383
S0225,2021,5.566558837890625,2.7952233260256487
S0226,2021,8.169170379638672,3.123580184245685
S0227,2021,16.015092849731445,6.74608104692814
S0229,2021,6.891585350036621,2.831416949812362
S0230,2021,2.8069286346435547,0.38176825288508015
S0231,2021,1.3703809976577759,0.6534151631741453
S0232,2021,0.883701503276825,0.550820335160626
S0233,2021,0.5353732109069824,0.07434879587822825
S0234,2021,2.0499351024627686,1.1139500108560674
S0235,2021,3.0396382808685303,1.2824614902779183
S0239,2021,0.0,0.0
S0240,2021,0.0,0.0
S0241,2021,0.7670261859893799,0.08643145962812487
S0242,2021,0.6141155958175659,0.18390291126154773
S0243,2021,0.0,0.0
S0244,2021,0.6078768968582153,0.07507881246317805
S0245,2021,2.1764183044433594,0.4499952972946791
S0246,2021,17.24349021911621,7.507496790043742
S0247,2021,14.231170654296875,4.036999402692698
S0248,2021,16.472900390625,7.944474619283412
S0249,2021,3.873549699783325,1.9384418148459632
S0250,2021,6.594384670257568,3.3977849907876556
S0251,2021,4.535486221313477,2.446339909550232
S0252,2021,1.797408938407898,0.516229206484515
S0253,2021,8.206889152526855,2.7484148502199814
S0254,2021,15.056649208068848,5.840692030897707
S0255,2021,3.1290347576141357,1.9828337851714612
S0256,2021,3.692378282546997,1.9640208954199918
S0257,2021,7.626321792602539,2.113614144556948
S0258,2021,19.569580078125,10.707261664217171
S0259,2021,3.8422155380249023,1.9014007224999074
S0260,2021,0.0,0.0
S0261,2021,0.6664535999298096,0.4102582682402187
S0262,2021,0.7925377488136292,0.4246000959238017
S0263,2021,0.0,0.0
S0265,2021,0.0,0.0
S0266,2021,0.0,0.0
S0267,2021,0.0,0.0
S0269,2021,0.0,0.0
S0272,2021,1.838311791419983,0.752807602178189
S0273,2021,1.4880330562591553,0.772683070131311
S0274,2021,2.5094480514526367,0.9123123466351164
S0275,2021,1.162189245223999,0.39632346886929465
S0276,2021,0.0,0.0
S0277,2021,0.0,0.0
S0279,2021,1.041736364364624,0.17536441145873652
S0280,2021,1.041736364364624,0.10933021271897082
S0281,2021,1.401295781135559,0.7708046096404767
S0282,2021,0.0,0.0
S0284,2021,0.0,0.0
S0285,2021,0.0,0.0
S0287,2021,0.0,0.0
S0289,2021,0.0,0.0
S0290,2021,0.0,0.0
S0291,2021,0.0,0.0
S0293,2021,0.0,0.0
S0294,2021,0.0,0.0
S0295,2021,0.0,0.0
S0296,2021,0.0,0.0
S0297,2021,0.0,0.0
S0298,2021,3.296363353729248,1.8495843861220511
S0300,2021,48.06718063354492,14.579877747678953
S0301,2021,18.53856086730957,10.364433004395504
S0302,2021,8.010289192199707,3.3650888380475514
S0307,2021,0.0,0.0
S0308,2021,2.50520920753479,1.599473827745867
S0309,2021,6.009829044342041,2.9459593422598584
S0310,2021,0.0,0.0
S0311,2021,5.046956539154053,1.897417558257356
S0312,2021,0.0,0.0
S0313,2021,0.0,0.0
S0314,2021,0.0,0.0
S0315,2021,1.1290897130966187,0.5312696861790339
S0316,2021,1.0107131004333496,0.6619414030700115
S0317,2021,0.6816128492355347,0.222550980190872
S0318,2021,1.0107131004333496,0.6717019986092094
S0319,2021,1.6175392866134644,0.7728714407796218
S0320,2021,1.0107131004333496,0.6199148889705913
S0321,2021,1.0107131004333496,0.3752262760592392
S0322,2021,0.7293235659599304,0.1763666288558884
S0323,2021,0.4461759924888611,0.0005472192821244853
S0324,2021,0.0,0.0
S0325,2021,0.0,0.0
S0326,2021,0.5277467966079712,0.0514628837101138
S0327,2021,0.7658633589744568,0.41778462424107743
S0328,2021,0.7658633589744568,0.21656521243844482
S0329,2021,0.0,0.0
S0330,2021,0.0,0.0
S0331,2021,0.0,0.0
S0332,2021,0.0,0.0
S0333,2021,0.0,0.0
S0334,2021,0.736129879951477,0.3378886927787522
S0335,2021,0.0,0.0
S0336,2021,0.0,0.0
S0337,2021,0.43352702260017395,0.0051707554484640966
S0338,2021,0.0,0.0
S0339,2021,1.6175392866134644,0.7299957541752968
S0340,2021,1.6175392866134644,0.7001214990076733
S0341,2021,0.523975133895874,0.019366378389060388
S0342,2021,0.0,0.0
S0343,2021,0.8454645872116089,0.5449556119380777
S0344,2021,0.8454645872116089,0.5085726645309624
S0345,2021,0.8190860748291016,0.23592582374867163
S0346,2021,0.7244566679000854,0.032913335588226705
S0348,2021,0.7770690321922302,0.449698626348839
S0349,2021,2.5965940952301025,1.4901079075064083
S0350,2021,1.7517809867858887,0.9698357554260596
S0351,2021,0.0,0.0
S0352,2021,0.0,0.0
S0353,2021,0.0,0.0
S0354,2021,0.0,0.0
S0355,2021,0.6990359425544739,0.3224820730139611
S0356,2021,0.0,0.0
S0357,2021,0.0,0.0
S0358,2021,0.0,0.0
S0359,2021,0.0,0.0
S0360,2021,1.4443659782409668,0.48001075132458976
S0361,2021,1.8619499206542969,0.8958497527109608
S0362,2021,2.3423264026641846,1.0440338109071392
S0363,2021,0.0,0.0
S0364,2021,0.9165165424346924,0.040023979159490373
S0365,2021,0.0,0.0
S0366,2021,1.0107131004333496,0.3917738201292568
S0367,2021,0.0,0.0
S0368,2021,0.0,0.0
S0369,2021,0.0,0.0
S0370,2021,0.0,0.0
S0371,2021,2.3398046493530273,1.007869987311603
S0372,2021,1.1290897130966187,0.6563686732116457
S0373,2021,2.3398046493530273,0.6991178578292148
S0374,2021,1.020184874534607,0.5680793936317304
S0375,2021,0.0,0.0
S0377,2021,0.0,0.0
S0378,2021,0.0,0.0
S0379,2021,0.0,0.0
S0380,2021,0.0,0.0
S0383,2021,0.0,0.0
S0384,2021,1.320232629776001,0.26435427742088263
S0386,2021,0.0,0.0
S0387,2021,0.0,0.0
S0388,2021,0.4630335867404938,0.0609458217587923
S0389,2021,2.494380474090576,1.1390211252116114
S0390,2021,1.7588715553283691,0.9406632608248124
S0391,2021,0.0,0.0
S0392,2021,0.5724667906761169,0.21760991700751495
S0393,2021,1.3287564516067505,0.4496097598485054
S0394,2021,0.0,0.0
S0395,2021,0.0,0.0
S0396,2021,0.0,0.0
S0397,2021,0.7680721282958984,0.16718808017809214
S0399,2021,0.0,0.0
S0400,2021,0.0,0.0
S0401,2021,0.0,0.0
S0402,2021,0.8387277722358704,0.35734325546138684
S0403,2021,1.1316709518432617,0.36136320726463533
S0404,2021,0.0,0.0
S0405,2021,0.0,0.0
S0406,2021,0.0,0.0
S0407,2021,0.0,0.0
S0410,2021,0.0,0.0
S0411,2021,1.6650216579437256,0.6109449830766087
S0412,2021,1.6650216579437256,0.8912472849355597
S0413,2021,0.736129879951477,0.06781846012238574
S0414,2021,1.5348453521728516,0.7199740287570732
S0416,2021,0.0,0.0
S0417,2021,0.0,0.0
S0418,2021,0.0,0.0
S0419,2021,0.7508048415184021,0.26457786410062634
S0420,2021,0.0,0.0
S0421,2021,0.0,0.0
S0422,2021,0.0,0.0
S0423,2021,0.0,0.0
S0424,2021,0.0,0.0
S0428,2021,0.0,0.0
S0429,2021,6.761860370635986,4.04679824803808
S0430,2021,0.0,0.0
S0432,2021,1.6303540468215942,0.6635413540447056
S0433,2021,1.1891088485717773,0.14343920148151879
S0434,2021,0.0,0.0
S0443,2021,0.0,0.0
S0444,2021,0.0,0.0
S0445,2021,0.0,0.0
S0449,2021,5.462066650390625,2.753718309941639
S0450,2021,1.9276577234268188,1.0505206980792396
S0453,2021,3.5498123168945312,0.8512689314871151
S0455,2021,0.0,0.0
S0456,2021,0.4648398160934448,0.007135698931259022
S0459,2021,0.0,0.0
S0460,2021,0.0,0.0
S0462,2021,0.0,0.0
S0463,2021,0.0,0.0
S0464,2021,0.8798572421073914,0.6019909640471589
S0465,2021,0.0,0.0
S0466,2021,2.118832588195801,0.4558125284302939
S0470,2021,9.491947174072266,4.014664759285464
S0471,2021,10.199714660644531,5.040762532919188
S0472,2021,1.406266450881958,0.7457621377511717
S0474,2021,0.0,0.0
S0475,2021,0.0,0.0
S0476,2021,0.0,0.0
S0477,2021,0.0,0.0
S0487,2021,0.0,0.0
S0488,2021,0.0,0.0
S0490,2021,0.0,0.0
S0492,2021,0.0,0.0
S0493,2021,0.0,0.0
S0495,2021,0.0,0.0
S0496,2021,0.0,0.0
S0497,2021,0.0,0.0
S0499,2021,0.0,0.0
S0500,2021,0.4608682096004486,0.09563198388463914
S0501,2021,0.831723153591156,0.034249087579952806
S0503,2021,1.7382234334945679,0.2452967534594064
S0504,2021,1.0503791570663452,0.5571706153061983
S0505,2021,0.0,0.0
S0506,2021,0.0,0.0
S0507,2021,0.0,0.0
S0508,2021,1.4424031972885132,0.5347901623766378
S0509,2021,0.4608682096004486,0.015414615890896521
S0510,2021,0.0,0.0
S0511,2021,1.131837248802185,0.19927035410649813
S0512,2021,0.0,0.0
S0513,2021,0.0,0.0
S0515,2021,0.0,0.0
S0516,2021,1.0503791570663452,0.5902365313354513
S0533,2021,0.0,0.0
S0539,2021,0.0,0.0
S0540,2021,0.0,0.0
S0544,2021,0.0,0.0
S0546,2021,0.0,0.0
S0547,2021,0.0,0.0
S0550,2021,0.0,0.0
S0551,2021,0.0,0.0
S0552,2021,0.0,0.0
S0553,2021,0.0,0.0
S0554,2021,0.0,0.0
S0555,2021,0.0,0.0
S0556,2021,0.0,0.0
S0558,2021,0.0,0.0
S0559,2021,0.0,0.0
S0560,2021,0.0,0.0
S0561,2021,0.0,0.0
S0562,2021,0.0,0.0
S0563,2021,0.0,0.0
S0564,2021,0.0,0.0
S0565,2021,0.0,0.0
S0566,2021,0.0,0.0
S0567,2021,0.0,0.0
S0569,2021,0.0,0.0
S0571,2021,0.0,0.0
S0573,2021,0.0,0.0
S0576,2021,0.0,0.0
S0587,2021,0.0,0.0
S0590,2021,0.0,0.0
S0592,2021,0.0,0.0
S0595,2021,0.0,0.0
S0596,2021,0.0,0.0
S0597,2021,0.0,0.0
S0599,2021,0.0,0.0
S0602,2021,0.0,0.0
S0603,2021,0.0,0.0
S0605,2021,0.0,0.0
S0607,2021,0.0,0.0
S0608,2021,0.0,0.0
S0610,2021,0.0,0.0
S0611,2021,0.365220308303833,0.024859726129840578
S0612,2021,0.0,0.0
S0614,2021,0.0,0.0
S0615,2021,0.0,0.0
S0617,2021,0.365220308303833,0.013803602203609433
S0618,2021,0.0,0.0
S0620,2021,0.0,0.0
S0623,2021,0.0,0.0
S0624,2021,0.5887700319290161,0.22270226033737983
S0627,2021,0.0,0.0
S0628,2021,0.0,0.0
S0629,2021,0.7408698797225952,0.09928938440859374
S0630,2021,0.0,0.0
S0631,2021,0.0,0.0
S0632,2021,0.0,0.0
S0633,2021,0.0,0.0
S0634,2021,0.0,0.0
S0635,2021,0.0,0.0
S0636,2021,0.0,0.0
S0637,2021,0.0,0.0
S0638,2021,0.0,0.0
S0639,2021,0.0,0.0
S0640,2021,0.0,0.0
S0643,2021,0.0,0.0
S0644,2021,0.0,0.0
S0645,2021,0.0,0.0
S0646,2021,0.0,0.0
S0648,2021,0.0,0.0
S0650,2021,0.0,0.0
S0651,2021,0.0,0.0
S0652,2021,0.0,0.0
S0653,2021,3.283984422683716,0.5667099730987247
S0654,2021,0.0,0.0
S0655,2021,0.0,0.0
S0656,2021,2.0924549102783203,1.2472208735707044
S0657,2021,3.295382261276245,1.7253360214887588
S0658,2021,1.2838160991668701,0.32760817566909883
S0659,2021,0.0,0.0
S0660,2021,1.0581202507019043,0.14577458207510105
S0661,2021,0.0,0.0
S0662,2021,0.0,0.0
S0663,2021,0.0,0.0
S0664,2021,1.1764087677001953,0.67319218512221
S0665,2021,0.5354995727539062,0.023605144894693605
S0666,2021,0.0,0.0
S0667,2021,0.8363173604011536,0.05927294838391128
S0668,2021,1.1764087677001953,0.3916077466174031
S0669,2021,0.0,0.0
S0670,2021,1.1231895685195923,0.42938804276399883
S0671,2021,0.0,0.0
S0672,2021,0.0,0.0
S0673,2021,0.0,0.0
S0674,2021,1.1764087677001953,0.3197991154566944
S0675,2021,1.1764087677001953,0.7719389421786393
S0676,2021,1.1764087677001953,0.4141711474700878
S0677,2021,0.7205680012702942,0.07660687199077715
S0678,2021,1.1231895685195923,0.41756896575791624
S0679,2021,1.0605918169021606,0.6194769527017135
S0680,2021,0.7989444136619568,0.08392845853284431
S0681,2021,0.7989444136619568,0.07303571286116246
S0682,2021,1.2782093286514282,0.45817167682443705
S0683,2021,1.1231895685195923,0.6931867291148615
S0684,2021,1.1764087677001953,0.7851512078359407
S0685,2021,1.1764087677001953,0.6828586102282908
S0686,2021,1.5543547868728638,0.9872321352475237
S0687,2021,1.2412790060043335,0.6794665816933452
S0688,2021,1.0605918169021606,0.30687316054635694
S0689,2021,1.0605918169021606,0.5613260732527344
S0690,2021,0.0,0.0
S0693,2021,0.0,0.0
S0696,2021,0.3909381628036499,0.020620914081950766
S0697,2021,0.0,0.0
S0699,2021,0.0,0.0
S0700,2021,0.0,0.0
S0701,2021,0.0,0.0
S0702,2021,0.0,0.0
S0703,2021,0.0,0.0
S0704,2021,0.0,0.0
S0705,2021,0.0,0.0
S0706,2021,0.0,0.0
S0707,2021,0.49632447957992554,0.029804644031638405
S0708,2021,0.9461602568626404,0.08585906541999372
S0709,2021,1.7963125705718994,1.2841085575612627
S0710,2021,0.716177761554718,0.002694930429180501
S0712,2021,1.0336451530456543,0.3254732058256155
S0713,2021,1.7963125705718994,1.1309229556669635
S0714,2021,0.5324022173881531,0.01103251062719564
S0715,2021,0.9105220437049866,0.30738921170905376
S0716,2021,1.89083993434906,0.32498497798525056
S0717,2021,0.8516550660133362,0.0008054745264943281
S0719,2021,0.0,0.0
S0720,2021,1.243736982345581,0.3505177587046378
S0721,2021,1.0599415302276611,0.31252937788584617
S0723,2021,1.243736982345581,0.08909362847994175
S0724,2021,0.0,0.0
S0725,2021,0.0,0.0
S0726,2021,0.0,0.0
S0732,2021,0.0,0.0
S0733,2021,0.0,0.0
S0734,2021,0.0,0.0
S0735,2021,0.0,0.0
S0736,2021,1.7963125705718994,1.1553534103016097
S0740,2021,0.0,0.0
S0742,2021,0.6133986711502075,0.06074898065014968
S0743,2021,0.5926533937454224,0.01267309143858136
S0744,2021,0.0,0.0
S0746,2021,0.0,0.0
S0747,2021,0.0,0.0
S0748,2021,0.0,0.0
S0750,2021,0.0,0.0
S0751,2021,1.950304388999939,0.5269665090621938
S0752,2021,0.5320100784301758,0.08591694450926074
S0753,2021,0.0,0.0
S0754,2021,0.0,0.0
S0755,2021,0.0,0.0
S0756,2021,1.155938982963562,0.259571400049461
S0757,2021,2.1746366024017334,1.1654467882227235
S0758,2021,0.9219678044319153,0.04369161081374085
S0759,2021,1.0085573196411133,0.5246070162434052
S0760,2021,2.1746366024017334,1.3388308293958529
S0761,2021,7.877042293548584,3.065511799322462
S0762,2021,7.877042293548584,3.101076741739078
S0763,2021,1.7781883478164673,1.099864180684464
S0764,2021,12.574122428894043,1.7672927445461373
S0765,2021,8.314424514770508,3.3928150025654746
S0766,2021,2.1746366024017334,1.3502771551611281
S0767,2021,1.7564274072647095,1.0979293150378657
S0768,2021,2.979543924331665,0.9588667651173458
S0769,2021,0.9703354835510254,0.07780741839896975
S0770,2021,1.795961856842041,1.0888323059621847
S0771,2021,1.3195241689682007,0.6593676944948593
S0772,2021,2.592668056488037,1.0193993408826543
S0773,2021,2.592668056488037,1.2306445124868768
S0774,2021,1.5628485679626465,1.1102586224109783
S0775,2021,1.0539295673370361,0.08395322189132184
S0776,2021,1.5628485679626465,1.0950462370830643
S0777,2021,1.5628485679626465,1.166541805145049
S0778,2021,1.1107392311096191,0.5821644699985877
S0779,2021,5.774171829223633,2.3073289735885036
S0780,2021,6.38810920715332,3.00033601045008
S0781,2021,6.38810920715332,2.766317087054664
S0792,2021,0.365220308303833,0.02174611675892456
S0796,2021,0.0,0.0
S0797,2021,0.0,0.0
S0798,2021,0.0,0.0
S0799,2021,0.0,0.0
S0800,2021,0.6670688986778259,0.2436735819082775
S0801,2021,0.0,0.0
S0803,2021,0.0,0.0
S0804,2021,0.0,0.0
S0805,2021,0.0,0.0
S0808,2021,0.0,0.0
S0809,2021,0.0,0.0
S0813,2021,0.0,0.0
S0814,2021,0.0,0.0
S0815,2021,0.0,0.0
S0816,2021,0.0,0.0
S0817,2021,1.1322280168533325,0.15621476946985094
S0818,2021,0.0,0.0
S0819,2021,0.0,0.0
S0820,2021,0.8193222284317017,0.22509538151372827
S0822,2021,0.5561034679412842,0.09670872228844891
S0823,2021,0.0,0.0
S0824,2021,0.0,0.0
S0825,2021,1.932355284690857,0.9689592056283414
S0826,2021,0.0,0.0
S0828,2021,1.2480067014694214,0.7043133607788222
S0829,2021,0.0,0.0
S0831,2021,0.41215288639068604,0.032967059607786994
S0832,2021,0.41215288639068604,0.03309162028640584
S0833,2021,0.0,0.0
S0834,2021,0.0,0.0
S0835,2021,0.0,0.0
S0836,2021,0.0,0.0
S0837,2021,0.0,0.0
S0839,2021,1.0416053533554077,0.5013355050468083
S0840,2021,0.6894468069076538,0.01772801447677253
S0841,2021,0.0,0.0
S0843,2021,0.583142876625061,0.22977847032894005
S0845,2021,0.0,0.0
S0846,2021,1.0416053533554077,0.3229450444716559
S0847,2021,0.0,0.0
S0848,2021,0.0,0.0
S0849,2021,0.0,0.0
S0850,2021,0.0,0.0
S0851,2021,0.0,0.0
S0852,2021,0.0,0.0
S0854,2021,0.0,0.0
S0856,2021,0.0,0.0
S0857,2021,0.0,0.0
S0858,2021,0.0,0.0
S0860,2021,0.0,0.0
S0861,2021,0.0,0.0
S0862,2021,0.5508533716201782,0.05228156909589637
S0863,2021,0.0,0.0
S0864,2021,0.0,0.0
S0865,2021,0.0,0.0
S0866,2021,0.0,0.0
S0867,2021,0.0,0.0
S0868,2021,12.682514190673828,4.032913878976195
S0870,2021,0.0,0.0
S0871,2021,0.0,0.0
S0872,2021,0.9717811942100525,0.4496789343573491
S0873,2021,2.1764183044433594,0.5735744081507657
S0874,2021,2.5053963661193848,0.9457264989661213
S0875,2021,0.5508533716201782,0.06225027115380227
S0876,2021,0.0,0.0
S0879,2021,2.1764183044433594,0.7402235510994883
S0881,2021,13.297898292541504,4.0815245026170315
S0882,2021,1.259685754776001,0.14677998470479603
S0883,2021,13.297898292541504,5.319126432262273
S0885,2021,1.1346343755722046,0.6488411893665231
S0886,2021,0.6328190565109253,0.043916786000842145
S0887,2021,0.0,0.0
S0888,2021,0.0,0.0
S0889,2021,1.6294689178466797,0.4312718291946548
S0890,2021,7.945335865020752,2.622602930136341
S0891,2021,13.297898292541504,4.653318986226475
S0892,2021,1.2041406631469727,0.4329625116786927
S0893,2021,7.482107639312744,2.8050068932168357
S0894,2021,3.4016759395599365,1.4471190277878865
S0895,2021,7.945335865020752,1.7039084907126305
S0896,2021,13.297898292541504,4.6875481872142775
S0897,2021,13.297898292541504,5.506332557066235
S0898,2021,13.297898292541504,1.7314477588518653
S0899,2021,12.682514190673828,3.1447557935707247
S0900,2021,0.0,0.0
S0902,2021,0.0,0.0
S0903,2021,0.0,0.0
S0904,2021,0.0,0.0
S0905,2021,0.0,0.0
S0906,2021,0.0,0.0
S0907,2021,0.0,0.0
S0908,2021,0.0,0.0
S0909,2021,0.0,0.0
S0910,2021,0.0,0.0
S0912,2021,0.0,0.0
S0914,2021,0.0,0.0
S0915,2021,0.0,0.0
S0916,2021,0.0,0.0
S0917,2021,0.0,0.0
S0918,2021,0.0,0.0
S0919,2021,0.0,0.0
S0920,2021,0.0,0.0
S0921,2021,0.0,0.0
S0922,2021,0.0,0.0
S0924,2021,0.0,0.0
S0925,2021,0.0,0.0
S0926,2021,0.0,0.0
S0927,2021,0.0,0.0
S0928,2021,0.0,0.0
S0929,2021,0.0,0.0
S0930,2021,0.0,0.0
S0931,2021,0.0,0.0
S0934,2021,0.0,0.0
S0936,2021,0.0,0.0
S0938,2021,0.0,0.0
S0939,2021,0.0,0.0
S0940,2021,1.1535923480987549,0.16490691455750436
S0941,2021,0.0,0.0
S0942,2021,0.0,0.0
S0943,2021,0.0,0.0
S0944,2021,0.0,0.0
S0945,2021,0.0,0.0
S0946,2021,0.0,0.0
S0949,2021,0.0,0.0
S0950,2021,0.0,0.0
S0951,2021,0.0,0.0
S0952,2021,0.0,0.0
S0953,2021,0.0,0.0
S0954,2021,0.40094462037086487,0.08786382867926894
S0955,2021,0.0,0.0
S0956,2021,0.6505077481269836,0.08781754000177208
S0957,2021,0.0,0.0
S0958,2021,5.046423435211182,2.0189346048296715
S0959,2021,0.0,0.0
S0960,2021,0.0,0.0
S0961,2021,0.5185499787330627,0.06264808656810102
S0962,2021,0.0,0.0
S0963,2021,1.4010412693023682,0.4437680801880435
S0964,2021,0.6505077481269836,0.09051912731715224
S0965,2021,0.8370111584663391,0.4683982675742804
S0966,2021,0.0,0.0
S0967,2021,2.5957984924316406,1.2140171786361633
S0968,2021,1.517592430114746,0.7250041862110927
S0969,2021,1.9455599784851074,1.0153111373459487
S0970,2021,0.9220983982086182,0.32800916750101167
S0971,2021,1.060960054397583,0.378698167119814
S0972,2021,0.8082946538925171,0.09002024976807071
S0973,2021,3.2307450771331787,1.4987840975122146
S0974,2021,0.8082946538925171,0.3025913195550255
S0975,2021,0.8082946538925171,0.1758563497783996
S0976,2021,1.427465558052063,0.5294815217813356
S0977,2021,0.0,0.0
S0978,2021,12.682514190673828,3.004770464856835
S0979,2021,0.8278594613075256,0.36039252482548434
S0980,2021,2.9286468029022217,1.1742355452086586
S0981,2021,1.4702997207641602,0.6922849170421784
S0982,2021,7.482107639312744,2.319155144031485
S0983,2021,1.1669082641601562,0.4210883690823888
S0984,2021,6.959789752960205,3.415423268771098
S0985,2021,6.959789752960205,3.054308491483606
S0986,2021,0.0,0.0
S0987,2021,0.0,0.0
S0988,2021,0.0,0.0
S0989,2021,2.9433634281158447,1.555197150834501
S0990,2021,0.5776740908622742,0.021642100560784635
S0991,2021,6.959789752960205,2.8089985723335684
S0992,2021,3.220015525817871,0.7172057166559748
S0993,2021,1.321144700050354,0.4176234610411483
S0994,2021,6.959789752960205,2.94140080551157
S0995,2021,1.7943191528320312,1.0739378172639247
S0996,2021,6.959789752960205,3.650964562744042
S0997,2021,0.0,0.0
S0998,2021,0.0,0.0
S1000,2021,0.0,0.0
S1002,2021,1.3842283487319946,0.3718465972962534
S1003,2021,1.321144700050354,0.8273658333547506
S1004,2021,1.3842283487319946,0.7057914742014625
S1005,2021,1.3842283487319946,0.6372539520039524
S1006,2021,1.0154536962509155,0.5739866623457082
S1007,2021,2.7760202884674072,0.7464411159387606
S1008,2021,0.0,0.0
S1010,2021,1.321144700050354,0.49534426829749956
S1011,2021,0.0,0.0
S1015,2021,0.0,0.0
S1016,2021,0.0,0.0
S1018,2021,0.0,0.0
S1019,2021,1.215541124343872,0.37194284981520914
S1020,2021,0.0,0.0
S1021,2021,0.0,0.0
S1022,2021,0.0,0.0
S1023,2021,0.5339781641960144,0.02434360376709449
S1024,2021,0.0,0.0
S1025,2021,0.5339781641960144,0.03632258558736265
S1026,2021,0.0,0.0
S1027,2021,0.0,0.0
S1028,2021,0.0,0.0
S1029,2021,0.0,0.0
S1030,2021,0.0,0.0
S1031,2021,0.0,0.0
S1032,2021,0.0,0.0
S1033,2021,0.0,0.0
S1034,2021,1.215541124343872,0.1405307413845713
S1035,2021,0.0,0.0
S1036,2021,0.0,0.0
S1037,2021,0.0,0.0
S1038,2021,0.0,0.0
S1039,2021,0.0,0.0
S1040,2021,0.0,0.0
S1041,2021,0.0,0.0
S1042,2021,0.0,0.0
S1043,2021,0.0,0.0
S1044,2021,0.0,0.0
S1045,2021,0.0,0.0
S1046,2021,0.0,0.0
S1047,2021,0.0,0.0
S1048,2021,0.0,0.0
S1049,2021,0.0,0.0
S1050,2021,0.0,0.0
S1052,2021,0.0,0.0
S1053,2021,0.0,0.0
S1054,2021,0.0,0.0
S1055,2021,0.0,0.0
S1059,2021,0.0,0.0
S1060,2021,21.43042755126953,4.212136684820247
S1064,2021,0.0,0.0
S1066,2021,8.028144836425781,3.5532500968087604
S1067,2021,8.561162948608398,4.576956754941551
S1068,2021,10.003233909606934,4.490696037994636
S1069,2021,3.1585536003112793,1.367067810152675
S1070,2021,1.4455032348632812,0.3621325313689607
S1071,2021,4.407626152038574,2.1055419926661325
S1072,2021,0.6753305792808533,0.0214559259224178
S1073,2021,0.0,0.0
S1074,2021,0.4610418975353241,0.004207116119737067
S1076,2021,1.0605918169021606,0.42838546228049057
S1078,2021,6.006214141845703,1.99447134770007
S1079,2021,9.27122688293457,2.056348892721059
S1080,2021,4.710597991943359,2.8320169404673226
S1081,2021,14.563121795654297,4.988343641433872
S1083,2021,1.2370882034301758,0.44440084889240056
S1091,2021,0.0,0.0
S1092,2021,0.0,0.0
S1093,2021,0.0,0.0
S1094,2021,0.0,0.0
S1097,2021,0.0,0.0
S1102,2021,0.8423511981964111,0.44704459493837606
S1103,2021,0.0,0.0
S1106,2021,0.0,0.0
S1110,2021,0.0,0.0
S1114,2021,0.0,0.0
S1115,2021,0.0,0.0
S1116,2021,0.0,0.0
S1117,2021,0.0,0.0
S1118,2021,0.0,0.0
S1119,2021,0.0,0.0
S1120,2021,0.0,0.0
S1121,2021,0.0,0.0
S1122,2021,13.732431411743164,3.721025666440113
S1127,2021,19.8958683013916,10.27608992745703
S1128,2021,0.0,0.0
S1130,2021,0.6266324520111084,0.36079971142225525
S1133,2021,0.0,0.0
S1135,2021,2.6093027591705322,0.5658425000456329
S1136,2021,1.932355284690857,0.8641023146695107
S1137,2021,0.0,0.0
S1138,2021,1.7901326417922974,1.043983954136988
S1139,2021,91.17037963867188,43.85947240761776
S1140,2021,31.771081924438477,17.083070056752288
S1141,2021,0.0,0.0
S1142,2021,26.869192123413086,14.67647715164433
S1143,2021,53.301448822021484,32.45531851568524
S1144,2021,9.190695762634277,4.886383887780792
S1145,2021,0.8348901867866516,0.4797042695425896
S1146,2021,4.161435604095459,2.51568065791901
S1147,2021,9.770716667175293,5.182503851024334
S1148,2021,1.6631828546524048,0.7117684545713718
S1149,2021,9.770716667175293,2.8464511355158293
S1150,2021,2.4492766857147217,1.5160976532583519
S1151,2021,1.228667974472046,0.2959048333135922
S1152,2021,2.4492766857147217,1.1991512985867363
S1153,2021,2.603996515274048,1.377227090334285
S1154,2021,6.786668300628662,1.2074265568344682
S1155,2021,2.946483612060547,0.30298928374849027
S1156,2021,21.632307052612305,10.278499113247126
S1157,2021,21.632307052612305,9.445237201754313
S1158,2021,21.632307052612305,6.550805203179724
S1159,2021,13.647005081176758,6.559392944174499
S1160,2021,29.7375545501709,7.373992414655301
S1161,2021,16.015092849731445,6.138879921138379
S1162,2021,16.015092849731445,5.7352588731041125
S1163,2021,16.015092849731445,4.398433366377724
S1164,2021,72.6602783203125,24.263733505492894
S1165,2021,72.6602783203125,29.72116082319282
S1166,2021,6.87830114364624,3.2970445048540156
S1167,2021,5.283153057098389,3.9569666260522096
S1168,2021,23.971946716308594,12.576547202592058
S1169,2021,8.365153312683105,4.812886795631973
S1170,2021,91.17037963867188,37.97086364808453
S1171,2021,55.811161041259766,33.2669124321545
S1172,2021,53.639163970947266,33.56937389039368
S1173,2021,55.811161041259766,38.29919724388207
S1174,2021,32.118988037109375,22.983206896992755
S1175,2021,91.17037963867188,46.31512656154979
S1176,2021,39.33222579956055,26.056381083657648
S1177,2021,39.33222579956055,29.382360991785088
S1178,2021,59.8538818359375,37.91203310619076
S1179,2021,59.8538818359375,38.84204234622204
S1180,2021,32.65253829956055,17.155903053253823
S1181,2021,18.544078826904297,7.034661988186064
S1182,2021,21.632307052612305,8.459741719448875
S1183,2021,3.095991611480713,2.025551674806351
S1184,2021,21.632307052612305,8.672042102930387
S1185,2021,3.6007542610168457,2.1366289925492974
S1186,2021,3.6007542610168457,1.2870182031043764
S1187,2021,14.563121795654297,6.6974644019861955
S1188,2021,3.263396739959717,1.643500748315147
S1189,2021,0.0,0.0
S1190,2021,0.9111537933349609,0.3337083933530031
S1191,2021,0.0,0.0
S1192,2021,0.0,0.0
S1193,2021,0.0,0.0
S1194,2021,0.0,0.0
S1195,2021,12.056896209716797,4.413942525983605
S1198,2021,0.0,0.0
S1203,2021,0.0,0.0
S1205,2021,0.0,0.0
S1207,2021,0.0,0.0
S1208,2021,0.3698057532310486,0.04140028089546321
S1209,2021,0.6367956399917603,0.2805446209051192
S1210,2021,0.6367956399917603,0.3275358313219461
S1211,2021,0.6268460750579834,0.015838407630651773
S1212,2021,0.0,0.0
S1213,2021,0.5583706498146057,0.15508953673151207
S1214,2021,0.5599095225334167,0.18963989864492645
S1215,2021,0.0,0.0
S1216,2021,0.0,0.0
S1217,2021,0.0,0.0
S1220,2021,0.0,0.0
S1221,2021,0.0,0.0
S1222,2021,0.0,0.0
S1223,2021,0.0,0.0
S1224,2021,0.0,0.0
S1226,2021,0.0,0.0
S1227,2021,0.0,0.0
S1228,2021,0.6268460750579834,0.17760379886977704
S1229,2021,0.5837868452072144,0.0066047537484160024
S1230,2021,0.0,0.0
S1231,2021,0.0,0.0
S1232,2021,0.0,0.0
S1233,2021,0.0,0.0
S1235,2021,0.43942731618881226,0.0061891171294198915
S1236,2021,0.0,0.0
S1238,2021,0.5583706498146057,0.04921746623456218
S1240,2021,0.6367956399917603,0.3478045224845037
S1241,2021,0.462011456489563,0.006505167566342408
S1242,2021,0.0,0.0
S1243,2021,0.0,0.0
S1244,2021,0.0,0.0
S1245,2021,0.0,0.0
S1247,2021,0.0,0.0
S1248,2021,0.0,0.0
S1249,2021,0.0,0.0
S1250,2021,0.7112186551094055,0.3742841363419577
S1251,2021,0.0,0.0
S1252,2021,0.462011456489563,0.05857689016395145
S1253,2021,0.0,0.0
S1254,2021,0.0,0.0
S1255,2021,0.0,0.0
S1256,2021,0.0,0.0
S1257,2021,1.6303540468215942,0.6618303538119696
S1259,2021,0.0,0.0
S1262,2021,0.0,0.0
S1263,2021,0.8176407217979431,0.008301854937558193
S1264,2021,0.0,0.0
S1265,2021,1.114278793334961,0.07400277201515086
S1266,2021,0.0,0.0
S1267,2021,1.499097466468811,-0.0744926683203189
S1268,2021,0.0,0.0
S1270,2021,0.0,0.0
S1271,2021,0.0,0.0
S1272,2021,0.0,0.0
S1273,2021,0.0,0.0
S1274,2021,0.0,0.0
S1275,2021,0.0,0.0
S1278,2021,0.0,0.0
S1279,2021,0.9989553689956665,0.0664189123306897
S1282,2021,0.0,0.0
S1283,2021,0.0,0.0
S1286,2021,0.0,0.0
S1287,2021,0.0,0.0
S1288,2021,0.4973048269748688,0.07201756340585087
S1289,2021,0.0,0.0
S1290,2021,0.7590967416763306,0.01051976586890033
S1291,2021,0.7791116833686829,0.17534875474194578
S1292,2021,0.7140969038009644,0.03266070793440775
S1293,2021,0.0,0.0
S1294,2021,1.247351050376892,0.5569910229863347
S1295,2021,0.0,0.0
S1296,2021,0.0,0.0
S1297,2021,1.6303540468215942,0.3718549879209091
S1299,2021,0.0,0.0
S1300,2021,0.0,0.0
S1302,2021,0.45801201462745667,0.0024484919020964667
S1304,2021,0.4577960968017578,0.011933755035975472
S1305,2021,0.0,0.0
S1306,2021,1.190535068511963,0.17238974063095144
S1307,2021,0.4973048269748688,0.05979767147950301
S1308,2021,1.499097466468811,0.4823704536848378
S1309,2021,1.499097466468811,0.33512503360853957
S1310,2021,0.0,0.0
S1311,2021,0.734259307384491,0.05903637386788396
S1312,2021,0.0,0.0
S1313,2021,0.0,0.0
S1314,2021,1.190535068511963,0.20456254823617478
S1315,2021,0.0,0.0
S1316,2021,1.0510001182556152,0.18746710928575308
S1317,2021,0.507901668548584,0.0004787009128638869
S1318,2021,1.2851499319076538,-0.4559977228028777
S1319,2021,31.8015079498291,11.791594741588504
S1320,2021,2.5270440578460693,1.4796395611164148
S1321,2021,2.435472249984741,0.8946445879124949
S1323,2021,1.3416659832000732,0.6423191666546894
S1324,2021,1.4399340152740479,0.8899373586049235
S1325,2021,1.6696991920471191,0.957869640495967
S1326,2021,3.46748685836792,2.0933531695300487
S1327,2021,6.846484661102295,4.305254608963856
S1328,2021,8.154489517211914,4.386070590747038
S1329,2021,18.53856086730957,8.614307331618761
S1330,2021,18.53856086730957,10.186233308829866
S1331,2021,10.919621467590332,2.810095565326583
S1332,2021,4.684694290161133,1.4869455882224356
S1333,2021,0.8384870886802673,0.5332711057811133
S1334,2021,1.880342721939087,1.0462511087610313
S1335,2021,1.880342721939087,0.9990592088957987
S1336,2021,1.880342721939087,0.986787093693788
S1337,2021,1.7631535530090332,0.9361637239745395
S1338,2021,1.361593246459961,0.6196469952953039
S1339,2021,16.391515731811523,5.585439134642518
S1340,2021,8.85661792755127,3.267519983177508
S1341,2021,8.85661792755127,2.558176760420939
S1342,2021,7.6759490966796875,2.6937998310433042
S1343,2021,5.712348461151123,1.274551582257851
S1344,2021,2.831501007080078,0.8747754580839838
S1345,2021,1.6877472400665283,1.053779357555819
S1346,2021,1.5676625967025757,0.7905144814437122
S1347,2021,1.5676625967025757,0.8915297663148075
S1348,2021,4.652926921844482,1.7260989700909555
S1349,2021,1.4914766550064087,0.9290588636032038
S1350,2021,4.652926921844482,1.5451304716629732
S1351,2021,2.9985389709472656,1.1488793085247344
S1352,2021,4.652926921844482,1.0616787314377463
S1353,2021,4.652926921844482,1.1906375997785419
S1354,2021,1.4914766550064087,1.0265306934208873
S1355,2021,1.373503565788269,0.7008827838896956
S1356,2021,0.0,0.0
S1357,2021,0.0,0.0
S1359,2021,34.68527603149414,14.90620304998897
S1361,2021,3.0951175689697266,0.6133295044443076
S1364,2021,0.0,0.0
S1365,2021,1.2106235027313232,0.8973507437869027
S1366,2021,0.37880298495292664,0.026490984219127867
S1367,2021,0.0,0.0
S1370,2021,0.0,0.0
S1372,2021,5.712348461151123,1.8810502778723526
S1373,2021,6.006214141845703,2.335239723108817
S1374,2021,3.1581196784973145,1.7722180496936304
S1375,2021,2.1339073181152344,1.4440046967252675
S1376,2021,0.0,0.0
S1377,2021,2.637615442276001,1.1906251990828791
S1378,2021,3.8713715076446533,1.678797522971996
S1379,2021,0.9286282658576965,0.22796175757407236
S1380,2021,2.9706966876983643,1.541098601517066
S1381,2021,5.289444446563721,2.1831025146437804
S1382,2021,5.15839147567749,1.5474639822343117
S1383,2021,7.2057881355285645,4.1437735902221595
S1384,2021,5.786467552185059,2.2935803901955003
S1385,2021,7.06620454788208,2.600856161327284
S1386,2021,3.4543638229370117,1.5301387984885941
S1387,2021,10.91942024230957,3.0362760067323147
S1388,2021,10.91942024230957,2.0994770773184626
S1389,2021,10.91942024230957,3.9981805666472283
S1390,2021,5.15839147567749,1.595819013814131
S1391,2021,2.4136624336242676,1.480763486665
S1392,2021,5.598257541656494,3.3793898946734
S1393,2021,7.6814141273498535,4.507154748903421
S1394,2021,7.710402011871338,4.5519097095516985
S1395,2021,12.992338180541992,6.05383354504203
S1396,2021,9.036297798156738,4.644353915064312
S1397,2021,10.988188743591309,3.6668087202965776
S1398,2021,3.090052604675293,1.843323057789167
S1399,2021,10.988188743591309,5.11754301712127
S1400,2021,10.988188743591309,5.152804005882903
S1401,2021,9.080466270446777,3.444236757956897
S1402,2021,2.2643890380859375,1.2228784512218287
S1403,2021,13.90876293182373,5.856593961401795
S1404,2021,4.080704689025879,1.7702675857266088
S1405,2021,35.47321701049805,9.464207474689156
S1406,2021,5.337919235229492,1.781280078458801
S1407,2021,15.15955638885498,7.631977973531626
S1408,2021,3.792288064956665,1.8110623924139337
S1409,2021,9.331974983215332,2.555951831365507
S1410,2021,21.7545108795166,11.99754513530869
S1411,2021,7.2178802490234375,2.3623520198041583
S1412,2021,7.2178802490234375,2.1502725988382663
S1413,2021,1.3758702278137207,0.8281451969242665
S1414,2021,16.360074996948242,6.917168257415855
S1415,2021,24.673946380615234,2.308100499608825
S1416,2021,22.22350311279297,8.41324512848051
S1417,2021,19.659404754638672,10.635160003838774
S1418,2021,19.659404754638672,8.286631935399118
S1419,2021,20.71341323852539,12.867946595777223
S1420,2021,20.71341323852539,7.3309513385766705
S1421,2021,1.5093903541564941,0.3308109929858052
S1422,2021,1.415563702583313,0.8290200463512486
S1423,2021,1.067579746246338,0.2739149425540332
S1424,2021,3.9246561527252197,1.610471825526518
S1425,2021,38.328216552734375,10.096677261495575
S1426,2021,7.2268266677856445,2.8371349668338537
S1427,2021,2.2997889518737793,1.227126680648847
S1428,2021,1.2198433876037598,0.3547006933639058
S1435,2021,0.7619960308074951,0.4140461090416288
S1436,2021,0.7619960308074951,0.17003469877756144
S1437,2021,2.023773670196533,0.8052314855392625
S1441,2021,4.751020431518555,2.017054174413633
S1442,2021,2.013986110687256,0.7711942982100631
S1443,2021,2.3750839233398438,0.7759880403708961
S1444,2021,1.6791667938232422,0.9312582999102692
S1446,2021,5.083077430725098,2.2369832600368627
S1447,2021,3.624276638031006,1.9249366807136907
S0001,2021,0.0,0.0
S0002,2021,0.0,0.0
S0003,2021,0.0,0.0
S0005,2021,0.0,0.0
S0006,2021,1.603763222694397,0.8231067820545287
S0008,2021,0.0,0.0
S0013,2021,0.0,0.0
S0014,2021,0.0,0.0
S0025,2021,0.0,0.0
S0027,2021,0.0,0.0
S0031,2021,0.0,0.0
S0032,2021,0.0,0.0
S0039,2021,0.6025342345237732,0.09486050147709886
S0043,2021,0.0,0.0
S0046,2021,0.0,0.0
S0047,2021,0.0,0.0
S0061,2021,0.0,0.0
S0064,2021,0.0,0.0
S0065,2021,0.0,0.0
S0067,2021,0.5793281197547913,0.016701696705167742
S0068,2021,0.0,0.0
S0071,2021,0.0,0.0
S0097,2021,0.0,0.0
S0100,2021,0.0,0.0
S0103,2021,0.0,0.0
S0106,2021,0.0,0.0
S0108,2021,0.0,0.0
S0110,2021,0.0,0.0
S0112,2021,0.0,0.0
S0120,2021,0.0,0.0
S0122,2021,0.0,0.0
S0123,2021,0.0,0.0
S0127,2021,0.0,0.0
S0128,2021,0.0,0.0
S0129,2021,0.0,0.0
S0136,2021,0.0,0.0
S0142,2021,0.0,0.0
S0143,2021,0.0,0.0
S0144,2021,0.0,0.0
S0146,2021,0.0,0.0
S0147,2021,0.0,0.0
S0148,2021,0.0,0.0
S0161,2021,0.0,0.0
S0163,2021,0.0,0.0
S0167,2021,0.0,0.0
S0204,2021,0.48363521695137024,0.1620322964657957
S0206,2021,0.0,0.0
S0228,2021,0.43299704790115356,0.017065063212358837
S0236,2021,0.0,0.0
S0237,2021,0.0,0.0
S0238,2021,0.0,0.0
S0264,2021,0.0,0.0
S0268,2021,0.0,0.0
S0270,2021,0.0,0.0
S0271,2021,0.0,0.0
S0278,2021,0.0,0.0
S0283,2021,0.0,0.0
S0286,2021,0.0,0.0
S0288,2021,0.0,0.0
S0292,2021,0.0,0.0
S0299,2021,0.0,0.0
S0303,2021,0.0,0.0
S0304,2021,0.0,0.0
S0305,2021,0.0,0.0
S0306,2021,0.0,0.0
S0347,2021,0.0,0.0
S0376,2021,0.0,0.0
S0381,2021,0.0,0.0
S0382,2021,0.0,0.0
S0385,2021,0.0,0.0
S0398,2021,0.0,0.0
S0408,2021,0.6164739727973938,0.004840404937165466
S0409,2021,0.9713003635406494,0.43684222137610856
S0415,2021,0.0,0.0
S0425,2021,0.0,0.0
S0426,2021,0.0,0.0
S0427,2021,0.0,0.0
S0431,2021,0.0,0.0
S0435,2021,0.0,0.0
S0436,2021,0.0,0.0
S0437,2021,0.0,0.0
S0438,2021,0.0,0.0
S0439,2021,0.0,0.0
S0440,2021,0.0,0.0
S0441,2021,0.0,0.0
S0442,2021,0.0,0.0
S0446,2021,0.0,0.0
S0447,2021,0.0,0.0
S0448,2021,0.0,0.0
S0451,2021,0.0,0.0
S0452,2021,0.0,0.0
S0454,2021,0.0,0.0
S0457,2021,0.0,0.0
S0458,2021,0.0,0.0
S0461,2021,0.0,0.0
S0467,2021,0.0,0.0
S0468,2021,0.0,0.0
S0469,2021,0.0,0.0
S0473,2021,0.0,0.0
S0478,2021,0.0,0.0
S0479,2021,0.0,0.0
S0480,2021,0.0,0.0
S0481,2021,0.0,0.0
S0482,2021,0.0,0.0
S0483,2021,0.0,0.0
S0484,2021,0.0,0.0
S0485,2021,0.0,0.0
S0486,2021,0.0,0.0
S0489,2021,0.0,0.0
S0491,2021,0.0,0.0
S0494,2021,0.0,0.0
S0498,2021,0.0,0.0
S0502,2021,0.0,0.0
S0514,2021,0.0,0.0
S0517,2021,0.0,0.0
S0518,2021,0.0,0.0
S0519,2021,0.0,0.0
S0520,2021,0.5673788785934448,0.019291067663568456
S0521,2021,0.0,0.0
S0522,2021,0.0,0.0
S0523,2021,0.0,0.0
S0524,2021,0.0,0.0
S0525,2021,0.0,0.0
S0526,2021,0.0,0.0
S0527,2021,0.0,0.0
S0528,2021,0.0,0.0
S0529,2021,0.0,0.0
S0530,2021,0.0,0.0
S0531,2021,0.0,0.0
S0532,2021,0.0,0.0
S0534,2021,0.0,0.0
S0535,2021,0.0,0.0
S0536,2021,0.0,0.0
S0537,2021,0.0,0.0
S0538,2021,0.0,0.0
S0541,2021,0.0,0.0
S0542,2021,0.0,0.0
S0543,2021,0.0,0.0
S0545,2021,0.0,0.0
S0548,2021,0.0,0.0
S0549,2021,0.0,0.0
S0557,2021,0.0,0.0
S0568,2021,0.0,0.0
S0570,2021,0.0,0.0
S0572,2021,0.0,0.0
S0574,2021,0.0,0.0
S0575,2021,0.0,0.0
S0577,2021,0.0,0.0
S0578,2021,0.0,0.0
S0579,2021,0.0,0.0
S0580,2021,0.0,0.0
S0581,2021,0.0,0.0
S0582,2021,0.0,0.0
S0583,2021,0.0,0.0
S0584,2021,0.0,0.0
S0585,2021,0.0,0.0
S0586,2021,0.0,0.0
S0588,2021,0.0,0.0
S0589,2021,0.0,0.0
S0591,2021,0.0,0.0
S0593,2021,0.0,0.0
S0594,2021,0.0,0.0
S0598,2021,0.0,0.0
S0600,2021,0.0,0.0
S0601,2021,0.0,0.0
S0604,2021,0.0,0.0
S0606,2021,0.0,0.0
S0609,2021,0.0,0.0
S0613,2021,0.0,0.0
S0616,2021,0.0,0.0
S0619,2021,0.0,0.0
S0621,2021,0.0,0.0
S0622,2021,0.0,0.0
S0625,2021,0.0,0.0
S0626,2021,0.0,0.0
S0641,2021,0.0,0.0
S0642,2021,0.0,0.0
S0647,2021,0.0,0.0
S0649,2021,0.0,0.0
S0691,2021,0.0,0.0
S0692,2021,0.0,0.0
S0694,2021,0.0,0.0
S0695,2021,0.0,0.0
S0698,2021,0.38029560446739197,0.024342737154486344
S0711,2021,0.0,0.0
S0718,2021,0.0,0.0
S0722,2021,0.0,0.0
S0727,2021,0.0,0.0
S0728,2021,0.0,0.0
S0729,2021,0.0,0.0
S0730,2021,0.0,0.0
S0731,2021,0.0,0.0
S0737,2021,0.0,0.0
S0738,2021,0.0,0.0
S0739,2021,0.0,0.0
S0741,2021,0.0,0.0
S0745,2021,0.0,0.0
S0749,2021,0.0,0.0
S0782,2021,0.0,0.0
S0783,2021,0.0,0.0
S0784,2021,0.0,0.0
S0785,2021,0.0,0.0
S0786,2021,0.0,0.0
S0787,2021,0.0,0.0
S0788,2021,0.0,0.0
S0789,2021,0.0,0.0
S0790,2021,0.0,0.0
S0791,2021,0.0,0.0
S0793,2021,0.0,0.0
S0794,2021,0.0,0.0
S0795,2021,0.0,0.0
S0802,2021,0.0,0.0
S0806,2021,0.0,0.0
S0807,2021,0.0,0.0
S0810,2021,0.46735069155693054,0.05477931905160392
S0811,2021,0.7568946480751038,0.23221886215894363
S0812,2021,0.0,0.0
S0821,2021,0.0,0.0
S0827,2021,0.0,0.0
S0830,2021,0.0,0.0
S0838,2021,0.0,0.0
S0842,2021,0.0,0.0
S0844,2021,0.0,0.0
S0853,2021,0.5833290815353394,0.01325705288269201
S0855,2021,0.0,0.0
S0859,2021,0.0,0.0
S0869,2021,0.0,0.0
S0877,2021,0.0,0.0
S0878,2021,0.0,0.0
S0880,2021,0.0,0.0
S0884,2021,0.0,0.0
S0901,2021,0.0,0.0
S0911,2021,0.0,0.0
S0913,2021,0.0,0.0
S0923,2021,0.0,0.0
S0932,2021,0.0,0.0
S0933,2021,0.0,0.0
S0935,2021,0.2730482816696167,0.03813928801588529
S0937,2021,0.0,0.0
S0947,2021,0.0,0.0
S0948,2021,0.0,0.0
S0999,2021,0.0,0.0
S1001,2021,0.0,0.0
S1009,2021,0.0,0.0
S1012,2021,0.0,0.0
S1013,2021,0.0,0.0
S1014,2021,0.0,0.0
S1017,2021,0.0,0.0
S1051,2021,0.0,0.0
S1056,2021,0.0,0.0
S1057,2021,0.0,0.0
S1058,2021,0.0,0.0
S1061,2021,0.0,0.0
S1062,2021,0.0,0.0
S1063,2021,0.0,0.0
S1065,2021,0.0,0.0
S1075,2021,0.0,0.0
S1077,2021,0.0,0.0
S1082,2021,0.0,0.0
S1084,2021,0.0,0.0
S1085,2021,0.0,0.0
S1086,2021,0.0,0.0
S1087,2021,0.0,0.0
S1088,2021,0.0,0.0
S1089,2021,0.0,0.0
S1090,2021,0.0,0.0
S1095,2021,0.0,0.0
S1096,2021,0.0,0.0
S1098,2021,0.0,0.0
S1099,2021,0.0,0.0
S1100,2021,0.0,0.0
S1101,2021,0.0,0.0
S1104,2021,0.0,0.0
S1105,2021,0.0,0.0
S1107,2021,0.0,0.0
S1108,2021,0.0,0.0
S1109,2021,0.0,0.0
S1111,2021,0.0,0.0
S1112,2021,0.0,0.0
S1113,2021,0.0,0.0
S1123,2021,0.0,0.0
S1124,2021,0.0,0.0
S1125,2021,0.0,0.0
S1126,2021,0.0,0.0
S1129,2021,0.0,0.0
S1131,2021,0.0,0.0
S1132,2021,0.0,0.0
S1134,2021,0.0,0.0
S1196,2021,0.0,0.0
S1197,2021,0.0,0.0
S1199,2021,0.0,0.0
S1200,2021,0.0,0.0
S1201,2021,0.0,0.0
S1202,2021,0.0,0.0
S1204,2021,0.0,0.0
S1206,2021,0.0,0.0
S1218,2021,0.0,0.0
S1219,2021,0.0,0.0
S1225,2021,0.0,0.0
S1234,2021,0.0,0.0
S1237,2021,0.0,0.0
S1239,2021,0.0,0.0
S1246,2021,0.0,0.0
S1258,2021,0.0,0.0
S1260,2021,0.0,0.0
S1261,2021,0.0,0.0
S1269,2021,0.0,0.0
S1276,2021,0.0,0.0
S1277,2021,0.0,0.0
S1280,2021,0.0,0.0
S1281,2021,0.5056946277618408,0.00873957313386734
S1284,2021,0.0,0.0
S1285,2021,0.0,0.0
S1298,2021,0.0,0.0
S1301,2021,0.0,0.0
S1303,2021,0.0,0.0
S1322,2021,0.9803012013435364,0.5210777853240587
S1358,2021,0.0,0.0
S1360,2021,0.5144423246383667,0.054855312827474176
S1362,2021,1.4471882581710815,0.7142748083629854
S1363,2021,0.8714091181755066,0.49159490675630435
S1368,2021,1.0135867595672607,0.6554703484557775
S1369,2021,0.0,0.0
S1371,2021,0.0,0.0
S1429,2021,0.0,0.0
S1430,2021,0.0,0.0
S1431,2021,0.0,0.0
S1432,2021,0.8749337792396545,0.3167110011848179
S1433,2021,0.7539916038513184,0.09885343117038096
S1434,2021,0.7619960308074951,0.14031936537190365
S1438,2021,0.48372548818588257,0.2767454399623349
S1439,2021,1.146891713142395,0.6225135854456808
S1440,2021,0.0,0.0
S1445,2021,1.7227203845977783,0.695495853027708
S0000,2022,100.17420959472656,50.2074026779647
S0004,2022,0.8549135327339172,0.2988268377036882
S0007,2022,0.0,0.0
S0009,2022,7.386432647705078,2.822634983966524
S0010,2022,0.8485245704650879,0.4436254823416667
S0011,2022,0.9080984592437744,0.27927883259577096
S0012,2022,0.0,0.0
S0015,2022,3.9396097660064697,1.3999713100737814
S0016,2022,2.3026516437530518,0.9114639632314986
S0017,2022,1.9186334609985352,0.3026444592893329
S0018,2022,0.7575888633728027,0.28650267061905305
S0019,2022,0.0,0.0
S0020,2022,1.9693713188171387,0.8816427913001907
S0021,2022,0.0,0.0
S0022,2022,0.0,0.0
S0023,2022,1.0183690786361694,0.30970274619372395
S0024,2022,1.27234947681427,0.06733138156775327
S0026,2022,0.0,0.0
S0028,2022,0.0,0.0
S0029,2022,0.0,0.0
S0030,2022,0.0,0.0
S0033,2022,0.0,0.0
S0034,2022,1.5754085779190063,0.6568224293008464
S0035,2022,0.0,0.0
S0036,2022,0.6798466444015503,0.23801735951653072
S0037,2022,0.0,0.0
S0038,2022,1.8085737228393555,0.7806967430769053
S0040,2022,0.9806509017944336,0.5346196968677946
S0041,2022,0.7509134411811829,0.005596353533724776
S0042,2022,0.0,0.0
S0044,2022,0.0,0.0
S0045,2022,0.0,0.0
S0048,2022,0.5386967658996582,0.018984908049327162
S0049,2022,0.0,0.0
S0050,2022,0.7901119589805603,0.43446964731415927
S0051,2022,2.4553017616271973,1.4056879568526122
S0052,2022,0.0,0.0
S0053,2022,0.0,0.0
S0054,2022,0.0,0.0
S0055,2022,0.0,0.0
S0056,2022,0.0,0.0
S0057,2022,0.7909998297691345,0.024957935627266566
S0058,2022,0.0,0.0
S0059,2022,0.0,0.0
S0060,2022,0.0,0.0
S0062,2022,1.295141339302063,0.2945411176810434
S0063,2022,0.0,0.0
S0066,2022,0.0,0.0
S0069,2022,17.131587982177734,10.000593299014547
S0070,2022,3.209914445877075,1.8159913412250515
S0072,2022,1.6232389211654663,0.988038137442943
S0073,2022,21.15302085876465,2.6900857160576344
S0074,2022,0.0,0.0
S0075,2022,0.0,0.0
S0076,2022,0.0,0.0
S0077,2022,0.0,0.0
S0078,2022,0.0,0.0
S0079,2022,2.414155960083008,0.5656874435822419
S0080,2022,0.9855902791023254,0.5511649835225885
S0081,2022,0.0,0.0
S0082,2022,0.0,0.0
S0083,2022,1.6015985012054443,0.4297337260891948
S0084,2022,1.192919373512268,0.6245124287476027
S0085,2022,0.0,0.0
S0086,2022,4.040044784545898,0.20180720680341946
S0087,2022,1.9219756126403809,1.0090657904275557
S0088,2022,1.6109492778778076,0.8065041643161888
S0089,2022,2.824986457824707,1.108268946502826
S0090,2022,0.0,0.0
S0091,2022,3.7925567626953125,2.03391550912878
S0092,2022,3.565678596496582,2.1510577198855567
S0093,2022,0.0,0.0
S0094,2022,0.8628010153770447,0.1367359246285986
S0095,2022,9.940643310546875,3.840791527512456
S0096,2022,2.754518508911133,1.3239897337445368
S0098,2022,8.329132080078125,3.37484988696534
S0099,2022,4.110809803009033,1.7415718154514606
S0101,2022,3.205390214920044,1.690944647164732
S0102,2022,0.0,0.0
S0104,2022,2.150282859802246,1.104760559121993
S0105,2022,1.3342968225479126,0.38861505868226337
S0107,2022,0.0,0.0
S0109,2022,0.7061293125152588,0.06355033161429555
S0111,2022,1.1086252927780151,0.1616969516176257
S0113,2022,2.94342303276062,1.0855617001676128
S0114,2022,1.0714160203933716,0.15527966310882926
S0115,2022,0.0,0.0
S0116,2022,3.9920437335968018,1.333770699483061
S0117,2022,6.184852123260498,1.601534536485582
S0118,2022,2.5104892253875732,0.43635441613474646
S0119,2022,0.7083496451377869,0.11334262231138148
S0121,2022,0.0,0.0
S0124,2022,0.0,0.0
S0125,2022,0.0,0.0
S0126,2022,1.8505300283432007,0.8502968745796305
S0130,2022,0.0,0.0
S0131,2022,21.01495933532715,12.80674957630023
S0132,2022,2.831500291824341,1.0136362928213765
S0133,2022,0.0,0.0
S0134,2022,2.7064290046691895,0.7294808760790185
S0135,2022,0.6688516736030579,0.015363804963191698
S0137,2022,0.825138509273529,0.09150943416411109
S0138,2022,4.115292549133301,1.871571632402859
S0139,2022,6.81972074508667,2.3117440121749864
S0140,2022,20.095067977905273,11.247358526395299
S0141,2022,9.36372184753418,5.583894573955009
S0145,2022,0.0,0.0
S0149,2022,0.8507531881332397,0.1927477570029599
S0150,2022,0.0,0.0
S0151,2022,0.0,0.0
S0152,2022,28.210254669189453,13.515913053339885
S0153,2022,6.749672889709473,4.339015654670267
S0154,2022,17.73911476135254,8.131427183447771
S0155,2022,8.263760566711426,4.854408418814092
S0156,2022,21.770912170410156,13.362129387193127
S0157,2022,1.0466418266296387,0.37822390714409204
S0158,2022,15.462215423583984,6.984463870891551
S0159,2022,5.330392837524414,2.0134730855804444
S0160,2022,8.741777420043945,3.3985113213828044
S0162,2022,0.0,0.0
S0164,2022,0.0,0.0
S0165,2022,18.221723556518555,10.97122143460292
S0166,2022,0.5717518925666809,0.04850689886731511
S0168,2022,9.505632400512695,4.66207712172712
S0169,2022,13.098716735839844,5.922161169446118
S0170,2022,28.562660217285156,11.27622856811562
S0171,2022,1.0183446407318115,0.7687799315262559
S0172,2022,0.0,0.0
S0173,2022,11.752102851867676,4.0150854245109375
S0174,2022,69.4942855834961,28.1238023261329
S0175,2022,29.669607162475586,13.523850289838656
S0176,2022,37.56758499145508,20.590485804777607
S0177,2022,33.4691276550293,17.641919099730462
S0178,2022,0.0,0.0
S0179,2022,0.5912098288536072,0.0936980838307326
S0180,2022,0.0,0.0
S0181,2022,1.4702444076538086,0.7812076489405648
S0182,2022,1.524183988571167,0.7490771252526395
S0183,2022,0.9130894541740417,0.48033112553764207
S0184,2022,4.848107814788818,2.7711273975506843
S0185,2022,0.3480636179447174,0.07258840546684159
S0186,2022,2.1835803985595703,0.9710100497213111
S0187,2022,1.8791340589523315,0.6720286965258103
S0188,2022,1.6015985012054443,0.49617792611150613
S0189,2022,1.443635106086731,0.16808088165411278
S0190,2022,0.0,0.0
S0191,2022,1.443635106086731,0.620048511732385
S0192,2022,0.0,0.0
S0193,2022,12.722007751464844,6.62317838942455
S0194,2022,18.78745460510254,6.319404178320017
S0195,2022,9.041799545288086,1.6432833887412024
S0196,2022,1.1890629529953003,0.877692729047964
S0197,2022,6.093204498291016,3.7561045110188265
S0198,2022,17.244871139526367,8.864930585974108
S0199,2022,7.218221664428711,4.245075123388689
S0200,2022,7.673147201538086,3.8382407622216292
S0201,2022,0.4860314726829529,0.021691760846546723
S0202,2022,0.7563003301620483,0.35786833186787886
S0203,2022,3.546229362487793,2.0187391743504675
S0205,2022,0.6697899699211121,0.2228972416035855
S0207,2022,0.0,0.0
S0208,2022,46.55128479003906,28.302230619277378
S0209,2022,7.9660444259643555,4.704874448798702
S0210,2022,44.696327209472656,15.852797384429662
S0211,2022,59.94343185424805,17.41471351672863
S0212,2022,2.534865379333496,0.99139365251622
S0213,2022,4.846075534820557,1.997209487306346
S0214,2022,1.0891612768173218,0.3797814701313969
S0215,2022,0.0,0.0
S0216,2022,0.0,0.0
S0217,2022,34.89860916137695,24.513993460463393
S0218,2022,30.99123191833496,19.013268274542895
S0219,2022,11.623875617980957,6.316514282883958
S0220,2022,0.0,0.0
S0221,2022,4.031476974487305,2.451437195529356
S0222,2022,59.94343185424805,24.377111997973483
S0223,2022,2.1916110515594482,0.23722443625471054
S0224,2022,0.7330109477043152,0.4876137102175058
S0225,2022,5.744504928588867,2.8222975822075917
S0226,2022,7.373794078826904,2.580917347795419
S0227,2022,14.539925575256348,5.554108370515639
S0229,2022,4.538242340087891,2.007317029339991
S0230,2022,3.1489129066467285,0.42102958151726144
S0231,2022,1.1640851497650146,0.4418499934325444
S0232,2022,0.0,0.0
S0233,2022,0.4384658634662628,0.02664296726822554
S0234,2022,2.5004465579986572,1.1221102843335538
S0235,2022,2.5422284603118896,1.2827187214120217
S0239,2022,0.0,0.0
S0240,2022,0.0,0.0
S0241,2022,0.7759515047073364,0.09071100786393631
S0242,2022,0.5005782246589661,0.0611300613806026
S0243,2022,0.0,0.0
S0244,2022,0.0,0.0
S0245,2022,0.7832770347595215,0.12784043533258063
S0246,2022,21.137332916259766,8.486693443328912
S0247,2022,17.221006393432617,4.195742684957749
S0248,2022,21.770912170410156,7.99674963988457
S0249,2022,5.815718650817871,2.0139808545238447
S0250,2022,4.9560394287109375,2.9970053770406904
S0251,2022,5.815718650817871,2.5873928574919516
S0252,2022,2.056981086730957,0.8748785852263429
S0253,2022,8.862494468688965,2.9419251197985394
S0254,2022,14.266349792480469,5.956100717308378
S0255,2022,2.7863566875457764,1.6903283622453031
S0256,2022,2.3246095180511475,1.347762132692173
S0257,2022,6.79091215133667,3.6344534258110017
S0258,2022,20.762836456298828,10.150363768529742
S0259,2022,2.9729654788970947,1.7190082395170618
S0260,2022,0.0,0.0
S0261,2022,0.7563003301620483,0.4015391025941201
S0262,2022,0.7947297096252441,0.3370737824337385
S0263,2022,0.0,0.0
S0265,2022,0.0,0.0
S0266,2022,0.0,0.0
S0267,2022,0.0,0.0
S0269,2022,0.0,0.0
S0272,2022,1.868038296699524,0.7238621786589423
S0273,2022,1.0391979217529297,0.5547435639609753
S0274,2022,1.7213484048843384,0.8072966889753627
S0275,2022,1.2391890287399292,0.35612808473599267
S0276,2022,0.0,0.0
S0277,2022,0.0,0.0
S0279,2022,1.1527920961380005,0.49644713417823194
S0280,2022,0.5742034912109375,0.05640089464269759
S0281,2022,1.5948692560195923,0.8093057450740738
S0282,2022,0.0,0.0
S0284,2022,0.0,0.0
S0285,2022,0.0,0.0
S0287,2022,0.0,0.0
S0289,2022,0.0,0.0
S0290,2022,0.0,0.0
S0291,2022,0.0,0.0
S0293,2022,0.0,0.0
S0294,2022,0.0,0.0
S0295,2022,0.0,0.0
S0296,2022,0.0,0.0
S0297,2022,0.0,0.0
S0298,2022,3.3478024005889893,1.9387569602357957
S0300,2022,44.00578308105469,16.77650744207005
S0301,2022,20.966197967529297,11.940679751770979
S0302,2022,4.925720691680908,2.1955424814127897
S0307,2022,0.0,0.0
S0308,2022,2.717219591140747,1.490796200554213
S0309,2022,5.194838523864746,2.714953372376648
S0310,2022,0.0,0.0
S0311,2022,6.364447593688965,1.6720489223910793
S0312,2022,0.0,0.0
S0313,2022,0.0,0.0
S0314,2022,0.0,0.0
S0315,2022,1.2337374687194824,0.314810570929451
S0316,2022,0.9467806220054626,0.4708996751374377
S0317,2022,0.0,0.0
S0318,2022,0.9467806220054626,0.5552123458750144
S0319,2022,1.4128758907318115,0.70686361638593
S0320,2022,0.9467806220054626,0.5253238549090959
S0321,2022,0.9467806220054626,0.15667905888867925
S0322,2022,0.0,0.0
S0323,2022,0.45234981179237366,0.0005475099976427785
S0324,2022,0.0,0.0
S0325,2022,0.0,0.0
S0326,2022,0.519407331943512,0.04765398049242444
S0327,2022,0.8015881776809692,0.45631795326993335
S0328,2022,0.8015881776809692,0.2723274928086834
S0329,2022,0.0,0.0
S0330,2022,0.0,0.0
S0331,2022,0.0,0.0
S0332,2022,0.0,0.0
S0333,2022,0.0,0.0
S0334,2022,0.6104527115821838,0.14926170526926677
S0335,2022,0.0,0.0
S0336,2022,0.0,0.0
S0337,2022,0.0,0.0
S0338,2022,0.0,0.0
S0339,2022,1.4128758907318115,0.6203166439835087
S0340,2022,1.4128758907318115,0.5745074208201639
S0341,2022,0.4944884479045868,0.0182433120967155
S0342,2022,0.0,0.0
S0343,2022,0.8045263886451721,0.5324767794676998
S0344,2022,0.8045263886451721,0.5082532539426701
S0345,2022,0.5849069952964783,0.029035761737793632
S0346,2022,0.7904036045074463,0.1318080371195054
S0348,2022,0.6919878125190735,0.4167450774697521
S0349,2022,3.090024471282959,1.529972573606435
S0350,2022,1.6909199953079224,1.0103673977711403
S0351,2022,0.0,0.0
S0352,2022,0.0,0.0
S0353,2022,0.0,0.0
S0354,2022,0.0,0.0
S0355,2022,0.0,0.0
S0356,2022,0.0,0.0
S0357,2022,0.0,0.0
S0358,2022,0.0,0.0
S0359,2022,0.0,0.0
S0360,2022,1.1808820962905884,0.38127872530713847
S0361,2022,1.3492299318313599,0.8118896243970225
S0362,2022,2.207779884338379,0.9153043115348146
S0363,2022,0.0,0.0
S0364,2022,0.8991794586181641,0.03914852416051676
S0365,2022,0.7757914066314697,0.3610258144390778
S0366,2022,0.9467806220054626,0.33637830554222575
S0367,2022,0.0,0.0
S0368,2022,0.0,0.0
S0369,2022,0.0,0.0
S0370,2022,0.0,0.0
S0371,2022,1.393585443496704,0.8082050737344992
S0372,2022,1.2337374687194824,0.4473345463602111
S0373,2022,1.393585443496704,0.46810639883603156
S0374,2022,0.9937081336975098,0.4898610393249917
S0375,2022,0.0,0.0
S0377,2022,0.0,0.0
S0378,2022,0.0,0.0
S0379,2022,0.0,0.0
S0380,2022,0.0,0.0
S0383,2022,0.0,0.0
S0384,2022,1.0391979217529297,0.12294805970922786
S0386,2022,0.0,0.0
S0387,2022,0.0,0.0
S0388,2022,0.4452316462993622,0.02096194191616583
S0389,2022,1.6351369619369507,0.9623923912130554
S0390,2022,1.389003872871399,0.8016757000691835
S0391,2022,0.0,0.0
S0392,2022,0.35237210988998413,0.02812359562502221
S0393,2022,1.2842435836791992,0.34694770231464983
S0394,2022,0.0,0.0
S0395,2022,0.0,0.0
S0396,2022,0.0,0.0
S0397,2022,0.6605952382087708,0.08681998562221066
S0399,2022,0.0,0.0
S0400,2022,0.0,0.0
S0401,2022,0.0,0.0
S0402,2022,0.0,0.0
S0403,2022,1.0832328796386719,0.33223714088345624
S0404,2022,0.0,0.0
S0405,2022,0.0,0.0
S0406,2022,0.0,0.0
S0407,2022,0.0,0.0
S0410,2022,0.0,0.0
S0411,2022,1.3691120147705078,0.5144093120001044
S0412,2022,1.3691120147705078,0.7566904713087321
S0413,2022,0.6104527115821838,0.0539103276037931
S0414,2022,1.8157615661621094,0.8357495134014625
S0416,2022,0.0,0.0
S0417,2022,0.0,0.0
S0418,2022,0.0,0.0
S0419,2022,0.7236600518226624,0.23264789148185494
S0420,2022,0.513297975063324,0.07058334712250998
S0421,2022,0.656258225440979,0.1709091001678081
S0422,2022,0.35999518632888794,0.03276003020706225
S0423,2022,0.0,0.0
S0424,2022,0.0,0.0
S0428,2022,0.0,0.0
S0429,2022,6.408894062042236,3.9310648394731027
S0430,2022,0.0,0.0
S0432,2022,1.3997576236724854,0.5876702973762474
S0433,2022,0.8386743664741516,0.02341343118450423
S0434,2022,0.0,0.0
S0443,2022,0.0,0.0
S0444,2022,0.0,0.0
S0445,2022,0.0,0.0
S0449,2022,5.253353595733643,2.727665857126035
S0450,2022,2.343095541000366,1.2147004967995538
S0453,2022,2.749030590057373,0.7736480252361805
S0455,2022,0.0,0.0
S0456,2022,0.5678542256355286,0.008717060481247148
S0459,2022,0.0,0.0
S0460,2022,0.0,0.0
S0462,2022,0.0,0.0
S0463,2022,0.0,0.0
S0464,2022,0.5650362372398376,0.2310816811159501
S0465,2022,0.0,0.0
S0466,2022,1.4702444076538086,0.3306572394377765
S0470,2022,8.448389053344727,3.3336449787231746
S0471,2022,11.742743492126465,5.186020097550237
S0472,2022,1.0988686084747314,0.5756642758415452
S0474,2022,0.0,0.0
S0475,2022,0.0,0.0
S0476,2022,0.0,0.0
S0477,2022,0.0,0.0
S0487,2022,0.0,0.0
S0488,2022,0.0,0.0
S0490,2022,0.0,0.0
S0492,2022,0.0,0.0
S0493,2022,0.0,0.0
S0495,2022,0.0,0.0
S0496,2022,0.0,0.0
S0497,2022,0.0,0.0
S0499,2022,0.0,0.0
S0500,2022,0.0,0.0
S0501,2022,0.8349533081054688,0.03672971583699447
S0503,2022,1.3590658903121948,0.1894930032115352
S0504,2022,1.3848191499710083,0.6407663659088881
S0505,2022,0.0,0.0
S0506,2022,0.7387958765029907,0.2421420221064493
S0507,2022,0.7387958765029907,0.28422263456476354
S0508,2022,1.6043362617492676,0.5121910561180715
S0509,2022,0.0,0.0
S0510,2022,0.0,0.0
S0511,2022,1.1926777362823486,0.19777473060404838
S0512,2022,0.0,0.0
S0513,2022,0.0,0.0
S0515,2022,0.0,0.0
S0516,2022,1.3848191499710083,0.7276970597701062
S0533,2022,0.0,0.0
S0539,2022,0.0,0.0
S0540,2022,0.0,0.0
S0544,2022,0.0,0.0
S0546,2022,0.0,0.0
S0547,2022,0.0,0.0
S0550,2022,0.0,0.0
S0551,2022,0.0,0.0
S0552,2022,0.0,0.0
S0553,2022,0.0,0.0
S0554,2022,0.0,0.0
S0555,2022,0.0,0.0
S0556,2022,0.0,0.0
S0558,2022,0.0,0.0
S0559,2022,0.0,0.0
S0560,2022,0.0,0.0
S0561,2022,0.0,0.0
S0562,2022,0.0,0.0
S0563,2022,0.0,0.0
S0564,2022,0.0,0.0
S0565,2022,0.0,0.0
S0566,2022,0.0,0.0
S0567,2022,0.0,0.0
S0569,2022,0.0,0.0
S0571,2022,0.0,0.0
S0573,2022,0.0,0.0
S0576,2022,0.0,0.0
S0587,2022,0.0,0.0
S0590,2022,0.0,0.0
S0592,2022,0.0,0.0
S0595,2022,0.0,0.0
S0596,2022,0.0,0.0
S0597,2022,0.0,0.0
S0599,2022,0.0,0.0
S0602,2022,0.0,0.0
S0603,2022,0.0,0.0
S0605,2022,0.0,0.0
S0607,2022,0.0,0.0
S0608,2022,0.0,0.0
S0610,2022,0.0,0.0
S0611,2022,1.0757496356964111,0.40436253137652817
S0612,2022,0.6841509938240051,0.0388066462583494
S0614,2022,0.0,0.0
S0615,2022,0.7874829173088074,0.3475284375670124
S0617,2022,1.0301783084869385,0.1352425558736005
S0618,2022,0.0,0.0
S0620,2022,0.0,0.0
S0623,2022,0.0,0.0
S0624,2022,0.0,0.0
S0627,2022,0.0,0.0
S0628,2022,0.0,0.0
S0629,2022,0.0,0.0
S0630,2022,0.0,0.0
S0631,2022,0.0,0.0
S0632,2022,0.0,0.0
S0633,2022,0.0,0.0
S0634,2022,0.0,0.0
S0635,2022,0.0,0.0
S0636,2022,0.0,0.0
S0637,2022,0.0,0.0
S0638,2022,0.0,0.0
S0639,2022,0.0,0.0
S0640,2022,0.0,0.0
S0643,2022,0.0,0.0
S0644,2022,0.0,0.0
S0645,2022,0.0,0.0
S0646,2022,0.0,0.0
S0648,2022,0.0,0.0
S0650,2022,0.0,0.0
S0651,2022,0.0,0.0
S0652,2022,0.0,0.0
S0653,2022,4.589687824249268,0.6308742474946449
S0654,2022,0.0,0.0
S0655,2022,0.0,0.0
S0656,2022,2.389934539794922,1.4312389493924298
S0657,2022,3.126462697982788,1.767714650808002
S0658,2022,1.4834216833114624,0.4006328676876269
S0659,2022,0.0,0.0
S0660,2022,1.2132039070129395,0.16960367085791678
S0661,2022,0.0,0.0
S0662,2022,0.0,0.0
S0663,2022,0.0,0.0
S0664,2022,1.0481699705123901,0.6111726754671079
S0665,2022,0.0,0.0
S0666,2022,0.0,0.0
S0667,2022,0.9963824152946472,0.11771445958218232
S0668,2022,1.0481699705123901,0.33641443980753183
S0669,2022,0.0,0.0
S0670,2022,1.295141339302063,0.44776575782116335
S0671,2022,0.0,0.0
S0672,2022,0.0,0.0
S0673,2022,0.0,0.0
S0674,2022,1.0481699705123901,0.31587657862301716
S0675,2022,1.295141339302063,0.5661381416829826
S0676,2022,1.0481699705123901,0.3959311485065817
S0677,2022,0.7301101684570312,0.12013366758523875
S0678,2022,1.295141339302063,0.3008478698734966
S0679,2022,1.263458251953125,0.5530461381608708
S0680,2022,0.7900504469871521,0.08450830149156986
S0681,2022,0.7900504469871521,0.12804853880655878
S0682,2022,1.1503082513809204,0.3102112430827203
S0683,2022,1.295141339302063,0.689079779604083
S0684,2022,1.0481699705123901,0.5601417354800023
S0685,2022,1.0535407066345215,0.6345871899822566
S0686,2022,1.1814677715301514,0.719343484386389
S0687,2022,1.1814677715301514,0.6126926149651478
S0688,2022,1.263458251953125,0.2404300549514931
S0689,2022,1.263458251953125,0.6672271957025119
S0690,2022,0.0,0.0
S0693,2022,0.0,0.0
S0696,2022,0.0,0.0
S0697,2022,0.0,0.0
S0699,2022,0.0,0.0
S0700,2022,0.0,0.0
S0701,2022,0.0,0.0
S0702,2022,0.0,0.0
S0703,2022,0.0,0.0
S0704,2022,0.0,0.0
S0705,2022,0.0,0.0
S0706,2022,0.0,0.0
S0707,2022,0.0,0.0
S0708,2022,0.7417122721672058,0.0034964437720012846
S0709,2022,1.2568386793136597,0.6831114972024941
S0710,2022,0.8902837038040161,0.3393243685827318
S0712,2022,0.0,0.0
S0713,2022,1.2568386793136597,0.68072785004553
S0714,2022,0.0,0.0
S0715,2022,0.0,0.0
S0716,2022,0.0,0.0
S0717,2022,0.8137195706367493,0.020508184540467184
S0719,2022,0.0,0.0
S0720,2022,1.2642254829406738,0.3475748934365875
S0721,2022,1.2642254829406738,0.3003556581276882
S0723,2022,0.8902837038040161,0.16170728316909658
S0724,2022,0.0,0.0
S0725,2022,0.0,0.0
S0726,2022,0.0,0.0
S0732,2022,0.0,0.0
S0733,2022,0.0,0.0
S0734,2022,0.0,0.0
S0735,2022,0.0,0.0
S0736,2022,1.2568386793136597,0.6195231227102477
S0740,2022,0.0,0.0
S0742,2022,0.0,0.0
S0743,2022,0.0,0.0
S0744,2022,0.0,0.0
S0746,2022,0.0,0.0
S0747,2022,0.0,0.0
S0748,2022,0.0,0.0
S0750,2022,0.0,0.0
S0751,2022,0.0,0.0
S0752,2022,0.0,0.0
S0753,2022,0.0,0.0
S0754,2022,0.0,0.0
S0755,2022,0.0,0.0
S0756,2022,1.200509786605835,0.13356273869517166
S0757,2022,1.5604982376098633,1.0049213952002505
S0758,2022,0.8950003385543823,0.08748789865215381
S0759,2022,0.6662869453430176,0.03862884397638339
S0760,2022,1.5721046924591064,1.0723116268851376
S0761,2022,6.537247657775879,2.868260365876053
S0762,2022,5.019880294799805,2.5290980836752817
S0763,2022,1.6999266147613525,1.0984603865709386
S0764,2022,8.497495651245117,1.634885562603682
S0765,2022,7.106977462768555,3.1869018683986607
S0766,2022,1.5721046924591064,1.0827609494996693
S0767,2022,1.4132821559906006,0.8876417375828547
S0768,2022,2.582000732421875,0.7943992464658417
S0769,2022,1.0451070070266724,0.032371833681121585
S0770,2022,1.6134319305419922,1.0522366105385543
S0771,2022,1.5541900396347046,0.5359364002193295
S0772,2022,2.262756824493408,0.9002070904264187
S0773,2022,3.932140350341797,1.2987655918937708
S0774,2022,1.6134319305419922,1.069326980486302
S0775,2022,0.9625585079193115,0.06432278965961676
S0776,2022,1.6134319305419922,1.0812482906920036
S0777,2022,1.6134319305419922,1.1671693445264806
S0778,2022,0.9077087640762329,0.0668167940100784
S0779,2022,4.000511646270752,2.6565614639123027
S0780,2022,4.024867534637451,2.8074033163131333
S0781,2022,4.024867534637451,2.628439052672756
S0792,2022,1.0757496356964111,0.5936352952693704
S0796,2022,0.0,0.0
S0797,2022,0.0,0.0
S0798,2022,0.0,0.0
S0799,2022,0.0,0.0
S0800,2022,0.43992358446121216,0.03521045638343035
S0801,2022,0.0,0.0
S0803,2022,0.0,0.0
S0804,2022,0.0,0.0
S0805,2022,0.0,0.0
S0808,2022,0.0,0.0
S0809,2022,0.0,0.0
S0813,2022,0.0,0.0
S0814,2022,0.0,0.0
S0815,2022,0.0,0.0
S0816,2022,0.0,0.0
S0817,2022,1.0496783256530762,0.14176924248936798
S0818,2022,0.0,0.0
S0819,2022,0.0,0.0
S0820,2022,0.0,0.0
S0822,2022,0.5112168192863464,0.09120946819023006
S0823,2022,0.0,0.0
S0824,2022,0.0,0.0
S0825,2022,1.4904861450195312,0.8378110193688753
S0826,2022,0.0,0.0
S0828,2022,1.3466999530792236,0.5334077244609885
S0829,2022,0.0,0.0
S0831,2022,0.0,0.0
S0832,2022,0.0,0.0
S0833,2022,0.0,0.0
S0834,2022,0.0,0.0
S0835,2022,0.0,0.0
S0836,2022,0.0,0.0
S0837,2022,0.0,0.0
S0839,2022,0.8787152767181396,0.3922776636216833
S0840,2022,0.0,0.0
S0841,2022,0.0,0.0
S0843,2022,0.0,0.0
S0845,2022,0.0,0.0
S0846,2022,0.8787152767181396,0.21916791610886582
S0847,2022,0.0,0.0
S0848,2022,0.0,0.0
S0849,2022,0.0,0.0
S0850,2022,0.0,0.0
S0851,2022,0.0,0.0
S0852,2022,0.0,0.0
S0854,2022,0.0,0.0
S0856,2022,0.0,0.0
S0857,2022,0.0,0.0
S0858,2022,0.0,0.0
S0860,2022,0.0,0.0
S0861,2022,0.0,0.0
S0862,2022,0.0,0.0
S0863,2022,0.0,0.0
S0864,2022,0.0,0.0
S0865,2022,0.0,0.0
S0866,2022,0.0,0.0
S0867,2022,0.0,0.0
S0868,2022,6.602046966552734,2.9410148328062053
S0870,2022,0.0,0.0
S0871,2022,0.0,0.0
S0872,2022,0.8992491364479065,0.21661222197453558
S0873,2022,0.8333563804626465,0.07814119458198548
S0874,2022,2.039806842803955,0.785311812310056
S0875,2022,0.0,0.0
S0876,2022,0.0,0.0
S0879,2022,0.8333563804626465,0.07562416754511034
S0881,2022,9.505632400512695,3.4429234422406365
S0882,2022,0.9869030117988586,0.08958222284833328
S0883,2022,9.505632400512695,3.5368427501410276
S0885,2022,1.0164287090301514,0.33973055371670147
S0886,2022,0.5825830101966858,0.09102144669321248
S0887,2022,0.0,0.0
S0888,2022,0.0,0.0
S0889,2022,0.8333563804626465,0.06170140711930001
S0890,2022,6.473570346832275,2.3088513611250057
S0891,2022,9.505632400512695,3.4028921979562825
S0892,2022,1.0344887971878052,0.20137110879320183
S0893,2022,5.92198371887207,2.228935420120895
S0894,2022,2.801835775375366,1.2712114072669434
S0895,2022,6.473570346832275,1.5859842882456634
S0896,2022,9.505632400512695,3.503992621580061
S0897,2022,9.505632400512695,4.144599366031244
S0898,2022,9.505632400512695,1.5966917534395026
S0899,2022,6.602046966552734,2.0521360605488
S0900,2022,0.0,0.0
S0902,2022,0.0,0.0
S0903,2022,0.0,0.0
S0904,2022,0.0,0.0
S0905,2022,0.0,0.0
S0906,2022,0.0,0.0
S0907,2022,0.0,0.0
S0908,2022,0.0,0.0
S0909,2022,0.0,0.0
S0910,2022,0.0,0.0
S0912,2022,0.0,0.0
S0914,2022,0.0,0.0
S0915,2022,0.0,0.0
S0916,2022,0.0,0.0
S0917,2022,0.0,0.0
S0918,2022,0.0,0.0
S0919,2022,0.0,0.0
S0920,2022,0.0,0.0
S0921,2022,0.0,0.0
S0922,2022,0.0,0.0
S0924,2022,0.0,0.0
S0925,2022,0.0,0.0
S0926,2022,0.0,0.0
S0927,2022,0.0,0.0
S0928,2022,0.0,0.0
S0929,2022,0.0,0.0
S0930,2022,0.0,0.0
S0931,2022,0.0,0.0
S0934,2022,0.0,0.0
S0936,2022,0.0,0.0
S0938,2022,0.0,0.0
S0939,2022,0.0,0.0
S0940,2022,0.0,0.0
S0941,2022,0.0,0.0
S0942,2022,0.0,0.0
S0943,2022,0.0,0.0
S0944,2022,0.0,0.0
S0945,2022,0.0,0.0
S0946,2022,0.0,0.0
S0949,2022,0.0,0.0
S0950,2022,0.0,0.0
S0951,2022,0.0,0.0
S0952,2022,0.0,0.0
S0953,2022,0.0,0.0
S0954,2022,0.0,0.0
S0955,2022,0.0,0.0
S0956,2022,0.0,0.0
S0957,2022,0.0,0.0
S0958,2022,3.3427271842956543,1.7277953829832693
S0959,2022,0.0,0.0
S0960,2022,0.0,0.0
S0961,2022,0.0,0.0
S0962,2022,0.0,0.0
S0963,2022,0.8230733871459961,0.005176562183308152
S0964,2022,0.0,0.0
S0965,2022,0.0,0.0
S0966,2022,0.0,0.0
S0967,2022,2.1194255352020264,0.6147663057749558
S0968,2022,0.8586282134056091,0.09624576010101832
S0969,2022,1.2602156400680542,0.7237847199416101
S0970,2022,0.6186529994010925,0.0091436135131608
S0971,2022,0.6186529994010925,0.050917453715778056
S0972,2022,0.0,0.0
S0973,2022,2.3427836894989014,1.174938328914069
S0974,2022,0.0,0.0
S0975,2022,0.0,0.0
S0976,2022,1.2012124061584473,0.30268448140927623
S0977,2022,0.0,0.0
S0978,2022,6.602046966552734,2.2426824688612768
S0979,2022,0.0,0.0
S0980,2022,2.6374704837799072,1.0312063291897997
S0981,2022,1.2012124061584473,0.422494771770822
S0982,2022,5.92198371887207,1.9104918668801842
S0983,2022,1.1083012819290161,0.31466180960038553
S0984,2022,4.848107814788818,2.6537692809179663
S0985,2022,4.848107814788818,2.1836965859833466
S0986,2022,0.0,0.0
S0987,2022,0.0,0.0
S0988,2022,0.0,0.0
S0989,2022,3.262699842453003,1.882719105192032
S0990,2022,0.5551770925521851,0.019909411164602837
S0991,2022,4.848107814788818,2.0488077391474513
S0992,2022,3.0446548461914062,0.5291431910659636
S0993,2022,2.095027446746826,0.5974400285572956
S0994,2022,4.848107814788818,2.307133424252196
S0995,2022,1.9592537879943848,1.1107245438041378
S0996,2022,4.848107814788818,2.8784500193289166
S0997,2022,0.0,0.0
S0998,2022,0.0,0.0
S1000,2022,0.0,0.0
S1002,2022,1.0007935762405396,0.18586208495803944
S1003,2022,2.095027446746826,0.7455343073376884
S1004,2022,1.0007935762405396,0.4410388114964327
S1005,2022,1.0007935762405396,0.3728331843258556
S1006,2022,1.1552001237869263,0.6590717349239966
S1007,2022,2.1386377811431885,0.7710675312446359
S1008,2022,0.0,0.0
S1010,2022,2.095027446746826,0.5336022831002559
S1011,2022,0.0,0.0
S1015,2022,0.0,0.0
S1016,2022,0.0,0.0
S1018,2022,0.0,0.0
S1019,2022,1.0079048871994019,0.2130002046019688
S1020,2022,0.0,0.0
S1021,2022,0.0,0.0
S1022,2022,0.0,0.0
S1023,2022,0.45570626854896545,0.020435294048709834
S1024,2022,0.0,0.0
S1025,2022,0.45570626854896545,0.03132461297485921
S1026,2022,0.0,0.0
S1027,2022,0.0,0.0
S1028,2022,0.0,0.0
S1029,2022,0.0,0.0
S1030,2022,0.0,0.0
S1031,2022,0.0,0.0
S1032,2022,0.0,0.0
S1033,2022,0.0,0.0
S1034,2022,1.0079048871994019,0.022261864835199298
S1035,2022,0.0,0.0
S1036,2022,0.0,0.0
S1037,2022,0.0,0.0
S1038,2022,0.0,0.0
S1039,2022,0.0,0.0
S1040,2022,0.0,0.0
S1041,2022,0.0,0.0
S1042,2022,0.0,0.0
S1043,2022,0.0,0.0
S1044,2022,0.0,0.0
S1045,2022,0.0,0.0
S1046,2022,0.0,0.0
S1047,2022,0.0,0.0
S1048,2022,0.0,0.0
S1049,2022,0.0,0.0
S1050,2022,0.0,0.0
S1052,2022,0.0,0.0
S1053,2022,0.0,0.0
S1054,2022,0.0,0.0
S1055,2022,0.0,0.0
S1059,2022,0.0,0.0
S1060,2022,17.73911476135254,3.3802185880236952
S1064,2022,0.0,0.0
S1066,2022,8.28331470489502,3.4627483858578443
S1067,2022,8.174217224121094,4.291328338657427
S1068,2022,5.076307773590088,3.377862807308299
S1069,2022,2.6057918071746826,1.3675183779659357
S1070,2022,1.4568650722503662,0.3059434263093517
S1071,2022,3.963395833969116,1.8710393570971158
S1072,2022,0.0,0.0
S1073,2022,0.0,0.0
S1074,2022,0.0,0.0
S1076,2022,1.263458251953125,0.3202656903794561
S1078,2022,4.81490421295166,2.1519813795245963
S1079,2022,8.246826171875,2.2909498784592937
S1080,2022,8.092780113220215,2.895119627029752
S1081,2022,10.469432830810547,4.08533723672056
S1083,2022,1.0628249645233154,0.1856785480639584
S1091,2022,0.0,0.0
S1092,2022,0.0,0.0
S1093,2022,0.0,0.0
S1094,2022,0.0,0.0
S1097,2022,0.0,0.0
S1102,2022,0.7360389232635498,0.3367730852808612
S1103,2022,0.0,0.0
S1106,2022,0.0,0.0
S1110,2022,0.0,0.0
S1114,2022,0.0,0.0
S1115,2022,0.0,0.0
S1116,2022,0.0,0.0
S1117,2022,0.0,0.0
S1118,2022,0.0,0.0
S1119,2022,0.0,0.0
S1120,2022,0.0,0.0
S1121,2022,0.0,0.0
S1122,2022,10.873478889465332,3.034973224946056
S1127,2022,19.07379913330078,9.856280027774343
S1128,2022,0.0,0.0
S1130,2022,0.0,0.0
S1133,2022,0.0,0.0
S1135,2022,1.3356088399887085,0.5284312268254587
S1136,2022,1.4904861450195312,0.8861811427673952
S1137,2022,0.0,0.0
S1138,2022,1.8230618238449097,0.883778711820636
S1139,2022,100.17420959472656,50.94977459281533
S1140,2022,26.019107818603516,17.553050044794105
S1141,2022,0.0,0.0
S1142,2022,30.99123191833496,15.088703039183054
S1143,2022,60.37074279785156,34.62706983363017
S1144,2022,9.964591979980469,4.641658881733464
S1145,2022,1.0052119493484497,0.5645939328920879
S1146,2022,3.8379528522491455,2.057365556377069
S1147,2022,8.263760566711426,4.536045162337701
S1148,2022,2.0188562870025635,0.6051656471680503
S1149,2022,8.263760566711426,2.435517819189673
S1150,2022,1.9445605278015137,1.229195433209418
S1151,2022,0.9078156352043152,0.15242958925676092
S1152,2022,1.9445605278015137,0.9819592700006073
S1153,2022,2.3139679431915283,1.309389020651157
S1154,2022,6.749672889709473,3.7467490254672757
S1155,2022,1.8650487661361694,0.864976929649196
S1156,2022,17.73911476135254,7.807543222668934
S1157,2022,17.73911476135254,6.798038615496009
S1158,2022,17.73911476135254,6.197364812661354
S1159,2022,11.594124794006348,6.06230435827309
S1160,2022,16.989818572998047,5.5269811833700535
S1161,2022,14.539925575256348,5.663437154182745
S1162,2022,14.539925575256348,5.3367604467707865
S1163,2022,14.539925575256348,4.411819365677584
S1164,2022,59.94343185424805,19.075509837039093
S1165,2022,59.94343185424805,24.398217270827782
S1166,2022,7.619420528411865,3.2202607390650533
S1167,2022,5.5826826095581055,3.730099025610331
S1168,2022,23.62320899963379,12.67264635526309
S1169,2022,8.558935165405273,4.755292391642169
S1170,2022,100.17420959472656,43.15888695700369
S1171,2022,48.41753387451172,32.69473828316334
S1172,2022,43.97018814086914,30.58111410971052
S1173,2022,48.41753387451172,35.986245638597204
S1174,2022,31.300405502319336,24.02383219257497
S1175,2022,100.17420959472656,52.86896162278533
S1176,2022,41.905845642089844,26.332524036425443
S1177,2022,41.840660095214844,28.850891513189886
S1178,2022,79.44135284423828,41.19227441022268
S1179,2022,79.44135284423828,42.55394489881834
S1180,2022,34.753684997558594,16.979245361025864
S1181,2022,17.42034149169922,6.612229069886474
S1182,2022,17.73911476135254,6.758686216699744
S1183,2022,2.3523342609405518,1.6211175797837178
S1184,2022,14.286601066589355,7.82319037857439
S1185,2022,2.734522819519043,1.727010912830866
S1186,2022,2.734522819519043,1.2176491125206867
S1187,2022,10.469432830810547,5.996064557912068
S1188,2022,2.7934529781341553,1.5510454770340492
S1189,2022,0.0,0.0
S1190,2022,0.6820462942123413,0.23895518550952127
S1191,2022,0.0,0.0
S1192,2022,0.0,0.0
S1193,2022,0.0,0.0
S1194,2022,0.0,0.0
S1195,2022,18.56885528564453,5.26749625835694
S1198,2022,0.0,0.0
S1203,2022,0.0,0.0
S1205,2022,0.0,0.0
S1207,2022,0.0,0.0
S1208,2022,0.0,0.0
S1209,2022,0.0,0.0
S1210,2022,0.0,0.0
S1211,2022,0.0,0.0
S1212,2022,0.0,0.0
S1213,2022,0.4983627498149872,0.01990349269160452
S1214,2022,0.5170934796333313,0.1558734865162481
S1215,2022,0.0,0.0
S1216,2022,0.0,0.0
S1217,2022,0.0,0.0
S1220,2022,0.0,0.0
S1221,2022,0.0,0.0
S1222,2022,0.0,0.0
S1223,2022,0.0,0.0
S1224,2022,0.0,0.0
S1226,2022,0.0,0.0
S1227,2022,0.0,0.0
S1228,2022,0.30437901616096497,0.01418594726555639
S1229,2022,0.0,0.0
S1230,2022,0.0,0.0
S1231,2022,0.0,0.0
S1232,2022,0.0,0.0
S1233,2022,0.0,0.0
S1235,2022,0.38897866010665894,0.005478572677558578
S1236,2022,0.0,0.0
S1238,2022,0.4790685772895813,0.018194380995618126
S1240,2022,0.0,0.0
S1241,2022,0.0,0.0
S1242,2022,0.0,0.0
S1243,2022,0.0,0.0
S1244,2022,0.0,0.0
S1245,2022,0.0,0.0
S1247,2022,0.0,0.0
S1248,2022,0.0,0.0
S1249,2022,0.0,0.0
S1250,2022,0.0,0.0
S1251,2022,0.0,0.0
S1252,2022,0.0,0.0
S1253,2022,0.0,0.0
S1254,2022,0.0,0.0
S1255,2022,0.0,0.0
S1256,2022,0.0,0.0
S1257,2022,1.3997576236724854,0.5690386244067994
S1259,2022,0.0,0.0
S1262,2022,0.0,0.0
S1263,2022,0.522793710231781,0.007991862547592059
S1264,2022,0.0,0.0
S1265,2022,1.3997576236724854,0.06989036110890323
S1266,2022,0.0,0.0
S1267,2022,0.0,0.0
S1268,2022,0.0,0.0
S1270,2022,0.0,0.0
S1271,2022,0.0,0.0
S1272,2022,0.0,0.0
S1273,2022,0.0,0.0
S1274,2022,0.0,0.0
S1275,2022,0.0,0.0
S1278,2022,0.0,0.0
S1279,2022,1.7102595567703247,0.23101022780633554
S1282,2022,0.0,0.0
S1283,2022,0.0,0.0
S1286,2022,0.0,0.0
S1287,2022,0.0,0.0
S1288,2022,0.0,0.0
S1289,2022,0.0,0.0
S1290,2022,0.774091362953186,0.01072756534486305
S1291,2022,0.0,0.0
S1292,2022,0.9186793565750122,0.043596152799223895
S1293,2022,0.7640202045440674,0.19847452529806933
S1294,2022,1.1086252927780151,0.3090742784315202
S1295,2022,0.7364006042480469,0.04019655080161709
S1296,2022,0.0,0.0
S1297,2022,1.3997576236724854,0.2589863142630492
S1299,2022,0.0,0.0
S1300,2022,0.0,0.0
S1302,2022,0.44562971591949463,0.0023822972234689966
S1304,2022,0.0,0.0
S1305,2022,0.0,0.0
S1306,2022,1.3342968225479126,0.11656489584147652
S1307,2022,0.0,0.0
S1308,2022,0.9356867671012878,0.22496807925841392
S1309,2022,0.9356867671012878,0.11174778415603685
S1310,2022,0.0,0.0
S1311,2022,0.44562971591949463,0.0033527000570745683
S1312,2022,0.0,0.0
S1313,2022,0.0,0.0
S1314,2022,1.3342968225479126,0.2727226799130065
S1315,2022,0.0,0.0
S1316,2022,0.7887488603591919,0.03648507815681707
S1317,2022,0.4343654215335846,0.00040939248023900526
S1318,2022,1.5363197326660156,0.27973715330527693
S1319,2022,28.210254669189453,10.777064960659962
S1320,2022,2.62925124168396,1.474827199453836
S1321,2022,2.6121551990509033,0.7986942884138954
S1323,2022,1.1557995080947876,0.6799911127327973
S1324,2022,1.3330806493759155,0.7910274349342286
S1325,2022,1.7211406230926514,1.0253924382926531
S1326,2022,4.229913234710693,2.462745174249813
S1327,2022,6.55064058303833,3.993544447920138
S1328,2022,6.368725776672363,3.7554130302322135
S1329,2022,20.966197967529297,10.030415545438657
S1330,2022,20.966197967529297,11.997460839735647
S1331,2022,13.210413932800293,3.0050639333785156
S1332,2022,5.13516902923584,1.6926407109649908
S1333,2022,0.8474962115287781,0.3096828293066988
S1334,2022,2.036994457244873,1.1722660389694308
S1335,2022,2.036994457244873,1.047209940698011
S1336,2022,2.036994457244873,1.0478464113264403
S1337,2022,2.036994457244873,1.0294684477192584
S1338,2022,1.601990818977356,0.6365901522954005
S1339,2022,17.6208553314209,5.646261580720056
S1340,2022,9.254518508911133,3.2700898281237736
S1341,2022,9.254518508911133,2.5594992592382724
S1342,2022,9.13757610321045,3.0081926244688124
S1343,2022,6.2425360679626465,1.2750229814931124
S1344,2022,3.3489432334899902,0.9642946623838865
S1345,2022,1.548740267753601,1.0530684156018488
S1346,2022,1.722144603729248,0.915284852095959
S1347,2022,1.722144603729248,1.0156323642204228
S1348,2022,4.101876258850098,1.6711624441970903
S1349,2022,1.940012812614441,0.9151046558105081
S1350,2022,4.101876258850098,1.505432295883469
S1351,2022,2.8471877574920654,1.096654981027219
S1352,2022,4.101876258850098,1.0548792475795805
S1353,2022,4.101876258850098,1.2317802427067142
S1354,2022,1.940012812614441,1.0680680365194026
S1355,2022,1.5506846904754639,0.9392901411532757
S1356,2022,0.0,0.0
S1357,2022,0.0,0.0
S1359,2022,25.233415603637695,9.607876738584729
S1361,2022,1.8326175212860107,0.1948208149697713
S1364,2022,0.0,0.0
S1365,2022,1.1808539628982544,0.8676529031064608
S1366,2022,0.0,0.0
S1367,2022,0.0,0.0
S1370,2022,0.0,0.0
S1372,2022,6.2425360679626465,2.0102801616466013
S1373,2022,4.81490421295166,2.1339400479007833
S1374,2022,2.269658088684082,1.308680826668455
S1375,2022,2.065683364868164,1.4868535366561937
S1376,2022,0.0,0.0
S1377,2022,2.7251741886138916,1.4009931211452114
S1378,2022,2.395189046859741,1.1366431041384195
S1379,2022,0.7560226321220398,0.11540549577799299
S1380,2022,2.6501517295837402,1.6295602611223958
S1381,2022,4.115292549133301,2.0072254274103445
S1382,2022,3.0392894744873047,1.1837418729320486
S1383,2022,7.09646463394165,3.917194627501693
S1384,2022,5.256202220916748,2.3425649658853853
S1385,2022,7.09646463394165,2.461753291451552
S1386,2022,2.831500291824341,1.36762412238735
S1387,2022,9.588099479675293,2.4152854749551933
S1388,2022,9.588099479675293,1.5947247783006877
S1389,2022,9.588099479675293,3.26011432859267
S1390,2022,3.0392894744873047,1.2270601319247167
S1391,2022,1.8765202760696411,1.2107050837023454
S1392,2022,6.6471123695373535,3.5918627290013134
S1393,2022,7.206872463226318,4.817226870919713
S1394,2022,7.818079471588135,4.711624184634445
S1395,2022,20.095067977905273,6.299839553929038
S1396,2022,11.254036903381348,6.0016533464099915
S1397,2022,11.254036903381348,4.629422030327949
S1398,2022,3.051503896713257,1.9137277457590174
S1399,2022,9.36372184753418,4.731741703605712
S1400,2022,9.36372184753418,4.208258888996019
S1401,2022,7.359262466430664,2.841208720049818
S1402,2022,2.359816789627075,1.1788851585144613
S1403,2022,15.19796371459961,4.892449766939337
S1404,2022,5.7773518562316895,2.744704731312909
S1405,2022,27.41599464416504,7.9649632372580035
S1406,2022,6.610169887542725,1.6161775157607887
S1407,2022,13.082185745239258,7.031195796773118
S1408,2022,4.690742015838623,1.6208149832817929
S1409,2022,7.4383463859558105,2.6618137560735655
S1410,2022,17.727346420288086,10.580490702937622
S1411,2022,7.415790557861328,2.408796948547316
S1412,2022,7.415790557861328,2.012846056697802
S1413,2022,1.3944242000579834,0.8002264191429032
S1414,2022,21.1781005859375,6.073466436466828
S1415,2022,22.457313537597656,1.8746739614118606
S1416,2022,31.8325252532959,8.016819958285236
S1417,2022,16.345565795898438,10.216207912840314
S1418,2022,16.345565795898438,8.505254816702253
S1419,2022,21.074724197387695,12.75956904453848
S1420,2022,21.074724197387695,7.339652974104804
S1421,2022,1.6637780666351318,0.3821455863736993
S1422,2022,1.0268511772155762,0.3243965123380933
S1423,2022,1.2789745330810547,0.24032862530175642
S1424,2022,4.717968463897705,1.9453345559952633
S1425,2022,40.8619384765625,11.241972658602016
S1426,2022,9.495162963867188,2.9283560135877518
S1427,2022,2.3609588146209717,1.1672875136090253
S1428,2022,1.0893023014068604,0.3373389080825251
S1435,2022,0.5672258138656616,0.2957683661785522
S1436,2022,0.9524003267288208,0.16344227811333964
S1437,2022,2.6812784671783447,1.0122169196793118
S1441,2022,4.430383682250977,2.1010432668479546
S1442,2022,1.2038668394088745,0.6758405569586183
S1443,2022,2.7628231048583984,0.8880070944971843
S1444,2022,2.0217580795288086,0.9892917179177475
S1446,2022,4.069368839263916,1.9031083595063816
S1447,2022,3.9593465328216553,2.028346506402841
S0001,2022,0.0,0.0
S0002,2022,0.0,0.0
S0003,2022,0.0,0.0
S0005,2022,0.0,0.0
S0006,2022,1.2825348377227783,0.6571322124172002
S0008,2022,0.0,0.0
S0013,2022,0.0,0.0
S0014,2022,0.0,0.0
S0025,2022,0.0,0.0
S0027,2022,0.0,0.0
S0031,2022,0.0,0.0
S0032,2022,0.0,0.0
S0039,2022,0.0,0.0
S0043,2022,0.0,0.0
S0046,2022,0.0,0.0
S0047,2022,0.0,0.0
S0061,2022,0.0,0.0
S0064,2022,0.0,0.0
S0065,2022,0.0,0.0
S0067,2022,0.0,0.0
S0068,2022,0.0,0.0
S0071,2022,0.0,0.0
S0097,2022,0.0,0.0
S0100,2022,0.0,0.0
S0103,2022,0.0,0.0
S0106,2022,0.0,0.0
S0108,2022,0.0,0.0
S0110,2022,0.0,0.0
S0112,2022,0.0,0.0
S0120,2022,0.0,0.0
S0122,2022,0.0,0.0
S0123,2022,0.0,0.0
S0127,2022,0.0,0.0
S0128,2022,0.0,0.0
S0129,2022,0.0,0.0
S0136,2022,0.0,0.0
S0142,2022,0.0,0.0
S0143,2022,0.0,0.0
S0144,2022,0.0,0.0
S0146,2022,0.0,0.0
S0147,2022,0.0,0.0
S0148,2022,0.0,0.0
S0161,2022,0.0,0.0
S0163,2022,0.0,0.0
S0167,2022,0.0,0.0
S0204,2022,0.0,0.0
S0206,2022,0.0,0.0
S0228,2022,0.39273616671562195,0.0008618035006298913
S0236,2022,0.0,0.0
S0237,2022,0.0,0.0
S0238,2022,0.0,0.0
S0264,2022,0.0,0.0
S0268,2022,0.0,0.0
S0270,2022,0.0,0.0
S0271,2022,0.0,0.0
S0278,2022,0.7219074368476868,0.253820974625633
S0283,2022,0.0,0.0
S0286,2022,0.0,0.0
S0288,2022,0.0,0.0
S0292,2022,0.0,0.0
S0299,2022,0.0,0.0
S0303,2022,0.0,0.0
S0304,2022,0.0,0.0
S0305,2022,0.0,0.0
S0306,2022,0.0,0.0
S0347,2022,0.0,0.0
S0376,2022,0.0,0.0
S0381,2022,0.0,0.0
S0382,2022,0.0,0.0
S0385,2022,0.0,0.0
S0398,2022,0.0,0.0
S0408,2022,0.0,0.0
S0409,2022,0.42382144927978516,0.014989616203009613
S0415,2022,0.0,0.0
S0425,2022,0.0,0.0
S0426,2022,0.0,0.0
S0427,2022,0.0,0.0
S0431,2022,0.0,0.0
S0435,2022,0.0,0.0
S0436,2022,0.0,0.0
S0437,2022,0.0,0.0
S0438,2022,0.0,0.0
S0439,2022,0.0,0.0
S0440,2022,0.0,0.0
S0441,2022,0.0,0.0
S0442,2022,0.0,0.0
S0446,2022,0.0,0.0
S0447,2022,0.0,0.0
S0448,2022,0.0,0.0
S0451,2022,0.0,0.0
S0452,2022,0.0,0.0
S0454,2022,0.0,0.0
S0457,2022,0.0,0.0
S0458,2022,0.0,0.0
S0461,2022,0.0,0.0
S0467,2022,0.0,0.0
S0468,2022,0.0,0.0
S0469,2022,0.0,0.0
S0473,2022,0.0,0.0
S0478,2022,0.0,0.0
S0479,2022,0.0,0.0
S0480,2022,0.0,0.0
S0481,2022,0.0,0.0
S0482,2022,0.0,0.0
S0483,2022,0.0,0.0
S0484,2022,0.0,0.0
S0485,2022,0.0,0.0
S0486,2022,0.0,0.0
S0489,2022,0.0,0.0
S0491,2022,0.0,0.0
S0494,2022,0.0,0.0
S0498,2022,0.0,0.0
S0502,2022,0.0,0.0
S0514,2022,0.0,0.0
S0517,2022,0.0,0.0
S0518,2022,0.0,0.0
S0519,2022,0.0,0.0
S0520,2022,0.7787116765975952,0.022697986635192527
S0521,2022,0.0,0.0
S0522,2022,0.0,0.0
S0523,2022,0.0,0.0
S0524,2022,0.0,0.0
S0525,2022,0.0,0.0
S0526,2022,0.0,0.0
S0527,2022,0.0,0.0
S0528,2022,0.0,0.0
S0529,2022,0.0,0.0
S0530,2022,0.0,0.0
S0531,2022,0.0,0.0
S0532,2022,0.0,0.0
S0534,2022,0.0,0.0
S0535,2022,0.0,0.0
S0536,2022,0.0,0.0
S0537,2022,0.0,0.0
S0538,2022,0.0,0.0
S0541,2022,0.0,0.0
S0542,2022,0.0,0.0
S0543,2022,0.0,0.0
S0545,2022,0.0,0.0
S0548,2022,0.0,0.0
S0549,2022,0.0,0.0
S0557,2022,0.0,0.0
S0568,2022,0.0,0.0
S0570,2022,0.0,0.0
S0572,2022,0.0,0.0
S0574,2022,0.0,0.0
S0575,2022,0.0,0.0
S0577,2022,0.0,0.0
S0578,2022,0.0,0.0
S0579,2022,0.0,0.0
S0580,2022,0.0,0.0
S0581,2022,0.0,0.0
S0582,2022,0.0,0.0
S0583,2022,0.0,0.0
S0584,2022,0.0,0.0
S0585,2022,0.0,0.0
S0586,2022,0.0,0.0
S0588,2022,0.0,0.0
S0589,2022,0.0,0.0
S0591,2022,0.0,0.0
S0593,2022,0.0,0.0
S0594,2022,0.0,0.0
S0598,2022,0.0,0.0
S0600,2022,0.0,0.0
S0601,2022,0.0,0.0
S0604,2022,0.0,0.0
S0606,2022,0.0,0.0
S0609,2022,0.0,0.0
S0613,2022,0.5444012880325317,0.007841955460362692
S0616,2022,0.0,0.0
S0619,2022,0.0,0.0
S0621,2022,0.0,0.0
S0622,2022,0.0,0.0
S0625,2022,0.0,0.0
S0626,2022,0.0,0.0
S0641,2022,0.0,0.0
S0642,2022,0.0,0.0
S0647,2022,0.0,0.0
S0649,2022,0.0,0.0
S0691,2022,0.0,0.0
S0692,2022,0.0,0.0
S0694,2022,0.0,0.0
S0695,2022,0.0,0.0
S0698,2022,0.4722833037376404,0.004890288366282441
S0711,2022,0.0,0.0
S0718,2022,0.0,0.0
S0722,2022,0.0,0.0
S0727,2022,0.0,0.0
S0728,2022,0.0,0.0
S0729,2022,0.0,0.0
S0730,2022,0.0,0.0
S0731,2022,0.0,0.0
S0737,2022,0.0,0.0
S0738,2022,0.0,0.0
S0739,2022,0.0,0.0
S0741,2022,0.0,0.0
S0745,2022,0.0,0.0
S0749,2022,0.0,0.0
S0782,2022,0.0,0.0
S0783,2022,0.0,0.0
S0784,2022,0.0,0.0
S0785,2022,0.0,0.0
S0786,2022,0.0,0.0
S0787,2022,0.0,0.0
S0788,2022,0.0,0.0
S0789,2022,0.0,0.0
S0790,2022,0.0,0.0
S0791,2022,0.0,0.0
S0793,2022,0.0,0.0
S0794,2022,0.0,0.0
S0795,2022,0.0,0.0
S0802,2022,0.0,0.0
S0806,2022,0.0,0.0
S0807,2022,0.0,0.0
S0810,2022,0.0,0.0
S0811,2022,0.0,0.0
S0812,2022,0.0,0.0
S0821,2022,0.0,0.0
S0827,2022,0.0,0.0
S0830,2022,0.0,0.0
S0838,2022,0.0,0.0
S0842,2022,0.0,0.0
S0844,2022,0.0,0.0
S0853,2022,0.5414573550224304,0.01146590622692683
S0855,2022,0.0,0.0
S0859,2022,0.0,0.0
S0869,2022,0.0,0.0
S0877,2022,0.0,0.0
S0878,2022,0.0,0.0
S0880,2022,0.0,0.0
S0884,2022,0.0,0.0
S0901,2022,0.0,0.0
S0911,2022,0.0,0.0
S0913,2022,0.0,0.0
S0923,2022,0.0,0.0
S0932,2022,0.0,0.0
S0933,2022,0.0,0.0
S0935,2022,0.0,0.0
S0937,2022,0.0,0.0
S0947,2022,0.0,0.0
S0948,2022,0.0,0.0
S0999,2022,0.0,0.0
S1001,2022,0.0,0.0
S1009,2022,0.0,0.0
S1012,2022,0.0,0.0
S1013,2022,0.0,0.0
S1014,2022,0.0,0.0
S1017,2022,0.0,0.0
S1051,2022,0.0,0.0
S1056,2022,0.0,0.0
S1057,2022,0.0,0.0
S1058,2022,0.0,0.0
S1061,2022,0.0,0.0
S1062,2022,0.0,0.0
S1063,2022,0.0,0.0
S1065,2022,0.0,0.0
S1075,2022,0.0,0.0
S1077,2022,0.0,0.0
S1082,2022,0.0,0.0
S1084,2022,0.0,0.0
S1085,2022,0.0,0.0
S1086,2022,0.0,0.0
S1087,2022,0.0,0.0
S1088,2022,0.0,0.0
S1089,2022,0.0,0.0
S1090,2022,0.0,0.0
S1095,2022,0.0,0.0
S1096,2022,0.0,0.0
S1098,2022,0.0,0.0
S1099,2022,0.0,0.0
S1100,2022,0.0,0.0
S1101,2022,0.0,0.0
S1104,2022,0.0,0.0
S1105,2022,0.0,0.0
S1107,2022,0.0,0.0
S1108,2022,0.0,0.0
S1109,2022,0.0,0.0
S1111,2022,0.0,0.0
S1112,2022,0.0,0.0
S1113,2022,0.0,0.0
S1123,2022,0.0,0.0
S1124,2022,0.0,0.0
S1125,2022,0.0,0.0
S1126,2022,0.0,0.0
S1129,2022,0.0,0.0
S1131,2022,0.0,0.0
S1132,2022,0.0,0.0
S1134,2022,0.0,0.0
S1196,2022,0.0,0.0
S1197,2022,0.0,0.0
S1199,2022,0.0,0.0
S1200,2022,0.0,0.0
S1201,2022,0.0,0.0
S1202,2022,0.0,0.0
S1204,2022,0.0,0.0
S1206,2022,0.0,0.0
S1218,2022,0.0,0.0
S1219,2022,0.0,0.0
S1225,2022,0.0,0.0
S1234,2022,0.0,0.0
S1237,2022,0.0,0.0
S1239,2022,0.0,0.0
S1246,2022,0.0,0.0
S1258,2022,0.0,0.0
S1260,2022,0.0,0.0
S1261,2022,0.0,0.0
S1269,2022,0.0,0.0
S1276,2022,0.0,0.0
S1277,2022,0.0,0.0
S1280,2022,0.0,0.0
S1281,2022,0.0,0.0
S1284,2022,0.0,0.0
S1285,2022,0.0,0.0
S1298,2022,0.0,0.0
S1301,2022,0.0,0.0
S1303,2022,0.0,0.0
S1322,2022,1.8564505577087402,0.7729197926748902
S1358,2022,0.8118386268615723,0.3878832317761978
S1360,2022,0.460775226354599,0.0004348303488719084
S1362,2022,1.3873729705810547,0.7796426012010356
S1363,2022,1.0947779417037964,0.6240420089030922
S1368,2022,0.9068052768707275,0.5652211208297944
S1369,2022,0.0,0.0
S1371,2022,0.0,0.0
S1429,2022,0.0,0.0
S1430,2022,0.0,0.0
S1431,2022,0.0,0.0
S1432,2022,0.9709163308143616,0.20148268051583676
S1433,2022,0.8345391750335693,0.030206474319217712
S1434,2022,0.47762298583984375,0.10663769145806633
S1438,2022,0.7682592868804932,0.3112464868508956
S1439,2022,0.7609997391700745,0.43723485596592687
S1440,2022,0.0,0.0
S1445,2022,1.5456719398498535,0.7099972550750492
S0000,2023,115.19239044189453,56.23006153054223
S0004,2023,0.8194729089736938,0.31156968111504313
S0007,2023,0.0,0.0
S0009,2023,6.014002323150635,2.6050639112006158
S0010,2023,0.8365521430969238,0.3984476831561891
S0011,2023,0.9771510362625122,0.16875914637280018
S0012,2023,0.0,0.0
S0015,2023,2.547480821609497,1.1001169117310423
S0016,2023,3.1933395862579346,1.3129548605646049
S0017,2023,1.8197710514068604,0.28835195027102417
S0018,2023,0.8457730412483215,0.46194533152173095
S0019,2023,0.0,0.0
S0020,2023,2.232276439666748,0.9795685600965545
S0021,2023,0.0,0.0
S0022,2023,0.0,0.0
S0023,2023,1.2015730142593384,0.4370464058198412
S0024,2023,1.3368552923202515,0.11763017111541486
S0026,2023,0.7510877847671509,0.4791552135109714
S0028,2023,0.0,0.0
S0029,2023,0.0,0.0
S0030,2023,0.0,0.0
S0033,2023,1.104920506477356,0.41373349331853687
S0034,2023,2.256312370300293,0.9327738025832978
S0035,2023,0.0,0.0
S0036,2023,0.9528635740280151,0.5155755293444269
S0037,2023,0.0,0.0
S0038,2023,1.7518138885498047,0.750254721625855
S0040,2023,1.5765248537063599,0.9195735826714891
S0041,2023,0.795421838760376,0.08673240333636678
S0042,2023,0.0,0.0
S0044,2023,0.0,0.0
S0045,2023,0.0,0.0
S0048,2023,0.7904418110847473,0.08121264309084888
S0049,2023,0.0,0.0
S0050,2023,0.6953600645065308,0.42042062059630764
S0051,2023,2.7852399349212646,1.4649885062627108
S0052,2023,0.0,0.0
S0053,2023,0.9152802228927612,0.19939110725883422
S0054,2023,0.0,0.0
S0055,2023,0.0,0.0
S0056,2023,0.0,0.0
S0057,2023,1.0084245204925537,0.1636642687804739
S0058,2023,0.0,0.0
S0059,2023,0.0,0.0
S0060,2023,0.0,0.0
S0062,2023,2.01981520652771,0.6819972335561497
S0063,2023,0.0,0.0
S0066,2023,0.0,0.0
S0069,2023,13.266005516052246,8.307213603438704
S0070,2023,3.7430195808410645,2.0881615543080843
S0072,2023,2.375706672668457,1.7201594378673002
S0073,2023,18.99390411376953,3.3510975664298543
S0074,2023,0.7007342576980591,0.05805815223769257
S0075,2023,0.0,0.0
S0076,2023,0.0,0.0
S0077,2023,0.6925126910209656,0.18542685893900185
S0078,2023,0.0,0.0
S0079,2023,2.720039129257202,0.7347568338754409
S0080,2023,1.3266478776931763,0.722252492708292
S0081,2023,0.0,0.0
S0082,2023,0.0,0.0
S0083,2023,1.2781736850738525,0.39821841978554906
S0084,2023,1.1384987831115723,0.6475307615955436
S0085,2023,0.0,0.0
S0086,2023,4.488572597503662,0.23946135663610743
S0087,2023,0.9638767242431641,0.04293071816927232
S0088,2023,1.6099787950515747,0.9374550846116944
S0089,2023,2.491486072540283,1.4699248793212019
S0090,2023,0.0,0.0
S0091,2023,3.2401747703552246,1.9561248449348605
S0092,2023,4.7157769203186035,2.860707453206966
S0093,2023,0.0,0.0
S0094,2023,0.8110671043395996,0.038490662445347254
S0095,2023,10.420172691345215,3.8781831289915205
S0096,2023,2.1769375801086426,1.0351217172941571
S0098,2023,3.149582862854004,1.8027742313066115
S0099,2023,3.5382418632507324,1.589626426613608
S0101,2023,2.7954349517822266,1.803157719092221
S0102,2023,0.0,0.0
S0104,2023,1.856066107749939,1.132120861260487
S0105,2023,1.7811589241027832,0.4569068484856994
S0107,2023,0.0,0.0
S0109,2023,0.7414664626121521,0.06803326363535055
S0111,2023,0.0,0.0
S0113,2023,2.8208091259002686,1.2553931135933543
S0114,2023,1.6119370460510254,0.2043157569435199
S0115,2023,0.0,0.0
S0116,2023,3.4096689224243164,1.4772993479365266
S0117,2023,3.105815887451172,0.9766131144397113
S0118,2023,3.090111255645752,0.4329861148428295
S0119,2023,0.8721856474876404,0.18350769678502335
S0121,2023,0.0,0.0
S0124,2023,0.0,0.0
S0125,2023,0.0,0.0
S0126,2023,2.063981771469116,1.0443148371812543
S0130,2023,0.0,0.0
S0131,2023,24.44666862487793,13.709740635138658
S0132,2023,2.945852756500244,1.0255194651590842
S0133,2023,0.0,0.0
S0134,2023,4.661746025085449,1.2556267333225146
S0135,2023,0.7141806483268738,0.04631099157396392
S0137,2023,0.9178413152694702,0.11022317883071207
S0138,2023,6.614277362823486,3.346269049785462
S0139,2023,6.625223636627197,1.9977434317233458
S0140,2023,25.290956497192383,12.622278244670722
S0141,2023,12.552545547485352,6.938022747075645
S0145,2023,0.0,0.0
S0149,2023,1.3518567085266113,0.19225522420824342
S0150,2023,0.0,0.0
S0151,2023,0.0,0.0
S0152,2023,22.18020248413086,12.026474365645404
S0153,2023,5.196346759796143,3.5992144076758086
S0154,2023,27.966386795043945,11.71784634835756
S0155,2023,12.897926330566406,6.9289993640953575
S0156,2023,23.997831344604492,14.189732491540175
S0157,2023,1.280311107635498,0.4676187162862675
S0158,2023,14.39842414855957,6.92917145083517
S0159,2023,4.300992488861084,1.602253954898448
S0160,2023,6.582097053527832,3.040411589019783
S0162,2023,0.7325884103775024,0.2216609115119099
S0164,2023,0.0,0.0
S0165,2023,13.066055297851562,8.242311674094875
S0166,2023,0.9412229061126709,0.3139391162560445
S0168,2023,11.585871696472168,5.643318022309609
S0169,2023,11.414039611816406,6.2704976601979645
S0170,2023,26.15676498413086,11.406461114910305
S0171,2023,1.0449438095092773,0.6536042586665639
S0172,2023,0.0,0.0
S0173,2023,15.163019180297852,5.756893682910963
S0174,2023,56.91451644897461,24.660839978399594
S0175,2023,24.380950927734375,13.460021439612955
S0176,2023,45.55318069458008,22.958871199592235
S0177,2023,35.96471405029297,19.42127792312572
S0178,2023,0.40846413373947144,0.016246459437805477
S0179,2023,1.1163907051086426,0.41962891994765983
S0180,2023,0.0,0.0
S0181,2023,1.7409253120422363,0.8969748842243732
S0182,2023,1.5084096193313599,0.7992384231823453
S0183,2023,0.9638310670852661,0.6281040158332538
S0184,2023,7.0554986000061035,3.802237127940856
S0185,2023,0.8433479070663452,0.39515246450901026
S0186,2023,2.1877450942993164,1.0961666377375465
S0187,2023,2.1877450942993164,0.941290651601297
S0188,2023,1.2773630619049072,0.09804051351862035
S0189,2023,1.6099787950515747,0.1917085432318037
S0190,2023,0.0,0.0
S0191,2023,1.6099787950515747,0.8660643467766814
S0192,2023,0.4966922104358673,0.0024896852653426937
S0193,2023,12.725193977355957,6.512322700520824
S0194,2023,20.64041519165039,6.554339098489675
S0195,2023,3.8320045471191406,1.5266147857747188
S0196,2023,1.5339534282684326,0.9661303002919468
S0197,2023,6.981870651245117,4.280239548012661
S0198,2023,19.361265182495117,9.567622898665116
S0199,2023,8.578310012817383,4.4228992577811805
S0200,2023,9.053279876708984,4.63170570015571
S0201,2023,0.6301329731941223,0.05491497866193155
S0202,2023,1.010841965675354,0.5261377544290436
S0203,2023,5.320903301239014,2.75240648713706
S0205,2023,0.4799884855747223,0.03851386526795286
S0207,2023,0.0,0.0
S0208,2023,49.029319763183594,29.635476827322314
S0209,2023,7.882643222808838,5.361802583137525
S0210,2023,45.197776794433594,16.856169640550355
S0211,2023,55.41377639770508,15.921462383389848
S0212,2023,2.5692062377929688,1.0389986290475077
S0213,2023,5.388192653656006,2.4605997104504094
S0214,2023,1.4048177003860474,0.6373535672189893
S0215,2023,0.7393789291381836,0.07024722872594069
S0216,2023,0.7393789291381836,0.1849344949387877
S0217,2023,37.90176773071289,24.085607735210896
S0218,2023,27.767005920410156,18.41831930385975
S0219,2023,11.855172157287598,6.207306642332729
S0220,2023,0.0,0.0
S0221,2023,5.075012683868408,3.0290687740017734
S0222,2023,55.41377639770508,22.357127005833362
S0223,2023,2.9803853034973145,0.7743978813524156
S0224,2023,0.9139407277107239,0.5814986589663435
S0225,2023,5.007556438446045,2.710898363481425
S0226,2023,7.047457695007324,2.7520663350717878
S0227,2023,12.121071815490723,4.903130619261499
S0229,2023,4.188028335571289,2.00454933119764
S0230,2023,2.5539751052856445,0.42995990287734426
S0231,2023,1.1106657981872559,0.4279540814237233
S0232,2023,0.9733740091323853,0.5717434857837664
S0233,2023,0.6514409780502319,0.2200764576955956
S0234,2023,2.4240643978118896,1.266066562088263
S0235,2023,2.463186740875244,1.4382939280255476
S0239,2023,0.0,0.0
S0240,2023,0.40846413373947144,0.02124883929826145
S0241,2023,0.885005533695221,0.05318997864732164
S0242,2023,0.6715437173843384,0.33863098735935115
S0243,2023,0.0,0.0
S0244,2023,0.7242562770843506,0.2678937791169606
S0245,2023,1.0374232530593872,0.45425144492605823
S0246,2023,23.997831344604492,9.6735060310154
S0247,2023,20.501041412353516,4.699194801563753
S0248,2023,23.997831344604492,9.14654636607134
S0249,2023,5.889893054962158,2.3827904592023272
S0250,2023,4.80089807510376,3.4392809210171786
S0251,2023,5.889893054962158,3.17417659390246
S0252,2023,2.183234691619873,0.9343214538661624
S0253,2023,10.88155460357666,3.6135349763572555
S0254,2023,14.310953140258789,6.154579129936551
S0255,2023,2.5853497982025146,1.5539507584963104
S0256,2023,2.7848052978515625,1.5766687977280374
S0257,2023,8.194148063659668,3.7787280295522985
S0258,2023,19.147184371948242,9.294206288914694
S0259,2023,3.07193660736084,1.6804218609502006
S0260,2023,0.0,0.0
S0261,2023,1.010841965675354,0.5700074372188328
S0262,2023,0.8149899840354919,0.40032860080550914
S0263,2023,0.0,0.0
S0265,2023,0.0,0.0
S0266,2023,0.0,0.0
S0267,2023,0.0,0.0
S0269,2023,0.0,0.0
S0272,2023,1.7918455600738525,0.7933219331282853
S0273,2023,1.2904490232467651,0.798996754608617
S0274,2023,1.4396023750305176,0.9069038793603651
S0275,2023,1.1745938062667847,0.19281734586731206
S0276,2023,0.0,0.0
S0277,2023,0.0,0.0
S0279,2023,0.8319463133811951,0.29813204214601235
S0280,2023,0.5983717441558838,0.044045500347616534
S0281,2023,1.7339980602264404,0.9065203831882357
S0282,2023,0.0,0.0
S0284,2023,0.0,0.0
S0285,2023,0.0,0.0
S0287,2023,0.0,0.0
S0289,2023,0.0,0.0
S0290,2023,0.0,0.0
S0291,2023,0.0,0.0
S0293,2023,0.0,0.0
S0294,2023,0.0,0.0
S0295,2023,0.0,0.0
S0296,2023,0.0,0.0
S0297,2023,0.0,0.0
S0298,2023,10.705870628356934,3.3471808396875944
S0300,2023,40.26510238647461,14.24043942948201
S0301,2023,24.052310943603516,12.665381771061202
S0302,2023,8.539183616638184,3.510974550129552
S0307,2023,0.0,0.0
S0308,2023,3.031811237335205,1.7418751252585147
S0309,2023,5.326418399810791,2.8522942896801324
S0310,2023,0.0,0.0
S0311,2023,3.149582862854004,0.9635249164657317
S0312,2023,0.0,0.0
S0313,2023,0.0,0.0
S0314,2023,0.0,0.0
S0315,2023,1.4730552434921265,0.6667940891706027
S0316,2023,1.1326181888580322,0.8007210828761947
S0317,2023,0.0,0.0
S0318,2023,1.1326181888580322,0.6686590953025364
S0319,2023,1.5156670808792114,0.9597511145803663
S0320,2023,1.0420867204666138,0.5196294256078837
S0321,2023,1.0420867204666138,0.3520502869383124
S0322,2023,0.6288728713989258,0.12968947230851413
S0323,2023,0.0,0.0
S0324,2023,0.0,0.0
S0325,2023,0.0,0.0
S0326,2023,0.7053877115249634,0.06590908446282054
S0327,2023,1.0994861125946045,0.5777818295576491
S0328,2023,1.0994861125946045,0.3283446096548868
S0329,2023,0.0,0.0
S0330,2023,0.0,0.0
S0331,2023,0.0,0.0
S0332,2023,0.0,0.0
S0333,2023,0.0,0.0
S0334,2023,0.0,0.0
S0335,2023,0.0,0.0
S0336,2023,0.0,0.0
S0337,2023,0.0,0.0
S0338,2023,0.0,0.0
S0339,2023,1.5156670808792114,0.7141750823065467
S0340,2023,1.5156670808792114,0.6675276862503482
S0341,2023,0.5758591294288635,0.021376637172489447
S0342,2023,0.0,0.0
S0343,2023,1.119265079498291,0.6198312456001696
S0344,2023,1.119265079498291,0.6873978361818941
S0345,2023,0.6545835733413696,0.03012934997071306
S0346,2023,0.7778500914573669,0.13803515411519543
S0348,2023,1.0738325119018555,0.46496471964960806
S0349,2023,4.00370979309082,1.9273016344959941
S0350,2023,1.7715202569961548,1.2541577150477248
S0351,2023,0.6381897926330566,0.07379474583019344
S0352,2023,0.6381897926330566,0.20664513170812426
S0353,2023,0.0,0.0
S0354,2023,0.0,0.0
S0355,2023,0.0,0.0
S0356,2023,0.0,0.0
S0357,2023,0.0,0.0
S0358,2023,1.2037365436553955,0.4737297676491926
S0359,2023,0.0,0.0
S0360,2023,1.3275680541992188,0.5347280826468578
S0361,2023,1.668039321899414,0.9557559712620437
S0362,2023,2.810626983642578,1.1817589201836058
S0363,2023,0.0,0.0
S0364,2023,1.1751703023910522,0.34030512398765556
S0365,2023,0.8433968424797058,0.37217350373304026
S0366,2023,1.1326181888580322,0.5740054500346281
S0367,2023,0.0,0.0
S0368,2023,0.0,0.0
S0369,2023,0.0,0.0
S0370,2023,0.7913362979888916,0.015613588090604502
S0371,2023,1.969588279724121,1.0489783213385995
S0372,2023,1.4730552434921265,0.7987814333824047
S0373,2023,1.969588279724121,0.637350568724849
S0374,2023,1.0698091983795166,0.5384304263410726
S0375,2023,0.0,0.0
S0377,2023,0.0,0.0
S0378,2023,0.0,0.0
S0379,2023,0.0,0.0
S0380,2023,0.0,0.0
S0383,2023,0.0,0.0
S0384,2023,1.2657604217529297,0.13983681281307833
S0386,2023,0.0,0.0
S0387,2023,0.0,0.0
S0388,2023,0.5733217000961304,0.0991787449301823
S0389,2023,2.7210426330566406,1.1653373153138689
S0390,2023,1.6610366106033325,0.9760575511544446
S0391,2023,0.0,0.0
S0392,2023,0.0,0.0
S0393,2023,2.029987335205078,0.6674210304494118
S0394,2023,0.7793567180633545,0.02740480917742618
S0395,2023,0.0,0.0
S0396,2023,0.0,0.0
S0397,2023,0.7137848734855652,0.08678562600695786
S0399,2023,0.0,0.0
S0400,2023,0.0,0.0
S0401,2023,0.0,0.0
S0402,2023,0.4453239440917969,0.03984361708913959
S0403,2023,1.4289015531539917,0.37779542185260895
S0404,2023,0.0,0.0
S0405,2023,0.0,0.0
S0406,2023,0.0,0.0
S0407,2023,0.0,0.0
S0410,2023,0.0,0.0
S0411,2023,1.7629308700561523,0.556744781605995
S0412,2023,1.7629308700561523,0.8847921008880612
S0413,2023,0.0,0.0
S0414,2023,2.043571710586548,1.0531798082535797
S0416,2023,0.0,0.0
S0417,2023,0.0,0.0
S0418,2023,0.6325712203979492,0.01851597539671175
S0419,2023,0.8635866641998291,0.3688357176646455
S0420,2023,0.0,0.0
S0421,2023,0.6953600645065308,0.15078517015005713
S0422,2023,0.42014145851135254,0.04121413007518891
S0423,2023,0.0,0.0
S0424,2023,0.0,0.0
S0428,2023,0.0,0.0
S0429,2023,6.035841941833496,3.9226561204225714
S0430,2023,0.0,0.0
S0432,2023,1.525320053100586,0.7169089602985885
S0433,2023,0.6851075291633606,0.10159421268116724
S0434,2023,0.0,0.0
S0443,2023,0.0,0.0
S0444,2023,0.0,0.0
S0445,2023,0.0,0.0
S0449,2023,4.2810516357421875,2.482102799475455
S0450,2023,2.825521230697632,1.4471630401200444
S0453,2023,3.701678991317749,1.1271419096283795
S0455,2023,0.0,0.0
S0456,2023,0.9412229061126709,0.18851482091392194
S0459,2023,0.0,0.0
S0460,2023,0.0,0.0
S0462,2023,0.0,0.0
S0463,2023,0.0,0.0
S0464,2023,0.9212765693664551,0.47064530656579673
S0465,2023,0.0,0.0
S0466,2023,1.7409253120422363,0.41242483598524843
S0470,2023,8.928173065185547,3.9007904409123992
S0471,2023,12.552627563476562,5.7896038303178
S0472,2023,1.1972811222076416,0.6830399149079357
S0474,2023,0.0,0.0
S0475,2023,0.0,0.0
S0476,2023,0.0,0.0
S0477,2023,0.0,0.0
S0487,2023,0.0,0.0
S0488,2023,0.0,0.0
S0490,2023,0.0,0.0
S0492,2023,0.0,0.0
S0493,2023,0.0,0.0
S0495,2023,0.0,0.0
S0496,2023,0.0,0.0
S0497,2023,0.0,0.0
S0499,2023,0.0,0.0
S0500,2023,0.0,0.0
S0501,2023,0.6410319805145264,0.03371054801890048
S0503,2023,1.431797742843628,0.3189812465215826
S0504,2023,1.3476605415344238,0.8139682475922807
S0505,2023,0.0,0.0
S0506,2023,0.7985013723373413,0.25218693215765936
S0507,2023,0.7985013723373413,0.2932152242450924
S0508,2023,1.507599115371704,0.49797101435046537
S0509,2023,0.0,0.0
S0510,2023,0.0,0.0
S0511,2023,1.2736955881118774,0.1633565035185323
S0512,2023,0.0,0.0
S0513,2023,0.0,0.0
S0515,2023,0.0,0.0
S0516,2023,1.3476605415344238,0.8242876899291182
S0533,2023,0.7325884103775024,0.23896367195495316
S0539,2023,0.0,0.0
S0540,2023,0.0,0.0
S0544,2023,0.0,0.0
S0546,2023,0.0,0.0
S0547,2023,0.0,0.0
S0550,2023,0.0,0.0
S0551,2023,0.0,0.0
S0552,2023,0.0,0.0
S0553,2023,0.0,0.0
S0554,2023,0.0,0.0
S0555,2023,0.0,0.0
S0556,2023,0.6722408533096313,0.05951289378179432
S0558,2023,0.0,0.0
S0559,2023,0.0,0.0
S0560,2023,0.0,0.0
S0561,2023,0.0,0.0
S0562,2023,0.0,0.0
S0563,2023,0.0,0.0
S0564,2023,0.0,0.0
S0565,2023,0.0,0.0
S0566,2023,0.0,0.0
S0567,2023,0.0,0.0
S0569,2023,0.0,0.0
S0571,2023,0.0,0.0
S0573,2023,0.0,0.0
S0576,2023,0.0,0.0
S0587,2023,0.0,0.0
S0590,2023,0.0,0.0
S0592,2023,0.0,0.0
S0595,2023,0.0,0.0
S0596,2023,0.0,0.0
S0597,2023,0.0,0.0
S0599,2023,0.0,0.0
S0602,2023,0.0,0.0
S0603,2023,0.0,0.0
S0605,2023,0.0,0.0
S0607,2023,0.0,0.0
S0608,2023,0.0,0.0
S0610,2023,0.0,0.0
S0611,2023,0.4173583686351776,0.002880139306767223
S0612,2023,0.8741889595985413,0.09795883293246087
S0614,2023,0.0,0.0
S0615,2023,0.8824745416641235,0.4893997087769813
S0617,2023,0.0,0.0
S0618,2023,0.0,0.0
S0620,2023,0.0,0.0
S0623,2023,0.6047897934913635,0.04852781539971608
S0624,2023,0.0,0.0
S0627,2023,0.6130537986755371,0.1094911879506604
S0628,2023,0.0,0.0
S0629,2023,0.0,0.0
S0630,2023,0.0,0.0
S0631,2023,0.0,0.0
S0632,2023,0.6047897934913635,0.0030362838706814613
S0633,2023,0.0,0.0
S0634,2023,0.6047897934913635,0.017063034926088627
S0635,2023,0.0,0.0
S0636,2023,0.0,0.0
S0637,2023,0.0,0.0
S0638,2023,0.0,0.0
S0639,2023,0.0,0.0
S0640,2023,0.0,0.0
S0643,2023,0.0,0.0
S0644,2023,0.0,0.0
S0645,2023,0.0,0.0
S0646,2023,0.0,0.0
S0648,2023,0.9420668482780457,0.3125159468776104
S0650,2023,0.0,0.0
S0651,2023,0.9031434059143066,0.1635283746417203
S0652,2023,0.0,0.0
S0653,2023,5.242594242095947,0.8060440650699644
S0654,2023,0.0,0.0
S0655,2023,0.7669743895530701,0.046869321831040006
S0656,2023,2.3794658184051514,1.526906605193529
S0657,2023,3.695861577987671,1.892994185226229
S0658,2023,1.6262249946594238,0.6181101273362499
S0659,2023,0.7669743895530701,0.06136757745090458
S0660,2023,1.2472937107086182,0.22608470696266916
S0661,2023,0.8041267395019531,0.06382360263133613
S0662,2023,0.0,0.0
S0663,2023,0.0,0.0
S0664,2023,1.4728293418884277,0.8454835409068638
S0665,2023,0.7195754647254944,0.031719321492937415
S0666,2023,0.0,0.0
S0667,2023,1.7279866933822632,0.4359496820869864
S0668,2023,1.3293774127960205,0.5669694006461715
S0669,2023,0.0,0.0
S0670,2023,2.01981520652771,0.9633839916550184
S0671,2023,0.0,0.0
S0672,2023,0.0,0.0
S0673,2023,0.0,0.0
S0674,2023,1.3293774127960205,0.5229804307811123
S0675,2023,2.01981520652771,0.7927456840802585
S0676,2023,1.3293774127960205,0.5979803935035085
S0677,2023,1.0508893728256226,0.38196980332646835
S0678,2023,2.01981520652771,0.6767416401353135
S0679,2023,1.4076300859451294,0.9840666006289407
S0680,2023,1.1610099077224731,0.4049999395682193
S0681,2023,1.1610099077224731,0.4952847224748705
S0682,2023,1.5524771213531494,0.7461618346476486
S0683,2023,2.01981520652771,1.1792790378467926
S0684,2023,1.4828163385391235,0.7608003754313648
S0685,2023,1.5355758666992188,0.9712339376464605
S0686,2023,1.758767008781433,1.26268623758023
S0687,2023,1.6727113723754883,1.0286766745714917
S0688,2023,1.4076300859451294,0.36883016966664856
S0689,2023,1.4076300859451294,1.0259812048985915
S0690,2023,0.0,0.0
S0693,2023,0.0,0.0
S0696,2023,0.0,0.0
S0697,2023,0.0,0.0
S0699,2023,0.0,0.0
S0700,2023,0.0,0.0
S0701,2023,0.0,0.0
S0702,2023,0.0,0.0
S0703,2023,0.0,0.0
S0704,2023,0.0,0.0
S0705,2023,0.0,0.0
S0706,2023,0.0,0.0
S0707,2023,0.6302942037582397,0.058027371399371204
S0708,2023,1.2482829093933105,0.26417611195635005
S0709,2023,2.327197313308716,1.338037150209163
S0710,2023,1.5345492362976074,0.541700603773916
S0712,2023,0.0,0.0
S0713,2023,2.327197313308716,1.2212618095934578
S0714,2023,0.0,0.0
S0715,2023,0.0,0.0
S0716,2023,0.0,0.0
S0717,2023,0.8816506266593933,0.04286188144626713
S0719,2023,0.0,0.0
S0720,2023,2.7744057178497314,1.0837831829804252
S0721,2023,2.7744057178497314,0.9804553917124564
S0723,2023,1.5345492362976074,0.5600540457978523
S0724,2023,0.7710642218589783,0.003154133066131755
S0725,2023,0.0,0.0
S0726,2023,0.0,0.0
S0732,2023,0.0,0.0
S0733,2023,0.0,0.0
S0734,2023,0.0,0.0
S0735,2023,0.9679250717163086,0.55464950803679
S0736,2023,2.327197313308716,1.1195108858916418
S0740,2023,0.0,0.0
S0742,2023,0.0,0.0
S0743,2023,0.0,0.0
S0744,2023,0.0,0.0
S0746,2023,0.0,0.0
S0747,2023,0.0,0.0
S0748,2023,0.0,0.0
S0750,2023,0.0,0.0
S0751,2023,0.0,0.0
S0752,2023,0.9152802228927612,0.2173251425642274
S0753,2023,0.9679250717163086,0.3737576615514152
S0754,2023,0.9679250717163086,0.4557905796193701
S0755,2023,0.9679250717163086,0.1815013829454686
S0756,2023,1.3741142749786377,0.06039267967766507
S0757,2023,1.4678231477737427,1.050468808908006
S0758,2023,1.123368740081787,0.36646183784295266
S0759,2023,0.8247288465499878,0.18343310792891868
S0760,2023,1.4191116094589233,1.0644505252802237
S0761,2023,9.375884056091309,3.512479284096184
S0762,2023,9.375884056091309,3.3878924593871624
S0763,2023,2.136085271835327,1.0942529769005152
S0764,2023,10.315075874328613,2.014024902497607
S0765,2023,7.270894527435303,3.64470028563353
S0766,2023,1.4191116094589233,0.9639605599236213
S0767,2023,1.4449456930160522,0.8325043516268797
S0768,2023,3.4615981578826904,0.9500554456067049
S0769,2023,1.1970438957214355,0.2443843179800379
S0770,2023,1.4602545499801636,0.8891724664835057
S0771,2023,1.4625452756881714,0.7219229382164075
S0772,2023,2.440007448196411,0.7763738566577209
S0773,2023,3.651334762573242,1.4985534315800282
S0774,2023,1.4906842708587646,0.9265183392607258
S0775,2023,0.9532226920127869,0.16601828472410185
S0776,2023,1.4602545499801636,0.8311982843008908
S0777,2023,1.7559850215911865,1.0063623650933753
S0778,2023,1.0196681022644043,0.22784324700727407
S0779,2023,4.946422576904297,2.89118279182391
S0780,2023,5.041534900665283,3.3962631082955177
S0781,2023,5.041534900665283,3.1998057969880023
S0792,2023,0.6289451122283936,0.07641993027352047
S0796,2023,0.0,0.0
S0797,2023,0.0,0.0
S0798,2023,0.0,0.0
S0799,2023,0.0,0.0
S0800,2023,0.5115130543708801,0.07400607546395052
S0801,2023,0.0,0.0
S0803,2023,0.0,0.0
S0804,2023,0.0,0.0
S0805,2023,0.4979897141456604,0.07456610310616807
S0808,2023,0.0,0.0
S0809,2023,0.0,0.0
S0813,2023,0.0,0.0
S0814,2023,0.0,0.0
S0815,2023,0.0,0.0
S0816,2023,0.0,0.0
S0817,2023,1.1691243648529053,0.18477308633795914
S0818,2023,0.0,0.0
S0819,2023,0.0,0.0
S0820,2023,0.4709895849227905,0.05684610412099152
S0822,2023,0.5882501006126404,0.10215666679345148
S0823,2023,0.0,0.0
S0824,2023,0.0,0.0
S0825,2023,1.7675342559814453,0.9961781735763718
S0826,2023,0.0,0.0
S0828,2023,1.5672881603240967,0.8158805993682806
S0829,2023,0.0,0.0
S0831,2023,0.0,0.0
S0832,2023,0.0,0.0
S0833,2023,0.0,0.0
S0834,2023,0.0,0.0
S0835,2023,0.0,0.0
S0836,2023,0.0,0.0
S0837,2023,0.0,0.0
S0839,2023,0.0,0.0
S0840,2023,0.0,0.0
S0841,2023,0.0,0.0
S0843,2023,0.39574098587036133,0.02966816048400764
S0845,2023,0.0,0.0
S0846,2023,0.0,0.0
S0847,2023,0.0,0.0
S0848,2023,0.0,0.0
S0849,2023,0.0,0.0
S0850,2023,0.0,0.0
S0851,2023,0.0,0.0
S0852,2023,0.0,0.0
S0854,2023,0.0,0.0
S0856,2023,0.6925126910209656,0.09699863990894836
S0857,2023,0.0,0.0
S0858,2023,0.0,0.0
S0860,2023,0.0,0.0
S0861,2023,0.0,0.0
S0862,2023,0.6925126910209656,0.2651400112428959
S0863,2023,0.0,0.0
S0864,2023,0.0,0.0
S0865,2023,0.0,0.0
S0866,2023,0.0,0.0
S0867,2023,0.0,0.0
S0868,2023,9.891656875610352,3.5141191973856776
S0870,2023,0.6925126910209656,0.1490728822769817
S0871,2023,0.0,0.0
S0872,2023,1.2109986543655396,0.6142935804917781
S0873,2023,1.1488031148910522,0.5257745725794647
S0874,2023,3.093597412109375,1.2715639970114931
S0875,2023,0.6925126910209656,0.17574944351124938
S0876,2023,0.0,0.0
S0879,2023,1.1488031148910522,0.56379255031507
S0881,2023,11.585871696472168,4.301811293291688
S0882,2023,1.3071420192718506,0.1549774342300684
S0883,2023,11.585871696472168,4.200674174457547
S0885,2023,1.3667783737182617,0.9718402541356402
S0886,2023,0.6410841941833496,0.10920594875376327
S0887,2023,0.0,0.0
S0888,2023,0.0,0.0
S0889,2023,1.2860183715820312,0.5231575512444946
S0890,2023,7.007850646972656,3.062185556435697
S0891,2023,11.585871696472168,4.2857600930347175
S0892,2023,1.305698037147522,0.6049134604597766
S0893,2023,6.382364273071289,2.6733816913660324
S0894,2023,4.382748603820801,1.974123227222
S0895,2023,7.007850646972656,2.2840180288542777
S0896,2023,11.585871696472168,4.4452985684425945
S0897,2023,11.585871696472168,5.18186742177474
S0898,2023,11.585871696472168,2.1112271199000525
S0899,2023,9.891656875610352,2.430892793175569
S0900,2023,0.0,0.0
S0902,2023,0.0,0.0
S0903,2023,0.0,0.0
S0904,2023,0.0,0.0
S0905,2023,0.0,0.0
S0906,2023,0.0,0.0
S0907,2023,0.0,0.0
S0908,2023,0.0,0.0
S0909,2023,0.0,0.0
S0910,2023,0.0,0.0
S0912,2023,0.0,0.0
S0914,2023,0.0,0.0
S0915,2023,0.0,0.0
S0916,2023,0.0,0.0
S0917,2023,0.0,0.0
S0918,2023,0.0,0.0
S0919,2023,0.0,0.0
S0920,2023,0.0,0.0
S0921,2023,0.0,0.0
S0922,2023,0.0,0.0
S0924,2023,0.0,0.0
S0925,2023,0.0,0.0
S0926,2023,0.0,0.0
S0927,2023,0.0,0.0
S0928,2023,0.0,0.0
S0929,2023,0.0,0.0
S0930,2023,0.0,0.0
S0931,2023,0.0,0.0
S0934,2023,0.0,0.0
S0936,2023,0.0,0.0
S0938,2023,0.0,0.0
S0939,2023,0.0,0.0
S0940,2023,0.0,0.0
S0941,2023,0.0,0.0
S0942,2023,0.0,0.0
S0943,2023,0.0,0.0
S0944,2023,0.0,0.0
S0945,2023,0.0,0.0
S0946,2023,0.9778074026107788,0.4775771623657596
S0949,2023,0.0,0.0
S0950,2023,0.0,0.0
S0951,2023,0.0,0.0
S0952,2023,0.0,0.0
S0953,2023,0.0,0.0
S0954,2023,0.0,0.0
S0955,2023,0.0,0.0
S0956,2023,0.755543053150177,0.36047921117963705
S0957,2023,0.9778074026107788,0.2587331259299358
S0958,2023,3.96492862701416,2.0903997489945674
S0959,2023,1.1721299886703491,0.3374511725584366
S0960,2023,0.4762190878391266,0.0005967657742344943
S0961,2023,0.0,0.0
S0962,2023,0.0,0.0
S0963,2023,1.066992163658142,0.3967430865802106
S0964,2023,0.755543053150177,0.275514410622535
S0965,2023,0.0,0.0
S0966,2023,1.1721299886703491,0.4158000289420082
S0967,2023,2.915156364440918,1.0104337444963278
S0968,2023,1.8576390743255615,1.2601716295375007
S0969,2023,1.9324990510940552,1.0122290145335042
S0970,2023,1.1530219316482544,0.7422271552981817
S0971,2023,1.2217870950698853,0.7743416018678909
S0972,2023,0.8567380905151367,0.21797223307665306
S0973,2023,2.9274067878723145,1.62895772814676
S0974,2023,1.0689146518707275,0.676331741038161
S0975,2023,1.0689146518707275,0.4634047701254161
S0976,2023,1.456260323524475,0.4543826937862325
S0977,2023,0.7521106600761414,0.033872001298168995
S0978,2023,9.891656875610352,2.574257243605494
S0979,2023,0.8065005540847778,0.33153193303687717
S0980,2023,3.1349334716796875,1.2875473599169072
S0981,2023,1.642901062965393,0.6602436574903596
S0982,2023,6.382364273071289,2.3033970583531422
S0983,2023,1.4353944063186646,0.4227573371546012
S0984,2023,7.0554986000061035,3.6660007919263693
S0985,2023,7.0554986000061035,2.995822796088171
S0986,2023,0.0,0.0
S0987,2023,0.0,0.0
S0988,2023,0.0,0.0
S0989,2023,3.890806198120117,2.4017045458781663
S0990,2023,0.6856845021247864,0.03648091622985396
S0991,2023,7.0554986000061035,2.915391618018982
S0992,2023,3.0310778617858887,0.9317804048999005
S0993,2023,2.5656611919403076,0.9429305493270387
S0994,2023,7.0554986000061035,3.161661053323805
S0995,2023,2.418755292892456,1.4223615754289487
S0996,2023,7.0554986000061035,4.021469404826839
S0997,2023,0.0,0.0
S0998,2023,0.0,0.0
S1000,2023,0.0,0.0
S1002,2023,1.3354419469833374,0.391023974520222
S1003,2023,2.5656611919403076,1.298153554575592
S1004,2023,1.3354419469833374,0.7733705831545649
S1005,2023,1.3354419469833374,0.6621723249017613
S1006,2023,1.4014564752578735,0.8700351421080649
S1007,2023,3.4659552574157715,1.2506890714000225
S1008,2023,0.0,0.0
S1010,2023,2.5656611919403076,0.765294962118981
S1011,2023,0.0,0.0
S1015,2023,0.0,0.0
S1016,2023,0.0,0.0
S1018,2023,0.0,0.0
S1019,2023,0.9887466430664062,0.32716523812289827
S1020,2023,0.0,0.0
S1021,2023,0.0,0.0
S1022,2023,0.0,0.0
S1023,2023,0.5182045698165894,0.024338684325987486
S1024,2023,0.0,0.0
S1025,2023,0.5182045698165894,0.03737442795102067
S1026,2023,0.0,0.0
S1027,2023,0.0,0.0
S1028,2023,0.0,0.0
S1029,2023,0.0,0.0
S1030,2023,0.0,0.0
S1031,2023,0.0,0.0
S1032,2023,0.0,0.0
S1033,2023,0.0,0.0
S1034,2023,0.9887466430664062,0.10868153560139197
S1035,2023,0.0,0.0
S1036,2023,0.0,0.0
S1037,2023,0.0,0.0
S1038,2023,0.0,0.0
S1039,2023,0.0,0.0
S1040,2023,0.0,0.0
S1041,2023,0.0,0.0
S1042,2023,0.0,0.0
S1043,2023,0.0,0.0
S1044,2023,0.0,0.0
S1045,2023,0.0,0.0
S1046,2023,0.0,0.0
S1047,2023,0.0,0.0
S1048,2023,0.0,0.0
S1049,2023,0.0,0.0
S1050,2023,0.0,0.0
S1052,2023,0.0,0.0
S1053,2023,0.0,0.0
S1054,2023,0.0,0.0
S1055,2023,0.0,0.0
S1059,2023,0.0,0.0
S1060,2023,27.966386795043945,4.523218411081971
S1064,2023,0.0,0.0
S1066,2023,7.856103897094727,3.6692332437974366
S1067,2023,7.814855575561523,4.5013878437045225
S1068,2023,8.62565803527832,4.822622645481413
S1069,2023,3.131706714630127,1.5094601015748463
S1070,2023,1.4896847009658813,0.2508145185858993
S1071,2023,5.617636203765869,2.367884501870932
S1072,2023,0.7706762552261353,0.052618516732702174
S1073,2023,0.0,0.0
S1074,2023,0.6693468689918518,0.02212780477717059
S1076,2023,1.4076300859451294,0.7003899915006243
S1078,2023,4.731061935424805,2.2723729940954063
S1079,2023,8.48196029663086,2.6370075105723347
S1080,2023,5.878111839294434,3.0692327747767294
S1081,2023,11.825590133666992,4.73581860881695
S1083,2023,1.2141551971435547,0.2037530710431263
S1091,2023,0.0,0.0
S1092,2023,0.0,0.0
S1093,2023,0.0,0.0
S1094,2023,0.0,0.0
S1097,2023,0.0,0.0
S1102,2023,0.9687052369117737,0.4363011505655263
S1103,2023,0.4308023452758789,0.023326699759851976
S1106,2023,0.0,0.0
S1110,2023,0.0,0.0
S1114,2023,0.0,0.0
S1115,2023,0.7048104405403137,0.33371277467028476
S1116,2023,0.0,0.0
S1117,2023,0.0,0.0
S1118,2023,0.0,0.0
S1119,2023,0.0,0.0
S1120,2023,0.0,0.0
S1121,2023,0.0,0.0
S1122,2023,7.387468338012695,3.3910785504375562
S1127,2023,19.37948989868164,10.881540722117984
S1128,2023,0.0,0.0
S1130,2023,0.0,0.0
S1133,2023,0.0,0.0
S1135,2023,1.257802963256836,0.6015668930743893
S1136,2023,1.7675342559814453,0.988849462012886
S1137,2023,0.0,0.0
S1138,2023,2.830791473388672,1.3060520582433928
S1139,2023,115.19239044189453,57.11459073439315
S1140,2023,34.53966522216797,20.4245089438963
S1141,2023,0.0,0.0
S1142,2023,27.767005920410156,14.544110200340162
S1143,2023,62.58960723876953,35.12690883325878
S1144,2023,10.041336059570312,4.889662197337782
S1145,2023,0.9831083416938782,0.5557242543346083
S1146,2023,4.512160301208496,2.7669149725553193
S1147,2023,12.897926330566406,6.513768465111622
S1148,2023,1.8769245147705078,0.8673086373043689
S1149,2023,12.897926330566406,3.3854612005481113
S1150,2023,2.859412670135498,1.7026497814494364
S1151,2023,1.4043834209442139,0.494914692582436
S1152,2023,2.859412670135498,1.38991659483814
S1153,2023,1.882625699043274,1.2138864070073958
S1154,2023,5.196346759796143,2.9799105101460865
S1155,2023,2.169386386871338,0.9522369193042964
S1156,2023,27.966386795043945,11.241979577719679
S1157,2023,27.966386795043945,9.726028433077209
S1158,2023,27.966386795043945,8.844058859718373
S1159,2023,11.825590133666992,6.588032604459682
S1160,2023,18.295812606811523,6.275198591835108
S1161,2023,12.121071815490723,4.783118293388182
S1162,2023,12.121071815490723,4.606105706381086
S1163,2023,12.121071815490723,4.110575715115511
S1164,2023,55.41377639770508,19.743543014000366
S1165,2023,55.41377639770508,23.535625131341245
S1166,2023,6.723999977111816,3.805959878410014
S1167,2023,6.287963390350342,4.157118374412723
S1168,2023,26.542781829833984,14.484944612375816
S1169,2023,9.336018562316895,5.497544805633428
S1170,2023,115.19239044189453,46.88206925552546
S1171,2023,46.95700454711914,32.487517688350806
S1172,2023,46.95700454711914,34.211631739072374
S1173,2023,53.75860595703125,36.64472373500957
S1174,2023,34.84366226196289,26.069810816769916
S1175,2023,115.19239044189453,56.816108529401575
S1176,2023,47.22996520996094,27.672340122983446
S1177,2023,45.514549255371094,30.8284502220992
S1178,2023,86.37571716308594,43.47022435805025
S1179,2023,86.37571716308594,44.859842604346376
S1180,2023,33.1507682800293,18.995417019658575
S1181,2023,19.361265182495117,7.210341365542115
S1182,2023,27.966386795043945,8.316762427795013
S1183,2023,2.9950873851776123,2.016999564562595
S1184,2023,21.454191207885742,8.747374195825204
S1185,2023,3.835601329803467,2.127312378147235
S1186,2023,3.835601329803467,1.447809606358625
S1187,2023,11.825590133666992,6.793842820248916
S1188,2023,2.7284719944000244,1.9343898124235839
S1189,2023,0.0,0.0
S1190,2023,1.3216779232025146,0.7797971495052443
S1191,2023,0.0,0.0
S1192,2023,0.0,0.0
S1193,2023,0.0,0.0
S1194,2023,0.0,0.0
S1195,2023,18.044071197509766,6.034051646477307
S1198,2023,0.0,0.0
S1203,2023,0.0,0.0
S1205,2023,0.0,0.0
S1207,2023,0.0,0.0
S1208,2023,0.0,0.0
S1209,2023,0.0,0.0
S1210,2023,0.0,0.0
S1211,2023,0.0,0.0
S1212,2023,0.0,0.0
S1213,2023,0.750098705291748,0.1698382965169386
S1214,2023,0.750098705291748,0.2614470816274204
S1215,2023,0.0,0.0
S1216,2023,0.0,0.0
S1217,2023,0.0,0.0
S1220,2023,0.0,0.0
S1221,2023,0.0,0.0
S1222,2023,0.0,0.0
S1223,2023,0.0,0.0
S1224,2023,0.0,0.0
S1226,2023,0.0,0.0
S1227,2023,0.0,0.0
S1228,2023,0.0,0.0
S1229,2023,0.0,0.0
S1230,2023,0.0,0.0
S1231,2023,0.0,0.0
S1232,2023,0.0,0.0
S1233,2023,0.0,0.0
S1235,2023,0.47625595331192017,0.006707830328336905
S1236,2023,0.0,0.0
S1238,2023,0.6012736558914185,0.05187926348357253
S1240,2023,0.0,0.0
S1241,2023,0.0,0.0
S1242,2023,0.0,0.0
S1243,2023,0.0,0.0
S1244,2023,0.0,0.0
S1245,2023,0.0,0.0
S1247,2023,0.0,0.0
S1248,2023,0.0,0.0
S1249,2023,0.0,0.0
S1250,2023,0.49402129650115967,0.07269435186341335
S1251,2023,0.0,0.0
S1252,2023,0.0,0.0
S1253,2023,0.0,0.0
S1254,2023,0.0,0.0
S1255,2023,0.0,0.0
S1256,2023,0.0,0.0
S1257,2023,1.525320053100586,0.7156667590141295
S1259,2023,0.0,0.0
S1262,2023,0.0,0.0
S1263,2023,0.0,0.0
S1264,2023,0.0,0.0
S1265,2023,1.2804248332977295,0.055199088921722886
S1266,2023,0.0,0.0
S1267,2023,0.0,0.0
S1268,2023,0.0,0.0
S1270,2023,0.0,0.0
S1271,2023,0.0,0.0
S1272,2023,0.0,0.0
S1273,2023,0.0,0.0
S1274,2023,0.0,0.0
S1275,2023,0.0,0.0
S1278,2023,0.0,0.0
S1279,2023,1.1392669677734375,0.20627302129626987
S1282,2023,0.0,0.0
S1283,2023,0.0,0.0
S1286,2023,0.0,0.0
S1287,2023,0.0,0.0
S1288,2023,0.5226683020591736,0.08475451035337986
S1289,2023,0.0,0.0
S1290,2023,0.5101680755615234,0.007070045771561269
S1291,2023,0.4466830790042877,0.008829944768519024
S1292,2023,1.0498590469360352,0.026065010907588552
S1293,2023,0.0,0.0
S1294,2023,1.0642955303192139,0.36347740105605586
S1295,2023,0.7305838465690613,0.038722611491777074
S1296,2023,0.0,0.0
S1297,2023,1.3584699630737305,0.3071750104991064
S1299,2023,0.9687215089797974,0.16773164276064156
S1300,2023,0.0,0.0
S1302,2023,0.0,0.0
S1304,2023,0.5558227300643921,0.07365040117921542
S1305,2023,0.0,0.0
S1306,2023,1.7811589241027832,0.15175172567292416
S1307,2023,0.5226683020591736,0.05931893322411485
S1308,2023,0.50291907787323,0.02056605225653347
S1309,2023,0.0,0.0
S1310,2023,0.0,0.0
S1311,2023,0.0,0.0
S1312,2023,0.0,0.0
S1313,2023,0.0,0.0
S1314,2023,1.7811589241027832,0.32809960431389434
S1315,2023,0.0,0.0
S1316,2023,1.0642955303192139,0.22139298710200842
S1317,2023,0.0,0.0
S1318,2023,1.2875771522521973,0.15364682164421695
S1319,2023,22.18020248413086,9.66074580282677
S1320,2023,2.823718786239624,1.7197907402713783
S1321,2023,2.4701502323150635,0.8606910309799839
S1323,2023,2.308619499206543,1.0463359163644401
S1324,2023,2.1102960109710693,1.0525795231515167
S1325,2023,2.6531424522399902,1.465375541059835
S1326,2023,5.72794246673584,3.156594586267345
S1327,2023,6.766534805297852,4.295923078093857
S1328,2023,6.639772415161133,3.595415843469192
S1329,2023,24.052310943603516,10.61915924303032
S1330,2023,24.052310943603516,13.03645378383046
S1331,2023,11.853408813476562,3.282201298967897
S1332,2023,4.749269485473633,1.7978285434034094
S1333,2023,1.0455830097198486,0.592455838995764
S1334,2023,2.5601654052734375,1.2831865618020613
S1335,2023,2.5601654052734375,1.2762075062055236
S1336,2023,2.5601654052734375,1.2309132484904777
S1337,2023,2.5601654052734375,1.094908883498945
S1338,2023,1.7465846538543701,0.6941361036684168
S1339,2023,21.78677749633789,6.920307877719852
S1340,2023,12.253819465637207,4.210682483717574
S1341,2023,12.253819465637207,3.183473565038066
S1342,2023,9.605216979980469,3.091901352045601
S1343,2023,6.440293312072754,1.4933116578374808
S1344,2023,3.736135959625244,1.1390552906076803
S1345,2023,2.5909619331359863,1.5348196999453843
S1346,2023,2.004082202911377,1.111369650051797
S1347,2023,2.004082202911377,1.2097424486310424
S1348,2023,3.478243112564087,1.6808080361378903
S1349,2023,2.6424620151519775,1.0509281640640042
S1350,2023,3.478243112564087,1.5571467738510858
S1351,2023,2.141789674758911,1.2115906257566276
S1352,2023,3.478243112564087,1.181084635968175
S1353,2023,3.478243112564087,1.3604716039541784
S1354,2023,2.6424620151519775,1.2654503826426347
S1355,2023,1.9268032312393188,1.09586595886167
S1356,2023,0.0,0.0
S1357,2023,0.0,0.0
S1359,2023,25.37211799621582,10.186943449023973
S1361,2023,2.373100996017456,0.5497008315448102
S1364,2023,0.0,0.0
S1365,2023,1.2555651664733887,0.9534190508958834
S1366,2023,0.0,0.0
S1367,2023,0.4580662250518799,0.04300375466810123
S1370,2023,0.41656821966171265,0.005629300265698821
S1372,2023,6.440293312072754,2.3392516329458517
S1373,2023,4.731061935424805,2.422140087469915
S1374,2023,2.167818069458008,1.3479160660112912
S1375,2023,2.4009625911712646,1.6605086576150379
S1376,2023,0.0,0.0
S1377,2023,1.6443259716033936,1.0483944082966863
S1378,2023,3.1542582511901855,1.3156517281427655
S1379,2023,0.0,0.0
S1380,2023,3.414904832839966,1.9081796467416554
S1381,2023,6.614277362823486,3.29452471473326
S1382,2023,5.276803016662598,1.6431831033604316
S1383,2023,7.236917972564697,4.218697055602958
S1384,2023,5.18310546875,2.4976333466015364
S1385,2023,7.236917972564697,2.5791900776258765
S1386,2023,2.945852756500244,1.4878073860914558
S1387,2023,9.81316089630127,2.812917392376718
S1388,2023,9.81316089630127,2.1198485237651297
S1389,2023,9.81316089630127,3.5859946456118603
S1390,2023,5.276803016662598,1.749525324779943
S1391,2023,2.5585756301879883,1.773881579420102
S1392,2023,6.23171854019165,3.8741383615853193
S1393,2023,9.229971885681152,5.825154888847474
S1394,2023,10.738222122192383,5.896033337151337
S1395,2023,25.290956497192383,7.157340059121351
S1396,2023,12.133307456970215,6.573099052270752
S1397,2023,12.552545547485352,5.763041425527839
S1398,2023,3.1024668216705322,2.0745286328313353
S1399,2023,12.552545547485352,6.110145069833762
S1400,2023,12.552545547485352,5.624959867502553
S1401,2023,8.929052352905273,3.49683534416977
S1402,2023,2.351147413253784,1.3875420071495175
S1403,2023,18.991764068603516,7.295141369870464
S1404,2023,5.705524444580078,3.1723112187962186
S1405,2023,25.49170684814453,8.672982744170653
S1406,2023,9.34443187713623,2.1889155401485247
S1407,2023,22.062088012695312,10.029961775008985
S1408,2023,6.152974605560303,2.039887391649918
S1409,2023,9.22418212890625,3.0609936840385146
S1410,2023,20.775375366210938,12.734953505321611
S1411,2023,7.413685321807861,2.6970094954597896
S1412,2023,7.413685321807861,2.5088071601806456
S1413,2023,1.9691245555877686,1.4546280936676164
S1414,2023,23.010427474975586,7.9585037179127776
S1415,2023,20.252582550048828,2.3996237029478813
S1416,2023,31.520099639892578,8.965951818783878
S1417,2023,16.91777229309082,10.58592060364584
S1418,2023,16.91777229309082,8.763613415243187
S1419,2023,25.33083152770996,13.529992684048025
S1420,2023,25.33083152770996,9.35065482596992
S1421,2023,1.7448582649230957,0.4084243980127556
S1422,2023,1.2001301050186157,0.04929865312232708
S1423,2023,1.4764330387115479,0.3528991283367183
S1424,2023,6.256213665008545,2.165117423610532
S1425,2023,33.50955581665039,11.379217892782343
S1426,2023,13.96534538269043,3.380796899961298
S1427,2023,2.5942955017089844,1.3655592239048928
S1428,2023,0.0,0.0
S1435,2023,0.6017179489135742,0.07755279420943316
S1436,2023,1.2451890707015991,0.10028585967448805
S1437,2023,2.8946738243103027,1.153677976824952
S1441,2023,4.534998893737793,2.31291714978952
S1442,2023,1.124869704246521,0.613736768404418
S1443,2023,3.1969618797302246,0.9847831699186321
S1444,2023,2.263310670852661,1.1085261897474497
S1446,2023,4.422503471374512,2.128876335862743
S1447,2023,4.4129638671875,2.1471083118192666
S0001,2023,0.0,0.0
S0002,2023,0.0,0.0
S0003,2023,0.0,0.0
S0005,2023,0.0,0.0
S0006,2023,1.249807596206665,0.6828459300473333
S0008,2023,0.0,0.0
S0013,2023,0.0,0.0
S0014,2023,0.0,0.0
S0025,2023,0.0,0.0
S0027,2023,0.0,0.0
S0031,2023,0.0,0.0
S0032,2023,0.0,0.0
S0039,2023,0.0,0.0
S0043,2023,0.0,0.0
S0046,2023,0.0,0.0
S0047,2023,0.0,0.0
S0061,2023,0.0,0.0
S0064,2023,0.0,0.0
S0065,2023,0.0,0.0
S0067,2023,0.619874894618988,0.016807760862244003
S0068,2023,0.0,0.0
S0071,2023,0.0,0.0
S0097,2023,0.0,0.0
S0100,2023,0.0,0.0
S0103,2023,0.0,0.0
S0106,2023,0.0,0.0
S0108,2023,0.0,0.0
S0110,2023,0.0,0.0
S0112,2023,0.0,0.0
S0120,2023,0.5603823065757751,0.0014066703647964232
S0122,2023,0.0,0.0
S0123,2023,0.0,0.0
S0127,2023,0.0,0.0
S0128,2023,0.0,0.0
S0129,2023,0.0,0.0
S0136,2023,0.0,0.0
S0142,2023,0.0,0.0
S0143,2023,0.0,0.0
S0144,2023,0.0,0.0
S0146,2023,0.0,0.0
S0147,2023,0.0,0.0
S0148,2023,0.0,0.0
S0161,2023,0.0,0.0
S0163,2023,0.0,0.0
S0167,2023,0.0,0.0
S0204,2023,0.0,0.0
S0206,2023,0.0,0.0
S0228,2023,0.0,0.0
S0236,2023,0.0,0.0
S0237,2023,0.0,0.0
S0238,2023,0.0,0.0
S0264,2023,0.0,0.0
S0268,2023,0.0,0.0
S0270,2023,0.0,0.0
S0271,2023,0.0,0.0
S0278,2023,0.8459675908088684,0.34839487749214526
S0283,2023,0.0,0.0
S0286,2023,0.0,0.0
S0288,2023,0.0,0.0
S0292,2023,0.0,0.0
S0299,2023,0.0,0.0
S0303,2023,0.0,0.0
S0304,2023,0.0,0.0
S0305,2023,0.0,0.0
S0306,2023,0.0,0.0
S0347,2023,0.0,0.0
S0376,2023,0.0,0.0
S0381,2023,0.0,0.0
S0382,2023,0.0,0.0
S0385,2023,0.0,0.0
S0398,2023,0.0,0.0
S0408,2023,0.0,0.0
S0409,2023,0.5981572270393372,0.1489162208142228
S0415,2023,0.0,0.0
S0425,2023,0.0,0.0
S0426,2023,0.0,0.0
S0427,2023,0.0,0.0
S0431,2023,0.0,0.0
S0435,2023,0.0,0.0
S0436,2023,0.0,0.0
S0437,2023,0.0,0.0
S0438,2023,0.0,0.0
S0439,2023,0.0,0.0
S0440,2023,0.0,0.0
S0441,2023,0.0,0.0
S0442,2023,0.0,0.0
S0446,2023,0.0,0.0
S0447,2023,0.0,0.0
S0448,2023,0.0,0.0
S0451,2023,0.0,0.0
S0452,2023,0.0,0.0
S0454,2023,0.0,0.0
S0457,2023,0.0,0.0
S0458,2023,0.0,0.0
S0461,2023,0.0,0.0
S0467,2023,0.0,0.0
S0468,2023,0.0,0.0
S0469,2023,0.0,0.0
S0473,2023,0.0,0.0
S0478,2023,0.0,0.0
S0479,2023,0.0,0.0
S0480,2023,0.0,0.0
S0481,2023,0.0,0.0
S0482,2023,0.0,0.0
S0483,2023,0.0,0.0
S0484,2023,0.0,0.0
S0485,2023,0.0,0.0
S0486,2023,0.0,0.0
S0489,2023,0.0,0.0
S0491,2023,0.0,0.0
S0494,2023,0.0,0.0
S0498,2023,0.0,0.0
S0502,2023,0.0,0.0
S0514,2023,0.0,0.0
S0517,2023,0.0,0.0
S0518,2023,0.0,0.0
S0519,2023,0.0,0.0
S0520,2023,1.0573393106460571,0.10940013553940177
S0521,2023,0.0,0.0
S0522,2023,0.0,0.0
S0523,2023,0.0,0.0
S0524,2023,0.0,0.0
S0525,2023,0.0,0.0
S0526,2023,0.0,0.0
S0527,2023,0.0,0.0
S0528,2023,0.0,0.0
S0529,2023,0.0,0.0
S0530,2023,0.0,0.0
S0531,2023,0.0,0.0
S0532,2023,0.0,0.0
S0534,2023,0.0,0.0
S0535,2023,0.0,0.0
S0536,2023,0.0,0.0
S0537,2023,0.0,0.0
S0538,2023,0.0,0.0
S0541,2023,0.0,0.0
S0542,2023,0.0,0.0
S0543,2023,0.0,0.0
S0545,2023,0.0,0.0
S0548,2023,0.0,0.0
S0549,2023,0.0,0.0
S0557,2023,0.0,0.0
S0568,2023,0.0,0.0
S0570,2023,0.0,0.0
S0572,2023,0.0,0.0
S0574,2023,0.0,0.0
S0575,2023,0.0,0.0
S0577,2023,0.0,0.0
S0578,2023,0.0,0.0
S0579,2023,0.0,0.0
S0580,2023,0.0,0.0
S0581,2023,0.0,0.0
S0582,2023,0.0,0.0
S0583,2023,0.0,0.0
S0584,2023,0.0,0.0
S0585,2023,0.0,0.0
S0586,2023,0.0,0.0
S0588,2023,0.0,0.0
S0589,2023,0.0,0.0
S0591,2023,0.0,0.0
S0593,2023,0.0,0.0
S0594,2023,0.0,0.0
S0598,2023,0.0,0.0
S0600,2023,0.0,0.0
S0601,2023,0.0,0.0
S0604,2023,0.0,0.0
S0606,2023,0.0,0.0
S0609,2023,0.0,0.0
S0613,2023,0.6234313249588013,0.009495164803032145
S0616,2023,0.0,0.0
S0619,2023,0.0,0.0
S0621,2023,0.0,0.0
S0622,2023,0.0,0.0
S0625,2023,0.0,0.0
S0626,2023,0.0,0.0
S0641,2023,0.0,0.0
S0642,2023,0.0,0.0
S0647,2023,0.0,0.0
S0649,2023,0.0,0.0
S0691,2023,0.0,0.0
S0692,2023,0.0,0.0
S0694,2023,0.0,0.0
S0695,2023,0.0,0.0
S0698,2023,0.0,0.0
S0711,2023,0.0,0.0
S0718,2023,0.0,0.0
S0722,2023,0.0,0.0
S0727,2023,0.0,0.0
S0728,2023,0.0,0.0
S0729,2023,0.0,0.0
S0730,2023,0.0,0.0
S0731,2023,0.0,0.0
S0737,2023,0.0,0.0
S0738,2023,0.0,0.0
S0739,2023,0.0,0.0
S0741,2023,0.0,0.0
S0745,2023,0.0,0.0
S0749,2023,0.0,0.0
S0782,2023,0.0,0.0
S0783,2023,0.0,0.0
S0784,2023,0.0,0.0
S0785,2023,0.0,0.0
S0786,2023,0.0,0.0
S0787,2023,0.0,0.0
S0788,2023,0.0,0.0
S0789,2023,0.0,0.0
S0790,2023,0.0,0.0
S0791,2023,0.0,0.0
S0793,2023,0.0,0.0
S0794,2023,0.0,0.0
S0795,2023,0.0,0.0
S0802,2023,0.0,0.0
S0806,2023,0.0,0.0
S0807,2023,0.0,0.0
S0810,2023,0.0,0.0
S0811,2023,0.0,0.0
S0812,2023,0.0,0.0
S0821,2023,0.0,0.0
S0827,2023,0.0,0.0
S0830,2023,0.0,0.0
S0838,2023,0.0,0.0
S0842,2023,0.0,0.0
S0844,2023,0.0,0.0
S0853,2023,0.687263011932373,0.015174595930257533
S0855,2023,0.0,0.0
S0859,2023,0.0,0.0
S0869,2023,0.0,0.0
S0877,2023,0.0,0.0
S0878,2023,0.0,0.0
S0880,2023,0.0,0.0
S0884,2023,0.0,0.0
S0901,2023,0.0,0.0
S0911,2023,0.0,0.0
S0913,2023,0.0,0.0
S0923,2023,0.0,0.0
S0932,2023,0.0,0.0
S0933,2023,0.0,0.0
S0935,2023,0.0,0.0
S0937,2023,0.0,0.0
S0947,2023,0.0,0.0
S0948,2023,0.0,0.0
S0999,2023,0.0,0.0
S1001,2023,0.0,0.0
S1009,2023,0.0,0.0
S1012,2023,0.0,0.0
S1013,2023,0.0,0.0
S1014,2023,0.0,0.0
S1017,2023,0.0,0.0
S1051,2023,0.0,0.0
S1056,2023,0.0,0.0
S1057,2023,0.0,0.0
S1058,2023,0.0,0.0
S1061,2023,0.0,0.0
S1062,2023,0.0,0.0
S1063,2023,0.0,0.0
S1065,2023,0.0,0.0
S1075,2023,0.0,0.0
S1077,2023,0.0,0.0
S1082,2023,0.0,0.0
S1084,2023,0.0,0.0
S1085,2023,0.0,0.0
S1086,2023,0.0,0.0
S1087,2023,0.0,0.0
S1088,2023,0.0,0.0
S1089,2023,0.0,0.0
S1090,2023,0.0,0.0
S1095,2023,0.0,0.0
S1096,2023,0.0,0.0
S1098,2023,0.0,0.0
S1099,2023,0.0,0.0
S1100,2023,0.0,0.0
S1101,2023,0.0,0.0
S1104,2023,0.0,0.0
S1105,2023,0.0,0.0
S1107,2023,0.0,0.0
S1108,2023,0.0,0.0
S1109,2023,0.0,0.0
S1111,2023,0.0,0.0
S1112,2023,0.0,0.0
S1113,2023,0.0,0.0
S1123,2023,0.0,0.0
S1124,2023,0.0,0.0
S1125,2023,0.0,0.0
S1126,2023,0.0,0.0
S1129,2023,0.0,0.0
S1131,2023,0.0,0.0
S1132,2023,0.0,0.0
S1134,2023,0.0,0.0
S1196,2023,0.0,0.0
S1197,2023,0.0,0.0
S1199,2023,0.0,0.0
S1200,2023,0.0,0.0
S1201,2023,0.0,0.0
S1202,2023,0.0,0.0
S1204,2023,0.0,0.0
S1206,2023,0.0,0.0
S1218,2023,0.0,0.0
S1219,2023,0.0,0.0
S1225,2023,0.0,0.0
S1234,2023,0.0,0.0
S1237,2023,0.0,0.0
S1239,2023,0.0,0.0
S1246,2023,0.0,0.0
S1258,2023,0.0,0.0
S1260,2023,0.0,0.0
S1261,2023,0.0,0.0
S1269,2023,0.0,0.0
S1276,2023,0.0,0.0
S1277,2023,0.0,0.0
S1280,2023,0.0,0.0
S1281,2023,0.0,0.0
S1284,2023,0.0,0.0
S1285,2023,0.0,0.0
S1298,2023,0.0,0.0
S1301,2023,0.0,0.0
S1303,2023,0.0,0.0
S1322,2023,2.4017021656036377,1.072062118301695
S1358,2023,0.5486180782318115,0.22258783237469892
S1360,2023,0.47437751293182373,0.00044766673129772604
S1362,2023,1.467839241027832,0.8571810830375157
S1363,2023,1.6103228330612183,0.8552777945043002
S1368,2023,0.7623145580291748,0.11133717611095958
S1369,2023,0.0,0.0
S1371,2023,0.0,0.0
S1429,2023,0.0,0.0
S1430,2023,0.0,0.0
S1431,2023,0.5890958905220032,0.0807605926210761
S1432,2023,1.0236369371414185,0.4322526481533081
S1433,2023,1.0236369371414185,0.15280136326166585
S1434,2023,0.44731593132019043,0.03593748030455217
S1438,2023,1.135365605354309,0.5128051596255992
S1439,2023,1.002177357673645,0.6603979490629502
S1440,2023,0.0,0.0
S1445,2023,1.4672092199325562,0.6800995237912048
S0000,2024,105.29618072509766,57.33719788224244
S0004,2024,1.518632411956787,0.3964153038124654
S0007,2024,0.0,0.0
S0009,2024,5.316310882568359,2.5406039644004705
S0010,2024,0.5952969193458557,0.23816330769601224
S0011,2024,0.8186208009719849,0.13674135255083214
S0012,2024,0.0,0.0
S0015,2024,2.9362833499908447,1.246837497699615
S0016,2024,4.876499652862549,1.6035140252813038
S0017,2024,1.597955346107483,0.32377141801997494
S0018,2024,1.9542162418365479,0.3852700430097005
S0019,2024,0.0,0.0
S0020,2024,1.843007206916809,0.9038898942520595
S0021,2024,0.48707348108291626,0.016474768542735656
S0022,2024,0.0,0.0
S0023,2024,1.2704309225082397,0.5179243407112549
S0024,2024,1.4047147035598755,0.10692547974501175
S0026,2024,0.9649044871330261,0.4630455193283794
S0028,2024,0.0,0.0
S0029,2024,0.0,0.0
S0030,2024,0.0,0.0
S0033,2024,1.1356524229049683,0.5399977193706058
S0034,2024,1.6050039529800415,0.7066007737298778
S0035,2024,0.0,0.0
S0036,2024,1.0395419597625732,0.5055662509030516
S0037,2024,0.0,0.0
S0038,2024,2.668233871459961,1.0965932186291483
S0040,2024,1.2980846166610718,0.6392007325694226
S0041,2024,0.44751450419425964,0.0011226453538896448
S0042,2024,0.0,0.0
S0044,2024,0.0,0.0
S0045,2024,0.0,0.0
S0048,2024,0.5674716234207153,0.0066068124816131115
S0049,2024,0.0,0.0
S0050,2024,0.0,0.0
S0051,2024,3.290905714035034,1.560136025099218
S0052,2024,0.0,0.0
S0053,2024,0.9220687747001648,0.23206695413964942
S0054,2024,0.0,0.0
S0055,2024,0.0,0.0
S0056,2024,0.0,0.0
S0057,2024,1.0404775142669678,0.16280146552885502
S0058,2024,0.0,0.0
S0059,2024,0.0,0.0
S0060,2024,0.0,0.0
S0062,2024,1.512619972229004,0.7454962919471176
S0063,2024,0.0,0.0
S0066,2024,0.0,0.0
S0069,2024,22.532073974609375,8.674285977910255
S0070,2024,3.916952610015869,2.132798410945069
S0072,2024,2.1677703857421875,1.5234097166447298
S0073,2024,24.852344512939453,4.34018365168001
S0074,2024,0.0,0.0
S0075,2024,0.0,0.0
S0076,2024,0.0,0.0
S0077,2024,0.5478256344795227,0.037562246071075604
S0078,2024,0.0,0.0
S0079,2024,2.451223850250244,0.7472857050013767
S0080,2024,1.5212804079055786,0.6965388102712815
S0081,2024,0.0,0.0
S0082,2024,0.0,0.0
S0083,2024,1.2816078662872314,0.40152295754459943
S0084,2024,1.4785394668579102,0.861016988763612
S0085,2024,0.0,0.0
S0086,2024,3.9166626930236816,0.22525489540550653
S0087,2024,1.0173908472061157,0.1105705662905795
S0088,2024,1.77349853515625,0.8730286953678597
S0089,2024,2.364612102508545,1.2914257866316408
S0090,2024,0.0,0.0
S0091,2024,3.1826653480529785,2.2186353431998804
S0092,2024,2.959343433380127,1.8887412472625724
S0093,2024,0.0,0.0
S0094,2024,0.8041829466819763,0.05201628513384061
S0095,2024,12.89351749420166,4.616622924655163
S0096,2024,1.940566897392273,0.916763530764319
S0098,2024,3.3381850719451904,1.8877160345740744
S0099,2024,4.022220611572266,1.7413975860359234
S0101,2024,2.793588399887085,2.003205246837881
S0102,2024,0.0,0.0
S0104,2024,2.2209064960479736,1.1583353134544674
S0105,2024,1.4218076467514038,0.36884246865033044
S0107,2024,0.0,0.0
S0109,2024,0.6883256435394287,0.03527100908422724
S0111,2024,0.0,0.0
S0113,2024,3.1360623836517334,0.9991288297100708
S0114,2024,1.2196046113967896,0.14321913891613652
S0115,2024,0.0,0.0
S0116,2024,2.350508689880371,1.227506669294973
S0117,2024,3.242757558822632,1.1219598194400033
S0118,2024,2.0827765464782715,0.2317563600976375
S0119,2024,0.5742665529251099,0.02918167552505263
S0121,2024,0.0,0.0
S0124,2024,0.0,0.0
S0125,2024,0.0,0.0
S0126,2024,2.4745070934295654,1.2136119510558316
S0130,2024,0.0,0.0
S0131,2024,23.43447494506836,14.067610061048862
S0132,2024,3.376046895980835,1.0491616394535508
S0133,2024,0.0,0.0
S0134,2024,3.8272452354431152,1.073114193630039
S0135,2024,0.6986098289489746,0.044264103497552595
S0137,2024,1.0801002979278564,0.030775300871777773
S0138,2024,6.950885772705078,3.0793424100616247
S0139,2024,5.5092315673828125,1.8932788388705875
S0140,2024,24.609851837158203,13.629954314846277
S0141,2024,13.825667381286621,7.027992830464712
S0145,2024,0.0,0.0
S0149,2024,0.8636267781257629,0.1604482043941403
S0150,2024,0.0,0.0
S0151,2024,0.0,0.0
S0152,2024,25.72749900817871,12.550140255916348
S0153,2024,5.636145114898682,3.862132372950786
S0154,2024,33.07704544067383,13.709199346339885
S0155,2024,12.095951080322266,6.160106552077613
S0156,2024,22.95923614501953,14.77915235237105
S0157,2024,0.9932202696800232,0.3799698639158918
S0158,2024,14.8756103515625,6.562506864524595
S0159,2024,4.846848487854004,1.2162470973161874
S0160,2024,6.169026851654053,2.9415898175639676
S0162,2024,0.0,0.0
S0164,2024,0.0,0.0
S0165,2024,13.1839599609375,8.289542710370032
S0166,2024,1.6737736463546753,0.6111230302226491
S0168,2024,14.425141334533691,6.305073702935152
S0169,2024,12.827519416809082,7.339484585406381
S0170,2024,29.435163497924805,11.629663330464016
S0171,2024,8.257107734680176,1.3441364731876912
S0172,2024,0.0,0.0
S0173,2024,15.768506050109863,6.098986326748471
S0174,2024,58.08551025390625,25.76625903527343
S0175,2024,25.79072380065918,14.132500748549191
S0176,2024,48.69926834106445,25.017189249358793
S0177,2024,31.31508445739746,16.32653188870181
S0178,2024,0.0,0.0
S0179,2024,1.0057554244995117,0.30202838958039113
S0180,2024,0.6621999144554138,0.09133182877371587
S0181,2024,1.379060983657837,0.6351792636570898
S0182,2024,1.4163715839385986,0.7388751671522146
S0183,2024,0.8961969614028931,0.5877852858650344
S0184,2024,8.643288612365723,4.691263181811964
S0185,2024,0.8779545426368713,0.3017256634874751
S0186,2024,2.0630571842193604,1.0055611620381057
S0187,2024,1.8116285800933838,0.8228568178066
S0188,2024,1.2816078662872314,0.14567190153873855
S0189,2024,1.4803838729858398,0.17468758492698705
S0190,2024,0.0,0.0
S0191,2024,1.5377297401428223,0.804123291177567
S0192,2024,0.0,0.0
S0193,2024,13.391597747802734,6.80640989667235
S0194,2024,24.34058380126953,6.953843047034771
S0195,2024,6.243601322174072,1.6851551876632713
S0196,2024,1.5673311948776245,1.018325051979015
S0197,2024,5.523435592651367,4.045086849993008
S0198,2024,18.886611938476562,10.074555644487239
S0199,2024,8.710527420043945,4.3791032533256375
S0200,2024,10.12263011932373,4.83129820262179
S0201,2024,0.6205205321311951,0.04709565211881075
S0202,2024,0.8354063034057617,0.37985000208606867
S0203,2024,4.202927589416504,2.314514077051095
S0205,2024,0.0,0.0
S0207,2024,0.0,0.0
S0208,2024,48.03389358520508,29.710703832142922
S0209,2024,8.682621002197266,5.521558171314197
S0210,2024,39.321529388427734,16.285392518996595
S0211,2024,44.86949157714844,15.457221534633339
S0212,2024,2.793588399887085,1.3869842577018021
S0213,2024,5.946404933929443,2.418862088177089
S0214,2024,1.574481725692749,0.7195219896393614
S0215,2024,0.8012657165527344,0.21972294852904126
S0216,2024,0.8012657165527344,0.2852202713601501
S0217,2024,46.08850860595703,27.74872648367013
S0218,2024,29.83115577697754,19.030147293460185
S0219,2024,11.293495178222656,6.06268985265075
S0220,2024,0.0,0.0
S0221,2024,6.641867160797119,3.2294233890870423
S0222,2024,44.86949157714844,21.318850687196825
S0223,2024,3.16395902633667,0.7199397338034591
S0224,2024,0.7387999296188354,0.4373913243412971
S0225,2024,7.636542320251465,3.570928015835
S0226,2024,6.984463691711426,2.7353135420168746
S0227,2024,10.864424705505371,4.192024327814579
S0229,2024,5.496768951416016,2.546216361559377
S0230,2024,2.3965797424316406,0.3599921710065166
S0231,2024,1.158994436264038,0.5595309559570273
S0232,2024,0.7709206938743591,0.45383259966768186
S0233,2024,0.4892258048057556,0.004763190938749506
S0234,2024,2.707592010498047,1.322741884051199
S0235,2024,2.707592010498047,1.4793123445501903
S0239,2024,0.0,0.0
S0240,2024,0.0,0.0
S0241,2024,0.9413424134254456,0.21443960581933552
S0242,2024,0.0,0.0
S0243,2024,0.0,0.0
S0244,2024,0.6222947835922241,0.1714954297951033
S0245,2024,0.9442119002342224,0.2111570227640669
S0246,2024,22.95923614501953,9.921459960982457
S0247,2024,22.95923614501953,4.841014431636535
S0248,2024,22.95923614501953,9.432805798929136
S0249,2024,5.416650295257568,2.358484646527227
S0250,2024,5.769425392150879,3.9347418777362115
S0251,2024,8.878446578979492,3.1622469916944413
S0252,2024,2.472675323486328,0.8230338873200197
S0253,2024,10.749042510986328,4.061550890746696
S0254,2024,14.202596664428711,6.624577111921341
S0255,2024,2.2679693698883057,1.5234204835179381
S0256,2024,2.2242650985717773,1.414712081542773
S0257,2024,6.8326873779296875,3.254716691944666
S0258,2024,21.461347579956055,10.059490083601782
S0259,2024,3.0244781970977783,1.6949546691564124
S0260,2024,0.0,0.0
S0261,2024,0.8354063034057617,0.43238889252761714
S0262,2024,0.7694552540779114,0.34336331549433846
S0263,2024,0.0,0.0
S0265,2024,0.0,0.0
S0266,2024,0.0,0.0
S0267,2024,0.0,0.0
S0269,2024,0.0,0.0
S0272,2024,2.2888545989990234,0.9230560201807102
S0273,2024,1.2090339660644531,0.7693193220569869
S0274,2024,1.525089144706726,0.9226884633508479
S0275,2024,2.030454158782959,0.5630021526841092
S0276,2024,0.0,0.0
S0277,2024,0.0,0.0
S0279,2024,0.6800858974456787,0.381158933593304
S0280,2024,0.5953508019447327,0.04474417272123318
S0281,2024,1.7018094062805176,0.8849329747504472
S0282,2024,0.0,0.0
S0284,2024,0.0,0.0
S0285,2024,0.0,0.0
S0287,2024,0.0,0.0
S0289,2024,0.0,0.0
S0290,2024,0.0,0.0
S0291,2024,0.0,0.0
S0293,2024,0.0,0.0
S0294,2024,0.0,0.0
S0295,2024,0.0,0.0
S0296,2024,0.0,0.0
S0297,2024,0.0,0.0
S0298,2024,3.7213943004608154,2.355319821239827
S0300,2024,49.903892517089844,16.535285546585992
S0301,2024,24.038049697875977,13.269317514468849
S0302,2024,6.420581817626953,2.6649713135023316
S0307,2024,0.0,0.0
S0308,2024,2.703817844390869,1.6886832664644351
S0309,2024,5.004322528839111,2.815197801956879
S0310,2024,0.0,0.0
S0311,2024,3.3381850719451904,0.970649497589377
S0312,2024,0.0,0.0
S0313,2024,0.0,0.0
S0314,2024,0.0,0.0
S0315,2024,1.2936230897903442,0.3796747945447919
S0316,2024,0.9052965641021729,0.47427014664686534
S0317,2024,0.0,0.0
S0318,2024,0.9052965641021729,0.47832294161296623
S0319,2024,1.5589064359664917,0.7194849958722019
S0320,2024,1.1270092725753784,0.5087332776069041
S0321,2024,1.3185127973556519,0.5532742037023902
S0322,2024,1.3185127973556519,0.35136852208940683
S0323,2024,0.0,0.0
S0324,2024,0.0,0.0
S0325,2024,0.0,0.0
S0326,2024,0.7475531101226807,0.06602650375388631
S0327,2024,1.197021722793579,0.5828171166657953
S0328,2024,1.197021722793579,0.3356694745543307
S0329,2024,0.0,0.0
S0330,2024,0.0,0.0
S0331,2024,0.0,0.0
S0332,2024,0.0,0.0
S0333,2024,0.0,0.0
S0334,2024,0.0,0.0
S0335,2024,0.0,0.0
S0336,2024,0.0,0.0
S0337,2024,0.0,0.0
S0338,2024,0.0,0.0
S0339,2024,1.5589064359664917,0.6779314348575128
S0340,2024,1.5589064359664917,0.6400182534824745
S0341,2024,0.5425668954849243,0.01890298976736554
S0342,2024,0.0,0.0
S0343,2024,0.923757791519165,0.3676289505486796
S0344,2024,0.923757791519165,0.45940578452698755
S0345,2024,0.8012657165527344,0.09275579642861355
S0346,2024,0.7181304693222046,0.15148248929212274
S0348,2024,0.8088783621788025,0.2694508368248913
S0349,2024,3.794339656829834,1.9270017078038493
S0350,2024,1.8083258867263794,1.246332131557351
S0351,2024,0.7476616501808167,0.3923434297561795
S0352,2024,0.7476616501808167,0.41036061135256247
S0353,2024,0.0,0.0
S0354,2024,0.0,0.0
S0355,2024,0.0,0.0
S0356,2024,0.0,0.0
S0357,2024,0.0,0.0
S0358,2024,1.0955705642700195,0.3812449098478153
S0359,2024,0.0,0.0
S0360,2024,1.2329013347625732,0.5099424522932277
S0361,2024,1.7350748777389526,0.9440836636422754
S0362,2024,4.851832866668701,1.396348339461145
S0363,2024,0.498088538646698,0.04036091359618315
S0364,2024,1.0671030282974243,0.3145523795220005
S0365,2024,0.0,0.0
S0366,2024,0.9052965641021729,0.3801495147743255
S0367,2024,0.0,0.0
S0368,2024,0.0,0.0
S0369,2024,0.0,0.0
S0370,2024,0.8702908158302307,0.11401953164813587
S0371,2024,2.1851794719696045,1.092173406331794
S0372,2024,1.2936230897903442,0.48169015298504797
S0373,2024,2.1851794719696045,0.7048138607272268
S0374,2024,0.8962708115577698,0.5077012409732228
S0375,2024,0.0,0.0
S0377,2024,0.0,0.0
S0378,2024,0.0,0.0
S0379,2024,0.0,0.0
S0380,2024,0.0,0.0
S0383,2024,0.0,0.0
S0384,2024,1.1239681243896484,0.13777088776380572
S0386,2024,0.0,0.0
S0387,2024,0.0,0.0
S0388,2024,0.516679048538208,0.031611557734214646
S0389,2024,2.0981221199035645,1.1050806647090703
S0390,2024,1.7253257036209106,0.9369187116604243
S0391,2024,0.0,0.0
S0392,2024,0.0,0.0
S0393,2024,1.8215887546539307,0.6164873097426757
S0394,2024,0.46730849146842957,0.03719722871607055
S0395,2024,0.0,0.0
S0396,2024,0.0,0.0
S0397,2024,0.6813459992408752,0.0864332419051489
S0399,2024,0.0,0.0
S0400,2024,0.0,0.0
S0401,2024,0.0,0.0
S0402,2024,0.0,0.0
S0403,2024,1.2766250371932983,0.2176962820383219
S0404,2024,0.0,0.0
S0405,2024,0.0,0.0
S0406,2024,0.0,0.0
S0407,2024,0.0,0.0
S0410,2024,0.0,0.0
S0411,2024,1.2233858108520508,0.4627808552717215
S0412,2024,1.2233858108520508,0.7136007562793534
S0413,2024,0.0,0.0
S0414,2024,1.7304896116256714,0.8680032738959904
S0416,2024,0.0,0.0
S0417,2024,0.0,0.0
S0418,2024,0.0,0.0
S0419,2024,0.0,0.0
S0420,2024,0.0,0.0
S0421,2024,0.0,0.0
S0422,2024,0.0,0.0
S0423,2024,0.0,0.0
S0424,2024,0.0,0.0
S0428,2024,0.0,0.0
S0429,2024,6.9065165519714355,3.801577402869263
S0430,2024,0.0,0.0
S0432,2024,0.0,0.0
S0433,2024,0.0,0.0
S0434,2024,0.0,0.0
S0443,2024,0.0,0.0
S0444,2024,0.0,0.0
S0445,2024,0.0,0.0
S0449,2024,4.026389122009277,2.546143789347133
S0450,2024,2.8441338539123535,1.486376696907655
S0453,2024,8.257107734680176,1.6666783552530626
S0455,2024,0.0,0.0
S0456,2024,1.6737736463546753,0.38663923504171815
S0459,2024,0.0,0.0
S0460,2024,0.0,0.0
S0462,2024,0.0,0.0
S0463,2024,0.0,0.0
S0464,2024,0.8945490717887878,0.5887735776188909
S0465,2024,0.0,0.0
S0466,2024,1.379060983657837,0.31790384935353005
S0470,2024,8.255510330200195,4.163537556659061
S0471,2024,12.0679292678833,6.059083552616064
S0472,2024,1.07986319065094,0.6269379409227935
S0474,2024,0.0,0.0
S0475,2024,0.0,0.0
S0476,2024,0.0,0.0
S0477,2024,0.0,0.0
S0487,2024,0.0,0.0
S0488,2024,0.0,0.0
S0490,2024,0.0,0.0
S0492,2024,0.0,0.0
S0493,2024,0.0,0.0
S0495,2024,0.0,0.0
S0496,2024,0.0,0.0
S0497,2024,0.0,0.0
S0499,2024,0.0,0.0
S0500,2024,0.0,0.0
S0501,2024,0.7338410019874573,0.029422978005291044
S0503,2024,1.1375648975372314,0.1854796400968579
S0504,2024,1.180356502532959,0.7301073802052375
S0505,2024,0.0,0.0
S0506,2024,0.6150162816047668,0.018298817502911804
S0507,2024,0.0,0.0
S0508,2024,1.527011513710022,0.46933911866362
S0509,2024,0.0,0.0
S0510,2024,0.0,0.0
S0511,2024,1.10170316696167,0.15954465200029427
S0512,2024,0.0,0.0
S0513,2024,0.0,0.0
S0515,2024,0.0,0.0
S0516,2024,1.180356502532959,0.7081667318410156
S0533,2024,0.0,0.0
S0539,2024,0.0,0.0
S0540,2024,0.0,0.0
S0544,2024,0.0,0.0
S0546,2024,0.0,0.0
S0547,2024,0.0,0.0
S0550,2024,0.0,0.0
S0551,2024,0.0,0.0
S0552,2024,0.0,0.0
S0553,2024,0.0,0.0
S0554,2024,0.0,0.0
S0555,2024,0.0,0.0
S0556,2024,0.0,0.0
S0558,2024,0.0,0.0
S0559,2024,0.0,0.0
S0560,2024,0.0,0.0
S0561,2024,0.0,0.0
S0562,2024,0.0,0.0
S0563,2024,0.0,0.0
S0564,2024,0.0,0.0
S0565,2024,0.0,0.0
S0566,2024,0.0,0.0
S0567,2024,0.0,0.0
S0569,2024,0.0,0.0
S0571,2024,0.0,0.0
S0573,2024,0.0,0.0
S0576,2024,0.0,0.0
S0587,2024,0.0,0.0
S0590,2024,0.0,0.0
S0592,2024,0.0,0.0
S0595,2024,0.0,0.0
S0596,2024,0.0,0.0
S0597,2024,0.0,0.0
S0599,2024,0.0,0.0
S0602,2024,0.0,0.0
S0603,2024,0.0,0.0
S0605,2024,0.0,0.0
S0607,2024,0.0,0.0
S0608,2024,0.0,0.0
S0610,2024,0.0,0.0
S0611,2024,0.0,0.0
S0612,2024,0.6864059567451477,0.08307771956830881
S0614,2024,0.0,0.0
S0615,2024,0.7731257081031799,0.42810304922092485
S0617,2024,0.0,0.0
S0618,2024,0.0,0.0
S0620,2024,0.0,0.0
S0623,2024,0.0,0.0
S0624,2024,0.0,0.0
S0627,2024,0.0,0.0
S0628,2024,0.0,0.0
S0629,2024,0.0,0.0
S0630,2024,0.0,0.0
S0631,2024,0.0,0.0
S0632,2024,0.0,0.0
S0633,2024,0.0,0.0
S0634,2024,0.0,0.0
S0635,2024,0.0,0.0
S0636,2024,0.0,0.0
S0637,2024,0.0,0.0
S0638,2024,0.0,0.0
S0639,2024,0.0,0.0
S0640,2024,0.0,0.0
S0643,2024,0.0,0.0
S0644,2024,0.0,0.0
S0645,2024,0.0,0.0
S0646,2024,0.0,0.0
S0648,2024,1.0147759914398193,0.23792437634204003
S0650,2024,0.0,0.0
S0651,2024,0.8080142736434937,0.15380454856390308
S0652,2024,0.0,0.0
S0653,2024,4.415462493896484,0.5902229377791637
S0654,2024,0.0,0.0
S0655,2024,1.0252066850662231,0.31687715743933675
S0656,2024,2.3498642444610596,1.4935442832051493
S0657,2024,3.9631383419036865,1.9197221541644789
S0658,2024,1.8657912015914917,0.6405515104233471
S0659,2024,1.0252066850662231,0.35246526512338117
S0660,2024,1.2295572757720947,0.1360952918432349
S0661,2024,0.0,0.0
S0662,2024,1.0252066850662231,0.015800038542793937
S0663,2024,0.9026976823806763,0.0916960691835716
S0664,2024,1.9605964422225952,1.0742712492963076
S0665,2024,0.8639388084411621,0.08295184493965707
S0666,2024,0.0,0.0
S0667,2024,1.5583322048187256,0.4955937353888276
S0668,2024,1.6666367053985596,0.7773579821649411
S0669,2024,0.0,0.0
S0670,2024,1.5583322048187256,0.8534845725899967
S0671,2024,0.597459077835083,0.019290998437935285
S0672,2024,0.0,0.0
S0673,2024,0.7502053380012512,0.00872331788373548
S0674,2024,1.6666367053985596,0.7009677807153598
S0675,2024,1.6666367053985596,1.0052900825976576
S0676,2024,1.6666367053985596,0.8051903061884738
S0677,2024,1.0835984945297241,0.360928962372206
S0678,2024,1.512619972229004,0.7447748901296135
S0679,2024,1.7338372468948364,1.2122091756477644
S0680,2024,1.0723634958267212,0.43131637472280754
S0681,2024,1.0723634958267212,0.6643725834359342
S0682,2024,1.7330485582351685,0.9792407303907915
S0683,2024,1.5583322048187256,1.0648705285626288
S0684,2024,1.6666367053985596,0.972557408195293
S0685,2024,1.9605964422225952,1.1931201319807159
S0686,2024,1.8237178325653076,1.3745949542529938
S0687,2024,1.9605964422225952,1.311168487921718
S0688,2024,1.7338372468948364,0.5196116470406723
S0689,2024,1.7338372468948364,1.1586237966601436
S0690,2024,0.0,0.0
S0693,2024,0.0,0.0
S0696,2024,0.0,0.0
S0697,2024,0.0,0.0
S0699,2024,0.0,0.0
S0700,2024,0.0,0.0
S0701,2024,0.0,0.0
S0702,2024,0.0,0.0
S0703,2024,0.0,0.0
S0704,2024,0.0,0.0
S0705,2024,0.0,0.0
S0706,2024,0.0,0.0
S0707,2024,0.6238633990287781,0.03759628770041601
S0708,2024,1.0999685525894165,0.10528793059977852
S0709,2024,1.7502385377883911,1.164091334024163
S0710,2024,1.4604631662368774,0.2315082935451078
S0712,2024,0.0,0.0
S0713,2024,1.7502385377883911,1.1355808770395
S0714,2024,0.0,0.0
S0715,2024,0.8203188180923462,0.06888782057167975
S0716,2024,0.0,0.0
S0717,2024,1.0353310108184814,0.045450533999771364
S0719,2024,0.0,0.0
S0720,2024,1.6234502792358398,0.869234966925127
S0721,2024,1.6234502792358398,0.755794739182199
S0723,2024,1.4604631662368774,0.37505483346958823
S0724,2024,0.0,0.0
S0725,2024,0.0,0.0
S0726,2024,0.0,0.0
S0732,2024,0.0,0.0
S0733,2024,0.0,0.0
S0734,2024,0.0,0.0
S0735,2024,0.7606930732727051,0.10897795288914051
S0736,2024,1.7502385377883911,1.0743791424322637
S0740,2024,0.0,0.0
S0742,2024,0.0,0.0
S0743,2024,0.0,0.0
S0744,2024,0.0,0.0
S0746,2024,0.0,0.0
S0747,2024,0.0,0.0
S0748,2024,0.0,0.0
S0750,2024,0.0,0.0
S0751,2024,0.0,0.0
S0752,2024,0.9220687747001648,0.22724396241693998
S0753,2024,0.7606930732727051,0.09475853798261188
S0754,2024,0.7606930732727051,0.10853445588134403
S0755,2024,0.6115490794181824,0.045770025440731894
S0756,2024,1.4208803176879883,0.2310262668541521
S0757,2024,1.7777609825134277,1.156073422844449
S0758,2024,1.0678149461746216,0.3456771985919793
S0759,2024,0.7832134366035461,0.014494853437769522
S0760,2024,1.6017334461212158,1.2325777479142437
S0761,2024,10.2810697555542,4.013510458963882
S0762,2024,10.2810697555542,3.83958529106048
S0763,2024,2.7991933822631836,1.3193282015804069
S0764,2024,10.164464950561523,1.9743157711256547
S0765,2024,7.183821678161621,3.7232603342929234
S0766,2024,1.6017334461212158,1.1618007819979272
S0767,2024,1.202569603919983,0.3533817747652455
S0768,2024,3.742311477661133,0.9248840917784903
S0769,2024,1.0640594959259033,0.14787788884846242
S0770,2024,1.7173901796340942,1.2257636056943506
S0771,2024,1.6087950468063354,0.8525421142015818
S0772,2024,3.4164888858795166,1.1555822834353822
S0773,2024,4.109210968017578,1.80715158585473
S0774,2024,1.8040958642959595,1.1934845856119003
S0775,2024,0.8542878031730652,0.06841961279226419
S0776,2024,1.8040958642959595,1.2652733710305444
S0777,2024,1.8891894817352295,1.2734972150765402
S0778,2024,1.1532143354415894,0.15644404741953005
S0779,2024,4.575873851776123,3.046715077764381
S0780,2024,4.65729284286499,3.195765717991953
S0781,2024,4.65729284286499,3.268590219274449
S0792,2024,0.60502028465271,0.007125628812676946
S0796,2024,0.0,0.0
S0797,2024,0.0,0.0
S0798,2024,0.0,0.0
S0799,2024,0.0,0.0
S0800,2024,0.0,0.0
S0801,2024,0.0,0.0
S0803,2024,0.0,0.0
S0804,2024,0.0,0.0
S0805,2024,0.0,0.0
S0808,2024,0.0,0.0
S0809,2024,0.0,0.0
S0813,2024,0.0,0.0
S0814,2024,0.0,0.0
S0815,2024,0.0,0.0
S0816,2024,0.0,0.0
S0817,2024,1.232900857925415,0.19239493061598362
S0818,2024,0.0,0.0
S0819,2024,0.0,0.0
S0820,2024,0.0,0.0
S0822,2024,0.5034587979316711,0.02073344939611723
S0823,2024,0.0,0.0
S0824,2024,0.0,0.0
S0825,2024,1.616913080215454,0.8624580818439062
S0826,2024,0.0,0.0
S0828,2024,1.3969624042510986,0.7348750511755343
S0829,2024,0.0,0.0
S0831,2024,0.0,0.0
S0832,2024,0.0,0.0
S0833,2024,0.0,0.0
S0834,2024,0.0,0.0
S0835,2024,0.0,0.0
S0836,2024,0.0,0.0
S0837,2024,0.0,0.0
S0839,2024,0.0,0.0
S0840,2024,0.0,0.0
S0841,2024,0.0,0.0
S0843,2024,0.0,0.0
S0845,2024,0.0,0.0
S0846,2024,0.0,0.0
S0847,2024,0.0,0.0
S0848,2024,0.0,0.0
S0849,2024,0.0,0.0
S0850,2024,0.0,0.0
S0851,2024,0.0,0.0
S0852,2024,0.0,0.0
S0854,2024,0.0,0.0
S0856,2024,0.5478256344795227,0.029004552702706562
S0857,2024,0.0,0.0
S0858,2024,0.0,0.0
S0860,2024,0.0,0.0
S0861,2024,0.0,0.0
S0862,2024,0.5478256344795227,0.043819177161944264
S0863,2024,0.0,0.0
S0864,2024,0.0,0.0
S0865,2024,0.0,0.0
S0866,2024,0.0,0.0
S0867,2024,0.0,0.0
S0868,2024,11.163236618041992,3.8462635111502053
S0870,2024,0.5478256344795227,0.01655374910608567
S0871,2024,0.0,0.0
S0872,2024,0.9532294869422913,0.4789965940006836
S0873,2024,0.9935950636863708,0.17563982024835573
S0874,2024,2.9508917331695557,1.1789290088962785
S0875,2024,0.5478256344795227,0.04391560414721103
S0876,2024,0.0,0.0
S0879,2024,0.9935950636863708,0.06672977712934655
S0881,2024,14.425141334533691,4.525790711593388
S0882,2024,1.403557538986206,0.09590593504763116
S0883,2024,14.425141334533691,4.849915640539743
S0885,2024,1.3168745040893555,0.8206752920972892
S0886,2024,0.6288331151008606,0.09902713228399891
S0887,2024,0.0,0.0
S0888,2024,0.0,0.0
S0889,2024,1.1660865545272827,0.23444571660281946
S0890,2024,6.268531322479248,3.054558913973474
S0891,2024,14.425141334533691,4.796105781454869
S0892,2024,1.3815333843231201,0.6165367907968758
S0893,2024,7.305160999298096,2.8336422011905316
S0894,2024,4.160252571105957,1.7958985647938124
S0895,2024,5.905270576477051,2.0783402769824018
S0896,2024,14.425141334533691,4.963126935504162
S0897,2024,14.425141334533691,5.757341786719698
S0898,2024,14.425141334533691,1.9665489173406643
S0899,2024,11.163236618041992,2.78494779021015
S0900,2024,0.0,0.0
S0902,2024,0.0,0.0
S0903,2024,0.0,0.0
S0904,2024,0.0,0.0
S0905,2024,0.0,0.0
S0906,2024,0.0,0.0
S0907,2024,0.0,0.0
S0908,2024,0.0,0.0
S0909,2024,0.0,0.0
S0910,2024,0.0,0.0
S0912,2024,0.0,0.0
S0914,2024,0.0,0.0
S0915,2024,0.0,0.0
S0916,2024,0.0,0.0
S0917,2024,0.0,0.0
S0918,2024,0.0,0.0
S0919,2024,0.0,0.0
S0920,2024,0.0,0.0
S0921,2024,0.0,0.0
S0922,2024,0.0,0.0
S0924,2024,0.0,0.0
S0925,2024,0.0,0.0
S0926,2024,0.0,0.0
S0927,2024,0.0,0.0
S0928,2024,0.0,0.0
S0929,2024,0.0,0.0
S0930,2024,0.0,0.0
S0931,2024,0.0,0.0
S0934,2024,0.0,0.0
S0936,2024,0.0,0.0
S0938,2024,0.0,0.0
S0939,2024,0.0,0.0
S0940,2024,0.0,0.0
S0941,2024,0.0,0.0
S0942,2024,0.0,0.0
S0943,2024,0.0,0.0
S0944,2024,0.0,0.0
S0945,2024,0.0,0.0
S0946,2024,0.9128553867340088,0.4037888351556017
S0949,2024,0.0,0.0
S0950,2024,0.0,0.0
S0951,2024,0.0,0.0
S0952,2024,0.0,0.0
S0953,2024,0.0,0.0
S0954,2024,0.0,0.0
S0955,2024,0.0,0.0
S0956,2024,0.4805910587310791,0.030162690388898575
S0957,2024,0.9128553867340088,0.207744541088765
S0958,2024,4.187412738800049,2.136274705651791
S0959,2024,0.8231637477874756,0.019083370092817412
S0960,2024,0.0,0.0
S0961,2024,0.0,0.0
S0962,2024,0.0,0.0
S0963,2024,1.0288970470428467,0.30357750586743626
S0964,2024,0.579326868057251,0.14903815013855823
S0965,2024,0.0,0.0
S0966,2024,0.0,0.0
S0967,2024,4.252880573272705,0.8689102128681934
S0968,2024,1.5699145793914795,1.0748583380983974
S0969,2024,4.252880573272705,1.03982651179521
S0970,2024,1.2516252994537354,0.7158386454079884
S0971,2024,1.2516252994537354,0.6473069400875572
S0972,2024,0.8526596426963806,0.146842391984707
S0973,2024,3.0413968563079834,1.755931290336602
S0974,2024,1.2516252994537354,0.6528421539497974
S0975,2024,1.2516252994537354,0.3858927515980592
S0976,2024,1.5411350727081299,0.9730057239532472
S0977,2024,0.0,0.0
S0978,2024,11.163236618041992,2.826929557689335
S0979,2024,1.1486198902130127,0.27337199720384486
S0980,2024,3.032099485397339,1.02116266320333
S0981,2024,1.8237546682357788,1.1696886027311881
S0982,2024,7.305160999298096,2.401150139164122
S0983,2024,1.6359130144119263,0.8405328614632588
S0984,2024,8.643288612365723,4.433904561372387
S0985,2024,8.643288612365723,3.7050827654150447
S0986,2024,0.0,0.0
S0987,2024,0.0,0.0
S0988,2024,0.0,0.0
S0989,2024,4.367552757263184,2.850200116428512
S0990,2024,0.6865458488464355,0.021880937044632464
S0991,2024,8.643288612365723,3.370933606599962
S0992,2024,4.400824069976807,0.7536431281906149
S0993,2024,2.597203016281128,0.8991641666499312
S0994,2024,8.643288612365723,3.796077481748764
S0995,2024,2.034935235977173,1.3072342245752857
S0996,2024,8.643288612365723,4.817301330986837
S0997,2024,0.0,0.0
S0998,2024,0.0,0.0
S1000,2024,0.0,0.0
S1002,2024,1.1962478160858154,0.3861147493572163
S1003,2024,2.597203016281128,1.4950099088650608
S1004,2024,1.1962478160858154,0.6880804412977822
S1005,2024,1.1962478160858154,0.6226220256163012
S1006,2024,1.729718804359436,0.9317919260205539
S1007,2024,4.101335048675537,1.4627636431020594
S1008,2024,0.0,0.0
S1010,2024,2.597203016281128,0.884087063229797
S1011,2024,0.0,0.0
S1015,2024,0.0,0.0
S1016,2024,0.0,0.0
S1018,2024,0.0,0.0
S1019,2024,0.8694077730178833,0.2940349396851381
S1020,2024,0.0,0.0
S1021,2024,0.0,0.0
S1022,2024,0.0,0.0
S1023,2024,0.45184770226478577,0.021823813246618032
S1024,2024,0.0,0.0
S1025,2024,0.45184770226478577,0.009339789649068547
S1026,2024,0.0,0.0
S1027,2024,0.0,0.0
S1028,2024,0.0,0.0
S1029,2024,0.0,0.0
S1030,2024,0.0,0.0
S1031,2024,0.0,0.0
S1032,2024,0.0,0.0
S1033,2024,0.0,0.0
S1034,2024,0.8694077730178833,0.1348259525143809
S1035,2024,0.0,0.0
S1036,2024,0.0,0.0
S1037,2024,0.0,0.0
S1038,2024,0.0,0.0
S1039,2024,0.0,0.0
S1040,2024,0.0,0.0
S1041,2024,0.0,0.0
S1042,2024,0.0,0.0
S1043,2024,0.0,0.0
S1044,2024,0.0,0.0
S1045,2024,0.0,0.0
S1046,2024,0.0,0.0
S1047,2024,0.0,0.0
S1048,2024,0.0,0.0
S1049,2024,0.0,0.0
S1050,2024,0.0,0.0
S1052,2024,0.0,0.0
S1053,2024,0.0,0.0
S1054,2024,0.0,0.0
S1055,2024,0.0,0.0
S1059,2024,0.0,0.0
S1060,2024,33.07704544067383,5.301822768890508
S1064,2024,0.0,0.0
S1066,2024,7.762442588806152,3.9845221663843406
S1067,2024,8.436681747436523,4.4594323734504675
S1068,2024,10.745884895324707,5.0645855876677075
S1069,2024,4.029655933380127,1.726718302428199
S1070,2024,1.8274860382080078,0.5449740117457283
S1071,2024,4.697009086608887,2.5089846907400877
S1072,2024,0.8169550895690918,0.0208157792560857
S1073,2024,0.0,0.0
S1074,2024,0.5485575795173645,0.0050057173713038295
S1076,2024,1.7338372468948364,0.840188836403067
S1078,2024,4.156486511230469,2.266540184588874
S1079,2024,9.353158950805664,2.872056067625582
S1080,2024,5.5693359375,3.26867617910082
S1081,2024,11.900498390197754,5.1357758436434064
S1083,2024,1.5834156274795532,0.22984035670869965
S1091,2024,0.0,0.0
S1092,2024,0.0,0.0
S1093,2024,0.0,0.0
S1094,2024,0.0,0.0
S1097,2024,0.0,0.0
S1102,2024,1.2153844833374023,0.5145194178379522
S1103,2024,0.4247490167617798,0.031751935246964576
S1106,2024,0.0,0.0
S1110,2024,0.0,0.0
S1114,2024,0.0,0.0
S1115,2024,0.0,0.0
S1116,2024,0.0,0.0
S1117,2024,0.0,0.0
S1118,2024,0.0,0.0
S1119,2024,0.0,0.0
S1120,2024,0.0,0.0
S1121,2024,0.0,0.0
S1122,2024,8.29757022857666,3.460921562681767
S1127,2024,19.342267990112305,10.612804122138444
S1128,2024,0.0,0.0
S1130,2024,0.0,0.0
S1133,2024,0.0,0.0
S1135,2024,1.391400933265686,0.4998240867906463
S1136,2024,1.616913080215454,0.8752117410909421
S1137,2024,0.0,0.0
S1138,2024,2.612673044204712,1.192351180961919
S1139,2024,105.29618072509766,58.2648362800404
S1140,2024,32.7143669128418,20.12512246220882
S1141,2024,0.0,0.0
S1142,2024,29.435163497924805,15.513946973751079
S1143,2024,67.46533203125,35.28010823928272
S1144,2024,10.196889877319336,4.9989369131113355
S1145,2024,0.9154907464981079,0.47774771404303734
S1146,2024,3.293119192123413,2.131137069465601
S1147,2024,12.095951080322266,5.980293798614819
S1148,2024,2.0456600189208984,0.8617222878601546
S1149,2024,12.095951080322266,3.244023012034278
S1150,2024,3.583081007003784,1.908337097545995
S1151,2024,1.3659075498580933,0.24825958401254078
S1152,2024,3.583081007003784,1.5763029836510356
S1153,2024,2.723663330078125,1.9433784155622151
S1154,2024,5.636145114898682,3.3916539286040543
S1155,2024,2.1455814838409424,0.9203780275317608
S1156,2024,33.07704544067383,13.275372095785372
S1157,2024,33.07704544067383,11.633747296998216
S1158,2024,33.07704544067383,9.663915451584508
S1159,2024,11.900498390197754,6.633640482358425
S1160,2024,15.526679992675781,6.6921718707468685
S1161,2024,10.864424705505371,4.345042556158432
S1162,2024,10.864424705505371,4.314427718580986
S1163,2024,10.864424705505371,4.035428224555828
S1164,2024,44.86949157714844,19.28034386773798
S1165,2024,44.86949157714844,23.6456112069898
S1166,2024,6.472073078155518,4.050520912895824
S1167,2024,6.501269340515137,4.6175678202672845
S1168,2024,26.116777420043945,14.333599369390758
S1169,2024,9.711264610290527,5.792373375500019
S1170,2024,105.29618072509766,48.73807172916175
S1171,2024,47.258548736572266,31.440282699074256
S1172,2024,41.857608795166016,32.99071508657208
S1173,2024,53.14523696899414,38.40902268838002
S1174,2024,37.1305046081543,28.93304680776133
S1175,2024,105.29618072509766,58.03173125052108
S1176,2024,53.623477935791016,29.202312294018327
S1177,2024,43.95943832397461,31.94574317105971
S1178,2024,81.62866973876953,44.536225771058646
S1179,2024,81.62866973876953,45.61629698776092
S1180,2024,34.55183792114258,19.30985999697247
S1181,2024,18.886611938476562,7.14852981448886
S1182,2024,33.07704544067383,9.586567738490148
S1183,2024,3.4330687522888184,2.197314699004907
S1184,2024,27.786182403564453,9.438905083101101
S1185,2024,4.302211284637451,2.4494391903070816
S1186,2024,4.302211284637451,1.593042300850923
S1187,2024,11.900498390197754,6.612851609285892
S1188,2024,2.896089792251587,1.896453227288845
S1189,2024,0.0,0.0
S1190,2024,1.46449875831604,0.8694398945240727
S1191,2024,0.0,0.0
S1192,2024,0.0,0.0
S1193,2024,0.0,0.0
S1194,2024,0.0,0.0
S1195,2024,17.013383865356445,5.841560655996821
S1198,2024,0.0,0.0
S1203,2024,0.0,0.0
S1205,2024,0.0,0.0
S1207,2024,0.0,0.0
S1208,2024,0.0,0.0
S1209,2024,0.0,0.0
S1210,2024,0.0,0.0
S1211,2024,0.0,0.0
S1212,2024,0.0,0.0
S1213,2024,0.7541269063949585,0.1272610673318672
S1214,2024,0.7541269063949585,0.2634275427446679
S1215,2024,0.0,0.0
S1216,2024,0.0,0.0
S1217,2024,0.0,0.0
S1220,2024,0.0,0.0
S1221,2024,0.0,0.0
S1222,2024,0.0,0.0
S1223,2024,0.0,0.0
S1224,2024,0.0,0.0
S1226,2024,0.0,0.0
S1227,2024,0.0,0.0
S1228,2024,0.0,0.0
S1229,2024,0.0,0.0
S1230,2024,0.0,0.0
S1231,2024,0.0,0.0
S1232,2024,0.0,0.0
S1233,2024,0.0,0.0
S1235,2024,0.4379027485847473,0.006167644346264049
S1236,2024,0.0,0.0
S1238,2024,0.5957386493682861,0.04444555547240391
S1240,2024,0.0,0.0
S1241,2024,0.0,0.0
S1242,2024,0.0,0.0
S1243,2024,0.0,0.0
S1244,2024,0.0,0.0
S1245,2024,0.0,0.0
S1247,2024,0.0,0.0
S1248,2024,0.0,0.0
S1249,2024,0.0,0.0
S1250,2024,0.7099411487579346,0.35358631653778255
S1251,2024,0.0,0.0
S1252,2024,0.0,0.0
S1253,2024,0.0,0.0
S1254,2024,0.0,0.0
S1255,2024,0.0,0.0
S1256,2024,0.0,0.0
S1257,2024,0.0,0.0
S1259,2024,0.0,0.0
S1262,2024,0.0,0.0
S1263,2024,0.0,0.0
S1264,2024,0.0,0.0
S1265,2024,0.0,0.0
S1266,2024,0.0,0.0
S1267,2024,0.0,0.0
S1268,2024,0.0,0.0
S1270,2024,0.0,0.0
S1271,2024,0.0,0.0
S1272,2024,0.0,0.0
S1273,2024,0.0,0.0
S1274,2024,0.0,0.0
S1275,2024,0.0,0.0
S1278,2024,0.0,0.0
S1279,2024,1.4259421825408936,0.19232169808285118
S1282,2024,0.0,0.0
S1283,2024,0.0,0.0
S1286,2024,0.0,0.0
S1287,2024,0.0,0.0
S1288,2024,0.0,0.0
S1289,2024,0.0,0.0
S1290,2024,0.0,0.0
S1291,2024,0.0,0.0
S1292,2024,0.7741560339927673,0.0351228210665309
S1293,2024,0.0,0.0
S1294,2024,1.060223937034607,0.33892060384519584
S1295,2024,0.7524440288543701,0.028881095521201328
S1296,2024,0.0,0.0
S1297,2024,0.0,0.0
S1299,2024,0.0,0.0
S1300,2024,0.0,0.0
S1302,2024,0.0,0.0
S1304,2024,0.0,0.0
S1305,2024,0.0,0.0
S1306,2024,1.4218076467514038,0.10836766775271287
S1307,2024,0.0,0.0
S1308,2024,0.0,0.0
S1309,2024,0.0,0.0
S1310,2024,0.0,0.0
S1311,2024,0.0,0.0
S1312,2024,0.0,0.0
S1313,2024,0.0,0.0
S1314,2024,1.4218076467514038,0.2554531712776615
S1315,2024,0.0,0.0
S1316,2024,1.060223937034607,0.16470508363420425
S1317,2024,0.0,0.0
S1318,2024,1.469599723815918,0.1692680601205193
S1319,2024,25.72749900817871,9.945281401168645
S1320,2024,3.190751552581787,1.7887892218549364
S1321,2024,3.0463309288024902,0.9606815041972425
S1323,2024,1.9768131971359253,0.9762314333809312
S1324,2024,4.356472015380859,1.8852745868188527
S1325,2024,3.6296308040618896,1.8668853540934636
S1326,2024,5.414068222045898,3.071494372912065
S1327,2024,6.640684604644775,4.34367329726757
S1328,2024,6.859129428863525,3.553104625106122
S1329,2024,24.038049697875977,10.982525927454816
S1330,2024,24.038049697875977,13.764496312664246
S1331,2024,14.402092933654785,3.1032744017873286
S1332,2024,3.2068870067596436,1.5289207027275311
S1333,2024,0.9879323244094849,0.5375560268394914
S1334,2024,3.743295669555664,1.7249481320793263
S1335,2024,3.743295669555664,1.6783452093770401
S1336,2024,3.743295669555664,1.6111455648547255
S1337,2024,3.164702892303467,1.1955955131933569
S1338,2024,1.8711109161376953,0.6385962862171469
S1339,2024,23.7757568359375,7.2352902615250505
S1340,2024,13.291756629943848,4.62968685101699
S1341,2024,13.291756629943848,3.47885952054686
S1342,2024,9.809782028198242,2.87291137158534
S1343,2024,7.418514728546143,1.6068508847659293
S1344,2024,3.3940207958221436,1.1055418929088061
S1345,2024,3.012220621109009,1.5626768453357511
S1346,2024,1.9394457340240479,1.0406741350607167
S1347,2024,1.9394457340240479,1.1477337057633983
S1348,2024,2.8779356479644775,1.635285462670731
S1349,2024,2.5485267639160156,1.1413033683645326
S1350,2024,2.8779356479644775,1.4710837438304911
S1351,2024,2.356597423553467,1.2969823096063735
S1352,2024,2.8779356479644775,1.1197651678319993
S1353,2024,2.8779356479644775,1.4071881656067697
S1354,2024,2.5485267639160156,1.3394270206534826
S1355,2024,2.1360154151916504,1.2348662443627516
S1356,2024,0.0,0.0
S1357,2024,0.0,0.0
S1359,2024,30.2752685546875,9.775116920882002
S1361,2024,3.381535768508911,0.7894281781766107
S1364,2024,0.0,0.0
S1365,2024,1.5673311948776245,0.998678420837431
S1366,2024,0.0,0.0
S1367,2024,0.0,0.0
S1370,2024,0.0,0.0
S1372,2024,7.418514728546143,2.4505758778576276
S1373,2024,4.156486511230469,2.7806762507597313
S1374,2024,2.0475921630859375,1.3811411458309915
S1375,2024,2.6523945331573486,1.8098520456306322
S1376,2024,0.0,0.0
S1377,2024,1.619837760925293,1.0551694648216479
S1378,2024,3.589841842651367,1.4701253965824004
S1379,2024,1.125906229019165,0.287543358515914
S1380,2024,3.491150140762329,2.076322878687525
S1381,2024,6.950885772705078,3.339090646358303
S1382,2024,4.897988319396973,1.6774112526630434
S1383,2024,12.826251983642578,5.912673085534595
S1384,2024,6.740985870361328,2.728956344992595
S1385,2024,12.671050071716309,3.1043380376793017
S1386,2024,3.376046895980835,1.6003846410830416
S1387,2024,7.499779224395752,2.6322089249781384
S1388,2024,7.499779224395752,1.991680974369509
S1389,2024,7.499779224395752,3.2533176608844205
S1390,2024,5.134028434753418,1.8929447071967567
S1391,2024,2.635704517364502,1.7433565051675595
S1392,2024,6.825942516326904,4.213627528016431
S1393,2024,11.982909202575684,6.600593488046851
S1394,2024,11.982909202575684,6.034509502157612
S1395,2024,24.609851837158203,8.309889850787506
S1396,2024,8.097539901733398,5.163163727054775
S1397,2024,13.825667381286621,5.073413637936619
S1398,2024,2.8506014347076416,1.8076988784462202
S1399,2024,13.825667381286621,6.22839071389989
S1400,2024,13.825667381286621,6.617671234913668
S1401,2024,10.33911418914795,3.3335726263012684
S1402,2024,2.0759222507476807,1.3687316842005943
S1403,2024,22.38587760925293,7.208947949573911
S1404,2024,5.562283992767334,3.3448714634081482
S1405,2024,20.9855899810791,7.139790535458189
S1406,2024,7.986282825469971,2.2535121382572467
S1407,2024,19.115875244140625,8.344168453696389
S1408,2024,5.916354179382324,2.2353885092306154
S1409,2024,10.040504455566406,3.1940114982016534
S1410,2024,18.928367614746094,13.455672441961022
S1411,2024,5.869758129119873,2.256077109255315
S1412,2024,5.869758129119873,2.399528749113641
S1413,2024,1.5272661447525024,0.956120171606147
S1414,2024,24.78166961669922,8.436046349142785
S1415,2024,26.24679183959961,2.673618016395977
S1416,2024,26.975811004638672,8.73536967529531
S1417,2024,21.943382263183594,11.842223795766548
S1418,2024,21.943382263183594,11.13441254077453
S1419,2024,19.942970275878906,12.429420156544781
S1420,2024,19.942970275878906,8.583489611604744
S1421,2024,1.8902980089187622,0.5386926633901742
S1422,2024,1.271388292312622,0.03689576487493395
S1423,2024,1.476525902748108,0.1707720799452078
S1424,2024,6.638124942779541,2.5423916625319687
S1425,2024,30.76767921447754,11.202590702542846
S1426,2024,13.723214149475098,3.5103303693955947
S1427,2024,2.6353189945220947,1.418347283931298
S1428,2024,0.8514093160629272,0.1824630949610044
S1435,2024,0.8478685021400452,0.4712670156612012
S1436,2024,1.1869633197784424,0.18499207376267637
S1437,2024,3.0001718997955322,1.0027083880402756
S1441,2024,4.415440082550049,2.2003482319227423
S1442,2024,1.2509959936141968,0.6367049498394005
S1443,2024,3.131892204284668,1.0007771949756783
S1444,2024,2.2680563926696777,1.1635238170679958
S1446,2024,4.560840129852295,2.063435108499161
S1447,2024,3.4836254119873047,2.0927427386010287
S0001,2024,0.0,0.0
S0002,2024,0.0,0.0
S0003,2024,0.0,0.0
S0005,2024,0.0,0.0
S0006,2024,1.1403708457946777,0.6691759224422277
S0008,2024,0.0,0.0
S0013,2024,0.0,0.0
S0014,2024,1.0045924186706543,0.27417228054536047
S0025,2024,0.0,0.0
S0027,2024,0.0,0.0
S0031,2024,0.0,0.0
S0032,2024,0.0,0.0
S0039,2024,0.0,0.0
S0043,2024,0.0,0.0
S0046,2024,0.0,0.0
S0047,2024,0.0,0.0
S0061,2024,0.0,0.0
S0064,2024,0.9109468460083008,0.10496644384268694
S0065,2024,0.0,0.0
S0067,2024,0.43507620692253113,0.014002901683895895
S0068,2024,0.0,0.0
S0071,2024,0.0,0.0
S0097,2024,0.0,0.0
S0100,2024,0.0,0.0
S0103,2024,0.0,0.0
S0106,2024,0.0,0.0
S0108,2024,0.0,0.0
S0110,2024,0.0,0.0
S0112,2024,0.0,0.0
S0120,2024,0.544223427772522,0.016571918026122474
S0122,2024,0.0,0.0
S0123,2024,0.0,0.0
S0127,2024,0.0,0.0
S0128,2024,0.0,0.0
S0129,2024,0.0,0.0
S0136,2024,0.0,0.0
S0142,2024,0.0,0.0
S0143,2024,0.0,0.0
S0144,2024,0.0,0.0
S0146,2024,0.0,0.0
S0147,2024,0.0,0.0
S0148,2024,0.0,0.0
S0161,2024,0.0,0.0
S0163,2024,0.0,0.0
S0167,2024,0.0,0.0
S0204,2024,0.0,0.0
S0206,2024,0.0,0.0
S0228,2024,0.0,0.0
S0236,2024,0.0,0.0
S0237,2024,0.0,0.0
S0238,2024,0.0,0.0
S0264,2024,0.0,0.0
S0268,2024,0.0,0.0
S0270,2024,0.0,0.0
S0271,2024,1.0293993949890137,0.44479297456331857
S0278,2024,0.8064060807228088,0.29864560612749563
S0283,2024,0.0,0.0
S0286,2024,0.0,0.0
S0288,2024,0.0,0.0
S0292,2024,0.0,0.0
S0299,2024,0.0,0.0
S0303,2024,0.0,0.0
S0304,2024,0.0,0.0
S0305,2024,0.0,0.0
S0306,2024,0.0,0.0
S0347,2024,0.0,0.0
S0376,2024,0.0,0.0
S0381,2024,0.0,0.0
S0382,2024,0.0,0.0
S0385,2024,0.0,0.0
S0398,2024,0.0,0.0
S0408,2024,0.6494845747947693,0.005099596221692597
S0409,2024,0.9222015142440796,0.4153964960892248
S0415,2024,0.0,0.0
S0425,2024,0.0,0.0
S0426,2024,0.0,0.0
S0427,2024,0.0,0.0
S0431,2024,0.0,0.0
S0435,2024,0.0,0.0
S0436,2024,0.0,0.0
S0437,2024,0.0,0.0
S0438,2024,0.0,0.0
S0439,2024,0.0,0.0
S0440,2024,0.0,0.0
S0441,2024,0.0,0.0
S0442,2024,0.0,0.0
S0446,2024,0.0,0.0
S0447,2024,0.0,0.0
S0448,2024,0.0,0.0
S0451,2024,0.0,0.0
S0452,2024,0.0,0.0
S0454,2024,0.0,0.0
S0457,2024,0.0,0.0
S0458,2024,0.0,0.0
S0461,2024,0.0,0.0
S0467,2024,0.0,0.0
S0468,2024,0.0,0.0
S0469,2024,0.0,0.0
S0473,2024,0.0,0.0
S0478,2024,0.0,0.0
S0479,2024,0.0,0.0
S0480,2024,0.0,0.0
S0481,2024,0.0,0.0
S0482,2024,0.0,0.0
S0483,2024,0.0,0.0
S0484,2024,0.0,0.0
S0485,2024,0.0,0.0
S0486,2024,0.0,0.0
S0489,2024,0.0,0.0
S0491,2024,0.0,0.0
S0494,2024,0.0,0.0
S0498,2024,0.0,0.0
S0502,2024,0.0,0.0
S0514,2024,0.4177665114402771,0.0026299434147955747
S0517,2024,0.0,0.0
S0518,2024,0.0,0.0
S0519,2024,0.0,0.0
S0520,2024,0.8212862014770508,0.06232391257493132
S0521,2024,0.0,0.0
S0522,2024,0.0,0.0
S0523,2024,0.0,0.0
S0524,2024,0.0,0.0
S0525,2024,0.0,0.0
S0526,2024,0.0,0.0
S0527,2024,0.0,0.0
S0528,2024,0.0,0.0
S0529,2024,0.0,0.0
S0530,2024,0.0,0.0
S0531,2024,0.0,0.0
S0532,2024,0.0,0.0
S0534,2024,0.0,0.0
S0535,2024,0.0,0.0
S0536,2024,0.0,0.0
S0537,2024,0.0,0.0
S0538,2024,0.0,0.0
S0541,2024,0.0,0.0
S0542,2024,0.0,0.0
S0543,2024,0.0,0.0
S0545,2024,0.0,0.0
S0548,2024,0.0,0.0
S0549,2024,0.0,0.0
S0557,2024,0.0,0.0
S0568,2024,0.0,0.0
S0570,2024,0.0,0.0
S0572,2024,0.0,0.0
S0574,2024,0.0,0.0
S0575,2024,0.0,0.0
S0577,2024,0.0,0.0
S0578,2024,0.0,0.0
S0579,2024,0.0,0.0
S0580,2024,0.0,0.0
S0581,2024,0.0,0.0
S0582,2024,0.0,0.0
S0583,2024,0.0,0.0
S0584,2024,0.0,0.0
S0585,2024,0.0,0.0
S0586,2024,0.0,0.0
S0588,2024,0.0,0.0
S0589,2024,0.0,0.0
S0591,2024,0.0,0.0
S0593,2024,0.0,0.0
S0594,2024,0.0,0.0
S0598,2024,0.0,0.0
S0600,2024,0.0,0.0
S0601,2024,0.0,0.0
S0604,2024,0.0,0.0
S0606,2024,0.0,0.0
S0609,2024,0.0,0.0
S0613,2024,0.5737521052360535,0.00849155698984385
S0616,2024,0.0,0.0
S0619,2024,0.0,0.0
S0621,2024,0.0,0.0
S0622,2024,0.0,0.0
S0625,2024,0.0,0.0
S0626,2024,0.0,0.0
S0641,2024,0.0,0.0
S0642,2024,0.0,0.0
S0647,2024,0.0,0.0
S0649,2024,0.0,0.0
S0691,2024,0.0,0.0
S0692,2024,0.0,0.0
S0694,2024,0.0,0.0
S0695,2024,0.0,0.0
S0698,2024,0.0,0.0
S0711,2024,0.0,0.0
S0718,2024,0.0,0.0
S0722,2024,0.0,0.0
S0727,2024,0.0,0.0
S0728,2024,0.0,0.0
S0729,2024,0.0,0.0
S0730,2024,0.0,0.0
S0731,2024,0.0,0.0
S0737,2024,0.0,0.0
S0738,2024,0.0,0.0
S0739,2024,0.0,0.0
S0741,2024,0.0,0.0
S0745,2024,0.0,0.0
S0749,2024,0.0,0.0
S0782,2024,0.0,0.0
S0783,2024,0.0,0.0
S0784,2024,0.0,0.0
S0785,2024,0.0,0.0
S0786,2024,0.0,0.0
S0787,2024,0.0,0.0
S0788,2024,0.0,0.0
S0789,2024,0.0,0.0
S0790,2024,0.0,0.0
S0791,2024,0.0,0.0
S0793,2024,0.0,0.0
S0794,2024,0.0,0.0
S0795,2024,0.0,0.0
S0802,2024,0.0,0.0
S0806,2024,0.0,0.0
S0807,2024,0.9109468460083008,0.31853545859245525
S0810,2024,0.0,0.0
S0811,2024,0.0,0.0
S0812,2024,0.0,0.0
S0821,2024,0.0,0.0
S0827,2024,0.0,0.0
S0830,2024,0.0,0.0
S0838,2024,0.0,0.0
S0842,2024,0.0,0.0
S0844,2024,0.0,0.0
S0853,2024,0.6461407542228699,0.013068444460948458
S0855,2024,0.0,0.0
S0859,2024,0.0,0.0
S0869,2024,0.0,0.0
S0877,2024,0.0,0.0
S0878,2024,0.0,0.0
S0880,2024,0.0,0.0
S0884,2024,0.0,0.0
S0901,2024,0.0,0.0
S0911,2024,0.0,0.0
S0913,2024,0.0,0.0
S0923,2024,0.0,0.0
S0932,2024,0.0,0.0
S0933,2024,0.0,0.0
S0935,2024,0.0,0.0
S0937,2024,0.0,0.0
S0947,2024,0.0,0.0
S0948,2024,0.0,0.0
S0999,2024,0.0,0.0
S1001,2024,0.0,0.0
S1009,2024,0.0,0.0
S1012,2024,0.0,0.0
S1013,2024,0.0,0.0
S1014,2024,0.0,0.0
S1017,2024,0.0,0.0
S1051,2024,0.0,0.0
S1056,2024,0.0,0.0
S1057,2024,0.0,0.0
S1058,2024,0.0,0.0
S1061,2024,0.0,0.0
S1062,2024,0.0,0.0
S1063,2024,0.0,0.0
S1065,2024,0.0,0.0
S1075,2024,0.0,0.0
S1077,2024,0.0,0.0
S1082,2024,0.0,0.0
S1084,2024,0.0,0.0
S1085,2024,0.0,0.0
S1086,2024,0.0,0.0
S1087,2024,0.0,0.0
S1088,2024,0.0,0.0
S1089,2024,0.0,0.0
S1090,2024,0.0,0.0
S1095,2024,0.0,0.0
S1096,2024,1.0045924186706543,0.27687039284325726
S1098,2024,1.0045924186706543,0.12067880205784436
S1099,2024,0.0,0.0
S1100,2024,0.0,0.0
S1101,2024,1.0045924186706543,0.04268529499401181
S1104,2024,0.0,0.0
S1105,2024,0.0,0.0
S1107,2024,0.0,0.0
S1108,2024,0.0,0.0
S1109,2024,0.0,0.0
S1111,2024,0.0,0.0
S1112,2024,0.0,0.0
S1113,2024,0.0,0.0
S1123,2024,0.0,0.0
S1124,2024,0.0,0.0
S1125,2024,0.0,0.0
S1126,2024,0.0,0.0
S1129,2024,0.0,0.0
S1131,2024,0.0,0.0
S1132,2024,0.0,0.0
S1134,2024,0.0,0.0
S1196,2024,0.0,0.0
S1197,2024,0.0,0.0
S1199,2024,0.0,0.0
S1200,2024,0.0,0.0
S1201,2024,0.0,0.0
S1202,2024,0.0,0.0
S1204,2024,0.0,0.0
S1206,2024,0.0,0.0
S1218,2024,0.0,0.0
S1219,2024,0.0,0.0
S1225,2024,0.0,0.0
S1234,2024,0.0,0.0
S1237,2024,0.0,0.0
S1239,2024,0.0,0.0
S1246,2024,0.0,0.0
S1258,2024,0.0,0.0
S1260,2024,0.0,0.0
S1261,2024,0.0,0.0
S1269,2024,0.0,0.0
S1276,2024,0.0,0.0
S1277,2024,0.0,0.0
S1280,2024,0.0,0.0
S1281,2024,0.0,0.0
S1284,2024,0.0,0.0
S1285,2024,0.0,0.0
S1298,2024,0.0,0.0
S1301,2024,0.0,0.0
S1303,2024,0.0,0.0
S1322,2024,2.039254665374756,0.9462102352539998
S1358,2024,0.0,0.0
S1360,2024,0.44390419125556946,0.0004189092713956301
S1362,2024,1.611719012260437,0.9050119846573751
S1363,2024,1.4352903366088867,0.7311890158979667
S1368,2024,0.5829206109046936,0.04395104771045814
S1369,2024,0.0,0.0
S1371,2024,0.0,0.0
S1429,2024,0.0,0.0
S1430,2024,0.0,0.0
S1431,2024,0.5732534527778625,0.07144641956742213
S1432,2024,0.8507981896400452,0.3254811619670464
S1433,2024,0.8507981896400452,0.12785831870056513
S1434,2024,0.8478685021400452,0.14036047228605553
S1438,2024,1.0235872268676758,0.49171922626415915
S1439,2024,1.269262671470642,0.6610257917329869
S1440,2024,0.0,0.0
S1445,2024,1.7144290208816528,0.6979281831065148
S0000,2025,110.78889465332031,52.86026308259961
S0004,2025,0.7789654731750488,0.2513532492333908
S0007,2025,0.0,0.0
S0009,2025,5.122222423553467,2.3761635110118338
S0010,2025,2.5859999656677246,1.0724809913382445
S0011,2025,0.7791666984558105,0.12973723598069123
S0012,2025,0.0,0.0
S0015,2025,3.1160714626312256,1.131590600743167
S0016,2025,4.093478202819824,1.6341108688564323
S0017,2025,1.2566665410995483,0.35815948140370574
S0018,2025,0.890740692615509,0.3586011533629794
S0019,2025,0.5430768728256226,0.2299121375395523
S0020,2025,1.7829033136367798,0.9448659550071808
S0021,2025,0.8003124594688416,0.45831678664464015
S0022,2025,0.0,0.0
S0023,2025,1.483461618423462,0.5695270923076471
S0024,2025,1.4307408332824707,0.3056112183427481
S0026,2025,0.9473332762718201,0.5071717628223742
S0028,2025,0.0,0.0
S0029,2025,0.0,0.0
S0030,2025,0.0,0.0
S0033,2025,1.092051386833191,0.4431096813427106
S0034,2025,2.3914999961853027,0.9404674395079604
S0035,2025,0.0,0.0
S0036,2025,0.8459259271621704,0.41344923805328293
S0037,2025,0.0,0.0
S0038,2025,2.266538381576538,0.8033573521688617
S0040,2025,1.0625925064086914,0.5833033027785612
S0041,2025,0.7116667032241821,0.31142506170661594
S0042,2025,0.0,0.0
S0044,2025,0.0,0.0
S0045,2025,0.0,0.0
S0048,2025,0.5166667103767395,0.01820851842737408
S0049,2025,0.0,0.0
S0050,2025,0.3817143142223358,0.014288771120622198
S0051,2025,3.11214280128479,1.6264269871373807
S0052,2025,0.0,0.0
S0053,2025,0.923636257648468,0.1257218218412925
S0054,2025,0.0,0.0
S0055,2025,0.0,0.0
S0056,2025,0.0,0.0
S0057,2025,0.9222221970558167,0.055693439347874366
S0058,2025,0.0,0.0
S0059,2025,0.0,0.0
S0060,2025,0.7905882000923157,0.41614165869459774
S0062,2025,1.7120000123977661,0.4324369744023823
S0063,2025,0.0,0.0
S0066,2025,0.0,0.0
S0069,2025,20.073476791381836,7.948342517215001
S0070,2025,4.785652160644531,2.0611862112357486
S0072,2025,2.1082608699798584,1.4828516673787473
S0073,2025,36.300498962402344,5.867304622995614
S0074,2025,0.7168750166893005,0.10116279319718897
S0075,2025,0.0,0.0
S0076,2025,0.0,0.0
S0077,2025,0.8472413420677185,0.11734997808149478
S0078,2025,0.0,0.0
S0079,2025,2.175142765045166,0.7160084033460827
S0080,2025,0.9574999809265137,0.47301887824114885
S0081,2025,0.0,0.0
S0082,2025,0.48055553436279297,0.0007532218406940329
S0083,2025,1.5791667699813843,0.49479629551132176
S0084,2025,2.1343750953674316,1.110729725952621
S0085,2025,0.0,0.0
S0086,2025,4.131111145019531,0.25321645068371385
S0087,2025,1.3926087617874146,0.4720801540890579
S0088,2025,1.7314287424087524,0.8636786308220366
S0089,2025,2.487825870513916,1.4894925205589242
S0090,2025,0.0,0.0
S0091,2025,4.1368184089660645,2.253724405056337
S0092,2025,2.8417391777038574,1.8927140949961538
S0093,2025,0.0,0.0
S0094,2025,1.033913016319275,0.14564922665180668
S0095,2025,11.242728233337402,4.604290185433714
S0096,2025,2.3874998092651367,1.2146761804200956
S0098,2025,4.72333288192749,2.486554481956985
S0099,2025,4.073999881744385,1.904891654952077
S0101,2025,3.246666669845581,2.4301036318554403
S0102,2025,0.0,0.0
S0104,2025,1.940500020980835,1.1281804144288579
S0105,2025,1.4290908575057983,0.32196011972397354
S0107,2025,0.0,0.0
S0109,2025,0.964545488357544,0.1434287116123572
S0111,2025,0.0,0.0
S0113,2025,3.244799852371216,0.9812365917151281
S0114,2025,2.0451722145080566,0.20342964683912151
S0115,2025,0.0,0.0
S0116,2025,3.074838638305664,1.4044956208267871
S0117,2025,3.2874996662139893,1.201301835011837
S0118,2025,2.276451587677002,0.21036373942162925
S0119,2025,0.7615384459495544,0.12281738504898293
S0121,2025,0.0,0.0
S0124,2025,0.0,0.0
S0125,2025,0.0,0.0
S0126,2025,2.6997368335723877,1.1688308722262546
S0130,2025,0.0,0.0
S0131,2025,23.871580123901367,14.09688966208367
S0132,2025,3.991025447845459,1.3260882955877413
S0133,2025,0.0,0.0
S0134,2025,4.986000061035156,1.5644966218073664
S0135,2025,0.7286666035652161,0.05275540184194446
S0137,2025,1.8380769491195679,0.5506505621087376
S0138,2025,5.205000400543213,2.4292812445509866
S0139,2025,5.0849995613098145,1.633341873268867
S0140,2025,28.888521194458008,15.06221199335354
S0141,2025,12.713077545166016,6.31469583354498
S0145,2025,0.0,0.0
S0149,2025,1.5305882692337036,0.3044710557510315
S0150,2025,0.0,0.0
S0151,2025,0.0,0.0
S0152,2025,30.418182373046875,15.088748160415907
S0153,2025,8.219600677490234,4.7190117686141875
S0154,2025,35.679656982421875,14.661546388163643
S0155,2025,13.834571838378906,7.304426099741291
S0156,2025,20.567617416381836,12.941333820244928
S0157,2025,0.9327026605606079,0.29383592834480127
S0158,2025,13.384090423583984,6.639829098370818
S0159,2025,2.867619037628174,0.83066135824231
S0160,2025,5.103157997131348,2.4996199511380253
S0162,2025,0.0,0.0
S0164,2025,0.8287097215652466,0.27741480276138336
S0165,2025,15.785161018371582,10.058639469042095
S0166,2025,0.6334483027458191,0.15669372418409
S0168,2025,22.96212387084961,9.193709182027002
S0169,2025,11.623702049255371,6.282319765663207
S0170,2025,25.755216598510742,10.963626219865638
S0171,2025,1.7943333387374878,1.1317584850513567
S0172,2025,0.0,0.0
S0173,2025,15.55566692352295,6.406383455811809
S0174,2025,59.040687561035156,25.25239756763282
S0175,2025,25.818693161010742,14.115797680945027
S0176,2025,44.5433349609375,22.415771322151276
S0177,2025,31.731035232543945,15.582199611368788
S0178,2025,0.0,0.0
S0179,2025,0.9149999618530273,0.3859344409632017
S0180,2025,0.6947619318962097,0.07978892806644218
S0181,2025,1.1333333253860474,0.6333872381153631
S0182,2025,1.254166603088379,0.7209594550085635
S0183,2025,1.0244897603988647,0.6476182803656928
S0184,2025,9.027499198913574,4.707768602954183
S0185,2025,0.49799999594688416,0.07484784559871918
S0186,2025,1.983809471130371,0.8733187042966051
S0187,2025,1.4231816530227661,0.7167104248322875
S0188,2025,1.5791667699813843,0.3142068256038197
S0189,2025,1.7314287424087524,0.2136971368324356
S0190,2025,0.0,0.0
S0191,2025,1.7314287424087524,0.7188282878452076
S0192,2025,0.4220513105392456,0.00211554541623682
S0193,2025,15.584444046020508,6.260919894458879
S0194,2025,21.538284301757812,6.521274724326338
S0195,2025,5.091176509857178,1.5136909122817483
S0196,2025,1.483055591583252,0.917737450684073
S0197,2025,4.432499408721924,3.2188686378632267
S0198,2025,22.50033187866211,10.310247387066182
S0199,2025,8.404443740844727,4.8706641443483125
S0200,2025,10.531379699707031,4.668789990566173
S0201,2025,1.338518500328064,0.5869280877324723
S0202,2025,1.0477499961853027,0.5792406120732075
S0203,2025,4.436999797821045,2.1941130271379565
S0205,2025,0.659500002861023,0.19275912450236152
S0207,2025,0.0,0.0
S0208,2025,46.556671142578125,32.03805061864434
S0209,2025,8.057838439941406,4.939462857568284
S0210,2025,30.435518264770508,15.576287248121897
S0211,2025,30.435518264770508,10.616067785005958
S0212,2025,3.1364998817443848,1.6506353981266593
S0213,2025,4.789286136627197,2.088305627240824
S0214,2025,1.5808569192886353,0.7089660274210834
S0215,2025,0.8738235235214233,0.5430920928941018
S0216,2025,0.8738235235214233,0.5533266124702201
S0217,2025,42.62136459350586,24.408144761752812
S0218,2025,28.275653839111328,18.477191927297355
S0219,2025,9.34999942779541,5.390492623468445
S0220,2025,0.0,0.0
S0221,2025,7.9978251457214355,3.2071847031979166
S0222,2025,30.435518264770508,14.791927388361074
S0223,2025,3.0011112689971924,0.8587463128903069
S0224,2025,0.7275675535202026,0.19563187227683995
S0225,2025,8.358437538146973,4.534250867528138
S0226,2025,6.150000095367432,2.592827994174581
S0227,2025,9.700417518615723,4.505404386342618
S0229,2025,5.725356578826904,2.547278162970919
S0230,2025,2.424888849258423,0.4130007804561185
S0231,2025,0.9466666579246521,0.614312493094165
S0232,2025,0.7569565176963806,0.29115526107096873
S0233,2025,0.945294201374054,0.5369446314496912
S0234,2025,3.0329997539520264,1.2610237188508513
S0235,2025,3.0329997539520264,1.4857842883196064
S0239,2025,0.0,0.0
S0240,2025,0.0,0.0
S0241,2025,0.8948275446891785,0.14101905240890159
S0242,2025,0.5602856874465942,0.22402354323272425
S0243,2025,0.0,0.0
S0244,2025,0.0,0.0
S0245,2025,1.0069999694824219,0.3414421996404958
S0246,2025,20.567617416381836,8.74300671867572
S0247,2025,20.567617416381836,4.5877364246075425
S0248,2025,20.567617416381836,8.76668487052272
S0249,2025,4.847726821899414,2.266441378771716
S0250,2025,5.732381343841553,3.5465207899001583
S0251,2025,10.539090156555176,2.964425842154524
S0252,2025,2.2771427631378174,0.8049203112899171
S0253,2025,10.539090156555176,4.108236958126815
S0254,2025,13.509546279907227,5.885531315945532
S0255,2025,2.62933349609375,1.5981339126442653
S0256,2025,2.62933349609375,1.5438382848606929
S0257,2025,6.446842193603516,3.0480543137157223
S0258,2025,24.058094024658203,10.0719243331389
S0259,2025,2.6834781169891357,1.618584678304477
S0260,2025,0.0,0.0
S0261,2025,1.0477499961853027,0.6285146063291284
S0262,2025,0.8667567372322083,0.4054946711499326
S0263,2025,0.0,0.0
S0265,2025,0.0,0.0
S0266,2025,0.0,0.0
S0267,2025,0.0,0.0
S0269,2025,0.0,0.0
S0272,2025,2.065000295639038,0.9106273140844088
S0273,2025,1.5515384674072266,0.9070239570872138
S0274,2025,2.3032143115997314,0.9469514546514828
S0275,2025,1.5858620405197144,0.23134462540972753
S0276,2025,0.0,0.0
S0277,2025,0.0,0.0
S0279,2025,1.03166663646698,0.48022881710320586
S0280,2025,0.5324137806892395,0.0418393496450794
S0281,2025,3.321333646774292,1.39684023393525
S0282,2025,0.0,0.0
S0284,2025,0.0,0.0
S0285,2025,0.0,0.0
S0287,2025,0.0,0.0
S0289,2025,0.0,0.0
S0290,2025,0.43179482221603394,0.03457070005183318
S0291,2025,0.0,0.0
S0293,2025,0.0,0.0
S0294,2025,0.0,0.0
S0295,2025,0.0,0.0
S0296,2025,0.0,0.0
S0297,2025,0.0,0.0
S0298,2025,3.7991669178009033,2.22100111392362
S0300,2025,56.15293884277344,16.026491759674947
S0301,2025,24.270397186279297,12.57000633147174
S0302,2025,5.661935806274414,2.694067723040743
S0307,2025,0.0,0.0
S0308,2025,2.4389286041259766,1.5600443260496684
S0309,2025,5.540302753448486,2.7087743817711596
S0310,2025,0.0,0.0
S0311,2025,4.3719048500061035,1.0821009608620582
S0312,2025,0.0,0.0
S0313,2025,0.0,0.0
S0314,2025,0.0,0.0
S0315,2025,1.4688234329223633,0.6023941626821996
S0316,2025,1.003333330154419,0.6045240766124707
S0317,2025,0.0,0.0
S0318,2025,1.003333330154419,0.5139683559793289
S0319,2025,1.805625081062317,0.9437318898515895
S0320,2025,1.117714285850525,0.5376634777771618
S0321,2025,1.117714285850525,0.6038192008680876
S0322,2025,1.117714285850525,0.34940571912014795
S0323,2025,0.4417646825313568,0.0005210527306418491
S0324,2025,0.0,0.0
S0325,2025,0.0,0.0
S0326,2025,0.6603333353996277,0.06170800314241068
S0327,2025,1.1557575464248657,0.586259760439321
S0328,2025,1.1557575464248657,0.4329997442133032
S0329,2025,0.0,0.0
S0330,2025,0.0,0.0
S0331,2025,0.0,0.0
S0332,2025,0.0,0.0
S0333,2025,0.0,0.0
S0334,2025,0.0,0.0
S0335,2025,0.45484843850135803,0.0027074311815557025
S0336,2025,0.0,0.0
S0337,2025,0.0,0.0
S0338,2025,0.0,0.0
S0339,2025,1.805625081062317,0.6062547238745013
S0340,2025,1.805625081062317,0.5486642763489957
S0341,2025,0.5172222256660461,0.021748099380218974
S0342,2025,0.5172222256660461,0.09269665498344876
S0343,2025,0.9777419567108154,0.3844006619437755
S0344,2025,0.9777419567108154,0.6223031857083935
S0345,2025,0.8738235235214233,0.3159236106823293
S0346,2025,0.8187878131866455,0.1455122398274893
S0348,2025,0.889032244682312,0.23107694051012465
S0349,2025,3.252143144607544,1.7402920687142678
S0350,2025,1.8034781217575073,1.1728042290898857
S0351,2025,0.658823549747467,0.15720755054527155
S0352,2025,0.658823549747467,0.252750691505665
S0353,2025,0.0,0.0
S0354,2025,0.0,0.0
S0355,2025,0.0,0.0
S0356,2025,0.0,0.0
S0357,2025,0.0,0.0
S0358,2025,1.2338711023330688,0.39224815466272556
S0359,2025,0.9009374976158142,0.43890682374021794
S0360,2025,1.5314816236495972,0.5810124465429417
S0361,2025,2.154615640640259,1.0225133882195498
S0362,2025,3.501739501953125,1.4261888122760265
S0363,2025,0.6012121438980103,0.04349640491053602
S0364,2025,2.0392000675201416,0.269915439141739
S0365,2025,0.7875862717628479,0.37409619350392964
S0366,2025,1.003333330154419,0.2952561434808669
S0367,2025,0.0,0.0
S0368,2025,0.0,0.0
S0369,2025,0.0,0.0
S0370,2025,0.9638462066650391,0.09275932025282203
S0371,2025,2.4845831394195557,1.1581295634403168
S0372,2025,1.4688234329223633,0.6602203971382672
S0373,2025,2.4845831394195557,0.7371891367690531
S0374,2025,0.9255555272102356,0.44046813214053393
S0375,2025,0.0,0.0
S0377,2025,0.0,0.0
S0378,2025,0.0,0.0
S0379,2025,0.0,0.0
S0380,2025,0.0,0.0
S0383,2025,0.0,0.0
S0384,2025,1.4782050848007202,0.14942342114995172
S0386,2025,0.0,0.0
S0387,2025,0.0,0.0
S0388,2025,0.0,0.0
S0389,2025,2.0502381324768066,1.1231129861644071
S0390,2025,1.670487880706787,0.9833108492590198
S0391,2025,0.0,0.0
S0392,2025,0.0,0.0
S0393,2025,1.6718518733978271,0.5892316192957887
S0394,2025,0.6703846454620361,0.025831807896247377
S0395,2025,0.0,0.0
S0396,2025,0.0,0.0
S0397,2025,0.5980952382087708,0.07640604391586396
S0399,2025,0.0,0.0
S0400,2025,0.0,0.0
S0401,2025,0.0,0.0
S0402,2025,0.4064999520778656,0.029051377938228574
S0403,2025,1.3226470947265625,0.15971835410014804
S0404,2025,0.0,0.0
S0405,2025,0.0,0.0
S0406,2025,0.0,0.0
S0407,2025,0.4318518340587616,0.030031232009750258
S0410,2025,0.4318518340587616,0.03447783897463501
S0411,2025,1.8625000715255737,0.6421626500955692
S0412,2025,1.8625000715255737,0.8880894078823468
S0413,2025,0.0,0.0
S0414,2025,2.1619513034820557,0.9199968201444466
S0416,2025,0.0,0.0
S0417,2025,0.0,0.0
S0418,2025,0.0,0.0
S0419,2025,0.7737142443656921,0.32182313383244315
S0420,2025,0.0,0.0
S0421,2025,0.0,0.0
S0422,2025,0.0,0.0
S0423,2025,0.0,0.0
S0424,2025,0.0,0.0
S0428,2025,0.0,0.0
S0429,2025,7.916215896606445,4.195085029069238
S0430,2025,0.0,0.0
S0432,2025,0.0,0.0
S0433,2025,0.0,0.0
S0434,2025,0.0,0.0
S0443,2025,0.0,0.0
S0444,2025,0.0,0.0
S0445,2025,0.0,0.0
S0449,2025,3.8318917751312256,2.2016726188123115
S0450,2025,3.2195653915405273,1.6746083806446685
S0453,2025,3.4830000400543213,1.0779002986340465
S0455,2025,0.0,0.0
S0456,2025,0.5296552181243896,0.11705060701882632
S0459,2025,0.0,0.0
S0460,2025,0.0,0.0
S0462,2025,0.0,0.0
S0463,2025,0.0,0.0
S0464,2025,0.9510713815689087,0.6181663093404353
S0465,2025,0.34628570079803467,0.027681145361598377
S0466,2025,1.1333333253860474,0.3184197121106995
S0470,2025,10.554166793823242,4.41506870981654
S0471,2025,10.862259864807129,5.1235352974631345
S0472,2025,1.2632352113723755,0.6478455210072974
S0474,2025,0.0,0.0
S0475,2025,0.0,0.0
S0476,2025,0.0,0.0
S0477,2025,0.0,0.0
S0487,2025,0.0,0.0
S0488,2025,0.0,0.0
S0490,2025,0.0,0.0
S0492,2025,0.0,0.0
S0493,2025,0.0,0.0
S0495,2025,0.0,0.0
S0496,2025,0.0,0.0
S0497,2025,0.0,0.0
S0499,2025,0.0,0.0
S0500,2025,0.7764285802841187,0.12196458042060443
S0501,2025,0.7106451392173767,0.02670874061126638
S0503,2025,1.3058621883392334,0.18766276781560493
S0504,2025,1.563437581062317,0.7917226724838586
S0505,2025,0.0,0.0
S0506,2025,0.5969696640968323,0.0060148076987086374
S0507,2025,0.0,0.0
S0508,2025,1.7438709735870361,0.655851910774063
S0509,2025,0.7764285802841187,0.006594391842614408
S0510,2025,0.0,0.0
S0511,2025,1.2736666202545166,0.2923958599754614
S0512,2025,0.0,0.0
S0513,2025,0.0,0.0
S0515,2025,0.0,0.0
S0516,2025,1.563437581062317,0.7039953668537025
S0533,2025,0.0,0.0
S0539,2025,0.0,0.0
S0540,2025,0.0,0.0
S0544,2025,0.0,0.0
S0546,2025,0.0,0.0
S0547,2025,0.0,0.0
S0550,2025,0.0,0.0
S0551,2025,0.0,0.0
S0552,2025,0.0,0.0
S0553,2025,0.0,0.0
S0554,2025,0.0,0.0
S0555,2025,0.0,0.0
S0556,2025,0.0,0.0
S0558,2025,0.0,0.0
S0559,2025,0.0,0.0
S0560,2025,0.0,0.0
S0561,2025,0.0,0.0
S0562,2025,0.0,0.0
S0563,2025,0.0,0.0
S0564,2025,0.0,0.0
S0565,2025,0.0,0.0
S0566,2025,0.0,0.0
S0567,2025,0.0,0.0
S0569,2025,0.0,0.0
S0571,2025,0.0,0.0
S0573,2025,0.0,0.0
S0576,2025,0.0,0.0
S0587,2025,0.0,0.0
S0590,2025,0.0,0.0
S0592,2025,0.0,0.0
S0595,2025,0.0,0.0
S0596,2025,0.0,0.0
S0597,2025,0.0,0.0
S0599,2025,0.0,0.0
S0602,2025,0.0,0.0
S0603,2025,0.0,0.0
S0605,2025,0.0,0.0
S0607,2025,0.0,0.0
S0608,2025,0.0,0.0
S0610,2025,0.0,0.0
S0611,2025,1.014285683631897,0.2629314907633675
S0612,2025,0.6142306923866272,0.012347384006570246
S0614,2025,0.0,0.0
S0615,2025,0.5314815044403076,0.048868179846605415
S0617,2025,0.8379310369491577,0.05239446080575777
S0618,2025,0.0,0.0
S0620,2025,0.0,0.0
S0623,2025,0.0,0.0
S0624,2025,0.0,0.0
S0627,2025,0.0,0.0
S0628,2025,0.0,0.0
S0629,2025,0.7808000445365906,0.05470010312084271
S0630,2025,0.0,0.0
S0631,2025,0.0,0.0
S0632,2025,0.0,0.0
S0633,2025,0.0,0.0
S0634,2025,0.0,0.0
S0635,2025,0.0,0.0
S0636,2025,0.0,0.0
S0637,2025,0.0,0.0
S0638,2025,0.0,0.0
S0639,2025,0.0,0.0
S0640,2025,0.0,0.0
S0643,2025,0.0,0.0
S0644,2025,0.0,0.0
S0645,2025,0.0,0.0
S0646,2025,0.0,0.0
S0648,2025,0.0,0.0
S0650,2025,0.0,0.0
S0651,2025,0.0,0.0
S0652,2025,0.0,0.0
S0653,2025,3.547930955886841,0.5781136928580877
S0654,2025,0.0,0.0
S0655,2025,0.828999936580658,0.02831745317683852
S0656,2025,2.5755555629730225,1.1171188894208972
S0657,2025,3.7061290740966797,1.8429317253051571
S0658,2025,1.5199998617172241,0.23930650292183822
S0659,2025,0.0,0.0
S0660,2025,1.3653571605682373,0.8435347303888264
S0661,2025,1.2334482669830322,0.7867568720231845
S0662,2025,0.0,0.0
S0663,2025,0.0,0.0
S0664,2025,1.5633333921432495,0.9614496772231472
S0665,2025,0.6875,0.030305415617128472
S0666,2025,0.0,0.0
S0667,2025,1.718000054359436,0.21386364791834242
S0668,2025,1.5633333921432495,0.5024972819878264
S0669,2025,0.0,0.0
S0670,2025,1.718000054359436,0.7398925428302143
S0671,2025,0.0,0.0
S0672,2025,0.0,0.0
S0673,2025,0.0,0.0
S0674,2025,1.5633333921432495,0.4286253627619799
S0675,2025,1.7120000123977661,0.8747788688264424
S0676,2025,1.5633333921432495,0.527414199506716
S0677,2025,0.8833333253860474,0.14557425453135717
S0678,2025,1.7120000123977661,0.4436651863267833
S0679,2025,1.4080770015716553,0.7773307251129521
S0680,2025,0.9959259629249573,0.1605447344341721
S0681,2025,0.9959259629249573,0.3038166962323348
S0682,2025,1.6279999017715454,0.6529279546791669
S0683,2025,1.718000054359436,1.0438078132307402
S0684,2025,1.5633333921432495,0.8490420178775507
S0685,2025,1.5633333921432495,0.9260961537286052
S0686,2025,1.6279999017715454,1.2153115267454828
S0687,2025,1.5633333921432495,0.901542496291224
S0688,2025,1.4080770015716553,0.3390602105412137
S0689,2025,1.4080770015716553,0.8184978811056247
S0690,2025,0.0,0.0
S0693,2025,0.0,0.0
S0696,2025,0.0,0.0
S0697,2025,0.0,0.0
S0699,2025,0.0,0.0
S0700,2025,0.0,0.0
S0701,2025,0.0,0.0
S0702,2025,0.0,0.0
S0703,2025,0.0,0.0
S0704,2025,0.0,0.0
S0705,2025,0.0,0.0
S0706,2025,1.2007406949996948,0.20040995416944227
S0707,2025,0.0,0.0
S0708,2025,1.326296329498291,0.11850318320137687
S0709,2025,2.0442306995391846,1.189936761072629
S0710,2025,1.5525925159454346,0.38278825394634025
S0712,2025,0.0,0.0
S0713,2025,2.0442306995391846,1.317372282265122
S0714,2025,0.0,0.0
S0715,2025,0.7622580528259277,0.07852118299621091
S0716,2025,0.0,0.0
S0717,2025,0.8722221851348877,0.022817600852003014
S0719,2025,0.0,0.0
S0720,2025,1.5525925159454346,0.8582238771086806
S0721,2025,1.5525925159454346,0.8095705467201431
S0723,2025,1.5525925159454346,0.2560309657074135
S0724,2025,0.8641666769981384,0.01641487657011043
S0725,2025,0.0,0.0
S0726,2025,0.0,0.0
S0732,2025,0.0,0.0
S0733,2025,0.0,0.0
S0734,2025,0.0,0.0
S0735,2025,0.981874942779541,0.3721937746650374
S0736,2025,2.0442306995391846,1.151354603492757
S0740,2025,0.0,0.0
S0742,2025,0.0,0.0
S0743,2025,0.0,0.0
S0744,2025,0.659600019454956,0.013498111114243719
S0746,2025,0.0,0.0
S0747,2025,0.0,0.0
S0748,2025,0.0,0.0
S0750,2025,0.0,0.0
S0751,2025,0.0,0.0
S0752,2025,0.923636257648468,0.13299203626084732
S0753,2025,0.981874942779541,0.3314936657527889
S0754,2025,0.981874942779541,0.3691372046132725
S0755,2025,0.981874942779541,0.17436936119067598
S0756,2025,1.537647008895874,0.35817691020974574
S0757,2025,2.919374942779541,1.5966986481766554
S0758,2025,1.1321874856948853,0.5571160821953671
S0759,2025,0.7272000312805176,0.0381718447696011
S0760,2025,2.6969997882843018,1.527522451175351
S0761,2025,11.569642066955566,4.2777524070751705
S0762,2025,11.569642066955566,4.041602383481064
S0763,2025,3.0871875286102295,1.436838873343429
S0764,2025,10.98482894897461,2.0641448157655318
S0765,2025,8.602666854858398,4.072009439453437
S0766,2025,2.6969997882843018,1.3292195692111723
S0767,2025,1.4553571939468384,0.9763547369803937
S0768,2025,3.3927996158599854,0.9878670699929518
S0769,2025,1.1341935396194458,0.282412648726636
S0770,2025,1.8719356060028076,1.241216368495293
S0771,2025,1.6506249904632568,0.9067474172737615
S0772,2025,3.6812899112701416,1.2388245189092688
S0773,2025,4.790999889373779,2.0735894014949037
S0774,2025,1.8719356060028076,1.3233540188783985
S0775,2025,0.9483999609947205,0.11585869421664358
S0776,2025,1.8719356060028076,1.1939284774763832
S0777,2025,2.095588207244873,1.3951554172552179
S0778,2025,1.0240740776062012,0.0772232378241401
S0779,2025,4.930322647094727,3.413201877754387
S0780,2025,5.76296329498291,4.13505222166065
S0781,2025,5.76296329498291,3.6915571418420483
S0792,2025,1.014285683631897,0.4434413820346371
S0796,2025,0.0,0.0
S0797,2025,1.1408333778381348,0.16017408155080842
S0798,2025,0.0,0.0
S0799,2025,0.0,0.0
S0800,2025,0.0,0.0
S0801,2025,0.0,0.0
S0803,2025,0.0,0.0
S0804,2025,0.0,0.0
S0805,2025,0.0,0.0
S0808,2025,0.0,0.0
S0809,2025,0.0,0.0
S0813,2025,0.0,0.0
S0814,2025,0.0,0.0
S0815,2025,0.0,0.0
S0816,2025,0.0,0.0
S0817,2025,1.0174286365509033,0.16417879545568523
S0818,2025,0.0,0.0
S0819,2025,0.0,0.0
S0820,2025,0.0,0.0
S0822,2025,0.49694448709487915,0.08612297604159715
S0823,2025,0.4397297501564026,0.013254020726849185
S0824,2025,0.0,0.0
S0825,2025,1.5077778100967407,0.9537707323565278
S0826,2025,0.0,0.0
S0828,2025,1.0174286365509033,0.6027699584567437
S0829,2025,0.0,0.0
S0831,2025,0.0,0.0
S0832,2025,0.0,0.0
S0833,2025,0.0,0.0
S0834,2025,0.0,0.0
S0835,2025,0.0,0.0
S0836,2025,0.0,0.0
S0837,2025,0.0,0.0
S0839,2025,0.0,0.0
S0840,2025,0.0,0.0
S0841,2025,0.0,0.0
S0843,2025,0.3724138140678406,0.027919354316880144
S0845,2025,0.0,0.0
S0846,2025,0.0,0.0
S0847,2025,0.0,0.0
S0848,2025,0.0,0.0
S0849,2025,0.0,0.0
S0850,2025,0.0,0.0
S0851,2025,0.0,0.0
S0852,2025,0.0,0.0
S0854,2025,0.0,0.0
S0856,2025,0.8472413420677185,0.0744227989294326
S0857,2025,0.0,0.0
S0858,2025,0.0,0.0
S0860,2025,0.0,0.0
S0861,2025,0.0,0.0
S0862,2025,0.8472413420677185,0.3333359353683675
S0863,2025,0.0,0.0
S0864,2025,0.0,0.0
S0865,2025,0.0,0.0
S0866,2025,0.0,0.0
S0867,2025,0.0,0.0
S0868,2025,18.823333740234375,5.288666027071785
S0870,2025,0.8472413420677185,0.05356264555270394
S0871,2025,0.0,0.0
S0872,2025,1.0125925540924072,0.49887563124508927
S0873,2025,0.9596666097640991,0.36914155788743014
S0874,2025,4.260333061218262,1.3064325431478028
S0875,2025,0.8472413420677185,0.24127124612041326
S0876,2025,0.0,0.0
S0879,2025,0.9596666097640991,0.35393206180918735
S0881,2025,22.96212387084961,6.133147528385697
S0882,2025,1.8919358253479004,0.10719329471441048
S0883,2025,22.96212387084961,6.986008648500456
S0885,2025,1.3757144212722778,0.8829018395335698
S0886,2025,0.64781254529953,0.10480895198713569
S0887,2025,0.0,0.0
S0888,2025,0.0,0.0
S0889,2025,1.2571429014205933,0.3622359043473769
S0890,2025,9.958436965942383,3.917983562306295
S0891,2025,22.96212387084961,6.563189303893684
S0892,2025,1.4957693815231323,0.6345283698998218
S0893,2025,10.120001792907715,3.7359959674232694
S0894,2025,5.35451602935791,2.1635139625431794
S0895,2025,9.958436965942383,2.497296130336018
S0896,2025,22.96212387084961,6.8237452391100355
S0897,2025,22.96212387084961,8.102766986853496
S0898,2025,22.96212387084961,2.2561930556556065
S0899,2025,18.823333740234375,3.921648181942189
S0900,2025,0.0,0.0
S0902,2025,0.0,0.0
S0903,2025,0.0,0.0
S0904,2025,0.0,0.0
S0905,2025,0.0,0.0
S0906,2025,0.0,0.0
S0907,2025,0.0,0.0
S0908,2025,0.0,0.0
S0909,2025,0.0,0.0
S0910,2025,0.0,0.0
S0912,2025,0.0,0.0
S0914,2025,0.43179482221603394,0.00581496315543046
S0915,2025,0.7361764311790466,0.04485399353929663
S0916,2025,0.0,0.0
S0917,2025,0.43179482221603394,0.03100690319456625
S0918,2025,0.0,0.0
S0919,2025,0.0,0.0
S0920,2025,0.0,0.0
S0921,2025,0.0,0.0
S0922,2025,0.0,0.0
S0924,2025,0.0,0.0
S0925,2025,0.0,0.0
S0926,2025,0.0,0.0
S0927,2025,0.0,0.0
S0928,2025,0.0,0.0
S0929,2025,0.0,0.0
S0930,2025,0.0,0.0
S0931,2025,0.7905882000923157,0.35899085488225274
S0934,2025,0.0,0.0
S0936,2025,0.0,0.0
S0938,2025,0.0,0.0
S0939,2025,0.0,0.0
S0940,2025,0.0,0.0
S0941,2025,0.0,0.0
S0942,2025,0.0,0.0
S0943,2025,0.0,0.0
S0944,2025,0.7905882000923157,0.4100636327262961
S0945,2025,0.0,0.0
S0946,2025,0.917272686958313,0.3783711365237715
S0949,2025,0.0,0.0
S0950,2025,0.0,0.0
S0951,2025,0.5822581052780151,0.17017521561410057
S0952,2025,0.0,0.0
S0953,2025,0.0,0.0
S0954,2025,0.546000063419342,0.10521252212382186
S0955,2025,0.0,0.0
S0956,2025,1.0531035661697388,0.39951408998378213
S0957,2025,0.917272686958313,0.1821028863960225
S0958,2025,5.716000080108643,2.9318924510123394
S0959,2025,0.9403225779533386,0.25945661097466194
S0960,2025,0.0,0.0
S0961,2025,0.0,0.0
S0962,2025,0.0,0.0
S0963,2025,1.2451852560043335,0.6109167669179305
S0964,2025,1.0531035661697388,0.5454528108941615
S0965,2025,0.0,0.0
S0966,2025,0.6345160603523254,0.07993590957220344
S0967,2025,5.96299934387207,1.62345571517195
S0968,2025,1.93666672706604,1.2563197165587523
S0969,2025,4.922257900238037,1.7530792581108878
S0970,2025,1.2635999917984009,0.7727789142315491
S0971,2025,1.2971999645233154,0.7754541085632889
S0972,2025,0.9989285469055176,0.3911492819028557
S0973,2025,3.997241497039795,2.048696982726203
S0974,2025,1.2635999917984009,0.7591908261226636
S0975,2025,1.2635999917984009,0.5563838471439565
S0976,2025,2.1464285850524902,1.337268444437966
S0977,2025,0.7446667551994324,0.12767889292262566
S0978,2025,18.823333740234375,3.8381826835032595
S0979,2025,1.4239284992218018,0.673979159023126
S0980,2025,4.484333515167236,1.8753289041715169
S0981,2025,2.1464285850524902,1.5088427148719623
S0982,2025,10.120001792907715,3.2283487169950322
S0983,2025,1.6710344552993774,0.47633590930162517
S0984,2025,9.027499198913574,4.4969271658169445
S0985,2025,9.027499198913574,3.67830554515301
S0986,2025,0.0,0.0
S0987,2025,0.0,0.0
S0988,2025,0.0,0.0
S0989,2025,3.690345048904419,2.2395418194249803
S0990,2025,0.6722580194473267,0.034765077358051046
S0991,2025,9.027499198913574,3.409166182427804
S0992,2025,3.873076915740967,0.838314531163126
S0993,2025,2.315714120864868,0.820694730518303
S0994,2025,9.027499198913574,3.8062066045545393
S0995,2025,1.871999979019165,1.0995013076322875
S0996,2025,9.027499198913574,4.92630518171007
S0997,2025,0.0,0.0
S0998,2025,0.0,0.0
S1000,2025,0.0,0.0
S1002,2025,1.3868967294692993,0.46277158747527525
S1003,2025,2.315714120864868,1.3772309849787163
S1004,2025,1.3868967294692993,0.7321578152687946
S1005,2025,1.3868967294692993,0.7207269777477592
S1006,2025,2.082058906555176,1.1204639078307324
S1007,2025,4.786296844482422,1.4445876905190227
S1008,2025,0.0,0.0
S1010,2025,2.315714120864868,0.8052520732165801
S1011,2025,0.0,0.0
S1015,2025,0.0,0.0
S1016,2025,0.0,0.0
S1018,2025,0.0,0.0
S1019,2025,1.0525805950164795,0.21249604941982478
S1020,2025,0.0,0.0
S1021,2025,0.0,0.0
S1022,2025,0.0,0.0
S1023,2025,0.3921874463558197,0.01894077586626303
S1024,2025,0.0,0.0
S1025,2025,0.3921874463558197,0.025018594928046138
S1026,2025,0.0,0.0
S1027,2025,0.0,0.0
S1028,2025,0.0,0.0
S1029,2025,0.0,0.0
S1030,2025,0.0,0.0
S1031,2025,0.0,0.0
S1032,2025,0.0,0.0
S1033,2025,0.0,0.0
S1034,2025,1.0525805950164795,0.023008322997547046
S1035,2025,0.0,0.0
S1036,2025,0.0,0.0
S1037,2025,0.6326923370361328,0.15788382303950405
S1038,2025,0.0,0.0
S1039,2025,0.356128990650177,0.02520674972970247
S1040,2025,0.6326923370361328,0.14764695196503008
S1041,2025,0.0,0.0
S1042,2025,0.0,0.0
S1043,2025,0.356128990650177,0.016532964434198934
S1044,2025,0.0,0.0
S1045,2025,0.0,0.0
S1046,2025,0.0,0.0
S1047,2025,0.6326923370361328,0.006344167391459148
S1048,2025,0.0,0.0
S1049,2025,0.0,0.0
S1050,2025,0.0,0.0
S1052,2025,0.0,0.0
S1053,2025,0.0,0.0
S1054,2025,0.0,0.0
S1055,2025,0.0,0.0
S1059,2025,0.0,0.0
S1060,2025,35.679656982421875,5.22833172528861
S1064,2025,0.0,0.0
S1066,2025,10.74333381652832,3.969819688466487
S1067,2025,9.602962493896484,5.171531550861824
S1068,2025,10.010713577270508,5.0475983210972375
S1069,2025,3.11214280128479,1.6417533121488925
S1070,2025,1.6254838705062866,0.6804503466142621
S1071,2025,5.617857933044434,2.4348422781736074
S1072,2025,0.0,0.0
S1073,2025,0.0,0.0
S1074,2025,0.5120689868927002,0.004672750352387761
S1076,2025,1.4080770015716553,0.5317192021798353
S1078,2025,6.2123332023620605,2.606839926834743
S1079,2025,9.502142906188965,2.856376932997027
S1080,2025,7.873214244842529,3.43945570791786
S1081,2025,13.35285758972168,4.916482770382945
S1083,2025,1.2299998998641968,0.5610419632732003
S1091,2025,0.0,0.0
S1092,2025,0.0,0.0
S1093,2025,0.0,0.0
S1094,2025,0.0,0.0
S1097,2025,0.0,0.0
S1102,2025,1.574814796447754,0.5237633235687308
S1103,2025,0.27424243092536926,0.020367469278299754
S1106,2025,0.0,0.0
S1110,2025,0.0,0.0
S1114,2025,0.0,0.0
S1115,2025,0.4409090578556061,0.1303835583260232
S1116,2025,0.0,0.0
S1117,2025,0.0,0.0
S1118,2025,0.0,0.0
S1119,2025,0.0,0.0
S1120,2025,0.0,0.0
S1121,2025,0.0,0.0
S1122,2025,7.413077354431152,2.887723197162245
S1127,2025,21.80047607421875,11.426434476124614
S1128,2025,0.0,0.0
S1130,2025,0.0,0.0
S1133,2025,0.0,0.0
S1135,2025,1.514347791671753,0.4362198749477376
S1136,2025,1.5077778100967407,0.6866834242889501
S1137,2025,0.0,0.0
S1138,2025,3.457353115081787,1.292279934512926
S1139,2025,110.78889465332031,53.598713290975915
S1140,2025,28.19099998474121,19.02801511005302
S1141,2025,0.0,0.0
S1142,2025,25.999998092651367,15.712514595368646
S1143,2025,63.38947677612305,40.245033482416964
S1144,2025,10.137776374816895,5.440577949935164
S1145,2025,0.9558064341545105,0.5506400406360626
S1146,2025,2.7883336544036865,1.959989049857602
S1147,2025,13.834571838378906,6.865457419597991
S1148,2025,1.8044118881225586,0.7273741816329776
S1149,2025,13.834571838378906,3.529580518251551
S1150,2025,2.6778788566589355,1.6123398524906423
S1151,2025,1.2845945358276367,0.23356089078069595
S1152,2025,2.6778788566589355,1.4085207096205319
S1153,2025,2.8276922702789307,1.8468668028482595
S1154,2025,8.219600677490234,4.643445439033365
S1155,2025,1.9503998756408691,0.8497901250095541
S1156,2025,35.679656982421875,14.005247060043269
S1157,2025,35.679656982421875,11.892430101282988
S1158,2025,35.679656982421875,10.62192795141321
S1159,2025,13.3125,7.37445135721966
S1160,2025,19.043636322021484,6.150925177572963
S1161,2025,9.700417518615723,4.419005242015417
S1162,2025,9.700417518615723,4.199646755496224
S1163,2025,10.531379699707031,3.9085353906533435
S1164,2025,30.435518264770508,16.74069702942817
S1165,2025,30.435518264770508,18.283949362056774
S1166,2025,6.3947367668151855,3.5381375609857404
S1167,2025,6.984760761260986,4.578801826813324
S1168,2025,27.096363067626953,14.89989663320315
S1169,2025,8.930909156799316,5.918009680370949
S1170,2025,110.78889465332031,46.67671852072842
S1171,2025,50.87158203125,32.71925064275131
S1172,2025,36.220497131347656,30.456721170290454
S1173,2025,50.87158203125,38.160521207502825
S1174,2025,42.19190216064453,27.153711571069902
S1175,2025,110.78889465332031,55.337663309871964
S1176,2025,62.73149490356445,30.28012620096492
S1177,2025,62.73149490356445,36.70888337053299
S1178,2025,74.97789764404297,48.44868208122434
S1179,2025,74.97789764404297,49.64195504721015
S1180,2025,38.31541442871094,20.95214069460837
S1181,2025,19.403226852416992,7.097737582347121
S1182,2025,35.679656982421875,10.350867491404015
S1183,2025,2.9719998836517334,2.1991678146255844
S1184,2025,28.39555549621582,10.046524275650496
S1185,2025,3.5846152305603027,2.148618695202538
S1186,2025,3.5846152305603027,1.4716621527674816
S1187,2025,13.35285758972168,7.337554101079177
S1188,2025,3.2700002193450928,1.8776821047302013
S1189,2025,0.0,0.0
S1190,2025,1.1216213703155518,0.7233853399641321
S1191,2025,0.0,0.0
S1192,2025,0.0,0.0
S1193,2025,0.0,0.0
S1194,2025,0.0,0.0
S1195,2025,14.8258056640625,4.793880960349008
S1198,2025,0.0,0.0
S1203,2025,0.0,0.0
S1205,2025,0.0,0.0
S1207,2025,0.0,0.0
S1208,2025,0.0,0.0
S1209,2025,0.0,0.0
S1210,2025,0.0,0.0
S1211,2025,0.0,0.0
S1212,2025,0.0,0.0
S1213,2025,0.7107317447662354,0.17730593512802054
S1214,2025,0.7107317447662354,0.25250868016565353
S1215,2025,0.0,0.0
S1216,2025,0.0,0.0
S1217,2025,0.0,0.0
S1220,2025,0.0,0.0
S1221,2025,0.0,0.0
S1222,2025,0.5274073481559753,0.08453283436739
S1223,2025,0.0,0.0
S1224,2025,0.0,0.0
S1226,2025,0.0,0.0
S1227,2025,0.0,0.0
S1228,2025,0.0,0.0
S1229,2025,0.0,0.0
S1230,2025,0.0,0.0
S1231,2025,0.0,0.0
S1232,2025,0.0,0.0
S1233,2025,0.5430768728256226,0.007624786795770373
S1235,2025,0.3837142884731293,0.00540442659821309
S1236,2025,0.4740000367164612,0.11892543619431359
S1238,2025,0.6233333945274353,0.0731339137358106
S1240,2025,0.0,0.0
S1241,2025,0.0,0.0
S1242,2025,0.4740000367164612,0.11733318108318362
S1243,2025,0.0,0.0
S1244,2025,0.0,0.0
S1245,2025,0.0,0.0
S1247,2025,0.5430768728256226,0.19024945894441683
S1248,2025,0.5430768728256226,0.0752670694585119
S1249,2025,0.5430768728256226,0.23344972421383037
S1250,2025,1.3343334197998047,0.34104253588148126
S1251,2025,0.0,0.0
S1252,2025,0.0,0.0
S1253,2025,0.0,0.0
S1254,2025,0.0,0.0
S1255,2025,0.0,0.0
S1256,2025,0.0,0.0
S1257,2025,0.0,0.0
S1259,2025,0.0,0.0
S1262,2025,0.0,0.0
S1263,2025,0.0,0.0
S1264,2025,0.0,0.0
S1265,2025,0.0,0.0
S1266,2025,0.0,0.0
S1267,2025,0.0,0.0
S1268,2025,0.0,0.0
S1270,2025,0.0,0.0
S1271,2025,0.0,0.0
S1272,2025,0.0,0.0
S1273,2025,0.0,0.0
S1274,2025,0.0,0.0
S1275,2025,0.0,0.0
S1278,2025,0.0,0.0
S1279,2025,1.3200000524520874,0.10829711246535367
S1282,2025,0.0,0.0
S1283,2025,0.0,0.0
S1286,2025,0.0,0.0
S1287,2025,0.0,0.0
S1288,2025,0.0,0.0
S1289,2025,0.0,0.0
S1290,2025,0.0,0.0
S1291,2025,0.0,0.0
S1292,2025,0.7122727036476135,0.0318765493214018
S1293,2025,0.0,0.0
S1294,2025,1.5659091472625732,0.39231782426705236
S1295,2025,0.5647618770599365,0.028301291874519775
S1296,2025,0.0,0.0
S1297,2025,0.0,0.0
S1299,2025,0.0,0.0
S1300,2025,0.0,0.0
S1302,2025,0.0,0.0
S1304,2025,0.5233333706855774,0.023716318584866263
S1305,2025,0.0,0.0
S1306,2025,1.0739129781723022,0.133169965059495
S1307,2025,0.0,0.0
S1308,2025,0.0,0.0
S1309,2025,0.0,0.0
S1310,2025,0.6795833110809326,0.06111481649925859
S1311,2025,0.0,0.0
S1312,2025,0.0,0.0
S1313,2025,0.0,0.0
S1314,2025,1.4290908575057983,0.28661547849731983
S1315,2025,0.0,0.0
S1316,2025,1.5659091472625732,0.415888916088766
S1317,2025,0.0,0.0
S1318,2025,1.8344999551773071,0.48436564630815615
S1319,2025,30.418182373046875,12.349632924785764
S1320,2025,2.9808332920074463,1.7644897888743523
S1321,2025,3.0273683071136475,0.9263763406306028
S1323,2025,1.902580738067627,0.9557290763262305
S1324,2025,4.361891269683838,2.040764396132328
S1325,2025,3.0707695484161377,1.6687430450359535
S1326,2025,4.75217342376709,2.6221156904463347
S1327,2025,6.462142467498779,4.004029082195811
S1328,2025,9.853549003601074,5.306570092122738
S1329,2025,24.270397186279297,10.57524158055862
S1330,2025,24.270397186279297,12.87048403407057
S1331,2025,13.622962951660156,2.9583674328936396
S1332,2025,3.2360000610351562,1.5163722580759327
S1333,2025,1.06208336353302,0.7075685145191928
S1334,2025,3.325861930847168,1.6752466904262864
S1335,2025,3.325861930847168,1.6814466371253551
S1336,2025,3.325861930847168,1.604126983639279
S1337,2025,3.2389285564422607,1.1458944853449078
S1338,2025,1.7203569412231445,0.7950979018413606
S1339,2025,24.270397186279297,6.602092098491617
S1340,2025,12.604166984558105,4.103103038578775
S1341,2025,12.604166984558105,3.0002352305456963
S1342,2025,7.742962837219238,2.7313141952276383
S1343,2025,4.682307720184326,1.4341085936315243
S1344,2025,3.3446156978607178,1.085250675210399
S1345,2025,3.1240739822387695,1.5841979132953519
S1346,2025,1.7819230556488037,1.0427330626674256
S1347,2025,1.7819230556488037,1.0981711821103852
S1348,2025,3.1284003257751465,1.83339354175004
S1349,2025,2.1543478965759277,0.9826577613554471
S1350,2025,3.1284003257751465,1.6063657455766218
S1351,2025,3.1284003257751465,1.3827663355357556
S1352,2025,3.1284003257751465,1.1781927827133778
S1353,2025,3.1284003257751465,1.456099130589647
S1354,2025,2.1543478965759277,1.1264032112836981
S1355,2025,1.8386956453323364,1.1417262653572178
S1356,2025,0.43179482221603394,0.03451651400159519
S1357,2025,0.0,0.0
S1359,2025,22.190000534057617,9.866257353944885
S1361,2025,5.2731428146362305,0.9599121002941667
S1364,2025,0.0,0.0
S1365,2025,1.483055591583252,0.8933827068044369
S1366,2025,0.0,0.0
S1367,2025,0.0,0.0
S1370,2025,0.0,0.0
S1372,2025,4.682307720184326,2.118310715449595
S1373,2025,6.2123332023620605,2.637506662484754
S1374,2025,1.744642972946167,1.2615943919154917
S1375,2025,2.8457143306732178,1.9386937481525437
S1376,2025,0.0,0.0
S1377,2025,2.6678786277770996,1.2933548234655536
S1378,2025,3.619999885559082,1.4463622051907183
S1379,2025,1.3251851797103882,0.4377679734382844
S1380,2025,3.065999984741211,1.9950094864933035
S1381,2025,5.205000400543213,3.069073880659318
S1382,2025,9.08642864227295,3.3840873211211955
S1383,2025,13.193846702575684,6.547323529335181
S1384,2025,7.2534613609313965,2.9263206095175636
S1385,2025,13.193846702575684,3.5577582948581625
S1386,2025,3.991025447845459,1.765897206962108
S1387,2025,6.57111120223999,2.2951427173621997
S1388,2025,9.08642864227295,2.5588114709222225
S1389,2025,9.08642864227295,3.5581958816460695
S1390,2025,9.08642864227295,3.5063510342573467
S1391,2025,3.7492594718933105,2.3641085794136965
S1392,2025,7.0004353523254395,4.349294510438926
S1393,2025,14.335357666015625,6.910475869685916
S1394,2025,14.335357666015625,6.078339195161862
S1395,2025,27.041112899780273,9.253740915267855
S1396,2025,7.1157684326171875,4.309955766712984
S1397,2025,12.713077545166016,5.217133724368404
S1398,2025,2.329230785369873,1.5924415462227568
S1399,2025,12.713077545166016,5.885688296687518
S1400,2025,12.713077545166016,6.093739509769545
S1401,2025,8.02407455444336,3.265047077036848
S1402,2025,1.7192307710647583,0.9777619882049847
S1403,2025,20.10666847229004,6.127104784478216
S1404,2025,5.301904678344727,1.8113405025169662
S1405,2025,23.326086044311523,7.040876470559824
S1406,2025,4.877273082733154,1.8627095698712206
S1407,2025,17.41318130493164,6.375189286395438
S1408,2025,6.150370121002197,2.113891715426249
S1409,2025,10.501153945922852,2.958650916056403
S1410,2025,16.985239028930664,11.380011406506334
S1411,2025,4.645454406738281,1.9554581843010883
S1412,2025,4.645454406738281,2.0195992633634727
S1413,2025,1.4541380405426025,0.8376969460682536
S1414,2025,30.278181076049805,7.597086754525342
S1415,2025,20.34666633605957,1.8196770721878337
S1416,2025,20.067914962768555,6.564427113674848
S1417,2025,24.14499855041504,13.846785570950107
S1418,2025,24.14499855041504,12.545657061393408
S1419,2025,30.393333435058594,17.083119451700142
S1420,2025,28.98333168029785,8.834839608751492
S1421,2025,1.8148001432418823,0.5422083535166023
S1422,2025,1.0699999332427979,0.02451562276460174
S1423,2025,1.3429166078567505,0.1651895095127108
S1424,2025,4.98090934753418,2.1058434648818354
S1425,2025,28.570499420166016,9.401273818610042
S1426,2025,20.665555953979492,4.059053257644421
S1427,2025,3.3283333778381348,1.6071456778113058
S1428,2025,0.0,0.0
S1435,2025,0.810606062412262,0.4994553424931563
S1436,2025,1.0419354438781738,0.19490287835457307
S1437,2025,2.6170268058776855,0.9399808072162873
S1441,2025,3.7760000228881836,1.9048318282406238
S1442,2025,1.290769100189209,0.6384973674965774
S1443,2025,2.977142810821533,1.1309379864566331
S1444,2025,2.813214063644409,1.198037940396702
S1446,2025,4.39310359954834,1.854727841239778
S1447,2025,4.114166736602783,2.2968685445887296
S0001,2025,0.0,0.0
S0002,2025,0.0,0.0
S0003,2025,0.0,0.0
S0005,2025,0.45625004172325134,0.03904439735255793
S0006,2025,1.4915151596069336,0.7834757940284909
S0008,2025,0.0,0.0
S0013,2025,0.0,0.0
S0014,2025,0.76666659116745,0.2980924557482627
S0025,2025,0.0,0.0
S0027,2025,0.0,0.0
S0031,2025,0.0,0.0
S0032,2025,0.0,0.0
S0039,2025,0.0,0.0
S0043,2025,0.0,0.0
S0046,2025,0.0,0.0
S0047,2025,0.0,0.0
S0061,2025,0.0,0.0
S0064,2025,0.7265385389328003,0.03661546904898289
S0065,2025,0.0,0.0
S0067,2025,0.5177777409553528,0.015711473891562376
S0068,2025,0.0,0.0
S0071,2025,0.0,0.0
S0097,2025,0.0,0.0
S0100,2025,0.0,0.0
S0103,2025,0.0,0.0
S0106,2025,0.0,0.0
S0108,2025,0.0,0.0
S0110,2025,0.0,0.0
S0112,2025,0.0,0.0
S0120,2025,0.0,0.0
S0122,2025,0.0,0.0
S0123,2025,0.0,0.0
S0127,2025,0.0,0.0
S0128,2025,0.0,0.0
S0129,2025,0.0,0.0
S0136,2025,0.0,0.0
S0142,2025,0.0,0.0
S0143,2025,0.0,0.0
S0144,2025,0.0,0.0
S0146,2025,0.0,0.0
S0147,2025,0.0,0.0
S0148,2025,0.0,0.0
S0161,2025,0.0,0.0
S0163,2025,0.0,0.0
S0167,2025,0.0,0.0
S0204,2025,0.7908695340156555,0.37125945026764645
S0206,2025,0.0,0.0
S0228,2025,0.511794924736023,0.01810096384589575
S0236,2025,1.1596295833587646,0.11253317888992377
S0237,2025,0.0,0.0
S0238,2025,0.0,0.0
S0264,2025,0.0,0.0
S0268,2025,0.45625004172325134,0.049619881509056614
S0270,2025,0.0,0.0
S0271,2025,0.0,0.0
S0278,2025,0.3855555057525635,0.055654248713248186
S0283,2025,1.610222339630127,0.7461246625127678
S0286,2025,0.4469047784805298,0.013595932417242064
S0288,2025,0.0,0.0
S0292,2025,0.0,0.0
S0299,2025,0.0,0.0
S0303,2025,0.0,0.0
S0304,2025,0.0,0.0
S0305,2025,0.0,0.0
S0306,2025,0.0,0.0
S0347,2025,0.0,0.0
S0376,2025,0.0,0.0
S0381,2025,0.0,0.0
S0382,2025,0.0,0.0
S0385,2025,0.0,0.0
S0398,2025,0.0,0.0
S0408,2025,0.6137037873268127,0.004818654109035904
S0409,2025,0.9177777171134949,0.3814161748673434
S0415,2025,0.0,0.0
S0425,2025,0.0,0.0
S0426,2025,0.0,0.0
S0427,2025,0.0,0.0
S0431,2025,0.0,0.0
S0435,2025,0.0,0.0
S0436,2025,0.0,0.0
S0437,2025,0.0,0.0
S0438,2025,0.0,0.0
S0439,2025,0.0,0.0
S0440,2025,0.0,0.0
S0441,2025,0.0,0.0
S0442,2025,0.0,0.0
S0446,2025,0.0,0.0
S0447,2025,0.0,0.0
S0448,2025,0.0,0.0
S0451,2025,0.0,0.0
S0452,2025,0.0,0.0
S0454,2025,0.0,0.0
S0457,2025,0.0,0.0
S0458,2025,0.0,0.0
S0461,2025,0.0,0.0
S0467,2025,0.0,0.0
S0468,2025,0.0,0.0
S0469,2025,0.0,0.0
S0473,2025,0.0,0.0
S0478,2025,0.0,0.0
S0479,2025,0.0,0.0
S0480,2025,0.0,0.0
S0481,2025,0.0,0.0
S0482,2025,0.0,0.0
S0483,2025,0.0,0.0
S0484,2025,0.0,0.0
S0485,2025,0.0,0.0
S0486,2025,0.0,0.0
S0489,2025,0.0,0.0
S0491,2025,0.0,0.0
S0494,2025,0.0,0.0
S0498,2025,0.0,0.0
S0502,2025,0.0,0.0
S0514,2025,0.0,0.0
S0517,2025,0.0,0.0
S0518,2025,0.0,0.0
S0519,2025,0.0,0.0
S0520,2025,0.6850000619888306,0.01674084501344502
S0521,2025,0.0,0.0
S0522,2025,0.0,0.0
S0523,2025,0.0,0.0
S0524,2025,0.0,0.0
S0525,2025,0.0,0.0
S0526,2025,0.0,0.0
S0527,2025,0.0,0.0
S0528,2025,0.0,0.0
S0529,2025,0.0,0.0
S0530,2025,0.0,0.0
S0531,2025,0.0,0.0
S0532,2025,0.0,0.0
S0534,2025,0.0,0.0
S0535,2025,0.0,0.0
S0536,2025,0.0,0.0
S0537,2025,0.0,0.0
S0538,2025,0.0,0.0
S0541,2025,0.0,0.0
S0542,2025,0.0,0.0
S0543,2025,0.0,0.0
S0545,2025,0.0,0.0
S0548,2025,0.0,0.0
S0549,2025,0.0,0.0
S0557,2025,0.0,0.0
S0568,2025,0.0,0.0
S0570,2025,0.0,0.0
S0572,2025,0.0,0.0
S0574,2025,0.0,0.0
S0575,2025,0.0,0.0
S0577,2025,0.0,0.0
S0578,2025,0.0,0.0
S0579,2025,0.0,0.0
S0580,2025,0.0,0.0
S0581,2025,0.0,0.0
S0582,2025,0.0,0.0
S0583,2025,0.0,0.0
S0584,2025,0.0,0.0
S0585,2025,0.0,0.0
S0586,2025,0.0,0.0
S0588,2025,0.0,0.0
S0589,2025,0.0,0.0
S0591,2025,0.0,0.0
S0593,2025,0.0,0.0
S0594,2025,0.0,0.0
S0598,2025,0.0,0.0
S0600,2025,0.0,0.0
S0601,2025,0.0,0.0
S0604,2025,0.0,0.0
S0606,2025,0.0,0.0
S0609,2025,0.0,0.0
S0613,2025,0.0,0.0
S0616,2025,0.0,0.0
S0619,2025,0.0,0.0
S0621,2025,0.0,0.0
S0622,2025,0.0,0.0
S0625,2025,0.0,0.0
S0626,2025,0.0,0.0
S0641,2025,0.0,0.0
S0642,2025,0.0,0.0
S0647,2025,0.0,0.0
S0649,2025,0.0,0.0
S0691,2025,0.0,0.0
S0692,2025,0.0,0.0
S0694,2025,0.0,0.0
S0695,2025,0.0,0.0
S0698,2025,0.45483869314193726,0.004709657004607446
S0711,2025,0.0,0.0
S0718,2025,0.0,0.0
S0722,2025,0.0,0.0
S0727,2025,0.0,0.0
S0728,2025,0.0,0.0
S0729,2025,0.0,0.0
S0730,2025,0.0,0.0
S0731,2025,0.0,0.0
S0737,2025,0.0,0.0
S0738,2025,0.0,0.0
S0739,2025,0.0,0.0
S0741,2025,0.0,0.0
S0745,2025,0.0,0.0
S0749,2025,0.0,0.0
S0782,2025,0.0,0.0
S0783,2025,0.0,0.0
S0784,2025,0.0,0.0
S0785,2025,0.0,0.0
S0786,2025,0.0,0.0
S0787,2025,0.0,0.0
S0788,2025,0.0,0.0
S0789,2025,0.0,0.0
S0790,2025,0.0,0.0
S0791,2025,0.0,0.0
S0793,2025,0.0,0.0
S0794,2025,0.0,0.0
S0795,2025,0.0,0.0
S0802,2025,0.0,0.0
S0806,2025,0.0,0.0
S0807,2025,0.7265385389328003,0.23572700247285505
S0810,2025,0.0,0.0
S0811,2025,0.0,0.0
S0812,2025,0.0,0.0
S0821,2025,0.0,0.0
S0827,2025,0.0,0.0
S0830,2025,0.0,0.0
S0838,2025,0.0,0.0
S0842,2025,0.0,0.0
S0844,2025,0.0,0.0
S0853,2025,0.5039999485015869,0.011489910257738187
S0855,2025,0.0,0.0
S0859,2025,0.0,0.0
S0869,2025,0.0,0.0
S0877,2025,0.0,0.0
S0878,2025,0.0,0.0
S0880,2025,0.0,0.0
S0884,2025,0.0,0.0
S0901,2025,0.0,0.0
S0911,2025,0.0,0.0
S0913,2025,0.0,0.0
S0923,2025,0.0,0.0
S0932,2025,0.0,0.0
S0933,2025,0.0,0.0
S0935,2025,0.0,0.0
S0937,2025,0.0,0.0
S0947,2025,0.0,0.0
S0948,2025,0.0,0.0
S0999,2025,0.0,0.0
S1001,2025,0.0,0.0
S1009,2025,0.0,0.0
S1012,2025,0.0,0.0
S1013,2025,0.0,0.0
S1014,2025,0.0,0.0
S1017,2025,0.0,0.0
S1051,2025,0.0,0.0
S1056,2025,0.0,0.0
S1057,2025,0.0,0.0
S1058,2025,0.0,0.0
S1061,2025,0.0,0.0
S1062,2025,0.0,0.0
S1063,2025,0.0,0.0
S1065,2025,0.0,0.0
S1075,2025,0.0,0.0
S1077,2025,0.0,0.0
S1082,2025,0.0,0.0
S1084,2025,0.0,0.0
S1085,2025,0.0,0.0
S1086,2025,0.0,0.0
S1087,2025,0.0,0.0
S1088,2025,0.0,0.0
S1089,2025,0.0,0.0
S1090,2025,0.0,0.0
S1095,2025,0.0,0.0
S1096,2025,0.76666659116745,0.30223724778610556
S1098,2025,0.76666659116745,0.1549542850820877
S1099,2025,0.0,0.0
S1100,2025,0.0,0.0
S1101,2025,0.76666659116745,0.07796597166623703
S1104,2025,0.0,0.0
S1105,2025,0.45625004172325134,0.04233043614918628
S1107,2025,0.0,0.0
S1108,2025,0.45625004172325134,0.03423429994843901
S1109,2025,0.0,0.0
S1111,2025,0.0,0.0
S1112,2025,0.0,0.0
S1113,2025,0.0,0.0
S1123,2025,0.0,0.0
S1124,2025,0.0,0.0
S1125,2025,0.0,0.0
S1126,2025,0.0,0.0
S1129,2025,0.0,0.0
S1131,2025,0.0,0.0
S1132,2025,0.0,0.0
S1134,2025,0.0,0.0
S1196,2025,0.0,0.0
S1197,2025,0.0,0.0
S1199,2025,0.0,0.0
S1200,2025,0.0,0.0
S1201,2025,0.0,0.0
S1202,2025,0.0,0.0
S1204,2025,0.0,0.0
S1206,2025,0.0,0.0
S1218,2025,0.0,0.0
S1219,2025,0.0,0.0
S1225,2025,0.0,0.0
S1234,2025,0.0,0.0
S1237,2025,0.0,0.0
S1239,2025,0.0,0.0
S1246,2025,0.0,0.0
S1258,2025,0.0,0.0
S1260,2025,0.0,0.0
S1261,2025,0.0,0.0
S1269,2025,0.0,0.0
S1276,2025,0.0,0.0
S1277,2025,0.0,0.0
S1280,2025,0.0,0.0
S1281,2025,0.0,0.0
S1284,2025,0.0,0.0
S1285,2025,0.0,0.0
S1298,2025,0.0,0.0
S1301,2025,0.0,0.0
S1303,2025,0.0,0.0
S1322,2025,1.9436111450195312,0.8480463172928223
S1358,2025,0.0,0.0
S1360,2025,0.0,0.0
S1362,2025,1.2938886880874634,0.7786176588040846
S1363,2025,1.424444317817688,0.7370746100606179
S1368,2025,0.5428571701049805,0.04131400107142322
S1369,2025,0.0,0.0
S1371,2025,0.0,0.0
S1429,2025,0.0,0.0
S1430,2025,0.0,0.0
S1431,2025,0.0,0.0
S1432,2025,1.0429999828338623,0.4071035546088735
S1433,2025,0.9809677004814148,0.1276098201781746
S1434,2025,0.8033332824707031,0.13917562163657338
S1438,2025,0.5203030109405518,0.1419821941357894
S1439,2025,1.394285798072815,0.7392089191544479
S1440,2025,0.0,0.0
S1445,2025,1.4546153545379639,0.5956428521982189
